grid_scope,cutoff,treatment_year,frontier_rank,candidate_id,candidate_label,subset_size,candidate_n,effective_n,clusters_left,clusters_right,tau_cl,tau_bc,se_rb,p_rb,ci_left,ci_right,robust_wald,candidate_type,team_review_eligible,treatment_var,tie_rule,support_rule,specification,analysis_n,treated_n,untreated_n,n_left,n_right,treated_left,untreated_left,treated_right,untreated_right,unique_left,unique_right,sign_conflicts,rounding_band_n,support_ok,attempted,estimation_rc,h_left,h_right,b_left,b_right,effective_left,effective_right,estimate_success
broad_atlas,ab,2007,1,dept_pair_05_07,Departments: CUSCO + HUANUCO,2,1004,113,55,49,.0556606839665259,.0784244398917223,.1223479804169402,.5215259517701666,-.1613731953066923,.3182220750901367,.4108745500439162,atlas_department_pair,0,treat_07,drop_rounding_band,adjacent_categories,p1_mserd,384,31,353,190,194,15,175,16,178,170,185,0,1,1,1,0,.0435588515728054,.0435588515728054,.0640326872889311,.0640326872889311,61,52,1
broad_atlas,ab,2007,2,dept_pair_07_15,Departments: HUANUCO + UCAYALI,2,1068,92,50,41,.058750209422501,.0734864430956016,.1214431396977138,.5451059932066668,-.164537736881384,.3115106230725871,.3661579609571516,atlas_department_pair,0,treat_07,drop_rounding_band,adjacent_categories,p1_mserd,367,26,341,198,169,12,186,14,155,177,161,0,0,1,1,0,.0375455908972082,.0375455908972082,.0549146308111699,.0549146308111699,50,42,1
broad_atlas,ab,2007,3,dept_pair_04_07,Departments: CAJAMARCA + HUANUCO,2,948,81,45,38,.0616804831940355,.0793292165938448,.131487787972521,.5462958084682802,-.1783821122391352,.3370405454268248,.3639950623583007,atlas_department_pair,0,treat_07,drop_rounding_band,adjacent_categories,p1_mserd,309,26,283,153,156,12,141,14,142,139,150,0,0,1,1,0,.0407607014537186,.0407607014537186,.0596562656676518,.0596562656676518,42,39,1
broad_atlas,ab,2007,4,dept_pair_02_07,Departments: APURIMAC + HUANUCO,2,1344,170,94,92,.0577036952498936,.0737948432025339,.1231559097782751,.5490404861399678,-.1675863044461496,.3151759908512173,.3590389085445224,atlas_department_pair,0,treat_07,drop_rounding_band,adjacent_categories,p1_mserd,612,55,557,273,339,19,254,36,303,232,313,0,1,1,1,0,.0439524641955817,.0439524641955817,.0618872471052288,.0618872471052288,103,67,1
broad_atlas,ab,2007,5,dept_pair_07_12,Departments: HUANUCO + PIURA,2,934,81,45,37,.0588626120823765,.0761520870155241,.1280848631211672,.5521483216130674,-.1748896316667061,.3271938056977542,.3534825693843603,atlas_department_pair,0,treat_07,drop_rounding_band,adjacent_categories,p1_mserd,314,26,288,157,157,12,145,14,143,142,151,0,0,1,1,0,.0403018619873843,.0403018619873843,.0595719687510804,.0595719687510804,42,39,1
broad_atlas,ab,2007,6,dept_07,Department: HUANUCO,1,858,87,44,36,.0601931791812797,.0773348870189276,.1303561062920952,.5530080703573423,-.178158386478454,.3328281605163093,.3519558201639945,atlas_department,0,treat_07,drop_rounding_band,adjacent_categories,p1_mserd,306,26,280,152,154,12,140,14,140,138,148,0,0,1,1,0,.0429930557547455,.0429930557547455,.061790856348363,.061790856348363,45,42,1
broad_atlas,ab,2007,7,dept_pair_07_09,Departments: HUANUCO + LA LIBERTAD,2,876,87,44,36,.0601931791812797,.0773348870189276,.1303561062920952,.5530080703573423,-.178158386478454,.3328281605163093,.3519558201639945,atlas_department_pair,0,treat_07,drop_rounding_band,adjacent_categories,p1_mserd,306,26,280,152,154,12,140,14,140,138,148,0,0,1,1,0,.0429930557547455,.0429930557547455,.061790856348363,.061790856348363,45,42,1
broad_atlas,ab,2007,8,dept_pair_07_13,Departments: HUANUCO + PUNO,2,1084,116,67,57,.0452595000012747,.0554874792493771,.0935985793971145,.5532989798846788,-.12796236537308,.2389373238718341,.3514402318527426,atlas_department_pair,0,treat_07,drop_rounding_band,adjacent_categories,p1_mserd,423,28,395,206,217,12,194,16,201,179,209,0,0,1,1,0,.0451759180224014,.0451759180224014,.0614166938129037,.0614166938129037,67,49,1
broad_atlas,ab,2007,9,dept_pair_01_07,Departments: ANCASH + HUANUCO,2,923,81,48,36,.060809018916762,.0776179582247207,.1310563390589384,.5536840023401092,-.1792477462764686,.3344836627259099,.3507586292133949,atlas_department_pair,0,treat_07,drop_rounding_band,adjacent_categories,p1_mserd,310,26,284,156,154,12,144,14,140,142,148,0,0,1,1,0,.0421744500769516,.0421744500769516,.0608168540254873,.0608168540254873,43,38,1
broad_atlas,ab,2007,10,dept_pair_07_10,Departments: HUANUCO + LIMA,2,910,89,47,38,.0579529310854766,.0746872419218361,.1281943618497878,.5601562671908566,-.1765690903248435,.3259435741685157,.3394337282491075,atlas_department_pair,0,treat_07,drop_rounding_band,adjacent_categories,p1_mserd,312,26,286,155,157,12,143,14,143,141,151,0,0,1,1,0,.0439736348050744,.0439736348050744,.0633181857222488,.0633181857222488,47,42,1
broad_atlas,ab,2008,1,dept_pair_06_08,Departments: HUANCAVELICA + JUNIN,2,1179,113,83,73,.4366091109966669,.4810755322287181,.2465983032218522,.0510752623698246,-.0022482607347996,.9643993251922358,3.805803577291063,atlas_department_pair,0,treat_08,drop_rounding_band,adjacent_categories,p1_mserd,455,135,320,243,212,49,194,86,126,203,190,0,8,1,1,0,.0405974104580436,.0405974104580436,.0591657511987608,.0591657511987608,72,41,1
broad_atlas,ab,2008,2,dept_pair_02_08,Departments: APURIMAC + JUNIN,2,1244,199,94,97,.2643873026144559,.3294898563566907,.1918970267300871,.0859766379262431,-.0466214047746,.7056011174879815,2.948136627076836,atlas_department_pair,0,treat_08,drop_rounding_band,adjacent_categories,p1_mserd,613,143,470,289,324,52,237,91,233,233,292,0,4,1,1,0,.0506928047162728,.0506928047162728,.0736270108398211,.0736270108398211,132,67,1
broad_atlas,ab,2008,3,dept_pair_07_08,Departments: HUANUCO + JUNIN,2,1616,177,88,77,.2533109377868455,.2633728280986969,.1737500620741332,.1295663160172273,-.0771710358782029,.6039166920755967,2.297692981281219,atlas_department_pair,0,treat_08,drop_rounding_band,adjacent_categories,p1_mserd,613,133,480,320,293,53,267,80,213,252,275,0,3,1,1,0,.0445801389260075,.0445801389260075,.0610678213449567,.0610678213449567,107,70,1
broad_atlas,ab,2008,4,leaveout_dept_03,Leave out: AYACUCHO,14,4324,292,262,239,.1224494096328702,.1550555047920816,.1300131196218025,.2330204653857043,-.0997655271843492,.4098765367685123,1.422328852851261,atlas_leave_one_out,0,treat_08,drop_rounding_band,adjacent_categories,p1_mserd,1588,281,1307,800,788,109,691,172,616,501,682,0,10,1,1,0,.0310400857147634,.0310400857147634,.047698734792522,.047698734792522,172,120,1
broad_atlas,ab,2008,5,dept_pair_01_08,Departments: ANCASH + JUNIN,2,823,79,48,41,.3903235840462757,.3552137724261418,.3088783410570803,.2501389639465579,-.2501766516502149,.9606041965024985,1.322527404083979,atlas_department_pair,0,treat_08,drop_rounding_band,adjacent_categories,p1_mserd,311,82,229,172,139,31,141,51,88,146,130,0,3,1,1,0,.0405195075429093,.0405195075429093,.0556521862812114,.0556521862812114,52,27,1
broad_atlas,ab,2008,6,dept_pair_02_06,Departments: APURIMAC + HUANCAVELICA,2,907,114,89,88,.2567322473319555,.3418691767970147,.3030867776219101,.2593376274945822,-.2521699915322293,.9359083451262586,1.272289408184897,atlas_department_pair,0,treat_08,drop_rounding_band,adjacent_categories,p1_mserd,454,116,338,196,258,41,155,75,183,174,233,0,6,1,1,0,.0413524650665465,.0413524650665465,.0674270360499969,.0674270360499969,73,41,1
broad_atlas,ab,2008,7,dept_pair_04_06,Departments: CAJAMARCA + HUANCAVELICA,2,511,69,40,34,.3709339973200623,.467847578779894,.4163331765119686,.2611260582266148,-.3481504527527213,1.283845610312509,1.262777201278557,atlas_department_pair,0,treat_08,drop_rounding_band,adjacent_categories,p1_mserd,151,54,97,76,75,19,57,35,40,75,66,0,5,1,1,0,.0670190226297071,.0670190226297071,.1011322465937249,.1011322465937249,46,23,1
broad_atlas,ab,2008,8,dept_pair_02_13,Departments: APURIMAC + PUNO,2,712,89,73,77,.1703805666034744,.2550621429497292,.2406049387450934,.2891050682296371,-.2165148714931195,.726639157392578,1.123784229478073,atlas_department_pair,0,treat_08,drop_rounding_band,adjacent_categories,p1_mserd,423,69,354,175,248,23,152,46,202,157,231,0,1,1,1,0,.0378534295163791,.0378534295163791,.0600755359232245,.0600755359232245,62,27,1
broad_atlas,ab,2008,9,dept_pair_08_10,Departments: JUNIN + LIMA,2,810,74,47,43,.3826041724359955,.3351703999287596,.3179498391417185,.2918090976410331,-.2879998336793121,.9583406335368314,1.111255941411535,atlas_department_pair,0,treat_08,drop_rounding_band,adjacent_categories,p1_mserd,313,81,232,171,142,30,141,51,91,146,133,0,3,1,1,0,.0389011360107361,.0389011360107361,.0544883681057349,.0544883681057349,49,25,1
broad_atlas,ab,2008,10,dept_pair_04_08,Departments: CAJAMARCA + JUNIN,2,848,73,45,43,.3789593571194359,.3355643088434833,.328445016724747,.3069343921417632,-.3081760948386764,.979304712525643,1.043821338433355,atlas_department_pair,0,treat_08,drop_rounding_band,adjacent_categories,p1_mserd,310,81,229,169,141,30,139,51,90,145,132,0,3,1,1,0,.0366368011922302,.0366368011922302,.0524221772273057,.0524221772273057,47,26,1
broad_atlas,ab,2009,1,dept_pair_02_08,Departments: APURIMAC + JUNIN,2,1244,173,94,97,.2476601940280104,.3319781327526734,.2401572095212757,.1668683317609171,-.1387213485366667,.8026776140420135,1.910854847276451,atlas_department_pair,0,treat_09,drop_rounding_band,adjacent_categories,p1_mserd,613,207,406,289,324,81,208,126,198,233,292,0,4,1,1,0,.045012373939229,.045012373939229,.0687823936294392,.0687823936294392,119,54,1
broad_atlas,ab,2009,2,dept_pair_13_14,Departments: PUNO + SAN MARTIN,2,783,84,39,33,.1855484086326867,.1771731193562237,.1342580381370379,.1869531465638872,-.0859678000273756,.4403140387398231,1.741466280110212,atlas_department_pair,0,treat_09,drop_rounding_band,adjacent_categories,p1_mserd,203,28,175,107,96,12,95,16,80,100,95,0,0,1,1,0,.0654956826047939,.0654956826047939,.0789025301191544,.0789025301191544,56,28,1
broad_atlas,ab,2009,3,dept_pair_07_08,Departments: HUANUCO + JUNIN,2,1616,156,88,77,.2499789736306807,.2683628514462955,.2376904867281607,.2588795682559512,-.1975019420086951,.734227644901286,1.274738772630086,atlas_department_pair,0,treat_09,drop_rounding_band,adjacent_categories,p1_mserd,613,206,407,320,293,91,229,115,178,252,275,0,3,1,1,0,.0401448339622221,.0401448339622221,.0563541534719956,.0563541534719956,92,64,1
broad_atlas,ab,2009,4,dept_pair_08_13,Departments: JUNIN + PUNO,2,984,108,67,62,.2963750563957255,.3076159541671428,.2877751124143579,.2850941609798553,-.256412901811964,.8716448101462496,1.14264479948584,atlas_department_pair,0,treat_09,drop_rounding_band,adjacent_categories,p1_mserd,424,131,293,222,202,53,169,78,124,191,192,0,3,1,1,0,.0440072009525025,.0440072009525025,.0613645088384138,.0613645088384138,73,35,1
broad_atlas,ab,2009,5,dept_pair_02_12,Departments: APURIMAC + PIURA,2,562,86,51,57,.2149195708913852,.3487669420189087,.337078925644164,.3008209858610114,-.3118956121911074,1.009429496228925,1.070551156223806,atlas_department_pair,0,treat_09,drop_rounding_band,adjacent_categories,p1_mserd,314,93,221,126,188,33,93,60,128,117,174,0,1,1,1,0,.043661582589376,.043661582589376,.0662087234022066,.0662087234022066,59,27,1
broad_atlas,ab,2009,6,dept_pair_04_08,Departments: CAJAMARCA + JUNIN,2,848,82,45,43,.2901912702999634,.3645404206160321,.35920949607751,.3101817636903066,-.339497254600669,1.068578095832733,1.029901669939183,atlas_department_pair,0,treat_09,drop_rounding_band,adjacent_categories,p1_mserd,310,116,194,169,141,48,121,68,73,145,132,0,3,1,1,0,.0415555400281811,.0415555400281811,.060270437496815,.060270437496815,53,29,1
broad_atlas,ab,2009,7,dept_pair_01_08,Departments: ANCASH + JUNIN,2,823,82,48,41,.2937214943908352,.3474455032547303,.3614472524989386,.3364204571345318,-.3609780939541442,1.055869100463605,.9240246029806605,atlas_department_pair,0,treat_09,drop_rounding_band,adjacent_categories,p1_mserd,311,117,194,172,139,49,123,68,71,146,130,0,3,1,1,0,.0427784913587775,.0427784913587775,.0616258397070874,.0616258397070874,54,28,1
broad_atlas,ab,2009,8,dept_08,Department: JUNIN,1,758,82,44,41,.2927492618487093,.346073113679657,.3627698386290456,.3400966364554408,-.3649427047106795,1.057088932069993,.9100670219271367,atlas_department,0,treat_09,drop_rounding_band,adjacent_categories,p1_mserd,307,116,191,168,139,48,120,68,71,144,130,0,3,1,1,0,.0425108945243796,.0425108945243796,.0611552731334704,.0611552731334704,54,28,1
broad_atlas,ab,2009,9,dept_pair_08_09,Departments: JUNIN + LA LIBERTAD,2,776,82,44,41,.2927492618487093,.346073113679657,.3627698386290456,.3400966364554408,-.3649427047106795,1.057088932069993,.9100670219271367,atlas_department_pair,0,treat_09,drop_rounding_band,adjacent_categories,p1_mserd,307,116,191,168,139,48,120,68,71,144,130,0,3,1,1,0,.0425108945243796,.0425108945243796,.0611552731334704,.0611552731334704,54,28,1
broad_atlas,ab,2009,10,dept_pair_08_12,Departments: JUNIN + PIURA,2,834,83,45,42,.3193563868516019,.341115166025991,.3620119710907784,.3460513891391934,-.3684152592842896,1.050645591336272,.8878839245888297,atlas_department_pair,0,treat_09,drop_rounding_band,adjacent_categories,p1_mserd,315,118,197,173,142,48,125,70,72,148,132,0,3,1,1,0,.0408199749049713,.0408199749049713,.0594746377150873,.0594746377150873,54,29,1
broad_atlas,ab,2010,1,dept_pair_13_14,Departments: PUNO + SAN MARTIN,2,783,71,39,33,.2852673537677371,.2386402027268622,.1335507916083605,.0739557185081837,-.0231145389323384,.5003949443860629,3.192965936490883,atlas_department_pair,0,treat_10,drop_rounding_band,adjacent_categories,p1_mserd,203,35,168,107,96,15,92,20,76,100,95,0,0,1,1,0,.0566651531361301,.0566651531361301,.0788374189518416,.0788374189518416,48,23,1
broad_atlas,ab,2010,2,dept_pair_02_08,Departments: APURIMAC + JUNIN,2,1244,184,94,97,.1715674063489913,.2530107933117045,.2244262401607164,.2595872395757361,-.1868565545890361,.6928781412124452,1.270956917516657,atlas_department_pair,0,treat_10,drop_rounding_band,adjacent_categories,p1_mserd,613,243,370,289,324,99,190,144,180,233,292,0,4,1,1,0,.0462271671466489,.0462271671466489,.0671273676523612,.0671273676523612,126,58,1
broad_atlas,ab,2010,3,dept_pair_08_13,Departments: JUNIN + PUNO,2,984,122,67,62,.2117795174513595,.2074054462772321,.2497790454692199,.4063377222956799,-.2821524869352313,.6969633794896956,.6894905362057344,atlas_department_pair,0,treat_10,drop_rounding_band,adjacent_categories,p1_mserd,424,155,269,222,202,68,154,87,115,191,192,0,3,1,1,0,.0481013805834924,.0481013805834924,.0635283843208839,.0635283843208839,83,39,1
broad_atlas,ab,2010,4,dept_pair_04_08,Departments: CAJAMARCA + JUNIN,2,848,84,45,43,.1848520223198282,.2339895662543656,.3013284177315835,.4374380535673397,-.3566032800179785,.8245824125267097,.6029937385784007,atlas_department_pair,0,treat_10,drop_rounding_band,adjacent_categories,p1_mserd,310,137,173,169,141,61,108,76,65,145,132,0,3,1,1,0,.0435153836646348,.0435153836646348,.0596202254362906,.0596202254362906,54,30,1
broad_atlas,ab,2010,5,dept_pair_07_08,Departments: HUANUCO + JUNIN,2,1616,157,88,77,.1882590303089779,.1648644491987177,.2246993581280852,.4631247343604137,-.2755382000815966,.605267098479032,.5383322132164631,atlas_department_pair,0,treat_10,drop_rounding_band,adjacent_categories,p1_mserd,613,244,369,320,293,110,210,134,159,252,275,0,3,1,1,0,.0403565437663853,.0403565437663853,.0566780202510459,.0566780202510459,93,64,1
broad_atlas,ab,2010,6,dept_pair_02_12,Departments: APURIMAC + PIURA,2,562,100,51,57,.1152007788277249,.2308029613925044,.3225081169606452,.474207439022635,-.4013013325721914,.8629072553572003,.5121550444997002,atlas_department_pair,0,treat_10,drop_rounding_band,adjacent_categories,p1_mserd,314,108,206,126,188,38,88,70,118,117,174,0,1,1,1,0,.0484813834884393,.0484813834884393,.0691261571735281,.0691261571735281,64,36,1
broad_atlas,ab,2010,7,dept_pair_08_12,Departments: JUNIN + PIURA,2,834,85,45,42,.2213682494897927,.2164605170190504,.3044190927277452,.4770464920622606,-.3801899409336891,.81311097497179,.5056076173688463,atlas_department_pair,0,treat_10,drop_rounding_band,adjacent_categories,p1_mserd,315,139,176,173,142,61,112,78,64,148,132,0,3,1,1,0,.0426538028276455,.0426538028276455,.0592216050302034,.0592216050302034,55,30,1
broad_atlas,ab,2010,8,dept_pair_02_07,Departments: APURIMAC + HUANUCO,2,1344,187,94,92,.1050937436694402,.1290784937898219,.1868472293520092,.4896763416383524,-.2371353463512113,.4952923339308552,.4772373805930421,atlas_department_pair,0,treat_10,drop_rounding_band,adjacent_categories,p1_mserd,612,213,399,273,339,87,186,126,213,232,313,0,1,1,1,0,.0479292364473029,.0479292364473029,.0678509616610629,.0678509616610629,112,75,1
broad_atlas,ab,2010,9,dept_08,Department: JUNIN,1,758,87,44,41,.181320865258099,.2088178760783176,.303404296176691,.4912956336500189,-.3858436171827202,.8034793693393554,.4736874692375855,atlas_department,0,treat_10,drop_rounding_band,adjacent_categories,p1_mserd,307,137,170,168,139,61,107,76,63,144,130,0,3,1,1,0,.0451333630521928,.0451333630521928,.061167863107865,.061167863107865,59,28,1
broad_atlas,ab,2010,10,dept_pair_08_09,Departments: JUNIN + LA LIBERTAD,2,776,87,44,41,.181320865258099,.2088178760783176,.303404296176691,.4912956336500189,-.3858436171827202,.8034793693393554,.4736874692375855,atlas_department_pair,0,treat_10,drop_rounding_band,adjacent_categories,p1_mserd,307,137,170,168,139,61,107,76,63,144,130,0,3,1,1,0,.0451333630521928,.0451333630521928,.061167863107865,.061167863107865,59,28,1
broad_atlas,ab,2011,1,dept_pair_07_13,Departments: HUANUCO + PUNO,2,1084,145,67,57,.2094130231686574,.1633368234938976,.1894006002984554,.3884739877297025,-.2078815317413412,.5345551787291363,.7437132319586688,atlas_department_pair,0,treat_11,drop_rounding_band,adjacent_categories,p1_mserd,423,136,287,206,217,63,143,73,144,179,209,0,0,1,1,0,.0551806188876086,.0551806188876086,.0738384367839912,.0738384367839912,89,56,1
broad_atlas,ab,2011,2,dept_pair_08_13,Departments: JUNIN + PUNO,2,984,126,67,62,.2044234426491007,.1974406108458286,.2466415952670771,.4234117385347254,-.285968032967147,.6808492546588043,.6408263048688144,atlas_department_pair,0,treat_11,drop_rounding_band,adjacent_categories,p1_mserd,424,170,254,222,202,75,147,95,107,191,192,0,3,1,1,0,.0505138744919551,.0505138744919551,.0651017745655534,.0651017745655534,86,40,1
broad_atlas,ab,2011,3,dept_pair_04_08,Departments: CAJAMARCA + JUNIN,2,848,98,45,43,.1468951263239632,.2036832439336795,.2872881830587651,.4783332853109383,-.35939124804545,.766757735912809,.5026608726824586,atlas_department_pair,0,treat_11,drop_rounding_band,adjacent_categories,p1_mserd,310,151,159,169,141,67,102,84,57,145,132,0,3,1,1,0,.0481261747163768,.0481261747163768,.0644094195224081,.0644094195224081,65,33,1
broad_atlas,ab,2011,4,dept_pair_08_12,Departments: JUNIN + PIURA,2,834,97,45,42,.1941623551653442,.2065960162779036,.2919446702871765,.4791597189800928,-.365605022963383,.7787970555191902,.5007751657506859,atlas_department_pair,0,treat_11,drop_rounding_band,adjacent_categories,p1_mserd,315,153,162,173,142,67,106,86,56,148,132,0,3,1,1,0,.0467122250847842,.0467122250847842,.0632944354953232,.0632944354953232,66,31,1
broad_atlas,ab,2011,5,dept_pair_02_08,Departments: APURIMAC + JUNIN,2,1244,201,94,97,.0885067631055845,.1457823032070402,.2206117609340803,.5087346182369501,-.2866088027897175,.578173409203798,.43666893032203,atlas_department_pair,0,treat_11,drop_rounding_band,adjacent_categories,p1_mserd,613,264,349,289,324,108,181,156,168,233,292,0,4,1,1,0,.0513478909060328,.0513478909060328,.0701551556680994,.0701551556680994,133,68,1
broad_atlas,ab,2011,6,dept_08,Department: JUNIN,1,758,100,44,41,.1523433071315184,.1783400657191191,.2866283793291025,.5338106227192987,-.3834412347130066,.7401213661512448,.3871323541875681,atlas_department,0,treat_11,drop_rounding_band,adjacent_categories,p1_mserd,307,151,156,168,139,67,101,84,55,144,130,0,3,1,1,0,.0508731479327088,.0508731479327088,.0663856172778386,.0663856172778386,68,32,1
broad_atlas,ab,2011,7,dept_pair_08_09,Departments: JUNIN + LA LIBERTAD,2,776,100,44,41,.1523433071315184,.1783400657191191,.2866283793291025,.5338106227192987,-.3834412347130066,.7401213661512448,.3871323541875681,atlas_department_pair,0,treat_11,drop_rounding_band,adjacent_categories,p1_mserd,307,151,156,168,139,67,101,84,55,144,130,0,3,1,1,0,.0508731479327088,.0508731479327088,.0663856172778386,.0663856172778386,68,32,1
broad_atlas,ab,2011,8,dept_pair_01_08,Departments: ANCASH + JUNIN,2,823,103,48,41,.1522166447733456,.1715640107557275,.2842850921580375,.546180893365067,-.3856245312156762,.7287525527271311,.3642035787192872,atlas_department_pair,0,treat_11,drop_rounding_band,adjacent_categories,p1_mserd,311,152,159,172,139,68,104,84,55,146,130,0,3,1,1,0,.0520576444388997,.0520576444388997,.06757995044981,.06757995044981,71,32,1
broad_atlas,ab,2011,9,dept_pair_08_10,Departments: JUNIN + LIMA,2,810,104,47,43,.15543054328224,.17008657019064,.283847664415404,.5490276609759646,-.3862446291593632,.7264177695406432,.3590619599495081,atlas_department_pair,0,treat_11,drop_rounding_band,adjacent_categories,p1_mserd,313,154,159,171,142,69,102,85,57,146,133,0,3,1,1,0,.0522772876068701,.0522772876068701,.0683046099800965,.0683046099800965,72,32,1
broad_atlas,ab,2011,10,dept_pair_07_08,Departments: HUANUCO + JUNIN,2,1616,152,88,77,.1506377222624252,.1125325177690424,.2314149029713328,.6267684161392619,-.3410323575406009,.5660973930786857,.2364685693692233,atlas_department_pair,0,treat_11,drop_rounding_band,adjacent_categories,p1_mserd,613,268,345,320,293,122,198,146,147,252,275,0,3,1,1,0,.0395340805394944,.0395340805394944,.0543723271949921,.0543723271949921,89,63,1
broad_atlas,ab,2012,1,dept_pair_02_08,Departments: APURIMAC + JUNIN,2,1244,190,94,97,.1316997738812077,.1718239999414273,.2286417012420443,.4523524284212945,-.2763054998569465,.6199534997398011,.5647506819206488,atlas_department_pair,0,treat_12,drop_rounding_band,adjacent_categories,p1_mserd,613,296,317,289,324,123,166,173,151,233,292,0,4,1,1,0,.0473874450579293,.0473874450579293,.06237619318414,.06237619318414,127,63,1
broad_atlas,ab,2012,2,dept_pair_07_08,Departments: HUANUCO + JUNIN,2,1616,178,88,77,.1658103678545995,.1330942509814119,.2153557963777432,.5365619661601242,-.2889953537809062,.5551838557437301,.3819490745519633,atlas_department_pair,0,treat_12,drop_rounding_band,adjacent_categories,p1_mserd,613,296,317,320,293,138,182,158,135,252,275,0,3,1,1,0,.0450830351700998,.0450830351700998,.0600022509543238,.0600022509543238,108,70,1
broad_atlas,ab,2012,3,dept_pair_07_12,Departments: HUANUCO + PIURA,2,934,112,45,37,.2016277734719608,.1349301363733486,.2408606881996348,.575343086927706,-.3371481377894671,.6070084105361643,.3138239415892632,atlas_department_pair,0,treat_12,drop_rounding_band,adjacent_categories,p1_mserd,314,137,177,157,157,64,93,73,84,142,151,0,0,1,1,0,.0521193573646461,.0521193573646461,.0677699582157622,.0677699582157622,65,47,1
broad_atlas,ab,2012,4,dept_pair_01_08,Departments: ANCASH + JUNIN,2,823,102,48,41,.1694805608254921,.1488579816989448,.2849494380008479,.601390890345822,-.4096326541976459,.7073486175955356,.2729032093684362,atlas_department_pair,0,treat_12,drop_rounding_band,adjacent_categories,p1_mserd,311,163,148,172,139,76,96,87,52,146,130,0,3,1,1,0,.051543765362529,.051543765362529,.0650528842429676,.0650528842429676,70,32,1
broad_atlas,ab,2012,5,dept_pair_08_10,Departments: JUNIN + LIMA,2,810,99,47,43,.170003745993214,.1412010588987,.2923059242015381,.6290537195397721,-.4317080250040094,.7141101428014095,.2333461675640268,atlas_department_pair,0,treat_12,drop_rounding_band,adjacent_categories,p1_mserd,313,166,147,171,142,77,94,89,53,146,133,0,3,1,1,0,.0497494504394513,.0497494504394513,.0635491236731336,.0635491236731336,68,31,1
broad_atlas,ab,2012,6,dept_pair_08_12,Departments: JUNIN + PIURA,2,834,86,45,42,.2048087444035536,.1292927420372065,.2992711875039193,.6657229827789635,-.4572680070810086,.7158534911554216,.1866459102920798,atlas_department_pair,0,treat_12,drop_rounding_band,adjacent_categories,p1_mserd,315,163,152,173,142,74,99,89,53,148,132,0,3,1,1,0,.0432790703466245,.0432790703466245,.0583776256896288,.0583776256896288,56,30,1
broad_atlas,ab,2012,7,dept_pair_04_08,Departments: CAJAMARCA + JUNIN,2,848,95,45,43,.1417847976483554,.1251471049114107,.2946773209566552,.6710612062316719,-.4524098312243834,.7027040410472047,.1803633067386708,atlas_department_pair,0,treat_12,drop_rounding_band,adjacent_categories,p1_mserd,310,162,148,169,141,74,95,88,53,145,132,0,3,1,1,0,.046997984271752,.046997984271752,.0608421455167841,.0608421455167841,64,31,1
broad_atlas,ab,2012,8,dept_pair_06_08,Departments: HUANCAVELICA + JUNIN,2,1179,136,83,73,.1043268962134476,.0963344279532489,.2451113046500776,.6943023503243809,-.3840749013645283,.576743757271026,.1544672313880876,atlas_department_pair,0,treat_12,drop_rounding_band,adjacent_categories,p1_mserd,455,268,187,243,212,126,117,142,70,203,190,0,8,1,1,0,.0470266553758258,.0470266553758258,.0601353262953009,.0601353262953009,91,45,1
broad_atlas,ab,2012,9,dept_08,Department: JUNIN,1,758,93,44,41,.1611652543026284,.1161349735173097,.299124000895995,.6978308365361339,-.4701372951503672,.7024072421849866,.1507382706129939,atlas_department,0,treat_12,drop_rounding_band,adjacent_categories,p1_mserd,307,161,146,168,139,74,94,87,52,144,130,0,3,1,1,0,.0471472563720557,.0471472563720557,.0605122283372405,.0605122283372405,64,29,1
broad_atlas,ab,2012,10,dept_pair_08_09,Departments: JUNIN + LA LIBERTAD,2,776,93,44,41,.1611652543026284,.1161349735173097,.299124000895995,.6978308365361339,-.4701372951503672,.7024072421849866,.1507382706129939,atlas_department_pair,0,treat_12,drop_rounding_band,adjacent_categories,p1_mserd,307,161,146,168,139,74,94,87,52,144,130,0,3,1,1,0,.0471472563720557,.0471472563720557,.0605122283372405,.0605122283372405,64,29,1
broad_atlas,ab,2013,1,dept_pair_01_08,Departments: ANCASH + JUNIN,2,823,105,48,41,.1726790861757153,.1899609376758153,.2812171274081334,.4993609335570553,-.3612145038799378,.7411363792315685,.4562943318832097,atlas_department_pair,0,treat_13,drop_rounding_band,adjacent_categories,p1_mserd,311,183,128,172,139,85,87,98,41,146,130,0,3,1,1,0,.0527930355288977,.0527930355288977,.0671546339261336,.0671546339261336,72,33,1
broad_atlas,ab,2013,2,dept_pair_08_10,Departments: JUNIN + LIMA,2,810,102,47,43,.1742082658767095,.1850775132238415,.2825169464112379,.5124018643734956,-.3686455267644171,.7388005532121,.429159078378645,atlas_department_pair,0,treat_13,drop_rounding_band,adjacent_categories,p1_mserd,313,186,127,171,142,86,85,100,42,146,133,0,3,1,1,0,.0513064799612379,.0513064799612379,.065144601381217,.065144601381217,70,32,1
broad_atlas,ab,2013,3,dept_08,Department: JUNIN,1,758,100,44,41,.1708829983916323,.1772561038129086,.2828866304730528,.5309229953700938,-.3771915036221657,.7317037112479828,.3926246413090748,atlas_department,0,treat_13,drop_rounding_band,adjacent_categories,p1_mserd,307,181,126,168,139,83,85,98,41,144,130,0,3,1,1,0,.0507098913524358,.0507098913524358,.0638366667439699,.0638366667439699,68,32,1
broad_atlas,ab,2013,4,dept_pair_08_09,Departments: JUNIN + LA LIBERTAD,2,776,100,44,41,.1708829983916323,.1772561038129086,.2828866304730528,.5309229953700938,-.3771915036221657,.7317037112479828,.3926246413090748,atlas_department_pair,0,treat_13,drop_rounding_band,adjacent_categories,p1_mserd,307,181,126,168,139,83,85,98,41,144,130,0,3,1,1,0,.0507098913524358,.0507098913524358,.0638366667439699,.0638366667439699,68,32,1
broad_atlas,ab,2013,5,dept_pair_08_12,Departments: JUNIN + PIURA,2,834,98,45,42,.204513036422767,.1727482430042329,.2809426072926401,.5386286762268904,-.3778891490121217,.7233856350205874,.3780872748301503,atlas_department_pair,0,treat_13,drop_rounding_band,adjacent_categories,p1_mserd,315,185,130,173,142,84,89,101,41,148,132,0,3,1,1,0,.0472974752944792,.0472974752944792,.0620747868507031,.0620747868507031,67,31,1
broad_atlas,ab,2013,6,dept_pair_04_08,Departments: CAJAMARCA + JUNIN,2,848,98,45,43,.1452311340938698,.1606433490383573,.2811474793332778,.5677389440880042,-.3903955847990862,.7116822828758008,.326480397774323,atlas_department_pair,0,treat_13,drop_rounding_band,adjacent_categories,p1_mserd,310,182,128,169,141,83,86,99,42,145,132,0,3,1,1,0,.0485898563670335,.0485898563670335,.0625102281352368,.0625102281352368,65,33,1
broad_atlas,ab,2013,7,dept_pair_06_08,Departments: HUANCAVELICA + JUNIN,2,1179,147,83,73,.0923704512033132,.1272074060920567,.2354657142784198,.5890332623660091,-.3342969134876448,.5887117256717582,.2918565439001398,atlas_department_pair,0,treat_13,drop_rounding_band,adjacent_categories,p1_mserd,455,294,161,243,212,141,102,153,59,203,190,0,8,1,1,0,.0507298130277994,.0507298130277994,.0650842694420305,.0650842694420305,98,49,1
broad_atlas,ab,2013,8,dept_pair_07_08,Departments: HUANUCO + JUNIN,2,1616,197,88,77,.1329727470054599,.111810078490544,.2108437507492577,.5959051386503167,-.301436079343341,.5250562363244291,.2812162663718917,atlas_department_pair,0,treat_13,drop_rounding_band,adjacent_categories,p1_mserd,613,320,293,320,293,148,172,172,121,252,275,0,3,1,1,0,.0504076195011415,.0504076195011415,.0660812811894034,.0660812811894034,122,75,1
broad_atlas,ab,2013,9,dept_07,Department: HUANUCO,1,858,91,44,36,.0426586353549431,-.0759945770560322,.2647609536897537,.7740886540101078,-.5949165108004265,.4429273566883621,.0823867423977699,atlas_department,0,treat_13,drop_rounding_band,adjacent_categories,p1_mserd,306,139,167,152,154,65,87,74,80,138,148,0,0,1,1,0,.0447237694171188,.0447237694171188,.0600684022233115,.0600684022233115,49,42,1
broad_atlas,ab,2013,10,dept_pair_07_09,Departments: HUANUCO + LA LIBERTAD,2,876,91,44,36,.0426586353549431,-.0759945770560322,.2647609536897537,.7740886540101078,-.5949165108004265,.4429273566883621,.0823867423977699,atlas_department_pair,0,treat_13,drop_rounding_band,adjacent_categories,p1_mserd,306,139,167,152,154,65,87,74,80,138,148,0,0,1,1,0,.0447237694171188,.0447237694171188,.0600684022233115,.0600684022233115,49,42,1
broad_atlas,ab,2014,1,dept_08,Department: JUNIN,1,758,105,44,41,.1594181716475397,.1757082847882329,.2787084908106218,.5284083808914344,-.3705503193860984,.7219668889625641,.3974514441786043,atlas_department,0,treat_14,drop_rounding_band,adjacent_categories,p1_mserd,307,188,119,168,139,85,83,103,36,144,130,0,3,1,1,0,.0535426386041681,.0535426386041681,.065490309947604,.065490309947604,72,33,1
broad_atlas,ab,2014,2,dept_pair_08_09,Departments: JUNIN + LA LIBERTAD,2,776,105,44,41,.1594181716475397,.1757082847882329,.2787084908106218,.5284083808914344,-.3705503193860984,.7219668889625641,.3974514441786043,atlas_department_pair,0,treat_14,drop_rounding_band,adjacent_categories,p1_mserd,307,188,119,168,139,85,83,103,36,144,130,0,3,1,1,0,.0535426386041681,.0535426386041681,.065490309947604,.065490309947604,72,33,1
broad_atlas,ab,2014,3,dept_pair_01_08,Departments: ANCASH + JUNIN,2,823,110,48,41,.1594647080227926,.1734688025012,.2780449367251006,.5327013707004393,-.3714892595637151,.7184268645661152,.3892358013186159,atlas_department_pair,0,treat_14,drop_rounding_band,adjacent_categories,p1_mserd,311,190,121,172,139,87,85,103,36,146,130,0,3,1,1,0,.0549039580874372,.0549039580874372,.0676364985266433,.0676364985266433,76,34,1
broad_atlas,ab,2014,4,dept_pair_08_12,Departments: JUNIN + PIURA,2,834,102,45,42,.1933235152096974,.1718360747956396,.2773597366234953,.5355591987794064,-.371779019747926,.7154511693392052,.3838325973393751,atlas_department_pair,0,treat_14,drop_rounding_band,adjacent_categories,p1_mserd,315,192,123,173,142,86,87,106,36,148,132,0,3,1,1,0,.0499137807145545,.0499137807145545,.0630944049664809,.0630944049664809,69,33,1
broad_atlas,ab,2014,5,dept_pair_08_10,Departments: JUNIN + LIMA,2,810,106,47,43,.1614399011636797,.1707792472129687,.2795073091245608,.5411989139552542,-.3770450120868741,.7186035065128115,.3733222300041515,atlas_department_pair,0,treat_14,drop_rounding_band,adjacent_categories,p1_mserd,313,193,120,171,142,88,83,105,37,146,133,0,3,1,1,0,.0533159791088712,.0533159791088712,.0654696946359554,.0654696946359554,73,33,1
broad_atlas,ab,2014,6,dept_pair_04_08,Departments: CAJAMARCA + JUNIN,2,848,107,45,43,.1605108603083694,.1644362490440262,.2781505422199725,.5544017210717302,-.3807287959874076,.70960129407546,.3494904406351194,atlas_department_pair,0,treat_14,drop_rounding_band,adjacent_categories,p1_mserd,310,190,120,169,141,85,84,105,36,145,132,0,3,1,1,0,.0529574895027936,.0529574895027936,.065219339519782,.065219339519782,72,35,1
broad_atlas,ab,2014,7,dept_pair_06_08,Departments: HUANCAVELICA + JUNIN,2,1179,155,83,73,.0958027124517316,.130491056556348,.2315393974570874,.5730397573386072,-.3233178234616483,.5842999365743442,.3176228201491835,atlas_department_pair,0,treat_14,drop_rounding_band,adjacent_categories,p1_mserd,455,306,149,243,212,145,98,161,51,203,190,0,8,1,1,0,.0530196500622782,.0530196500622782,.0664284212782014,.0664284212782014,105,50,1
broad_atlas,ab,2014,8,dept_pair_08_11,Departments: JUNIN + PASCO,2,1119,104,64,59,.0078847307464217,-.0820124458719029,.2870131716786252,.7750737905651099,-.6445479254506196,.4805230337068137,.0816499404605732,atlas_department_pair,0,treat_14,drop_rounding_band,adjacent_categories,p1_mserd,465,230,235,248,217,95,153,135,82,201,201,0,3,1,1,0,.0364495446534704,.0364495446534704,.0498711094085165,.0498711094085165,64,40,1
broad_atlas,ab,2014,9,dept_pair_08_15,Departments: JUNIN + UCAYALI,2,968,95,50,46,.0454049167702562,.0115029441253409,.2894126755458803,.9682957713919629,-.5557354766139605,.5787413648646423,.001579730212245,atlas_department_pair,0,treat_14,drop_rounding_band,adjacent_categories,p1_mserd,368,212,156,214,154,100,114,112,42,180,145,0,3,1,1,0,.0386945542467178,.0386945542467178,.0560166692706991,.0560166692706991,62,33,1
broad_atlas,ab,2015,1,dept_08,Department: JUNIN,1,758,105,44,41,.1594181716475397,.1757082847882329,.2787084908106218,.5284083808914344,-.3705503193860984,.7219668889625641,.3974514441786043,atlas_department,0,treat_15,drop_rounding_band,adjacent_categories,p1_mserd,307,188,119,168,139,85,83,103,36,144,130,0,3,1,1,0,.0535426386041681,.0535426386041681,.065490309947604,.065490309947604,72,33,1
broad_atlas,ab,2015,2,dept_pair_08_09,Departments: JUNIN + LA LIBERTAD,2,776,105,44,41,.1594181716475397,.1757082847882329,.2787084908106218,.5284083808914344,-.3705503193860984,.7219668889625641,.3974514441786043,atlas_department_pair,0,treat_15,drop_rounding_band,adjacent_categories,p1_mserd,307,188,119,168,139,85,83,103,36,144,130,0,3,1,1,0,.0535426386041681,.0535426386041681,.065490309947604,.065490309947604,72,33,1
broad_atlas,ab,2015,3,dept_pair_01_08,Departments: ANCASH + JUNIN,2,823,110,48,41,.1594647080227926,.1734688025012,.2780449367251006,.5327013707004393,-.3714892595637151,.7184268645661152,.3892358013186159,atlas_department_pair,0,treat_15,drop_rounding_band,adjacent_categories,p1_mserd,311,190,121,172,139,87,85,103,36,146,130,0,3,1,1,0,.0549039580874372,.0549039580874372,.0676364985266433,.0676364985266433,76,34,1
broad_atlas,ab,2015,4,dept_pair_08_12,Departments: JUNIN + PIURA,2,834,102,45,42,.1933235152096974,.1718360747956396,.2773597366234953,.5355591987794064,-.371779019747926,.7154511693392052,.3838325973393751,atlas_department_pair,0,treat_15,drop_rounding_band,adjacent_categories,p1_mserd,315,192,123,173,142,86,87,106,36,148,132,0,3,1,1,0,.0499137807145545,.0499137807145545,.0630944049664809,.0630944049664809,69,33,1
broad_atlas,ab,2015,5,dept_pair_08_10,Departments: JUNIN + LIMA,2,810,106,47,43,.1614399011636797,.1707792472129687,.2795073091245608,.5411989139552542,-.3770450120868741,.7186035065128115,.3733222300041515,atlas_department_pair,0,treat_15,drop_rounding_band,adjacent_categories,p1_mserd,313,193,120,171,142,88,83,105,37,146,133,0,3,1,1,0,.0533159791088712,.0533159791088712,.0654696946359554,.0654696946359554,73,33,1
broad_atlas,ab,2015,6,dept_pair_04_08,Departments: CAJAMARCA + JUNIN,2,848,107,45,43,.1605108603083694,.1644362490440262,.2781505422199725,.5544017210717302,-.3807287959874076,.70960129407546,.3494904406351194,atlas_department_pair,0,treat_15,drop_rounding_band,adjacent_categories,p1_mserd,310,190,120,169,141,85,84,105,36,145,132,0,3,1,1,0,.0529574895027936,.0529574895027936,.065219339519782,.065219339519782,72,35,1
broad_atlas,ab,2015,7,dept_pair_06_08,Departments: HUANCAVELICA + JUNIN,2,1179,155,83,73,.0958027124517316,.130491056556348,.2315393974570874,.5730397573386072,-.3233178234616483,.5842999365743442,.3176228201491835,atlas_department_pair,0,treat_15,drop_rounding_band,adjacent_categories,p1_mserd,455,306,149,243,212,145,98,161,51,203,190,0,8,1,1,0,.0530196500622782,.0530196500622782,.0664284212782014,.0664284212782014,105,50,1
broad_atlas,ab,2015,8,dept_pair_08_13,Departments: JUNIN + PUNO,2,984,93,67,62,.021010809989777,-.0970710397988461,.2463363221857001,.6935374951706558,-.5798813593668732,.385739279769181,.1552824795311508,atlas_department_pair,0,treat_15,drop_rounding_band,adjacent_categories,p1_mserd,424,243,181,222,202,100,122,143,59,191,192,0,3,1,1,0,.0373536012613708,.0373536012613708,.0535730582640889,.0535730582640889,62,31,1
broad_atlas,ab,2015,9,dept_pair_08_15,Departments: JUNIN + UCAYALI,2,968,95,50,46,.0454050210370904,.0115037103629194,.289412359661129,.9682936260240086,-.5557340912536461,.578741511979485,.0015799441270998,atlas_department_pair,0,treat_15,drop_rounding_band,adjacent_categories,p1_mserd,368,213,155,214,154,100,114,113,41,180,145,0,3,1,1,0,.0386946301520222,.0386946301520222,.0560168445455376,.0560168445455376,62,33,1
broad_atlas,ab,2016,1,dept_pair_06_08,Departments: HUANCAVELICA + JUNIN,2,1179,154,83,73,.2369516112565706,.2603856542517409,.1745974419631695,.1358699899837517,-.0818190437888935,.6025903522923752,2.224120708501713,atlas_department_pair,0,treat_16,drop_rounding_band,adjacent_categories,p1_mserd,455,324,131,243,212,147,96,177,35,203,190,0,8,1,1,0,.0527124415162551,.0527124415162551,.0682653482521789,.0682653482521789,105,49,1
broad_atlas,ab,2016,2,dept_pair_01_08,Departments: ANCASH + JUNIN,2,823,98,48,41,.3010818192943383,.3231658684028045,.2221546297866005,.1457554139452854,-.1122492049777615,.7585809417833704,2.116119722033721,atlas_department_pair,0,treat_16,drop_rounding_band,adjacent_categories,p1_mserd,311,199,112,172,139,89,83,110,29,146,130,0,3,1,1,0,.0502595699925404,.0502595699925404,.06692905393555,.06692905393555,67,31,1
broad_atlas,ab,2016,3,dept_08,Department: JUNIN,1,758,98,44,41,.2991552518878722,.321904320291902,.2242911570169694,.151228015711988,-.1176982695121761,.76150691009598,2.05982017846135,atlas_department,0,treat_16,drop_rounding_band,adjacent_categories,p1_mserd,307,196,111,168,139,86,82,110,29,144,130,0,3,1,1,0,.0494116461395866,.0494116461395866,.0661061216710877,.0661061216710877,67,31,1
broad_atlas,ab,2016,4,dept_pair_08_09,Departments: JUNIN + LA LIBERTAD,2,776,98,44,41,.2991552518878722,.321904320291902,.2242911570169694,.151228015711988,-.1176982695121761,.76150691009598,2.05982017846135,atlas_department_pair,0,treat_16,drop_rounding_band,adjacent_categories,p1_mserd,307,196,111,168,139,86,82,110,29,144,130,0,3,1,1,0,.0494116461395866,.0494116461395866,.0661061216710877,.0661061216710877,67,31,1
broad_atlas,ab,2016,5,dept_pair_08_12,Departments: JUNIN + PIURA,2,834,97,45,42,.3257697296429376,.3209050150918382,.2253195648797712,.1543823034020914,-.1207132170847493,.7625232472684258,2.02840746788697,atlas_department_pair,0,treat_16,drop_rounding_band,adjacent_categories,p1_mserd,315,200,115,173,142,87,86,113,29,148,132,0,3,1,1,0,.0467939122452491,.0467939122452491,.0635681910766525,.0635681910766525,66,31,1
broad_atlas,ab,2016,6,dept_pair_08_10,Departments: JUNIN + LIMA,2,810,98,47,43,.3023026471673878,.3173235019309952,.2247016735056744,.1578913443431688,-.1230836854060046,.7577306892679951,1.994306308571424,atlas_department_pair,0,treat_16,drop_rounding_band,adjacent_categories,p1_mserd,313,201,112,171,142,89,82,112,30,146,133,0,3,1,1,0,.0491464664315545,.0491464664315545,.0658901649510982,.0658901649510982,67,31,1
broad_atlas,ab,2016,7,dept_pair_04_08,Departments: CAJAMARCA + JUNIN,2,848,99,45,43,.2975234533651125,.3109326498342273,.223381027582724,.163941025621097,-.12688611905746,.7487514187259146,1.937492755034295,atlas_department_pair,0,treat_16,drop_rounding_band,adjacent_categories,p1_mserd,310,198,112,169,141,86,83,112,29,145,132,0,3,1,1,0,.0491367107913747,.0491367107913747,.0655461323833776,.0655461323833776,66,33,1
broad_atlas,ab,2016,8,dept_pair_04_06,Departments: CAJAMARCA + HUANCAVELICA,2,511,93,40,34,.0573325714806305,.1908695539920577,.2074181089281641,.3574596643654014,-.2156624692485496,.5974015772326651,.8467982982444018,atlas_department_pair,0,treat_16,drop_rounding_band,adjacent_categories,p1_mserd,151,130,21,76,75,61,15,69,6,75,66,0,5,1,1,0,.0812802496436416,.0812802496436416,.119702620934382,.119702620934382,69,24,1
broad_atlas,ab,2016,9,dept_pair_08_15,Departments: JUNIN + UCAYALI,2,968,93,50,46,.1812475746262854,.1673062751414593,.2532419708513765,.5088318133147099,-.3290388671011807,.6636514173840994,.4364686859745562,atlas_department_pair,0,treat_16,drop_rounding_band,adjacent_categories,p1_mserd,368,221,147,214,154,101,113,120,34,180,145,0,3,1,1,0,.0364817083008906,.0364817083008906,.0547267501909464,.0547267501909464,61,32,1
broad_atlas,ab,2016,10,dept_pair_08_14,Departments: JUNIN + SAN MARTIN,2,1315,71,60,53,.1600115681868119,.1161691258398379,.244437305424037,.6346079283857335,-.3629191892692918,.5952574409489675,.2258637152037113,atlas_department_pair,0,treat_16,drop_rounding_band,adjacent_categories,p1_mserd,393,245,148,221,172,109,112,136,36,185,158,0,3,1,1,0,.0313071631225244,.0313071631225244,.0503492178717671,.0503492178717671,41,30,1
broad_atlas,ab,2017,1,dept_pair_08_12,Departments: JUNIN + PIURA,2,834,82,45,42,.2146655494763534,.2910675778125176,.191698269455142,.128922889700256,-.0846541262182153,.6667892818432505,2.305426489786085,atlas_department_pair,0,treat_17,drop_rounding_band,adjacent_categories,p1_mserd,315,240,75,173,142,113,60,127,15,148,132,0,3,1,1,0,.0403298784493485,.0403298784493485,.0678231149522929,.0678231149522929,53,29,1
broad_atlas,ab,2017,2,dept_pair_04_08,Departments: CAJAMARCA + JUNIN,2,848,75,45,43,.185278634641693,.2653030994108005,.2026779441995668,.190538244148455,-.1319383716809691,.6625445705025702,1.713450909277456,atlas_department_pair,0,treat_17,drop_rounding_band,adjacent_categories,p1_mserd,310,238,72,169,141,112,57,126,15,145,132,0,3,1,1,0,.0385038630342196,.0385038630342196,.0641743077186018,.0641743077186018,48,27,1
broad_atlas,ab,2017,3,dept_08,Department: JUNIN,1,758,73,44,41,.1855050032953489,.2676406338509536,.2056715399015862,.1931553564044548,-.1354681770010479,.6707494447029552,1.693384967137504,atlas_department,0,treat_17,drop_rounding_band,adjacent_categories,p1_mserd,307,236,71,168,139,112,56,124,15,144,130,0,3,1,1,0,.0385413432834868,.0385413432834868,.0635009092225776,.0635009092225776,48,25,1
broad_atlas,ab,2017,4,dept_pair_08_09,Departments: JUNIN + LA LIBERTAD,2,776,73,44,41,.1855050032953489,.2676406338509536,.2056715399015862,.1931553564044548,-.1354681770010479,.6707494447029552,1.693384967137504,atlas_department_pair,0,treat_17,drop_rounding_band,adjacent_categories,p1_mserd,307,236,71,168,139,112,56,124,15,144,130,0,3,1,1,0,.0385413432834868,.0385413432834868,.0635009092225776,.0635009092225776,48,25,1
broad_atlas,ab,2017,5,dept_pair_01_08,Departments: ANCASH + JUNIN,2,823,73,48,41,.186127866345023,.2657422647526404,.2081803012651613,.2017786398262043,-.142283628017774,.6737681575230547,1.629453601276551,atlas_department_pair,0,treat_17,drop_rounding_band,adjacent_categories,p1_mserd,311,239,72,172,139,115,57,124,15,146,130,0,3,1,1,0,.0384072083105201,.0384072083105201,.0627541233991015,.0627541233991015,48,25,1
broad_atlas,ab,2017,6,dept_pair_08_13,Departments: JUNIN + PUNO,2,984,94,67,62,.1621902603855496,.2116596080977624,.1660414012493379,.2024013003407591,-.1137755582935037,.5370947744890285,1.624961948897274,atlas_department_pair,0,treat_17,drop_rounding_band,adjacent_categories,p1_mserd,424,326,98,222,202,148,74,178,24,191,192,0,3,1,1,0,.0380519285374633,.0380519285374633,.0592565368277046,.0592565368277046,63,31,1
broad_atlas,ab,2017,7,dept_pair_08_10,Departments: JUNIN + LIMA,2,810,74,47,43,.1878021961123566,.2543796775908598,.211493011281596,.2290612585656583,-.1601390075029916,.6688983626847111,1.446681019160451,atlas_department_pair,0,treat_17,drop_rounding_band,adjacent_categories,p1_mserd,313,241,72,171,142,115,56,126,16,146,133,0,3,1,1,0,.0383816703981358,.0383816703981358,.0612964996627386,.0612964996627386,49,25,1
broad_atlas,ab,2017,8,dept_pair_08_14,Departments: JUNIN + SAN MARTIN,2,1315,90,60,53,.1543280981879487,.2011640962728116,.1806436842835563,.2654525146350389,-.1528910189575828,.5552192115032061,1.240096199528634,atlas_department_pair,0,treat_17,drop_rounding_band,adjacent_categories,p1_mserd,393,298,95,221,172,142,79,156,16,185,158,0,3,1,1,0,.0358221502603339,.0358221502603339,.0646369409713867,.0646369409713867,57,33,1
broad_atlas,ab,2017,9,dept_pair_06_08,Departments: HUANCAVELICA + JUNIN,2,1179,125,83,73,.1024758766662135,.1501068832671044,.1496551225091257,.3158518489663819,-.1432117669527114,.4434255334869203,1.006046470187228,atlas_department_pair,0,treat_17,drop_rounding_band,adjacent_categories,p1_mserd,455,371,84,243,212,180,63,191,21,203,190,0,8,1,1,0,.0449042529745787,.0449042529745787,.0704112396354275,.0704112396354275,81,44,1
broad_atlas,ab,2017,10,dept_pair_08_15,Departments: JUNIN + UCAYALI,2,968,74,50,46,.1495579691102213,.2069335098578979,.2306295746505306,.3695829302451782,-.2450921502269337,.6589591699427295,.8050663082488613,atlas_department_pair,0,treat_17,drop_rounding_band,adjacent_categories,p1_mserd,368,262,106,214,154,128,86,134,20,180,145,0,3,1,1,0,.0329296366097645,.0329296366097645,.059252053464405,.059252053464405,44,30,1
broad_atlas,ab,2018,1,dept_pair_08_12,Departments: JUNIN + PIURA,2,834,85,45,42,.2148238916264422,.2786664933878011,.1869607655714966,.1360907474131864,-.0877698736543683,.6451028604299706,2.221613725237015,atlas_department_pair,0,treat_18,drop_rounding_band,adjacent_categories,p1_mserd,315,244,71,173,142,117,56,127,15,148,132,0,3,1,1,0,.0428381630498923,.0428381630498923,.0704377692426151,.0704377692426151,55,30,1
broad_atlas,ab,2018,2,dept_pair_04_08,Departments: CAJAMARCA + JUNIN,2,848,82,45,43,.1807327952976254,.2529029723985796,.1959824919306804,.1968991257297656,-.1312156533859656,.6370215981831249,1.66522651131972,atlas_department_pair,0,treat_18,drop_rounding_band,adjacent_categories,p1_mserd,310,242,68,169,141,116,53,126,15,145,132,0,3,1,1,0,.0405686176427856,.0405686176427856,.0666979544352258,.0666979544352258,53,29,1
broad_atlas,ab,2018,3,dept_08,Department: JUNIN,1,758,79,44,41,.1814794246387654,.2576040568905713,.2005110127194883,.1988839601064437,-.1353903065432784,.6505984203244211,1.650550952478926,atlas_department,0,treat_18,drop_rounding_band,adjacent_categories,p1_mserd,307,240,67,168,139,116,52,124,15,144,130,0,3,1,1,0,.0401374276946639,.0401374276946639,.0655203628037749,.0655203628037749,52,27,1
broad_atlas,ab,2018,4,dept_pair_08_09,Departments: JUNIN + LA LIBERTAD,2,776,79,44,41,.1814794246387654,.2576040568905713,.2005110127194883,.1988839601064437,-.1353903065432784,.6505984203244211,1.650550952478926,atlas_department_pair,0,treat_18,drop_rounding_band,adjacent_categories,p1_mserd,307,240,67,168,139,116,52,124,15,144,130,0,3,1,1,0,.0401374276946639,.0401374276946639,.0655203628037749,.0655203628037749,52,27,1
broad_atlas,ab,2018,5,dept_pair_01_08,Departments: ANCASH + JUNIN,2,823,79,48,41,.1817418653025791,.2550752783122829,.2042913201202654,.2118165425351464,-.1453283514775801,.6554789081021459,1.55896695158469,atlas_department_pair,0,treat_18,drop_rounding_band,adjacent_categories,p1_mserd,311,243,68,172,139,119,53,124,15,146,130,0,3,1,1,0,.0397458584193775,.0397458584193775,.0638597962463779,.0638597962463779,52,27,1
broad_atlas,ab,2018,6,dept_pair_08_10,Departments: JUNIN + LIMA,2,810,76,47,43,.1836700806277212,.2413242015279493,.2089091098674777,.2480234335065546,-.1681301298546281,.6507785329105267,1.334402965995932,atlas_department_pair,0,treat_18,drop_rounding_band,adjacent_categories,p1_mserd,313,245,68,171,142,119,52,126,16,146,133,0,3,1,1,0,.0394643415406104,.0394643415406104,.0623646763940356,.0623646763940356,50,26,1
broad_atlas,ab,2018,7,dept_pair_08_13,Departments: JUNIN + PUNO,2,984,93,67,62,.1357233012099497,.1756059621088606,.1684890797868265,.2973006874230891,-.1546265660616148,.505838490279336,1.08626302487683,atlas_department_pair,0,treat_18,drop_rounding_band,adjacent_categories,p1_mserd,424,340,84,222,202,161,61,179,23,191,192,0,3,1,1,0,.037827560391549,.037827560391549,.0552070587344231,.0552070587344231,62,31,1
broad_atlas,ab,2018,8,dept_pair_08_14,Departments: JUNIN + SAN MARTIN,2,1315,81,60,53,.1721063332010206,.1838571715607069,.1925707655890442,.3397035257205046,-.1935745934691249,.5612889365905387,.9115498740271233,atlas_department_pair,0,treat_18,drop_rounding_band,adjacent_categories,p1_mserd,393,309,84,221,172,153,68,156,16,185,158,0,3,1,1,0,.0341658258194591,.0341658258194591,.0537618185838499,.0537618185838499,49,32,1
broad_atlas,ab,2018,9,dept_pair_08_15,Departments: JUNIN + UCAYALI,2,968,65,50,46,.1820640364095454,.2359651689100026,.2585132630750538,.3613594135741457,-.270711516243031,.7426418540630363,.8331633218441428,atlas_department_pair,0,treat_18,drop_rounding_band,adjacent_categories,p1_mserd,368,271,97,214,154,136,78,135,19,180,145,0,3,1,1,0,.0289108485482356,.0289108485482356,.0461370538018829,.0461370538018829,38,27,1
broad_atlas,ab,2018,10,dept_pair_06_08,Departments: HUANCAVELICA + JUNIN,2,1179,141,83,73,.0925890832007239,.1311429733099791,.1459443799205523,.3688754210864166,-.154902755080334,.4171887017002923,.807449370750709,atlas_department_pair,0,treat_18,drop_rounding_band,adjacent_categories,p1_mserd,455,375,80,243,212,184,59,191,21,203,190,0,8,1,1,0,.0477608400061575,.0477608400061575,.0723285903836581,.0723285903836581,93,48,1
broad_atlas,ab,2019,1,dept_pair_06_08,Departments: HUANCAVELICA + JUNIN,2,1179,77,83,73,.2676583783478714,.3235480798281287,.126357745243252,.0104500065957306,.0758914499836675,.57120470967259,6.556527969164224,atlas_department_pair,0,treat_19,drop_rounding_band,adjacent_categories,p1_mserd,455,391,64,243,212,198,45,193,19,203,190,0,8,1,1,0,.0328484763309624,.0328484763309624,.055068782981986,.055068782981986,46,31,1
broad_atlas,ab,2019,2,dept_pair_08_12,Departments: JUNIN + PIURA,2,834,54,45,42,.3472381134073552,.3931514138036034,.1742568729124305,.0240606027772144,.0516142188366664,.7346886087705404,5.090258655462748,atlas_department_pair,0,treat_19,drop_rounding_band,adjacent_categories,p1_mserd,315,258,57,173,142,130,43,128,14,148,132,0,3,1,1,0,.0307186068853183,.0307186068853183,.0522981021924861,.0522981021924861,31,23,1
broad_atlas,ab,2019,3,dept_pair_08_13,Departments: JUNIN + PUNO,2,984,69,67,62,.239490335173794,.2732092879484311,.1380064695758129,.0477389756537795,.0027215779463153,.543696997950547,3.91915127122874,atlas_department_pair,0,treat_19,drop_rounding_band,adjacent_categories,p1_mserd,424,362,62,222,202,180,42,182,20,191,192,0,3,1,1,0,.0306350364497335,.0306350364497335,.0503922281258859,.0503922281258859,43,26,1
broad_atlas,ab,2019,4,dept_pair_08_15,Departments: JUNIN + UCAYALI,2,968,56,50,46,.3343224063540173,.4073304143099636,.232962482248966,.080380817082033,-.0492676606470613,.8639284892669885,3.057184912487116,atlas_department_pair,0,treat_19,drop_rounding_band,adjacent_categories,p1_mserd,368,288,80,214,154,152,62,136,18,180,145,0,3,1,1,0,.0238876931450296,.0238876931450296,.0404719306640572,.0404719306640572,32,24,1
broad_atlas,ab,2019,5,dept_pair_08_14,Departments: JUNIN + SAN MARTIN,2,1315,57,60,53,.2835475729194976,.3106118640620632,.1840009186150616,.0913921248524122,-.050023309545743,.6712470376698694,2.849680020037738,atlas_department_pair,0,treat_19,drop_rounding_band,adjacent_categories,p1_mserd,393,329,64,221,172,172,49,157,15,185,158,0,3,1,1,0,.023322557576474,.023322557576474,.0440849493833947,.0440849493833947,33,24,1
broad_atlas,ab,2019,6,dept_pair_02_08,Departments: APURIMAC + JUNIN,2,1244,186,94,97,.1321900746129068,.1787021069934305,.1122600769722523,.1114166036859494,-.0413236007738782,.3987278147607392,2.534012044870382,atlas_department_pair,0,treat_19,drop_rounding_band,adjacent_categories,p1_mserd,613,522,91,289,324,231,58,291,33,233,292,0,4,1,1,0,.0470896169101873,.0470896169101873,.0743899728485168,.0743899728485168,126,60,1
broad_atlas,ab,2019,7,dept_pair_05_08,Departments: CUSCO + JUNIN,2,904,66,55,54,.2588203267908047,.3342168798391303,.226360046471084,.1398141341983236,-.1094406587830072,.7778744184612678,2.18000360620186,atlas_department_pair,0,treat_19,drop_rounding_band,adjacent_categories,p1_mserd,385,293,92,206,179,148,58,145,34,175,167,0,4,1,1,0,.0297723371857885,.0297723371857885,.0464659071277783,.0464659071277783,39,27,1
broad_atlas,ab,2019,8,dept_pair_03_08,Departments: AYACUCHO + JUNIN,2,2146,321,122,118,.0959845920058127,.1292847316118895,.0978938616544074,.1866139928138398,-.0625837115382956,.3211531747620745,1.744148886991939,atlas_department_pair,0,treat_19,drop_rounding_band,adjacent_categories,p1_mserd,1262,1090,172,628,634,509,119,581,53,430,549,0,3,1,1,0,.0371273450015104,.0371273450015104,.0646509790834436,.0646509790834436,208,113,1
broad_atlas,ab,2019,9,dept_pair_07_08,Departments: HUANUCO + JUNIN,2,1616,127,88,77,.0952290286316892,.1008727430746599,.1578875966949821,.522894755826823,-.2085812600530902,.4103267462024099,.408179917566789,atlas_department_pair,0,treat_19,drop_rounding_band,adjacent_categories,p1_mserd,613,493,120,320,293,243,77,250,43,252,275,0,3,1,1,0,.0352136586042311,.0352136586042311,.0484461706349305,.0484461706349305,75,52,1
broad_atlas,ab,2019,10,dept_pair_08_11,Departments: JUNIN + PASCO,2,1119,106,64,59,.0330408429361426,.0807943727392515,.1809995656441282,.655323628652803,-.2739582571406329,.4355470026191359,.1992540519631919,atlas_department_pair,0,treat_19,drop_rounding_band,adjacent_categories,p1_mserd,465,373,92,248,217,181,67,192,25,201,201,0,3,1,1,0,.0385853511336709,.0385853511336709,.0636292159843804,.0636292159843804,65,41,1
broad_atlas,ab,2020,1,dept_pair_05_08,Departments: CUSCO + JUNIN,2,904,71,55,54,.3811796610884923,.4505253791691646,.1712465522531506,.0085169588808796,.1148883042763331,.786162454061996,6.921414344698131,atlas_department_pair,0,treat_20,drop_rounding_band,adjacent_categories,p1_mserd,385,307,78,206,179,158,48,149,30,175,167,0,4,1,1,0,.0319861552483584,.0319861552483584,.0517156526366258,.0517156526366258,42,29,1
broad_atlas,ab,2020,2,dept_pair_06_08,Departments: HUANCAVELICA + JUNIN,2,1179,82,83,73,.2673367178074129,.3227777324527763,.1249897178874001,.0098106044713095,.0778023869556504,.5677530779499022,6.668966824272234,atlas_department_pair,0,treat_20,drop_rounding_band,adjacent_categories,p1_mserd,455,397,58,243,212,203,40,194,18,203,190,0,8,1,1,0,.0338043938356829,.0338043938356829,.0571522840398075,.0571522840398075,50,32,1
broad_atlas,ab,2020,3,dept_pair_08_12,Departments: JUNIN + PIURA,2,834,61,45,42,.3608919331756786,.412610408192136,.1655476061282717,.0126884015190949,.0881430624539013,.7370777539303708,6.21204435092812,atlas_department_pair,0,treat_20,drop_rounding_band,adjacent_categories,p1_mserd,315,263,52,173,142,135,38,128,14,148,132,0,3,1,1,0,.0336278956890343,.0336278956890343,.0576944832056483,.0576944832056483,37,24,1
broad_atlas,ab,2020,4,dept_08,Department: JUNIN,1,758,57,44,41,.3469594914707141,.3992506054642275,.1673448304061278,.0170422075856973,.0712607648692538,.7272404460592012,5.692021939451938,atlas_department,0,treat_20,drop_rounding_band,adjacent_categories,p1_mserd,307,259,48,168,139,134,34,125,14,144,130,0,3,1,1,0,.0329711975076534,.0329711975076534,.0550954304675124,.0550954304675124,35,22,1
broad_atlas,ab,2020,5,dept_pair_08_09,Departments: JUNIN + LA LIBERTAD,2,776,57,44,41,.3469594914707141,.3992506054642275,.1673448304061278,.0170422075856973,.0712607648692538,.7272404460592012,5.692021939451938,atlas_department_pair,0,treat_20,drop_rounding_band,adjacent_categories,p1_mserd,307,259,48,168,139,134,34,125,14,144,130,0,3,1,1,0,.0329711975076534,.0329711975076534,.0550954304675124,.0550954304675124,35,22,1
broad_atlas,ab,2020,6,dept_pair_04_08,Departments: CAJAMARCA + JUNIN,2,848,58,45,43,.345607063916384,.3961634515911328,.1660535244145162,.0170439828196258,.0707045242327386,.7216223789495269,5.691839145285255,atlas_department_pair,0,treat_20,drop_rounding_band,adjacent_categories,p1_mserd,310,261,49,169,141,134,35,127,14,145,132,0,3,1,1,0,.0331095115117037,.0331095115117037,.0558951529985043,.0558951529985043,35,23,1
broad_atlas,ab,2020,7,dept_pair_01_08,Departments: ANCASH + JUNIN,2,823,55,48,41,.3476999712257396,.3996133018516683,.16808911608448,.0174356655154167,.0701646881329152,.7290619155704214,5.651980897172587,atlas_department_pair,0,treat_20,drop_rounding_band,adjacent_categories,p1_mserd,311,262,49,172,139,137,35,125,14,146,130,0,3,1,1,0,.0326981365580254,.0326981365580254,.0543534186016478,.0543534186016478,33,22,1
broad_atlas,ab,2020,8,dept_pair_08_10,Departments: JUNIN + LIMA,2,810,53,47,43,.3491987695573662,.3997073496129098,.1683944127515918,.0176138174591304,.0696603654220175,.7297543338038021,5.634156580289009,atlas_department_pair,0,treat_20,drop_rounding_band,adjacent_categories,p1_mserd,313,264,49,171,142,137,34,127,15,146,133,0,3,1,1,0,.0320813685525039,.0320813685525039,.0538167191534499,.0538167191534499,32,21,1
broad_atlas,ab,2020,9,dept_pair_08_13,Departments: JUNIN + PUNO,2,984,77,67,62,.2352518168422904,.2725401454071292,.1313571732266244,.0380048752655922,.0150848167719564,.5299954740423021,4.304803960968794,atlas_department_pair,0,treat_20,drop_rounding_band,adjacent_categories,p1_mserd,424,368,56,222,202,186,36,182,20,191,192,0,3,1,1,0,.0333462551560573,.0333462551560573,.0541576293411691,.0541576293411691,49,28,1
broad_atlas,ab,2020,10,dept_pair_08_15,Departments: JUNIN + UCAYALI,2,968,58,50,46,.3397172570144589,.4104681924191205,.2279537137879163,.0717557538112573,-.036312876747347,.8572492615855879,3.242393152769387,atlas_department_pair,0,treat_20,drop_rounding_band,adjacent_categories,p1_mserd,368,293,75,214,154,157,57,136,18,180,145,0,3,1,1,0,.0248613281774457,.0248613281774457,.0434649535749033,.0434649535749033,33,25,1
broad_atlas,ab,2021,1,dept_pair_06_08,Departments: HUANCAVELICA + JUNIN,2,1179,98,83,73,.1226494323661536,.1794770366365332,.0818929238923051,.0284079566182002,.0189698552189356,.3399842180541309,4.803137569849483,atlas_department_pair,0,treat_21,drop_rounding_band,adjacent_categories,p1_mserd,455,401,54,243,212,207,36,194,18,203,190,0,8,1,1,0,.0372735003271454,.0372735003271454,.0652353067196427,.0652353067196427,62,36,1
broad_atlas,ab,2021,2,dept_pair_05_08,Departments: CUSCO + JUNIN,2,904,102,55,54,.1812989701173338,.270476929959043,.1550129278258021,.0810080367215741,-.0333428257176358,.5742966856357219,3.044560569038282,atlas_department_pair,0,treat_21,drop_rounding_band,adjacent_categories,p1_mserd,385,311,74,206,179,162,44,149,30,175,167,0,4,1,1,0,.0401316153532621,.0401316153532621,.0653913155555858,.0653913155555858,66,36,1
broad_atlas,ab,2021,3,dept_pair_01_08,Departments: ANCASH + JUNIN,2,823,77,48,41,.1237403104783803,.1877648231819993,.1132728545766455,.0973915621295263,-.0342458922142688,.4097755385782673,2.747747204587577,atlas_department_pair,0,treat_21,drop_rounding_band,adjacent_categories,p1_mserd,311,266,45,172,139,141,31,125,14,146,130,0,3,1,1,0,.0395543777819289,.0395543777819289,.0661071308516167,.0661071308516167,50,27,1
broad_atlas,ab,2021,4,dept_08,Department: JUNIN,1,758,80,44,41,.1251303113529565,.1850375807026736,.1139487453330895,.104404246579352,-.0382978562337083,.4083730176390556,2.636943277392369,atlas_department,0,treat_21,drop_rounding_band,adjacent_categories,p1_mserd,307,263,44,168,139,138,30,125,14,144,130,0,3,1,1,0,.040710925968084,.040710925968084,.0673085886196608,.0673085886196608,53,27,1
broad_atlas,ab,2021,5,dept_pair_08_09,Departments: JUNIN + LA LIBERTAD,2,776,80,44,41,.1251303113529565,.1850375807026736,.1139487453330895,.104404246579352,-.0382978562337083,.4083730176390556,2.636943277392369,atlas_department_pair,0,treat_21,drop_rounding_band,adjacent_categories,p1_mserd,307,263,44,168,139,138,30,125,14,144,130,0,3,1,1,0,.040710925968084,.040710925968084,.0673085886196608,.0673085886196608,53,27,1
broad_atlas,ab,2021,6,dept_pair_08_10,Departments: JUNIN + LIMA,2,810,80,47,43,.1253154204708147,.1811674127181191,.1143579711729497,.1131451999655766,-.042970092125932,.4053049175621701,2.509731608808673,atlas_department_pair,0,treat_21,drop_rounding_band,adjacent_categories,p1_mserd,313,268,45,171,142,141,30,127,15,146,133,0,3,1,1,0,.0399867655821021,.0399867655821021,.0658313983326894,.0658313983326894,53,27,1
broad_atlas,ab,2021,7,dept_pair_04_08,Departments: CAJAMARCA + JUNIN,2,848,84,45,43,.1226605129796976,.1707441764585993,.1138068241577591,.1335371686312641,-.0523131000854914,.39380145300269,2.250894768732125,atlas_department_pair,0,treat_21,drop_rounding_band,adjacent_categories,p1_mserd,310,265,45,169,141,138,31,127,14,145,132,0,3,1,1,0,.0430023079279747,.0430023079279747,.0705335020093506,.0705335020093506,54,30,1
broad_atlas,ab,2021,8,dept_pair_08_13,Departments: JUNIN + PUNO,2,984,102,67,62,.0817089299292786,.1142868980772598,.0838820156292403,.1730489730059031,-.0501188315066771,.2786926276611966,1.856329966339895,atlas_department_pair,0,treat_21,drop_rounding_band,adjacent_categories,p1_mserd,424,372,52,222,202,190,32,182,20,191,192,0,3,1,1,0,.0408515128279633,.0408515128279633,.0660865416277049,.0660865416277049,69,33,1
broad_atlas,ab,2021,9,dept_pair_08_12,Departments: JUNIN + PIURA,2,834,102,45,42,.1370444817547183,.1607757573544648,.1209572832384689,.1837838044234157,-.0762961614607446,.3978476761696742,1.766758057048742,atlas_department_pair,0,treat_21,drop_rounding_band,adjacent_categories,p1_mserd,315,267,48,173,142,139,34,128,14,148,132,0,3,1,1,0,.0500967509225294,.0500967509225294,.075639380008923,.075639380008923,69,33,1
broad_atlas,ab,2021,10,dept_pair_08_14,Departments: JUNIN + SAN MARTIN,2,1315,97,60,53,.1023696572499273,.1287016240837902,.1007263469355977,.2013427217228821,-.0687183882042677,.326121636371848,1.63260787651251,atlas_department_pair,0,treat_21,drop_rounding_band,adjacent_categories,p1_mserd,393,343,50,221,172,185,36,158,14,185,158,0,3,1,1,0,.038531828871464,.038531828871464,.0673352397733264,.0673352397733264,62,35,1
broad_atlas,ab,2022,1,dept_pair_02_08,Departments: APURIMAC + JUNIN,2,1244,136,94,97,.1403777105821131,.1869614670368684,.070622160354159,.0081125711949954,.0485445762323043,.3253783578414325,7.008453837281959,atlas_department_pair,0,treat_22,drop_rounding_band,adjacent_categories,p1_mserd,613,553,60,289,324,249,40,304,20,233,292,0,4,1,1,0,.035927867152151,.035927867152151,.0582528621232986,.0582528621232986,92,44,1
broad_atlas,ab,2022,2,dept_pair_02_06,Departments: APURIMAC + HUANCAVELICA,2,907,111,89,88,.1202104355920115,.1787279087194769,.071489134381285,.0124168433061451,.0386117800462142,.3188440373927395,6.250354797851419,atlas_department_pair,0,treat_22,drop_rounding_band,adjacent_categories,p1_mserd,454,424,30,196,258,180,16,244,14,174,233,0,6,1,1,0,.0408144742604412,.0408144742604412,.0729278099526339,.0729278099526339,72,39,1
broad_atlas,ab,2022,3,dept_pair_02_04,Departments: APURIMAC + CAJAMARCA,2,576,79,51,58,.1429192226783269,.2098588065533606,.0934127250786347,.0246671235175372,.0267732297014953,.392944383405226,5.047104700066626,atlas_department_pair,0,treat_22,drop_rounding_band,adjacent_categories,p1_mserd,309,286,23,122,187,109,13,177,10,114,172,0,1,1,1,0,.0403534410292233,.0403534410292233,.0674454493703407,.0674454493703407,52,27,1
broad_atlas,ab,2022,4,dept_pair_02_13,Departments: APURIMAC + PUNO,2,712,97,73,77,.1064228718244091,.1410576927315863,.0635266489559982,.0263882948322928,.0165477487193109,.2655676367438617,4.930394361666917,atlas_department_pair,0,treat_22,drop_rounding_band,adjacent_categories,p1_mserd,423,395,28,175,248,162,13,233,15,157,231,0,1,1,1,0,.0400778563489738,.0400778563489738,.06354971516925,.06354971516925,66,31,1
broad_atlas,ab,2022,5,dept_pair_02_09,Departments: APURIMAC + LA LIBERTAD,2,504,81,50,56,.138030201560186,.2028639937529311,.0917866415097046,.0270934324862318,.0229654821320209,.3827625053738413,4.884847204763421,atlas_department_pair,0,treat_22,drop_rounding_band,adjacent_categories,p1_mserd,306,284,22,121,185,109,12,175,10,113,171,0,1,1,1,0,.0428553913978378,.0428553913978378,.0714793120318852,.0714793120318852,56,25,1
broad_atlas,ab,2022,6,dept_pair_01_02,Departments: ANCASH + APURIMAC,2,551,84,54,56,.1338923544075965,.1935695585643711,.0925692869586222,.03652111204962,.0121370900509183,.3750020270778238,4.372605355610343,atlas_department_pair,0,treat_22,drop_rounding_band,adjacent_categories,p1_mserd,310,287,23,125,185,112,13,175,10,117,171,0,1,1,1,0,.0444650959116861,.0444650959116861,.07424952039473,.07424952039473,59,25,1
broad_atlas,ab,2022,7,dept_pair_02_10,Departments: APURIMAC + LIMA,2,538,84,53,58,.1354396896173,.192060438353544,.0923309039592928,.0375134565658712,.0110951919333035,.3730256847737846,4.326947805453909,atlas_department_pair,0,treat_22,drop_rounding_band,adjacent_categories,p1_mserd,312,289,23,124,188,112,12,177,11,116,174,0,1,1,1,0,.044316066640507,.044316066640507,.072226818222713,.072226818222713,59,25,1
broad_atlas,ab,2022,8,dept_pair_02_14,Departments: APURIMAC + SAN MARTIN,2,1043,106,66,68,.1181850428016262,.1493565431537689,.0795318478835162,.0603885052860453,-.0065230143218409,.3052361006293787,3.526682479885284,atlas_department_pair,0,treat_22,drop_rounding_band,adjacent_categories,p1_mserd,392,364,28,174,218,156,18,208,10,159,203,0,1,1,1,0,.0413312848748998,.0413312848748998,.0639651019547838,.0639651019547838,71,35,1
broad_atlas,ab,2022,9,dept_pair_08_12,Departments: JUNIN + PIURA,2,834,76,45,42,.1230774456397661,.1837456945603124,.1105910095855366,.0966153695397808,-.0330087012412631,.400500090361888,2.760544153735334,atlas_department_pair,0,treat_22,drop_rounding_band,adjacent_categories,p1_mserd,315,274,41,173,142,142,31,132,10,148,132,0,3,1,1,0,.0387827634513644,.0387827634513644,.0662488585859942,.0662488585859942,49,27,1
broad_atlas,ab,2022,10,dept_pair_04_08,Departments: CAJAMARCA + JUNIN,2,848,81,45,43,.1230270858226425,.1827949159402138,.1123144130090439,.1036248859559716,-.0373372885022691,.4029271203826967,2.64884924457849,atlas_department_pair,0,treat_22,drop_rounding_band,adjacent_categories,p1_mserd,310,271,39,169,141,140,29,131,10,145,132,0,3,1,1,0,.0405489067151858,.0405489067151858,.0676088627139535,.0676088627139535,52,29,1
broad_atlas,ab,2023,1,dept_pair_02_06,Departments: APURIMAC + HUANCAVELICA,2,907,88,89,88,.1567694563828077,.2167259687021548,.0858559598458219,.0115929835788115,.0484513795462267,.3850005578580828,6.372076921967561,atlas_department_pair,0,treat_23,drop_rounding_band,adjacent_categories,p1_mserd,454,428,26,196,258,182,14,246,12,174,233,0,6,1,1,0,.0338357430584429,.0338357430584429,.0629866108597512,.0629866108597512,59,29,1
broad_atlas,ab,2023,2,dept_pair_02_08,Departments: APURIMAC + JUNIN,2,1244,136,94,97,.0981772843769768,.1407453638744105,.0579166582198164,.0150931526028989,.0272307996586546,.2542599280901664,5.905561627582747,atlas_department_pair,0,treat_23,drop_rounding_band,adjacent_categories,p1_mserd,613,560,53,289,324,253,36,307,17,233,292,0,4,1,1,0,.0360928703294625,.0360928703294625,.0629442469376613,.0629442469376613,92,44,1
broad_atlas,ab,2023,3,dept_pair_02_13,Departments: APURIMAC + PUNO,2,712,94,73,77,.1041102455241247,.1347576421392984,.0629445433920858,.0322825270681974,.0113886040674916,.2581266802111052,4.583430306771247,atlas_department_pair,0,treat_23,drop_rounding_band,adjacent_categories,p1_mserd,423,397,26,175,248,162,13,235,13,157,231,0,1,1,1,0,.0396584702056892,.0396584702056892,.0627300900858654,.0627300900858654,64,30,1
broad_atlas,ab,2023,4,dept_pair_02_04,Departments: APURIMAC + CAJAMARCA,2,576,82,51,58,.1194852169214955,.1801289521618261,.0862020091135187,.0366524596441296,.011176118904336,.3490817854193162,4.366487982372238,atlas_department_pair,0,treat_23,drop_rounding_band,adjacent_categories,p1_mserd,309,288,21,122,187,109,13,179,8,114,172,0,1,1,1,0,.0421171586364821,.0421171586364821,.067880403100469,.067880403100469,55,27,1
broad_atlas,ab,2023,5,dept_pair_02_09,Departments: APURIMAC + LA LIBERTAD,2,504,90,50,56,.0981779534426068,.1522580188735405,.0837982746090676,.0692234104189322,-.0119835813268293,.3164996190739103,3.301339558337528,atlas_department_pair,0,treat_23,drop_rounding_band,adjacent_categories,p1_mserd,306,286,20,121,185,109,12,177,8,113,171,0,1,1,1,0,.0459604682205684,.0459604682205684,.0726985009477211,.0726985009477211,62,28,1
broad_atlas,ab,2023,6,dept_pair_02_14,Departments: APURIMAC + SAN MARTIN,2,1043,105,66,68,.1104024635776373,.137448342777303,.0788534338632542,.0813185357714806,-.0171015476519863,.2919982332065924,3.038349959876727,atlas_department_pair,0,treat_23,drop_rounding_band,adjacent_categories,p1_mserd,392,366,26,174,218,156,18,210,8,159,203,0,1,1,1,0,.0405714511479132,.0405714511479132,.0621663097956229,.0621663097956229,70,35,1
broad_atlas,ab,2023,7,dept_pair_06_08,Departments: HUANCAVELICA + JUNIN,2,1179,97,83,73,.0721667755153403,.1143367579685388,.0696538583728633,.1006938176074277,-.0221822958265268,.2508558117636045,2.694519867399636,atlas_department_pair,0,treat_23,drop_rounding_band,adjacent_categories,p1_mserd,455,416,39,243,212,217,26,199,13,203,190,0,8,1,1,0,.0362791532841682,.0362791532841682,.0616579537914085,.0616579537914085,61,36,1
broad_atlas,ab,2023,8,dept_pair_02_10,Departments: APURIMAC + LIMA,2,538,96,53,58,.0873272215905057,.1336302099833937,.0835540712313247,.1097481548711291,-.030132760391697,.2973931803584844,2.557844092888574,atlas_department_pair,0,treat_23,drop_rounding_band,adjacent_categories,p1_mserd,312,291,21,124,188,112,12,179,9,116,174,0,1,1,1,0,.0472989301148143,.0472989301148143,.0731126026559898,.0731126026559898,63,33,1
broad_atlas,ab,2023,9,dept_pair_01_02,Departments: ANCASH + APURIMAC,2,551,96,54,56,.0759525847171973,.1266321671298831,.082431932832932,.1244886462316692,-.0349314523986883,.2881957866584546,2.359919083821038,atlas_department_pair,0,treat_23,drop_rounding_band,adjacent_categories,p1_mserd,310,289,21,125,185,112,13,177,8,117,171,0,1,1,1,0,.0484045779221871,.0484045779221871,.0758712410232597,.0758712410232597,62,34,1
broad_atlas,ab,2023,10,dept_pair_06_13,Departments: HUANCAVELICA + PUNO,2,647,51,62,53,.0436950209657585,.0705260216971815,.0522377024658974,.1769845248126873,-.0318579937710966,.1729100371654596,1.822764820159207,atlas_department_pair,0,treat_23,drop_rounding_band,adjacent_categories,p1_mserd,265,253,12,129,136,126,3,127,9,120,123,0,5,1,1,0,.0388119996238296,.0388119996238296,.0643080605540845,.0643080605540845,31,20,1
broad_atlas,bc,2007,1,dept_pair_03_06,Departments: AYACUCHO + HUANCAVELICA,2,1809,120,120,118,.0183731030385066,.0301498266801474,.0188320022705311,.1093793767279154,-.0067602195268701,.067059872887165,2.563165471568393,atlas_department_pair,0,treat_07,drop_rounding_band,adjacent_categories,p1_mserd,918,36,882,378,540,11,367,25,515,191,397,0,2,1,1,0,.0079611350291637,.0079611350291637,.0173182916720808,.0173182916720808,76,44,1
broad_atlas,bc,2007,2,dept_pair_06_11,Departments: HUANCAVELICA + PASCO,2,782,62,67,60,.0254142296996666,.0460320292790494,.0308550712226631,.1357308987547023,-.0144427990577886,.1065068576158874,2.225702610099227,atlas_department_pair,0,treat_07,drop_rounding_band,adjacent_categories,p1_mserd,395,19,376,235,160,7,228,12,148,139,146,0,0,1,1,0,.008380892272883,.008380892272883,.0163807663145747,.0163807663145747,47,15,1
broad_atlas,bc,2007,3,dept_pair_06_14,Departments: HUANCAVELICA + SAN MARTIN,2,978,75,86,56,.0118134810213917,.0313550328883438,.0213413226072304,.1417739545692838,-.0104731908042781,.0731832565809658,2.15859844319087,atlas_department_pair,0,treat_07,drop_rounding_band,adjacent_categories,p1_mserd,389,18,371,256,133,7,249,11,122,136,117,0,1,1,1,0,.0106943699850465,.0106943699850465,.0201543827851627,.0201543827851627,53,22,1
broad_atlas,bc,2007,4,dept_pair_02_06,Departments: APURIMAC + HUANCAVELICA,2,907,86,89,90,.0689714504639689,.0977797939030577,.0688462274253357,.155530940928808,-.0371563323220539,.2327159201281692,2.017148821121018,atlas_department_pair,0,treat_07,drop_rounding_band,adjacent_categories,p1_mserd,429,25,404,228,201,7,221,18,183,139,175,0,0,1,1,0,.0119565987714908,.0119565987714908,.0182386581759834,.0182386581759834,58,28,1
broad_atlas,bc,2007,5,dept_pair_02_05,Departments: APURIMAC + CUSCO,2,632,77,50,61,.0827499294827854,.0886024205109395,.0655372368474965,.1763944685014957,-.0398482033564249,.2170530443783039,1.82774211541361,atlas_department_pair,0,treat_07,drop_rounding_band,adjacent_categories,p1_mserd,288,11,277,128,160,1,127,10,150,99,147,0,1,1,1,0,.0164375903752784,.0164375903752784,.0188704502162408,.0188704502162408,46,31,1
broad_atlas,bc,2007,6,dept_pair_02_11,Departments: APURIMAC + PASCO,2,847,135,64,70,.0719004429688464,.073762981104798,.0574284777722367,.1989908024318949,-.038794767015745,.186320729225341,1.649765855295673,atlas_department_pair,0,treat_07,drop_rounding_band,adjacent_categories,p1_mserd,404,10,394,203,201,2,201,8,193,130,176,0,0,1,1,0,.016920577564793,.016920577564793,.0180610474259757,.0180610474259757,90,45,1
broad_atlas,bc,2007,7,dept_pair_02_14,Departments: APURIMAC + SAN MARTIN,2,1043,140,83,66,.0571459705121258,.0467421983183118,.0409752782579246,.2539775322047865,-.0335678713237276,.1270522679603512,1.301291054869113,atlas_department_pair,0,treat_07,drop_rounding_band,adjacent_categories,p1_mserd,398,9,389,224,174,2,222,7,167,141,159,0,1,1,1,0,.019196253843647,.019196253843647,.0189537351459304,.0189537351459304,91,49,1
broad_atlas,bc,2007,8,dept_pair_02_12,Departments: APURIMAC + PIURA,2,562,66,44,51,.0907431845198462,.068997952017057,.0626141432550608,.2704813482467943,-.0537235136856938,.1917194177198078,1.214304251335204,atlas_department_pair,0,treat_07,drop_rounding_band,adjacent_categories,p1_mserd,236,8,228,110,126,1,109,7,119,89,117,0,0,1,1,0,.0155696885412457,.0155696885412457,.017990394733638,.017990394733638,42,24,1
broad_atlas,bc,2007,9,dept_pair_02_04,Departments: APURIMAC + CAJAMARCA,2,576,64,48,51,.1028693349910468,.0795065150726444,.0727135808932686,.2742092464271353,-.0630094846651018,.2220225148103907,1.195568242319851,atlas_department_pair,0,treat_07,drop_rounding_band,adjacent_categories,p1_mserd,232,8,224,110,122,1,109,7,115,87,114,0,0,1,1,0,.0165117673529963,.0165117673529963,.0181301091386483,.0181301091386483,41,23,1
broad_atlas,bc,2007,10,dept_pair_02_10,Departments: APURIMAC + LIMA,2,538,64,55,52,.1030439905787522,.0797504568265718,.0731082753627545,.275337117507558,-.063539129856264,.2230400435094076,1.189962515386804,atlas_department_pair,0,treat_07,drop_rounding_band,adjacent_categories,p1_mserd,235,8,227,112,123,1,111,7,116,88,115,1,1,1,1,0,.0160189744324271,.0160189744324271,.0179766406454606,.0179766406454606,42,22,1
broad_atlas,bc,2008,1,dept_pair_01_02,Departments: ANCASH + APURIMAC,2,551,51,56,54,.2575647969574614,.3170484884602355,.1982149576933005,.1097054450639144,-.0714456898157639,.7055426667362348,2.5584593778256,atlas_department_pair,0,treat_08,drop_rounding_band,adjacent_categories,p1_mserd,240,30,210,115,125,7,108,23,102,87,117,0,0,1,1,0,.0127549603864235,.0127549603864235,.0208287366447162,.0208287366447162,30,21,1
broad_atlas,bc,2008,2,dept_pair_02_14,Departments: APURIMAC + SAN MARTIN,2,1043,92,83,66,.1546110141067391,.1917770195731578,.1211583957814956,.1134529236148804,-.0456890725832232,.4292431117295388,2.505452082554931,atlas_department_pair,0,treat_08,drop_rounding_band,adjacent_categories,p1_mserd,398,33,365,224,174,10,214,23,151,141,159,0,1,1,1,0,.0141593265914116,.0141593265914116,.0254449551526922,.0254449551526922,57,35,1
broad_atlas,bc,2008,3,dept_pair_02_05,Departments: APURIMAC + CUSCO,2,632,56,50,61,.2044419353427306,.2566366383550638,.1623863981593457,.1140136359781115,-.0616348536164351,.5749081303265627,2.497687025295678,atlas_department_pair,0,treat_08,drop_rounding_band,adjacent_categories,p1_mserd,288,31,257,128,160,6,122,25,135,99,147,0,1,1,1,0,.0120623516744588,.0120623516744588,.019119985842137,.019119985842137,30,26,1
broad_atlas,bc,2008,4,dept_pair_02_12,Departments: APURIMAC + PIURA,2,562,52,44,51,.2269422072833701,.2769434984380258,.177499549842245,.1187010458974136,-.0709492265248466,.6248362234008982,2.434376999949461,atlas_department_pair,0,treat_08,drop_rounding_band,adjacent_categories,p1_mserd,236,28,208,110,126,6,104,22,104,89,117,0,0,1,1,0,.0128557307816611,.0128557307816611,.0194863003503808,.0194863003503808,30,22,1
broad_atlas,bc,2008,5,dept_pair_02_11,Departments: APURIMAC + PASCO,2,847,89,64,70,.196545843448869,.2353717123362065,.1531570673922016,.1243424035350306,-.0648106237302824,.5355540484026953,2.361752858657277,atlas_department_pair,0,treat_08,drop_rounding_band,adjacent_categories,p1_mserd,404,35,369,203,201,8,195,27,174,130,176,0,0,1,1,0,.0118375666702471,.0118375666702471,.0185468074337728,.0185468074337728,57,32,1
broad_atlas,bc,2008,6,dept_pair_02_15,Departments: APURIMAC + UCAYALI,2,696,62,53,56,.2516918800179914,.3042509046765616,.2078205393295073,.143191798625781,-.1030698676569625,.7115716770100856,2.14331903708912,atlas_department_pair,0,treat_08,drop_rounding_band,adjacent_categories,p1_mserd,311,34,277,144,167,8,136,26,141,111,150,0,0,1,1,0,.0100516470921445,.0100516470921445,.0160339988987008,.0160339988987008,35,27,1
broad_atlas,bc,2008,7,dept_pair_11_15,Departments: PASCO + UCAYALI,2,571,67,31,26,.0114603191869682,.0342440646070042,.0249572988240846,.1700303777348153,-.0146713422396055,.0831594714536139,1.88267544114641,atlas_department_pair,0,treat_08,drop_rounding_band,adjacent_categories,p1_mserd,277,13,264,151,126,4,147,9,117,108,114,0,0,1,1,0,.0116281670025743,.0116281670025743,.0169807701762907,.0169807701762907,44,23,1
broad_atlas,bc,2008,8,dept_pair_02_06,Departments: APURIMAC + HUANCAVELICA,2,907,69,89,90,.2488508901074505,.2969058672819106,.2218854562069581,.1808624624214206,-.1379816355769666,.7317933701407878,1.790522927399752,atlas_department_pair,0,treat_08,drop_rounding_band,adjacent_categories,p1_mserd,429,67,362,228,201,23,205,44,157,139,175,0,0,1,1,0,.009463919347156,.009463919347156,.0144908717405597,.0144908717405597,46,23,1
broad_atlas,bc,2008,9,dept_pair_05_11,Departments: CUSCO + PASCO,2,507,58,28,31,.0242440023415336,.0386837492819192,.0324768727595234,.2336077291368565,-.0249697516572367,.102337250221075,1.4187592698684,atlas_department_pair,0,treat_08,drop_rounding_band,adjacent_categories,p1_mserd,254,10,244,135,119,2,133,8,111,98,106,0,1,1,1,0,.0116400130440628,.0116400130440628,.023022453277902,.023022453277902,36,22,1
broad_atlas,bc,2008,10,dept_pair_02_13,Departments: APURIMAC + PUNO,2,712,83,64,73,.1201900248091076,.1597897395922765,.1464339127437822,.2751817214102131,-.1272154555008175,.4467949346853705,1.190733148593783,atlas_department_pair,0,treat_08,drop_rounding_band,adjacent_categories,p1_mserd,331,34,297,156,175,11,145,23,152,111,157,0,0,1,1,0,.0138986455646175,.0138986455646175,.0206791469880372,.0206791469880372,47,36,1
broad_atlas,bc,2009,1,dept_pair_02_13,Departments: APURIMAC + PUNO,2,712,74,64,73,.4376129247803177,.5141733120811103,.1691880262690711,.0023731409734322,.1825708739783144,.8457757501839062,9.235912590466549,atlas_department_pair,0,treat_09,drop_rounding_band,adjacent_categories,p1_mserd,331,60,271,156,175,22,134,38,137,111,157,0,0,1,1,0,.0119929368322629,.0119929368322629,.0194668629687158,.0194668629687158,42,32,1
broad_atlas,bc,2009,2,dept_pair_02_04,Departments: APURIMAC + CAJAMARCA,2,576,55,48,51,.5022358210869275,.5603192387500389,.1942581273188304,.0039215325696887,.1795803055009349,.9410581719991429,8.319795916725724,atlas_department_pair,0,treat_09,drop_rounding_band,adjacent_categories,p1_mserd,232,49,183,110,122,16,94,33,89,87,114,0,0,1,1,0,.0150858788834393,.0150858788834393,.0250139421988954,.0250139421988954,34,21,1
broad_atlas,bc,2009,3,dept_pair_02_15,Departments: APURIMAC + UCAYALI,2,696,64,53,56,.4862983046455323,.5441349713948158,.1901094911416168,.0042068629609086,.1715272156380105,.9167427271516211,8.192296814110776,atlas_department_pair,0,treat_09,drop_rounding_band,adjacent_categories,p1_mserd,311,60,251,144,167,19,125,41,126,111,150,0,0,1,1,0,.011659458294125,.011659458294125,.0211850760904345,.0211850760904345,37,27,1
broad_atlas,bc,2009,4,dept_pair_02_12,Departments: APURIMAC + PIURA,2,562,55,44,51,.4568925152785655,.5173280234546985,.1858553257315293,.00537761084018,.1530582786859408,.8815977682234563,7.747863991278697,atlas_department_pair,0,treat_09,drop_rounding_band,adjacent_categories,p1_mserd,236,49,187,110,126,16,94,33,93,89,117,0,0,1,1,0,.0137295660184397,.0137295660184397,.0214747809806457,.0214747809806457,33,22,1
broad_atlas,bc,2009,5,dept_pair_02_14,Departments: APURIMAC + SAN MARTIN,2,1043,124,83,66,.3435877282174146,.3985687715395294,.150328948749322,.008018001158828,.1039294461570908,.6932080969219679,7.029449175756459,atlas_department_pair,0,treat_09,drop_rounding_band,adjacent_categories,p1_mserd,398,64,334,224,174,24,200,40,134,141,159,0,1,1,1,0,.0171611278619235,.0171611278619235,.0291881024698399,.0291881024698399,82,42,1
broad_atlas,bc,2009,6,dept_pair_02_06,Departments: APURIMAC + HUANCAVELICA,2,907,62,89,90,.5929619322448902,.6772010435156149,.2709122742434723,.0124296402887645,.1462227430285713,1.208179344002659,6.248530199292506,atlas_department_pair,0,treat_09,drop_rounding_band,adjacent_categories,p1_mserd,429,114,315,228,201,42,186,72,129,139,175,0,0,1,1,0,.0080470645995299,.0080470645995299,.0138174513409891,.0138174513409891,44,18,1
broad_atlas,bc,2009,7,dept_pair_02_11,Departments: APURIMAC + PASCO,2,847,135,64,70,.3051315698829316,.3589773137215614,.1598447968195768,.024717675637237,.0456872688390683,.6722673586040545,5.043557760273647,atlas_department_pair,0,treat_09,drop_rounding_band,adjacent_categories,p1_mserd,404,58,346,203,201,19,184,39,162,130,176,0,0,1,1,0,.0171902275266331,.0171902275266331,.0299566573645661,.0299566573645661,90,45,1
broad_atlas,bc,2009,8,dept_pair_02_05,Departments: APURIMAC + CUSCO,2,632,87,50,61,.3263576008470323,.3753295715440915,.1716462764726197,.0287684072996748,.0389090515773521,.7117500915108308,4.781418886718822,atlas_department_pair,0,treat_09,drop_rounding_band,adjacent_categories,p1_mserd,288,56,232,128,160,16,112,40,120,99,147,0,1,1,1,0,.0179236478871112,.0179236478871112,.0288617374012428,.0288617374012428,53,34,1
broad_atlas,bc,2009,9,dept_pair_06_14,Departments: HUANCAVELICA + SAN MARTIN,2,978,65,86,56,.3881159192549367,.4995744977384856,.277540306646435,.071859531227959,-.0443945075467295,1.043543503023701,3.240025238868457,atlas_department_pair,0,treat_09,drop_rounding_band,adjacent_categories,p1_mserd,389,80,309,256,133,34,222,46,87,136,117,0,1,1,1,0,.0094818947900294,.0094818947900294,.0149640481713129,.0149640481713129,46,19,1
broad_atlas,bc,2009,10,dept_pair_02_03,Departments: APURIMAC + AYACUCHO,2,1874,157,117,128,.2232239728904376,.2459592433308305,.1650677139160854,.1362109363381944,-.0775675309550578,.5694860176167187,2.220250739459756,atlas_department_pair,0,treat_09,drop_rounding_band,adjacent_categories,p1_mserd,927,180,747,346,581,44,302,136,445,184,421,0,2,1,1,0,.010326674088383,.010326674088383,.0180328259192312,.0180328259192312,87,70,1
broad_atlas,bc,2010,1,dept_pair_02_14,Departments: APURIMAC + SAN MARTIN,2,1043,67,83,66,.5478161675870173,.6565988527744876,.2010703082826995,.0010926378870974,.262508290180031,1.050689415368944,10.66361241456333,atlas_department_pair,0,treat_10,drop_rounding_band,adjacent_categories,p1_mserd,398,84,314,224,174,38,186,46,128,141,159,0,1,1,1,0,.008463065304756,.008463065304756,.0153064729211539,.0153064729211539,39,28,1
broad_atlas,bc,2010,2,dept_pair_01_02,Departments: ANCASH + APURIMAC,2,551,52,56,54,.5616588281722021,.6358978296201852,.2015862891984115,.0016079010553118,.2407959630142229,1.030999696226147,9.950678725440632,atlas_department_pair,0,treat_10,drop_rounding_band,adjacent_categories,p1_mserd,240,64,176,115,125,25,90,39,86,87,117,0,0,1,1,0,.0128889402965747,.0128889402965747,.0218545204636372,.0218545204636372,31,21,1
broad_atlas,bc,2010,3,dept_pair_02_05,Departments: APURIMAC + CUSCO,2,632,52,50,61,.4837702427660945,.5779314039631269,.2005384364673217,.0039528713872307,.1848832909712027,.9709795169550511,8.30533852500424,atlas_department_pair,0,treat_10,drop_rounding_band,adjacent_categories,p1_mserd,288,70,218,128,160,25,103,45,115,99,147,0,1,1,1,0,.0102999939458558,.0102999939458558,.0173522181603445,.0173522181603445,28,24,1
broad_atlas,bc,2010,4,dept_pair_02_11,Departments: APURIMAC + PASCO,2,847,82,64,70,.4469158633672302,.5118685905472132,.2103532139904824,.0149587329550278,.0995838670936207,.9241533140008058,5.921321721108074,atlas_department_pair,0,treat_10,drop_rounding_band,adjacent_categories,p1_mserd,404,72,332,203,201,27,176,45,156,130,176,0,0,1,1,0,.0109605145489377,.0109605145489377,.0176630641230686,.0176630641230686,51,31,1
broad_atlas,bc,2010,5,dept_pair_02_06,Departments: APURIMAC + HUANCAVELICA,2,907,51,89,90,.6332890689252548,.7163185516402159,.3164840508424133,.0236132708544502,.0960212103077427,1.336615892972689,5.122815801086639,atlas_department_pair,0,treat_10,drop_rounding_band,adjacent_categories,p1_mserd,429,149,280,228,201,62,166,87,114,139,175,0,0,1,1,0,.0070962202537685,.0070962202537685,.0126924967845188,.0126924967845188,34,17,1
broad_atlas,bc,2010,6,dept_pair_02_15,Departments: APURIMAC + UCAYALI,2,696,63,53,56,.4588225122563342,.536799528644214,.2443224711013479,.0280137062717806,.0579362846717441,1.015662772616684,4.827223723255628,atlas_department_pair,0,treat_10,drop_rounding_band,adjacent_categories,p1_mserd,311,77,234,144,167,28,116,49,118,111,150,0,0,1,1,0,.010131831014549,.010131831014549,.0171273697861557,.0171273697861557,36,27,1
broad_atlas,bc,2010,7,dept_pair_06_14,Departments: HUANCAVELICA + SAN MARTIN,2,978,57,86,56,.481575332957161,.6470727420239418,.3040835554526069,.033341736518178,.0510799250459441,1.243065559001939,4.528145173083406,atlas_department_pair,0,treat_10,drop_rounding_band,adjacent_categories,p1_mserd,389,109,280,256,133,52,204,57,76,136,117,0,1,1,1,0,.0077829880699374,.0077829880699374,.0143162496043174,.0143162496043174,41,16,1
broad_atlas,bc,2010,8,dept_pair_02_13,Departments: APURIMAC + PUNO,2,712,93,64,73,.3076556226304387,.3641619568973908,.1911323775689338,.0567428269847729,-.0104506194172307,.7387745332120124,3.630117009980313,atlas_department_pair,0,treat_10,drop_rounding_band,adjacent_categories,p1_mserd,331,77,254,156,175,32,124,45,130,111,157,0,0,1,1,0,.0153785051107687,.0153785051107687,.0237676497791059,.0237676497791059,55,38,1
broad_atlas,bc,2010,9,dept_pair_11_14,Departments: PASCO + SAN MARTIN,2,918,77,61,36,.2539426288064298,.3223075819634869,.2097821963955657,.1244423918766836,-.0888579675695302,.7334731314965039,2.360498820326471,atlas_department_pair,0,treat_10,drop_rounding_band,adjacent_categories,p1_mserd,364,32,332,231,133,17,214,15,118,137,120,0,1,1,1,0,.0110590540850821,.0110590540850821,.0172931804809445,.0172931804809445,50,27,1
broad_atlas,bc,2010,10,dept_pair_02_03,Departments: APURIMAC + AYACUCHO,2,1874,204,117,128,.1799365432382562,.1962413810200987,.1443117000434566,.1738793356524046,-.0866043536128235,.479087115653021,1.849175357310941,atlas_department_pair,0,treat_10,drop_rounding_band,adjacent_categories,p1_mserd,927,237,690,346,581,67,279,170,411,184,421,0,2,1,1,0,.0133050498410123,.0133050498410123,.0218140175621567,.0218140175621567,118,86,1
broad_atlas,bc,2011,1,dept_pair_02_14,Departments: APURIMAC + SAN MARTIN,2,1043,67,83,66,.586276498807871,.6835828400660013,.2071324740054904,.0009660888560409,.2776106509865613,1.089555029145441,10.89145544859487,atlas_department_pair,0,treat_11,drop_rounding_band,adjacent_categories,p1_mserd,398,94,304,224,174,44,180,50,124,141,159,0,1,1,1,0,.008487802961266,.008487802961266,.0149133009253929,.0149133009253929,39,28,1
broad_atlas,bc,2011,2,dept_pair_02_05,Departments: APURIMAC + CUSCO,2,632,52,50,61,.5557369896956577,.6410258625241719,.212118594169144,.0025109697430665,.2252810575013818,1.056770667546962,9.132582899620619,atlas_department_pair,0,treat_11,drop_rounding_band,adjacent_categories,p1_mserd,288,78,210,128,160,29,99,49,111,99,147,0,1,1,1,0,.0101984362748536,.0101984362748536,.0165633323900138,.0165633323900138,28,24,1
broad_atlas,bc,2011,3,dept_pair_02_11,Departments: APURIMAC + PASCO,2,847,83,64,70,.5119786880481823,.5795145161067998,.2221315963806978,.0090839286066904,.1441445873722444,1.014884444841355,6.806251024229192,atlas_department_pair,0,treat_11,drop_rounding_band,adjacent_categories,p1_mserd,404,79,325,203,201,31,172,48,153,130,176,0,0,1,1,0,.0111601652258698,.0111601652258698,.0173098911463149,.0173098911463149,51,32,1
broad_atlas,bc,2011,4,dept_pair_02_15,Departments: APURIMAC + UCAYALI,2,696,63,53,56,.5410546977180088,.6169499600822612,.2461407736946755,.0121935704959649,.1345229085138733,1.099377011650649,6.282503774204393,atlas_department_pair,0,treat_11,drop_rounding_band,adjacent_categories,p1_mserd,311,87,224,144,167,33,111,54,113,111,150,0,0,1,1,0,.0103933130818516,.0103933130818516,.0177324512152735,.0177324512152735,36,27,1
broad_atlas,bc,2011,5,dept_pair_02_13,Departments: APURIMAC + PUNO,2,712,82,64,73,.4119301058540467,.4826167391275029,.1972026737631225,.0143925643773185,.096106600896781,.8691268773582248,5.989342706837196,atlas_department_pair,0,treat_11,drop_rounding_band,adjacent_categories,p1_mserd,331,85,246,156,175,36,120,49,126,111,157,0,0,1,1,0,.0136349361447548,.0136349361447548,.0218440271691073,.0218440271691073,46,36,1
broad_atlas,bc,2011,6,dept_pair_02_06,Departments: APURIMAC + HUANCAVELICA,2,907,52,89,90,.6205669513941549,.7003549115362848,.3198543341296697,.0285528365761782,.0734519363430917,1.327257886729478,4.794373646618277,atlas_department_pair,0,treat_11,drop_rounding_band,adjacent_categories,p1_mserd,429,167,262,228,201,72,156,95,106,139,175,0,0,1,1,0,.0071858410312049,.0071858410312049,.012591647442692,.012591647442692,35,17,1
broad_atlas,bc,2011,7,dept_pair_02_03,Departments: APURIMAC + AYACUCHO,2,1874,239,117,128,.2038336843441148,.2335012060112732,.133984933856489,.0813786467739433,-.0291044388184266,.4961068508409729,3.037150573766865,atlas_department_pair,0,treat_11,drop_rounding_band,adjacent_categories,p1_mserd,927,293,634,346,581,88,258,205,376,184,421,0,2,1,1,0,.0152110799297241,.0152110799297241,.02531541985311,.02531541985311,137,102,1
broad_atlas,bc,2011,8,dept_pair_06_14,Departments: HUANCAVELICA + SAN MARTIN,2,978,61,86,56,.3691003801347579,.5084053573652838,.3045186199975075,.0950108387980982,-.0884401704516694,1.105250885182237,2.78735658049489,atlas_department_pair,0,treat_11,drop_rounding_band,adjacent_categories,p1_mserd,389,123,266,256,133,60,196,63,70,136,117,0,1,1,1,0,.0085177046462302,.0085177046462302,.0151144825666795,.0151144825666795,44,17,1
broad_atlas,bc,2011,9,dept_pair_11_14,Departments: PASCO + SAN MARTIN,2,918,77,61,36,.2547170241437546,.323575493236054,.2100473561018562,.123441374056872,-.0881097597714436,.7352607462435516,2.373104183591591,atlas_department_pair,0,treat_11,drop_rounding_band,adjacent_categories,p1_mserd,364,35,329,231,133,19,212,16,117,137,120,0,1,1,1,0,.0110063112856897,.0110063112856897,.0172151909378558,.0172151909378558,50,27,1
broad_atlas,bc,2011,10,dept_pair_05_11,Departments: CUSCO + PASCO,2,507,52,28,31,.0170810335692309,.0321359711302973,.0245650297223925,.1908054924793452,-.0160106024047478,.0802825446653425,1.711387159847984,atlas_department_pair,0,treat_11,drop_rounding_band,adjacent_categories,p1_mserd,254,19,235,135,119,4,131,15,104,98,106,0,1,1,1,0,.0108180216308459,.0108180216308459,.0241742484848398,.0241742484848398,33,19,1
broad_atlas,bc,2012,1,dept_pair_02_06,Departments: APURIMAC + HUANCAVELICA,2,907,50,89,90,.8996067647636535,1.019114243931496,.1527953688679055,2.56155768805e-11,.7196408239458886,1.318587663917103,44.48620520776744,atlas_department_pair,0,treat_12,drop_rounding_band,adjacent_categories,p1_mserd,429,177,252,228,201,72,156,105,96,139,175,0,0,1,1,0,.007052661407159,.007052661407159,.0119899832638898,.0119899832638898,34,16,1
broad_atlas,bc,2012,2,dept_pair_02_14,Departments: APURIMAC + SAN MARTIN,2,1043,70,83,66,.672418825906695,.7976031643358139,.1808021160444923,.0000102671041179,.4432375285599776,1.15196880011165,19.46107017012802,atlas_department_pair,0,treat_12,drop_rounding_band,adjacent_categories,p1_mserd,398,120,278,224,174,55,169,65,109,141,159,0,1,1,1,0,.0095526096433104,.0095526096433104,.0163516398574493,.0163516398574493,40,30,1
broad_atlas,bc,2012,3,dept_pair_02_15,Departments: APURIMAC + UCAYALI,2,696,62,53,56,.7276849510737645,.8415338765349802,.2098233956492631,.0000605448800726,.4302875779485263,1.252780175121434,16.08553036313302,atlas_department_pair,0,treat_12,drop_rounding_band,adjacent_categories,p1_mserd,311,97,214,144,167,34,110,63,104,111,150,0,0,1,1,0,.0100141509961958,.0100141509961958,.0160914779487705,.0160914779487705,35,27,1
broad_atlas,bc,2012,4,dept_pair_02_05,Departments: APURIMAC + CUSCO,2,632,54,50,61,.6740847803743046,.7890228078823027,.1991583878807668,.0000743913671812,.3986795404169415,1.179366075347664,15.69574413209179,atlas_department_pair,0,treat_12,drop_rounding_band,adjacent_categories,p1_mserd,288,89,199,128,160,31,97,58,102,99,147,0,1,1,1,0,.0112277681591082,.0112277681591082,.0179915439707918,.0179915439707918,28,26,1
broad_atlas,bc,2012,5,dept_pair_02_13,Departments: APURIMAC + PUNO,2,712,69,64,73,.5587773601048855,.6703316431029734,.1982608979766826,.0007220723602249,.2817474235261057,1.058915862679841,11.43155483349696,atlas_department_pair,0,treat_12,drop_rounding_band,adjacent_categories,p1_mserd,331,98,233,156,175,38,118,60,115,111,157,0,0,1,1,0,.0113816081046399,.0113816081046399,.0188143759480007,.0188143759480007,37,32,1
broad_atlas,bc,2012,6,dept_pair_02_11,Departments: APURIMAC + PASCO,2,847,87,64,70,.6298051298465753,.7168196162031081,.253892048266405,.0047528453179689,.2192003456398494,1.214438886766367,7.971160698028785,atlas_department_pair,0,treat_12,drop_rounding_band,adjacent_categories,p1_mserd,404,88,316,203,201,31,172,57,144,130,176,0,0,1,1,0,.0116081773921366,.0116081773921366,.0177937824818632,.0177937824818632,55,32,1
broad_atlas,bc,2012,7,dept_pair_06_14,Departments: HUANCAVELICA + SAN MARTIN,2,978,62,86,56,.4844651664812345,.6343579865672857,.2921383233907189,.0298986658923105,.0617773942175615,1.20693857891701,4.715109241010103,atlas_department_pair,0,treat_12,drop_rounding_band,adjacent_categories,p1_mserd,389,143,246,256,133,71,185,72,61,136,117,0,1,1,1,0,.0086472823213868,.0086472823213868,.0155492276769016,.0155492276769016,45,17,1
broad_atlas,bc,2012,8,dept_pair_02_03,Departments: APURIMAC + AYACUCHO,2,1874,193,117,128,.3150657522773993,.3546838355986141,.1656258970582907,.0322356951895222,.0300630424572258,.6793046287400023,4.585918219140163,atlas_department_pair,0,treat_12,drop_rounding_band,adjacent_categories,p1_mserd,927,337,590,346,581,101,245,236,345,184,421,0,2,1,1,0,.012973542323814,.012973542323814,.0223658428075706,.0223658428075706,109,84,1
broad_atlas,bc,2012,9,leaveout_dept_08,Leave out: JUNIN,14,4954,489,360,296,.1346777740128178,.1635760509126505,.1115088244767408,.1423940957464203,-.0549772290201598,.3821293308454607,2.15189443915991,atlas_leave_one_out,0,treat_12,drop_rounding_band,adjacent_categories,p1_mserd,2219,706,1513,1122,1097,288,834,418,679,293,615,1,6,1,1,0,.0121886061607251,.0121886061607251,.0213317690454372,.0213317690454372,293,196,1
broad_atlas,bc,2012,10,dept_pair_11_14,Departments: PASCO + SAN MARTIN,2,918,88,61,36,.2888406638455653,.3651782806312907,.252598778950457,.1482655569136421,-.1299062286503993,.8602627899129807,2.090005289598022,atlas_department_pair,0,treat_12,drop_rounding_band,adjacent_categories,p1_mserd,364,54,310,231,133,30,201,24,109,137,120,0,1,1,1,0,.0122823365139997,.0122823365139997,.0188739258860338,.0188739258860338,59,29,1
broad_atlas,bc,2013,1,dept_pair_02_14,Departments: APURIMAC + SAN MARTIN,2,1043,64,83,66,.929861296938829,1.075827759851832,.1449810132878793,1.16702401613e-13,.7916701953654652,1.359985324338198,55.06342622164578,atlas_department_pair,0,treat_13,drop_rounding_band,adjacent_categories,p1_mserd,398,135,263,224,174,58,166,77,97,141,159,0,1,1,1,0,.0081684590170686,.0081684590170686,.0148889727824451,.0148889727824451,38,26,1
broad_atlas,bc,2013,2,dept_pair_02_06,Departments: APURIMAC + HUANCAVELICA,2,907,51,89,90,.9017013396617253,1.024137249247572,.1533187434231472,2.39282328699e-11,.7236380339832666,1.324636464511878,44.61961536694008,atlas_department_pair,0,treat_13,drop_rounding_band,adjacent_categories,p1_mserd,429,191,238,228,201,73,155,118,83,139,175,0,0,1,1,0,.0071177506909622,.0071177506909622,.0121670454724817,.0121670454724817,34,17,1
broad_atlas,bc,2013,3,dept_pair_06_14,Departments: HUANCAVELICA + SAN MARTIN,2,978,52,86,56,.8962505628152191,1.087628159347696,.2019950967311309,7.26751778493e-08,.6917250447009946,1.483531273994396,28.99207046611414,atlas_department_pair,0,treat_13,drop_rounding_band,adjacent_categories,p1_mserd,389,158,231,256,133,75,181,83,50,136,117,0,1,1,1,0,.0074391667308817,.0074391667308817,.0143508455927507,.0143508455927507,38,14,1
broad_atlas,bc,2013,4,dept_pair_02_05,Departments: APURIMAC + CUSCO,2,632,54,50,61,.6727137988269934,.7880296376599705,.1989615781276399,.0000747264152664,.3980721102225442,1.177987165097397,15.68724462841995,atlas_department_pair,0,treat_13,drop_rounding_band,adjacent_categories,p1_mserd,288,96,192,128,160,31,97,65,95,99,147,0,1,1,1,0,.0112824995009808,.0112824995009808,.0181395098382706,.0181395098382706,28,26,1
broad_atlas,bc,2013,5,dept_pair_02_15,Departments: APURIMAC + UCAYALI,2,696,63,53,56,.7226982593658007,.8348666201750669,.2111092053778543,.0000766413044724,.4211001808296031,1.248633059520531,15.63939154063108,atlas_department_pair,0,treat_13,drop_rounding_band,adjacent_categories,p1_mserd,311,104,207,144,167,34,110,70,97,111,150,0,0,1,1,0,.0101512154403131,.0101512154403131,.016329749652891,.016329749652891,36,27,1
broad_atlas,bc,2013,6,dept_pair_02_13,Departments: APURIMAC + PUNO,2,712,68,64,73,.5605410999628602,.6738020093592031,.1981865005188335,.0006742577085338,.2853636061202607,1.062240412598146,11.55889889999801,atlas_department_pair,0,treat_13,drop_rounding_band,adjacent_categories,p1_mserd,331,108,223,156,175,39,117,69,106,111,157,0,0,1,1,0,.0113169694429547,.0113169694429547,.0187065643220216,.0187065643220216,36,32,1
broad_atlas,bc,2013,7,dept_pair_02_11,Departments: APURIMAC + PASCO,2,847,87,64,70,.6297927815000803,.7169131316031123,.2539088424913892,.0047501541863949,.2192609449637362,1.214565318242488,7.972185940227096,atlas_department_pair,0,treat_13,drop_rounding_band,adjacent_categories,p1_mserd,404,95,309,203,201,31,172,64,137,130,176,0,0,1,1,0,.0116096008382312,.0116096008382312,.0179741000764746,.0179741000764746,55,32,1
broad_atlas,bc,2013,8,dept_pair_11_14,Departments: PASCO + SAN MARTIN,2,918,81,61,36,.5612747048142204,.6707195475253844,.2960748382241489,.0234898819754227,.0904235278775297,1.251015567173239,5.131908754462231,atlas_department_pair,0,treat_13,drop_rounding_band,adjacent_categories,p1_mserd,364,62,302,231,133,33,198,29,104,137,120,0,1,1,1,0,.0113320436132987,.0113320436132987,.0176835939538469,.0176835939538469,53,28,1
broad_atlas,bc,2013,9,leaveout_dept_08,Leave out: JUNIN,14,4954,417,360,296,.2103579120308997,.2486020824432469,.1231079466543325,.0434474373724112,.007314940790077,.4898892240964168,4.077907300597505,atlas_leave_one_out,0,treat_13,drop_rounding_band,adjacent_categories,p1_mserd,2219,743,1476,1122,1097,296,826,447,650,293,615,1,6,1,1,0,.0102542107702281,.0102542107702281,.018605586484699,.018605586484699,245,172,1
broad_atlas,bc,2013,10,dept_pair_01_14,Departments: ANCASH + SAN MARTIN,2,622,54,53,20,.4659709317596051,.5492051119453754,.2780809898252228,.0482701244197329,.0041763871026896,1.094233836788061,3.900556208510674,atlas_department_pair,0,treat_13,drop_rounding_band,adjacent_categories,p1_mserd,200,54,146,143,57,31,112,23,34,99,56,0,1,1,1,0,.0150338071758775,.0150338071758775,.0277491142994753,.0277491142994753,35,19,1
broad_atlas,bc,2014,1,dept_pair_02_14,Departments: APURIMAC + SAN MARTIN,2,1043,64,83,66,.929861296938829,1.075827759851832,.1449810132878793,1.16702401613e-13,.7916701953654652,1.359985324338198,55.06342622164578,atlas_department_pair,0,treat_14,drop_rounding_band,adjacent_categories,p1_mserd,398,135,263,224,174,58,166,77,97,141,159,0,1,1,1,0,.0081684590170686,.0081684590170686,.0148889727824451,.0148889727824451,38,26,1
broad_atlas,bc,2014,2,dept_pair_06_14,Departments: HUANCAVELICA + SAN MARTIN,2,978,51,86,56,.9092046146344287,1.105863138647548,.1988410549323351,2.67399298644e-08,.7161418323322211,1.495584444962876,30.93076397979123,atlas_department_pair,0,treat_14,drop_rounding_band,adjacent_categories,p1_mserd,389,161,228,256,133,75,181,86,47,136,117,0,1,1,1,0,.007288147887393,.007288147887393,.0144262770638686,.0144262770638686,37,14,1
broad_atlas,bc,2014,3,dept_pair_02_05,Departments: APURIMAC + CUSCO,2,632,53,50,61,.6769570287735613,.792759978395891,.1998009332809833,.0000725546513158,.4011573450876736,1.184362611704108,15.74303312672622,atlas_department_pair,0,treat_14,drop_rounding_band,adjacent_categories,p1_mserd,288,98,190,128,160,32,96,66,94,99,147,0,1,1,1,0,.0111079812915602,.0111079812915602,.017602779607627,.017602779607627,28,25,1
broad_atlas,bc,2014,4,dept_pair_02_15,Departments: APURIMAC + UCAYALI,2,696,63,53,56,.7226252909879984,.8347640589528696,.2111322433517811,.0000769358701843,.4209524660082326,1.248575651897507,15.63213725730231,atlas_department_pair,0,treat_14,drop_rounding_band,adjacent_categories,p1_mserd,311,105,206,144,167,34,110,71,96,111,150,0,0,1,1,0,.0101531340091135,.0101531340091135,.0163343588764379,.0163343588764379,36,27,1
broad_atlas,bc,2014,5,dept_pair_02_13,Departments: APURIMAC + PUNO,2,712,68,64,73,.5606109750528183,.6739303890791963,.1981817945585849,.0006724635524089,.285501209352854,1.062359568805539,11.56385312468603,atlas_department_pair,0,treat_14,drop_rounding_band,adjacent_categories,p1_mserd,331,110,221,156,175,39,117,71,104,111,157,0,0,1,1,0,.011314092494954,.011314092494954,.018702914039291,.018702914039291,36,32,1
broad_atlas,bc,2014,6,dept_pair_02_11,Departments: APURIMAC + PASCO,2,847,90,64,70,.6582844212783017,.741549839259001,.2537182675152083,.0034697792270314,.244271172709294,1.238828505808708,8.542347133534246,atlas_department_pair,0,treat_14,drop_rounding_band,adjacent_categories,p1_mserd,404,98,306,203,201,32,171,66,135,130,176,0,0,1,1,0,.0122067058130904,.0122067058130904,.0185935001799148,.0185935001799148,58,32,1
broad_atlas,bc,2014,7,dept_pair_11_14,Departments: PASCO + SAN MARTIN,2,918,88,61,36,.5778029795314054,.6868456815905934,.2966894691541609,.0206111686267368,.1053450074561308,1.268346355725056,5.359374197803463,atlas_department_pair,0,treat_14,drop_rounding_band,adjacent_categories,p1_mserd,364,65,299,231,133,34,197,31,102,137,120,0,1,1,1,0,.0120341812306035,.0120341812306035,.0181456636972383,.0181456636972383,59,29,1
broad_atlas,bc,2014,8,leaveout_dept_08,Leave out: JUNIN,14,4954,425,360,296,.2067981374706954,.2426243202548675,.1214200369942297,.0456924804397789,.0046454207446563,.4806032197650786,3.992895476080191,atlas_leave_one_out,0,treat_14,drop_rounding_band,adjacent_categories,p1_mserd,2219,774,1445,1122,1097,299,823,475,622,293,615,1,6,1,1,0,.0106070189927508,.0106070189927508,.0188881034992467,.0188881034992467,249,176,1
broad_atlas,bc,2014,9,dept_pair_01_14,Departments: ANCASH + SAN MARTIN,2,622,54,53,20,.4659709317596051,.5492051119453754,.2780809898252228,.0482701244197329,.0041763871026896,1.094233836788061,3.900556208510674,atlas_department_pair,0,treat_14,drop_rounding_band,adjacent_categories,p1_mserd,200,54,146,143,57,31,112,23,34,99,56,0,1,1,1,0,.0150338071758775,.0150338071758775,.0277491142994753,.0277491142994753,35,19,1
broad_atlas,bc,2014,10,dept_pair_02_03,Departments: APURIMAC + AYACUCHO,2,1874,171,117,128,.2873036429732788,.3305386761934328,.1767447914072932,.061463458501508,-.0158747494199062,.6769521018067718,3.497448421362047,atlas_department_pair,0,treat_14,drop_rounding_band,adjacent_categories,p1_mserd,927,370,557,346,581,104,242,266,315,184,421,0,2,1,1,0,.0118760235279195,.0118760235279195,.0204791724309293,.0204791724309293,96,75,1
broad_atlas,bc,2015,1,dept_pair_02_14,Departments: APURIMAC + SAN MARTIN,2,1043,64,83,66,.9296370489830403,1.075573116947507,.1450158919380422,1.19863776514e-13,.7913471915629924,1.359799042332022,55.01089129136349,atlas_department_pair,0,treat_15,drop_rounding_band,adjacent_categories,p1_mserd,398,139,259,224,174,58,166,81,93,141,159,0,1,1,1,0,.008171858410661,.008171858410661,.0148948936358438,.0148948936358438,38,26,1
broad_atlas,bc,2015,2,dept_pair_06_14,Departments: HUANCAVELICA + SAN MARTIN,2,978,51,86,56,.9098451131427741,1.106506498049238,.1987000019284694,2.56603961834e-08,.7170616505413991,1.495951345557077,31.01074463781484,atlas_department_pair,0,treat_15,drop_rounding_band,adjacent_categories,p1_mserd,389,162,227,256,133,75,181,87,46,136,117,0,1,1,1,0,.0072820303760145,.0072820303760145,.0144127463557349,.0144127463557349,37,14,1
broad_atlas,bc,2015,3,dept_pair_02_05,Departments: APURIMAC + CUSCO,2,632,53,50,61,.6767206128930428,.7924449386519523,.199772952074454,.0000728661056306,.4008971475007763,1.183992729803128,15.73493007350513,atlas_department_pair,0,treat_15,drop_rounding_band,adjacent_categories,p1_mserd,288,101,187,128,160,32,96,69,91,99,147,0,1,1,1,0,.0111181982137801,.0111181982137801,.0176266482402393,.0176266482402393,28,25,1
broad_atlas,bc,2015,4,dept_pair_02_15,Departments: APURIMAC + UCAYALI,2,696,63,53,56,.7221690882192547,.8341197844820296,.211277729445201,.0000788141125916,.4200230440340381,1.248216524930021,15.58652867184456,atlas_department_pair,0,treat_15,drop_rounding_band,adjacent_categories,p1_mserd,311,108,203,144,167,34,110,74,93,111,150,0,0,1,1,0,.010165189253768,.010165189253768,.016364015552132,.016364015552132,36,27,1
broad_atlas,bc,2015,5,dept_pair_02_13,Departments: APURIMAC + PUNO,2,712,69,64,73,.5598428237323185,.6726271977748775,.1982036496807865,.0006897618490524,.2841551827961422,1.061099212753613,11.51663369756976,atlas_department_pair,0,treat_15,drop_rounding_band,adjacent_categories,p1_mserd,331,113,218,156,175,39,117,74,101,111,157,0,0,1,1,0,.0113425085533643,.0113425085533643,.0187388523578547,.0187388523578547,37,32,1
broad_atlas,bc,2015,6,dept_pair_02_11,Departments: APURIMAC + PASCO,2,847,90,64,70,.6582784648340686,.7414853907516323,.2536562215352096,.0034646476448775,.2443283320881083,1.238642449415156,8.545041171040529,atlas_department_pair,0,treat_15,drop_rounding_band,adjacent_categories,p1_mserd,404,102,302,203,201,32,171,70,131,130,176,0,0,1,1,0,.0122162454277725,.0122162454277725,.0186156395352868,.0186156395352868,58,32,1
broad_atlas,bc,2015,7,dept_pair_11_14,Departments: PASCO + SAN MARTIN,2,918,88,61,36,.577941166877683,.6870022235778557,.2967012092603106,.0205873213269846,.1054785392581651,1.268525907897546,5.36139311997236,atlas_department_pair,0,treat_15,drop_rounding_band,adjacent_categories,p1_mserd,364,67,297,231,133,34,197,33,100,137,120,0,1,1,1,0,.012031005039154,.012031005039154,.018138343000371,.018138343000371,59,29,1
broad_atlas,bc,2015,8,dept_pair_02_03,Departments: APURIMAC + AYACUCHO,2,1874,186,117,128,.3636775551122807,.4041612395463577,.1757513699650518,.021469798606792,.0596948841812818,.7486275949114337,5.28824885096015,atlas_department_pair,0,treat_15,drop_rounding_band,adjacent_categories,p1_mserd,927,388,539,346,581,104,242,284,297,184,421,0,2,1,1,0,.0125259174054552,.0125259174054552,.0208320558226838,.0208320558226838,105,81,1
broad_atlas,bc,2015,9,leaveout_dept_08,Leave out: JUNIN,14,4954,441,360,296,.2230255451058732,.2558592827934526,.1201774808945175,.0332532787195618,.0203157484874479,.4914028170994573,4.532691523550523,atlas_leave_one_out,0,treat_15,drop_rounding_band,adjacent_categories,p1_mserd,2219,795,1424,1122,1097,299,823,496,601,293,615,1,6,1,1,0,.011146451782349,.011146451782349,.0191706684778805,.0191706684778805,257,184,1
broad_atlas,bc,2015,10,leaveout_dept_07,Leave out: HUANUCO,14,4854,471,357,296,.2122280885603756,.2395936960106856,.1165136606521492,.0397481059745125,.0112311174255516,.4679562745958196,4.228604617377566,atlas_leave_one_out,0,treat_15,drop_rounding_band,adjacent_categories,p1_mserd,2202,785,1417,1086,1116,271,815,514,602,285,607,1,5,1,1,0,.0125084949714109,.0125084949714109,.0210314102711137,.0210314102711137,271,200,1
broad_atlas,bc,2016,1,dept_pair_02_14,Departments: APURIMAC + SAN MARTIN,2,1043,64,83,66,.9338836092464466,1.083191908737384,.1444704809345611,6.49624769241e-14,.8000349692764641,1.366348848198304,56.21504691237615,atlas_department_pair,0,treat_16,drop_rounding_band,adjacent_categories,p1_mserd,398,148,250,224,174,58,166,90,84,141,159,0,1,1,1,0,.0081098472359937,.0081098472359937,.01495498024073,.01495498024073,38,26,1
broad_atlas,bc,2016,2,dept_pair_06_14,Departments: HUANCAVELICA + SAN MARTIN,2,978,51,86,56,.9102902260752264,1.106949944438007,.1986026482412089,2.49396844639e-08,.7176959066509602,1.496203982225053,31.06603985916728,atlas_department_pair,0,treat_16,drop_rounding_band,adjacent_categories,p1_mserd,389,164,225,256,133,75,181,89,44,136,117,0,1,1,1,0,.0072778191886612,.0072778191886612,.014403527281173,.014403527281173,37,14,1
broad_atlas,bc,2016,3,dept_pair_01_02,Departments: ANCASH + APURIMAC,2,551,51,56,54,.8194022820155854,.9034455972840241,.183937993351133,9.02967483395e-07,.5429337549272355,1.263957439640813,24.12465564945405,atlas_department_pair,0,treat_16,drop_rounding_band,adjacent_categories,p1_mserd,240,99,141,115,125,29,86,70,55,87,117,0,0,1,1,0,.0128111601921362,.0128111601921362,.0205388033338863,.0205388033338863,30,21,1
broad_atlas,bc,2016,4,dept_pair_02_15,Departments: APURIMAC + UCAYALI,2,696,60,53,56,.7271843012640291,.8474547964898035,.2088088262209828,.0000493847055059,.4381970174425944,1.256712575537013,16.47158455523621,atlas_department_pair,0,treat_16,drop_rounding_band,adjacent_categories,p1_mserd,311,116,195,144,167,34,110,82,85,111,150,0,0,1,1,0,.0096891026685029,.0096891026685029,.0160378384786783,.0160378384786783,34,26,1
broad_atlas,bc,2016,5,dept_pair_02_05,Departments: APURIMAC + CUSCO,2,632,52,50,61,.6603976821131563,.7820508171540645,.2016202277451664,.000104959580029,.3868824322187751,1.177219202089354,15.04533098655507,atlas_department_pair,0,treat_16,drop_rounding_band,adjacent_categories,p1_mserd,288,110,178,128,160,32,96,78,82,99,147,0,1,1,1,0,.0108466241297474,.0108466241297474,.0174969705304393,.0174969705304393,28,24,1
broad_atlas,bc,2016,6,dept_pair_02_13,Departments: APURIMAC + PUNO,2,712,75,64,73,.5186943632256518,.6070814747758557,.2131836882304532,.0044037527075568,.189249123752752,1.024913825798959,8.109349493674681,atlas_department_pair,0,treat_16,drop_rounding_band,adjacent_categories,p1_mserd,331,123,208,156,175,39,117,84,91,111,157,0,0,1,1,0,.0121135529871201,.0121135529871201,.0195257162722605,.0195257162722605,42,33,1
broad_atlas,bc,2016,7,dept_pair_02_11,Departments: APURIMAC + PASCO,2,847,90,64,70,.6390601552320927,.7205622440342225,.2542244488878782,.0045918343950195,.2222914802244376,1.218833007844007,8.033566174615476,atlas_department_pair,0,treat_16,drop_rounding_band,adjacent_categories,p1_mserd,404,115,289,203,201,32,171,83,118,130,176,0,0,1,1,0,.0121425070348719,.0121425070348719,.018338128564677,.018338128564677,58,32,1
broad_atlas,bc,2016,8,dept_pair_02_03,Departments: APURIMAC + AYACUCHO,2,1874,188,117,128,.3774609612458236,.4140198958829995,.1754413001801068,.0182809933404202,.0701612661291098,.7578785256368892,5.569019636392404,atlas_department_pair,0,treat_16,drop_rounding_band,adjacent_categories,p1_mserd,927,406,521,346,581,104,242,302,279,184,421,0,2,1,1,0,.0126877295912781,.0126877295912781,.0207813754791833,.0207813754791833,106,82,1
broad_atlas,bc,2016,9,dept_pair_11_14,Departments: PASCO + SAN MARTIN,2,918,88,61,36,.5774424474666124,.6864356123974854,.2966589331321063,.0206738541488267,.104994787766481,1.26787643702849,5.354078720633448,atlas_department_pair,0,treat_16,drop_rounding_band,adjacent_categories,p1_mserd,364,73,291,231,133,34,197,39,94,137,120,0,1,1,1,0,.0120425007502155,.0120425007502155,.0181651003349752,.0181651003349752,59,29,1
broad_atlas,bc,2016,10,leaveout_dept_07,Leave out: HUANUCO,14,4854,475,357,296,.239686230675848,.2643862792689399,.1171167001557089,.0239793391066853,.034841764975574,.4939307935623057,5.096126165689076,atlas_leave_one_out,0,treat_16,drop_rounding_band,adjacent_categories,p1_mserd,2202,815,1387,1086,1116,271,815,544,572,285,607,1,5,1,1,0,.0127160963023371,.0127160963023371,.0211389800406199,.0211389800406199,273,202,1
broad_atlas,bc,2017,1,dept_pair_02_14,Departments: APURIMAC + SAN MARTIN,2,1043,54,83,66,1.095786630595796,1.224154739705492,.1296650035003541,3.69579943784e-21,.9700160027895381,1.478293476621446,89.13065224606727,atlas_department_pair,0,treat_17,drop_rounding_band,adjacent_categories,p1_mserd,398,174,224,224,174,58,166,116,58,141,159,0,1,1,1,0,.0074406050193519,.0074406050193519,.0143896167347748,.0143896167347748,31,23,1
broad_atlas,bc,2017,2,dept_pair_02_13,Departments: APURIMAC + PUNO,2,712,62,64,73,.8937910135371507,1.001677663271213,.1523291451166492,4.84100546678e-11,.7031180250468052,1.300237301495621,43.24042652824863,atlas_department_pair,0,treat_17,drop_rounding_band,adjacent_categories,p1_mserd,331,161,170,156,175,39,117,122,53,111,157,0,0,1,1,0,.0096225771865991,.0096225771865991,.0166460975027223,.0166460975027223,34,28,1
broad_atlas,bc,2017,3,dept_pair_02_05,Departments: APURIMAC + CUSCO,2,632,52,50,61,.8747756816335563,.9805324827566593,.1919715911903661,3.26111166588e-07,.6042750779686952,1.356789887544623,26.0885559976439,atlas_department_pair,0,treat_17,drop_rounding_band,adjacent_categories,p1_mserd,288,133,155,128,160,32,96,101,59,99,147,0,1,1,1,0,.0103136590014288,.0103136590014288,.0172653825125834,.0172653825125834,28,24,1
broad_atlas,bc,2017,4,dept_pair_02_03,Departments: APURIMAC + AYACUCHO,2,1874,232,117,128,.6189920505877773,.6709377068621437,.1427122118960558,2.58467934077e-06,.3912269113918256,.9506485023324618,22.10253695600334,atlas_department_pair,0,treat_17,drop_rounding_band,adjacent_categories,p1_mserd,927,482,445,346,581,105,241,377,204,184,421,0,2,1,1,0,.0146889024622563,.0146889024622563,.0254568502719366,.0254568502719366,133,99,1
broad_atlas,bc,2017,5,leaveout_dept_07,Leave out: HUANUCO,14,4854,575,357,296,.3989240466227487,.4250832761169144,.1100328854656156,.0001118936786764,.2094227834892871,.6407437687445416,14.92461147756567,atlas_leave_one_out,0,treat_17,drop_rounding_band,adjacent_categories,p1_mserd,2202,966,1236,1086,1116,274,812,692,424,285,607,1,5,1,1,0,.0149283203752197,.0149283203752197,.0243162367593076,.0243162367593076,336,239,1
broad_atlas,bc,2017,6,leaveout_dept_08,Leave out: JUNIN,14,4954,466,360,296,.4128149912520052,.4508686190377269,.1191491510666462,.00015428496686,.2173405741585782,.6843966639168756,14.31917883893712,atlas_leave_one_out,0,treat_17,drop_rounding_band,adjacent_categories,p1_mserd,2219,962,1257,1122,1097,302,820,660,437,293,615,1,6,1,1,0,.0116309214010146,.0116309214010146,.0203129618578353,.0203129618578353,277,189,1
broad_atlas,bc,2017,7,leaveout_dept_12,Leave out: PIURA,14,5636,645,416,339,.3398575026640748,.3610719427902555,.1064529113798868,.0006942330244772,.1524280704362432,.5697158151442676,11.50462318372606,atlas_leave_one_out,0,treat_17,drop_rounding_band,adjacent_categories,p1_mserd,2556,1136,1420,1293,1263,363,930,773,490,304,649,1,6,1,1,0,.0142661622814736,.0142661622814736,.0227019162508252,.0227019162508252,378,267,1
broad_atlas,bc,2017,8,leaveout_dept_15,Leave out: UCAYALI,14,5502,582,407,334,.3485530285569672,.3723147005097114,.1097963467731118,.0006964900505619,.1571178152003418,.5875115858190809,11.49858998395619,atlas_leave_one_out,0,treat_17,drop_rounding_band,adjacent_categories,p1_mserd,2481,1114,1367,1259,1222,356,903,758,464,303,637,1,6,1,1,0,.0133600916494764,.0133600916494764,.0212425984428133,.0212425984428133,337,245,1
broad_atlas,bc,2017,9,leaveout_dept_05,Leave out: CUSCO,14,5566,603,410,329,.3481270180719047,.3702470804083356,.1096173199523396,.0007311257944127,.1554010812199462,.5850930795967251,11.4084048777815,atlas_leave_one_out,0,treat_17,drop_rounding_band,adjacent_categories,p1_mserd,2504,1118,1386,1275,1229,359,916,759,470,304,637,1,5,1,1,0,.0136511707358865,.0136511707358865,.0218345256416891,.0218345256416891,351,252,1
broad_atlas,bc,2017,10,leaveout_dept_04,Leave out: CAJAMARCA,14,5622,615,412,339,.3400045602390921,.3621403493812345,.1078888968209159,.0007890591501575,.1506819972804815,.5735987014819875,11.26679332216579,atlas_leave_one_out,0,treat_17,drop_rounding_band,adjacent_categories,p1_mserd,2560,1136,1424,1293,1267,362,931,774,493,305,648,1,6,1,1,0,.0136094041956439,.0136094041956439,.0217972379526603,.0217972379526603,355,260,1
broad_atlas,bc,2018,1,dept_pair_02_13,Departments: APURIMAC + PUNO,2,712,72,64,73,.6858448628421052,.7584690202604893,.1994747086830797,.0001433406025445,.367505775415034,1.149432265105945,14.45772681760584,atlas_department_pair,0,treat_18,drop_rounding_band,adjacent_categories,p1_mserd,331,176,155,156,175,44,112,132,43,111,157,0,0,1,1,0,.0116205049526813,.0116205049526813,.0207228018681773,.0207228018681773,40,32,1
broad_atlas,bc,2018,2,dept_pair_02_03,Departments: APURIMAC + AYACUCHO,2,1874,146,117,128,.6574401052681711,.7265590830965885,.1933264938314745,.0001711419985411,.3476461179294937,1.105472048263683,14.12404601109567,atlas_department_pair,0,treat_18,drop_rounding_band,adjacent_categories,p1_mserd,927,547,380,346,581,121,225,426,155,184,421,0,2,1,1,0,.009644261031774,.009644261031774,.0169093465662119,.0169093465662119,80,66,1
broad_atlas,bc,2018,3,dept_pair_02_14,Departments: APURIMAC + SAN MARTIN,2,1043,76,83,66,.7211032263267561,.8087671549325866,.2202305591505395,.0002403154365231,.3771231907024111,1.240411119162762,13.48626994847156,atlas_department_pair,0,treat_18,drop_rounding_band,adjacent_categories,p1_mserd,398,184,214,224,174,60,164,124,50,141,159,0,1,1,1,0,.010653022075825,.010653022075825,.0195313113761807,.0195313113761807,44,32,1
broad_atlas,bc,2018,4,dept_pair_02_15,Departments: APURIMAC + UCAYALI,2,696,63,53,56,.7535323643549807,.8408897836431541,.2329604810448723,.0003066917050798,.3842956309740786,1.29748393631223,13.0290767778104,atlas_department_pair,0,treat_18,drop_rounding_band,adjacent_categories,p1_mserd,311,144,167,144,167,37,107,107,60,111,150,0,0,1,1,0,.0102385505675603,.0102385505675603,.0181606292476363,.0181606292476363,36,27,1
broad_atlas,bc,2018,5,dept_pair_02_12,Departments: APURIMAC + PIURA,2,562,64,44,51,.7173334318686448,.7676322330273264,.2236718582686937,.000599242233601,.3292434464655395,1.206021019589113,11.77832987293949,atlas_department_pair,0,treat_18,drop_rounding_band,adjacent_categories,p1_mserd,236,118,118,110,126,30,80,88,38,89,117,0,0,1,1,0,.0153193847371526,.0153193847371526,.0254468483160605,.0254468483160605,40,24,1
broad_atlas,bc,2018,6,dept_pair_06_14,Departments: HUANCAVELICA + SAN MARTIN,2,978,58,86,56,.7308473059386127,.8910472533304676,.2628181434687601,.0006980173670338,.375933157648017,1.406161349012918,11.49451854651645,atlas_department_pair,0,treat_18,drop_rounding_band,adjacent_categories,p1_mserd,389,191,198,256,133,81,175,110,23,136,117,0,1,1,1,0,.0078619030466071,.0078619030466071,.0150096907023099,.0150096907023099,42,16,1
broad_atlas,bc,2018,7,leaveout_dept_08,Leave out: JUNIN,14,4954,438,360,296,.3828523092600874,.4192244398485444,.1260974698844671,.0008854347950492,.1720779403333648,.6663709393637239,11.05300689479123,atlas_leave_one_out,0,treat_18,drop_rounding_band,adjacent_categories,p1_mserd,2219,1078,1141,1122,1097,328,794,750,347,293,615,1,6,1,1,0,.0110386566097292,.0110386566097292,.0186118038270407,.0186118038270407,256,182,1
broad_atlas,bc,2018,8,leaveout_dept_07,Leave out: HUANUCO,14,4854,410,357,296,.3754945252997861,.4178111422909957,.1326257219959786,.0016310149582847,.157869503755256,.6777527808267354,9.924405780828812,atlas_leave_one_out,0,treat_18,drop_rounding_band,adjacent_categories,p1_mserd,2202,1078,1124,1086,1116,303,783,775,341,285,607,1,5,1,1,0,.0107477083860423,.0107477083860423,.0180496269588758,.0180496269588758,233,177,1
broad_atlas,bc,2018,9,dept_pair_02_05,Departments: APURIMAC + CUSCO,2,632,71,50,61,.6633867251923727,.7153218399738592,.2302807559351183,.001894423866888,.2639798520083692,1.166663827939349,9.649119325209414,atlas_department_pair,0,treat_18,drop_rounding_band,adjacent_categories,p1_mserd,288,140,148,128,160,34,94,106,54,99,147,0,1,1,1,0,.0151596750724087,.0151596750724087,.0245026920546863,.0245026920546863,42,29,1
broad_atlas,bc,2018,10,leaveout_dept_05,Leave out: CUSCO,14,5566,805,410,329,.2778098518734866,.2874763946400799,.0975547452891775,.003210587545061,.0962726073523135,.4786801819278463,8.683755369715781,atlas_leave_one_out,0,treat_18,drop_rounding_band,adjacent_categories,p1_mserd,2504,1237,1267,1275,1229,388,887,849,380,304,637,1,5,1,1,0,.0172648717492879,.0172648717492879,.0260467237587788,.0260467237587788,478,327,1
broad_atlas,bc,2019,1,dept_pair_02_10,Departments: APURIMAC + LIMA,2,538,55,55,52,.7838619797529307,.8493082424740042,.213717860559739,.000070684642206,.4304289329239626,1.268187552024046,15.79243295488013,atlas_department_pair,0,treat_19,drop_rounding_band,adjacent_categories,p1_mserd,235,161,74,112,123,57,55,104,19,88,115,1,1,1,1,0,.014629598779279,.014629598779279,.0251297849780814,.0251297849780814,35,20,1
broad_atlas,bc,2019,2,dept_pair_02_03,Departments: APURIMAC + AYACUCHO,2,1874,141,117,128,.6186216412345384,.6735665273689748,.1725325109894018,.000094616677085,.3354090196674863,1.011724035070463,15.24119810003544,atlas_department_pair,0,treat_19,drop_rounding_band,adjacent_categories,p1_mserd,927,688,239,346,581,206,140,482,99,184,421,0,2,1,1,0,.0094095327041287,.0094095327041287,.0154811571423766,.0154811571423766,77,64,1
broad_atlas,bc,2019,3,dept_pair_01_02,Departments: ANCASH + APURIMAC,2,551,59,56,54,.7145862036236066,.7774514666191019,.2093545188868495,.0002043605136347,.3671241496001665,1.187778783638037,13.79055978317393,atlas_department_pair,0,treat_19,drop_rounding_band,adjacent_categories,p1_mserd,240,162,78,115,125,57,58,105,20,87,117,0,0,1,1,0,.0150025227086525,.0150025227086525,.0255016429293294,.0255016429293294,36,23,1
broad_atlas,bc,2019,4,dept_pair_02_14,Departments: APURIMAC + SAN MARTIN,2,1043,53,83,66,.8679361351079236,.9778972039423379,.2804632842725168,.0004889813118602,.4281992677823862,1.52759514010229,12.15722285794251,atlas_department_pair,0,treat_19,drop_rounding_band,adjacent_categories,p1_mserd,398,273,125,224,174,128,96,145,29,141,159,0,1,1,1,0,.0072165657754889,.0072165657754889,.0142751998692293,.0142751998692293,30,23,1
broad_atlas,bc,2019,5,dept_pair_02_12,Departments: APURIMAC + PIURA,2,562,62,44,51,.684388147404432,.748446155121009,.223860057166406,.000827685884674,.3096885054977757,1.187203804744242,11.17809774028686,atlas_department_pair,0,treat_19,drop_rounding_band,adjacent_categories,p1_mserd,236,155,81,110,126,52,58,103,23,89,117,0,0,1,1,0,.0150784670957707,.0150784670957707,.024681379453897,.024681379453897,38,24,1
broad_atlas,bc,2019,6,dept_pair_02_15,Departments: APURIMAC + UCAYALI,2,696,63,53,56,.718541063042206,.7961074816898897,.2472281642222809,.0012813129605273,.3115491838502653,1.280665779529514,10.36925423353234,atlas_department_pair,0,treat_19,drop_rounding_band,adjacent_categories,p1_mserd,311,184,127,144,167,59,85,125,42,111,150,0,0,1,1,0,.0109029822083408,.0109029822083408,.0206540534109353,.0206540534109353,36,27,1
broad_atlas,bc,2019,7,dept_pair_02_13,Departments: APURIMAC + PUNO,2,712,53,64,73,.7459755697979944,.8069980495592586,.2558901610112612,.0016122065813057,.3054625499790312,1.308533549139486,9.945755875638884,atlas_department_pair,0,treat_19,drop_rounding_band,adjacent_categories,p1_mserd,331,247,84,156,175,94,62,153,22,111,157,0,0,1,1,0,.0081251569810428,.0081251569810428,.0135657590707336,.0135657590707336,29,24,1
broad_atlas,bc,2019,8,dept_pair_02_06,Departments: APURIMAC + HUANCAVELICA,2,907,88,89,90,.4128602809926423,.469675590412892,.1664768203682749,.004783434425685,.1433870182303292,.7959641625954548,7.959548530674177,atlas_department_pair,0,treat_19,drop_rounding_band,adjacent_categories,p1_mserd,429,328,101,228,201,152,76,176,25,139,175,0,0,1,1,0,.0125737035480214,.0125737035480214,.020610785840508,.020610785840508,59,29,1
broad_atlas,bc,2019,9,dept_pair_03_14,Departments: AYACUCHO + SAN MARTIN,2,1945,128,114,94,.5297277205276418,.5979891645418229,.2155736818973987,.0055381334406117,.1754725120082273,1.020505817075418,7.694761276847081,atlas_department_pair,0,treat_19,drop_rounding_band,adjacent_categories,p1_mserd,887,653,234,374,513,230,144,423,90,193,384,0,3,1,1,0,.0084058142616299,.0084058142616299,.0145976434975042,.0145976434975042,73,55,1
broad_atlas,bc,2019,10,dept_pair_03_13,Departments: AYACUCHO + PUNO,2,1614,119,95,101,.517110591632983,.5595875191043622,.2056866075743317,.0065166879972884,.1564491761564486,.9627258620522758,7.401572685507171,atlas_department_pair,0,treat_19,drop_rounding_band,adjacent_categories,p1_mserd,820,627,193,306,514,196,110,431,83,167,377,0,2,1,1,0,.0088239823595266,.0088239823595266,.0140075717836115,.0140075717836115,65,54,1
broad_atlas,bc,2020,1,dept_pair_02_13,Departments: APURIMAC + PUNO,2,712,86,64,73,.4587123346834043,.4856369033573635,.1776293985550416,.0062572047426349,.137489679593971,.8337841271207561,7.474698364982024,atlas_department_pair,0,treat_20,drop_rounding_band,adjacent_categories,p1_mserd,331,268,63,156,175,114,42,154,21,111,157,0,0,1,1,0,.0144402486379053,.0144402486379053,.0225900319873642,.0225900319873642,50,36,1
broad_atlas,bc,2020,2,dept_pair_02_14,Departments: APURIMAC + SAN MARTIN,2,1043,83,83,66,.5709132352892654,.6388902172612574,.2374063421673716,.0071211440097247,.1735823369118165,1.104198097610698,7.242155459063548,atlas_department_pair,0,treat_20,drop_rounding_band,adjacent_categories,p1_mserd,398,297,101,224,174,148,76,149,25,141,159,0,1,1,1,0,.0118647689146428,.0118647689146428,.0212519914919495,.0212519914919495,50,33,1
broad_atlas,bc,2020,3,dept_pair_02_06,Departments: APURIMAC + HUANCAVELICA,2,907,85,89,90,.3570905236177864,.3979441343689487,.1678958641974366,.0177792223134768,.0688742873887451,.7270139813491523,5.617773418702794,atlas_department_pair,0,treat_20,drop_rounding_band,adjacent_categories,p1_mserd,429,350,79,228,201,174,54,176,25,139,175,0,0,1,1,0,.0118274196810321,.0118274196810321,.017476166817966,.017476166817966,57,28,1
broad_atlas,bc,2020,4,dept_pair_02_03,Departments: APURIMAC + AYACUCHO,2,1874,232,117,128,.2621982292501757,.3046710592114314,.1291722194691308,.018341926674534,.0514981612488316,.5578439571740313,5.563193440431025,atlas_department_pair,0,treat_20,drop_rounding_band,adjacent_categories,p1_mserd,927,751,176,346,581,260,86,491,90,184,421,0,2,1,1,0,.0146900111142079,.0146900111142079,.0247362719440203,.0247362719440203,133,99,1
broad_atlas,bc,2020,5,dept_pair_02_15,Departments: APURIMAC + UCAYALI,2,696,63,53,56,.5652041742929848,.6043820536298435,.2717204611286629,.0261296940288528,.0718197359550486,1.136944371304638,4.947416055951414,atlas_department_pair,0,treat_20,drop_rounding_band,adjacent_categories,p1_mserd,311,203,108,144,167,78,66,125,42,111,150,0,0,1,1,0,.0107765559599404,.0107765559599404,.0163897789509781,.0163897789509781,36,27,1
broad_atlas,bc,2020,6,dept_pair_02_08,Departments: APURIMAC + JUNIN,2,1244,105,100,94,.2788310693359207,.3192290370053645,.1612965142638877,.0477997897810386,.0030936782162936,.6353643957944355,3.917011183270351,atlas_department_pair,0,treat_20,drop_rounding_band,adjacent_categories,p1_mserd,573,423,150,281,292,185,96,238,54,155,234,0,0,1,1,0,.0113331079785205,.0113331079785205,.0162700223506195,.0162700223506195,48,57,1
broad_atlas,bc,2020,7,dept_pair_06_13,Departments: HUANCAVELICA + PUNO,2,647,85,67,63,.2588507743404453,.2575961016392208,.1314510045276724,.0500383674511959,-.0000431329666288,.5152353362450703,3.840172683934037,atlas_department_pair,0,treat_20,drop_rounding_band,adjacent_categories,p1_mserd,322,282,40,188,134,156,32,126,8,129,121,0,0,1,1,0,.0142171348280117,.0142171348280117,.0194858106632094,.0194858106632094,55,30,1
broad_atlas,bc,2020,8,dept_pair_04_06,Departments: CAJAMARCA + HUANCAVELICA,2,511,54,51,41,.2846780350537794,.3097459501432562,.1718815195902475,.0715312627896343,-.0271356378616445,.646627538148157,3.247528001244933,atlas_department_pair,0,treat_20,drop_rounding_band,adjacent_categories,p1_mserd,223,187,36,142,81,113,29,74,7,101,76,0,0,1,1,0,.0148631034183439,.0148631034183439,.0237735549449815,.0237735549449815,41,13,1
broad_atlas,bc,2020,9,dept_pair_13_14,Departments: PUNO + SAN MARTIN,2,783,53,61,39,.402648592646901,.5217123600626372,.3009490925413504,.0829967427356762,-.0681370224984214,1.111561742623696,3.005219342807558,atlas_department_pair,0,treat_20,drop_rounding_band,adjacent_categories,p1_mserd,291,229,62,184,107,130,54,99,8,125,100,0,1,1,1,0,.0086125109894463,.0086125109894463,.0156291181715635,.0156291181715635,30,23,1
broad_atlas,bc,2020,10,dept_pair_03_14,Departments: AYACUCHO + SAN MARTIN,2,1945,182,114,94,.1843842095755592,.2256846142984739,.1501403728790515,.1327984568666402,-.0685851091698814,.5199543377668291,2.259482204547395,atlas_department_pair,0,treat_20,drop_rounding_band,adjacent_categories,p1_mserd,887,712,175,374,513,276,98,436,77,193,384,0,3,1,1,0,.0123970511005272,.0123970511005272,.0202479883266063,.0202479883266063,104,78,1
broad_atlas,bc,2021,1,dept_pair_02_14,Departments: APURIMAC + SAN MARTIN,2,1043,80,83,66,.5063957032140413,.5782084320150651,.2359010683087238,.0142434934404782,.1158508342154435,1.040566029814687,6.007710906875007,atlas_department_pair,0,treat_21,drop_rounding_band,adjacent_categories,p1_mserd,398,318,80,224,174,168,56,150,24,141,159,0,1,1,1,0,.0116162906507729,.0116162906507729,.0202586646495024,.0202586646495024,48,32,1
broad_atlas,bc,2021,2,dept_pair_02_06,Departments: APURIMAC + HUANCAVELICA,2,907,84,89,90,.3502755995013593,.3948506606133559,.1684870900755362,.0191034081394688,.0646220322053491,.7250792890213628,5.492024658792025,atlas_department_pair,0,treat_21,drop_rounding_band,adjacent_categories,p1_mserd,429,360,69,228,201,183,45,177,24,139,175,0,0,1,1,0,.0114396485585436,.0114396485585436,.0169091673214289,.0169091673214289,56,28,1
broad_atlas,bc,2021,3,dept_pair_02_03,Departments: APURIMAC + AYACUCHO,2,1874,175,117,128,.2767589350559947,.3194837906770887,.1407437178083933,.023209500945788,.0436311727223692,.595336408631808,5.152756496791107,atlas_department_pair,0,treat_21,drop_rounding_band,adjacent_categories,p1_mserd,927,762,165,346,581,269,77,493,88,184,421,0,2,1,1,0,.0120735547698477,.0120735547698477,.020325916623294,.020325916623294,100,75,1
broad_atlas,bc,2021,4,dept_pair_02_15,Departments: APURIMAC + UCAYALI,2,696,63,53,56,.5391354166362876,.5889030730599241,.2725818605809465,.0307368310906173,.0546524434823509,1.123153702637497,4.667601147996727,atlas_department_pair,0,treat_21,drop_rounding_band,adjacent_categories,p1_mserd,311,213,98,144,167,87,57,126,41,111,150,0,0,1,1,0,.0108482090672708,.0108482090672708,.0165768522714106,.0165768522714106,36,27,1
broad_atlas,bc,2021,5,dept_pair_02_13,Departments: APURIMAC + PUNO,2,712,82,64,73,.377317007081557,.4043213867759967,.1872635212285864,.0308421122335947,.0372916295498156,.7713511440021779,4.661729368830178,atlas_department_pair,0,treat_21,drop_rounding_band,adjacent_categories,p1_mserd,331,280,51,156,175,125,31,155,20,111,157,0,0,1,1,0,.0131135685385488,.0131135685385488,.0205206074011421,.0205206074011421,46,36,1
broad_atlas,bc,2021,6,dept_pair_06_13,Departments: HUANCAVELICA + PUNO,2,647,114,67,63,.2401228175666816,.2500619284109808,.1176819745403412,.0335953120769866,.0194094966823525,.4807143601396092,4.515181979374321,atlas_department_pair,0,treat_21,drop_rounding_band,adjacent_categories,p1_mserd,322,292,30,188,134,166,22,126,8,129,121,0,0,1,1,0,.0175420671983144,.0175420671983144,.0251018020403933,.0251018020403933,71,43,1
broad_atlas,bc,2021,7,dept_pair_02_08,Departments: APURIMAC + JUNIN,2,1244,106,100,94,.2610497490961885,.2996914907806811,.1604758416041215,.0618293133619721,-.0148353791521514,.6142183607135137,3.487622735993521,atlas_department_pair,0,treat_21,drop_rounding_band,adjacent_categories,p1_mserd,573,440,133,281,292,197,84,243,49,155,234,0,0,1,1,0,.0115866624354565,.0115866624354565,.0165957657472298,.0165957657472298,49,57,1
broad_atlas,bc,2021,8,dept_pair_04_06,Departments: CAJAMARCA + HUANCAVELICA,2,511,55,51,41,.2852697549464744,.3074132396656417,.1720658608984978,.0740018114919095,-.0298296506642927,.6446561299955762,3.191947297265988,atlas_department_pair,0,treat_21,drop_rounding_band,adjacent_categories,p1_mserd,223,191,32,142,81,117,25,74,7,101,76,0,0,1,1,0,.0149417136131836,.0149417136131836,.0238203768851903,.0238203768851903,41,14,1
broad_atlas,bc,2021,9,dept_pair_03_14,Departments: AYACUCHO + SAN MARTIN,2,1945,198,114,94,.1553469068607267,.2014275008179232,.1429083550597451,.1586911482851603,-.0786677281890396,.4815227298248859,1.986654237742931,atlas_department_pair,0,treat_21,drop_rounding_band,adjacent_categories,p1_mserd,887,732,155,374,513,295,79,437,76,193,384,0,3,1,1,0,.0132746817686148,.0132746817686148,.0225543597736455,.0225543597736455,116,82,1
broad_atlas,bc,2021,10,dept_pair_03_06,Departments: AYACUCHO + HUANCAVELICA,2,1809,203,120,118,.1461621265340953,.1837265833878212,.134402559101129,.171629304914491,-.0796975918804076,.44715075865605,1.868654115812479,atlas_department_pair,0,treat_21,drop_rounding_band,adjacent_categories,p1_mserd,918,774,144,378,540,310,68,464,76,191,397,0,2,1,1,0,.0133457779986223,.0133457779986223,.0205871958447787,.0205871958447787,124,79,1
broad_atlas,bc,2022,1,dept_pair_02_15,Departments: APURIMAC + UCAYALI,2,696,78,53,56,.2617637701576023,.2831354807022486,.2062308397068095,.169781686442195,-.1210695376245508,.6873404990290479,1.884869866078282,atlas_department_pair,0,treat_22,drop_rounding_band,adjacent_categories,p1_mserd,311,242,69,144,167,107,37,135,32,111,150,0,0,1,1,0,.0144321375915605,.0144321375915605,.02439720296503,.02439720296503,48,30,1
broad_atlas,bc,2022,2,dept_pair_06_13,Departments: HUANCAVELICA + PUNO,2,647,51,67,63,.170005335599291,.2043191469289178,.1502418572645448,.1738505218947744,-.0901494822799974,.498787776137833,1.849422964716098,atlas_department_pair,0,treat_22,drop_rounding_band,adjacent_categories,p1_mserd,322,307,15,188,134,178,10,129,5,129,121,0,0,1,1,0,.0085297877505973,.0085297877505973,.0150698617139757,.0150698617139757,35,16,1
broad_atlas,bc,2022,3,dept_pair_02_14,Departments: APURIMAC + SAN MARTIN,2,1043,91,83,66,.2433263040518903,.2754938011988508,.2059823523299313,.1810715103174946,-.1282241908186545,.6792117932163562,1.788807617965605,atlas_department_pair,0,treat_22,drop_rounding_band,adjacent_categories,p1_mserd,398,338,60,224,174,182,42,156,18,141,159,0,1,1,1,0,.0138270559935942,.0138270559935942,.02349841806134,.02349841806134,56,35,1
broad_atlas,bc,2022,4,dept_pair_02_13,Departments: APURIMAC + PUNO,2,712,88,64,73,.2096358082674534,.2151188887231914,.1633458583962475,.1878542347056868,-.1050331107572332,.5352708882036159,1.734366340529039,atlas_department_pair,0,treat_22,drop_rounding_band,adjacent_categories,p1_mserd,331,296,35,156,175,134,22,162,13,111,157,0,0,1,1,0,.014811098563933,.014811098563933,.023716284753575,.023716284753575,51,37,1
broad_atlas,bc,2022,5,dept_pair_02_10,Departments: APURIMAC + LIMA,2,538,55,55,52,.2857536034182382,.3045839492807132,.2327810534704819,.1907184224247929,-.1516585318047238,.7608264303661502,1.712059163246833,atlas_department_pair,0,treat_22,drop_rounding_band,adjacent_categories,p1_mserd,235,201,34,112,123,90,22,111,12,88,115,1,1,1,1,0,.0147167087943782,.0147167087943782,.0237834465888626,.0237834465888626,35,20,1
broad_atlas,bc,2022,6,dept_pair_02_12,Departments: APURIMAC + PIURA,2,562,63,44,51,.2311604643879472,.2572654542221003,.246807194742878,.2972382194280744,-.2264677585993037,.7409986670435045,1.086543990122708,atlas_department_pair,0,treat_22,drop_rounding_band,adjacent_categories,p1_mserd,236,195,41,110,126,84,26,111,15,89,117,0,0,1,1,0,.0151609359696983,.0151609359696983,.0240298705596894,.0240298705596894,39,24,1
broad_atlas,bc,2022,7,dept_pair_02_08,Departments: APURIMAC + JUNIN,2,1244,108,100,94,.1407503870407598,.1604754721175055,.1555724210330105,.3022988166636599,-.1444408700948966,.4653918143299076,1.064025664878246,atlas_department_pair,0,treat_22,drop_rounding_band,adjacent_categories,p1_mserd,573,474,99,281,292,223,58,251,41,155,234,0,0,1,1,0,.0122245216477331,.0122245216477331,.0181098133193002,.0181098133193002,51,57,1
broad_atlas,bc,2022,8,dept_pair_02_06,Departments: APURIMAC + HUANCAVELICA,2,907,116,89,90,.1121476256681799,.128920733109527,.1279108410117815,.3135047370916503,-.1217799085057936,.3796213747248476,1.015852898486602,atlas_department_pair,0,treat_22,drop_rounding_band,adjacent_categories,p1_mserd,429,385,44,228,201,200,28,185,16,139,175,0,0,1,1,0,.0156968942714472,.0156968942714472,.0245920548864478,.0245920548864478,79,37,1
broad_atlas,bc,2022,9,dept_pair_14_15,Departments: SAN MARTIN + UCAYALI,2,767,56,50,22,.3249579159012055,.3876448312907862,.4092746962913243,.3435619726398805,-.414518833223778,1.18980849580535,.8970945235197033,atlas_department_pair,0,treat_22,drop_rounding_band,adjacent_categories,p1_mserd,271,206,65,172,99,133,39,73,26,116,96,0,1,1,1,0,.0103123119878403,.0103123119878403,.0189928740548813,.0189928740548813,33,23,1
broad_atlas,bc,2022,10,dept_pair_02_03,Departments: APURIMAC + AYACUCHO,2,1874,208,117,128,.0763552577708069,.1062514433935275,.1244289305939399,.3931533652836419,-.1376247792054287,.3501276659924838,.7291668897775051,atlas_department_pair,0,treat_22,drop_rounding_band,adjacent_categories,p1_mserd,927,805,122,346,581,291,55,514,67,184,421,0,2,1,1,0,.0137136511674299,.0137136511674299,.0223758560596543,.0223758560596543,118,90,1
broad_atlas,bc,2023,1,dept_pair_02_12,Departments: APURIMAC + PIURA,2,562,55,44,51,.3971355478542347,.4494295659274241,.2363831738278994,.0572659203814187,-.0138729413265297,.9127320731813779,3.614848992057387,atlas_department_pair,0,treat_23,drop_rounding_band,adjacent_categories,p1_mserd,236,200,36,110,126,88,22,112,14,89,117,0,0,1,1,0,.0137221123279381,.0137221123279381,.0248949253942958,.0248949253942958,33,22,1
broad_atlas,bc,2023,2,dept_pair_02_15,Departments: APURIMAC + UCAYALI,2,696,63,53,56,.3152206911901745,.3732730862881104,.2382089052850523,.1171149548778626,-.093607788867305,.8401539614435258,2.455485470191849,atlas_department_pair,0,treat_23,drop_rounding_band,adjacent_categories,p1_mserd,311,250,61,144,167,113,31,137,30,111,150,0,0,1,1,0,.0105840671404073,.0105840671404073,.0180682057474443,.0180682057474443,36,27,1
broad_atlas,bc,2023,3,dept_pair_02_13,Departments: APURIMAC + PUNO,2,712,94,64,73,.2225198227151097,.2420316516800767,.1561246340572907,.1210823871970607,-.0639670081717086,.5480303115318619,2.403263896372645,atlas_department_pair,0,treat_23,drop_rounding_band,adjacent_categories,p1_mserd,331,298,33,156,175,136,20,162,13,111,157,0,0,1,1,0,.0153850613563843,.0153850613563843,.0246066431789789,.0246066431789789,55,39,1
broad_atlas,bc,2023,4,dept_pair_02_10,Departments: APURIMAC + LIMA,2,538,56,55,52,.3073362797143473,.3449932675386651,.224633137713572,.1245855889363924,-.0952795921141621,.7852661271914924,2.358704812286215,atlas_department_pair,0,treat_23,drop_rounding_band,adjacent_categories,p1_mserd,235,203,32,112,123,92,20,111,12,88,115,1,1,1,1,0,.0149354398724614,.0149354398724614,.0245673481662292,.0245673481662292,35,21,1
broad_atlas,bc,2023,5,dept_pair_02_08,Departments: APURIMAC + JUNIN,2,1244,115,100,94,.2079753714215842,.2230045971934025,.1515258576965298,.1410947895493908,-.0739806266183372,.5199898210051421,2.165978443749425,atlas_department_pair,0,treat_23,drop_rounding_band,adjacent_categories,p1_mserd,573,484,89,281,292,229,52,255,37,155,234,0,0,1,1,0,.0129646378564684,.0129646378564684,.0204549232561714,.0204549232561714,56,59,1
broad_atlas,bc,2023,6,dept_pair_06_15,Departments: HUANCAVELICA + UCAYALI,2,631,51,56,46,.2697290859451036,.3645423569710398,.2519304874955623,.1478981002535867,-.1292323251278807,.8583170390699602,2.093796841461404,atlas_department_pair,0,treat_23,drop_rounding_band,adjacent_categories,p1_mserd,302,263,39,176,126,157,19,106,20,119,120,0,0,1,1,0,.008426963684708,.008426963684708,.0155212525397384,.0155212525397384,38,13,1
broad_atlas,bc,2023,7,dept_pair_06_13,Departments: HUANCAVELICA + PUNO,2,647,51,67,63,.1695587050282317,.2038282193418488,.1497024512523991,.1733381575424041,-.0895831935102164,.497239632193914,1.853833806606255,atlas_department_pair,0,treat_23,drop_rounding_band,adjacent_categories,p1_mserd,322,311,11,188,134,180,8,131,3,129,121,0,0,1,1,0,.0085640933410404,.0085640933410404,.0151157809310159,.0151157809310159,35,16,1
broad_atlas,bc,2023,8,dept_pair_08_12,Departments: JUNIN + PIURA,2,834,79,58,45,.2157805232434966,.2337127688225225,.184281801500606,.2047137736204685,-.1274729251248246,.5948984627698695,1.608421918748703,atlas_department_pair,0,treat_23,drop_rounding_band,adjacent_categories,p1_mserd,371,306,65,195,176,157,38,149,27,117,149,0,0,1,1,0,.0137436354841193,.0137436354841193,.0240756249757922,.0240756249757922,33,46,1
broad_atlas,bc,2023,9,dept_pair_02_06,Departments: APURIMAC + HUANCAVELICA,2,907,115,89,90,.1240776343145791,.1501168097582237,.1272106871328985,.237974581764328,-.0992115554708501,.3994451749872975,1.392552110098482,atlas_department_pair,0,treat_23,drop_rounding_band,adjacent_categories,p1_mserd,429,391,38,228,201,204,24,187,14,139,175,0,0,1,1,0,.0155035380163283,.0155035380163283,.0248120354190993,.0248120354190993,79,36,1
broad_atlas,bc,2023,10,dept_pair_02_14,Departments: APURIMAC + SAN MARTIN,2,1043,94,83,66,.1785199100660031,.2132624109012885,.188585118724542,.2581161564237356,-.1563576298190238,.5828824516216008,1.278832868711679,atlas_department_pair,0,treat_23,drop_rounding_band,adjacent_categories,p1_mserd,398,345,53,224,174,189,35,156,18,141,159,0,1,1,1,0,.0144368676009414,.0144368676009414,.0242311740291262,.0242311740291262,59,35,1
broad_atlas,cd,2007,1,leaveout_dept_08,Leave out: JUNIN,14,4954,768,337,360,.0499200509221864,.0557544249792949,.0278830610030955,.0455455816448833,.0011046296344945,.1104042203240952,3.998322164103802,atlas_leave_one_out,0,treat_07,drop_rounding_band,adjacent_categories,p1_mserd,2079,30,2049,954,1125,1,953,29,1096,66,293,4,3,1,1,0,.0071087906364893,.0071087906364893,.0098040895942886,.0098040895942886,463,305,1
broad_atlas,cd,2007,2,dept_pair_03_07,Departments: AYACUCHO + HUANUCO,2,2246,250,106,134,.1132712030342282,.1270675864800608,.0669901009866826,.0578528356940278,-.0042305987745382,.2583657717346597,3.597893444209045,atlas_department_pair,0,treat_07,drop_rounding_band,adjacent_categories,p1_mserd,801,20,781,333,468,1,332,19,449,47,228,2,2,1,1,0,.0064788760387281,.0064788760387281,.0091365419708929,.0091365419708929,145,105,1
broad_atlas,cd,2007,3,dept_pair_06_07,Departments: HUANCAVELICA + HUANUCO,2,1279,226,93,106,.0828746109333818,.0956037241796876,.0523998183957943,.0680757798169195,-.0070980326725085,.1983054810318838,3.328818043595574,atlas_department_pair,0,treat_07,drop_rounding_band,adjacent_categories,p1_mserd,651,21,630,300,351,1,299,20,331,48,192,1,0,1,1,0,.006197243634603,.006197243634603,.0088502678213046,.0088502678213046,123,103,1
broad_atlas,cd,2007,4,dept_pair_07_09,Departments: HUANUCO + LA LIBERTAD,2,876,148,62,67,.134414012248004,.1465008558770702,.0853180555942267,.085958284385186,-.0207194603186003,.3137211720727406,2.948481622632963,atlas_department_pair,0,treat_07,drop_rounding_band,adjacent_categories,p1_mserd,449,15,434,222,227,1,221,14,213,42,152,0,0,1,1,0,.0060575352657145,.0060575352657145,.0085661926713164,.0085661926713164,81,67,1
broad_atlas,cd,2007,5,dept_pair_07_13,Departments: HUANUCO + PUNO,2,1084,193,73,81,.1108539341975389,.1213432903096008,.0706843727119304,.0860354803493531,-.0171955344755886,.2598821150947901,2.947031090136425,atlas_department_pair,0,treat_07,drop_rounding_band,adjacent_categories,p1_mserd,528,16,512,250,278,1,249,15,263,46,177,0,0,1,1,0,.006695590900674,.006695590900674,.009055863317526,.009055863317526,114,79,1
broad_atlas,cd,2007,6,dept_pair_07_14,Departments: HUANUCO + SAN MARTIN,2,1415,261,108,100,.0994936629319004,.100098608326768,.0585145927187573,.0871437849006493,-.0145878859720259,.2147851026255619,2.926359690599175,atlas_department_pair,0,treat_07,drop_rounding_band,adjacent_categories,p1_mserd,747,16,731,400,347,1,399,15,332,50,190,0,0,1,1,0,.0063553414561958,.0063553414561958,.0086576328443606,.0086576328443606,159,102,1
broad_atlas,cd,2007,7,dept_pair_02_07,Departments: APURIMAC + HUANUCO,2,1344,224,85,102,.0928282980679378,.0993057516369061,.0585260264628891,.0897383890797345,-.0154031523885947,.2140146556624068,2.879060075443935,atlas_department_pair,0,treat_07,drop_rounding_band,adjacent_categories,p1_mserd,589,16,573,272,317,1,271,15,302,48,184,1,1,1,1,0,.0069670031979899,.0069670031979899,.0089436270595642,.0089436270595642,132,92,1
broad_atlas,cd,2007,8,dept_07,Department: HUANUCO,1,858,142,54,60,.1333454267771561,.1441943679843783,.0854228979423785,.0914100688212922,-.0232314354377241,.3116201714064808,2.849364403064823,atlas_department,0,treat_07,drop_rounding_band,adjacent_categories,p1_mserd,433,15,418,213,220,1,212,14,206,42,150,0,0,1,1,0,.0061396640281948,.0061396640281948,.0085779805590264,.0085779805590264,79,63,1
broad_atlas,cd,2007,9,dept_pair_04_07,Departments: CAJAMARCA + HUANUCO,2,948,166,63,65,.1252794023705269,.1389979138487565,.0826284379791046,.0925292301810064,-.0229508486890901,.3009466763866031,2.829811314187127,atlas_department_pair,0,treat_07,drop_rounding_band,adjacent_categories,p1_mserd,490,15,475,258,232,1,257,14,218,43,152,0,0,1,1,0,.0063253847626324,.0063253847626324,.0089276096240967,.0089276096240967,98,68,1
broad_atlas,cd,2007,10,dept_pair_07_15,Departments: HUANUCO + UCAYALI,2,1068,156,64,70,.1338817607101575,.143346857746291,.0853364947059498,.0929993964532593,-.0239095984442636,.3106033139368456,2.821673472639995,atlas_department_pair,0,treat_07,drop_rounding_band,adjacent_categories,p1_mserd,518,15,503,252,266,1,251,14,252,45,167,0,0,1,1,0,.0060781940581566,.0060781940581566,.00845583710731,.00845583710731,91,65,1
broad_atlas,cd,2008,1,dept_pair_08_13,Departments: JUNIN + PUNO,2,984,132,83,78,.1478760370297814,.1735090447420092,.1445741757726537,.2300855277344355,-.1098511328669553,.4568692223509737,1.440332590045435,atlas_department_pair,0,treat_08,drop_rounding_band,adjacent_categories,p1_mserd,450,34,416,209,241,6,203,28,213,44,143,0,0,1,1,0,.0048183336811262,.0048183336811262,.0071824991190442,.0071824991190442,82,50,1
broad_atlas,cd,2008,2,dept_pair_03_13,Departments: AYACUCHO + PUNO,2,1614,105,71,95,.135366587588386,.1490673212580723,.1302020074231525,.2522536292135852,-.1061239240061234,.404258566522268,1.310779179040231,atlas_department_pair,0,treat_08,drop_rounding_band,adjacent_categories,p1_mserd,463,16,447,157,306,1,156,15,291,40,167,2,2,1,1,0,.0049451045317096,.0049451045317096,.0070927048973613,.0070927048973613,62,43,1
broad_atlas,cd,2008,3,dept_pair_03_11,Departments: AYACUCHO + PASCO,2,1749,104,69,95,.0593161649349054,.0770347606844352,.0906577810630353,.3954744523480854,-.1006512251174312,.2547207464863017,.7220434045472538,atlas_department_pair,0,treat_08,drop_rounding_band,adjacent_categories,p1_mserd,532,13,519,179,353,1,178,12,341,50,188,2,2,1,1,0,.004380138969145,.004380138969145,.0065334078064533,.0065334078064533,58,46,1
broad_atlas,cd,2008,4,dept_pair_03_09,Departments: AYACUCHO + LA LIBERTAD,2,1406,71,60,81,.0841063975951473,.0991631156333697,.1354513642277322,.4641112651694482,-.1663166799098024,.3646429111765417,.5359614582632787,atlas_department_pair,0,treat_08,drop_rounding_band,adjacent_categories,p1_mserd,384,11,373,129,255,1,128,10,245,37,153,2,2,1,1,0,.0044061463254729,.0044061463254729,.0065685454014385,.0065685454014385,40,31,1
broad_atlas,cd,2008,5,dept_03,Department: AYACUCHO,1,1388,73,52,74,.0792444253008973,.0943431046821862,.1358877260491843,.4875113639700747,-.1719919443152604,.3606781536796327,.4820142368020607,atlas_department,0,treat_08,drop_rounding_band,adjacent_categories,p1_mserd,368,11,357,120,248,1,119,10,238,37,151,2,2,1,1,0,.0044662033911244,.0044662033911244,.0065897282908728,.0065897282908728,43,30,1
broad_atlas,cd,2008,6,dept_pair_13_14,Departments: PUNO + SAN MARTIN,2,783,84,73,61,.1183385413178356,.1077208748075251,.155907268790167,.4896100739930725,-.1978517569492078,.4132935065642579,.4773830735105279,atlas_department_pair,0,treat_08,drop_rounding_band,adjacent_categories,p1_mserd,409,14,395,224,185,5,219,9,176,46,126,0,0,1,1,0,.0042749152867523,.0042749152867523,.0065907795546299,.0065907795546299,50,34,1
broad_atlas,cd,2008,7,dept_pair_03_04,Departments: AYACUCHO + CAJAMARCA,2,1478,88,61,79,.0779358017744322,.0897297393466545,.1312065722251374,.4940500358106503,-.1674304167495681,.3468898954428771,.467693821848453,atlas_department_pair,0,treat_08,drop_rounding_band,adjacent_categories,p1_mserd,425,11,414,165,260,1,164,10,250,39,155,2,2,1,1,0,.0045503523446323,.0045503523446323,.0069508136384809,.0069508136384809,52,36,1
broad_atlas,cd,2008,8,dept_pair_03_12,Departments: AYACUCHO + PIURA,2,1464,89,58,75,.0737530498187142,.0857127799707044,.128182620119567,.5037014920541825,-.1655205389076261,.3369460988490349,.4471290356730871,atlas_department_pair,0,treat_08,drop_rounding_band,adjacent_categories,p1_mserd,413,11,402,153,260,1,152,10,250,38,155,2,2,1,1,0,.0045556960207808,.0045556960207808,.0068653802285565,.0068653802285565,53,36,1
broad_atlas,cd,2008,9,dept_pair_04_08,Departments: CAJAMARCA + JUNIN,2,848,117,73,62,.0909832033722476,.1115352920701159,.1669509183380238,.5040874116567086,-.2156824950582984,.4387530791985302,.4463206626046196,atlas_department_pair,0,treat_08,drop_rounding_band,adjacent_categories,p1_mserd,412,29,383,217,195,6,211,23,172,42,117,0,0,1,1,0,.0045312075772993,.0045312075772993,.0071430798708791,.0071430798708791,73,44,1
broad_atlas,cd,2008,10,dept_pair_03_14,Departments: AYACUCHO + SAN MARTIN,2,1945,145,106,114,.0576821069116469,.0583513864202051,.0899997358870186,.516758187394484,-.1180448545364683,.2347476273768784,.4203585532244332,atlas_department_pair,0,treat_08,drop_rounding_band,adjacent_categories,p1_mserd,682,20,662,307,375,6,301,14,361,47,193,2,2,1,1,0,.0048264540580439,.0048264540580439,.0078700686031952,.0078700686031952,84,61,1
broad_atlas,cd,2009,1,dept_pair_11_13,Departments: PASCO + PUNO,2,587,66,36,42,.0659242501631645,.1183476452661184,.1565305237246619,.4496087129609609,-.1884465437154114,.4251418342476482,.5716380985598304,atlas_department_pair,0,treat_09,drop_rounding_band,adjacent_categories,p1_mserd,259,10,249,96,163,1,95,9,154,48,108,0,0,1,1,0,.0045799912629905,.0045799912629905,.005667158932158,.005667158932158,40,26,1
broad_atlas,cd,2009,2,dept_pair_03_13,Departments: AYACUCHO + PUNO,2,1614,123,71,95,.0889187959726324,.1042361105925626,.2072214628536637,.6149516685202745,-.3019104934243229,.5103827146094481,.2530270344853021,atlas_department_pair,0,treat_09,drop_rounding_band,adjacent_categories,p1_mserd,463,40,423,157,306,7,150,33,273,40,167,2,2,1,1,0,.0057592889072473,.0057592889072473,.008507899003277,.008507899003277,70,53,1
broad_atlas,cd,2009,3,dept_pair_03_14,Departments: AYACUCHO + SAN MARTIN,2,1945,99,106,114,.0845895284719183,.0768611945354432,.2491758874293876,.7577311104084079,-.4115145706419632,.5652369597128496,.0951485626793892,atlas_department_pair,0,treat_09,drop_rounding_band,adjacent_categories,p1_mserd,682,54,628,307,375,18,289,36,339,47,193,2,2,1,1,0,.0034626541015017,.0034626541015017,.0057267568006437,.0057267568006437,56,43,1
broad_atlas,cd,2009,4,dept_pair_03_04,Departments: AYACUCHO + CAJAMARCA,2,1478,89,61,79,.0654728705062629,.0801118507650044,.2720879533991992,.7684265525997578,-.4531707385246384,.6133944400546472,.0866911775520479,atlas_department_pair,0,treat_09,drop_rounding_band,adjacent_categories,p1_mserd,425,33,392,165,260,6,159,27,233,39,155,2,2,1,1,0,.0047494691120636,.0047494691120636,.0076694385309177,.0076694385309177,52,37,1
broad_atlas,cd,2009,5,dept_pair_08_13,Departments: JUNIN + PUNO,2,984,161,83,78,.0341123306522025,.0410109937498845,.1529990791075218,.7886628917164257,-.2588616909686527,.3408836784684218,.0718493679759131,atlas_department_pair,0,treat_09,drop_rounding_band,adjacent_categories,p1_mserd,450,62,388,209,241,16,193,46,195,44,143,0,0,1,1,0,.0055083144419851,.0055083144419851,.0084594654278768,.0084594654278768,97,64,1
broad_atlas,cd,2009,6,dept_pair_03_05,Departments: AYACUCHO + CUSCO,2,1534,74,57,82,.0503984782510277,.0730883154364307,.3122931125221044,.8149558261169088,-.5389949377268084,.6851715685996698,.0547735755592435,atlas_department_pair,0,treat_09,drop_rounding_band,adjacent_categories,p1_mserd,419,35,384,140,279,8,132,27,252,39,163,2,2,1,1,0,.0040398288826547,.0040398288826547,.006641941364347,.006641941364347,40,34,1
broad_atlas,cd,2009,7,dept_pair_07_13,Departments: HUANUCO + PUNO,2,1084,150,73,81,.068971910422157,.0375561599938851,.1757677997831051,.8308050544313461,-.3069423972228479,.382054717210618,.0456545144552694,atlas_department_pair,0,treat_09,drop_rounding_band,adjacent_categories,p1_mserd,528,100,428,250,278,27,223,73,205,46,177,0,0,1,1,0,.0052166805215308,.0052166805215308,.0082779329903222,.0082779329903222,84,66,1
broad_atlas,cd,2009,8,dept_pair_07_09,Departments: HUANUCO + LA LIBERTAD,2,876,97,62,67,.0093644205174731,-.0429984154038827,.2285339820998402,.8507599355400561,-.4909167895630908,.4049199587553255,.0354000053755058,atlas_department_pair,0,treat_09,drop_rounding_band,adjacent_categories,p1_mserd,449,93,356,222,227,26,196,67,160,42,152,0,0,1,1,0,.0042456401597738,.0042456401597738,.007078687596454,.007078687596454,51,46,1
broad_atlas,cd,2009,9,dept_pair_07_15,Departments: HUANUCO + UCAYALI,2,1068,105,64,70,.0172314004963334,-.037948565330598,.2156057726536831,.8602868394540651,-.4605281145907476,.3846309839295515,.0309791825982466,atlas_department_pair,0,treat_09,drop_rounding_band,adjacent_categories,p1_mserd,518,99,419,252,266,29,223,70,196,45,167,0,0,1,1,0,.0043852734084162,.0043852734084162,.0075219108545784,.0075219108545784,57,48,1
broad_atlas,cd,2009,10,dept_pair_03_15,Departments: AYACUCHO + UCAYALI,2,1598,84,62,84,.0536741299127297,.0487944836320085,.2777194290946893,.8605319552407225,-.4955255952006076,.5931145624646246,.0308694523821485,atlas_department_pair,0,treat_09,drop_rounding_band,adjacent_categories,p1_mserd,453,39,414,159,294,9,150,30,264,42,168,2,2,1,1,0,.0047815257132322,.0047815257132322,.0076255837392245,.0076255837392245,50,34,1
broad_atlas,cd,2010,1,dept_pair_08_13,Departments: JUNIN + PUNO,2,984,158,83,78,.158016603970671,.1969617056246115,.1963558086328313,.3158195090628008,-.1878886074509767,.5818120187001998,1.006180940681806,atlas_department_pair,0,treat_10,drop_rounding_band,adjacent_categories,p1_mserd,450,84,366,209,241,23,186,61,180,44,143,0,0,1,1,0,.0054427572376741,.0054427572376741,.0080179681826607,.0080179681826607,97,61,1
broad_atlas,cd,2010,2,dept_pair_03_13,Departments: AYACUCHO + PUNO,2,1614,107,71,95,.1748935090316725,.2035892729233607,.2346580439845066,.3856134538900391,-.2563320419688879,.6635105878156093,.7527294195708876,atlas_department_pair,0,treat_10,drop_rounding_band,adjacent_categories,p1_mserd,463,60,403,157,306,10,147,50,256,40,167,2,2,1,1,0,.0051953330668884,.0051953330668884,.0078377533837308,.0078377533837308,63,44,1
broad_atlas,cd,2010,3,dept_pair_02_13,Departments: APURIMAC + PUNO,2,712,72,50,63,.1506239815233566,.2166708657941349,.2952216405421108,.4629937820317164,-.3619529171252319,.7952946487135016,.5386475128800339,atlas_department_pair,0,treat_10,drop_rounding_band,adjacent_categories,p1_mserd,251,49,202,96,155,17,79,32,123,41,110,1,1,1,1,0,.0049900750420079,.0049900750420079,.0075474524722188,.0075474524722188,42,30,1
broad_atlas,cd,2010,4,dept_pair_07_13,Departments: HUANUCO + PUNO,2,1084,136,73,81,.1429474288408322,.1518315844676614,.228180272026702,.5057934758518443,-.2953935306872268,.5990566996225497,.4427596763842364,atlas_department_pair,0,treat_10,drop_rounding_band,adjacent_categories,p1_mserd,528,128,400,250,278,37,213,91,187,46,177,0,0,1,1,0,.0046555486284627,.0046555486284627,.0072400321436122,.0072400321436122,77,59,1
broad_atlas,cd,2010,5,dept_pair_04_08,Departments: CAJAMARCA + JUNIN,2,848,117,73,62,.0894393872008949,.1259320464518272,.2227661141526507,.5718625176441763,-.3106815142633065,.5625456071669608,.3195760785353169,atlas_department_pair,0,treat_10,drop_rounding_band,adjacent_categories,p1_mserd,412,74,338,217,195,21,196,53,142,42,117,0,0,1,1,0,.0047652917907874,.0047652917907874,.0071240770714892,.0071240770714892,73,44,1
broad_atlas,cd,2010,6,dept_pair_13_14,Departments: PUNO + SAN MARTIN,2,783,80,73,61,.1635881495872894,.1491030505664843,.2842482077151939,.599894454933678,-.4080131992253559,.7062193003583244,.2751551133632782,atlas_department_pair,0,treat_10,drop_rounding_band,adjacent_categories,p1_mserd,409,41,368,224,185,18,206,23,162,46,126,0,0,1,1,0,.0040408439065258,.0040408439065258,.0064380416953059,.0064380416953059,48,32,1
broad_atlas,cd,2010,7,leaveout_dept_06,Leave out: HUANCAVELICA,14,5291,481,362,371,.0466745473903695,.0482823907968118,.1115838998135014,.6652324866361221,-.1704180340921765,.2669828156858002,.1872295796524273,atlas_leave_one_out,0,treat_10,drop_rounding_band,adjacent_categories,p1_mserd,2216,339,1877,1039,1177,103,936,236,941,67,299,3,3,1,1,0,.0041911677078536,.0041911677078536,.0061750985400149,.0061750985400149,285,196,1
broad_atlas,cd,2010,8,dept_pair_03_04,Departments: AYACUCHO + CAJAMARCA,2,1478,81,61,79,.1103380225335414,.1223694642533528,.2918366989584932,.6749910464420679,-.4496199550723516,.6943588835790571,.1758192037101913,atlas_department_pair,0,treat_10,drop_rounding_band,adjacent_categories,p1_mserd,425,50,375,165,260,8,157,42,218,39,155,2,2,1,1,0,.0044237635659862,.0044237635659862,.0070151882576447,.0070151882576447,47,34,1
broad_atlas,cd,2010,9,dept_pair_08_09,Departments: JUNIN + LA LIBERTAD,2,776,107,72,64,.0646763242126496,.099876457140964,.2385768968187122,.6754834641608601,-.3677256681670403,.5674785824489684,.175254624302362,atlas_department_pair,0,treat_10,drop_rounding_band,adjacent_categories,p1_mserd,371,74,297,181,190,21,160,53,137,42,115,0,0,1,1,0,.0047456545113059,.0047456545113059,.0069251908097099,.0069251908097099,65,42,1
broad_atlas,cd,2010,10,dept_pair_08_10,Departments: JUNIN + LIMA,2,810,113,79,69,.0576080454435043,.0891670553360965,.2183520983024577,.6830067312783202,-.3387951932854699,.517129303957663,.1667608537651202,atlas_department_pair,0,treat_10,drop_rounding_band,adjacent_categories,p1_mserd,388,76,312,191,197,21,170,55,142,41,117,0,0,1,1,0,.0047109133282316,.0047109133282316,.0067593452538383,.0067593452538383,71,42,1
broad_atlas,cd,2011,1,dept_pair_08_13,Departments: JUNIN + PUNO,2,984,162,83,78,.181614293758642,.2211199565761457,.1915179693599613,.2482685800307394,-.1542483657616238,.5964882789139153,1.333020487309687,atlas_department_pair,0,treat_11,drop_rounding_band,adjacent_categories,p1_mserd,450,95,355,209,241,26,183,69,172,44,143,0,0,1,1,0,.0057442089382519,.0057442089382519,.0085303535394915,.0085303535394915,97,65,1
broad_atlas,cd,2011,2,dept_pair_07_13,Departments: HUANUCO + PUNO,2,1084,137,73,81,.1927188598107913,.1917972163381253,.2129841839088052,.3678418409508286,-.2256441133997881,.6092385460760388,.810942181681768,atlas_department_pair,0,treat_11,drop_rounding_band,adjacent_categories,p1_mserd,528,133,395,250,278,38,212,95,183,46,177,0,0,1,1,0,.0047913855932511,.0047913855932511,.0075941819881205,.0075941819881205,77,60,1
broad_atlas,cd,2011,3,dept_pair_04_08,Departments: CAJAMARCA + JUNIN,2,848,117,73,62,.1322841653065217,.176392661762052,.2241732540222381,.431364621645089,-.2629788424186833,.6157641659427874,.6191465191863768,atlas_department_pair,0,treat_11,drop_rounding_band,adjacent_categories,p1_mserd,412,86,326,217,195,25,192,61,134,42,117,0,0,1,1,0,.0045352946870933,.0045352946870933,.006796014849725,.006796014849725,73,44,1
broad_atlas,cd,2011,4,dept_pair_03_13,Departments: AYACUCHO + PUNO,2,1614,128,71,95,.1518750647606484,.1681555370028653,.219243222283265,.4430924023657187,-.2615532825268435,.5978643565325741,.5882609117807523,atlas_department_pair,0,treat_11,drop_rounding_band,adjacent_categories,p1_mserd,463,84,379,157,306,17,140,67,239,40,167,2,2,1,1,0,.0059473771183931,.0059473771183931,.0086364293350621,.0086364293350621,75,53,1
broad_atlas,cd,2011,5,dept_pair_08_15,Departments: JUNIN + UCAYALI,2,968,129,74,67,.1300241342087445,.137580392485502,.2201673016181854,.5320431147499467,-.2939395892595085,.5691003742305125,.3904877810374372,atlas_department_pair,0,treat_11,drop_rounding_band,adjacent_categories,p1_mserd,440,93,347,211,229,27,184,66,163,43,137,0,0,1,1,0,.0052940277492995,.0052940277492995,.0076685379854028,.0076685379854028,78,51,1
broad_atlas,cd,2011,6,dept_pair_02_13,Departments: APURIMAC + PUNO,2,712,72,50,63,.1298830330277499,.1823676835659312,.2981578234784878,.5407705683620873,-.4020109121607557,.7667462792926181,.3741134693572151,atlas_department_pair,0,treat_11,drop_rounding_band,adjacent_categories,p1_mserd,251,54,197,96,155,18,78,36,119,41,110,1,1,1,1,0,.0050545872947925,.0050545872947925,.0073615364195984,.0073615364195984,42,30,1
broad_atlas,cd,2011,7,dept_pair_08_12,Departments: JUNIN + PIURA,2,834,118,70,58,.0991696870395515,.1338997350419337,.2296558306743576,.5598628571056098,-.3162174219194361,.5840168920033035,.3399417322314541,atlas_department_pair,0,treat_11,drop_rounding_band,adjacent_categories,p1_mserd,400,85,315,205,195,24,181,61,134,42,117,0,0,1,1,0,.0045897352956676,.0045897352956676,.0066897392070599,.0066897392070599,74,44,1
broad_atlas,cd,2011,8,dept_pair_08_09,Departments: JUNIN + LA LIBERTAD,2,776,107,72,64,.1044710845981371,.1371380467870125,.2399252428079063,.5676020955037236,-.3331067880985114,.6073828816725363,.3267112079288329,atlas_department_pair,0,treat_11,drop_rounding_band,adjacent_categories,p1_mserd,371,85,286,181,190,24,157,61,129,42,115,0,0,1,1,0,.0046101018423294,.0046101018423294,.0066411158924401,.0066411158924401,65,42,1
broad_atlas,cd,2011,9,dept_08,Department: JUNIN,1,758,104,64,57,.0926470767696501,.1239592250181993,.2408672482555952,.6068066264935668,-.3481319066180354,.596050356654434,.2648513570500625,atlas_department,0,treat_11,drop_rounding_band,adjacent_categories,p1_mserd,355,85,270,172,183,24,148,61,122,41,112,0,0,1,1,0,.0046868020694728,.0046868020694728,.0067629454333899,.0067629454333899,64,40,1
broad_atlas,cd,2011,10,dept_pair_01_08,Departments: ANCASH + JUNIN,2,823,119,82,70,.0898037338472959,.1140876016903666,.2223547685911842,.6078896451263872,-.3217197365390924,.5498949399198255,.2632594719621669,atlas_department_pair,0,treat_11,drop_rounding_band,adjacent_categories,p1_mserd,399,86,313,199,200,24,175,62,138,43,122,0,0,1,1,0,.0047176094603447,.0047176094603447,.0068469595914462,.0068469595914462,74,45,1
broad_atlas,cd,2012,1,dept_pair_08_13,Departments: JUNIN + PUNO,2,984,162,83,78,.1855160586144852,.2318788170668424,.1893126782193302,.2206333681555751,-.139167214059865,.6029248481935499,1.5002469525044,atlas_department_pair,0,treat_12,drop_rounding_band,adjacent_categories,p1_mserd,450,98,352,209,241,27,182,71,170,44,143,0,0,1,1,0,.0057126935546096,.0057126935546096,.0085080685776112,.0085080685776112,97,65,1
broad_atlas,cd,2012,2,dept_pair_03_13,Departments: AYACUCHO + PUNO,2,1614,107,71,95,.2219209969264334,.2473109998667347,.2352827352360415,.2932022865819609,-.2138346873799798,.7084566871134491,1.104858715498039,atlas_department_pair,0,treat_12,drop_rounding_band,adjacent_categories,p1_mserd,463,101,362,157,306,18,139,83,223,40,167,2,2,1,1,0,.0052372360472834,.0052372360472834,.008017703447189,.008017703447189,63,44,1
broad_atlas,cd,2012,3,dept_pair_07_13,Departments: HUANUCO + PUNO,2,1084,137,73,81,.1927503287130556,.1918184519233802,.2130003043950216,.36782506273242,-.2256544733869306,.609291377233691,.8109989934563042,atlas_department_pair,0,treat_12,drop_rounding_band,adjacent_categories,p1_mserd,528,136,392,250,278,38,212,98,180,46,177,0,0,1,1,0,.0047907298890221,.0047907298890221,.0075932486661846,.0075932486661846,77,60,1
broad_atlas,cd,2012,4,dept_pair_03_04,Departments: AYACUCHO + CAJAMARCA,2,1478,73,61,79,.2116194140151654,.242666787344336,.3202263747788307,.4485721423919138,-.3849653741219976,.8702989488106696,.5742572455414978,atlas_department_pair,0,treat_12,drop_rounding_band,adjacent_categories,p1_mserd,425,91,334,165,260,17,148,74,186,39,155,2,2,1,1,0,.003897828743302,.003897828743302,.0061794400511997,.0061794400511997,41,32,1
broad_atlas,cd,2012,5,dept_pair_04_08,Departments: CAJAMARCA + JUNIN,2,848,117,73,62,.1219264619620306,.1631204711040879,.2189675265981376,.4563002568124071,-.266047994812078,.5922889370202538,.5549546678028145,atlas_department_pair,0,treat_12,drop_rounding_band,adjacent_categories,p1_mserd,412,88,324,217,195,26,191,62,133,42,117,0,0,1,1,0,.004720007719525,.004720007719525,.0069434374997142,.0069434374997142,73,44,1
broad_atlas,cd,2012,6,dept_pair_03_15,Departments: AYACUCHO + UCAYALI,2,1598,73,62,84,.2028743234776314,.2205243535503314,.3226625729138006,.4943213244946887,-.4118826685197468,.8529313756204095,.4671065209371811,atlas_department_pair,0,treat_12,drop_rounding_band,adjacent_categories,p1_mserd,453,99,354,159,294,20,139,79,215,42,168,2,2,1,1,0,.0039683390067542,.0039683390067542,.0062612600405428,.0062612600405428,44,29,1
broad_atlas,cd,2012,7,dept_pair_08_12,Departments: JUNIN + PIURA,2,834,118,70,58,.1081148697557095,.1515819484573239,.2241710235952675,.4989207457131689,-.287785184166879,.5909490810815268,.457231371778354,atlas_department_pair,0,treat_12,drop_rounding_band,adjacent_categories,p1_mserd,400,86,314,205,195,25,180,61,134,42,117,0,0,1,1,0,.0046074935314915,.0046074935314915,.0067139643269227,.0067139643269227,74,44,1
broad_atlas,cd,2012,8,dept_pair_08_15,Departments: JUNIN + UCAYALI,2,968,143,74,67,.1150730821471597,.1314989116144029,.2071189211996896,.5254964443794681,-.2744467144537781,.5374445376825838,.4030925447046464,atlas_department_pair,0,treat_12,drop_rounding_band,adjacent_categories,p1_mserd,440,96,344,211,229,29,182,67,162,43,137,0,0,1,1,0,.0058963211414695,.0058963211414695,.0085519688808438,.0085519688808438,87,56,1
broad_atlas,cd,2012,9,dept_pair_03_08,Departments: AYACUCHO + JUNIN,2,2146,155,116,131,.1122480938462342,.1336668206841101,.2110819807207848,.5265730084702414,-.2800462593140061,.5473799006822263,.4010005008395764,atlas_department_pair,0,treat_12,drop_rounding_band,adjacent_categories,p1_mserd,723,175,548,292,431,41,251,134,297,46,204,2,2,1,1,0,.0039165838635705,.0039165838635705,.0059514194017888,.0059514194017888,90,65,1
broad_atlas,cd,2012,10,dept_08,Department: JUNIN,1,758,104,64,57,.1019008899545752,.1437188830583893,.2341400185493741,.5393369415983388,-.3151871206379241,.6026248867547026,.376770047421522,atlas_department,0,treat_12,drop_rounding_band,adjacent_categories,p1_mserd,355,86,269,172,183,25,147,61,122,41,112,0,0,1,1,0,.0047209128373029,.0047209128373029,.0067746941475166,.0067746941475166,64,40,1
broad_atlas,cd,2013,1,dept_pair_03_13,Departments: AYACUCHO + PUNO,2,1614,88,71,95,.474793047033667,.5411768734308253,.2531061539739921,.0325052280028443,.0450979273763514,1.037255819485299,4.571650792496322,atlas_department_pair,0,treat_13,drop_rounding_band,adjacent_categories,p1_mserd,463,107,356,157,306,20,137,87,219,40,167,2,2,1,1,0,.0040097691353757,.0040097691353757,.0069336636346463,.0069336636346463,52,36,1
broad_atlas,cd,2013,2,dept_pair_03_04,Departments: AYACUCHO + CAJAMARCA,2,1478,60,61,79,.4514527992060284,.51378613883988,.3404315411690252,.1312425345871404,-.153447421052874,1.181019698732634,2.277745436446477,atlas_department_pair,0,treat_13,drop_rounding_band,adjacent_categories,p1_mserd,425,96,329,165,260,19,146,77,183,39,155,2,2,1,1,0,.003398300404209,.003398300404209,.005895778963051,.005895778963051,33,27,1
broad_atlas,cd,2013,3,dept_pair_01_03,Departments: ANCASH + AYACUCHO,2,1453,67,70,87,.404389971699422,.4700278299691072,.3253664988933575,.1485673483038857,-.1676787896377647,1.107734449575979,2.086899224270797,atlas_department_pair,0,treat_13,drop_rounding_band,adjacent_categories,p1_mserd,412,95,317,147,265,18,129,77,188,38,157,2,2,1,1,0,.0035296003193985,.0035296003193985,.0060193438167577,.0060193438167577,35,32,1
broad_atlas,cd,2013,4,dept_pair_03_15,Departments: AYACUCHO + UCAYALI,2,1598,61,62,84,.4186835087425744,.4752937957207242,.3400554288935037,.1622046560295724,-.191202597657864,1.141790189099313,1.953551502368807,atlas_department_pair,0,treat_13,drop_rounding_band,adjacent_categories,p1_mserd,453,104,349,159,294,22,137,82,212,42,168,2,2,1,1,0,.0035221876159681,.0035221876159681,.0060504453859801,.0060504453859801,33,28,1
broad_atlas,cd,2013,5,dept_pair_08_13,Departments: JUNIN + PUNO,2,984,162,83,78,.1860459246927709,.2322701025597279,.1894987186712374,.2203085645173619,-.1391405611523853,.6036807662718411,1.502360193042569,atlas_department_pair,0,treat_13,drop_rounding_band,adjacent_categories,p1_mserd,450,99,351,209,241,27,182,72,169,44,143,0,0,1,1,0,.005702021383832,.005702021383832,.0084848975151978,.0084848975151978,97,65,1
broad_atlas,cd,2013,6,dept_pair_03_12,Departments: AYACUCHO + PIURA,2,1464,62,58,75,.3589387386447679,.4203619534263701,.3493475543935856,.2288690620075902,-.2643466712722051,1.105070578124945,1.44787606377495,atlas_department_pair,0,treat_13,drop_rounding_band,adjacent_categories,p1_mserd,413,94,319,153,260,18,135,76,184,38,155,2,2,1,1,0,.0034647793780492,.0034647793780492,.0057705035047938,.0057705035047938,35,27,1
broad_atlas,cd,2013,7,dept_pair_03_09,Departments: AYACUCHO + LA LIBERTAD,2,1406,50,60,81,.384929950133262,.4343440498189218,.3938910109934754,.2701569903556644,-.3376681455623603,1.206356245200204,1.215949708753777,atlas_department_pair,0,treat_13,drop_rounding_band,adjacent_categories,p1_mserd,384,96,288,129,255,19,110,77,178,37,153,2,2,1,1,0,.0032394492574,.0032394492574,.0056153422752547,.0056153422752547,27,23,1
broad_atlas,cd,2013,8,dept_pair_03_05,Departments: AYACUCHO + CUSCO,2,1534,62,57,82,.3246490829222337,.3850258653823857,.3558486110589036,.2792554396355966,-.3124245962416669,1.082476327006438,1.170709819914063,atlas_department_pair,0,treat_13,drop_rounding_band,adjacent_categories,p1_mserd,419,100,319,140,279,21,119,79,200,39,163,2,2,1,1,0,.0034884965418579,.0034884965418579,.0061686050025576,.0061686050025576,29,33,1
broad_atlas,cd,2013,9,dept_pair_03_10,Departments: AYACUCHO + LIMA,2,1440,62,67,86,.3156579183462064,.363768229353354,.3393756240357148,.28377620387031,-.3013957709874527,1.028932229694161,1.148915904071704,atlas_department_pair,0,treat_13,drop_rounding_band,adjacent_categories,p1_mserd,401,97,304,139,262,18,121,79,183,38,153,2,2,1,1,0,.003486072748428,.003486072748428,.0057722418114516,.0057722418114516,33,29,1
broad_atlas,cd,2013,10,dept_pair_03_08,Departments: AYACUCHO + JUNIN,2,2146,146,116,131,.1980655665634291,.2363606119332996,.2213271391722888,.2855546973528997,-.1974326096456706,.6701538335122698,1.140462134527759,atlas_department_pair,0,treat_13,drop_rounding_band,adjacent_categories,p1_mserd,723,180,543,292,431,43,249,137,294,46,204,2,2,1,1,0,.0036766225284453,.0036766225284453,.0058560908040211,.0058560908040211,84,62,1
broad_atlas,cd,2014,1,dept_pair_03_13,Departments: AYACUCHO + PUNO,2,1614,88,71,95,.474793047033667,.5411768734308253,.2531061539739921,.0325052280028443,.0450979273763514,1.037255819485299,4.571650792496322,atlas_department_pair,0,treat_14,drop_rounding_band,adjacent_categories,p1_mserd,463,107,356,157,306,20,137,87,219,40,167,2,2,1,1,0,.0040097691353757,.0040097691353757,.0069336636346463,.0069336636346463,52,36,1
broad_atlas,cd,2014,2,dept_pair_03_04,Departments: AYACUCHO + CAJAMARCA,2,1478,60,61,79,.4514527992060284,.51378613883988,.3404315411690252,.1312425345871404,-.153447421052874,1.181019698732634,2.277745436446477,atlas_department_pair,0,treat_14,drop_rounding_band,adjacent_categories,p1_mserd,425,96,329,165,260,19,146,77,183,39,155,2,2,1,1,0,.003398300404209,.003398300404209,.005895778963051,.005895778963051,33,27,1
broad_atlas,cd,2014,3,dept_pair_08_13,Departments: JUNIN + PUNO,2,984,122,83,78,.2255383127355349,.2994825003233948,.2003606694998265,.1349883137301831,-.093217195814598,.6921821964613876,2.234178932329483,atlas_department_pair,0,treat_14,drop_rounding_band,adjacent_categories,p1_mserd,450,100,350,209,241,28,181,72,169,44,143,0,0,1,1,0,.0043901683463709,.0043901683463709,.0067754094001377,.0067754094001377,76,46,1
broad_atlas,cd,2014,4,dept_pair_01_03,Departments: ANCASH + AYACUCHO,2,1453,67,70,87,.404389971699422,.4700278299691072,.3253664988933575,.1485673483038857,-.1676787896377647,1.107734449575979,2.086899224270797,atlas_department_pair,0,treat_14,drop_rounding_band,adjacent_categories,p1_mserd,412,95,317,147,265,18,129,77,188,38,157,2,2,1,1,0,.0035296003193985,.0035296003193985,.0060193438167577,.0060193438167577,35,32,1
broad_atlas,cd,2014,5,dept_pair_03_07,Departments: AYACUCHO + HUANUCO,2,2246,153,106,134,.2774374294032124,.3163985115781134,.2190236397514239,.1485741716900564,-.1128799340975526,.7456769572537794,2.086829079747623,atlas_department_pair,0,treat_14,drop_rounding_band,adjacent_categories,p1_mserd,801,220,581,333,468,55,278,165,303,47,228,2,2,1,1,0,.0038756895314628,.0038756895314628,.0061512992701031,.0061512992701031,81,72,1
broad_atlas,cd,2014,6,dept_pair_03_15,Departments: AYACUCHO + UCAYALI,2,1598,61,62,84,.4186835087425744,.4752937957207242,.3400554288935037,.1622046560295724,-.191202597657864,1.141790189099313,1.953551502368807,atlas_department_pair,0,treat_14,drop_rounding_band,adjacent_categories,p1_mserd,453,104,349,159,294,22,137,82,212,42,168,2,2,1,1,0,.0035221876159681,.0035221876159681,.0060504453859801,.0060504453859801,33,28,1
broad_atlas,cd,2014,7,dept_pair_07_13,Departments: HUANUCO + PUNO,2,1084,150,73,81,.2727009524924861,.2958735869509743,.2197626292719113,.1781952842713463,-.1348532515697996,.7266004254717482,1.812611407340417,atlas_department_pair,0,treat_14,drop_rounding_band,adjacent_categories,p1_mserd,528,139,389,250,278,39,211,100,178,46,177,0,0,1,1,0,.0051544658683127,.0051544658683127,.0081039830207901,.0081039830207901,84,66,1
broad_atlas,cd,2014,8,dept_pair_03_12,Departments: AYACUCHO + PIURA,2,1464,62,58,75,.3589387386447679,.4203619534263701,.3493475543935856,.2288690620075902,-.2643466712722051,1.105070578124945,1.44787606377495,atlas_department_pair,0,treat_14,drop_rounding_band,adjacent_categories,p1_mserd,413,94,319,153,260,18,135,76,184,38,155,2,2,1,1,0,.0034647793780492,.0034647793780492,.0057705035047938,.0057705035047938,35,27,1
broad_atlas,cd,2014,9,dept_pair_03_08,Departments: AYACUCHO + JUNIN,2,2146,146,116,131,.1953166260743795,.2424023591419043,.2172964754430333,.2646201734533086,-.1834909066939331,.6682956249777416,1.244423833485336,atlas_department_pair,0,treat_14,drop_rounding_band,adjacent_categories,p1_mserd,723,181,542,292,431,44,248,137,294,46,204,2,2,1,1,0,.0037233440060188,.0037233440060188,.0060279108631202,.0060279108631202,84,62,1
broad_atlas,cd,2014,10,dept_pair_03_09,Departments: AYACUCHO + LA LIBERTAD,2,1406,50,60,81,.384929950133262,.4343440498189218,.3938910109934754,.2701569903556644,-.3376681455623603,1.206356245200204,1.215949708753777,atlas_department_pair,0,treat_14,drop_rounding_band,adjacent_categories,p1_mserd,384,96,288,129,255,19,110,77,178,37,153,2,2,1,1,0,.0032394492574,.0032394492574,.0056153422752547,.0056153422752547,27,23,1
broad_atlas,cd,2015,1,dept_pair_03_13,Departments: AYACUCHO + PUNO,2,1614,88,71,95,.474793047033667,.5411768734308253,.2531061539739921,.0325052280028443,.0450979273763514,1.037255819485299,4.571650792496322,atlas_department_pair,0,treat_15,drop_rounding_band,adjacent_categories,p1_mserd,463,107,356,157,306,20,137,87,219,40,167,2,2,1,1,0,.0040097691353757,.0040097691353757,.0069336636346463,.0069336636346463,52,36,1
broad_atlas,cd,2015,2,dept_pair_03_04,Departments: AYACUCHO + CAJAMARCA,2,1478,60,61,79,.4514527992060284,.51378613883988,.3404315411690252,.1312425345871404,-.153447421052874,1.181019698732634,2.277745436446477,atlas_department_pair,0,treat_15,drop_rounding_band,adjacent_categories,p1_mserd,425,96,329,165,260,19,146,77,183,39,155,2,2,1,1,0,.003398300404209,.003398300404209,.005895778963051,.005895778963051,33,27,1
broad_atlas,cd,2015,3,dept_pair_08_13,Departments: JUNIN + PUNO,2,984,122,83,78,.2255383127355349,.2994825003233948,.2003606694998265,.1349883137301831,-.093217195814598,.6921821964613876,2.234178932329483,atlas_department_pair,0,treat_15,drop_rounding_band,adjacent_categories,p1_mserd,450,100,350,209,241,28,181,72,169,44,143,0,0,1,1,0,.0043901683463709,.0043901683463709,.0067754094001377,.0067754094001377,76,46,1
broad_atlas,cd,2015,4,dept_pair_01_03,Departments: ANCASH + AYACUCHO,2,1453,67,70,87,.404389971699422,.4700278299691072,.3253664988933575,.1485673483038857,-.1676787896377647,1.107734449575979,2.086899224270797,atlas_department_pair,0,treat_15,drop_rounding_band,adjacent_categories,p1_mserd,412,95,317,147,265,18,129,77,188,38,157,2,2,1,1,0,.0035296003193985,.0035296003193985,.0060193438167577,.0060193438167577,35,32,1
broad_atlas,cd,2015,5,dept_pair_03_07,Departments: AYACUCHO + HUANUCO,2,2246,153,106,134,.2774374294032124,.3163985115781134,.2190236397514239,.1485741716900564,-.1128799340975526,.7456769572537794,2.086829079747623,atlas_department_pair,0,treat_15,drop_rounding_band,adjacent_categories,p1_mserd,801,220,581,333,468,55,278,165,303,47,228,2,2,1,1,0,.0038756895314628,.0038756895314628,.0061512992701031,.0061512992701031,81,72,1
broad_atlas,cd,2015,6,dept_pair_03_15,Departments: AYACUCHO + UCAYALI,2,1598,61,62,84,.4186835087425744,.4752937957207242,.3400554288935037,.1622046560295724,-.191202597657864,1.141790189099313,1.953551502368807,atlas_department_pair,0,treat_15,drop_rounding_band,adjacent_categories,p1_mserd,453,104,349,159,294,22,137,82,212,42,168,2,2,1,1,0,.0035221876159681,.0035221876159681,.0060504453859801,.0060504453859801,33,28,1
broad_atlas,cd,2015,7,dept_pair_07_13,Departments: HUANUCO + PUNO,2,1084,150,73,81,.2727009524924861,.2958735869509743,.2197626292719113,.1781952842713463,-.1348532515697996,.7266004254717482,1.812611407340417,atlas_department_pair,0,treat_15,drop_rounding_band,adjacent_categories,p1_mserd,528,139,389,250,278,39,211,100,178,46,177,0,0,1,1,0,.0051544658683127,.0051544658683127,.0081039830207901,.0081039830207901,84,66,1
broad_atlas,cd,2015,8,dept_pair_03_12,Departments: AYACUCHO + PIURA,2,1464,62,58,75,.3589387386447679,.4203619534263701,.3493475543935856,.2288690620075902,-.2643466712722051,1.105070578124945,1.44787606377495,atlas_department_pair,0,treat_15,drop_rounding_band,adjacent_categories,p1_mserd,413,94,319,153,260,18,135,76,184,38,155,2,2,1,1,0,.0034647793780492,.0034647793780492,.0057705035047938,.0057705035047938,35,27,1
broad_atlas,cd,2015,9,dept_pair_03_08,Departments: AYACUCHO + JUNIN,2,2146,146,116,131,.1953166260743795,.2424023591419043,.2172964754430333,.2646201734533086,-.1834909066939331,.6682956249777416,1.244423833485336,atlas_department_pair,0,treat_15,drop_rounding_band,adjacent_categories,p1_mserd,723,181,542,292,431,44,248,137,294,46,204,2,2,1,1,0,.0037233440060188,.0037233440060188,.0060279108631202,.0060279108631202,84,62,1
broad_atlas,cd,2015,10,dept_pair_03_09,Departments: AYACUCHO + LA LIBERTAD,2,1406,50,60,81,.384929950133262,.4343440498189218,.3938910109934754,.2701569903556644,-.3376681455623603,1.206356245200204,1.215949708753777,atlas_department_pair,0,treat_15,drop_rounding_band,adjacent_categories,p1_mserd,384,96,288,129,255,19,110,77,178,37,153,2,2,1,1,0,.0032394492574,.0032394492574,.0056153422752547,.0056153422752547,27,23,1
broad_atlas,cd,2016,1,dept_pair_03_13,Departments: AYACUCHO + PUNO,2,1614,88,71,95,.474793047033667,.5411768734308253,.2531061539739921,.0325052280028443,.0450979273763514,1.037255819485299,4.571650792496322,atlas_department_pair,0,treat_16,drop_rounding_band,adjacent_categories,p1_mserd,463,107,356,157,306,20,137,87,219,40,167,2,2,1,1,0,.0040097691353757,.0040097691353757,.0069336636346463,.0069336636346463,52,36,1
broad_atlas,cd,2016,2,dept_pair_03_04,Departments: AYACUCHO + CAJAMARCA,2,1478,60,61,79,.4514527992060284,.51378613883988,.3404315411690252,.1312425345871404,-.153447421052874,1.181019698732634,2.277745436446477,atlas_department_pair,0,treat_16,drop_rounding_band,adjacent_categories,p1_mserd,425,96,329,165,260,19,146,77,183,39,155,2,2,1,1,0,.003398300404209,.003398300404209,.005895778963051,.005895778963051,33,27,1
broad_atlas,cd,2016,3,dept_pair_08_13,Departments: JUNIN + PUNO,2,984,131,83,78,.2262142955873129,.2966563188833461,.199436896757226,.1368908293451617,-.0942328159492498,.6875454537159421,2.212565778683722,atlas_department_pair,0,treat_16,drop_rounding_band,adjacent_categories,p1_mserd,450,101,349,209,241,29,180,72,169,44,143,0,0,1,1,0,.0045651627746832,.0045651627746832,.0070038031097529,.0070038031097529,82,49,1
broad_atlas,cd,2016,4,dept_pair_01_03,Departments: ANCASH + AYACUCHO,2,1453,67,70,87,.404389971699422,.4700278299691072,.3253664988933575,.1485673483038857,-.1676787896377647,1.107734449575979,2.086899224270797,atlas_department_pair,0,treat_16,drop_rounding_band,adjacent_categories,p1_mserd,412,95,317,147,265,18,129,77,188,38,157,2,2,1,1,0,.0035296003193985,.0035296003193985,.0060193438167577,.0060193438167577,35,32,1
broad_atlas,cd,2016,5,dept_pair_03_07,Departments: AYACUCHO + HUANUCO,2,2246,153,106,134,.2774374294032124,.3163985115781134,.2190236397514239,.1485741716900564,-.1128799340975526,.7456769572537794,2.086829079747623,atlas_department_pair,0,treat_16,drop_rounding_band,adjacent_categories,p1_mserd,801,220,581,333,468,55,278,165,303,47,228,2,2,1,1,0,.0038756895314628,.0038756895314628,.0061512992701031,.0061512992701031,81,72,1
broad_atlas,cd,2016,6,dept_pair_03_15,Departments: AYACUCHO + UCAYALI,2,1598,61,62,84,.4186835087425744,.4752937957207242,.3400554288935037,.1622046560295724,-.191202597657864,1.141790189099313,1.953551502368807,atlas_department_pair,0,treat_16,drop_rounding_band,adjacent_categories,p1_mserd,453,104,349,159,294,22,137,82,212,42,168,2,2,1,1,0,.0035221876159681,.0035221876159681,.0060504453859801,.0060504453859801,33,28,1
broad_atlas,cd,2016,7,dept_pair_07_13,Departments: HUANUCO + PUNO,2,1084,150,73,81,.2727009524924861,.2958735869509743,.2197626292719113,.1781952842713463,-.1348532515697996,.7266004254717482,1.812611407340417,atlas_department_pair,0,treat_16,drop_rounding_band,adjacent_categories,p1_mserd,528,139,389,250,278,39,211,100,178,46,177,0,0,1,1,0,.0051544658683127,.0051544658683127,.0081039830207901,.0081039830207901,84,66,1
broad_atlas,cd,2016,8,dept_pair_03_12,Departments: AYACUCHO + PIURA,2,1464,62,58,75,.3589387386447679,.4203619534263701,.3493475543935856,.2288690620075902,-.2643466712722051,1.105070578124945,1.44787606377495,atlas_department_pair,0,treat_16,drop_rounding_band,adjacent_categories,p1_mserd,413,94,319,153,260,18,135,76,184,38,155,2,2,1,1,0,.0034647793780492,.0034647793780492,.0057705035047938,.0057705035047938,35,27,1
broad_atlas,cd,2016,9,dept_pair_03_08,Departments: AYACUCHO + JUNIN,2,2146,146,116,131,.2002016904596647,.2475320066743769,.21908238261849,.2585360177830518,-.1818615729050873,.6769255862538411,1.276579347853495,atlas_department_pair,0,treat_16,drop_rounding_band,adjacent_categories,p1_mserd,723,182,541,292,431,45,247,137,294,46,204,2,2,1,1,0,.0036807078820825,.0036807078820825,.0059928678492803,.0059928678492803,84,62,1
broad_atlas,cd,2016,10,dept_pair_03_09,Departments: AYACUCHO + LA LIBERTAD,2,1406,50,60,81,.384929950133262,.4343440498189218,.3938910109934754,.2701569903556644,-.3376681455623603,1.206356245200204,1.215949708753777,atlas_department_pair,0,treat_16,drop_rounding_band,adjacent_categories,p1_mserd,384,96,288,129,255,19,110,77,178,37,153,2,2,1,1,0,.0032394492574,.0032394492574,.0056153422752547,.0056153422752547,27,23,1
broad_atlas,cd,2017,1,dept_pair_03_13,Departments: AYACUCHO + PUNO,2,1614,88,71,95,.4749161851907625,.5413286548941981,.2531481059589071,.0324853351520565,.0451674844602108,1.037489825328185,4.572699570591719,atlas_department_pair,0,treat_17,drop_rounding_band,adjacent_categories,p1_mserd,463,108,355,157,306,20,137,88,218,40,167,2,2,1,1,0,.0040084947946635,.0040084947946635,.0069321410225478,.0069321410225478,52,36,1
broad_atlas,cd,2017,2,dept_pair_03_04,Departments: AYACUCHO + CAJAMARCA,2,1478,60,61,79,.4514728953977708,.5138135921651943,.3404410534090147,.131232706706415,-.1534386113753514,1.18106579570574,2.277861561702434,atlas_department_pair,0,treat_17,drop_rounding_band,adjacent_categories,p1_mserd,425,97,328,165,260,19,146,78,182,39,155,2,2,1,1,0,.0033980952397372,.0033980952397372,.0058954037922331,.0058954037922331,33,27,1
broad_atlas,cd,2017,3,dept_pair_08_13,Departments: JUNIN + PUNO,2,984,131,83,78,.2262142955873129,.2966563188833461,.199436896757226,.1368908293451617,-.0942328159492498,.6875454537159421,2.212565778683722,atlas_department_pair,0,treat_17,drop_rounding_band,adjacent_categories,p1_mserd,450,101,349,209,241,29,180,72,169,44,143,0,0,1,1,0,.0045651627746832,.0045651627746832,.0070038031097529,.0070038031097529,82,49,1
broad_atlas,cd,2017,4,dept_pair_01_03,Departments: ANCASH + AYACUCHO,2,1453,67,70,87,.4044169866271932,.4700504957233276,.3253742424823305,.1485574332231609,-.1676713010390426,1.107772292485698,2.087001157951525,atlas_department_pair,0,treat_17,drop_rounding_band,adjacent_categories,p1_mserd,412,96,316,147,265,18,129,78,187,38,157,2,2,1,1,0,.0035294529055013,.0035294529055013,.0060191293997168,.0060191293997168,35,32,1
broad_atlas,cd,2017,5,dept_pair_03_07,Departments: AYACUCHO + HUANUCO,2,2246,153,106,134,.2774494306477692,.3164145286810303,.2190258991465157,.1485578074165206,-.1128683453276425,.745697402689703,2.086997310853245,atlas_department_pair,0,treat_17,drop_rounding_band,adjacent_categories,p1_mserd,801,221,580,333,468,55,278,166,302,47,228,2,2,1,1,0,.0038755665352549,.0038755665352549,.0061510183862457,.0061510183862457,81,72,1
broad_atlas,cd,2017,6,dept_pair_03_15,Departments: AYACUCHO + UCAYALI,2,1598,67,62,84,.4177943868480123,.4745322197782412,.339304787506181,.1619501717190144,-.1904929435158896,1.139557383072372,1.955921569437797,atlas_department_pair,0,treat_17,drop_rounding_band,adjacent_categories,p1_mserd,453,106,347,159,294,22,137,84,210,42,168,2,2,1,1,0,.0035333610895584,.0035333610895584,.0060700713138599,.0060700713138599,39,28,1
broad_atlas,cd,2017,7,dept_pair_07_13,Departments: HUANUCO + PUNO,2,1084,150,73,81,.2727009524924861,.2958735869509743,.2197626292719113,.1781952842713463,-.1348532515697996,.7266004254717482,1.812611407340417,atlas_department_pair,0,treat_17,drop_rounding_band,adjacent_categories,p1_mserd,528,139,389,250,278,39,211,100,178,46,177,0,0,1,1,0,.0051544658683127,.0051544658683127,.0081039830207901,.0081039830207901,84,66,1
broad_atlas,cd,2017,8,dept_pair_03_12,Departments: AYACUCHO + PIURA,2,1464,62,58,75,.3589567501497775,.4203895501603828,.3493580863739778,.2288525371986058,-.2643397168404469,1.105118817161213,1.447978868538758,atlas_department_pair,0,treat_17,drop_rounding_band,adjacent_categories,p1_mserd,413,95,318,153,260,18,135,77,183,38,155,2,2,1,1,0,.0034645708816344,.0034645708816344,.0057702077553149,.0057702077553149,35,27,1
broad_atlas,cd,2017,9,dept_pair_03_08,Departments: AYACUCHO + JUNIN,2,2146,146,116,131,.2002047719007598,.2475299205169176,.219088301709074,.2585528956359675,-.1818752602669125,.6769351013007479,1.276488853975379,atlas_department_pair,0,treat_17,drop_rounding_band,adjacent_categories,p1_mserd,723,183,540,292,431,45,247,138,293,46,204,2,2,1,1,0,.0036805886130366,.0036805886130366,.0059926683503426,.0059926683503426,84,62,1
broad_atlas,cd,2017,10,dept_pair_03_09,Departments: AYACUCHO + LA LIBERTAD,2,1406,50,60,81,.3849435914671077,.4343708216454801,.3939027872102419,.2701417867558779,-.3376644546965386,1.206406097987499,1.216026896714384,atlas_department_pair,0,treat_17,drop_rounding_band,adjacent_categories,p1_mserd,384,97,287,129,255,19,110,78,177,37,153,2,2,1,1,0,.0032392848173892,.0032392848173892,.0056151787995899,.0056151787995899,27,23,1
broad_atlas,cd,2018,1,dept_pair_03_13,Departments: AYACUCHO + PUNO,2,1614,88,71,95,.473259658912781,.5392635740025693,.2525825273245536,.032761049522324,.0442109173223402,1.034316230682798,4.558222940329038,atlas_department_pair,0,treat_18,drop_rounding_band,adjacent_categories,p1_mserd,463,125,338,157,306,20,137,105,201,40,167,2,2,1,1,0,.0040259356992134,.0040259356992134,.0069533761064521,.0069533761064521,52,36,1
broad_atlas,cd,2018,2,dept_pair_03_04,Departments: AYACUCHO + CAJAMARCA,2,1478,60,61,79,.4512980406374844,.5135744633348622,.3403583165274414,.1313184829443327,-.1535155788976066,1.180664505567331,2.276848365325371,atlas_department_pair,0,treat_18,drop_rounding_band,adjacent_categories,p1_mserd,425,111,314,165,260,19,146,92,168,39,155,2,2,1,1,0,.0033998826198154,.0033998826198154,.0058986818361977,.0058986818361977,33,27,1
broad_atlas,cd,2018,3,dept_pair_08_13,Departments: JUNIN + PUNO,2,984,130,83,78,.2279448588902321,.2995075925816517,.1996374703394357,.1335477392475125,-.0917746592483254,.6907898444116287,2.25077227208081,atlas_department_pair,0,treat_18,drop_rounding_band,adjacent_categories,p1_mserd,450,107,343,209,241,29,180,78,163,44,143,0,0,1,1,0,.0045272105646781,.0045272105646781,.0069689173294448,.0069689173294448,81,49,1
broad_atlas,cd,2018,4,dept_pair_01_03,Departments: ANCASH + AYACUCHO,2,1453,74,70,87,.4041951878630386,.469859580145971,.3253072899943329,.1486388228337867,-.1677309921512485,1.107450152443191,2.086164645444132,atlas_department_pair,0,treat_18,drop_rounding_band,adjacent_categories,p1_mserd,412,110,302,147,265,18,129,92,173,38,157,2,2,1,1,0,.0035306567992275,.0035306567992275,.0060208842856413,.0060208842856413,42,32,1
broad_atlas,cd,2018,5,dept_pair_03_07,Departments: AYACUCHO + HUANUCO,2,2246,153,106,134,.2773819806658491,.3163244637080356,.2190132008351363,.1486498586611112,-.1129335220676693,.7455824494837404,2.086051260391435,atlas_department_pair,0,treat_18,drop_rounding_band,adjacent_categories,p1_mserd,801,235,566,333,468,55,278,180,288,47,228,2,2,1,1,0,.0038762582234801,.0038762582234801,.0061525999139662,.0061525999139662,81,72,1
broad_atlas,cd,2018,6,dept_pair_03_15,Departments: AYACUCHO + UCAYALI,2,1598,67,62,84,.4176714978656504,.4744169841889645,.3391873392628395,.1619068092638051,-.1903779847781694,1.139211953156098,1.956325836928938,atlas_department_pair,0,treat_18,drop_rounding_band,adjacent_categories,p1_mserd,453,120,333,159,294,22,137,98,196,42,168,2,2,1,1,0,.0035349633351128,.0035349633351128,.0060730732947546,.0060730732947546,39,28,1
broad_atlas,cd,2018,7,dept_pair_07_13,Departments: HUANUCO + PUNO,2,1084,150,73,81,.2726950962211483,.2958305177763039,.2199218262131915,.1785728745943533,-.1352083410158282,.726869376568436,1.809461224416563,atlas_department_pair,0,treat_18,drop_rounding_band,adjacent_categories,p1_mserd,528,142,386,250,278,39,211,103,175,46,177,0,0,1,1,0,.0051463780897351,.0051463780897351,.0080938923651421,.0080938923651421,84,66,1
broad_atlas,cd,2018,8,dept_pair_03_12,Departments: AYACUCHO + PIURA,2,1464,62,58,75,.3588125933145735,.420168499580913,.349273787782154,.2289850369753433,-.2643955452159947,1.104732544377821,1.447154807224501,atlas_department_pair,0,treat_18,drop_rounding_band,adjacent_categories,p1_mserd,413,109,304,153,260,18,135,91,169,38,155,2,2,1,1,0,.0034662415714125,.0034662415714125,.005772583447286,.005772583447286,35,27,1
broad_atlas,cd,2018,9,dept_pair_03_08,Departments: AYACUCHO + JUNIN,2,2146,146,116,131,.2001606634690368,.2475596751578654,.2190034927729886,.2583113163815115,-.1816792831656702,.6767986334814009,1.277784824113005,atlas_department_pair,0,treat_18,drop_rounding_band,adjacent_categories,p1_mserd,723,200,523,292,431,45,247,155,276,46,204,2,2,1,1,0,.0036822994342812,.0036822994342812,.0059955436929892,.0059955436929892,84,62,1
broad_atlas,cd,2018,10,dept_pair_03_09,Departments: AYACUCHO + LA LIBERTAD,2,1406,50,60,81,.3848252873129742,.434138622490687,.3938007214142296,.2702737895454135,-.337696608567094,1.205973853548468,1.215356905762565,atlas_department_pair,0,treat_18,drop_rounding_band,adjacent_categories,p1_mserd,384,111,273,129,255,19,110,92,163,37,153,2,2,1,1,0,.0032407119697135,.0032407119697135,.0056166004687918,.0056166004687918,27,23,1
broad_atlas,cd,2019,1,dept_pair_08_15,Departments: JUNIN + UCAYALI,2,968,112,74,67,.5823898145446447,.6277464420117584,.2421128622327438,.0095202442983113,.1532139518416729,1.102278932181844,6.722530725892021,atlas_department_pair,0,treat_19,drop_rounding_band,adjacent_categories,p1_mserd,440,148,292,211,229,32,179,116,113,43,137,0,0,1,1,0,.0046796361096324,.0046796361096324,.0075342625730456,.0075342625730456,71,41,1
broad_atlas,cd,2019,2,dept_pair_04_08,Departments: CAJAMARCA + JUNIN,2,848,129,73,62,.535563198390563,.5882937942191515,.2280876680770625,.0099016763081028,.1412501794703829,1.03533740896792,6.652500626042188,atlas_department_pair,0,treat_19,drop_rounding_band,adjacent_categories,p1_mserd,412,139,273,217,195,29,188,110,85,42,117,0,0,1,1,0,.005246647473833,.005246647473833,.0087224416660887,.0087224416660887,81,48,1
broad_atlas,cd,2019,3,dept_pair_01_08,Departments: ANCASH + JUNIN,2,823,128,82,70,.5362926791433528,.5780578482511941,.2310602005646814,.0123576637554035,.1251881768838172,1.030927519618571,6.258817841944556,atlas_department_pair,0,treat_19,drop_rounding_band,adjacent_categories,p1_mserd,399,142,257,199,200,28,171,114,86,43,122,0,0,1,1,0,.0050221025778879,.0050221025778879,.00819201222852,.00819201222852,79,49,1
broad_atlas,cd,2019,4,dept_pair_08_12,Departments: JUNIN + PIURA,2,834,129,70,58,.5167851064479674,.5697319080133497,.239875103322868,.0175432947677423,.0995853447127042,1.039878471313995,5.641190115326734,atlas_department_pair,0,treat_19,drop_rounding_band,adjacent_categories,p1_mserd,400,137,263,205,195,28,177,109,86,42,117,0,0,1,1,0,.005052284746058,.005052284746058,.0080456884942209,.0080456884942209,81,48,1
broad_atlas,cd,2019,5,dept_pair_08_09,Departments: JUNIN + LA LIBERTAD,2,776,106,72,64,.5514620564497528,.6034795258128782,.2552937228557099,.0180854723599112,.1031130235365368,1.10384602808922,5.587850879508623,atlas_department_pair,0,treat_19,drop_rounding_band,adjacent_categories,p1_mserd,371,140,231,181,190,29,152,111,79,42,115,0,0,1,1,0,.0044921573811985,.0044921573811985,.0071296953078374,.0071296953078374,64,42,1
broad_atlas,cd,2019,6,dept_08,Department: JUNIN,1,758,113,64,57,.5301956337464313,.5762704758079067,.2474145108646632,.019850057343048,.0913469452605731,1.06119400635524,5.425033256749067,atlas_department,0,treat_19,drop_rounding_band,adjacent_categories,p1_mserd,355,137,218,172,183,28,144,109,74,41,112,0,0,1,1,0,.0050533115995173,.0050533115995173,.0083500788056876,.0083500788056876,69,44,1
broad_atlas,cd,2019,7,dept_pair_05_08,Departments: CUSCO + JUNIN,2,904,115,69,65,.4492571725449651,.5047469880627595,.2456766564258721,.039925632138837,.0232295896258294,.9862643864996896,4.221042125932994,atlas_department_pair,0,treat_19,drop_rounding_band,adjacent_categories,p1_mserd,406,149,257,192,214,31,161,118,96,44,128,0,0,1,1,0,.0047972073660764,.0047972073660764,.007607313070006,.007607313070006,69,46,1
broad_atlas,cd,2019,8,dept_pair_08_13,Departments: JUNIN + PUNO,2,984,145,83,78,.4083517384915305,.4201470335717178,.2216532198312533,.0580241881473893,-.0142852943548778,.8545793614983134,3.592977638303957,atlas_department_pair,0,treat_19,drop_rounding_band,adjacent_categories,p1_mserd,450,185,265,209,241,34,175,151,90,44,143,0,0,1,1,0,.0051967993220452,.0051967993220452,.0081279932348863,.0081279932348863,90,55,1
broad_atlas,cd,2019,9,dept_pair_08_11,Departments: JUNIN + PASCO,2,1119,192,81,78,.3988425601300584,.4228625869532587,.223559723072157,.0585580063542912,-.0153064186619171,.8610315925684345,3.577761602265628,atlas_department_pair,0,treat_19,drop_rounding_band,adjacent_categories,p1_mserd,519,181,338,231,288,28,203,153,135,51,152,0,0,1,1,0,.0061478918363573,.0061478918363573,.0084495855416236,.0084495855416236,111,81,1
broad_atlas,cd,2019,10,dept_pair_06_08,Departments: HUANCAVELICA + JUNIN,2,1179,158,103,103,.3631984781002665,.3787927303641389,.2055326226453812,.0653317761352971,-.0240438076688697,.7816292683971473,3.396579180642478,atlas_department_pair,0,treat_19,drop_rounding_band,adjacent_categories,p1_mserd,573,263,310,259,314,53,206,210,104,49,157,1,0,1,1,0,.0044652596160263,.0044652596160263,.0067227909597069,.0067227909597069,93,65,1
broad_atlas,cd,2020,1,dept_pair_08_12,Departments: JUNIN + PIURA,2,834,118,70,58,.6237843721953327,.7111143055924128,.2012661086387069,.0004105548825992,.3166399813520215,1.105588629832804,12.48353350699993,atlas_department_pair,0,treat_20,drop_rounding_band,adjacent_categories,p1_mserd,400,154,246,205,195,35,170,119,76,42,117,0,0,1,1,0,.0045865334370582,.0045865334370582,.0081949713742614,.0081949713742614,74,44,1
broad_atlas,cd,2020,2,dept_pair_08_09,Departments: JUNIN + LA LIBERTAD,2,776,99,72,64,.6629632656075843,.7524531186102409,.213318303306888,.0004197058307989,.334356926885549,1.170549310334933,12.44235681258589,atlas_department_pair,0,treat_20,drop_rounding_band,adjacent_categories,p1_mserd,371,157,214,181,190,36,145,121,69,42,115,0,0,1,1,0,.0040325156229054,.0040325156229054,.0076809201588307,.0076809201588307,61,38,1
broad_atlas,cd,2020,3,dept_08,Department: JUNIN,1,758,97,64,57,.6416524722525229,.7280943588796117,.2186122664844292,.0008668132539715,.2996221899914577,1.156566527767766,11.09241932463248,atlas_department,0,treat_20,drop_rounding_band,adjacent_categories,p1_mserd,355,154,201,172,183,35,137,119,64,41,112,0,0,1,1,0,.0039825261233563,.0039825261233563,.0073436674226665,.0073436674226665,60,37,1
broad_atlas,cd,2020,4,dept_pair_08_15,Departments: JUNIN + UCAYALI,2,968,93,74,67,.6859529748208855,.7449666288972804,.2275247760705812,.0010595333323536,.2990262622084005,1.19090699558616,10.72052974966207,atlas_department_pair,0,treat_20,drop_rounding_band,adjacent_categories,p1_mserd,440,170,270,211,229,39,172,131,98,43,137,0,0,1,1,0,.0036791125803665,.0036791125803665,.0059996708792475,.0059996708792475,57,36,1
broad_atlas,cd,2020,5,dept_pair_05_08,Departments: CUSCO + JUNIN,2,904,93,69,65,.6282352157648742,.6918102819138239,.2334262375005057,.0030394355433502,.2343032633661399,1.149317300461508,8.783643178588044,atlas_department_pair,0,treat_20,drop_rounding_band,adjacent_categories,p1_mserd,406,176,230,192,214,38,154,138,76,44,128,0,0,1,1,0,.0035913724911439,.0035913724911439,.0060334996738132,.0060334996738132,54,39,1
broad_atlas,cd,2020,6,dept_pair_04_08,Departments: CAJAMARCA + JUNIN,2,848,117,73,62,.5322668163608084,.5857638439148756,.2061204568714332,.0044852300118298,.181775171969925,.9897525158598262,8.076123101880516,atlas_department_pair,0,treat_20,drop_rounding_band,adjacent_categories,p1_mserd,412,167,245,217,195,43,174,124,71,42,117,0,0,1,1,0,.004772870835927,.004772870835927,.0087032805165719,.0087032805165719,73,44,1
broad_atlas,cd,2020,7,dept_pair_08_11,Departments: JUNIN + PASCO,2,1119,142,81,78,.5326243592029062,.5748898580466737,.2042635185902573,.00488604816055,.1745407182543416,.9752389978390058,7.921139774352197,atlas_department_pair,0,treat_20,drop_rounding_band,adjacent_categories,p1_mserd,519,219,300,231,288,38,193,181,107,51,152,0,0,1,1,0,.0047755885100499,.0047755885100499,.0080667588063074,.0080667588063074,86,56,1
broad_atlas,cd,2020,8,dept_pair_03_08,Departments: AYACUCHO + JUNIN,2,2146,146,116,131,.4653672957766257,.5153193219106793,.1971151040532045,.0089408757195528,.1289808171575333,.9016578266638253,6.834599116171761,atlas_department_pair,0,treat_20,drop_rounding_band,adjacent_categories,p1_mserd,723,384,339,292,431,71,221,313,118,46,204,2,2,1,1,0,.0036768410992098,.0036768410992098,.0065845591095304,.0065845591095304,84,62,1
broad_atlas,cd,2020,9,dept_pair_06_08,Departments: HUANCAVELICA + JUNIN,2,1179,146,103,103,.4317663772316953,.4654213088464947,.1927284609274349,.0157392279069564,.0876804666328874,.8431621510601019,5.831775804956249,atlas_department_pair,0,treat_20,drop_rounding_band,adjacent_categories,p1_mserd,573,295,278,259,314,67,192,228,86,49,157,1,0,1,1,0,.0040137653075407,.0040137653075407,.0065011419038208,.0065011419038208,84,62,1
broad_atlas,cd,2020,10,dept_pair_01_08,Departments: ANCASH + JUNIN,2,823,105,82,70,.5382360685417654,.5812463087593192,.2478090123302283,.0189994661752577,.0955495695476296,1.066943047971009,5.501564668210865,atlas_department_pair,0,treat_20,drop_rounding_band,adjacent_categories,p1_mserd,399,160,239,199,200,36,163,124,76,43,122,0,0,1,1,0,.0037893340769238,.0037893340769238,.006163414718379,.006163414718379,65,40,1
broad_atlas,cd,2021,1,dept_pair_08_15,Departments: JUNIN + UCAYALI,2,968,117,74,67,.5639479808768904,.6276112477085567,.2075810221496588,.0024990870563068,.2207599204212143,1.034462574995899,9.141261737863386,atlas_department_pair,0,treat_21,drop_rounding_band,adjacent_categories,p1_mserd,440,187,253,211,229,45,166,142,87,43,137,0,0,1,1,0,.0049565595100322,.0049565595100322,.0087598801305563,.0087598801305563,76,41,1
broad_atlas,cd,2021,2,dept_pair_05_08,Departments: CUSCO + JUNIN,2,904,115,69,65,.4744405214273926,.5446475775376949,.214072686261839,.0109522713206407,.1250728223907481,.9642223326846417,6.473045132689053,atlas_department_pair,0,treat_21,drop_rounding_band,adjacent_categories,p1_mserd,406,190,216,192,214,44,148,146,68,44,128,0,0,1,1,0,.0048044691195699,.0048044691195699,.008408562715409,.008408562715409,69,46,1
broad_atlas,cd,2021,3,dept_pair_08_13,Departments: JUNIN + PUNO,2,984,133,83,78,.3900128135372525,.4427190642990879,.1848237775188144,.0166041565709792,.080471116875568,.8049670117226078,5.73773865808177,atlas_department_pair,0,treat_21,drop_rounding_band,adjacent_categories,p1_mserd,450,234,216,209,241,54,155,180,61,44,143,0,0,1,1,0,.0048551805361587,.0048551805361587,.0084801943448765,.0084801943448765,83,50,1
broad_atlas,cd,2021,4,dept_pair_06_15,Departments: HUANCAVELICA + UCAYALI,2,631,74,49,56,.4886414833793005,.5142569267066969,.2148805984116315,.0167011427279952,.0930986928434844,.9354151605699094,5.727510454598903,atlas_department_pair,0,treat_21,drop_rounding_band,adjacent_categories,p1_mserd,303,168,135,126,177,39,87,129,48,40,119,1,0,1,1,0,.0053623752417658,.0053623752417658,.0082333854150845,.0082333854150845,40,34,1
broad_atlas,cd,2021,5,dept_pair_08_12,Departments: JUNIN + PIURA,2,834,103,70,58,.4880990357535022,.5254727484193075,.255028004711164,.0393554302393738,.0256270441363148,1.0253184527023,4.245458987264981,atlas_department_pair,0,treat_21,drop_rounding_band,adjacent_categories,p1_mserd,400,167,233,205,195,41,164,126,69,42,117,0,0,1,1,0,.0038508437378851,.0038508437378851,.0059936735401414,.0059936735401414,65,38,1
broad_atlas,cd,2021,6,dept_pair_03_08,Departments: AYACUCHO + JUNIN,2,2146,166,116,131,.3216569422015114,.3472695730847712,.1780624076299468,.0511440792686176,-.0017263328704145,.6962654790399569,3.803548721518772,atlas_department_pair,0,treat_21,drop_rounding_band,adjacent_categories,p1_mserd,723,407,316,292,431,83,209,324,107,46,204,2,2,1,1,0,.0042296304900869,.0042296304900869,.0069972383148223,.0069972383148223,99,67,1
broad_atlas,cd,2021,7,dept_08,Department: JUNIN,1,758,91,64,57,.4814212479913715,.5197297565784695,.2666237811586133,.0512595996559859,-.0028432519143016,1.042302765071241,3.79977078194466,atlas_department,0,treat_21,drop_rounding_band,adjacent_categories,p1_mserd,355,167,188,172,183,41,131,126,57,41,112,0,0,1,1,0,.0038006223827548,.0038006223827548,.0062054781126774,.0062054781126774,56,35,1
broad_atlas,cd,2021,8,dept_pair_07_08,Departments: HUANUCO + JUNIN,2,1616,171,118,117,.2756065632869316,.286432587896697,.1675987827476,.087444021939415,-.0420549901413519,.614920165934746,2.920808834324942,atlas_department_pair,0,treat_21,drop_rounding_band,adjacent_categories,p1_mserd,788,415,373,385,403,115,270,300,103,49,201,0,0,1,1,0,.003682463339514,.003682463339514,.0057118629937223,.0057118629937223,95,76,1
broad_atlas,cd,2021,9,dept_pair_06_07,Departments: HUANCAVELICA + HUANUCO,2,1279,150,93,106,.2139069868432595,.2353324237893009,.1400609657572923,.0929156471427814,-.0391820247348897,.5098468723134915,2.823119764076164,atlas_department_pair,0,treat_21,drop_rounding_band,adjacent_categories,p1_mserd,651,396,255,300,351,109,191,287,64,48,192,1,0,1,1,0,.0042899887383952,.0042899887383952,.0061036338952235,.0061036338952235,76,74,1
broad_atlas,cd,2021,10,dept_pair_08_09,Departments: JUNIN + LA LIBERTAD,2,776,73,72,64,.4783718727640676,.4868578628776182,.2921345123932195,.0956031748123248,-.085715260054262,1.059430985809498,2.777401353083405,atlas_department_pair,0,treat_21,drop_rounding_band,adjacent_categories,p1_mserd,371,175,196,181,190,46,135,129,61,42,115,0,0,1,1,0,.0035278950280175,.0035278950280175,.0058063186668363,.0058063186668363,42,31,1
broad_atlas,cd,2022,1,dept_08,Department: JUNIN,1,758,97,64,57,.4540510536135152,.5401930131289312,.1933579866047759,.0052101457935347,.1612183232603924,.91916770299747,7.805014154651122,atlas_department,0,treat_22,drop_rounding_band,adjacent_categories,p1_mserd,355,230,125,172,183,85,87,145,38,41,112,0,0,1,1,0,.0040388407977361,.0040388407977361,.0072853895437863,.0072853895437863,60,37,1
broad_atlas,cd,2022,2,dept_pair_08_13,Departments: JUNIN + PUNO,2,984,122,83,78,.3456584921699,.4100518346812703,.1518000147817681,.0069076594001432,.1125292728563569,.7075743965061836,7.296824334563578,atlas_department_pair,0,treat_22,drop_rounding_band,adjacent_categories,p1_mserd,450,308,142,209,241,107,102,201,40,44,143,0,0,1,1,0,.0042824789897777,.0042824789897777,.0074236887081183,.0074236887081183,76,46,1
broad_atlas,cd,2022,3,dept_pair_03_08,Departments: AYACUCHO + JUNIN,2,2146,179,116,131,.2859009072189271,.3333287219909096,.1292973408883734,.0099373603879364,.0799105905528996,.5867468534289195,6.646091065449591,atlas_department_pair,0,treat_22,drop_rounding_band,adjacent_categories,p1_mserd,723,522,201,292,431,164,128,358,73,46,204,2,2,1,1,0,.004554652567497,.004554652567497,.0081720995094998,.0081720995094998,107,72,1
broad_atlas,cd,2022,4,dept_pair_05_08,Departments: CUSCO + JUNIN,2,904,77,69,65,.5079477989992864,.5913739474938577,.233606094898863,.0113575653498019,.1335144149230404,1.049233480064675,6.40849481302048,atlas_department_pair,0,treat_22,drop_rounding_band,adjacent_categories,p1_mserd,406,263,143,192,214,97,95,166,48,44,128,0,0,1,1,0,.0033801027667196,.0033801027667196,.0061385828041012,.0061385828041012,43,34,1
broad_atlas,cd,2022,5,dept_pair_08_14,Departments: JUNIN + SAN MARTIN,2,1315,153,118,97,.3493033594952828,.4107894951774138,.1622909599311631,.0113675772677669,.0927050586959012,.7288739316589263,6.40693031212512,atlas_department_pair,0,treat_22,drop_rounding_band,adjacent_categories,p1_mserd,669,461,208,359,310,211,148,250,60,51,162,0,0,1,1,0,.0039473230161083,.0039473230161083,.0071346190515017,.0071346190515017,93,60,1
broad_atlas,cd,2022,6,dept_pair_08_12,Departments: JUNIN + PIURA,2,834,106,70,58,.4365234692198221,.5094009942057454,.2099050919150991,.0152319871242132,.0979945738805815,.9208074145309092,5.889434942060856,atlas_department_pair,0,treat_22,drop_rounding_band,adjacent_categories,p1_mserd,400,236,164,205,195,85,120,151,44,42,117,0,0,1,1,0,.0038770520961733,.0038770520961733,.0062642803016932,.0062642803016932,65,41,1
broad_atlas,cd,2022,7,dept_pair_08_09,Departments: JUNIN + LA LIBERTAD,2,776,71,72,64,.4999976686884946,.5588346730080116,.2404482275094878,.0201181412117537,.0875648069429226,1.030104539073101,5.401613778149506,atlas_department_pair,0,treat_22,drop_rounding_band,adjacent_categories,p1_mserd,371,240,131,181,190,91,90,149,41,42,115,0,0,1,1,0,.0033303361890114,.0033303361890114,.0058152531978881,.0058152531978881,42,29,1
broad_atlas,cd,2022,8,dept_pair_07_08,Departments: HUANUCO + JUNIN,2,1616,169,118,117,.2749222416245238,.29247768178738,.1291992618664985,.0235881365708008,.0392517816998837,.5457035818748762,5.124664030796997,atlas_department_pair,0,treat_22,drop_rounding_band,adjacent_categories,p1_mserd,788,551,237,385,403,213,172,338,65,49,201,0,0,1,1,0,.0036577030693516,.0036577030693516,.0055054833389464,.0055054833389464,95,74,1
broad_atlas,cd,2022,9,dept_pair_08_15,Departments: JUNIN + UCAYALI,2,968,76,74,67,.4586816136548415,.5152119535113988,.2348784482709201,.0282695125069124,.0548586541557415,.9755652528670562,4.811555759611697,atlas_department_pair,0,treat_22,drop_rounding_band,adjacent_categories,p1_mserd,440,266,174,211,229,92,119,174,55,43,137,0,0,1,1,0,.0031885015208834,.0031885015208834,.0056036998111681,.0056036998111681,47,29,1
broad_atlas,cd,2022,10,dept_pair_06_08,Departments: HUANCAVELICA + JUNIN,2,1179,151,103,103,.2574465182840124,.2901127187751005,.1391619930228965,.037095423337561,.0173602244334091,.5628652131167919,4.346025380595014,atlas_department_pair,0,treat_22,drop_rounding_band,adjacent_categories,p1_mserd,573,426,147,259,314,158,101,268,46,49,157,1,0,1,1,0,.004314983993781,.004314983993781,.006958559001874,.006958559001874,86,65,1
broad_atlas,cd,2023,1,dept_pair_08_09,Departments: JUNIN + LA LIBERTAD,2,776,72,72,64,.5551473766044079,.6405747883021646,.2159627440576806,.0030156747269038,.2172955879466692,1.06385398865766,8.797960531608117,atlas_department_pair,0,treat_23,drop_rounding_band,adjacent_categories,p1_mserd,371,264,107,181,190,111,70,153,37,42,115,0,0,1,1,0,.0034553595481121,.0034553595481121,.0069846007918526,.0069846007918526,42,30,1
broad_atlas,cd,2023,2,dept_pair_07_08,Departments: HUANUCO + JUNIN,2,1616,204,118,117,.2779267735304214,.3207090445092668,.1159878278844879,.0056918733208192,.09337707921064,.5480410098078936,7.645353749050829,atlas_department_pair,0,treat_23,drop_rounding_band,adjacent_categories,p1_mserd,788,598,190,385,403,256,129,342,61,49,201,0,0,1,1,0,.0044497961133135,.0044497961133135,.0078148238495058,.0078148238495058,119,85,1
broad_atlas,cd,2023,3,dept_08,Department: JUNIN,1,758,69,64,57,.5162107507709124,.5958409827344668,.2222235784601175,.0073343738476299,.1602907724370257,1.031391193031908,7.189198400658449,atlas_department,0,treat_23,drop_rounding_band,adjacent_categories,p1_mserd,355,254,101,172,183,105,67,149,34,41,112,0,0,1,1,0,.0033574438657275,.0033574438657275,.006604038474433,.006604038474433,41,28,1
broad_atlas,cd,2023,4,dept_pair_03_08,Departments: AYACUCHO + JUNIN,2,2146,152,116,131,.3169493536625252,.3683983270546101,.1375020767122975,.0073793870834448,.0988992088990434,.6378974452101768,7.178220318339977,atlas_department_pair,0,treat_23,drop_rounding_band,adjacent_categories,p1_mserd,723,561,162,292,431,190,102,371,60,46,204,2,2,1,1,0,.0037932689290775,.0037932689290775,.0071680591652501,.0071680591652501,90,62,1
broad_atlas,cd,2023,5,dept_pair_08_13,Departments: JUNIN + PUNO,2,984,87,83,78,.4201908209128591,.4749656811416074,.1814229750219482,.0088446330033351,.1193831841304793,.8305481781527355,6.853933597182514,atlas_department_pair,0,treat_23,drop_rounding_band,adjacent_categories,p1_mserd,450,334,116,209,241,129,80,205,36,44,143,0,0,1,1,0,.0032714764985504,.0032714764985504,.0059478189135859,.0059478189135859,54,33,1
broad_atlas,cd,2023,6,dept_pair_05_08,Departments: CUSCO + JUNIN,2,904,60,69,65,.5957004592333592,.6560657622391819,.2694075468393998,.0148828729377069,.1280366732706708,1.184094851207693,5.930280467613093,atlas_department_pair,0,treat_23,drop_rounding_band,adjacent_categories,p1_mserd,406,287,119,192,214,117,75,170,44,44,128,0,0,1,1,0,.0027390869494088,.0027390869494088,.0050244168084314,.0050244168084314,34,26,1
broad_atlas,cd,2023,7,dept_pair_04_08,Departments: CAJAMARCA + JUNIN,2,848,66,73,62,.4689097025348083,.5130228433438677,.2249776413472557,.0225882348592007,.0720747689764773,.9539709177112581,5.199896363414183,atlas_department_pair,0,treat_23,drop_rounding_band,adjacent_categories,p1_mserd,412,277,135,217,195,123,94,154,41,42,117,0,0,1,1,0,.0029668955525864,.0029668955525864,.0053922829558902,.0053922829558902,39,27,1
broad_atlas,cd,2023,8,dept_pair_06_08,Departments: HUANCAVELICA + JUNIN,2,1179,139,103,103,.2806665535130679,.3238051143145322,.1445611337596925,.0250962339506283,.0404704985812576,.6071397300478067,5.017233536293903,atlas_department_pair,0,treat_23,drop_rounding_band,adjacent_categories,p1_mserd,573,456,117,259,314,182,77,274,40,49,157,1,0,1,1,0,.0037325723024235,.0037325723024235,.0065964267232725,.0065964267232725,80,59,1
broad_atlas,cd,2023,9,dept_pair_01_08,Departments: ANCASH + JUNIN,2,823,69,82,70,.4197657208245105,.4683934634628104,.2175351010919019,.031304089043776,.042032499949403,.8947544269762178,4.63620855066987,atlas_department_pair,0,treat_23,drop_rounding_band,adjacent_categories,p1_mserd,399,268,131,199,200,113,86,155,45,43,122,0,0,1,1,0,.0030191257538362,.0030191257538362,.0053446838808148,.0053446838808148,40,29,1
broad_atlas,cd,2023,10,dept_pair_08_15,Departments: JUNIN + UCAYALI,2,968,52,74,67,.5424873225591806,.5722640190671096,.2676759990978053,.0325250117159181,.0476287013096353,1.096899336824584,4.570608432627815,atlas_department_pair,0,treat_23,drop_rounding_band,adjacent_categories,p1_mserd,440,302,138,211,229,120,91,182,47,43,137,0,0,1,1,0,.0025555187741231,.0025555187741231,.0046463970022408,.0046463970022408,31,21,1
broad_atlas,de,2008,1,dept_pair_03_09,Departments: AYACUCHO + LA LIBERTAD,2,1406,187,36,58,.0002705576316407,.0002705576316407,.0110793201049694,.9805175496958569,-.0214445107472899,.0219856260105713,.000596339197796,atlas_department_pair,0,treat_08,drop_rounding_band,adjacent_categories,p1_mserd,189,2,187,65,124,1,64,1,123,10,36,5,5,1,1,0,.01158,.01158,.0044814426429348,.0044814426429348,65,122,1
broad_atlas,de,2010,1,dept_pair_08_15,Departments: JUNIN + UCAYALI,2,968,85,50,71,.0232724591954009,.0441908326607761,.0621894839963585,.4773422565700641,-.0776983161892167,.1660799815107688,.5049291723460074,atlas_department_pair,0,treat_10,drop_rounding_band,adjacent_categories,p1_mserd,356,26,330,157,199,3,154,23,176,11,42,12,12,1,1,0,.0018813166039062,.0018813166039062,.003422641963873,.003422641963873,39,46,1
broad_atlas,de,2010,2,dept_pair_06_08,Departments: HUANCAVELICA + JUNIN,2,1179,72,68,101,.0100336397923313,.0249345990992418,.0445980017907918,.5760956736777223,-.0624758781931631,.1123450763916466,.3125892069887525,atlas_department_pair,0,treat_10,drop_rounding_band,adjacent_categories,p1_mserd,387,43,344,143,244,4,139,39,205,11,49,16,16,1,1,0,.0018405781023097,.0018405781023097,.0033151736724949,.0033151736724949,44,28,1
broad_atlas,de,2010,3,dept_pair_08_13,Departments: JUNIN + PUNO,2,984,75,49,81,.0227689069366054,.0504510458331392,.0983759149475008,.6080636620215195,-.1423622044101379,.2432642960764163,.2630042568339203,atlas_department_pair,0,treat_10,drop_rounding_band,adjacent_categories,p1_mserd,306,25,281,107,199,3,104,22,177,10,43,10,10,1,1,0,.0020793204329175,.0020793204329175,.0046067896548492,.0046067896548492,33,42,1
broad_atlas,de,2010,4,dept_pair_03_08,Departments: AYACUCHO + JUNIN,2,2146,103,73,113,.0194473142590354,.0214512661506426,.0503364989973851,.669993234606882,-.0772064589920687,.120108991293354,.1816100383571035,atlas_department_pair,0,treat_10,drop_rounding_band,adjacent_categories,p1_mserd,435,32,403,156,279,4,152,28,251,12,45,13,13,1,1,0,.0018854239758871,.0018854239758871,.0031289050154245,.0031289050154245,53,50,1
broad_atlas,de,2010,5,dept_08,Department: JUNIN,1,758,61,39,62,.0175483226583116,.0443325947594676,.1096709620787748,.6860415718174024,-.1706185410647889,.2592837305837242,.1634041173757682,atlas_department,0,treat_10,drop_rounding_band,adjacent_categories,p1_mserd,256,23,233,93,163,3,90,20,143,10,40,9,9,1,1,0,.0021370268585557,.0021370268585557,.0045645520815196,.0045645520815196,28,33,1
broad_atlas,de,2010,6,dept_pair_08_12,Departments: JUNIN + PIURA,2,834,83,45,67,.0140520019515976,.0346855223642717,.0871644922094655,.6906804663306071,-.1361537430970028,.2055247878255462,.158349709080979,atlas_department_pair,0,treat_10,drop_rounding_band,adjacent_categories,p1_mserd,310,23,287,116,194,3,113,20,174,10,41,11,11,1,1,0,.0020883285130696,.0020883285130696,.0044624682018644,.0044624682018644,39,44,1
broad_atlas,de,2010,7,dept_pair_05_08,Departments: CUSCO + JUNIN,2,904,66,45,67,.0158493545593979,.0388737979658715,.1049158767297189,.7109924692877272,-.1667575418308214,.2445051377625645,.1372876648603387,atlas_department_pair,0,treat_10,drop_rounding_band,adjacent_categories,p1_mserd,291,26,265,109,182,3,106,23,159,10,43,10,10,1,1,0,.0021570584935258,.0021570584935258,.0043727178024737,.0043727178024737,30,36,1
broad_atlas,de,2010,8,dept_pair_08_09,Departments: JUNIN + LA LIBERTAD,2,776,64,41,69,.0211618835959971,.0394045424641659,.106399484479757,.7111252707292102,-.1691346150897863,.2479437000181181,.1371555957369369,atlas_department_pair,0,treat_10,drop_rounding_band,adjacent_categories,p1_mserd,266,23,243,95,171,3,92,20,151,10,41,10,10,1,1,0,.0020268315082719,.0020268315082719,.0038551024160262,.0038551024160262,28,36,1
broad_atlas,de,2010,9,dept_pair_01_08,Departments: ANCASH + JUNIN,2,823,72,53,80,.0163054537688658,.0341123875980577,.0934378982290906,.7150510529590073,-.1490225277220788,.2172473029181941,.1332840293057746,atlas_department_pair,0,treat_10,drop_rounding_band,adjacent_categories,p1_mserd,300,23,277,110,190,3,107,20,170,10,42,9,9,1,1,0,.0020670004874834,.0020670004874834,.0039326702822819,.0039326702822819,33,39,1
broad_atlas,de,2010,10,dept_pair_08_10,Departments: JUNIN + LIMA,2,810,70,50,77,.004437722977545,.015545187433818,.0846092688553511,.8542259547529867,-.1502859322809365,.1813763071485725,.0337563935453514,atlas_department_pair,0,treat_10,drop_rounding_band,adjacent_categories,p1_mserd,286,23,263,106,180,3,103,20,160,10,40,11,11,1,1,0,.0022421506978944,.0022421506978944,.004471144197318,.004471144197318,34,36,1
broad_atlas,de,2011,1,dept_pair_06_11,Departments: HUANCAVELICA + PASCO,2,782,51,41,56,.0473340646056025,.1221970719410985,.1132955676344424,.2807799665698573,-.0998581602304304,.3442523041126273,1.163310799366956,atlas_department_pair,0,treat_11,drop_rounding_band,adjacent_categories,p1_mserd,229,22,207,89,140,2,87,20,120,10,49,7,7,1,1,0,.0020117829368925,.0020117829368925,.0038572665688703,.0038572665688703,26,25,1
broad_atlas,de,2011,2,leaveout_dept_07,Leave out: HUANUCO,14,4854,152,248,338,.0045491491450789,-.0386558208926842,.0667160937551322,.5623140849067896,-.1694169618419408,.0921053200565725,.3357133254964643,atlas_leave_one_out,0,treat_11,drop_rounding_band,adjacent_categories,p1_mserd,1462,113,1349,603,859,13,590,100,759,13,66,55,55,1,1,0,.0013300926905733,.0013300926905733,.0027832255450014,.0027832255450014,82,70,1
broad_atlas,de,2011,3,dept_pair_01_08,Departments: ANCASH + JUNIN,2,823,72,53,80,.0120735489182296,.0215141378610874,.1450348561003764,.8820762593307094,-.2627489565985996,.3057772323207744,.022004075056357,atlas_department_pair,0,treat_11,drop_rounding_band,adjacent_categories,p1_mserd,300,27,273,110,190,4,106,23,167,10,42,9,9,1,1,0,.0021225418287296,.0021225418287296,.0038952401397184,.0038952401397184,33,39,1
broad_atlas,de,2011,4,dept_pair_08_10,Departments: JUNIN + LIMA,2,810,68,50,77,.0015661686019955,-.0143113436245194,.1280347823288586,.9110002260468977,-.2652549057575074,.2366322185084687,.012494097310206,atlas_department_pair,0,treat_11,drop_rounding_band,adjacent_categories,p1_mserd,286,27,259,106,180,4,102,23,157,10,40,11,11,1,1,0,.0022032511194112,.0022032511194112,.0040029917201024,.0040029917201024,32,36,1
broad_atlas,de,2012,1,leaveout_dept_07,Leave out: HUANUCO,14,4854,152,248,338,.0052693565710984,-.0372734097139262,.0756684537728024,.6223033793601347,-.1855808538744528,.1110340344466003,.2426434247684593,atlas_leave_one_out,0,treat_12,drop_rounding_band,adjacent_categories,p1_mserd,1462,124,1338,603,859,18,585,106,753,13,66,55,55,1,1,0,.0012905371421285,.0012905371421285,.002727873589992,.002727873589992,82,70,1
broad_atlas,de,2012,2,dept_pair_06_11,Departments: HUANCAVELICA + PASCO,2,782,52,41,56,.0176088611877407,.0518005375431889,.1376966057590123,.7067732121010908,-.2180798505378856,.3216809256242635,.1415213827032518,atlas_department_pair,0,treat_12,drop_rounding_band,adjacent_categories,p1_mserd,229,24,205,89,140,3,86,21,119,10,49,7,7,1,1,0,.0022468581138958,.0022468581138958,.0040052149840186,.0040052149840186,27,25,1
broad_atlas,de,2012,3,dept_pair_01_08,Departments: ANCASH + JUNIN,2,823,72,53,80,.0120735489182296,.0215141378610874,.1450348561003764,.8820762593307094,-.2627489565985996,.3057772323207744,.022004075056357,atlas_department_pair,0,treat_12,drop_rounding_band,adjacent_categories,p1_mserd,300,28,272,110,190,4,106,24,166,10,42,9,9,1,1,0,.0021225418287296,.0021225418287296,.0038952401397184,.0038952401397184,33,39,1
broad_atlas,de,2012,4,dept_pair_08_10,Departments: JUNIN + LIMA,2,810,68,50,77,.0015661686019955,-.0143113436245194,.1280347823288586,.9110002260468977,-.2652549057575074,.2366322185084687,.012494097310206,atlas_department_pair,0,treat_12,drop_rounding_band,adjacent_categories,p1_mserd,286,28,258,106,180,4,102,24,156,10,40,11,11,1,1,0,.0022032511194112,.0022032511194112,.0040029917201024,.0040029917201024,32,36,1
broad_atlas,de,2013,1,leaveout_dept_15,Leave out: UCAYALI,14,5502,231,273,383,.0098379497873651,-.0392520070862299,.0597623522770948,.5113085115399496,-.1563840651807309,.0778800510082712,.4313883085912176,atlas_leave_one_out,0,treat_13,drop_rounding_band,adjacent_categories,p1_mserd,1681,163,1518,658,1023,21,637,142,881,13,65,65,65,1,1,0,.0013836189831627,.0013836189831627,.0027819487164741,.0027819487164741,94,137,1
broad_atlas,de,2013,2,leaveout_dept_07,Leave out: HUANUCO,14,4854,152,248,338,.0053897686769057,-.0368727253265384,.076747773171076,.6309143241725144,-.1872955966354967,.1135501459824199,.2308229089059296,atlas_leave_one_out,0,treat_13,drop_rounding_band,adjacent_categories,p1_mserd,1462,130,1332,603,859,20,583,110,749,13,66,55,55,1,1,0,.0012842747575556,.0012842747575556,.0026902825767234,.0026902825767234,82,70,1
broad_atlas,de,2013,3,dept_pair_06_11,Departments: HUANCAVELICA + PASCO,2,782,52,41,56,.0176088611877407,.0518005375431889,.1376966057590123,.7067732121010908,-.2180798505378856,.3216809256242635,.1415213827032518,atlas_department_pair,0,treat_13,drop_rounding_band,adjacent_categories,p1_mserd,229,24,205,89,140,3,86,21,119,10,49,7,7,1,1,0,.0022468581138958,.0022468581138958,.0040052149840186,.0040052149840186,27,25,1
broad_atlas,de,2013,4,dept_pair_08_14,Departments: JUNIN + SAN MARTIN,2,1315,64,90,114,.0008594957511708,-.0541183005558141,.216494234774067,.8026061312163113,-.4784392035735442,.3702026024619161,.0624878567614226,atlas_department_pair,0,treat_13,drop_rounding_band,adjacent_categories,p1_mserd,583,58,525,250,333,14,236,44,289,12,50,26,26,1,1,0,.0013149731914588,.0013149731914588,.003005936950456,.003005936950456,38,26,1
broad_atlas,de,2013,5,dept_pair_01_08,Departments: ANCASH + JUNIN,2,823,72,53,80,.0120735489182296,.0215141378610874,.1450348561003764,.8820762593307094,-.2627489565985996,.3057772323207744,.022004075056357,atlas_department_pair,0,treat_13,drop_rounding_band,adjacent_categories,p1_mserd,300,28,272,110,190,4,106,24,166,10,42,9,9,1,1,0,.0021225418287296,.0021225418287296,.0038952401397184,.0038952401397184,33,39,1
broad_atlas,de,2013,6,dept_pair_08_10,Departments: JUNIN + LIMA,2,810,68,50,77,.0015661686019955,-.0143113436245194,.1280347823288586,.9110002260468977,-.2652549057575074,.2366322185084687,.012494097310206,atlas_department_pair,0,treat_13,drop_rounding_band,adjacent_categories,p1_mserd,286,28,258,106,180,4,102,24,156,10,40,11,11,1,1,0,.0022032511194112,.0022032511194112,.0040029917201024,.0040029917201024,32,36,1
broad_atlas,de,2014,1,leaveout_dept_02,Leave out: APURIMAC,14,5226,237,269,361,.0008623023840371,-.0351848320213366,.0523945364425953,.5018789563361452,-.1378762364354948,.0675065723928216,.4509609734683509,atlas_leave_one_out,0,treat_14,drop_rounding_band,adjacent_categories,p1_mserd,1703,152,1551,700,1003,19,681,133,870,13,66,65,65,1,1,0,.001385557604775,.001385557604775,.0028485794068615,.0028485794068615,95,142,1
broad_atlas,de,2014,2,leaveout_dept_15,Leave out: UCAYALI,14,5502,177,273,383,.0170546965468126,-.0327745200827494,.0690142245903182,.6348617132395801,-.1680399147007316,.1024908745352328,.2255253972151413,atlas_leave_one_out,0,treat_14,drop_rounding_band,adjacent_categories,p1_mserd,1681,166,1515,658,1023,21,637,145,878,13,65,65,65,1,1,0,.0013079967002474,.0013079967002474,.002723581161962,.002723581161962,94,83,1
broad_atlas,de,2014,3,dept_pair_06_11,Departments: HUANCAVELICA + PASCO,2,782,52,41,56,.018286351621984,.0523527390678508,.136807124958628,.7019603600284154,-.2157842986795309,.3204897768152324,.1464405613532649,atlas_department_pair,0,treat_14,drop_rounding_band,adjacent_categories,p1_mserd,229,25,204,89,140,3,86,22,118,10,49,7,7,1,1,0,.0022571253059816,.0022571253059816,.0040397849417844,.0040397849417844,27,25,1
broad_atlas,de,2014,4,leaveout_dept_07,Leave out: HUANUCO,14,4854,152,248,338,.0070042290899257,-.0296634536305581,.1077992830589169,.7831833186194864,-.240946165985274,.1816192587241578,.0757201876552701,atlas_leave_one_out,0,treat_14,drop_rounding_band,adjacent_categories,p1_mserd,1462,133,1329,603,859,20,583,113,746,13,66,55,55,1,1,0,.0012087481981251,.0012087481981251,.0026323338694405,.0026323338694405,82,70,1
broad_atlas,de,2014,5,dept_pair_08_14,Departments: JUNIN + SAN MARTIN,2,1315,64,90,114,.0050447738172205,-.0514581983879078,.3027643384525364,.8650406294870077,-.6448653975579743,.5419490007821588,.0288868186077538,atlas_department_pair,0,treat_14,drop_rounding_band,adjacent_categories,p1_mserd,583,60,523,250,333,14,236,46,287,12,50,26,26,1,1,0,.0012138952924473,.0012138952924473,.002938511519594,.002938511519594,38,26,1
broad_atlas,de,2014,6,dept_pair_01_08,Departments: ANCASH + JUNIN,2,823,72,53,80,.0120735489182296,.0215141378610874,.1450348561003764,.8820762593307094,-.2627489565985996,.3057772323207744,.022004075056357,atlas_department_pair,0,treat_14,drop_rounding_band,adjacent_categories,p1_mserd,300,29,271,110,190,4,106,25,165,10,42,9,9,1,1,0,.0021225418287296,.0021225418287296,.0038952401397184,.0038952401397184,33,39,1
broad_atlas,de,2014,7,dept_pair_08_10,Departments: JUNIN + LIMA,2,810,68,50,77,.0015661686019955,-.0143113436245194,.1280347823288586,.9110002260468977,-.2652549057575074,.2366322185084687,.012494097310206,atlas_department_pair,0,treat_14,drop_rounding_band,adjacent_categories,p1_mserd,286,29,257,106,180,4,102,25,155,10,40,11,11,1,1,0,.0022032511194112,.0022032511194112,.0040029917201024,.0040029917201024,32,36,1
broad_atlas,de,2015,1,leaveout_dept_02,Leave out: APURIMAC,14,5226,237,269,361,.0008623023840371,-.0351848320213366,.0523945364425953,.5018789563361452,-.1378762364354948,.0675065723928216,.4509609734683509,atlas_leave_one_out,0,treat_15,drop_rounding_band,adjacent_categories,p1_mserd,1703,152,1551,700,1003,19,681,133,870,13,66,65,65,1,1,0,.001385557604775,.001385557604775,.0028485794068615,.0028485794068615,95,142,1
broad_atlas,de,2015,2,leaveout_dept_15,Leave out: UCAYALI,14,5502,177,273,383,.0170546965468126,-.0327745200827494,.0690142245903182,.6348617132395801,-.1680399147007316,.1024908745352328,.2255253972151413,atlas_leave_one_out,0,treat_15,drop_rounding_band,adjacent_categories,p1_mserd,1681,166,1515,658,1023,21,637,145,878,13,65,65,65,1,1,0,.0013079967002474,.0013079967002474,.002723581161962,.002723581161962,94,83,1
broad_atlas,de,2015,3,dept_pair_06_11,Departments: HUANCAVELICA + PASCO,2,782,52,41,56,.018286351621984,.0523527390678508,.136807124958628,.7019603600284154,-.2157842986795309,.3204897768152324,.1464405613532649,atlas_department_pair,0,treat_15,drop_rounding_band,adjacent_categories,p1_mserd,229,25,204,89,140,3,86,22,118,10,49,7,7,1,1,0,.0022571253059816,.0022571253059816,.0040397849417844,.0040397849417844,27,25,1
broad_atlas,de,2015,4,leaveout_dept_07,Leave out: HUANUCO,14,4854,152,248,338,.0070042290899257,-.0296634536305581,.1077992830589169,.7831833186194864,-.240946165985274,.1816192587241578,.0757201876552701,atlas_leave_one_out,0,treat_15,drop_rounding_band,adjacent_categories,p1_mserd,1462,133,1329,603,859,20,583,113,746,13,66,55,55,1,1,0,.0012087481981251,.0012087481981251,.0026323338694405,.0026323338694405,82,70,1
broad_atlas,de,2015,5,dept_pair_08_14,Departments: JUNIN + SAN MARTIN,2,1315,64,90,114,.0050447738172205,-.0514581983879078,.3027643384525364,.8650406294870077,-.6448653975579743,.5419490007821588,.0288868186077538,atlas_department_pair,0,treat_15,drop_rounding_band,adjacent_categories,p1_mserd,583,60,523,250,333,14,236,46,287,12,50,26,26,1,1,0,.0012138952924473,.0012138952924473,.002938511519594,.002938511519594,38,26,1
broad_atlas,de,2015,6,dept_pair_01_08,Departments: ANCASH + JUNIN,2,823,72,53,80,.0120735489182296,.0215141378610874,.1450348561003764,.8820762593307094,-.2627489565985996,.3057772323207744,.022004075056357,atlas_department_pair,0,treat_15,drop_rounding_band,adjacent_categories,p1_mserd,300,29,271,110,190,4,106,25,165,10,42,9,9,1,1,0,.0021225418287296,.0021225418287296,.0038952401397184,.0038952401397184,33,39,1
broad_atlas,de,2015,7,dept_pair_08_10,Departments: JUNIN + LIMA,2,810,68,50,77,.0015661686019955,-.0143113436245194,.1280347823288586,.9110002260468977,-.2652549057575074,.2366322185084687,.012494097310206,atlas_department_pair,0,treat_15,drop_rounding_band,adjacent_categories,p1_mserd,286,29,257,106,180,4,102,25,155,10,40,11,11,1,1,0,.0022032511194112,.0022032511194112,.0040029917201024,.0040029917201024,32,36,1
broad_atlas,de,2016,1,leaveout_dept_02,Leave out: APURIMAC,14,5226,237,269,361,.001652066576227,-.0341555864237293,.052243620934184,.513256613137304,-.1365512018766928,.0682400290292342,.4274220796794301,atlas_leave_one_out,0,treat_16,drop_rounding_band,adjacent_categories,p1_mserd,1703,153,1550,700,1003,19,681,134,869,13,66,65,65,1,1,0,.0013851593802353,.0013851593802353,.0028460309346794,.0028460309346794,95,142,1
broad_atlas,de,2016,2,leaveout_dept_15,Leave out: UCAYALI,14,5502,177,273,383,.0169890619427706,-.0327036528475428,.0690860899223642,.6359454041800477,-.1681099009280723,.1027025952329866,.2240842336416086,atlas_leave_one_out,0,treat_16,drop_rounding_band,adjacent_categories,p1_mserd,1681,167,1514,658,1023,21,637,146,877,13,65,65,65,1,1,0,.0013064764140099,.0013064764140099,.0027172212310219,.0027172212310219,94,83,1
broad_atlas,de,2016,3,dept_pair_06_11,Departments: HUANCAVELICA + PASCO,2,782,52,41,56,.018286351621984,.0523527390678508,.136807124958628,.7019603600284154,-.2157842986795309,.3204897768152324,.1464405613532649,atlas_department_pair,0,treat_16,drop_rounding_band,adjacent_categories,p1_mserd,229,25,204,89,140,3,86,22,118,10,49,7,7,1,1,0,.0022571253059816,.0022571253059816,.0040397849417844,.0040397849417844,27,25,1
broad_atlas,de,2016,4,leaveout_dept_07,Leave out: HUANUCO,14,4854,152,248,338,.0070577799940275,-.0288424279405854,.1089690381961718,.7912524302382442,-.2424178182350516,.1847329623538807,.0700579455085977,atlas_leave_one_out,0,treat_16,drop_rounding_band,adjacent_categories,p1_mserd,1462,134,1328,603,859,20,583,114,745,13,66,55,55,1,1,0,.0012064867406478,.0012064867406478,.0026270732507538,.0026270732507538,82,70,1
broad_atlas,de,2016,5,dept_pair_08_14,Departments: JUNIN + SAN MARTIN,2,1315,64,90,114,.0055896838571756,-.0496417688393563,.313054340556657,.8740057985652656,-.6632170015343408,.5639334638556281,.0251451966474653,atlas_department_pair,0,treat_16,drop_rounding_band,adjacent_categories,p1_mserd,583,61,522,250,333,14,236,47,286,12,50,26,26,1,1,0,.0012028429525981,.0012028429525981,.002930749351706,.002930749351706,38,26,1
broad_atlas,de,2016,6,dept_pair_01_08,Departments: ANCASH + JUNIN,2,823,72,53,80,.0120735489182296,.0215141378610874,.1450348561003764,.8820762593307094,-.2627489565985996,.3057772323207744,.022004075056357,atlas_department_pair,0,treat_16,drop_rounding_band,adjacent_categories,p1_mserd,300,30,270,110,190,4,106,26,164,10,42,9,9,1,1,0,.0021225418287296,.0021225418287296,.0038952401397184,.0038952401397184,33,39,1
broad_atlas,de,2016,7,dept_pair_08_10,Departments: JUNIN + LIMA,2,810,68,50,77,.0015661686019955,-.0143113436245194,.1280347823288586,.9110002260468977,-.2652549057575074,.2366322185084687,.012494097310206,atlas_department_pair,0,treat_16,drop_rounding_band,adjacent_categories,p1_mserd,286,30,256,106,180,4,102,26,154,10,40,11,11,1,1,0,.0022032511194112,.0022032511194112,.0040029917201024,.0040029917201024,32,36,1
broad_atlas,de,2017,1,leaveout_dept_02,Leave out: APURIMAC,14,5226,237,269,361,.001652066576227,-.0341555864237293,.052243620934184,.513256613137304,-.1365512018766928,.0682400290292342,.4274220796794301,atlas_leave_one_out,0,treat_17,drop_rounding_band,adjacent_categories,p1_mserd,1703,153,1550,700,1003,19,681,134,869,13,66,65,65,1,1,0,.0013851593802353,.0013851593802353,.0028460309346794,.0028460309346794,95,142,1
broad_atlas,de,2017,2,leaveout_dept_15,Leave out: UCAYALI,14,5502,177,273,383,.0169890619427706,-.0327036528475428,.0690860899223642,.6359454041800477,-.1681099009280723,.1027025952329866,.2240842336416086,atlas_leave_one_out,0,treat_17,drop_rounding_band,adjacent_categories,p1_mserd,1681,167,1514,658,1023,21,637,146,877,13,65,65,65,1,1,0,.0013064764140099,.0013064764140099,.0027172212310219,.0027172212310219,94,83,1
broad_atlas,de,2017,3,dept_pair_06_11,Departments: HUANCAVELICA + PASCO,2,782,52,41,56,.018286351621984,.0523527390678508,.136807124958628,.7019603600284154,-.2157842986795309,.3204897768152324,.1464405613532649,atlas_department_pair,0,treat_17,drop_rounding_band,adjacent_categories,p1_mserd,229,25,204,89,140,3,86,22,118,10,49,7,7,1,1,0,.0022571253059816,.0022571253059816,.0040397849417844,.0040397849417844,27,25,1
broad_atlas,de,2017,4,leaveout_dept_07,Leave out: HUANUCO,14,4854,152,248,338,.0070577799940275,-.0288424279405854,.1089690381961718,.7912524302382442,-.2424178182350516,.1847329623538807,.0700579455085977,atlas_leave_one_out,0,treat_17,drop_rounding_band,adjacent_categories,p1_mserd,1462,134,1328,603,859,20,583,114,745,13,66,55,55,1,1,0,.0012064867406478,.0012064867406478,.0026270732507538,.0026270732507538,82,70,1
broad_atlas,de,2017,5,dept_pair_08_14,Departments: JUNIN + SAN MARTIN,2,1315,64,90,114,.0055896838571756,-.0496417688393563,.313054340556657,.8740057985652656,-.6632170015343408,.5639334638556281,.0251451966474653,atlas_department_pair,0,treat_17,drop_rounding_band,adjacent_categories,p1_mserd,583,61,522,250,333,14,236,47,286,12,50,26,26,1,1,0,.0012028429525981,.0012028429525981,.002930749351706,.002930749351706,38,26,1
broad_atlas,de,2017,6,dept_pair_01_08,Departments: ANCASH + JUNIN,2,823,72,53,80,.0120735489182296,.0215141378610874,.1450348561003764,.8820762593307094,-.2627489565985996,.3057772323207744,.022004075056357,atlas_department_pair,0,treat_17,drop_rounding_band,adjacent_categories,p1_mserd,300,30,270,110,190,4,106,26,164,10,42,9,9,1,1,0,.0021225418287296,.0021225418287296,.0038952401397184,.0038952401397184,33,39,1
broad_atlas,de,2017,7,dept_pair_08_10,Departments: JUNIN + LIMA,2,810,68,50,77,.0015661686019955,-.0143113436245194,.1280347823288586,.9110002260468977,-.2652549057575074,.2366322185084687,.012494097310206,atlas_department_pair,0,treat_17,drop_rounding_band,adjacent_categories,p1_mserd,286,30,256,106,180,4,102,26,154,10,40,11,11,1,1,0,.0022032511194112,.0022032511194112,.0040029917201024,.0040029917201024,32,36,1
broad_atlas,de,2018,1,leaveout_dept_02,Leave out: APURIMAC,14,5226,237,269,361,.001652066576227,-.0341555864237293,.052243620934184,.513256613137304,-.1365512018766928,.0682400290292342,.4274220796794301,atlas_leave_one_out,0,treat_18,drop_rounding_band,adjacent_categories,p1_mserd,1703,153,1550,700,1003,19,681,134,869,13,66,65,65,1,1,0,.0013851593802353,.0013851593802353,.0028460309346794,.0028460309346794,95,142,1
broad_atlas,de,2018,2,leaveout_dept_15,Leave out: UCAYALI,14,5502,177,273,383,.0169890619427706,-.0327036528475428,.0690860899223642,.6359454041800477,-.1681099009280723,.1027025952329866,.2240842336416086,atlas_leave_one_out,0,treat_18,drop_rounding_band,adjacent_categories,p1_mserd,1681,167,1514,658,1023,21,637,146,877,13,65,65,65,1,1,0,.0013064764140099,.0013064764140099,.0027172212310219,.0027172212310219,94,83,1
broad_atlas,de,2018,3,dept_pair_06_11,Departments: HUANCAVELICA + PASCO,2,782,52,41,56,.018286351621984,.0523527390678508,.136807124958628,.7019603600284154,-.2157842986795309,.3204897768152324,.1464405613532649,atlas_department_pair,0,treat_18,drop_rounding_band,adjacent_categories,p1_mserd,229,25,204,89,140,3,86,22,118,10,49,7,7,1,1,0,.0022571253059816,.0022571253059816,.0040397849417844,.0040397849417844,27,25,1
broad_atlas,de,2018,4,leaveout_dept_07,Leave out: HUANUCO,14,4854,152,248,338,.0070577799940275,-.0288424279405854,.1089690381961718,.7912524302382442,-.2424178182350516,.1847329623538807,.0700579455085977,atlas_leave_one_out,0,treat_18,drop_rounding_band,adjacent_categories,p1_mserd,1462,134,1328,603,859,20,583,114,745,13,66,55,55,1,1,0,.0012064867406478,.0012064867406478,.0026270732507538,.0026270732507538,82,70,1
broad_atlas,de,2018,5,dept_pair_08_14,Departments: JUNIN + SAN MARTIN,2,1315,64,90,114,.0055896838571756,-.0496417688393563,.313054340556657,.8740057985652656,-.6632170015343408,.5639334638556281,.0251451966474653,atlas_department_pair,0,treat_18,drop_rounding_band,adjacent_categories,p1_mserd,583,61,522,250,333,14,236,47,286,12,50,26,26,1,1,0,.0012028429525981,.0012028429525981,.002930749351706,.002930749351706,38,26,1
broad_atlas,de,2018,6,dept_pair_01_08,Departments: ANCASH + JUNIN,2,823,72,53,80,.0120735489182296,.0215141378610874,.1450348561003764,.8820762593307094,-.2627489565985996,.3057772323207744,.022004075056357,atlas_department_pair,0,treat_18,drop_rounding_band,adjacent_categories,p1_mserd,300,30,270,110,190,4,106,26,164,10,42,9,9,1,1,0,.0021225418287296,.0021225418287296,.0038952401397184,.0038952401397184,33,39,1
broad_atlas,de,2018,7,dept_pair_08_10,Departments: JUNIN + LIMA,2,810,68,50,77,.0015661686019955,-.0143113436245194,.1280347823288586,.9110002260468977,-.2652549057575074,.2366322185084687,.012494097310206,atlas_department_pair,0,treat_18,drop_rounding_band,adjacent_categories,p1_mserd,286,30,256,106,180,4,102,26,154,10,40,11,11,1,1,0,.0022032511194112,.0022032511194112,.0040029917201024,.0040029917201024,32,36,1
broad_atlas,de,2019,1,leaveout_dept_15,Leave out: UCAYALI,14,5502,177,273,383,.0177734435417861,-.0335682630084979,.0683485545986266,.6233320480194178,-.1675289684171755,.1003924424001796,.2412120885014413,atlas_leave_one_out,0,treat_19,drop_rounding_band,adjacent_categories,p1_mserd,1681,192,1489,658,1023,21,637,171,852,13,65,65,65,1,1,0,.00132687626174,.00132687626174,.0028207300421977,.0028207300421977,94,83,1
broad_atlas,de,2019,2,dept_pair_06_11,Departments: HUANCAVELICA + PASCO,2,782,52,41,56,.018286351621984,.0523527390678508,.136807124958628,.7019603600284154,-.2157842986795309,.3204897768152324,.1464405613532649,atlas_department_pair,0,treat_19,drop_rounding_band,adjacent_categories,p1_mserd,229,28,201,89,140,3,86,25,115,10,49,7,7,1,1,0,.0022571253059816,.0022571253059816,.0040397849417844,.0040397849417844,27,25,1
broad_atlas,de,2019,3,leaveout_dept_07,Leave out: HUANUCO,14,4854,152,248,338,.0064624426832529,-.0365134446829204,.0985124825519812,.7108998009255281,-.2295943625124339,.1565674731465931,.1373798650312662,atlas_leave_one_out,0,treat_19,drop_rounding_band,adjacent_categories,p1_mserd,1462,154,1308,603,859,20,583,134,725,13,66,55,55,1,1,0,.0012324568281226,.0012324568281226,.002699221577569,.002699221577569,82,70,1
broad_atlas,de,2019,4,dept_pair_08_14,Departments: JUNIN + SAN MARTIN,2,1315,64,90,114,.0029009564860686,-.0567049537298787,.2649182889398327,.830510438875006,-.5759352588979263,.462525351438169,.0458161000088688,atlas_department_pair,0,treat_19,drop_rounding_band,adjacent_categories,p1_mserd,583,68,515,250,333,14,236,54,279,12,50,26,26,1,1,0,.0012617753524662,.0012617753524662,.0029855673289825,.0029855673289825,38,26,1
broad_atlas,de,2019,5,dept_pair_01_08,Departments: ANCASH + JUNIN,2,823,72,53,80,.0120735489182296,.0215141378610874,.1450348561003764,.8820762593307094,-.2627489565985996,.3057772323207744,.022004075056357,atlas_department_pair,0,treat_19,drop_rounding_band,adjacent_categories,p1_mserd,300,31,269,110,190,4,106,27,163,10,42,9,9,1,1,0,.0021225418287296,.0021225418287296,.0038952401397184,.0038952401397184,33,39,1
broad_atlas,de,2019,6,dept_pair_08_10,Departments: JUNIN + LIMA,2,810,68,50,77,.0015661686019955,-.0143113436245194,.1280347823288586,.9110002260468977,-.2652549057575074,.2366322185084687,.012494097310206,atlas_department_pair,0,treat_19,drop_rounding_band,adjacent_categories,p1_mserd,286,32,254,106,180,4,102,28,152,10,40,11,11,1,1,0,.0022032511194112,.0022032511194112,.0040029917201024,.0040029917201024,32,36,1
broad_atlas,de,2020,1,dept_pair_07_08,Departments: HUANUCO + JUNIN,2,1616,139,75,116,.0722103394658996,.1040361857624578,.1813321007215248,.566148584633817,-.2513682008927204,.4594405724176359,.3291694010077604,atlas_department_pair,0,treat_20,drop_rounding_band,adjacent_categories,p1_mserd,575,106,469,212,363,5,207,101,262,11,48,22,22,1,1,0,.0019626707307143,.0019626707307143,.0033061100859539,.0033061100859539,59,80,1
broad_atlas,de,2020,2,dept_pair_06_11,Departments: HUANCAVELICA + PASCO,2,782,51,41,56,.0098349104468296,.0748927437792202,.1419080531665089,.5976691044534993,-.2032419295433324,.3530274171017728,.2785257802075877,atlas_department_pair,0,treat_20,drop_rounding_band,adjacent_categories,p1_mserd,229,38,191,89,140,3,86,35,105,10,49,7,7,1,1,0,.0021631769903554,.0021631769903554,.0041053318931671,.0041053318931671,26,25,1
broad_atlas,de,2020,3,dept_pair_06_07,Departments: HUANCAVELICA + HUANUCO,2,1279,125,65,93,.0431864733770337,.0558989563529327,.229369352063229,.807457617637651,-.393656712848284,.5054546255541494,.0593931861477698,atlas_department_pair,0,treat_20,drop_rounding_band,adjacent_categories,p1_mserd,450,103,347,169,281,4,165,99,182,10,48,20,20,1,1,0,.0025973749720014,.0025973749720014,.0044186843844499,.0044186843844499,51,74,1
broad_atlas,de,2020,4,leaveout_dept_14,Leave out: SAN MARTIN,14,5155,207,233,340,.006278287872083,.0207697799724013,.095502254182167,.8278347018493972,-.1664111986670358,.2079507586118384,.0472973214612449,atlas_leave_one_out,0,treat_20,drop_rounding_band,adjacent_categories,p1_mserd,1454,234,1220,565,889,11,554,223,666,12,64,51,51,1,1,0,.001676370132059,.001676370132059,.0029100397570221,.0029100397570221,81,126,1
broad_atlas,de,2020,5,dept_pair_07_11,Departments: HUANUCO + PASCO,2,1219,119,48,71,.0288498831062487,.0324243265910859,.2171817432706565,.8813202129563277,-.3932440683190251,.4580927215011968,.0222892420625886,atlas_department_pair,0,treat_20,drop_rounding_band,adjacent_categories,p1_mserd,417,71,346,158,259,1,157,70,189,11,53,13,13,1,1,0,.0025365553990617,.0025365553990617,.0043351634388511,.0043351634388511,44,75,1
broad_atlas,de,2020,6,dept_07,Department: HUANUCO,1,858,103,36,54,.0004935219204587,-.0285677345824629,.2397599749176794,.9051554163576201,-.4984886503553412,.4413531811904153,.0141970540417368,atlas_department,0,treat_20,drop_rounding_band,adjacent_categories,p1_mserd,319,68,251,119,200,1,118,67,133,9,41,13,13,1,1,0,.0029462878354376,.0029462878354376,.0048274300424517,.0048274300424517,34,69,1
broad_atlas,de,2020,7,dept_pair_07_12,Departments: HUANUCO + PIURA,2,934,128,42,59,.0007748559552692,-.0145396453881384,.186306112388898,.93779488378554,-.3796929157700499,.350613624993773,.0060905066514628,atlas_department_pair,0,treat_20,drop_rounding_band,adjacent_categories,p1_mserd,373,68,305,142,231,1,141,67,164,9,43,15,15,1,1,0,.0029796108010815,.0029796108010815,.0047119292071025,.0047119292071025,45,83,1
broad_atlas,de,2020,8,dept_pair_03_07,Departments: AYACUCHO + HUANUCO,2,2246,213,70,105,.0214467479821105,.008621514857143,.1350564329970395,.9491005039093147,-.2560842296975012,.2733272594117873,.0040750844314194,atlas_department_pair,0,treat_20,drop_rounding_band,adjacent_categories,p1_mserd,498,105,393,182,316,2,180,103,213,10,46,17,17,1,1,0,.003553482120411,.003553482120411,.0056410012708188,.0056410012708188,93,120,1
broad_atlas,de,2020,9,dept_pair_07_13,Departments: HUANUCO + PUNO,2,1084,108,46,73,.0179814082623378,.0131493657472746,.2165959129256904,.9515908004278325,-.4113708227856522,.4376695542802013,.0036856076094625,atlas_department_pair,0,treat_20,drop_rounding_band,adjacent_categories,p1_mserd,369,76,293,133,236,1,132,75,161,9,45,14,14,1,1,0,.0028341149134922,.0028341149134922,.0046481382548524,.0046481382548524,39,69,1
broad_atlas,de,2020,10,dept_pair_07_10,Departments: HUANUCO + LIMA,2,910,113,47,69,.0188333448515631,.0107492487571537,.2085171523178747,.9588865361819763,-.3979368599447333,.4194353574590408,.0026574962251916,atlas_department_pair,0,treat_20,drop_rounding_band,adjacent_categories,p1_mserd,349,69,280,132,217,1,131,68,149,10,41,15,15,1,1,0,.0029836770085015,.0029836770085015,.0046102897105225,.0046102897105225,39,74,1
broad_atlas,de,2021,1,dept_pair_09_14,Departments: LA LIBERTAD + SAN MARTIN,2,575,90,53,59,.2832204597066147,.3650381667249892,.3188374011487024,.2522489907651738,-.259871656450817,.9899479899007955,1.310804815876,atlas_department_pair,0,treat_21,drop_rounding_band,adjacent_categories,p1_mserd,337,76,261,159,178,10,149,66,112,11,42,18,18,1,1,0,.0027035427645994,.0027035427645994,.0050291570495825,.0050291570495825,43,47,1
broad_atlas,de,2021,2,dept_pair_07_11,Departments: HUANUCO + PASCO,2,1219,102,48,71,.1463545198149985,.2293879552358581,.2618107882929188,.3809434426191031,-.2837517605823033,.7425276710540196,.7676551071477301,atlas_department_pair,0,treat_21,drop_rounding_band,adjacent_categories,p1_mserd,417,81,336,158,259,2,156,79,180,11,53,13,13,1,1,0,.0019524589253208,.0019524589253208,.0035818313070891,.0035818313070891,41,61,1
broad_atlas,de,2021,3,dept_pair_07_09,Departments: HUANUCO + LA LIBERTAD,2,876,97,38,61,.1869169142448103,.2725785504697935,.3116752976435638,.3818137056973373,-.3382938077823929,.88345090872198,.7648540833382532,atlas_department_pair,0,treat_21,drop_rounding_band,adjacent_categories,p1_mserd,329,79,250,121,208,2,119,77,131,9,41,14,14,1,1,0,.0024520840355342,.0024520840355342,.0041968040905063,.0041968040905063,34,63,1
broad_atlas,de,2021,4,leaveout_dept_14,Leave out: SAN MARTIN,14,5155,207,233,340,.0475983744077915,.0793149605520433,.1128981172517545,.4823451310990257,-.1419612831837756,.3005912042878621,.4935564436249535,atlas_leave_one_out,0,treat_21,drop_rounding_band,adjacent_categories,p1_mserd,1454,272,1182,565,889,13,552,259,630,12,64,51,51,1,1,0,.0017254846673436,.0017254846673436,.0029418332176982,.0029418332176982,81,126,1
broad_atlas,de,2021,5,leaveout_dept_08,Leave out: JUNIN,14,4954,305,245,330,.0622566071896257,.1002777240620691,.1447182742895972,.4883617636696302,-.1833648814503303,.3839203295744685,.4801336968913992,atlas_leave_one_out,0,treat_21,drop_rounding_band,adjacent_categories,p1_mserd,1525,299,1226,629,896,19,610,280,616,13,66,59,59,1,1,0,.0018410733463882,.0018410733463882,.0033022713833497,.0033022713833497,176,129,1
broad_atlas,de,2021,6,dept_pair_04_14,Departments: CAJAMARCA + SAN MARTIN,2,647,168,59,60,.089385925106735,.1192063208932886,.1724656934652539,.4894470281866382,-.218820226867334,.4572328686539112,.4777416781971097,atlas_department_pair,0,treat_21,drop_rounding_band,adjacent_categories,p1_mserd,397,79,318,187,210,10,177,69,141,11,42,22,22,1,1,0,.0032360455940348,.0032360455940348,.0055164829804205,.0055164829804205,89,79,1
broad_atlas,de,2021,7,dept_pair_01_14,Departments: ANCASH + SAN MARTIN,2,622,114,65,70,.1170520378740701,.1423661076570989,.2338274871104241,.5426231819934062,-.3159273456748359,.6006595609890337,.3706995834375165,atlas_department_pair,0,treat_21,drop_rounding_band,adjacent_categories,p1_mserd,371,72,299,174,197,10,164,62,135,11,45,17,17,1,1,0,.0029539098635154,.0029539098635154,.0051641430213592,.0051641430213592,48,66,1
broad_atlas,de,2021,8,leaveout_dept_06,Leave out: HUANCAVELICA,14,5291,331,255,353,.0582578229728037,.0771663528453431,.1275061040047552,.5450478941486272,-.1727410188129953,.3270737245036816,.3662638001034157,atlas_leave_one_out,0,treat_21,drop_rounding_band,adjacent_categories,p1_mserd,1650,305,1345,672,978,20,652,285,693,13,66,61,61,1,1,0,.0018747289067172,.0018747289067172,.003181994038015,.003181994038015,188,143,1
broad_atlas,de,2021,9,dept_pair_10_14,Departments: LIMA + SAN MARTIN,2,609,153,62,67,.0961209356535172,.1052821066938671,.1777096102765081,.5535566461962763,-.2430223291547378,.453586542542472,.3509839879984823,atlas_department_pair,0,treat_21,drop_rounding_band,adjacent_categories,p1_mserd,357,75,282,170,187,10,160,65,122,12,42,19,19,1,1,0,.0035686015491788,.0035686015491788,.0059946306919289,.0059946306919289,82,71,1
broad_atlas,de,2021,10,dept_pair_07_14,Departments: HUANUCO + SAN MARTIN,2,1415,161,87,106,.0927278612096905,.1362308008223191,.2355481362272974,.5630234413561575,-.3254350628087181,.5978966644533563,.3344962664923867,atlas_department_pair,0,treat_21,drop_rounding_band,adjacent_categories,p1_mserd,646,145,501,276,370,12,264,133,237,11,49,30,30,1,1,0,.0020984255184616,.0020984255184616,.0037263111525986,.0037263111525986,73,88,1
broad_atlas,de,2022,1,dept_pair_03_06,Departments: AYACUCHO + HUANCAVELICA,2,1809,61,63,90,.8218468795979899,1.002027011290699,.594966405829034,.0921480270479655,-.164085716145449,2.168139738726847,2.836442400375291,atlas_department_pair,0,treat_22,drop_rounding_band,adjacent_categories,p1_mserd,310,184,126,113,197,39,74,145,52,11,46,11,11,1,1,0,.0018468598141803,.0018468598141803,.0035075215519022,.0035075215519022,41,20,1
broad_atlas,de,2022,2,dept_pair_06_11,Departments: HUANCAVELICA + PASCO,2,782,51,41,56,.5099612459491372,.8712520978188878,.7211887246366129,.2270173327203697,-.5422518285252476,2.284756024163023,1.459452004271765,atlas_department_pair,0,treat_22,drop_rounding_band,adjacent_categories,p1_mserd,229,109,120,89,140,20,69,89,51,10,49,7,7,1,1,0,.002107477346908,.002107477346908,.0039764364358157,.0039764364358157,26,25,1
broad_atlas,de,2022,3,leaveout_dept_04,Leave out: CAJAMARCA,14,5622,244,276,384,.2780056362819683,.301977487264558,.3547356045990839,.3946167099966246,-.3932915217836875,.9972464963128035,.724668815863416,atlas_leave_one_out,0,treat_22,drop_rounding_band,adjacent_categories,p1_mserd,1711,700,1011,692,1019,118,574,582,437,13,67,63,63,1,1,0,.0014482767946333,.0014482767946333,.002934308850735,.002934308850735,102,142,1
broad_atlas,de,2022,4,leaveout_dept_12,Leave out: PIURA,14,5636,233,278,387,.3263213912263092,.3327714478162056,.3987902899324973,.4040261940385333,-.448843157835775,1.114386053468186,.6963105286703725,atlas_leave_one_out,0,treat_22,drop_rounding_band,adjacent_categories,p1_mserd,1727,715,1012,699,1028,119,580,596,432,13,67,66,66,1,1,0,.0014153685162751,.0014153685162751,.0030040833031615,.0030040833031615,92,141,1
broad_atlas,de,2022,5,dept_pair_03_14,Departments: AYACUCHO + SAN MARTIN,2,1945,125,85,103,.1497700343336645,.3297500003956193,.4073557560612543,.4182339320810703,-.4686526103795229,1.128152611170762,.6552724283130346,atlas_department_pair,0,treat_22,drop_rounding_band,adjacent_categories,p1_mserd,506,252,254,220,286,56,164,196,90,12,46,21,21,1,1,0,.0019296428095881,.0019296428095881,.0034123353918505,.0034123353918505,67,58,1
broad_atlas,de,2022,6,dept_pair_03_10,Departments: AYACUCHO + LIMA,2,1440,52,45,66,.3163130228731916,.4063674557906003,.5490832024430374,.459249288407705,-.6698158455136682,1.482550757094869,.5477236881565272,atlas_department_pair,0,treat_22,drop_rounding_band,adjacent_categories,p1_mserd,209,109,100,76,133,24,52,85,48,11,37,6,6,1,1,0,.0022299164513589,.0022299164513589,.0038023073460278,.0038023073460278,32,20,1
broad_atlas,de,2022,7,leaveout_dept_11,Leave out: PASCO,14,5351,237,272,375,.2360851214016706,.2468256331470622,.3362057801968497,.4628570336475453,-.4121255874329527,.9057768537270771,.5389769195837335,atlas_leave_one_out,0,treat_22,drop_rounding_band,adjacent_categories,p1_mserd,1683,690,993,683,1000,115,568,575,425,13,64,68,68,1,1,0,.0014521707099083,.0014521707099083,.0030348675832687,.0030348675832687,100,137,1
broad_atlas,de,2022,8,leaveout_dept_15,Leave out: UCAYALI,14,5502,239,273,383,.2720375002820488,.2668518882165554,.365929524136178,.4658524569784199,-.4503567999702338,.9840605764033445,.5317967251154748,atlas_leave_one_out,0,treat_22,drop_rounding_band,adjacent_categories,p1_mserd,1681,704,977,658,1023,115,543,589,434,13,65,65,65,1,1,0,.0014499542989172,.0014499542989172,.0030794249202824,.0030794249202824,102,137,1
broad_atlas,de,2022,9,leaveout_dept_01,Leave out: ANCASH,14,5647,249,270,374,.2686656092415314,.2701965118748877,.3747955169307898,.4709604970815259,-.4643892028765323,1.004782226626308,.5197215216852461,atlas_leave_one_out,0,treat_22,drop_rounding_band,adjacent_categories,p1_mserd,1737,708,1029,705,1032,118,587,590,442,13,67,68,68,1,1,0,.0014290876833785,.0014290876833785,.0029360410236039,.0029360410236039,104,145,1
broad_atlas,de,2022,10,leaveout_dept_02,Leave out: APURIMAC,14,5226,244,269,361,.239318652152869,.2463610784791617,.3436904573049951,.4734907627828386,-.4272598396687297,.919981996627053,.5138179183199995,atlas_leave_one_out,0,treat_22,drop_rounding_band,adjacent_categories,p1_mserd,1703,678,1025,700,1003,115,585,563,440,13,66,65,65,1,1,0,.0014758904603594,.0014758904603594,.0030472981251633,.0030472981251633,102,142,1
broad_atlas,de,2023,1,leaveout_dept_15,Leave out: UCAYALI,14,5502,177,273,383,.8461933163495683,.857442186050525,.5345285208149628,.1086899562400588,-.1902144634562706,1.905098835557321,2.573166734551287,atlas_leave_one_out,0,treat_23,drop_rounding_band,adjacent_categories,p1_mserd,1681,805,876,658,1023,135,523,670,353,13,65,65,65,1,1,0,.0013531886417191,.0013531886417191,.0028465336239006,.0028465336239006,94,83,1
broad_atlas,de,2023,2,leaveout_dept_04,Leave out: CAJAMARCA,14,5622,179,276,384,.6764951892719928,.7106632979149428,.4767468973842975,.1360531147624549,-.223743450699493,1.645070046529379,2.222040770140175,atlas_leave_one_out,0,treat_23,drop_rounding_band,adjacent_categories,p1_mserd,1711,807,904,692,1019,139,553,668,351,13,67,63,63,1,1,0,.0013445464297949,.0013445464297949,.0027120027332599,.0027120027332599,95,84,1
broad_atlas,de,2023,3,leaveout_dept_03,Leave out: AYACUCHO,14,4324,169,250,341,.6184442528022611,.66561094338266,.4799475769488342,.1654902736342798,-.2750690219043209,1.606290908669641,1.923327761746471,atlas_leave_one_out,0,treat_23,drop_rounding_band,adjacent_categories,p1_mserd,1602,717,885,659,943,116,543,601,342,13,67,64,64,1,1,0,.0013046211544277,.0013046211544277,.0026390779566062,.0026390779566062,86,83,1
broad_atlas,de,2023,4,dept_pair_08_09,Departments: JUNIN + LA LIBERTAD,2,776,65,41,69,.3263690179467149,.5255927837066872,.3878515178050768,.1753732211577305,-.2345822225404587,1.285767789953833,1.83640216856641,atlas_department_pair,0,treat_23,drop_rounding_band,adjacent_categories,p1_mserd,266,118,148,95,171,11,84,107,64,10,41,10,10,1,1,0,.0023518733262402,.0023518733262402,.0040325798947099,.0040325798947099,29,36,1
broad_atlas,de,2023,5,leaveout_dept_02,Leave out: APURIMAC,14,5226,180,269,361,.649555562813541,.6673573384366502,.4954366082441935,.1779774847791345,-.3036805703446488,1.638395247217949,1.814431985642835,atlas_leave_one_out,0,treat_23,drop_rounding_band,adjacent_categories,p1_mserd,1703,781,922,700,1003,136,564,645,358,13,66,65,65,1,1,0,.0013719274362289,.0013719274362289,.0028236789044416,.0028236789044416,95,85,1
broad_atlas,de,2023,6,leaveout_dept_01,Leave out: ANCASH,14,5647,182,270,374,.6501708652996321,.6737180933187528,.5031825001535842,.1805986719122098,-.3125014846330924,1.659937671270598,1.792690695713947,atlas_leave_one_out,0,treat_23,drop_rounding_band,adjacent_categories,p1_mserd,1737,816,921,705,1032,140,565,676,356,13,67,68,68,1,1,0,.0013245158587122,.0013245158587122,.0027128434572968,.0027128434572968,96,86,1
broad_atlas,de,2023,7,dept_pair_06_08,Departments: HUANCAVELICA + JUNIN,2,1179,88,68,101,.2799446147292155,.507219527686233,.3902786258870714,.1937263037540977,-.2577125229882083,1.272151578360674,1.689049572988462,atlas_department_pair,0,treat_23,drop_rounding_band,adjacent_categories,p1_mserd,387,201,186,143,244,28,115,173,71,11,49,16,16,1,1,0,.0019559759142209,.0019559759142209,.0033079400768388,.0033079400768388,44,44,1
broad_atlas,de,2023,8,leaveout_dept_13,Leave out: PUNO,14,5486,180,274,373,.6660438739998611,.6717931892236599,.5172873083364269,.1940521061948364,-.3420713047754025,1.685657683222722,1.686582333543264,atlas_leave_one_out,0,treat_23,drop_rounding_band,adjacent_categories,p1_mserd,1731,801,930,708,1023,140,568,661,362,13,66,67,67,1,1,0,.0013578302217798,.0013578302217798,.0028086135126614,.0028086135126614,94,86,1
broad_atlas,de,2023,9,leaveout_dept_09,Leave out: LA LIBERTAD,14,5694,184,282,385,.6516549964602181,.6540365245202722,.5118631468432755,.2013352542691294,-.3491968083058847,1.657269857346429,1.632661980489252,atlas_leave_one_out,0,treat_23,drop_rounding_band,adjacent_categories,p1_mserd,1771,820,951,720,1051,141,579,679,372,13,67,67,67,1,1,0,.0013511007030927,.0013511007030927,.0028025637496268,.0028025637496268,98,86,1
broad_atlas,de,2023,10,leaveout_dept_12,Leave out: PIURA,14,5636,174,278,387,.6411827846517486,.6711932889353225,.5382258376953205,.2123800107357312,-.383709968496406,1.726096546367051,1.555127947339424,atlas_leave_one_out,0,treat_23,drop_rounding_band,adjacent_categories,p1_mserd,1727,824,903,699,1028,141,558,683,345,13,67,66,66,1,1,0,.0012815403678495,.0012815403678495,.0027560384207219,.0027560384207219,92,82,1
dept_subset,ab,2007,1,conflict_dept_subset_021,Conflict-belt departments: APURIMAC + CUSCO + HUANUCO,3,1490,194,105,105,.0572932563561286,.0755566409667716,.1138885145832396,.5070575377361146,-.1476607458691426,.2987740278026858,.4401345152322969,bounded_department_subset,0,treat_07,drop_rounding_band,adjacent_categories,p1_mserd,690,60,630,311,379,22,289,38,341,260,349,0,2,1,1,0,.0434967220780456,.0434967220780456,.0610635258984716,.0610635258984716,117,77,1
dept_subset,ab,2007,2,conflict_dept_subset_020,Conflict-belt departments: CUSCO + HUANUCO,2,1004,113,55,49,.0556606839665259,.0784244398917223,.1223479804169402,.5215259517701666,-.1613731953066923,.3182220750901367,.4108745500439162,bounded_department_subset,0,treat_07,drop_rounding_band,adjacent_categories,p1_mserd,384,31,353,190,194,15,175,16,178,170,185,0,1,1,1,0,.0435588515728054,.0435588515728054,.0640326872889311,.0640326872889311,61,52,1
dept_subset,ab,2007,3,conflict_dept_subset_017,Conflict-belt departments: APURIMAC + HUANUCO,2,1344,170,94,92,.0577036952498936,.0737948432025339,.1231559097782751,.5490404861399678,-.1675863044461496,.3151759908512173,.3590389085445224,bounded_department_subset,0,treat_07,drop_rounding_band,adjacent_categories,p1_mserd,612,55,557,273,339,19,254,36,303,232,313,0,1,1,1,0,.0439524641955817,.0439524641955817,.0618872471052288,.0618872471052288,103,67,1
dept_subset,ab,2007,4,conflict_dept_subset_016,Conflict-belt departments: HUANUCO,1,858,87,44,36,.0601931791812797,.0773348870189276,.1303561062920952,.5530080703573423,-.178158386478454,.3328281605163093,.3519558201639945,bounded_department_subset,0,treat_07,drop_rounding_band,adjacent_categories,p1_mserd,306,26,280,152,154,12,140,14,140,138,148,0,0,1,1,0,.0429930557547455,.0429930557547455,.061790856348363,.061790856348363,45,42,1
dept_subset,ab,2007,5,conflict_dept_subset_029,Conflict-belt departments: APURIMAC + CUSCO + HUANCAVELICA + HUANUCO,4,1911,226,144,137,.0529709465381194,.0730398385696622,.1237792708499916,.5551361152868859,-.1695630743289499,.3156427514682743,.3481959931771693,bounded_department_subset,0,treat_07,drop_rounding_band,adjacent_categories,p1_mserd,838,91,747,386,452,31,355,60,392,309,407,0,7,1,1,0,.0425006652331805,.0425006652331805,.060420103454617,.060420103454617,135,91,1
dept_subset,ab,2007,6,conflict_dept_subset_080,Conflict-belt departments: HUANUCO + SAN MARTIN,2,1415,104,60,48,.0446028890720102,.0575203908126755,.1033498808649245,.5778282144433512,-.1450416534890817,.2600824351144327,.3097588302385707,bounded_department_subset,0,treat_07,drop_rounding_band,adjacent_categories,p1_mserd,392,26,366,205,187,12,193,14,173,176,180,0,0,1,1,0,.0402248029396783,.0402248029396783,.0576787504737674,.0576787504737674,57,47,1
dept_subset,ab,2007,7,conflict_dept_subset_025,Conflict-belt departments: APURIMAC + HUANCAVELICA + HUANUCO,3,1765,204,133,124,.056544214172932,.0763721916604946,.1381925772591845,.5805027808206686,-.1944802826982759,.347224666019265,.3054225330947099,bounded_department_subset,0,treat_07,drop_rounding_band,adjacent_categories,p1_mserd,760,86,674,348,412,28,320,58,354,281,373,0,6,1,1,0,.0428780751400214,.0428780751400214,.0620004519901214,.0620004519901214,121,83,1
dept_subset,ab,2007,8,conflict_dept_subset_085,Conflict-belt departments: APURIMAC + CUSCO + HUANUCO + SAN MARTIN,4,2047,210,121,117,.0435727222918371,.05631963682253,.105268735231332,.5926441852891247,-.1500032929289634,.2626425665740233,.2862337768130943,bounded_department_subset,0,treat_07,drop_rounding_band,adjacent_categories,p1_mserd,776,60,716,364,412,22,342,38,374,295,381,0,2,1,1,0,.0409816281860877,.0409816281860877,.0577685465535824,.0577685465535824,128,82,1
dept_subset,ab,2007,9,conflict_dept_subset_084,Conflict-belt departments: CUSCO + HUANUCO + SAN MARTIN,3,1561,132,71,61,.0409821331778859,.0567350450424165,.1087686026324031,.6019402715995952,-.156447498765842,.269917588850675,.2720794304089307,bounded_department_subset,0,treat_07,drop_rounding_band,adjacent_categories,p1_mserd,470,31,439,243,227,15,228,16,211,207,217,0,1,1,1,0,.0412721427651473,.0412721427651473,.0588749049517786,.0588749049517786,74,58,1
dept_subset,ab,2007,10,conflict_dept_subset_081,Conflict-belt departments: APURIMAC + HUANUCO + SAN MARTIN,3,1901,188,110,104,.0415208480845642,.0530872394650888,.1087035210089745,.6252897359297149,-.1599677467051944,.2661422256353719,.2385025694764139,bounded_department_subset,0,treat_07,drop_rounding_band,adjacent_categories,p1_mserd,698,55,643,326,372,19,307,36,336,268,345,0,1,1,1,0,.041642825377206,.041642825377206,.0591693081348017,.0591693081348017,115,73,1
dept_subset,ab,2008,1,conflict_dept_subset_040,Conflict-belt departments: HUANCAVELICA + JUNIN,2,1179,113,83,73,.4366091109966669,.4810755322287181,.2465983032218522,.0510752623698246,-.0022482607347996,.9643993251922358,3.805803577291063,bounded_department_subset,0,treat_08,drop_rounding_band,adjacent_categories,p1_mserd,455,135,320,243,212,49,194,86,126,203,190,0,8,1,1,0,.0405974104580436,.0405974104580436,.0591657511987608,.0591657511987608,72,41,1
dept_subset,ab,2008,2,conflict_dept_subset_041,Conflict-belt departments: APURIMAC + HUANCAVELICA + JUNIN,3,1665,253,133,129,.2816005875396155,.3264390569280706,.1762032209974203,.0639356669961257,-.0189129101868248,.6717910240429661,3.432231263783021,bounded_department_subset,0,treat_08,drop_rounding_band,adjacent_categories,p1_mserd,761,197,564,364,397,71,293,126,271,284,352,0,9,1,1,0,.0517514261376961,.0517514261376961,.0753195498607362,.0753195498607362,168,85,1
dept_subset,ab,2008,3,conflict_dept_subset_057,Conflict-belt departments: APURIMAC + HUANCAVELICA + HUANUCO + JUNIN,4,2523,230,177,165,.2536802001530802,.3018510762914914,.1633473691027642,.0646155058600854,-.0183038841192971,.6220060367022799,3.414767735636316,bounded_department_subset,0,treat_08,drop_rounding_band,adjacent_categories,p1_mserd,1067,249,818,516,551,94,422,155,396,372,490,0,9,1,1,0,.0364581711804647,.0364581711804647,.0556977629936372,.0556977629936372,143,87,1
dept_subset,ab,2008,4,conflict_dept_subset_056,Conflict-belt departments: HUANCAVELICA + HUANUCO + JUNIN,3,2037,228,127,109,.2647629418894256,.2833422622138964,.1646104066567801,.0851981962893474,-.0392882063138849,.6059727307416778,2.962839584905749,bounded_department_subset,0,treat_08,drop_rounding_band,adjacent_categories,p1_mserd,761,187,574,395,366,72,323,115,251,303,333,0,8,1,1,0,.0468798936577674,.0468798936577674,.0651733578096995,.0651733578096995,141,87,1
dept_subset,ab,2008,5,conflict_dept_subset_033,Conflict-belt departments: APURIMAC + JUNIN,2,1244,199,94,97,.2643873026144559,.3294898563566907,.1918970267300871,.0859766379262431,-.0466214047746,.7056011174879815,2.948136627076836,bounded_department_subset,0,treat_08,drop_rounding_band,adjacent_categories,p1_mserd,613,143,470,289,324,52,237,91,233,233,292,0,4,1,1,0,.0506928047162728,.0506928047162728,.0736270108398211,.0736270108398211,132,67,1
dept_subset,ab,2008,6,conflict_dept_subset_121,Conflict-belt departments: APURIMAC + HUANCAVELICA + HUANUCO + JUNIN + SAN MARTIN,5,3080,258,193,177,.2083730588308688,.2486949958134197,.1516224440078545,.1009582935781224,-.048479533689916,.5458695253167554,2.690339621170773,bounded_department_subset,0,treat_08,drop_rounding_band,adjacent_categories,p1_mserd,1153,253,900,569,584,95,474,158,426,396,517,0,9,1,1,0,.0372743035097288,.0372743035097288,.0581445282875502,.0581445282875502,157,101,1
dept_subset,ab,2008,7,conflict_dept_subset_049,Conflict-belt departments: APURIMAC + HUANUCO + JUNIN,3,2102,208,138,133,.2229326416112947,.2696913305867001,.1654008765911307,.1029892245494759,-.0544884305432701,.5938710917166703,2.658632798541861,bounded_department_subset,0,treat_08,drop_rounding_band,adjacent_categories,p1_mserd,919,195,724,441,478,75,366,120,358,329,432,0,4,1,1,0,.0371237087659051,.0371237087659051,.0545090879892645,.0545090879892645,130,78,1
dept_subset,ab,2008,8,conflict_dept_subset_061,Conflict-belt departments: APURIMAC + CUSCO + HUANCAVELICA + HUANUCO + JUNIN,5,2669,271,188,178,.1910528480783064,.2322803069177252,.1446716419018953,.1083686359691378,-.0512709007942653,.5158315146297157,2.577851891468039,bounded_department_subset,0,treat_08,drop_rounding_band,adjacent_categories,p1_mserd,1145,255,890,554,591,97,457,158,433,396,522,0,10,1,1,0,.0385910993303741,.0385910993303741,.0588851603754967,.0588851603754967,166,105,1
dept_subset,ab,2008,9,conflict_dept_subset_048,Conflict-belt departments: HUANUCO + JUNIN,2,1616,177,88,77,.2533109377868455,.2633728280986969,.1737500620741332,.1295663160172273,-.0771710358782029,.6039166920755967,2.297692981281219,bounded_department_subset,0,treat_08,drop_rounding_band,adjacent_categories,p1_mserd,613,133,480,320,293,53,267,80,213,252,275,0,3,1,1,0,.0445801389260075,.0445801389260075,.0610678213449567,.0610678213449567,107,70,1
dept_subset,ab,2008,10,conflict_dept_subset_097,Conflict-belt departments: APURIMAC + JUNIN + SAN MARTIN,3,1801,199,110,109,.2182350514647282,.2838013310053085,.1904777061336575,.1362386633470262,-.0895281128744642,.6571307748850812,2.21993649632261,bounded_department_subset,0,treat_08,drop_rounding_band,adjacent_categories,p1_mserd,699,147,552,342,357,53,289,94,263,271,320,0,4,1,1,0,.0445878915502938,.0445878915502938,.0671039115712454,.0671039115712454,135,64,1
dept_subset,ab,2009,1,conflict_dept_subset_049,Conflict-belt departments: APURIMAC + HUANUCO + JUNIN,3,2102,239,138,133,.2169829500524763,.2761190096838432,.1908713288717095,.1480023128581595,-.0979819205860075,.6502199399536939,2.092720458143592,bounded_department_subset,0,treat_09,drop_rounding_band,adjacent_categories,p1_mserd,919,297,622,441,478,124,317,173,305,329,432,0,4,1,1,0,.0410721642229663,.0410721642229663,.064876396314413,.064876396314413,150,89,1
dept_subset,ab,2009,2,conflict_dept_subset_033,Conflict-belt departments: APURIMAC + JUNIN,2,1244,173,94,97,.2476601940280104,.3319781327526734,.2401572095212757,.1668683317609171,-.1387213485366667,.8026776140420135,1.910854847276451,bounded_department_subset,0,treat_09,drop_rounding_band,adjacent_categories,p1_mserd,613,207,406,289,324,81,208,126,198,233,292,0,4,1,1,0,.045012373939229,.045012373939229,.0687823936294392,.0687823936294392,119,54,1
dept_subset,ab,2009,3,conflict_dept_subset_113,Conflict-belt departments: APURIMAC + HUANUCO + JUNIN + SAN MARTIN,4,2659,263,154,145,.1829692387076791,.230689906455621,.1809450831046008,.2023387309440753,-.1239559396090035,.5853357525202455,1.625412566893302,bounded_department_subset,0,treat_09,drop_rounding_band,adjacent_categories,p1_mserd,1005,310,695,494,511,131,363,179,332,359,460,0,4,1,1,0,.0406528501110148,.0406528501110148,.0646396550976806,.0646396550976806,164,99,1
dept_subset,ab,2009,4,conflict_dept_subset_053,Conflict-belt departments: APURIMAC + CUSCO + HUANUCO + JUNIN,4,2248,230,149,146,.1709530014335745,.221762712908979,.1836851643264549,.2273174396432438,-.138253593665194,.581779019483152,1.457568216143466,bounded_department_subset,0,treat_09,drop_rounding_band,adjacent_categories,p1_mserd,997,307,690,479,518,130,349,177,341,353,466,0,5,1,1,0,.0371311173968643,.0371311173968643,.0576274712941782,.0576274712941782,144,86,1
dept_subset,ab,2009,5,conflict_dept_subset_057,Conflict-belt departments: APURIMAC + HUANCAVELICA + HUANUCO + JUNIN,4,2523,314,177,165,.1644269768485402,.2039497910532978,.1758845681028702,.24622549043338,-.1407776278647102,.5486772099713058,1.344593650606672,bounded_department_subset,0,treat_09,drop_rounding_band,adjacent_categories,p1_mserd,1067,384,683,516,551,160,356,224,327,372,490,0,9,1,1,0,.0460052632556154,.0460052632556154,.0694796886208774,.0694796886208774,199,115,1
dept_subset,ab,2009,6,conflict_dept_subset_048,Conflict-belt departments: HUANUCO + JUNIN,2,1616,156,88,77,.2499789736306807,.2683628514462955,.2376904867281607,.2588795682559512,-.1975019420086951,.734227644901286,1.274738772630086,bounded_department_subset,0,treat_09,drop_rounding_band,adjacent_categories,p1_mserd,613,206,407,320,293,91,229,115,178,252,275,0,3,1,1,0,.0401448339622221,.0401448339622221,.0563541534719956,.0563541534719956,92,64,1
dept_subset,ab,2009,7,conflict_dept_subset_037,Conflict-belt departments: APURIMAC + CUSCO + JUNIN,3,1390,163,105,110,.1762028733244589,.2674821993336787,.2372675800901782,.2595970365177581,-.1975537123420432,.7325181110094006,1.270904651363715,bounded_department_subset,0,treat_09,drop_rounding_band,adjacent_categories,p1_mserd,691,217,474,327,364,87,240,130,234,260,328,0,5,1,1,0,.0376980621237245,.0376980621237245,.057976550267096,.057976550267096,108,55,1
dept_subset,ab,2009,8,conflict_dept_subset_041,Conflict-belt departments: APURIMAC + HUANCAVELICA + JUNIN,3,1665,216,133,129,.1919662029035129,.2492539334437239,.2218971039276916,.2613160034502854,-.1856563985282929,.6841642654157407,1.261771672288976,bounded_department_subset,0,treat_09,drop_rounding_band,adjacent_categories,p1_mserd,761,294,467,364,397,117,247,177,220,284,352,0,9,1,1,0,.0454200611846795,.0454200611846795,.0674224909029855,.0674224909029855,145,71,1
dept_subset,ab,2009,9,conflict_dept_subset_097,Conflict-belt departments: APURIMAC + JUNIN + SAN MARTIN,3,1801,191,110,109,.1902548988127641,.2600270768712998,.2320569974357603,.2624875178593769,-.1947962804632939,.7148504342058934,1.25558989074888,bounded_department_subset,0,treat_09,drop_rounding_band,adjacent_categories,p1_mserd,699,220,479,342,357,88,254,132,225,271,320,0,4,1,1,0,.0436210120030183,.0436210120030183,.0667292720804083,.0667292720804083,128,63,1
dept_subset,ab,2009,10,conflict_dept_subset_117,Conflict-belt departments: APURIMAC + CUSCO + HUANUCO + JUNIN + SAN MARTIN,5,2805,290,165,158,.1320677760034464,.1746421599684834,.1647864067936165,.2892313828663023,-.1483332624887714,.4976175824257381,1.12319566920866,bounded_department_subset,0,treat_09,drop_rounding_band,adjacent_categories,p1_mserd,1083,320,763,532,551,137,395,183,368,382,494,0,5,1,1,0,.0408906659977848,.0408906659977848,.0651787213494945,.0651787213494945,181,109,1
dept_subset,ab,2010,1,conflict_dept_subset_049,Conflict-belt departments: APURIMAC + HUANUCO + JUNIN,3,2102,268,138,133,.1718113931539637,.2124105639565652,.1763289573930614,.2283474579118719,-.1331878419653328,.5580089698784632,1.451125402975002,bounded_department_subset,0,treat_10,drop_rounding_band,adjacent_categories,p1_mserd,919,350,569,441,478,148,293,202,276,329,432,0,4,1,1,0,.0454433346874532,.0454433346874532,.0667538436412735,.0667538436412735,171,97,1
dept_subset,ab,2010,2,conflict_dept_subset_033,Conflict-belt departments: APURIMAC + JUNIN,2,1244,184,94,97,.1715674063489913,.2530107933117045,.2244262401607164,.2595872395757361,-.1868565545890361,.6928781412124452,1.270956917516657,bounded_department_subset,0,treat_10,drop_rounding_band,adjacent_categories,p1_mserd,613,243,370,289,324,99,190,144,180,233,292,0,4,1,1,0,.0462271671466489,.0462271671466489,.0671273676523612,.0671273676523612,126,58,1
dept_subset,ab,2010,3,conflict_dept_subset_037,Conflict-belt departments: APURIMAC + CUSCO + JUNIN,3,1390,164,105,110,.1300792485910962,.2216552938632987,.2219671698259843,.3179909496490298,-.2133923647459163,.6567029524725138,.9971918652513052,bounded_department_subset,0,treat_10,drop_rounding_band,adjacent_categories,p1_mserd,691,254,437,327,364,105,222,149,215,260,328,0,5,1,1,0,.0384439310845881,.0384439310845881,.0576854909302937,.0576854909302937,109,55,1
dept_subset,ab,2010,4,conflict_dept_subset_113,Conflict-belt departments: APURIMAC + HUANUCO + JUNIN + SAN MARTIN,4,2659,274,154,145,.1542222008484685,.1675385660982678,.1736916886250796,.3347579987114029,-.1728908880208335,.5079680202173691,.9304038815121188,bounded_department_subset,0,treat_10,drop_rounding_band,adjacent_categories,p1_mserd,1005,367,638,494,511,156,338,211,300,359,460,0,4,1,1,0,.0426457905568471,.0426457905568471,.0615125845172797,.0615125845172797,171,103,1
dept_subset,ab,2010,5,conflict_dept_subset_053,Conflict-belt departments: APURIMAC + CUSCO + HUANUCO + JUNIN,4,2248,246,149,146,.1245827770210228,.1599974749478992,.1739018497972649,.3575494015498851,-.1808438874996341,.5008388373954324,.8464822470536563,bounded_department_subset,0,treat_10,drop_rounding_band,adjacent_categories,p1_mserd,997,361,636,479,518,154,325,207,311,353,466,0,5,1,1,0,.0393677493869642,.0393677493869642,.0586384556161253,.0586384556161253,151,95,1
dept_subset,ab,2010,6,conflict_dept_subset_057,Conflict-belt departments: APURIMAC + HUANCAVELICA + HUANUCO + JUNIN,4,2523,299,177,165,.1285730571343208,.1588635690622665,.1732882136947598,.3592688219150117,-.1807750887247432,.4985022268492762,.8404474826940875,bounded_department_subset,0,treat_10,drop_rounding_band,adjacent_categories,p1_mserd,1067,449,618,516,551,193,323,256,295,372,490,0,9,1,1,0,.0446381730855037,.0446381730855037,.0649052628602343,.0649052628602343,187,112,1
dept_subset,ab,2010,7,conflict_dept_subset_041,Conflict-belt departments: APURIMAC + HUANCAVELICA + JUNIN,3,1665,205,133,129,.1298674650966831,.193473892601341,.21344928790767,.3647156009924546,-.2248790242234129,.6118268094260948,.8215903290099031,bounded_department_subset,0,treat_10,drop_rounding_band,adjacent_categories,p1_mserd,761,342,419,364,397,144,220,198,199,284,352,0,9,1,1,0,.0440795115918865,.0440795115918865,.0641005518335037,.0641005518335037,136,69,1
dept_subset,ab,2010,8,conflict_dept_subset_097,Conflict-belt departments: APURIMAC + JUNIN + SAN MARTIN,3,1801,218,110,109,.126101134553102,.1720188376307552,.2137851657011726,.4210308494992034,-.2469923875724707,.5910300628339811,.6474360592225453,bounded_department_subset,0,treat_10,drop_rounding_band,adjacent_categories,p1_mserd,699,260,439,342,357,107,235,153,204,271,320,0,4,1,1,0,.0473288017397049,.0473288017397049,.0663853514885613,.0663853514885613,146,72,1
dept_subset,ab,2010,9,conflict_dept_subset_048,Conflict-belt departments: HUANUCO + JUNIN,2,1616,157,88,77,.1882590303089779,.1648644491987177,.2246993581280852,.4631247343604137,-.2755382000815966,.605267098479032,.5383322132164631,bounded_department_subset,0,treat_10,drop_rounding_band,adjacent_categories,p1_mserd,613,244,369,320,293,110,210,134,159,252,275,0,3,1,1,0,.0403565437663853,.0403565437663853,.0566780202510459,.0566780202510459,93,64,1
dept_subset,ab,2010,10,conflict_dept_subset_117,Conflict-belt departments: APURIMAC + CUSCO + HUANUCO + JUNIN + SAN MARTIN,5,2805,350,165,158,.093558624794051,.1084147498854821,.1483044416318622,.4647618423735206,-.1822566144602903,.3990861142312545,.5344024349154862,bounded_department_subset,0,treat_10,drop_rounding_band,adjacent_categories,p1_mserd,1083,378,705,532,551,162,370,216,335,382,494,0,5,1,1,0,.0493584777807464,.0493584777807464,.0715187172562215,.0715187172562215,220,130,1
dept_subset,ab,2011,1,conflict_dept_subset_049,Conflict-belt departments: APURIMAC + HUANUCO + JUNIN,3,2102,245,138,133,.1311680847028863,.1536439752825017,.193053873088446,.4261130520348949,-.2247346630468187,.5320226136118222,.6333941277276841,bounded_department_subset,0,treat_11,drop_rounding_band,adjacent_categories,p1_mserd,919,381,538,441,478,163,278,218,260,329,432,0,4,1,1,0,.0423296327030671,.0423296327030671,.059096898292793,.059096898292793,154,91,1
dept_subset,ab,2011,2,conflict_dept_subset_033,Conflict-belt departments: APURIMAC + JUNIN,2,1244,201,94,97,.0885067631055845,.1457823032070402,.2206117609340803,.5087346182369501,-.2866088027897175,.578173409203798,.43666893032203,bounded_department_subset,0,treat_11,drop_rounding_band,adjacent_categories,p1_mserd,613,264,349,289,324,108,181,156,168,233,292,0,4,1,1,0,.0513478909060328,.0513478909060328,.0701551556680994,.0701551556680994,133,68,1
dept_subset,ab,2011,3,conflict_dept_subset_032,Conflict-belt departments: JUNIN,1,758,100,44,41,.1523433071315184,.1783400657191191,.2866283793291025,.5338106227192987,-.3834412347130066,.7401213661512448,.3871323541875681,bounded_department_subset,0,treat_11,drop_rounding_band,adjacent_categories,p1_mserd,307,151,156,168,139,67,101,84,55,144,130,0,3,1,1,0,.0508731479327088,.0508731479327088,.0663856172778386,.0663856172778386,68,32,1
dept_subset,ab,2011,4,conflict_dept_subset_041,Conflict-belt departments: APURIMAC + HUANCAVELICA + JUNIN,3,1665,205,133,129,.0803477181288473,.1325892198943126,.2159042798381235,.5391418981163048,-.2905753926964667,.5557538324850919,.3771324722024899,bounded_department_subset,0,treat_11,drop_rounding_band,adjacent_categories,p1_mserd,761,368,393,364,397,158,206,210,187,284,352,0,9,1,1,0,.0441304721593806,.0441304721593806,.0621842861969955,.0621842861969955,136,69,1
dept_subset,ab,2011,5,conflict_dept_subset_113,Conflict-belt departments: APURIMAC + HUANUCO + JUNIN + SAN MARTIN,4,2659,315,154,145,.102031210934497,.1006483486733647,.1699614887502888,.5537278770955039,-.2324700480360108,.4337667453827402,.3506810147535646,bounded_department_subset,0,treat_11,drop_rounding_band,adjacent_categories,p1_mserd,1005,400,605,494,511,172,322,228,283,359,460,0,4,1,1,0,.0485480036494988,.0485480036494988,.0683258873467748,.0683258873467748,197,118,1
dept_subset,ab,2011,6,conflict_dept_subset_057,Conflict-belt departments: APURIMAC + HUANCAVELICA + HUANUCO + JUNIN,4,2523,338,177,165,.084003582303714,.0882555364855451,.1714343162337688,.6066880953327998,-.2477495490468919,.4242606220179821,.2650259496468227,bounded_department_subset,0,treat_11,drop_rounding_band,adjacent_categories,p1_mserd,1067,485,582,516,551,213,303,272,279,372,490,0,9,1,1,0,.0497753905741278,.0497753905741278,.0686300111542359,.0686300111542359,212,126,1
dept_subset,ab,2011,7,conflict_dept_subset_056,Conflict-belt departments: HUANCAVELICA + HUANUCO + JUNIN,3,2037,214,127,109,.1123673468595,.1073237406360326,.2086520875160899,.6069954523379026,-.301626836194603,.5162743174666682,.264573372905747,bounded_department_subset,0,treat_11,drop_rounding_band,adjacent_categories,p1_mserd,761,372,389,395,366,172,223,200,166,303,333,0,8,1,1,0,.0445654963687303,.0445654963687303,.06241426022373,.06241426022373,128,86,1
dept_subset,ab,2011,8,conflict_dept_subset_037,Conflict-belt departments: APURIMAC + CUSCO + JUNIN,3,1390,188,105,110,.0300716502874936,.1059666074300016,.2165073757457205,.6245327160346132,-.3183800514188914,.5303132662788946,.2395480659246761,bounded_department_subset,0,treat_11,drop_rounding_band,adjacent_categories,p1_mserd,691,276,415,327,364,115,212,161,203,260,328,0,5,1,1,0,.0426881134607695,.0426881134607695,.0615189734638709,.0615189734638709,125,63,1
dept_subset,ab,2011,9,conflict_dept_subset_048,Conflict-belt departments: HUANUCO + JUNIN,2,1616,152,88,77,.1506377222624252,.1125325177690424,.2314149029713328,.6267684161392619,-.3410323575406009,.5660973930786857,.2364685693692233,bounded_department_subset,0,treat_11,drop_rounding_band,adjacent_categories,p1_mserd,613,268,345,320,293,122,198,146,147,252,275,0,3,1,1,0,.0395340805394944,.0395340805394944,.0543723271949921,.0543723271949921,89,63,1
dept_subset,ab,2011,10,conflict_dept_subset_040,Conflict-belt departments: HUANCAVELICA + JUNIN,2,1179,136,83,73,.0852213166116706,.1106986053909309,.2479469201568958,.6552643495512247,-.3752684281942132,.5966656389760749,.1993273361847832,bounded_department_subset,0,treat_11,drop_rounding_band,adjacent_categories,p1_mserd,455,255,200,243,212,117,126,138,74,203,190,0,8,1,1,0,.0471111589035678,.0471111589035678,.0631057292567853,.0631057292567853,91,45,1
dept_subset,ab,2012,1,conflict_dept_subset_033,Conflict-belt departments: APURIMAC + JUNIN,2,1244,190,94,97,.1316997738812077,.1718239999414273,.2286417012420443,.4523524284212945,-.2763054998569465,.6199534997398011,.5647506819206488,bounded_department_subset,0,treat_12,drop_rounding_band,adjacent_categories,p1_mserd,613,296,317,289,324,123,166,173,151,233,292,0,4,1,1,0,.0473874450579293,.0473874450579293,.06237619318414,.06237619318414,127,63,1
dept_subset,ab,2012,2,conflict_dept_subset_049,Conflict-belt departments: APURIMAC + HUANUCO + JUNIN,3,2102,324,138,133,.1226356094726053,.1284971690173765,.1712822360009156,.4531299148809079,-.2072098447359079,.4642041827706609,.5628108634071348,bounded_department_subset,0,treat_12,drop_rounding_band,adjacent_categories,p1_mserd,919,431,488,441,478,187,254,244,234,329,432,0,4,1,1,0,.0540719977187912,.0540719977187912,.0716774330607561,.0716774330607561,209,115,1
dept_subset,ab,2012,3,conflict_dept_subset_041,Conflict-belt departments: APURIMAC + HUANCAVELICA + JUNIN,3,1665,200,133,129,.111026079280434,.1370059783116467,.2169871391145455,.527778116242283,-.2882809994612447,.5622929560845382,.3986676981991045,bounded_department_subset,0,treat_12,drop_rounding_band,adjacent_categories,p1_mserd,761,403,358,364,397,175,189,228,169,284,352,0,9,1,1,0,.0433604143318731,.0433604143318731,.0567397086694485,.0567397086694485,131,69,1
dept_subset,ab,2012,4,conflict_dept_subset_048,Conflict-belt departments: HUANUCO + JUNIN,2,1616,178,88,77,.1658103678545995,.1330942509814119,.2153557963777432,.5365619661601242,-.2889953537809062,.5551838557437301,.3819490745519633,bounded_department_subset,0,treat_12,drop_rounding_band,adjacent_categories,p1_mserd,613,296,317,320,293,138,182,158,135,252,275,0,3,1,1,0,.0450830351700998,.0450830351700998,.0600022509543238,.0600022509543238,108,70,1
dept_subset,ab,2012,5,conflict_dept_subset_057,Conflict-belt departments: APURIMAC + HUANCAVELICA + HUANUCO + JUNIN,4,2523,288,177,165,.102732674914227,.1016711068130489,.1807344761563162,.5737453901201819,-.2525619572180438,.4559041708441416,.3164558245091381,bounded_department_subset,0,treat_12,drop_rounding_band,adjacent_categories,p1_mserd,1067,538,529,516,551,239,277,299,252,372,490,0,9,1,1,0,.04355772509424,.04355772509424,.0596786617915925,.0596786617915925,177,111,1
dept_subset,ab,2012,6,conflict_dept_subset_056,Conflict-belt departments: HUANCAVELICA + HUANUCO + JUNIN,3,2037,230,127,109,.1159127026359235,.1028406942338542,.1997306190261063,.606625005451788,-.2886241256672046,.494305514134913,.2651189086945537,bounded_department_subset,0,treat_12,drop_rounding_band,adjacent_categories,p1_mserd,761,403,358,395,366,190,205,213,153,303,333,0,8,1,1,0,.0474070368896907,.0474070368896907,.0635846411109524,.0635846411109524,142,88,1
dept_subset,ab,2012,7,conflict_dept_subset_053,Conflict-belt departments: APURIMAC + CUSCO + HUANUCO + JUNIN,4,2248,276,149,146,.0660592585972204,.072841688033948,.1711727824118315,.6704395679363347,-.2626508006267529,.4083341766946489,.181088379676253,bounded_department_subset,0,treat_12,drop_rounding_band,adjacent_categories,p1_mserd,997,444,553,479,518,195,284,249,269,353,466,0,5,1,1,0,.0431056542927232,.0431056542927232,.0593677004309673,.0593677004309673,171,105,1
dept_subset,ab,2012,8,conflict_dept_subset_040,Conflict-belt departments: HUANCAVELICA + JUNIN,2,1179,136,83,73,.1043268962134476,.0963344279532489,.2451113046500776,.6943023503243809,-.3840749013645283,.576743757271026,.1544672313880876,bounded_department_subset,0,treat_12,drop_rounding_band,adjacent_categories,p1_mserd,455,268,187,243,212,126,117,142,70,203,190,0,8,1,1,0,.0470266553758258,.0470266553758258,.0601353262953009,.0601353262953009,91,45,1
dept_subset,ab,2012,9,conflict_dept_subset_032,Conflict-belt departments: JUNIN,1,758,93,44,41,.1611652543026284,.1161349735173097,.299124000895995,.6978308365361339,-.4701372951503672,.7024072421849866,.1507382706129939,bounded_department_subset,0,treat_12,drop_rounding_band,adjacent_categories,p1_mserd,307,161,146,168,139,74,94,87,52,144,130,0,3,1,1,0,.0471472563720557,.0471472563720557,.0605122283372405,.0605122283372405,64,29,1
dept_subset,ab,2012,10,conflict_dept_subset_016,Conflict-belt departments: HUANUCO,1,858,108,44,36,.1444169188062118,.0876281431369843,.2451965061762054,.7208079096255771,-.3929481781034311,.5682044643773998,.127719927331028,bounded_department_subset,0,treat_12,drop_rounding_band,adjacent_categories,p1_mserd,306,135,171,152,154,64,88,71,83,138,148,0,0,1,1,0,.0530457083653084,.0530457083653084,.067793859640657,.067793859640657,63,45,1
dept_subset,ab,2013,1,conflict_dept_subset_032,Conflict-belt departments: JUNIN,1,758,100,44,41,.1708829983916323,.1772561038129086,.2828866304730528,.5309229953700938,-.3771915036221657,.7317037112479828,.3926246413090748,bounded_department_subset,0,treat_13,drop_rounding_band,adjacent_categories,p1_mserd,307,181,126,168,139,83,85,98,41,144,130,0,3,1,1,0,.0507098913524358,.0507098913524358,.0638366667439699,.0638366667439699,68,32,1
dept_subset,ab,2013,2,conflict_dept_subset_040,Conflict-belt departments: HUANCAVELICA + JUNIN,2,1179,147,83,73,.0923704512033132,.1272074060920567,.2354657142784198,.5890332623660091,-.3342969134876448,.5887117256717582,.2918565439001398,bounded_department_subset,0,treat_13,drop_rounding_band,adjacent_categories,p1_mserd,455,294,161,243,212,141,102,153,59,203,190,0,8,1,1,0,.0507298130277994,.0507298130277994,.0650842694420305,.0650842694420305,98,49,1
dept_subset,ab,2013,3,conflict_dept_subset_048,Conflict-belt departments: HUANUCO + JUNIN,2,1616,197,88,77,.1329727470054599,.111810078490544,.2108437507492577,.5959051386503167,-.301436079343341,.5250562363244291,.2812162663718917,bounded_department_subset,0,treat_13,drop_rounding_band,adjacent_categories,p1_mserd,613,320,293,320,293,148,172,172,121,252,275,0,3,1,1,0,.0504076195011415,.0504076195011415,.0660812811894034,.0660812811894034,122,75,1
dept_subset,ab,2013,4,conflict_dept_subset_056,Conflict-belt departments: HUANCAVELICA + HUANUCO + JUNIN,3,2037,268,127,109,.0764944498317757,.0587138944155781,.1934677595956614,.7615229103605246,-.3204759465615716,.4379037353927278,.0921010476090667,bounded_department_subset,0,treat_13,drop_rounding_band,adjacent_categories,p1_mserd,761,433,328,395,366,206,189,227,139,303,333,0,8,1,1,0,.053867462233074,.053867462233074,.0711647719676976,.0711647719676976,172,96,1
dept_subset,ab,2013,5,conflict_dept_subset_016,Conflict-belt departments: HUANUCO,1,858,91,44,36,.0426586353549431,-.0759945770560322,.2647609536897537,.7740886540101078,-.5949165108004265,.4429273566883621,.0823867423977699,bounded_department_subset,0,treat_13,drop_rounding_band,adjacent_categories,p1_mserd,306,139,167,152,154,65,87,74,80,138,148,0,0,1,1,0,.0447237694171188,.0447237694171188,.0600684022233115,.0600684022233115,49,42,1
dept_subset,ab,2013,6,conflict_dept_subset_034,Conflict-belt departments: AYACUCHO + JUNIN,2,2146,223,122,118,.0030393578239343,-.0416969733240027,.1709669286609909,.8073166978400992,-.3767859960469735,.2933920493989682,.059481901552727,bounded_department_subset,0,treat_13,drop_rounding_band,adjacent_categories,p1_mserd,1262,732,530,628,634,277,351,455,179,430,549,0,3,1,1,0,.0262456116062587,.0262456116062587,.0408088334233317,.0408088334233317,140,83,1
dept_subset,ab,2013,7,conflict_dept_subset_042,Conflict-belt departments: AYACUCHO + HUANCAVELICA + JUNIN,3,2567,256,161,150,.0092295891420586,-.0270439912498648,.1610759232534717,.8666651554157823,-.3427469996032071,.2886590171034775,.0281890418817551,bounded_department_subset,0,treat_13,drop_rounding_band,adjacent_categories,p1_mserd,1410,845,565,703,707,335,368,510,197,466,603,0,8,1,1,0,.0275811033920191,.0275811033920191,.0418887731915208,.0418887731915208,162,94,1
dept_subset,ab,2013,8,conflict_dept_subset_052,Conflict-belt departments: CUSCO + HUANUCO + JUNIN,3,1762,192,99,90,.0266187515289795,-.0157176110697175,.1966333344245396,.9362900632724552,-.4011118647018351,.3696766425624001,.006389381034304,bounded_department_subset,0,treat_13,drop_rounding_band,adjacent_categories,p1_mserd,691,335,356,358,333,156,202,179,154,280,310,0,4,1,1,0,.0427076786487925,.0427076786487925,.058799700606952,.058799700606952,113,79,1
dept_subset,ab,2014,1,conflict_dept_subset_032,Conflict-belt departments: JUNIN,1,758,105,44,41,.1594181716475397,.1757082847882329,.2787084908106218,.5284083808914344,-.3705503193860984,.7219668889625641,.3974514441786043,bounded_department_subset,0,treat_14,drop_rounding_band,adjacent_categories,p1_mserd,307,188,119,168,139,85,83,103,36,144,130,0,3,1,1,0,.0535426386041681,.0535426386041681,.065490309947604,.065490309947604,72,33,1
dept_subset,ab,2014,2,conflict_dept_subset_040,Conflict-belt departments: HUANCAVELICA + JUNIN,2,1179,155,83,73,.0958027124517316,.130491056556348,.2315393974570874,.5730397573386072,-.3233178234616483,.5842999365743442,.3176228201491835,bounded_department_subset,0,treat_14,drop_rounding_band,adjacent_categories,p1_mserd,455,306,149,243,212,145,98,161,51,203,190,0,8,1,1,0,.0530196500622782,.0530196500622782,.0664284212782014,.0664284212782014,105,50,1
dept_subset,ab,2015,1,conflict_dept_subset_032,Conflict-belt departments: JUNIN,1,758,105,44,41,.1594181716475397,.1757082847882329,.2787084908106218,.5284083808914344,-.3705503193860984,.7219668889625641,.3974514441786043,bounded_department_subset,0,treat_15,drop_rounding_band,adjacent_categories,p1_mserd,307,188,119,168,139,85,83,103,36,144,130,0,3,1,1,0,.0535426386041681,.0535426386041681,.065490309947604,.065490309947604,72,33,1
dept_subset,ab,2015,2,conflict_dept_subset_040,Conflict-belt departments: HUANCAVELICA + JUNIN,2,1179,155,83,73,.0958027124517316,.130491056556348,.2315393974570874,.5730397573386072,-.3233178234616483,.5842999365743442,.3176228201491835,bounded_department_subset,0,treat_15,drop_rounding_band,adjacent_categories,p1_mserd,455,306,149,243,212,145,98,161,51,203,190,0,8,1,1,0,.0530196500622782,.0530196500622782,.0664284212782014,.0664284212782014,105,50,1
dept_subset,ab,2015,3,conflict_dept_subset_104,Conflict-belt departments: HUANCAVELICA + JUNIN + SAN MARTIN,3,1736,120,99,85,.0264071438436377,.0118505262178904,.2482172528409893,.9619214175720114,-.474646349691921,.4983474021277018,.0022793517010998,bounded_department_subset,0,treat_15,drop_rounding_band,adjacent_categories,p1_mserd,541,349,192,296,245,167,129,182,63,236,217,0,8,1,1,0,.0370682152661522,.0370682152661522,.0514775452294011,.0514775452294011,74,46,1
dept_subset,ab,2016,1,conflict_dept_subset_040,Conflict-belt departments: HUANCAVELICA + JUNIN,2,1179,154,83,73,.2369516112565706,.2603856542517409,.1745974419631695,.1358699899837517,-.0818190437888935,.6025903522923752,2.224120708501713,bounded_department_subset,0,treat_16,drop_rounding_band,adjacent_categories,p1_mserd,455,324,131,243,212,147,96,177,35,203,190,0,8,1,1,0,.0527124415162551,.0527124415162551,.0682653482521789,.0682653482521789,105,49,1
dept_subset,ab,2016,2,conflict_dept_subset_032,Conflict-belt departments: JUNIN,1,758,98,44,41,.2991552518878722,.321904320291902,.2242911570169694,.151228015711988,-.1176982695121761,.76150691009598,2.05982017846135,bounded_department_subset,0,treat_16,drop_rounding_band,adjacent_categories,p1_mserd,307,196,111,168,139,86,82,110,29,144,130,0,3,1,1,0,.0494116461395866,.0494116461395866,.0661061216710877,.0661061216710877,67,31,1
dept_subset,ab,2016,3,conflict_dept_subset_104,Conflict-belt departments: HUANCAVELICA + JUNIN + SAN MARTIN,3,1736,126,99,85,.2035450732728783,.1940016927544868,.1815217008302188,.2851814037313481,-.1617743032851964,.5497776887941699,1.142230978206652,bounded_department_subset,0,treat_16,drop_rounding_band,adjacent_categories,p1_mserd,541,373,168,296,245,170,126,203,42,236,217,0,8,1,1,0,.0379579018206836,.0379579018206836,.0551389949953973,.0551389949953973,78,48,1
dept_subset,ab,2016,4,conflict_dept_subset_100,Conflict-belt departments: CUSCO + JUNIN + SAN MARTIN,3,1461,134,71,66,.0989447107650739,.1210103637128017,.1988840049765938,.5428910889378172,-.2687951231424069,.5108158505680103,.3702076755515722,bounded_department_subset,0,treat_16,drop_rounding_band,adjacent_categories,p1_mserd,471,268,203,259,212,119,140,149,63,214,195,0,4,1,1,0,.043050020935809,.043050020935809,.0628852253501389,.0628852253501389,86,48,1
dept_subset,ab,2016,5,conflict_dept_subset_108,Conflict-belt departments: CUSCO + HUANCAVELICA + JUNIN + SAN MARTIN,4,1882,194,110,98,.0628112756780597,.0804114926261261,.1690448036474918,.634301273839161,-.2509102342966029,.4117332195488551,.2262729280488075,bounded_department_subset,0,treat_16,drop_rounding_band,adjacent_categories,p1_mserd,619,396,223,334,285,180,154,216,69,264,252,0,9,1,1,0,.0470455721844327,.0470455721844327,.0653468383756881,.0653468383756881,129,65,1
dept_subset,ab,2016,6,conflict_dept_subset_096,Conflict-belt departments: JUNIN + SAN MARTIN,2,1315,71,60,53,.1600115681868119,.1161691258398379,.244437305424037,.6346079283857335,-.3629191892692918,.5952574409489675,.2258637152037113,bounded_department_subset,0,treat_16,drop_rounding_band,adjacent_categories,p1_mserd,393,245,148,221,172,109,112,136,36,185,158,0,3,1,1,0,.0313071631225244,.0313071631225244,.0503492178717671,.0503492178717671,41,30,1
dept_subset,ab,2016,7,conflict_dept_subset_036,Conflict-belt departments: CUSCO + JUNIN,2,904,146,55,54,.0922097487216303,.0949753419759822,.2033304744228679,.640429469359995,-.3035450648522814,.4934957488042458,.2181809276960034,bounded_department_subset,0,treat_16,drop_rounding_band,adjacent_categories,p1_mserd,385,219,166,206,179,96,110,123,56,175,167,0,4,1,1,0,.0577885179417602,.0577885179417602,.074272379823357,.074272379823357,100,46,1
dept_subset,ab,2016,8,conflict_dept_subset_072,Conflict-belt departments: HUANCAVELICA + SAN MARTIN,2,978,82,55,44,.0420987291932113,.0550062689609316,.1961500619436627,.7791479867065724,-.3294407880139479,.4394533259358112,.0786407192390124,bounded_department_subset,0,treat_16,drop_rounding_band,adjacent_categories,p1_mserd,234,177,57,128,106,84,44,93,13,116,95,0,5,1,1,0,.0511783227820251,.0511783227820251,.0709247028870905,.0709247028870905,53,29,1
dept_subset,ab,2016,9,conflict_dept_subset_105,Conflict-belt departments: APURIMAC + HUANCAVELICA + JUNIN + SAN MARTIN,4,2222,220,149,141,.0456839640519948,.0418533183368104,.1586897981705785,.7919779838471893,-.2691729707914535,.3528796074650743,.0695603530896099,bounded_department_subset,0,treat_16,drop_rounding_band,adjacent_categories,p1_mserd,847,583,264,417,430,237,180,346,84,314,379,0,9,1,1,0,.0413212815916931,.0413212815916931,.0547709623625331,.0547709623625331,143,77,1
dept_subset,ab,2016,10,conflict_dept_subset_041,Conflict-belt departments: APURIMAC + HUANCAVELICA + JUNIN,3,1665,244,133,129,.0258509350479059,.0429532215899946,.1657294738165552,.7954988915654474,-.2818705782672274,.3677770214472166,.0671725726869323,bounded_department_subset,0,treat_16,drop_rounding_band,adjacent_categories,p1_mserd,761,534,227,364,397,214,150,320,77,284,352,0,9,1,1,0,.0498936951669702,.0498936951669702,.0639922739919107,.0639922739919107,161,83,1
dept_subset,ab,2017,1,conflict_dept_subset_032,Conflict-belt departments: JUNIN,1,758,73,44,41,.1855050032953489,.2676406338509536,.2056715399015862,.1931553564044548,-.1354681770010479,.6707494447029552,1.693384967137504,bounded_department_subset,0,treat_17,drop_rounding_band,adjacent_categories,p1_mserd,307,236,71,168,139,112,56,124,15,144,130,0,3,1,1,0,.0385413432834868,.0385413432834868,.0635009092225776,.0635009092225776,48,25,1
dept_subset,ab,2017,2,conflict_dept_subset_096,Conflict-belt departments: JUNIN + SAN MARTIN,2,1315,90,60,53,.1543280981879487,.2011640962728116,.1806436842835563,.2654525146350389,-.1528910189575828,.5552192115032061,1.240096199528634,bounded_department_subset,0,treat_17,drop_rounding_band,adjacent_categories,p1_mserd,393,298,95,221,172,142,79,156,16,185,158,0,3,1,1,0,.0358221502603339,.0358221502603339,.0646369409713867,.0646369409713867,57,33,1
dept_subset,ab,2017,3,conflict_dept_subset_104,Conflict-belt departments: HUANCAVELICA + JUNIN + SAN MARTIN,3,1736,142,99,85,.1043349599290155,.1385094966700777,.133722883313102,.3002977811183869,-.1235825385324543,.4006015318726098,1.072871324608227,bounded_department_subset,0,treat_17,drop_rounding_band,adjacent_categories,p1_mserd,541,433,108,296,245,210,86,223,22,236,217,0,8,1,1,0,.0413911456385104,.0413911456385104,.0703151734706294,.0703151734706294,89,53,1
dept_subset,ab,2017,4,conflict_dept_subset_040,Conflict-belt departments: HUANCAVELICA + JUNIN,2,1179,125,83,73,.1024758766662135,.1501068832671044,.1496551225091257,.3158518489663819,-.1432117669527114,.4434255334869203,1.006046470187228,bounded_department_subset,0,treat_17,drop_rounding_band,adjacent_categories,p1_mserd,455,371,84,243,212,180,63,191,21,203,190,0,8,1,1,0,.0449042529745787,.0449042529745787,.0704112396354275,.0704112396354275,81,44,1
dept_subset,ab,2017,5,conflict_dept_subset_097,Conflict-belt departments: APURIMAC + JUNIN + SAN MARTIN,3,1801,196,110,109,.0838275414257406,.1167016407022694,.1296880558231519,.3681925152477686,-.1374822779361283,.3708855593406671,.809755607575966,bounded_department_subset,0,treat_17,drop_rounding_band,adjacent_categories,p1_mserd,699,545,154,342,357,228,114,317,40,271,320,0,4,1,1,0,.0441411522875381,.0441411522875381,.067191295602531,.067191295602531,133,63,1
dept_subset,ab,2017,6,conflict_dept_subset_036,Conflict-belt departments: CUSCO + JUNIN,2,904,70,55,54,.1376991185927501,.2131322195123153,.246626951809885,.3874842506454391,-.2702477236519548,.6965121626765853,.746822071663868,bounded_department_subset,0,treat_17,drop_rounding_band,adjacent_categories,p1_mserd,385,264,121,206,179,126,80,138,41,175,167,0,4,1,1,0,.0315634219748015,.0315634219748015,.045498475836041,.045498475836041,41,29,1
dept_subset,ab,2017,7,conflict_dept_subset_105,Conflict-belt departments: APURIMAC + HUANCAVELICA + JUNIN + SAN MARTIN,4,2222,245,149,141,.059519815684197,.0809753607612138,.1140213372719716,.4775942212002281,-.142502353760945,.3044530752833726,.5043517390748196,bounded_department_subset,0,treat_17,drop_rounding_band,adjacent_categories,p1_mserd,847,680,167,417,430,296,121,384,46,314,379,0,9,1,1,0,.0455037876284813,.0455037876284813,.069330795514659,.069330795514659,164,81,1
dept_subset,ab,2017,8,conflict_dept_subset_100,Conflict-belt departments: CUSCO + JUNIN + SAN MARTIN,3,1461,89,71,66,.0915871573310134,.1362921057326425,.2167676121196312,.5295143406877132,-.2885646070365827,.5611488185018676,.3953234856516089,bounded_department_subset,0,treat_17,drop_rounding_band,adjacent_categories,p1_mserd,471,326,145,259,212,156,103,170,42,214,195,0,4,1,1,0,.0308731469830407,.0308731469830407,.046454720671074,.046454720671074,51,38,1
dept_subset,ab,2017,9,conflict_dept_subset_033,Conflict-belt departments: APURIMAC + JUNIN,2,1244,200,94,97,.053763465419397,.0709498365385612,.1398320932504877,.611879039866369,-.2031160301152409,.3450157031923634,.2574477380771071,bounded_department_subset,0,treat_17,drop_rounding_band,adjacent_categories,p1_mserd,613,483,130,289,324,198,91,285,39,233,292,0,4,1,1,0,.0512078398109323,.0512078398109323,.0738617172596917,.0738617172596917,132,68,1
dept_subset,ab,2017,10,conflict_dept_subset_044,Conflict-belt departments: CUSCO + HUANCAVELICA + JUNIN,3,1325,126,94,86,.0182855605800327,.0861068204121347,.1897524632335812,.6499835851395318,-.2858011735034452,.4580148143277146,.2059208208857552,bounded_department_subset,0,treat_17,drop_rounding_band,adjacent_categories,p1_mserd,533,399,134,281,252,194,87,205,47,233,225,0,9,1,1,0,.0385803802819059,.0385803802819059,.0551410145881089,.0551410145881089,78,48,1
dept_subset,ab,2018,1,conflict_dept_subset_032,Conflict-belt departments: JUNIN,1,758,79,44,41,.1814794246387654,.2576040568905713,.2005110127194883,.1988839601064437,-.1353903065432784,.6505984203244211,1.650550952478926,bounded_department_subset,0,treat_18,drop_rounding_band,adjacent_categories,p1_mserd,307,240,67,168,139,116,52,124,15,144,130,0,3,1,1,0,.0401374276946639,.0401374276946639,.0655203628037749,.0655203628037749,52,27,1
dept_subset,ab,2018,2,conflict_dept_subset_104,Conflict-belt departments: HUANCAVELICA + JUNIN + SAN MARTIN,3,1736,126,99,85,.1259630515123409,.1579069101890753,.1461154980636476,.2798309137300697,-.128474203598806,.4442880239769566,1.167910884013881,bounded_department_subset,0,treat_18,drop_rounding_band,adjacent_categories,p1_mserd,541,444,97,296,245,221,75,223,22,236,217,0,8,1,1,0,.0379761991287336,.0379761991287336,.0616282529648572,.0616282529648572,78,48,1
dept_subset,ab,2018,3,conflict_dept_subset_096,Conflict-belt departments: JUNIN + SAN MARTIN,2,1315,81,60,53,.1721063332010206,.1838571715607069,.1925707655890442,.3397035257205046,-.1935745934691249,.5612889365905387,.9115498740271233,bounded_department_subset,0,treat_18,drop_rounding_band,adjacent_categories,p1_mserd,393,309,84,221,172,153,68,156,16,185,158,0,3,1,1,0,.0341658258194591,.0341658258194591,.0537618185838499,.0537618185838499,49,32,1
dept_subset,ab,2018,4,conflict_dept_subset_040,Conflict-belt departments: HUANCAVELICA + JUNIN,2,1179,141,83,73,.0925890832007239,.1311429733099791,.1459443799205523,.3688754210864166,-.154902755080334,.4171887017002923,.807449370750709,bounded_department_subset,0,treat_18,drop_rounding_band,adjacent_categories,p1_mserd,455,375,80,243,212,184,59,191,21,203,190,0,8,1,1,0,.0477608400061575,.0477608400061575,.0723285903836581,.0723285903836581,93,48,1
dept_subset,ab,2018,5,conflict_dept_subset_033,Conflict-belt departments: APURIMAC + JUNIN,2,1244,186,94,97,.0769399904416781,.1116750699093534,.1442208550325632,.4387334731022111,-.1709926117740426,.3943427515927494,.5995926962959494,bounded_department_subset,0,treat_18,drop_rounding_band,adjacent_categories,p1_mserd,613,490,123,289,324,203,86,287,37,233,292,0,4,1,1,0,.0471185133011924,.0471185133011924,.0691870240988236,.0691870240988236,126,60,1
dept_subset,ab,2018,6,conflict_dept_subset_100,Conflict-belt departments: CUSCO + JUNIN + SAN MARTIN,3,1461,90,71,66,.112961855624149,.1612046686484929,.213288613985538,.4497659280179792,-.2568333330756275,.5792426703726133,.571241678216544,bounded_department_subset,0,treat_18,drop_rounding_band,adjacent_categories,p1_mserd,471,343,128,259,212,171,88,172,40,214,195,0,4,1,1,0,.0315165216843517,.0315165216843517,.0477377440710611,.0477377440710611,52,38,1
dept_subset,ab,2018,7,conflict_dept_subset_036,Conflict-belt departments: CUSCO + JUNIN,2,904,96,55,54,.0789480060304797,.1572233489080197,.2192274175078175,.473269146151144,-.2724544938310282,.5869011916470676,.514332952145557,bounded_department_subset,0,treat_18,drop_rounding_band,adjacent_categories,p1_mserd,385,274,111,206,179,134,72,140,39,175,167,0,4,1,1,0,.0384535752612281,.0384535752612281,.0555501657505987,.0555501657505987,62,34,1
dept_subset,ab,2018,8,conflict_dept_subset_097,Conflict-belt departments: APURIMAC + JUNIN + SAN MARTIN,3,1801,238,110,109,.068098725287097,.062493807138513,.1214880477035949,.6069703143846725,-.175618390912617,.3006060051896431,.2646103696486374,bounded_department_subset,0,treat_18,drop_rounding_band,adjacent_categories,p1_mserd,699,559,140,342,357,240,102,319,38,271,320,0,4,1,1,0,.0522458564330655,.0522458564330655,.0762896325621581,.0762896325621581,158,80,1
dept_subset,ab,2018,9,conflict_dept_subset_041,Conflict-belt departments: APURIMAC + HUANCAVELICA + JUNIN,3,1665,242,133,129,.0438051517004825,.0595048496698496,.1256256622084706,.6357367129456637,-.1867169237927473,.3057266231324465,.2243613252296473,bounded_department_subset,0,treat_18,drop_rounding_band,adjacent_categories,p1_mserd,761,625,136,364,397,271,93,354,43,284,352,0,9,1,1,0,.0493791164195425,.0493791164195425,.0719176550456859,.0719176550456859,159,83,1
dept_subset,ab,2018,10,conflict_dept_subset_105,Conflict-belt departments: APURIMAC + HUANCAVELICA + JUNIN + SAN MARTIN,4,2222,278,149,141,.0511043478353961,.0435955476332928,.1096943594726443,.6910522895888461,-.1714014462402802,.2585925415068657,.1579485640191086,bounded_department_subset,0,treat_18,drop_rounding_band,adjacent_categories,p1_mserd,847,694,153,417,430,308,109,386,44,314,379,0,9,1,1,0,.0505215711477569,.0505215711477569,.0754629280479553,.0754629280479553,184,94,1
dept_subset,ab,2019,1,conflict_dept_subset_040,Conflict-belt departments: HUANCAVELICA + JUNIN,2,1179,77,83,73,.2676583783478714,.3235480798281287,.126357745243252,.0104500065957306,.0758914499836675,.57120470967259,6.556527969164224,bounded_department_subset,0,treat_19,drop_rounding_band,adjacent_categories,p1_mserd,455,391,64,243,212,198,45,193,19,203,190,0,8,1,1,0,.0328484763309624,.0328484763309624,.055068782981986,.055068782981986,46,31,1
dept_subset,ab,2019,2,conflict_dept_subset_104,Conflict-belt departments: HUANCAVELICA + JUNIN + SAN MARTIN,3,1736,90,99,85,.1966797771243702,.2236348382953703,.121552800107104,.0657951929961507,-.0146042721345499,.4618739487252906,3.384924482348895,bounded_department_subset,0,treat_19,drop_rounding_band,adjacent_categories,p1_mserd,541,466,75,296,245,241,55,225,20,236,217,0,8,1,1,0,.0290213171746456,.0290213171746456,.0491783116443745,.0491783116443745,53,37,1
dept_subset,ab,2019,3,conflict_dept_subset_096,Conflict-belt departments: JUNIN + SAN MARTIN,2,1315,57,60,53,.2835475729194976,.3106118640620632,.1840009186150616,.0913921248524122,-.050023309545743,.6712470376698694,2.849680020037738,bounded_department_subset,0,treat_19,drop_rounding_band,adjacent_categories,p1_mserd,393,329,64,221,172,172,49,157,15,185,158,0,3,1,1,0,.023322557576474,.023322557576474,.0440849493833947,.0440849493833947,33,24,1
dept_subset,ab,2019,4,conflict_dept_subset_033,Conflict-belt departments: APURIMAC + JUNIN,2,1244,186,94,97,.1321900746129068,.1787021069934305,.1122600769722523,.1114166036859494,-.0413236007738782,.3987278147607392,2.534012044870382,bounded_department_subset,0,treat_19,drop_rounding_band,adjacent_categories,p1_mserd,613,522,91,289,324,231,58,291,33,233,292,0,4,1,1,0,.0470896169101873,.0470896169101873,.0743899728485168,.0743899728485168,126,60,1
dept_subset,ab,2019,5,conflict_dept_subset_097,Conflict-belt departments: APURIMAC + JUNIN + SAN MARTIN,3,1801,186,110,109,.1318515086553993,.1710689830017709,.108956522648376,.1163996479455957,-.0424818772697688,.3846198432733105,2.465108723208633,bounded_department_subset,0,treat_19,drop_rounding_band,adjacent_categories,p1_mserd,699,597,102,342,357,274,68,323,34,271,320,0,4,1,1,0,.0411490590581552,.0411490590581552,.0676174255319872,.0676174255319872,124,62,1
dept_subset,ab,2019,6,conflict_dept_subset_105,Conflict-belt departments: APURIMAC + HUANCAVELICA + JUNIN + SAN MARTIN,4,2222,218,149,141,.1131620967745632,.1498150681738699,.0971672534648789,.1231157059410265,-.0406292490939676,.3402593854417074,2.377229649507563,bounded_department_subset,0,treat_19,drop_rounding_band,adjacent_categories,p1_mserd,847,734,113,417,430,343,74,391,39,314,379,0,9,1,1,0,.0406172564953082,.0406172564953082,.0682310666584611,.0682310666584611,142,76,1
dept_subset,ab,2019,7,conflict_dept_subset_036,Conflict-belt departments: CUSCO + JUNIN,2,904,66,55,54,.2588203267908047,.3342168798391303,.226360046471084,.1398141341983236,-.1094406587830072,.7778744184612678,2.18000360620186,bounded_department_subset,0,treat_19,drop_rounding_band,adjacent_categories,p1_mserd,385,293,92,206,179,148,58,145,34,175,167,0,4,1,1,0,.0297723371857885,.0297723371857885,.0464659071277783,.0464659071277783,39,27,1
dept_subset,ab,2019,8,conflict_dept_subset_041,Conflict-belt departments: APURIMAC + HUANCAVELICA + JUNIN,3,1665,228,133,129,.1012810103567379,.1409115480839551,.0989998555518278,.1546344157735653,-.0531246032722951,.3349476994402053,2.025928203899242,bounded_department_subset,0,treat_19,drop_rounding_band,adjacent_categories,p1_mserd,761,659,102,364,397,300,64,359,38,284,352,0,9,1,1,0,.0469489175937518,.0469489175937518,.0744685510073163,.0744685510073163,153,75,1
dept_subset,ab,2019,9,conflict_dept_subset_100,Conflict-belt departments: CUSCO + JUNIN + SAN MARTIN,3,1461,82,71,66,.2395336152856717,.2948310688766147,.2135985399786555,.1674928481341859,-.1238143766318889,.7134765143851183,1.905241067826807,bounded_department_subset,0,treat_19,drop_rounding_band,adjacent_categories,p1_mserd,471,368,103,259,212,191,68,177,35,214,195,0,4,1,1,0,.0265200717374993,.0265200717374993,.043896998682304,.043896998682304,47,35,1
dept_subset,ab,2019,10,conflict_dept_subset_042,Conflict-belt departments: AYACUCHO + HUANCAVELICA + JUNIN,3,2567,335,161,150,.0928952873707718,.1257240180472872,.0932033074901255,.1773619310353673,-.056951107873371,.3083991439679454,1.819591317600987,bounded_department_subset,0,treat_19,drop_rounding_band,adjacent_categories,p1_mserd,1410,1227,183,703,707,578,125,649,58,466,603,0,8,1,1,0,.0357217030040807,.0357217030040807,.0635428940567421,.0635428940567421,216,119,1
dept_subset,ab,2020,1,conflict_dept_subset_036,Conflict-belt departments: CUSCO + JUNIN,2,904,71,55,54,.3811796610884923,.4505253791691646,.1712465522531506,.0085169588808796,.1148883042763331,.786162454061996,6.921414344698131,bounded_department_subset,0,treat_20,drop_rounding_band,adjacent_categories,p1_mserd,385,307,78,206,179,158,48,149,30,175,167,0,4,1,1,0,.0319861552483584,.0319861552483584,.0517156526366258,.0517156526366258,42,29,1
dept_subset,ab,2020,2,conflict_dept_subset_040,Conflict-belt departments: HUANCAVELICA + JUNIN,2,1179,82,83,73,.2673367178074129,.3227777324527763,.1249897178874001,.0098106044713095,.0778023869556504,.5677530779499022,6.668966824272234,bounded_department_subset,0,treat_20,drop_rounding_band,adjacent_categories,p1_mserd,455,397,58,243,212,203,40,194,18,203,190,0,8,1,1,0,.0338043938356829,.0338043938356829,.0571522840398075,.0571522840398075,50,32,1
dept_subset,ab,2020,3,conflict_dept_subset_032,Conflict-belt departments: JUNIN,1,758,57,44,41,.3469594914707141,.3992506054642275,.1673448304061278,.0170422075856973,.0712607648692538,.7272404460592012,5.692021939451938,bounded_department_subset,0,treat_20,drop_rounding_band,adjacent_categories,p1_mserd,307,259,48,168,139,134,34,125,14,144,130,0,3,1,1,0,.0329711975076534,.0329711975076534,.0550954304675124,.0550954304675124,35,22,1
dept_subset,ab,2020,4,conflict_dept_subset_044,Conflict-belt departments: CUSCO + HUANCAVELICA + JUNIN,3,1325,110,94,86,.2711458088889485,.3365055347273007,.1425128296087497,.0182144417079627,.0571855213592579,.6158255480953435,5.575405988566413,bounded_department_subset,0,treat_20,drop_rounding_band,adjacent_categories,p1_mserd,533,445,88,281,252,227,54,218,34,233,225,0,9,1,1,0,.0354151676937788,.0354151676937788,.0586997816759232,.0586997816759232,68,42,1
dept_subset,ab,2020,5,conflict_dept_subset_104,Conflict-belt departments: HUANCAVELICA + JUNIN + SAN MARTIN,3,1736,97,99,85,.2195060286648522,.2494841774801893,.1167424310461461,.0325940886356875,.0206732171620923,.4782951377982861,4.566974106631831,bounded_department_subset,0,treat_20,drop_rounding_band,adjacent_categories,p1_mserd,541,477,64,296,245,250,46,227,18,236,217,0,8,1,1,0,.0328240881128477,.0328240881128477,.0581574830765845,.0581574830765845,57,40,1
dept_subset,ab,2020,6,conflict_dept_subset_100,Conflict-belt departments: CUSCO + JUNIN + SAN MARTIN,3,1461,89,71,66,.3172462986186895,.3549765414723667,.1674578162333019,.0340231860553405,.0267652527253681,.6831878302193652,4.493538434960363,bounded_department_subset,0,treat_20,drop_rounding_band,adjacent_categories,p1_mserd,471,387,84,259,212,205,54,182,30,214,195,0,4,1,1,0,.0306600989263288,.0306600989263288,.0508046095265529,.0508046095265529,51,38,1
dept_subset,ab,2020,7,conflict_dept_subset_108,Conflict-belt departments: CUSCO + HUANCAVELICA + JUNIN + SAN MARTIN,4,1882,123,110,98,.2434314740743591,.2816115835306894,.1339601361143299,.0355353771880386,.0190545413825194,.5441686256788594,4.419263212787308,bounded_department_subset,0,treat_20,drop_rounding_band,adjacent_categories,p1_mserd,619,525,94,334,285,274,60,251,34,264,252,0,9,1,1,0,.034080627424178,.034080627424178,.0577221188369234,.0577221188369234,73,50,1
dept_subset,ab,2020,8,conflict_dept_subset_037,Conflict-belt departments: APURIMAC + CUSCO + JUNIN,3,1390,164,105,110,.1645973675174572,.2311846732725067,.1316903428054396,.0791708664381991,-.0269236557378884,.4892930022829017,3.081840943532165,bounded_department_subset,0,treat_20,drop_rounding_band,adjacent_categories,p1_mserd,691,576,115,327,364,260,67,316,48,260,328,0,5,1,1,0,.0379897514366792,.0379897514366792,.0629012969699892,.0629012969699892,109,55,1
dept_subset,ab,2020,9,conflict_dept_subset_096,Conflict-belt departments: JUNIN + SAN MARTIN,2,1315,64,60,53,.270982118479101,.2904959465197166,.1678301764913629,.0834709897714551,-.0384451549223555,.6194370479617886,2.995987872091387,bounded_department_subset,0,treat_20,drop_rounding_band,adjacent_categories,p1_mserd,393,339,54,221,172,181,40,158,14,185,158,0,3,1,1,0,.0282264282575965,.0282264282575965,.0512694023717091,.0512694023717091,37,27,1
dept_subset,ab,2020,10,conflict_dept_subset_045,Conflict-belt departments: APURIMAC + CUSCO + HUANCAVELICA + JUNIN,4,1811,189,144,142,.1433358192104266,.1980882917274249,.1229802033331001,.1072378945748243,-.042948477616864,.4391250610717139,2.59446131783837,bounded_department_subset,0,treat_20,drop_rounding_band,adjacent_categories,p1_mserd,839,714,125,402,437,329,73,385,52,310,386,0,10,1,1,0,.0372846195320096,.0372846195320096,.0610373537097834,.0610373537097834,123,66,1
dept_subset,ab,2021,1,conflict_dept_subset_040,Conflict-belt departments: HUANCAVELICA + JUNIN,2,1179,98,83,73,.1226494323661536,.1794770366365332,.0818929238923051,.0284079566182002,.0189698552189356,.3399842180541309,4.803137569849483,bounded_department_subset,0,treat_21,drop_rounding_band,adjacent_categories,p1_mserd,455,401,54,243,212,207,36,194,18,203,190,0,8,1,1,0,.0372735003271454,.0372735003271454,.0652353067196427,.0652353067196427,62,36,1
dept_subset,ab,2021,2,conflict_dept_subset_036,Conflict-belt departments: CUSCO + JUNIN,2,904,102,55,54,.1812989701173338,.270476929959043,.1550129278258021,.0810080367215741,-.0333428257176358,.5742966856357219,3.044560569038282,bounded_department_subset,0,treat_21,drop_rounding_band,adjacent_categories,p1_mserd,385,311,74,206,179,162,44,149,30,175,167,0,4,1,1,0,.0401316153532621,.0401316153532621,.0653913155555858,.0653913155555858,66,36,1
dept_subset,ab,2021,3,conflict_dept_subset_032,Conflict-belt departments: JUNIN,1,758,80,44,41,.1251303113529565,.1850375807026736,.1139487453330895,.104404246579352,-.0382978562337083,.4083730176390556,2.636943277392369,bounded_department_subset,0,treat_21,drop_rounding_band,adjacent_categories,p1_mserd,307,263,44,168,139,138,30,125,14,144,130,0,3,1,1,0,.040710925968084,.040710925968084,.0673085886196608,.0673085886196608,53,27,1
dept_subset,ab,2021,4,conflict_dept_subset_100,Conflict-belt departments: CUSCO + JUNIN + SAN MARTIN,3,1461,131,71,66,.1665170677111547,.2172740079088245,.1405336997717411,.1220892599632373,-.0581669822579529,.4927149980756018,2.390311997767932,bounded_department_subset,0,treat_21,drop_rounding_band,adjacent_categories,p1_mserd,471,391,80,259,212,209,50,182,30,214,195,0,4,1,1,0,.0409498458116561,.0409498458116561,.0686953703046655,.0686953703046655,84,47,1
dept_subset,ab,2021,5,conflict_dept_subset_108,Conflict-belt departments: CUSCO + HUANCAVELICA + JUNIN + SAN MARTIN,4,1882,162,110,98,.1299033187513001,.1741392528813195,.1156709592041069,.1322030755001085,-.0525716612159318,.4008501669785708,2.266442365874884,bounded_department_subset,0,treat_21,drop_rounding_band,adjacent_categories,p1_mserd,619,529,90,334,285,278,56,251,34,264,252,0,9,1,1,0,.0402973211396269,.0402973211396269,.0681482930118517,.0681482930118517,101,61,1
dept_subset,ab,2021,6,conflict_dept_subset_104,Conflict-belt departments: HUANCAVELICA + JUNIN + SAN MARTIN,3,1736,159,99,85,.0847866086958171,.1036406150449101,.0705633704863545,.1418980545747038,-.0346610497361013,.2419422798259214,2.157254231179732,bounded_department_subset,0,treat_21,drop_rounding_band,adjacent_categories,p1_mserd,541,481,60,296,245,254,42,227,18,236,217,0,8,1,1,0,.0457179564284206,.0457179564284206,.0756509172684855,.0756509172684855,104,55,1
dept_subset,ab,2021,7,conflict_dept_subset_044,Conflict-belt departments: CUSCO + HUANCAVELICA + JUNIN,3,1325,150,94,86,.1219125128207628,.1813095935247586,.12713449075091,.1538324499890824,-.0678694295398655,.4304886165893827,2.033830673778574,bounded_department_subset,0,treat_21,drop_rounding_band,adjacent_categories,p1_mserd,533,449,84,281,252,231,50,218,34,233,225,0,9,1,1,0,.0448060629998066,.0448060629998066,.0715325998822574,.0715325998822574,96,54,1
dept_subset,ab,2021,8,conflict_dept_subset_096,Conflict-belt departments: JUNIN + SAN MARTIN,2,1315,97,60,53,.1023696572499273,.1287016240837902,.1007263469355977,.2013427217228821,-.0687183882042677,.326121636371848,1.63260787651251,bounded_department_subset,0,treat_21,drop_rounding_band,adjacent_categories,p1_mserd,393,343,50,221,172,185,36,158,14,185,158,0,3,1,1,0,.038531828871464,.038531828871464,.0673352397733264,.0673352397733264,62,35,1
dept_subset,ab,2021,9,conflict_dept_subset_046,Conflict-belt departments: AYACUCHO + CUSCO + HUANCAVELICA + JUNIN,4,2713,347,172,163,.0800101605144961,.1024601412337178,.0887351876509152,.2482242867799754,-.0714576307234793,.276377913190915,1.333270150813985,bounded_department_subset,0,treat_21,drop_rounding_band,adjacent_categories,p1_mserd,1488,1300,188,741,747,621,120,679,68,483,632,0,9,1,1,0,.0350203176291278,.0350203176291278,.0503838451724812,.0503838451724812,220,127,1
dept_subset,ab,2021,10,conflict_dept_subset_110,Conflict-belt departments: AYACUCHO + CUSCO + HUANCAVELICA + JUNIN + SAN MARTIN,5,3270,379,188,175,.0781710470718264,.0915174775335421,.0842510220085307,.2773694259295451,-.0736114912638695,.2566464463309537,1.179934031050613,bounded_department_subset,0,treat_21,drop_rounding_band,adjacent_categories,p1_mserd,1574,1380,194,794,780,668,126,712,68,504,659,0,9,1,1,0,.0358504236793187,.0358504236793187,.0501003394592173,.0501003394592173,242,137,1
dept_subset,ab,2022,1,conflict_dept_subset_041,Conflict-belt departments: APURIMAC + HUANCAVELICA + JUNIN,3,1665,143,133,129,.1360978747864674,.1836713977047904,.0624012155768858,.0032463439834899,.0613672625825744,.3059755328270063,8.66357146398974,bounded_department_subset,0,treat_22,drop_rounding_band,adjacent_categories,p1_mserd,761,693,68,364,397,320,44,373,24,284,352,0,9,1,1,0,.0329876096185512,.0329876096185512,.0592662413758561,.0592662413758561,93,50,1
dept_subset,ab,2022,2,conflict_dept_subset_033,Conflict-belt departments: APURIMAC + JUNIN,2,1244,136,94,97,.1403777105821131,.1869614670368684,.070622160354159,.0081125711949954,.0485445762323043,.3253783578414325,7.008453837281959,bounded_department_subset,0,treat_22,drop_rounding_band,adjacent_categories,p1_mserd,613,553,60,289,324,249,40,304,20,233,292,0,4,1,1,0,.035927867152151,.035927867152151,.0582528621232986,.0582528621232986,92,44,1
dept_subset,ab,2022,3,conflict_dept_subset_105,Conflict-belt departments: APURIMAC + HUANCAVELICA + JUNIN + SAN MARTIN,4,2222,181,149,141,.1182339028159636,.1475675454165786,.058889552283414,.0122162353663788,.0321461438753986,.2629889469577585,6.279212806259385,bounded_department_subset,0,treat_22,drop_rounding_band,adjacent_categories,p1_mserd,847,773,74,417,430,367,50,406,24,314,379,0,9,1,1,0,.0358709786292108,.0358709786292108,.0570323798343382,.0570323798343382,118,63,1
dept_subset,ab,2022,4,conflict_dept_subset_009,Conflict-belt departments: APURIMAC + HUANCAVELICA,2,907,111,89,88,.1202104355920115,.1787279087194769,.071489134381285,.0124168433061451,.0386117800462142,.3188440373927395,6.250354797851419,bounded_department_subset,0,treat_22,drop_rounding_band,adjacent_categories,p1_mserd,454,424,30,196,258,180,16,244,14,174,233,0,6,1,1,0,.0408144742604412,.0408144742604412,.0729278099526339,.0729278099526339,72,39,1
dept_subset,ab,2022,5,conflict_dept_subset_097,Conflict-belt departments: APURIMAC + JUNIN + SAN MARTIN,3,1801,166,110,109,.1193834751077587,.147151446545899,.0650012645509336,.0235849192346683,.019751309076509,.2745515840152889,5.124900762511173,bounded_department_subset,0,treat_22,drop_rounding_band,adjacent_categories,p1_mserd,699,633,66,342,357,296,46,337,20,271,320,0,4,1,1,0,.0385034099071684,.0385034099071684,.058929502790223,.058929502790223,110,56,1
dept_subset,ab,2022,6,conflict_dept_subset_045,Conflict-belt departments: APURIMAC + CUSCO + HUANCAVELICA + JUNIN,4,1811,187,144,142,.1448775312812141,.2018499902069977,.0931032136698209,.0301568699467044,.0193710445692115,.3843289358447839,4.700327528698938,bounded_department_subset,0,treat_22,drop_rounding_band,adjacent_categories,p1_mserd,839,745,94,402,437,347,55,398,39,310,386,0,10,1,1,0,.036895315677997,.036895315677997,.060876420098258,.060876420098258,122,65,1
dept_subset,ab,2022,7,conflict_dept_subset_073,Conflict-belt departments: APURIMAC + HUANCAVELICA + SAN MARTIN,3,1464,114,105,100,.1154530061385253,.1528739028449917,.071440428000883,.0323645113183535,.0128532369231341,.2928945687668493,4.579084004621253,bounded_department_subset,0,treat_22,drop_rounding_band,adjacent_categories,p1_mserd,540,504,36,249,291,227,22,277,14,210,264,0,6,1,1,0,.0368477480920786,.0368477480920786,.0631475572434312,.0631475572434312,73,41,1
dept_subset,ab,2022,8,conflict_dept_subset_037,Conflict-belt departments: APURIMAC + CUSCO + JUNIN,3,1390,166,105,110,.1501578386742388,.2114156182420581,.1021381548231479,.0384618460643285,.0112285133413123,.411602723142804,4.284479994076806,bounded_department_subset,0,treat_22,drop_rounding_band,adjacent_categories,p1_mserd,691,605,86,327,364,276,51,329,35,260,328,0,5,1,1,0,.0389700396272862,.0389700396272862,.0598958533384551,.0598958533384551,110,56,1
dept_subset,ab,2022,9,conflict_dept_subset_109,Conflict-belt departments: APURIMAC + CUSCO + HUANCAVELICA + JUNIN + SAN MARTIN,5,2368,217,160,154,.1300576523087038,.1679978926494794,.087150775529016,.053896247033487,-.0028144886121267,.3388102739110854,3.71590973488836,bounded_department_subset,0,treat_22,drop_rounding_band,adjacent_categories,p1_mserd,925,825,100,455,470,394,61,431,39,338,413,0,10,1,1,0,.0379932240073318,.0379932240073318,.0574433419729264,.0574433419729264,139,78,1
dept_subset,ab,2022,10,conflict_dept_subset_065,Conflict-belt departments: APURIMAC + SAN MARTIN,2,1043,106,66,68,.1181850428016262,.1493565431537689,.0795318478835162,.0603885052860453,-.0065230143218409,.3052361006293787,3.526682479885284,bounded_department_subset,0,treat_22,drop_rounding_band,adjacent_categories,p1_mserd,392,364,28,174,218,156,18,208,10,159,203,0,1,1,1,0,.0413312848748998,.0413312848748998,.0639651019547838,.0639651019547838,71,35,1
dept_subset,ab,2023,1,conflict_dept_subset_041,Conflict-belt departments: APURIMAC + HUANCAVELICA + JUNIN,3,1665,139,133,129,.1078206904895762,.1493145756434371,.0558918482171824,.0075515072711449,.0397685661083804,.2588605851784938,7.136864751742514,bounded_department_subset,0,treat_23,drop_rounding_band,adjacent_categories,p1_mserd,761,702,59,364,397,326,38,376,21,284,352,0,9,1,1,0,.0327997209160932,.0327997209160932,.0603845992440731,.0603845992440731,90,49,1
dept_subset,ab,2023,2,conflict_dept_subset_009,Conflict-belt departments: APURIMAC + HUANCAVELICA,2,907,88,89,88,.1567694563828077,.2167259687021548,.0858559598458219,.0115929835788115,.0484513795462267,.3850005578580828,6.372076921967561,bounded_department_subset,0,treat_23,drop_rounding_band,adjacent_categories,p1_mserd,454,428,26,196,258,182,14,246,12,174,233,0,6,1,1,0,.0338357430584429,.0338357430584429,.0629866108597512,.0629866108597512,59,29,1
dept_subset,ab,2023,3,conflict_dept_subset_033,Conflict-belt departments: APURIMAC + JUNIN,2,1244,136,94,97,.0981772843769768,.1407453638744105,.0579166582198164,.0150931526028989,.0272307996586546,.2542599280901664,5.905561627582747,bounded_department_subset,0,treat_23,drop_rounding_band,adjacent_categories,p1_mserd,613,560,53,289,324,253,36,307,17,233,292,0,4,1,1,0,.0360928703294625,.0360928703294625,.0629442469376613,.0629442469376613,92,44,1
dept_subset,ab,2023,4,conflict_dept_subset_105,Conflict-belt departments: APURIMAC + HUANCAVELICA + JUNIN + SAN MARTIN,4,2222,175,149,141,.087129152386626,.110373730577412,.0534619628682485,.0389676619050062,.0055902088128272,.2151572523419967,4.262276735596486,bounded_department_subset,0,treat_23,drop_rounding_band,adjacent_categories,p1_mserd,847,782,65,417,430,373,44,409,21,314,379,0,9,1,1,0,.0352839646088576,.0352839646088576,.055506505589615,.055506505589615,113,62,1
dept_subset,ab,2023,5,conflict_dept_subset_073,Conflict-belt departments: APURIMAC + HUANCAVELICA + SAN MARTIN,3,1464,109,105,100,.1092367467491782,.1434465064252264,.0738143750857005,.0519749627270627,-.0012270102840772,.28812002313453,3.776574501964325,bounded_department_subset,0,treat_23,drop_rounding_band,adjacent_categories,p1_mserd,540,508,32,249,291,229,20,279,12,210,264,0,6,1,1,0,.0343634294226414,.0343634294226414,.0575038655463306,.0575038655463306,71,38,1
dept_subset,ab,2023,6,conflict_dept_subset_097,Conflict-belt departments: APURIMAC + JUNIN + SAN MARTIN,3,1801,165,110,109,.0801325694257418,.1004069271424319,.0552814511419843,.0693265078814894,-.007942726108968,.2087565803938318,3.298894924053439,bounded_department_subset,0,treat_23,drop_rounding_band,adjacent_categories,p1_mserd,699,640,59,342,357,300,42,340,17,271,320,0,4,1,1,0,.0383306242350205,.0383306242350205,.0589823987592618,.0589823987592618,109,56,1
dept_subset,ab,2023,7,conflict_dept_subset_045,Conflict-belt departments: APURIMAC + CUSCO + HUANCAVELICA + JUNIN,4,1811,194,144,142,.1082603362201231,.1602688403389751,.0893273109947211,.0727852194388662,-.0148094720464871,.3353471527244374,3.219064418098597,bounded_department_subset,0,treat_23,drop_rounding_band,adjacent_categories,p1_mserd,839,755,84,402,437,353,49,402,35,310,386,0,10,1,1,0,.0383439466738072,.0383439466738072,.0623230675724495,.0623230675724495,125,69,1
dept_subset,ab,2023,8,conflict_dept_subset_065,Conflict-belt departments: APURIMAC + SAN MARTIN,2,1043,105,66,68,.1104024635776373,.137448342777303,.0788534338632542,.0813185357714806,-.0171015476519863,.2919982332065924,3.038349959876727,bounded_department_subset,0,treat_23,drop_rounding_band,adjacent_categories,p1_mserd,392,366,26,174,218,156,18,210,8,159,203,0,1,1,1,0,.0405714511479132,.0405714511479132,.0621663097956229,.0621663097956229,70,35,1
dept_subset,ab,2023,9,conflict_dept_subset_040,Conflict-belt departments: HUANCAVELICA + JUNIN,2,1179,97,83,73,.0721667755153403,.1143367579685388,.0696538583728633,.1006938176074277,-.0221822958265268,.2508558117636045,2.694519867399636,bounded_department_subset,0,treat_23,drop_rounding_band,adjacent_categories,p1_mserd,455,416,39,243,212,217,26,199,13,203,190,0,8,1,1,0,.0362791532841682,.0362791532841682,.0616579537914085,.0616579537914085,61,36,1
dept_subset,ab,2023,10,conflict_dept_subset_037,Conflict-belt departments: APURIMAC + CUSCO + JUNIN,3,1390,189,105,110,.0993126887481632,.1547719880593048,.094648828092208,.1020022032771148,-.0307363061803458,.3402802822989554,2.673955898942007,bounded_department_subset,0,treat_23,drop_rounding_band,adjacent_categories,p1_mserd,691,613,78,327,364,280,47,333,31,260,328,0,5,1,1,0,.0430750991509609,.0430750991509609,.0663421339498824,.0663421339498824,126,63,1
dept_subset,bc,2007,1,conflict_dept_subset_076,Conflict-belt departments: CUSCO + HUANCAVELICA + SAN MARTIN,3,1124,73,93,67,.0218681297691327,.0486888296972664,.0251948958467251,.0532993222632247,-.0006922587565526,.0980699181510854,3.734509227725495,bounded_department_subset,0,treat_07,drop_rounding_band,adjacent_categories,p1_mserd,458,21,437,286,172,7,279,14,158,148,151,0,2,1,1,0,.0086824969667734,.0086824969667734,.0180830359540501,.0180830359540501,50,23,1
dept_subset,bc,2007,2,conflict_dept_subset_078,Conflict-belt departments: AYACUCHO + CUSCO + HUANCAVELICA + SAN MARTIN,4,2512,173,167,145,.012681466696638,.0219136302117332,.0132186184370211,.0973608265199311,-.0039943858502053,.0478216462736717,2.748251820104296,bounded_department_subset,0,treat_07,drop_rounding_band,adjacent_categories,p1_mserd,1166,40,1126,534,632,12,522,28,604,223,444,0,4,1,1,0,.0089681825809317,.0089681825809317,.0188073963892671,.0188073963892671,107,66,1
dept_subset,bc,2007,3,conflict_dept_subset_010,Conflict-belt departments: AYACUCHO + HUANCAVELICA,2,1809,120,120,118,.0183731030385066,.0301498266801474,.0188320022705311,.1093793767279154,-.0067602195268701,.067059872887165,2.563165471568393,bounded_department_subset,0,treat_07,drop_rounding_band,adjacent_categories,p1_mserd,918,36,882,378,540,11,367,25,515,191,397,0,2,1,1,0,.0079611350291637,.0079611350291637,.0173182916720808,.0173182916720808,76,44,1
dept_subset,bc,2007,4,conflict_dept_subset_013,Conflict-belt departments: APURIMAC + CUSCO + HUANCAVELICA,3,1053,94,96,101,.05880538607869,.0844126657412445,.054260453917322,.1197808602254532,-.021935869721502,.1907612012039909,2.420184001963694,bounded_department_subset,0,treat_07,drop_rounding_band,adjacent_categories,p1_mserd,498,28,470,258,240,7,251,21,219,153,207,0,1,1,1,0,.0111032624032844,.0111032624032844,.0173410843089658,.0173410843089658,60,34,1
dept_subset,bc,2007,5,conflict_dept_subset_014,Conflict-belt departments: AYACUCHO + CUSCO + HUANCAVELICA,3,1955,123,127,129,.0161984171854181,.027679144221807,.0178859413613835,.1217339687614387,-.0073766566761,.0627349451197139,2.394868721882699,bounded_department_subset,0,treat_07,drop_rounding_band,adjacent_categories,p1_mserd,987,39,948,408,579,11,397,28,551,202,418,0,3,1,1,0,.0076782790384713,.0076782790384713,.0165271154885044,.0165271154885044,76,47,1
dept_subset,bc,2007,6,conflict_dept_subset_077,Conflict-belt departments: APURIMAC + CUSCO + HUANCAVELICA + SAN MARTIN,4,1610,138,136,117,.0377064391618212,.0568044765352015,.0378927685580087,.1338516126790916,-.0174639851130072,.1310729381834103,2.247255487615909,bounded_department_subset,0,treat_07,drop_rounding_band,adjacent_categories,p1_mserd,677,29,648,384,293,8,376,21,272,181,241,0,2,1,1,0,.0119123862954891,.0119123862954891,.019331292108717,.019331292108717,87,51,1
dept_subset,bc,2007,7,conflict_dept_subset_072,Conflict-belt departments: HUANCAVELICA + SAN MARTIN,2,978,75,86,56,.0118134810213917,.0313550328883438,.0213413226072304,.1417739545692838,-.0104731908042781,.0731832565809658,2.15859844319087,bounded_department_subset,0,treat_07,drop_rounding_band,adjacent_categories,p1_mserd,389,18,371,256,133,7,249,11,122,136,117,0,1,1,1,0,.0106943699850465,.0106943699850465,.0201543827851627,.0201543827851627,53,22,1
dept_subset,bc,2007,8,conflict_dept_subset_015,Conflict-belt departments: APURIMAC + AYACUCHO + CUSCO + HUANCAVELICA,4,2441,223,170,179,.0283777707628062,.0397980957998622,.02762508852614,.1496834642321008,-.0143460827811029,.0939422743808274,2.07547367563259,bounded_department_subset,0,treat_07,drop_rounding_band,adjacent_categories,p1_mserd,1206,47,1159,506,700,12,494,35,665,225,473,0,3,1,1,0,.0115619772357842,.0115619772357842,.0195597792197702,.0195597792197702,130,93,1
dept_subset,bc,2007,9,conflict_dept_subset_009,Conflict-belt departments: APURIMAC + HUANCAVELICA,2,907,86,89,90,.0689714504639689,.0977797939030577,.0688462274253357,.155530940928808,-.0371563323220539,.2327159201281692,2.017148821121018,bounded_department_subset,0,treat_07,drop_rounding_band,adjacent_categories,p1_mserd,429,25,404,228,201,7,221,18,183,139,175,0,0,1,1,0,.0119565987714908,.0119565987714908,.0182386581759834,.0182386581759834,58,28,1
dept_subset,bc,2007,10,conflict_dept_subset_005,Conflict-belt departments: APURIMAC + CUSCO,2,632,77,50,61,.0827499294827854,.0886024205109395,.0655372368474965,.1763944685014957,-.0398482033564249,.2170530443783039,1.82774211541361,bounded_department_subset,0,treat_07,drop_rounding_band,adjacent_categories,p1_mserd,288,11,277,128,160,1,127,10,150,99,147,0,1,1,1,0,.0164375903752784,.0164375903752784,.0188704502162408,.0188704502162408,46,31,1
dept_subset,bc,2008,1,conflict_dept_subset_065,Conflict-belt departments: APURIMAC + SAN MARTIN,2,1043,92,83,66,.1546110141067391,.1917770195731578,.1211583957814956,.1134529236148804,-.0456890725832232,.4292431117295388,2.505452082554931,bounded_department_subset,0,treat_08,drop_rounding_band,adjacent_categories,p1_mserd,398,33,365,224,174,10,214,23,151,141,159,0,1,1,1,0,.0141593265914116,.0141593265914116,.0254449551526922,.0254449551526922,57,35,1
dept_subset,bc,2008,2,conflict_dept_subset_005,Conflict-belt departments: APURIMAC + CUSCO,2,632,56,50,61,.2044419353427306,.2566366383550638,.1623863981593457,.1140136359781115,-.0616348536164351,.5749081303265627,2.497687025295678,bounded_department_subset,0,treat_08,drop_rounding_band,adjacent_categories,p1_mserd,288,31,257,128,160,6,122,25,135,99,147,0,1,1,1,0,.0120623516744588,.0120623516744588,.019119985842137,.019119985842137,30,26,1
dept_subset,bc,2008,3,conflict_dept_subset_069,Conflict-belt departments: APURIMAC + CUSCO + SAN MARTIN,3,1189,124,90,77,.1206722319372449,.1499093812076326,.1012890296262691,.1388689853863533,-.0486134688888653,.3484322313041305,2.190447264878302,bounded_department_subset,0,treat_08,drop_rounding_band,adjacent_categories,p1_mserd,467,36,431,254,213,10,244,26,187,152,191,0,2,1,1,0,.0157838721190702,.0157838721190702,.0275719291701706,.0275719291701706,77,47,1
dept_subset,bc,2008,4,conflict_dept_subset_011,Conflict-belt departments: APURIMAC + AYACUCHO + HUANCAVELICA,3,2295,301,163,168,.1042996622016807,.1343358733922828,.0991835487990715,.1756034130710104,-.0600603101127682,.3287320568973339,1.834445103414743,bounded_department_subset,0,treat_08,drop_rounding_band,adjacent_categories,p1_mserd,1137,122,1015,476,661,34,442,88,573,216,455,0,2,1,1,0,.0154949933955833,.0154949933955833,.0271819681470466,.0271819681470466,182,119,1
dept_subset,bc,2008,5,conflict_dept_subset_009,Conflict-belt departments: APURIMAC + HUANCAVELICA,2,907,69,89,90,.2488508901074505,.2969058672819106,.2218854562069581,.1808624624214206,-.1379816355769666,.7317933701407878,1.790522927399752,bounded_department_subset,0,treat_08,drop_rounding_band,adjacent_categories,p1_mserd,429,67,362,228,201,23,205,44,157,139,175,0,0,1,1,0,.009463919347156,.009463919347156,.0144908717405597,.0144908717405597,46,23,1
dept_subset,bc,2008,6,conflict_dept_subset_013,Conflict-belt departments: APURIMAC + CUSCO + HUANCAVELICA,3,1053,79,96,101,.2034721390978665,.2483997737751528,.1897903080785842,.1905981462800506,-.1235823946736334,.6203819422239389,1.712988038683499,bounded_department_subset,0,treat_08,drop_rounding_band,adjacent_categories,p1_mserd,498,70,428,258,240,23,235,47,193,153,207,0,1,1,1,0,.0091309574456085,.0091309574456085,.0142052779421483,.0142052779421483,51,28,1
dept_subset,bc,2008,7,conflict_dept_subset_015,Conflict-belt departments: APURIMAC + AYACUCHO + CUSCO + HUANCAVELICA,4,2441,322,170,179,.0878430234600035,.1148710639015342,.0918401936040173,.2110179860616021,-.0651324078955255,.294874535698594,1.564428451455959,bounded_department_subset,0,treat_08,drop_rounding_band,adjacent_categories,p1_mserd,1206,125,1081,506,700,34,472,91,609,225,473,0,3,1,1,0,.0158323393300459,.0158323393300459,.027433700507757,.027433700507757,192,130,1
dept_subset,bc,2008,8,conflict_dept_subset_075,Conflict-belt departments: APURIMAC + AYACUCHO + HUANCAVELICA + SAN MARTIN,4,2852,249,203,184,.0950230067064726,.1188171729662833,.106799195207434,.2659108846456855,-.09050540321815,.3281397491507165,1.237720174182355,bounded_department_subset,0,treat_08,drop_rounding_band,adjacent_categories,p1_mserd,1316,127,1189,602,714,38,564,89,625,236,477,0,3,1,1,0,.0117141294414805,.0117141294414805,.0195755145766658,.0195755145766658,150,99,1
dept_subset,bc,2008,9,conflict_dept_subset_077,Conflict-belt departments: APURIMAC + CUSCO + HUANCAVELICA + SAN MARTIN,4,1610,128,136,117,.0916938510729957,.1378966142697147,.1245552463015212,.2682454856353034,-.1062271825667825,.3820204111062119,1.225697094785415,bounded_department_subset,0,treat_08,drop_rounding_band,adjacent_categories,p1_mserd,677,75,602,384,293,27,357,48,245,181,241,0,2,1,1,0,.0109256859235759,.0109256859235759,.0175348307754164,.0175348307754164,82,46,1
dept_subset,bc,2008,10,conflict_dept_subset_079,Conflict-belt departments: APURIMAC + AYACUCHO + CUSCO + HUANCAVELICA + SAN MARTIN,5,2998,261,210,195,.0862913175341911,.1104164707362838,.1011490265630681,.2749994209685998,-.0878319783986149,.3086649198711824,1.191637901508821,bounded_department_subset,0,treat_08,drop_rounding_band,adjacent_categories,p1_mserd,1385,130,1255,632,753,38,594,92,661,243,495,0,4,1,1,0,.0116172450141395,.0116172450141395,.0196703986443027,.0196703986443027,154,107,1
dept_subset,bc,2009,1,conflict_dept_subset_073,Conflict-belt departments: APURIMAC + HUANCAVELICA + SAN MARTIN,3,1464,98,129,106,.4723886751752355,.563650047395061,.194482250796691,.0037530140094263,.1824718402012606,.9448282545888613,8.399610573291184,bounded_department_subset,0,treat_09,drop_rounding_band,adjacent_categories,p1_mserd,608,129,479,354,254,50,304,79,175,171,211,0,1,1,1,0,.0086332601238799,.0086332601238799,.0149791081481347,.0149791081481347,65,33,1
dept_subset,bc,2009,2,conflict_dept_subset_069,Conflict-belt departments: APURIMAC + CUSCO + SAN MARTIN,3,1189,104,90,77,.3565659772963816,.4157562743878088,.1460960223069809,.00443036138052,.129413332381566,.7020992163940516,8.098430150065544,bounded_department_subset,0,treat_09,drop_rounding_band,adjacent_categories,p1_mserd,467,71,396,254,213,24,230,47,166,152,191,0,2,1,1,0,.0133296312658683,.0133296312658683,.0255157061140204,.0255157061140204,62,42,1
dept_subset,bc,2009,3,conflict_dept_subset_065,Conflict-belt departments: APURIMAC + SAN MARTIN,2,1043,124,83,66,.3435877282174146,.3985687715395294,.150328948749322,.008018001158828,.1039294461570908,.6932080969219679,7.029449175756459,bounded_department_subset,0,treat_09,drop_rounding_band,adjacent_categories,p1_mserd,398,64,334,224,174,24,200,40,134,141,159,0,1,1,1,0,.0171611278619235,.0171611278619235,.0291881024698399,.0291881024698399,82,42,1
dept_subset,bc,2009,4,conflict_dept_subset_077,Conflict-belt departments: APURIMAC + CUSCO + HUANCAVELICA + SAN MARTIN,4,1610,102,136,117,.4308172031375193,.5135390202230762,.1950628207256435,.0084712799679786,.1312229168780218,.8958551235681305,6.931031875937097,bounded_department_subset,0,treat_09,drop_rounding_band,adjacent_categories,p1_mserd,677,136,541,384,293,50,334,86,207,181,241,0,2,1,1,0,.0080759833415052,.0080759833415052,.0141619855052639,.0141619855052639,66,36,1
dept_subset,bc,2009,5,conflict_dept_subset_009,Conflict-belt departments: APURIMAC + HUANCAVELICA,2,907,62,89,90,.5929619322448902,.6772010435156149,.2709122742434723,.0124296402887645,.1462227430285713,1.208179344002659,6.248530199292506,bounded_department_subset,0,treat_09,drop_rounding_band,adjacent_categories,p1_mserd,429,114,315,228,201,42,186,72,129,139,175,0,0,1,1,0,.0080470645995299,.0080470645995299,.0138174513409891,.0138174513409891,44,18,1
dept_subset,bc,2009,6,conflict_dept_subset_013,Conflict-belt departments: APURIMAC + CUSCO + HUANCAVELICA,3,1053,70,96,101,.4823966944443506,.5585057044486228,.2473536548604401,.0239504104942668,.0737014494778094,1.043309959419436,5.098219888838305,bounded_department_subset,0,treat_09,drop_rounding_band,adjacent_categories,p1_mserd,498,121,377,258,240,42,216,79,161,153,207,0,1,1,1,0,.007995868002805,.007995868002805,.0134987804579652,.0134987804579652,46,24,1
dept_subset,bc,2009,7,conflict_dept_subset_005,Conflict-belt departments: APURIMAC + CUSCO,2,632,87,50,61,.3263576008470323,.3753295715440915,.1716462764726197,.0287684072996748,.0389090515773521,.7117500915108308,4.781418886718822,bounded_department_subset,0,treat_09,drop_rounding_band,adjacent_categories,p1_mserd,288,56,232,128,160,16,112,40,120,99,147,0,1,1,1,0,.0179236478871112,.0179236478871112,.0288617374012428,.0288617374012428,53,34,1
dept_subset,bc,2009,8,conflict_dept_subset_067,Conflict-belt departments: APURIMAC + AYACUCHO + SAN MARTIN,3,2431,193,157,144,.2396999220010762,.2692780843519587,.147629230129498,.0681496466979262,-.0200698897672328,.5586260584711502,3.327034529569697,bounded_department_subset,0,treat_09,drop_rounding_band,adjacent_categories,p1_mserd,1106,195,911,472,634,52,420,143,491,219,448,0,3,1,1,0,.0103825160739694,.0103825160739694,.0182713947293174,.0182713947293174,108,85,1
dept_subset,bc,2009,9,conflict_dept_subset_072,Conflict-belt departments: HUANCAVELICA + SAN MARTIN,2,978,65,86,56,.3881159192549367,.4995744977384856,.277540306646435,.071859531227959,-.0443945075467295,1.043543503023701,3.240025238868457,bounded_department_subset,0,treat_09,drop_rounding_band,adjacent_categories,p1_mserd,389,80,309,256,133,34,222,46,87,136,117,0,1,1,1,0,.0094818947900294,.0094818947900294,.0149640481713129,.0149640481713129,46,19,1
dept_subset,bc,2009,10,conflict_dept_subset_071,Conflict-belt departments: APURIMAC + AYACUCHO + CUSCO + SAN MARTIN,4,2577,203,164,155,.2211854435059246,.2513094517162114,.1400000455768001,.0726430372365344,-.0230855954482828,.5257044988807057,3.222265275558408,bounded_department_subset,0,treat_09,drop_rounding_band,adjacent_categories,p1_mserd,1175,202,973,502,673,52,450,150,523,226,468,0,4,1,1,0,.0103467726385284,.0103467726385284,.0182859094228496,.0182859094228496,113,90,1
dept_subset,bc,2010,1,conflict_dept_subset_065,Conflict-belt departments: APURIMAC + SAN MARTIN,2,1043,67,83,66,.5478161675870173,.6565988527744876,.2010703082826995,.0010926378870974,.262508290180031,1.050689415368944,10.66361241456333,bounded_department_subset,0,treat_10,drop_rounding_band,adjacent_categories,p1_mserd,398,84,314,224,174,38,186,46,128,141,159,0,1,1,1,0,.008463065304756,.008463065304756,.0153064729211539,.0153064729211539,39,28,1
dept_subset,bc,2010,2,conflict_dept_subset_069,Conflict-belt departments: APURIMAC + CUSCO + SAN MARTIN,3,1189,72,90,77,.5189989081816503,.6108697680094362,.2068311651979644,.0031422252580068,.2054881333409719,1.0162514026779,8.722988654563419,bounded_department_subset,0,treat_10,drop_rounding_band,adjacent_categories,p1_mserd,467,92,375,254,213,39,215,53,160,152,191,0,2,1,1,0,.0077269248043217,.0077269248043217,.0143259100549729,.0143259100549729,40,32,1
dept_subset,bc,2010,3,conflict_dept_subset_005,Conflict-belt departments: APURIMAC + CUSCO,2,632,52,50,61,.4837702427660945,.5779314039631269,.2005384364673217,.0039528713872307,.1848832909712027,.9709795169550511,8.30533852500424,bounded_department_subset,0,treat_10,drop_rounding_band,adjacent_categories,p1_mserd,288,70,218,128,160,25,103,45,115,99,147,0,1,1,1,0,.0102999939458558,.0102999939458558,.0173522181603445,.0173522181603445,28,24,1
dept_subset,bc,2010,4,conflict_dept_subset_073,Conflict-belt departments: APURIMAC + HUANCAVELICA + SAN MARTIN,3,1464,73,129,106,.5411010622033913,.6267623837357942,.2521942008606207,.0129465175343062,.1324708329391174,1.121053934532471,6.176403430447548,bounded_department_subset,0,treat_10,drop_rounding_band,adjacent_categories,p1_mserd,608,171,437,354,254,76,278,95,159,171,211,0,1,1,1,0,.0069102979921765,.0069102979921765,.0130649848778057,.0130649848778057,48,25,1
dept_subset,bc,2010,5,conflict_dept_subset_077,Conflict-belt departments: APURIMAC + CUSCO + HUANCAVELICA + SAN MARTIN,4,1610,81,136,117,.4797342119882932,.5569032939952451,.2390415976169882,.0198202239651124,.0883903718590327,1.025416216131458,5.427659665036835,bounded_department_subset,0,treat_10,drop_rounding_band,adjacent_categories,p1_mserd,677,179,498,384,293,77,307,102,191,181,241,0,2,1,1,0,.0067971804210896,.0067971804210896,.0125348696101927,.0125348696101927,52,29,1
dept_subset,bc,2010,6,conflict_dept_subset_009,Conflict-belt departments: APURIMAC + HUANCAVELICA,2,907,51,89,90,.6332890689252548,.7163185516402159,.3164840508424133,.0236132708544502,.0960212103077427,1.336615892972689,5.122815801086639,bounded_department_subset,0,treat_10,drop_rounding_band,adjacent_categories,p1_mserd,429,149,280,228,201,62,166,87,114,139,175,0,0,1,1,0,.0070962202537685,.0070962202537685,.0126924967845188,.0126924967845188,34,17,1
dept_subset,bc,2010,7,conflict_dept_subset_072,Conflict-belt departments: HUANCAVELICA + SAN MARTIN,2,978,57,86,56,.481575332957161,.6470727420239418,.3040835554526069,.033341736518178,.0510799250459441,1.243065559001939,4.528145173083406,bounded_department_subset,0,treat_10,drop_rounding_band,adjacent_categories,p1_mserd,389,109,280,256,133,52,204,57,76,136,117,0,1,1,1,0,.0077829880699374,.0077829880699374,.0143162496043174,.0143162496043174,41,16,1
dept_subset,bc,2010,8,conflict_dept_subset_013,Conflict-belt departments: APURIMAC + CUSCO + HUANCAVELICA,3,1053,60,96,101,.5201840111639451,.5975181785378852,.2808570146937793,.0333800744850582,.0470485449326412,1.147987812143129,4.526178678656097,bounded_department_subset,0,treat_10,drop_rounding_band,adjacent_categories,p1_mserd,498,157,341,258,240,63,195,94,146,153,207,0,1,1,1,0,.0071425566978373,.0071425566978373,.0124285791424686,.0124285791424686,39,21,1
dept_subset,bc,2010,9,conflict_dept_subset_075,Conflict-belt departments: APURIMAC + AYACUCHO + HUANCAVELICA + SAN MARTIN,4,2852,197,203,184,.2792293301313959,.332824425200873,.1569089976819306,.0339108409400683,.0252884408940103,.6403604095077358,4.499193638055489,bounded_department_subset,0,treat_10,drop_rounding_band,adjacent_categories,p1_mserd,1316,346,970,602,714,119,483,227,487,236,477,0,3,1,1,0,.0088106806525042,.0088106806525042,.0170726734887193,.0170726734887193,121,76,1
dept_subset,bc,2010,10,conflict_dept_subset_079,Conflict-belt departments: APURIMAC + AYACUCHO + CUSCO + HUANCAVELICA + SAN MARTIN,5,2998,204,210,195,.2643168523533569,.3169500591091604,.1542010460129795,.0398371129129737,.0147215625453169,.6191785556730039,4.224808563086214,bounded_department_subset,0,treat_10,drop_rounding_band,adjacent_categories,p1_mserd,1385,354,1031,632,753,120,512,234,519,243,495,0,4,1,1,0,.0084700879111398,.0084700879111398,.0165020458578948,.0165020458578948,122,82,1
dept_subset,bc,2011,1,conflict_dept_subset_065,Conflict-belt departments: APURIMAC + SAN MARTIN,2,1043,67,83,66,.586276498807871,.6835828400660013,.2071324740054904,.0009660888560409,.2776106509865613,1.089555029145441,10.89145544859487,bounded_department_subset,0,treat_11,drop_rounding_band,adjacent_categories,p1_mserd,398,94,304,224,174,44,180,50,124,141,159,0,1,1,1,0,.008487802961266,.008487802961266,.0149133009253929,.0149133009253929,39,28,1
dept_subset,bc,2011,2,conflict_dept_subset_005,Conflict-belt departments: APURIMAC + CUSCO,2,632,52,50,61,.5557369896956577,.6410258625241719,.212118594169144,.0025109697430665,.2252810575013818,1.056770667546962,9.132582899620619,bounded_department_subset,0,treat_11,drop_rounding_band,adjacent_categories,p1_mserd,288,78,210,128,160,29,99,49,111,99,147,0,1,1,1,0,.0101984362748536,.0101984362748536,.0165633323900138,.0165633323900138,28,24,1
dept_subset,bc,2011,3,conflict_dept_subset_069,Conflict-belt departments: APURIMAC + CUSCO + SAN MARTIN,3,1189,72,90,77,.5388361898614329,.6205542704472962,.2055992758168709,.0025422170593704,.2175870945987124,1.02352144629588,9.109958027522065,bounded_department_subset,0,treat_11,drop_rounding_band,adjacent_categories,p1_mserd,467,103,364,254,213,45,209,58,155,152,191,0,2,1,1,0,.0079759573647208,.0079759573647208,.013927117338318,.013927117338318,40,32,1
dept_subset,bc,2011,4,conflict_dept_subset_073,Conflict-belt departments: APURIMAC + HUANCAVELICA + SAN MARTIN,3,1464,78,129,106,.5125980023227337,.6036750112078435,.2443586276174149,.0134944355792785,.1247409017660759,1.082609120649611,6.103107827529857,bounded_department_subset,0,treat_11,drop_rounding_band,adjacent_categories,p1_mserd,608,192,416,354,254,88,266,104,150,171,211,0,1,1,1,0,.0072005013036195,.0072005013036195,.0132925174512665,.0132925174512665,51,27,1
dept_subset,bc,2011,5,conflict_dept_subset_077,Conflict-belt departments: APURIMAC + CUSCO + HUANCAVELICA + SAN MARTIN,4,1610,81,136,117,.4428263601312125,.5213750861146268,.2366537156809989,.0275867230393337,.0575423265722872,.9852078456569664,4.853710774658101,bounded_department_subset,0,treat_11,drop_rounding_band,adjacent_categories,p1_mserd,677,201,476,384,293,89,295,112,181,181,241,0,2,1,1,0,.0070121156722126,.0070121156722126,.0126895141451798,.0126895141451798,52,29,1
dept_subset,bc,2011,6,conflict_dept_subset_009,Conflict-belt departments: APURIMAC + HUANCAVELICA,2,907,52,89,90,.6205669513941549,.7003549115362848,.3198543341296697,.0285528365761782,.0734519363430917,1.327257886729478,4.794373646618277,bounded_department_subset,0,treat_11,drop_rounding_band,adjacent_categories,p1_mserd,429,167,262,228,201,72,156,95,106,139,175,0,0,1,1,0,.0071858410312049,.0071858410312049,.012591647442692,.012591647442692,35,17,1
dept_subset,bc,2011,7,conflict_dept_subset_013,Conflict-belt departments: APURIMAC + CUSCO + HUANCAVELICA,3,1053,61,96,101,.5069120711438225,.5820932989788234,.2849618886957109,.0410815716648339,.0235782601687187,1.140608337788928,4.172646930317082,bounded_department_subset,0,treat_11,drop_rounding_band,adjacent_categories,p1_mserd,498,176,322,258,240,73,185,103,137,153,207,0,1,1,1,0,.0072559798727452,.0072559798727452,.0124055092010087,.0124055092010087,40,21,1
dept_subset,bc,2011,8,conflict_dept_subset_075,Conflict-belt departments: APURIMAC + AYACUCHO + HUANCAVELICA + SAN MARTIN,4,2852,196,203,184,.2659527661900309,.3128763596375342,.168613393547232,.0635128384559822,-.0175998190261187,.6433525383011871,3.443192957979477,bounded_department_subset,0,treat_11,drop_rounding_band,adjacent_categories,p1_mserd,1316,416,900,602,714,148,454,268,446,236,477,0,3,1,1,0,.0086583697157301,.0086583697157301,.0154587555270969,.0154587555270969,120,76,1
dept_subset,bc,2011,9,conflict_dept_subset_067,Conflict-belt departments: APURIMAC + AYACUCHO + SAN MARTIN,3,2431,206,157,144,.2201908746286202,.2601599489868592,.1451490554249909,.0730746693654388,-.0243269720361311,.5446468700098495,3.212568891477635,bounded_department_subset,0,treat_11,drop_rounding_band,adjacent_categories,p1_mserd,1106,318,788,472,634,104,368,214,420,219,448,0,3,1,1,0,.011592807616206,.011592807616206,.0208398168148364,.0208398168148364,117,89,1
dept_subset,bc,2011,10,conflict_dept_subset_007,Conflict-belt departments: APURIMAC + AYACUCHO + CUSCO,3,2020,232,124,139,.1991613300562495,.2322647738637551,.1303055394380958,.0746737958886803,-.0231293904209762,.4876589381484864,3.177173556272454,bounded_department_subset,0,treat_11,drop_rounding_band,adjacent_categories,p1_mserd,996,302,694,376,620,89,287,213,407,194,441,0,3,1,1,0,.0142749947012755,.0142749947012755,.0243124617919503,.0243124617919503,132,100,1
dept_subset,bc,2012,1,conflict_dept_subset_009,Conflict-belt departments: APURIMAC + HUANCAVELICA,2,907,50,89,90,.8996067647636535,1.019114243931496,.1527953688679055,2.56155768805e-11,.7196408239458886,1.318587663917103,44.48620520776744,bounded_department_subset,0,treat_12,drop_rounding_band,adjacent_categories,p1_mserd,429,177,252,228,201,72,156,105,96,139,175,0,0,1,1,0,.007052661407159,.007052661407159,.0119899832638898,.0119899832638898,34,16,1
dept_subset,bc,2012,2,conflict_dept_subset_073,Conflict-belt departments: APURIMAC + HUANCAVELICA + SAN MARTIN,3,1464,73,129,106,.7829969342684412,.8908358345142829,.1609769415918729,3.13126127307e-08,.5753268266528042,1.206344842375762,30.62442993196822,bounded_department_subset,0,treat_12,drop_rounding_band,adjacent_categories,p1_mserd,608,220,388,354,254,99,255,121,133,171,211,0,1,1,1,0,.0068898692701572,.0068898692701572,.0129992912143455,.0129992912143455,48,25,1
dept_subset,bc,2012,3,conflict_dept_subset_065,Conflict-belt departments: APURIMAC + SAN MARTIN,2,1043,70,83,66,.672418825906695,.7976031643358139,.1808021160444923,.0000102671041179,.4432375285599776,1.15196880011165,19.46107017012802,bounded_department_subset,0,treat_12,drop_rounding_band,adjacent_categories,p1_mserd,398,120,278,224,174,55,169,65,109,141,159,0,1,1,1,0,.0095526096433104,.0095526096433104,.0163516398574493,.0163516398574493,40,30,1
dept_subset,bc,2012,4,conflict_dept_subset_077,Conflict-belt departments: APURIMAC + CUSCO + HUANCAVELICA + SAN MARTIN,4,1610,81,136,117,.6919685514343491,.79425560259419,.1851890939895387,.0000179568493891,.4312916480450913,1.157219557143289,18.39457508249283,bounded_department_subset,0,treat_12,drop_rounding_band,adjacent_categories,p1_mserd,677,232,445,384,293,102,282,130,163,181,241,0,2,1,1,0,.0068546979827816,.0068546979827816,.0127203716310142,.0127203716310142,52,29,1
dept_subset,bc,2012,5,conflict_dept_subset_069,Conflict-belt departments: APURIMAC + CUSCO + SAN MARTIN,3,1189,79,90,77,.6265049916819355,.7541055432414612,.1818584388103073,.0000337356979025,.3976695528885777,1.110541533594345,17.19480873597622,bounded_department_subset,0,treat_12,drop_rounding_band,adjacent_categories,p1_mserd,467,132,335,254,213,58,196,74,139,152,191,0,2,1,1,0,.0088763511059955,.0088763511059955,.0156570123821125,.0156570123821125,45,34,1
dept_subset,bc,2012,6,conflict_dept_subset_005,Conflict-belt departments: APURIMAC + CUSCO,2,632,54,50,61,.6740847803743046,.7890228078823027,.1991583878807668,.0000743913671812,.3986795404169415,1.179366075347664,15.69574413209179,bounded_department_subset,0,treat_12,drop_rounding_band,adjacent_categories,p1_mserd,288,89,199,128,160,31,97,58,102,99,147,0,1,1,1,0,.0112277681591082,.0112277681591082,.0179915439707918,.0179915439707918,28,26,1
dept_subset,bc,2012,7,conflict_dept_subset_013,Conflict-belt departments: APURIMAC + CUSCO + HUANCAVELICA,3,1053,61,96,101,.734211040486573,.8490792920762626,.2148007710868657,.0000772197429157,.4280775168945735,1.270081067257952,15.62517270072464,bounded_department_subset,0,treat_12,drop_rounding_band,adjacent_categories,p1_mserd,498,189,309,258,240,75,183,114,126,153,207,0,1,1,1,0,.0072214980152358,.0072214980152358,.0122949812738616,.0122949812738616,40,21,1
dept_subset,bc,2012,8,conflict_dept_subset_075,Conflict-belt departments: APURIMAC + AYACUCHO + HUANCAVELICA + SAN MARTIN,4,2852,192,203,184,.3884698911854449,.4439996615098746,.1814880761451915,.0144274869476042,.0882895686418365,.7997097543779127,5.985067932346924,bounded_department_subset,0,treat_12,drop_rounding_band,adjacent_categories,p1_mserd,1316,480,836,602,714,172,430,308,406,236,477,0,3,1,1,0,.0083749861914963,.0083749861914963,.0150492323581,.0150492323581,118,74,1
dept_subset,bc,2012,9,conflict_dept_subset_079,Conflict-belt departments: APURIMAC + AYACUCHO + CUSCO + HUANCAVELICA + SAN MARTIN,5,2998,202,210,195,.3579489964267063,.4105198720911144,.1755312285689371,.019349493555555,.0664849859339296,.7545547582482992,5.469650602248333,bounded_department_subset,0,treat_12,drop_rounding_band,adjacent_categories,p1_mserd,1385,492,893,632,753,175,457,317,436,243,495,0,4,1,1,0,.0083410856382748,.0083410856382748,.0148226219371907,.0148226219371907,122,80,1
dept_subset,bc,2012,10,conflict_dept_subset_067,Conflict-belt departments: APURIMAC + AYACUCHO + SAN MARTIN,3,2431,198,157,144,.3141461810216442,.3633330042938179,.1618943404582018,.0248156729042307,.0460259276948767,.6806400808927591,5.03670327411989,bounded_department_subset,0,treat_12,drop_rounding_band,adjacent_categories,p1_mserd,1106,380,726,472,634,128,344,252,382,219,448,0,3,1,1,0,.0111890602228148,.0111890602228148,.0201577879818818,.0201577879818818,111,87,1
dept_subset,bc,2013,1,conflict_dept_subset_073,Conflict-belt departments: APURIMAC + HUANCAVELICA + SAN MARTIN,3,1464,68,129,106,.9443629378210472,1.036532213848219,.1274179098675179,4.12271606698e-16,.786797699522513,1.286266728173925,66.17663106433275,bounded_department_subset,0,treat_13,drop_rounding_band,adjacent_categories,p1_mserd,608,242,366,354,254,103,251,139,115,171,211,0,1,1,1,0,.0065404743472591,.0065404743472591,.0123193062170953,.0123193062170953,46,22,1
dept_subset,bc,2013,2,conflict_dept_subset_065,Conflict-belt departments: APURIMAC + SAN MARTIN,2,1043,64,83,66,.929861296938829,1.075827759851832,.1449810132878793,1.16702401613e-13,.7916701953654652,1.359985324338198,55.06342622164578,bounded_department_subset,0,treat_13,drop_rounding_band,adjacent_categories,p1_mserd,398,135,263,224,174,58,166,77,97,141,159,0,1,1,1,0,.0081684590170686,.0081684590170686,.0148889727824451,.0148889727824451,38,26,1
dept_subset,bc,2013,3,conflict_dept_subset_009,Conflict-belt departments: APURIMAC + HUANCAVELICA,2,907,51,89,90,.9017013396617253,1.024137249247572,.1533187434231472,2.39282328699e-11,.7236380339832666,1.324636464511878,44.61961536694008,bounded_department_subset,0,treat_13,drop_rounding_band,adjacent_categories,p1_mserd,429,191,238,228,201,73,155,118,83,139,175,0,0,1,1,0,.0071177506909622,.0071177506909622,.0121670454724817,.0121670454724817,34,17,1
dept_subset,bc,2013,4,conflict_dept_subset_069,Conflict-belt departments: APURIMAC + CUSCO + SAN MARTIN,3,1189,72,90,77,.836838434216902,.9731046908600495,.1694062438397475,9.23522439667e-09,.6410745541779341,1.305134827542165,32.99592485186889,bounded_department_subset,0,treat_13,drop_rounding_band,adjacent_categories,p1_mserd,467,147,320,254,213,61,193,86,127,152,191,0,2,1,1,0,.0079747710763144,.0079747710763144,.0143833481915263,.0143833481915263,40,32,1
dept_subset,bc,2013,5,conflict_dept_subset_077,Conflict-belt departments: APURIMAC + CUSCO + HUANCAVELICA + SAN MARTIN,4,1610,76,136,117,.8313190410495481,.9276897316513648,.1703102272231381,5.12096907021e-08,.5938878200951812,1.261491643207548,29.67044379613517,bounded_department_subset,0,treat_13,drop_rounding_band,adjacent_categories,p1_mserd,677,254,423,384,293,106,278,148,145,181,241,0,2,1,1,0,.0065924811845956,.0065924811845956,.0121718768036494,.0121718768036494,50,26,1
dept_subset,bc,2013,6,conflict_dept_subset_072,Conflict-belt departments: HUANCAVELICA + SAN MARTIN,2,978,52,86,56,.8962505628152191,1.087628159347696,.2019950967311309,7.26751778493e-08,.6917250447009946,1.483531273994396,28.99207046611414,bounded_department_subset,0,treat_13,drop_rounding_band,adjacent_categories,p1_mserd,389,158,231,256,133,75,181,83,50,136,117,0,1,1,1,0,.0074391667308817,.0074391667308817,.0143508455927507,.0143508455927507,38,14,1
dept_subset,bc,2013,7,conflict_dept_subset_013,Conflict-belt departments: APURIMAC + CUSCO + HUANCAVELICA,3,1053,62,96,101,.7358001496351447,.8526312127975407,.2143592509405211,.0000696200072479,.4324948012011359,1.272767624393946,15.82114797970895,bounded_department_subset,0,treat_13,drop_rounding_band,adjacent_categories,p1_mserd,498,203,295,258,240,76,182,127,113,153,207,0,1,1,1,0,.0073291481909163,.0073291481909163,.0124975836721955,.0124975836721955,41,21,1
dept_subset,bc,2013,8,conflict_dept_subset_005,Conflict-belt departments: APURIMAC + CUSCO,2,632,54,50,61,.6727137988269934,.7880296376599705,.1989615781276399,.0000747264152664,.3980721102225442,1.177987165097397,15.68724462841995,bounded_department_subset,0,treat_13,drop_rounding_band,adjacent_categories,p1_mserd,288,96,192,128,160,31,97,65,95,99,147,0,1,1,1,0,.0112824995009808,.0112824995009808,.0181395098382706,.0181395098382706,28,26,1
dept_subset,bc,2013,9,conflict_dept_subset_076,Conflict-belt departments: CUSCO + HUANCAVELICA + SAN MARTIN,3,1124,59,93,67,.6938299716709235,.8595047536297301,.2911333678852399,.0031544540862377,.28889383787681,1.43011566938265,8.715907190684126,bounded_department_subset,0,treat_13,drop_rounding_band,adjacent_categories,p1_mserd,458,170,288,286,172,78,208,92,80,148,151,0,2,1,1,0,.0072333402129957,.0072333402129957,.0137392885342989,.0137392885342989,41,18,1
dept_subset,bc,2013,10,conflict_dept_subset_075,Conflict-belt departments: APURIMAC + AYACUCHO + HUANCAVELICA + SAN MARTIN,4,2852,178,203,184,.502294944054289,.5607243246788778,.1914307854047691,.0033991983511275,.1855268797533147,.9359217696044408,8.579761801345128,bounded_department_subset,0,treat_13,drop_rounding_band,adjacent_categories,p1_mserd,1316,512,804,602,714,179,423,333,381,236,477,0,3,1,1,0,.0077720110221373,.0077720110221373,.0142026638279786,.0142026638279786,109,69,1
dept_subset,bc,2014,1,conflict_dept_subset_073,Conflict-belt departments: APURIMAC + HUANCAVELICA + SAN MARTIN,3,1464,63,129,106,.9563343477656305,1.04452493013329,.1271973543521761,2.17815739980e-16,.7952226966742462,1.293827163592335,67.43439466067184,bounded_department_subset,0,treat_14,drop_rounding_band,adjacent_categories,p1_mserd,608,245,363,354,254,103,251,142,112,171,211,0,1,1,1,0,.0063651387064216,.0063651387064216,.0122243080391394,.0122243080391394,42,21,1
dept_subset,bc,2014,2,conflict_dept_subset_065,Conflict-belt departments: APURIMAC + SAN MARTIN,2,1043,64,83,66,.929861296938829,1.075827759851832,.1449810132878793,1.16702401613e-13,.7916701953654652,1.359985324338198,55.06342622164578,bounded_department_subset,0,treat_14,drop_rounding_band,adjacent_categories,p1_mserd,398,135,263,224,174,58,166,77,97,141,159,0,1,1,1,0,.0081684590170686,.0081684590170686,.0148889727824451,.0148889727824451,38,26,1
dept_subset,bc,2014,3,conflict_dept_subset_069,Conflict-belt departments: APURIMAC + CUSCO + SAN MARTIN,3,1189,72,90,77,.838280693293688,.9738757495871245,.1698241574840278,9.77354900420e-09,.6410265172135718,1.306724981960677,32.88578142184712,bounded_department_subset,0,treat_14,drop_rounding_band,adjacent_categories,p1_mserd,467,149,318,254,213,62,192,87,126,152,191,0,2,1,1,0,.0079464880269064,.0079464880269064,.0141716480307218,.0141716480307218,40,32,1
dept_subset,bc,2014,4,conflict_dept_subset_072,Conflict-belt departments: HUANCAVELICA + SAN MARTIN,2,978,51,86,56,.9092046146344287,1.105863138647548,.1988410549323351,2.67399298644e-08,.7161418323322211,1.495584444962876,30.93076397979123,bounded_department_subset,0,treat_14,drop_rounding_band,adjacent_categories,p1_mserd,389,161,228,256,133,75,181,86,47,136,117,0,1,1,1,0,.007288147887393,.007288147887393,.0144262770638686,.0144262770638686,37,14,1
dept_subset,bc,2014,5,conflict_dept_subset_077,Conflict-belt departments: APURIMAC + CUSCO + HUANCAVELICA + SAN MARTIN,4,1610,72,136,117,.8438004564604212,.9382973442303429,.1702994390542802,3.59463466697e-08,.6045165770965798,1.272078111364106,30.35669864046683,bounded_department_subset,0,treat_14,drop_rounding_band,adjacent_categories,p1_mserd,677,259,418,384,293,107,277,152,141,181,241,0,2,1,1,0,.0063892404502894,.0063892404502894,.0119596476000804,.0119596476000804,46,26,1
dept_subset,bc,2014,6,conflict_dept_subset_005,Conflict-belt departments: APURIMAC + CUSCO,2,632,53,50,61,.6769570287735613,.792759978395891,.1998009332809833,.0000725546513158,.4011573450876736,1.184362611704108,15.74303312672622,bounded_department_subset,0,treat_14,drop_rounding_band,adjacent_categories,p1_mserd,288,98,190,128,160,32,96,66,94,99,147,0,1,1,1,0,.0111079812915602,.0111079812915602,.017602779607627,.017602779607627,28,25,1
dept_subset,bc,2014,7,conflict_dept_subset_013,Conflict-belt departments: APURIMAC + CUSCO + HUANCAVELICA,3,1053,57,96,101,.7288853840874068,.8430827168255086,.2145891873570719,.0000853629992439,.4224956381339298,1.263669795517087,15.43564218226744,bounded_department_subset,0,treat_14,drop_rounding_band,adjacent_categories,p1_mserd,498,208,290,258,240,77,181,131,109,153,207,0,1,1,1,0,.007002916121741,.007002916121741,.0121925594078628,.0121925594078628,37,20,1
dept_subset,bc,2014,8,conflict_dept_subset_076,Conflict-belt departments: CUSCO + HUANCAVELICA + SAN MARTIN,3,1124,56,93,67,.7143441969348198,.8815272120547701,.2985671183458748,.0031518541525386,.2963464131289476,1.466708010980593,8.717410421353692,bounded_department_subset,0,treat_14,drop_rounding_band,adjacent_categories,p1_mserd,458,175,283,286,172,79,207,96,76,148,151,0,2,1,1,0,.0069895282092388,.0069895282092388,.0135155840409734,.0135155840409734,39,17,1
dept_subset,bc,2014,9,conflict_dept_subset_075,Conflict-belt departments: APURIMAC + AYACUCHO + HUANCAVELICA + SAN MARTIN,4,2852,173,203,184,.5036878406219747,.5634005135053509,.1927876534624497,.0034735743376635,.185543656054961,.9412573709557408,8.540357336680515,bounded_department_subset,0,treat_14,drop_rounding_band,adjacent_categories,p1_mserd,1316,531,785,602,714,179,423,352,362,236,477,0,3,1,1,0,.0076501687320454,.0076501687320454,.0141497210593919,.0141497210593919,106,67,1
dept_subset,bc,2014,10,conflict_dept_subset_079,Conflict-belt departments: APURIMAC + AYACUCHO + CUSCO + HUANCAVELICA + SAN MARTIN,5,2998,178,210,195,.4605928710199044,.5177159992380089,.1876838093435708,.0058076572032306,.1498624924433281,.8855695060326898,7.609034508083798,bounded_department_subset,0,treat_14,drop_rounding_band,adjacent_categories,p1_mserd,1385,545,840,632,753,183,449,362,391,243,495,0,4,1,1,0,.0075778459809199,.0075778459809199,.0138440829822599,.0138440829822599,107,71,1
dept_subset,bc,2015,1,conflict_dept_subset_073,Conflict-belt departments: APURIMAC + HUANCAVELICA + SAN MARTIN,3,1464,63,129,106,.9563313276712582,1.044517124077338,.1272033589698989,2.18631946662e-16,.7952031217838164,1.29383112637086,67.42702053057941,bounded_department_subset,0,treat_15,drop_rounding_band,adjacent_categories,p1_mserd,608,249,359,354,254,103,251,146,108,171,211,0,1,1,1,0,.006365542024256,.006365542024256,.0122262849176092,.0122262849176092,42,21,1
dept_subset,bc,2015,2,conflict_dept_subset_065,Conflict-belt departments: APURIMAC + SAN MARTIN,2,1043,64,83,66,.9296370489830403,1.075573116947507,.1450158919380422,1.19863776514e-13,.7913471915629924,1.359799042332022,55.01089129136349,bounded_department_subset,0,treat_15,drop_rounding_band,adjacent_categories,p1_mserd,398,139,259,224,174,58,166,81,93,141,159,0,1,1,1,0,.008171858410661,.008171858410661,.0148948936358438,.0148948936358438,38,26,1
dept_subset,bc,2015,3,conflict_dept_subset_069,Conflict-belt departments: APURIMAC + CUSCO + SAN MARTIN,3,1189,72,90,77,.8382412832893498,.9738562700428215,.1698186208551344,9.76938334546e-09,.6410178892624956,1.306694650823147,32.88661017867965,bounded_department_subset,0,treat_15,drop_rounding_band,adjacent_categories,p1_mserd,467,153,314,254,213,62,192,91,122,152,191,0,2,1,1,0,.0079472469562132,.0079472469562132,.0141751142297102,.0141751142297102,40,32,1
dept_subset,bc,2015,4,conflict_dept_subset_072,Conflict-belt departments: HUANCAVELICA + SAN MARTIN,2,978,51,86,56,.9098451131427741,1.106506498049238,.1987000019284694,2.56603961834e-08,.7170616505413991,1.495951345557077,31.01074463781484,bounded_department_subset,0,treat_15,drop_rounding_band,adjacent_categories,p1_mserd,389,162,227,256,133,75,181,87,46,136,117,0,1,1,1,0,.0072820303760145,.0072820303760145,.0144127463557349,.0144127463557349,37,14,1
dept_subset,bc,2015,5,conflict_dept_subset_077,Conflict-belt departments: APURIMAC + CUSCO + HUANCAVELICA + SAN MARTIN,4,1610,72,136,117,.8437832497520493,.9382835413272851,.1702986312236534,3.59575623601e-08,.6045043575124562,1.272062725142114,30.35609351043879,bounded_department_subset,0,treat_15,drop_rounding_band,adjacent_categories,p1_mserd,677,263,414,384,293,107,277,156,137,181,241,0,2,1,1,0,.0063894914169127,.0063894914169127,.0119603035416675,.0119603035416675,46,26,1
dept_subset,bc,2015,6,conflict_dept_subset_005,Conflict-belt departments: APURIMAC + CUSCO,2,632,53,50,61,.6767206128930428,.7924449386519523,.199772952074454,.0000728661056306,.4008971475007763,1.183992729803128,15.73493007350513,bounded_department_subset,0,treat_15,drop_rounding_band,adjacent_categories,p1_mserd,288,101,187,128,160,32,96,69,91,99,147,0,1,1,1,0,.0111181982137801,.0111181982137801,.0176266482402393,.0176266482402393,28,25,1
dept_subset,bc,2015,7,conflict_dept_subset_013,Conflict-belt departments: APURIMAC + CUSCO + HUANCAVELICA,3,1053,57,96,101,.7288990666544668,.8431029349926618,.2145868792950721,.0000853145736038,.4225203800194767,1.263685489965847,15.43671458704417,bounded_department_subset,0,treat_15,drop_rounding_band,adjacent_categories,p1_mserd,498,211,287,258,240,77,181,134,106,153,207,0,1,1,1,0,.0070038635952349,.0070038635952349,.0121961091522551,.0121961091522551,37,20,1
dept_subset,bc,2015,8,conflict_dept_subset_076,Conflict-belt departments: CUSCO + HUANCAVELICA + SAN MARTIN,3,1124,56,93,67,.7148472476062809,.8820247884459342,.2987632823070916,.0031546436857674,.296459515221062,1.467590061670807,8.715797617211553,bounded_department_subset,0,treat_15,drop_rounding_band,adjacent_categories,p1_mserd,458,176,282,286,172,79,207,97,75,148,151,0,2,1,1,0,.0069839530756425,.0069839530756425,.0135051202417089,.0135051202417089,39,17,1
dept_subset,bc,2015,9,conflict_dept_subset_075,Conflict-belt departments: APURIMAC + AYACUCHO + HUANCAVELICA + SAN MARTIN,4,2852,194,203,184,.4807293479611258,.5355841009561042,.1816137903327109,.0031877538828176,.1796276128081822,.8915405891040262,8.696764458601093,bounded_department_subset,0,treat_15,drop_rounding_band,adjacent_categories,p1_mserd,1316,550,766,602,714,179,423,371,343,236,477,0,3,1,1,0,.0085076400029572,.0085076400029572,.0146907972955368,.0146907972955368,118,76,1
dept_subset,bc,2015,10,conflict_dept_subset_067,Conflict-belt departments: APURIMAC + AYACUCHO + SAN MARTIN,3,2431,184,157,144,.4569104130564422,.5151585065869625,.176695911807815,.0035510895846587,.1688408832281794,.8614761299457456,8.500192248863014,bounded_department_subset,0,treat_15,drop_rounding_band,adjacent_categories,p1_mserd,1106,440,666,472,634,134,338,306,328,219,448,0,3,1,1,0,.0099335229254391,.0099335229254391,.0178005972006604,.0178005972006604,102,82,1
dept_subset,bc,2016,1,conflict_dept_subset_073,Conflict-belt departments: APURIMAC + HUANCAVELICA + SAN MARTIN,3,1464,63,129,106,.9562964117192655,1.044294726852102,.1273229368958146,2.36543954536e-16,.7947463561304392,1.293843097573764,67.27177310005793,bounded_department_subset,0,treat_16,drop_rounding_band,adjacent_categories,p1_mserd,608,259,349,354,254,103,251,156,98,171,211,0,1,1,1,0,.0063702182464296,.0063702182464296,.0124431019788088,.0124431019788088,42,21,1
dept_subset,bc,2016,2,conflict_dept_subset_065,Conflict-belt departments: APURIMAC + SAN MARTIN,2,1043,64,83,66,.9338836092464466,1.083191908737384,.1444704809345611,6.49624769241e-14,.8000349692764641,1.366348848198304,56.21504691237615,bounded_department_subset,0,treat_16,drop_rounding_band,adjacent_categories,p1_mserd,398,148,250,224,174,58,166,90,84,141,159,0,1,1,1,0,.0081098472359937,.0081098472359937,.01495498024073,.01495498024073,38,26,1
dept_subset,bc,2016,3,conflict_dept_subset_069,Conflict-belt departments: APURIMAC + CUSCO + SAN MARTIN,3,1189,72,90,77,.8405592946325438,.9776704573749051,.1701045210653798,9.05892145884e-09,.644271722479326,1.311069192270484,33.03339962158797,bounded_department_subset,0,treat_16,drop_rounding_band,adjacent_categories,p1_mserd,467,163,304,254,213,62,192,101,112,152,191,0,2,1,1,0,.0079038836084648,.0079038836084648,.0142663368059914,.0142663368059914,40,32,1
dept_subset,bc,2016,4,conflict_dept_subset_072,Conflict-belt departments: HUANCAVELICA + SAN MARTIN,2,978,51,86,56,.9102902260752264,1.106949944438007,.1986026482412089,2.49396844639e-08,.7176959066509602,1.496203982225053,31.06603985916728,bounded_department_subset,0,treat_16,drop_rounding_band,adjacent_categories,p1_mserd,389,164,225,256,133,75,181,89,44,136,117,0,1,1,1,0,.0072778191886612,.0072778191886612,.014403527281173,.014403527281173,37,14,1
dept_subset,bc,2016,5,conflict_dept_subset_077,Conflict-belt departments: APURIMAC + CUSCO + HUANCAVELICA + SAN MARTIN,4,1610,71,136,117,.8444658091741853,.9387667513924236,.1703893452355157,3.59774575869e-08,.6048097713814515,1.272723731403396,30.35502055080968,bounded_department_subset,0,treat_16,drop_rounding_band,adjacent_categories,p1_mserd,677,274,403,384,293,107,277,167,126,181,241,0,2,1,1,0,.0063764589620683,.0063764589620683,.012137002295861,.012137002295861,46,25,1
dept_subset,bc,2016,6,conflict_dept_subset_013,Conflict-belt departments: APURIMAC + CUSCO + HUANCAVELICA,3,1053,57,96,101,.7283659312799691,.8427923793955688,.214885098011651,.0000877948977997,.4216253264783735,1.263959432312764,15.38255945801167,bounded_department_subset,0,treat_16,drop_rounding_band,adjacent_categories,p1_mserd,498,221,277,258,240,77,181,144,96,153,207,0,1,1,1,0,.0069677220955323,.0069677220955323,.0123577527673078,.0123577527673078,37,20,1
dept_subset,bc,2016,7,conflict_dept_subset_005,Conflict-belt departments: APURIMAC + CUSCO,2,632,52,50,61,.6603976821131563,.7820508171540645,.2016202277451664,.000104959580029,.3868824322187751,1.177219202089354,15.04533098655507,bounded_department_subset,0,treat_16,drop_rounding_band,adjacent_categories,p1_mserd,288,110,178,128,160,32,96,78,82,99,147,0,1,1,1,0,.0108466241297474,.0108466241297474,.0174969705304393,.0174969705304393,28,24,1
dept_subset,bc,2016,8,conflict_dept_subset_105,Conflict-belt departments: APURIMAC + HUANCAVELICA + JUNIN + SAN MARTIN,4,2222,159,186,150,.4486306748293154,.5338830528577138,.1738118832472476,.0021290468821553,.1932180216080278,.8745480841073997,9.434813940204025,bounded_department_subset,0,treat_16,drop_rounding_band,adjacent_categories,p1_mserd,962,408,554,537,425,164,373,244,181,210,315,0,1,1,1,0,.0094180126221311,.0094180126221311,.0172316761016444,.0172316761016444,90,69,1
dept_subset,bc,2016,9,conflict_dept_subset_075,Conflict-belt departments: APURIMAC + AYACUCHO + HUANCAVELICA + SAN MARTIN,4,2852,196,203,184,.4818057726258398,.5354559766473005,.1794087246867091,.0028398715512913,.1838213377490886,.8870906155455124,8.907594178034193,bounded_department_subset,0,treat_16,drop_rounding_band,adjacent_categories,p1_mserd,1316,570,746,602,714,179,423,391,323,236,477,0,3,1,1,0,.0086990897560045,.0086990897560045,.0148969578105111,.0148969578105111,120,76,1
dept_subset,bc,2016,10,conflict_dept_subset_076,Conflict-belt departments: CUSCO + HUANCAVELICA + SAN MARTIN,3,1124,56,93,67,.715076303077719,.8822500145116907,.2988524958686352,.0031559483668127,.2965098859192606,1.467990143104121,8.715043796575733,bounded_department_subset,0,treat_16,drop_rounding_band,adjacent_categories,p1_mserd,458,179,279,286,172,79,207,100,72,148,151,0,2,1,1,0,.0069814306261744,.0069814306261744,.0135004268823594,.0135004268823594,39,17,1
dept_subset,bc,2017,1,conflict_dept_subset_065,Conflict-belt departments: APURIMAC + SAN MARTIN,2,1043,54,83,66,1.095786630595796,1.224154739705492,.1296650035003541,3.69579943784e-21,.9700160027895381,1.478293476621446,89.13065224606727,bounded_department_subset,0,treat_17,drop_rounding_band,adjacent_categories,p1_mserd,398,174,224,224,174,58,166,116,58,141,159,0,1,1,1,0,.0074406050193519,.0074406050193519,.0143896167347748,.0143896167347748,31,23,1
dept_subset,bc,2017,2,conflict_dept_subset_073,Conflict-belt departments: APURIMAC + HUANCAVELICA + SAN MARTIN,3,1464,62,129,106,1.029361642788515,1.103913751448599,.1297891034269137,1.80904322624e-17,.8495317831461042,1.358295719751094,72.34255148178703,bounded_department_subset,0,treat_17,drop_rounding_band,adjacent_categories,p1_mserd,608,292,316,354,254,103,251,189,65,171,211,0,1,1,1,0,.0060291034918797,.0060291034918797,.0122296730379102,.0122296730379102,42,20,1
dept_subset,bc,2017,3,conflict_dept_subset_069,Conflict-belt departments: APURIMAC + CUSCO + SAN MARTIN,3,1189,72,90,77,.9632233256698488,1.080844771696592,.1674514556296572,1.08451187813e-10,.7526459495036573,1.409043593889527,41.66283300445907,bounded_department_subset,0,treat_17,drop_rounding_band,adjacent_categories,p1_mserd,467,193,274,254,213,62,192,131,82,152,191,0,2,1,1,0,.0078376885297056,.0078376885297056,.0141787560348784,.0141787560348784,40,32,1
dept_subset,bc,2017,4,conflict_dept_subset_077,Conflict-belt departments: APURIMAC + CUSCO + HUANCAVELICA + SAN MARTIN,4,1610,72,136,117,.8904357613977733,.972941657306656,.1707574402486957,1.21363659298e-08,.6382632243269624,1.30762009028635,32.46491911793238,bounded_department_subset,0,treat_17,drop_rounding_band,adjacent_categories,p1_mserd,677,311,366,384,293,107,277,204,89,181,241,0,2,1,1,0,.0064747786619915,.0064747786619915,.0124241477130807,.0124241477130807,46,26,1
dept_subset,bc,2017,5,conflict_dept_subset_005,Conflict-belt departments: APURIMAC + CUSCO,2,632,52,50,61,.8747756816335563,.9805324827566593,.1919715911903661,3.26111166588e-07,.6042750779686952,1.356789887544623,26.0885559976439,bounded_department_subset,0,treat_17,drop_rounding_band,adjacent_categories,p1_mserd,288,133,155,128,160,32,96,101,59,99,147,0,1,1,1,0,.0103136590014288,.0103136590014288,.0172653825125834,.0172653825125834,28,24,1
dept_subset,bc,2017,6,conflict_dept_subset_075,Conflict-belt departments: APURIMAC + AYACUCHO + HUANCAVELICA + SAN MARTIN,4,2852,196,203,184,.702973592859318,.7600935470623493,.1494104926408696,3.63228494126e-07,.4672543625738583,1.05293273155084,25.88045430306293,bounded_department_subset,0,treat_17,drop_rounding_band,adjacent_categories,p1_mserd,1316,660,656,602,714,180,422,480,234,236,477,0,3,1,1,0,.008624687239261,.008624687239261,.0146118305304366,.0146118305304366,120,76,1
dept_subset,bc,2017,7,conflict_dept_subset_003,Conflict-belt departments: APURIMAC + AYACUCHO,2,1874,232,117,128,.6189920505877773,.6709377068621437,.1427122118960558,2.58467934077e-06,.3912269113918256,.9506485023324618,22.10253695600334,bounded_department_subset,0,treat_17,drop_rounding_band,adjacent_categories,p1_mserd,927,482,445,346,581,105,241,377,204,184,421,0,2,1,1,0,.0146889024622563,.0146889024622563,.0254568502719366,.0254568502719366,133,99,1
dept_subset,bc,2017,8,conflict_dept_subset_067,Conflict-belt departments: APURIMAC + AYACUCHO + SAN MARTIN,3,2431,198,157,144,.6253847761685574,.6839477903708092,.1485886189587244,4.16523930749e-06,.3927194486991641,.9751761320424543,21.18726064001923,bounded_department_subset,0,treat_17,drop_rounding_band,adjacent_categories,p1_mserd,1106,542,564,472,634,135,337,407,227,219,448,0,3,1,1,0,.011121368783298,.011121368783298,.0208729836831458,.0208729836831458,111,87,1
dept_subset,bc,2017,9,conflict_dept_subset_079,Conflict-belt departments: APURIMAC + AYACUCHO + CUSCO + HUANCAVELICA + SAN MARTIN,5,2998,208,210,195,.6444207458919033,.6948364510902149,.1529833788488855,5.57473375036e-06,.3949945383131527,.994678363867277,20.62892939851415,bounded_department_subset,0,treat_17,drop_rounding_band,adjacent_categories,p1_mserd,1385,679,706,632,753,184,448,495,258,243,495,0,4,1,1,0,.0088475639653274,.0088475639653274,.0146025187474976,.0146025187474976,126,82,1
dept_subset,bc,2017,10,conflict_dept_subset_007,Conflict-belt departments: APURIMAC + AYACUCHO + CUSCO,3,2020,253,124,139,.5729481888678198,.6201271664879527,.1397752449044805,9.13899329624e-06,.3461727205449054,.894081612431,19.68343955329946,bounded_department_subset,0,treat_17,drop_rounding_band,adjacent_categories,p1_mserd,996,501,495,376,620,109,267,392,228,194,441,0,3,1,1,0,.0151096342357345,.0151096342357345,.025823247426114,.025823247426114,143,110,1
dept_subset,bc,2018,1,conflict_dept_subset_073,Conflict-belt departments: APURIMAC + HUANCAVELICA + SAN MARTIN,3,1464,73,129,106,.8126089772202556,.896929347034632,.1894528028223375,2.19795568169e-06,.5256086767326822,1.268250017336582,22.41374355913065,bounded_department_subset,0,treat_18,drop_rounding_band,adjacent_categories,p1_mserd,608,308,300,354,254,111,243,197,57,171,211,0,1,1,1,0,.0067819762914803,.0067819762914803,.0133636779264651,.0133636779264651,48,25,1
dept_subset,bc,2018,2,conflict_dept_subset_075,Conflict-belt departments: APURIMAC + AYACUCHO + HUANCAVELICA + SAN MARTIN,4,2852,182,203,184,.651969119423242,.7175270380440359,.171018651274911,.0000272141858856,.3823366408605955,1.052717435227476,17.60311749122985,bounded_department_subset,0,treat_18,drop_rounding_band,adjacent_categories,p1_mserd,1316,738,578,602,714,202,400,536,178,236,477,0,3,1,1,0,.0078262173076056,.0078262173076056,.0135495041151649,.0135495041151649,112,70,1
dept_subset,bc,2018,3,conflict_dept_subset_067,Conflict-belt departments: APURIMAC + AYACUCHO + SAN MARTIN,3,2431,170,157,144,.6508851283588777,.7182346411120135,.1798417928929173,.0000650494379666,.3657512041267842,1.070718078097243,15.94966069028037,bounded_department_subset,0,treat_18,drop_rounding_band,adjacent_categories,p1_mserd,1106,614,492,472,634,151,321,463,171,219,448,0,3,1,1,0,.0090652869792348,.0090652869792348,.0162929978737654,.0162929978737654,96,74,1
dept_subset,bc,2018,4,conflict_dept_subset_011,Conflict-belt departments: APURIMAC + AYACUCHO + HUANCAVELICA,3,2295,161,163,168,.6534058299816548,.7159224438375811,.1855468689481143,.0001141106010127,.3522572632551038,1.079587624420058,14.88760010876251,bounded_department_subset,0,treat_18,drop_rounding_band,adjacent_categories,p1_mserd,1137,671,466,476,661,172,304,499,162,216,455,0,2,1,1,0,.0083123203459115,.0083123203459115,.013526323472962,.013526323472962,99,62,1
dept_subset,bc,2018,5,conflict_dept_subset_077,Conflict-belt departments: APURIMAC + CUSCO + HUANCAVELICA + SAN MARTIN,4,1610,92,136,117,.7145189028051612,.8121805542478031,.2132683650039372,.0001399502847278,.3941822397983439,1.230178868697262,14.50281460477536,bounded_department_subset,0,treat_18,drop_rounding_band,adjacent_categories,p1_mserd,677,331,346,384,293,115,269,216,77,181,241,0,2,1,1,0,.0075203438926018,.0075203438926018,.0138258611328471,.0138258611328471,59,33,1
dept_subset,bc,2018,6,conflict_dept_subset_079,Conflict-belt departments: APURIMAC + AYACUCHO + CUSCO + HUANCAVELICA + SAN MARTIN,5,2998,200,210,195,.5933431279426635,.6506958325168615,.1722989873814678,.0001590153099779,.3129960226764633,.9883956423572596,14.26233392330598,bounded_department_subset,0,treat_18,drop_rounding_band,adjacent_categories,p1_mserd,1385,761,624,632,753,206,426,555,198,243,495,0,4,1,1,0,.008227184700362,.008227184700362,.0137663906429644,.0137663906429644,122,78,1
dept_subset,bc,2018,7,conflict_dept_subset_003,Conflict-belt departments: APURIMAC + AYACUCHO,2,1874,146,117,128,.6574401052681711,.7265590830965885,.1933264938314745,.0001711419985411,.3476461179294937,1.105472048263683,14.12404601109567,bounded_department_subset,0,treat_18,drop_rounding_band,adjacent_categories,p1_mserd,927,547,380,346,581,121,225,426,155,184,421,0,2,1,1,0,.009644261031774,.009644261031774,.0169093465662119,.0169093465662119,80,66,1
dept_subset,bc,2018,8,conflict_dept_subset_065,Conflict-belt departments: APURIMAC + SAN MARTIN,2,1043,76,83,66,.7211032263267561,.8087671549325866,.2202305591505395,.0002403154365231,.3771231907024111,1.240411119162762,13.48626994847156,bounded_department_subset,0,treat_18,drop_rounding_band,adjacent_categories,p1_mserd,398,184,214,224,174,60,164,124,50,141,159,0,1,1,1,0,.010653022075825,.010653022075825,.0195313113761807,.0195313113761807,44,32,1
dept_subset,bc,2018,9,conflict_dept_subset_071,Conflict-belt departments: APURIMAC + AYACUCHO + CUSCO + SAN MARTIN,4,2577,183,164,155,.5950406749806535,.6549328833491315,.1788858946782089,.0002510594509767,.3043229724376169,1.005542794260646,13.40421539327935,bounded_department_subset,0,treat_18,drop_rounding_band,adjacent_categories,p1_mserd,1175,637,538,502,673,155,347,482,191,226,468,0,4,1,1,0,.0093088516354653,.0093088516354653,.0162638271801617,.0162638271801617,101,82,1
dept_subset,bc,2018,10,conflict_dept_subset_107,Conflict-belt departments: APURIMAC + AYACUCHO + HUANCAVELICA + JUNIN + SAN MARTIN,5,3610,258,260,228,.4750930189574972,.5328153885493212,.1501305314028689,.0003866762204987,.2385649540198387,.8270658230788037,12.59550182711878,bounded_department_subset,0,treat_18,drop_rounding_band,adjacent_categories,p1_mserd,1670,920,750,785,885,266,519,654,231,259,538,0,3,1,1,0,.0091145796311579,.0091145796311579,.015843340019816,.015843340019816,146,112,1
dept_subset,bc,2019,1,conflict_dept_subset_067,Conflict-belt departments: APURIMAC + AYACUCHO + SAN MARTIN,3,2431,151,157,144,.6433268293068168,.7053565157067223,.1793481273280761,.0000839305361653,.3538406454489893,1.056872385964455,15.46762634932161,bounded_department_subset,0,treat_19,drop_rounding_band,adjacent_categories,p1_mserd,1106,807,299,472,634,282,190,525,109,219,448,0,3,1,1,0,.007736578099657,.007736578099657,.0136506711163226,.0136506711163226,86,65,1
dept_subset,bc,2019,2,conflict_dept_subset_003,Conflict-belt departments: APURIMAC + AYACUCHO,2,1874,141,117,128,.6186216412345384,.6735665273689748,.1725325109894018,.000094616677085,.3354090196674863,1.011724035070463,15.24119810003544,bounded_department_subset,0,treat_19,drop_rounding_band,adjacent_categories,p1_mserd,927,688,239,346,581,206,140,482,99,184,421,0,2,1,1,0,.0094095327041287,.0094095327041287,.0154811571423766,.0154811571423766,77,64,1
dept_subset,bc,2019,3,conflict_dept_subset_075,Conflict-belt departments: APURIMAC + AYACUCHO + HUANCAVELICA + SAN MARTIN,4,2852,197,203,184,.4812064831389602,.5338277141269807,.1453281147077026,.0002394771225389,.2489898433587779,.8186655848951836,13.49282707201446,bounded_department_subset,0,treat_19,drop_rounding_band,adjacent_categories,p1_mserd,1316,981,335,602,714,382,220,599,115,236,477,0,3,1,1,0,.0087513619855155,.0087513619855155,.0147313148853586,.0147313148853586,121,76,1
dept_subset,bc,2019,4,conflict_dept_subset_011,Conflict-belt departments: APURIMAC + AYACUCHO + HUANCAVELICA,3,2295,188,163,168,.4613822570604411,.5121545489677177,.1425788905091933,.0003280511520079,.2327050586140193,.7916040393214161,12.9030270339101,bounded_department_subset,0,treat_19,drop_rounding_band,adjacent_categories,p1_mserd,1137,862,275,476,661,306,170,556,105,216,455,0,2,1,1,0,.0100992188128367,.0100992188128367,.0163431795915457,.0163431795915457,112,76,1
dept_subset,bc,2019,5,conflict_dept_subset_035,Conflict-belt departments: APURIMAC + AYACUCHO + JUNIN,3,2632,277,174,172,.4070317646859456,.4497054819765012,.1270478597517796,.0004006517326021,.2006962525501174,.698714711402885,12.52915138780069,bounded_department_subset,0,treat_19,drop_rounding_band,adjacent_categories,p1_mserd,1281,928,353,529,752,315,214,613,139,225,490,0,2,1,1,0,.0133912830239979,.0133912830239979,.0228601135139944,.0228601135139944,147,130,1
dept_subset,bc,2019,6,conflict_dept_subset_099,Conflict-belt departments: APURIMAC + AYACUCHO + JUNIN + SAN MARTIN,4,3189,257,214,188,.4078326929517264,.460669918792098,.1305480599644755,.0004175460700243,.2048004230101507,.7165394145740451,12.45199288731249,bounded_department_subset,0,treat_19,drop_rounding_band,adjacent_categories,p1_mserd,1460,1047,413,655,805,391,264,656,149,249,513,0,3,1,1,0,.0107351609691192,.0107351609691192,.0196877088676835,.0196877088676835,134,123,1
dept_subset,bc,2019,7,conflict_dept_subset_065,Conflict-belt departments: APURIMAC + SAN MARTIN,2,1043,53,83,66,.8679361351079236,.9778972039423379,.2804632842725168,.0004889813118602,.4281992677823862,1.52759514010229,12.15722285794251,bounded_department_subset,0,treat_19,drop_rounding_band,adjacent_categories,p1_mserd,398,273,125,224,174,128,96,145,29,141,159,0,1,1,1,0,.0072165657754889,.0072165657754889,.0142751998692293,.0142751998692293,30,23,1
dept_subset,bc,2019,8,conflict_dept_subset_107,Conflict-belt departments: APURIMAC + AYACUCHO + HUANCAVELICA + JUNIN + SAN MARTIN,5,3610,305,260,228,.325277884012803,.3725519101857968,.1137847322367179,.0010596837538772,.1495379330112962,.5955658873602974,10.72026707975667,bounded_department_subset,0,treat_19,drop_rounding_band,adjacent_categories,p1_mserd,1670,1221,449,785,885,491,294,730,155,259,538,0,3,1,1,0,.01129639311119,.01129639311119,.0197440841393444,.0197440841393444,168,137,1
dept_subset,bc,2019,9,conflict_dept_subset_083,Conflict-belt departments: APURIMAC + AYACUCHO + HUANUCO + SAN MARTIN,4,3289,215,217,188,.4717418673083864,.5200622137258706,.161401151079862,.0012722289152382,.203721770546033,.8364026569057081,10.38239015959079,bounded_department_subset,0,treat_19,drop_rounding_band,adjacent_categories,p1_mserd,1477,1064,413,691,786,425,266,639,147,264,517,0,4,1,1,0,.0081247487242841,.0081247487242841,.0140378131448524,.0140378131448524,121,94,1
dept_subset,bc,2019,10,conflict_dept_subset_043,Conflict-belt departments: APURIMAC + AYACUCHO + HUANCAVELICA + JUNIN,4,3053,393,220,212,.3051429528055607,.3396108545438845,.1088569982316745,.0018098069145124,.1262550585446622,.5529666505431068,9.73308276757396,bounded_department_subset,0,treat_19,drop_rounding_band,adjacent_categories,p1_mserd,1491,1102,389,659,832,415,244,687,145,244,519,0,2,1,1,0,.0157369433473398,.0157369433473398,.0259407060920075,.0259407060920075,221,172,1
dept_subset,bc,2020,1,conflict_dept_subset_065,Conflict-belt departments: APURIMAC + SAN MARTIN,2,1043,83,83,66,.5709132352892654,.6388902172612574,.2374063421673716,.0071211440097247,.1735823369118165,1.104198097610698,7.242155459063548,bounded_department_subset,0,treat_20,drop_rounding_band,adjacent_categories,p1_mserd,398,297,101,224,174,148,76,149,25,141,159,0,1,1,1,0,.0118647689146428,.0118647689146428,.0212519914919495,.0212519914919495,50,33,1
dept_subset,bc,2020,2,conflict_dept_subset_067,Conflict-belt departments: APURIMAC + AYACUCHO + SAN MARTIN,3,2431,216,157,144,.3029463033825732,.3465189752563449,.1334561906977804,.0094178954769479,.084949647974786,.6080883025379038,6.741811320383624,bounded_department_subset,0,treat_20,drop_rounding_band,adjacent_categories,p1_mserd,1106,880,226,472,634,342,130,538,96,219,448,0,3,1,1,0,.0119417104325023,.0119417104325023,.0208792917628536,.0208792917628536,126,90,1
dept_subset,bc,2020,3,conflict_dept_subset_075,Conflict-belt departments: APURIMAC + AYACUCHO + HUANCAVELICA + SAN MARTIN,4,2852,311,203,184,.2294420443239109,.2694545228752916,.1047421945652669,.0100952399835415,.0641635938656815,.4747454518849017,6.618013023388659,bounded_department_subset,0,treat_20,drop_rounding_band,adjacent_categories,p1_mserd,1316,1062,254,602,714,450,152,612,102,236,477,0,3,1,1,0,.0142750828869474,.0142750828869474,.0252165417382864,.0252165417382864,190,121,1
dept_subset,bc,2020,4,conflict_dept_subset_073,Conflict-belt departments: APURIMAC + HUANCAVELICA + SAN MARTIN,3,1464,140,129,106,.3190204385618631,.3658017106099687,.1474971729300334,.013136059631258,.0767125638456271,.6548908573743103,6.150693296220947,bounded_department_subset,0,treat_20,drop_rounding_band,adjacent_categories,p1_mserd,608,479,129,354,254,256,98,223,31,171,211,0,1,1,1,0,.0140469737791856,.0140469737791856,.0223436232632557,.0223436232632557,92,48,1
dept_subset,bc,2020,5,conflict_dept_subset_011,Conflict-belt departments: APURIMAC + AYACUCHO + HUANCAVELICA,3,2295,289,163,168,.228718447973643,.2680713169076965,.1094433712273726,.0143091811650885,.0535662509553991,.4825763828599938,5.999592741231931,bounded_department_subset,0,treat_20,drop_rounding_band,adjacent_categories,p1_mserd,1137,933,204,476,661,368,108,565,96,216,455,0,2,1,1,0,.0149757689427172,.0149757689427172,.0250598432836085,.0250598432836085,175,114,1
dept_subset,bc,2020,6,conflict_dept_subset_009,Conflict-belt departments: APURIMAC + HUANCAVELICA,2,907,85,89,90,.3570905236177864,.3979441343689487,.1678958641974366,.0177792223134768,.0688742873887451,.7270139813491523,5.617773418702794,bounded_department_subset,0,treat_20,drop_rounding_band,adjacent_categories,p1_mserd,429,350,79,228,201,174,54,176,25,139,175,0,0,1,1,0,.0118274196810321,.0118274196810321,.017476166817966,.017476166817966,57,28,1
dept_subset,bc,2020,7,conflict_dept_subset_003,Conflict-belt departments: APURIMAC + AYACUCHO,2,1874,232,117,128,.2621982292501757,.3046710592114314,.1291722194691308,.018341926674534,.0514981612488316,.5578439571740313,5.563193440431025,bounded_department_subset,0,treat_20,drop_rounding_band,adjacent_categories,p1_mserd,927,751,176,346,581,260,86,491,90,184,421,0,2,1,1,0,.0146900111142079,.0146900111142079,.0247362719440203,.0247362719440203,133,99,1
dept_subset,bc,2020,8,conflict_dept_subset_107,Conflict-belt departments: APURIMAC + AYACUCHO + HUANCAVELICA + JUNIN + SAN MARTIN,5,3610,338,260,228,.2018144344234103,.23392806526413,.0999766052351517,.0192926200019459,.0379775197066541,.4298786108216059,5.474795303152331,bounded_department_subset,0,treat_20,drop_rounding_band,adjacent_categories,p1_mserd,1670,1317,353,785,885,569,216,748,137,259,538,0,3,1,1,0,.0125505341661573,.0125505341661573,.0194685507385017,.0194685507385017,191,147,1
dept_subset,bc,2020,9,conflict_dept_subset_099,Conflict-belt departments: APURIMAC + AYACUCHO + JUNIN + SAN MARTIN,4,3189,294,214,188,.2212100122198193,.2513555129852516,.1130035226101626,.0261272090533376,.0298726785431753,.4728383474273279,4.947580470585633,bounded_department_subset,0,treat_20,drop_rounding_band,adjacent_categories,p1_mserd,1460,1135,325,655,805,461,194,674,131,249,513,0,3,1,1,0,.012676566240748,.012676566240748,.0197782384247847,.0197782384247847,158,136,1
dept_subset,bc,2020,10,conflict_dept_subset_105,Conflict-belt departments: APURIMAC + HUANCAVELICA + JUNIN + SAN MARTIN,4,2222,198,186,150,.2376661494922725,.2750985006386157,.1254104952888082,.0282653040345231,.0292984465892216,.5208985546880098,4.811812330206872,bounded_department_subset,0,treat_20,drop_rounding_band,adjacent_categories,p1_mserd,962,734,228,537,425,375,162,359,66,210,315,0,1,1,1,0,.0128021257441412,.0128021257441412,.0185117382430468,.0185117382430468,113,85,1
dept_subset,bc,2021,1,conflict_dept_subset_075,Conflict-belt departments: APURIMAC + AYACUCHO + HUANCAVELICA + SAN MARTIN,4,2852,266,203,184,.23968462851314,.2794285973970352,.1112475965315179,.0120126674052919,.0613873148286172,.4974698799654532,6.308998551168392,bounded_department_subset,0,treat_21,drop_rounding_band,adjacent_categories,p1_mserd,1316,1092,224,602,714,478,124,614,100,236,477,0,3,1,1,0,.0123038215245954,.0123038215245954,.0208171069282937,.0208171069282937,160,106,1
dept_subset,bc,2021,2,conflict_dept_subset_065,Conflict-belt departments: APURIMAC + SAN MARTIN,2,1043,80,83,66,.5063957032140413,.5782084320150651,.2359010683087238,.0142434934404782,.1158508342154435,1.040566029814687,6.007710906875007,bounded_department_subset,0,treat_21,drop_rounding_band,adjacent_categories,p1_mserd,398,318,80,224,174,168,56,150,24,141,159,0,1,1,1,0,.0116162906507729,.0116162906507729,.0202586646495024,.0202586646495024,48,32,1
dept_subset,bc,2021,3,conflict_dept_subset_067,Conflict-belt departments: APURIMAC + AYACUCHO + SAN MARTIN,3,2431,251,157,144,.2526002929901565,.2984960567982391,.1225746641364221,.0148828107248675,.0582541296737585,.5387379839227197,5.930287833966488,bounded_department_subset,0,treat_21,drop_rounding_band,adjacent_categories,p1_mserd,1106,906,200,472,634,366,106,540,94,219,448,0,3,1,1,0,.0136598822944585,.0136598822944585,.0249943981179136,.0249943981179136,145,106,1
dept_subset,bc,2021,4,conflict_dept_subset_011,Conflict-belt departments: APURIMAC + AYACUCHO + HUANCAVELICA,3,2295,218,163,168,.242971080364309,.2826643166430038,.1181076749685092,.0166986540137754,.051177527406963,.5141511058790447,5.727772148966117,bounded_department_subset,0,treat_21,drop_rounding_band,adjacent_categories,p1_mserd,1137,948,189,476,661,381,95,567,94,216,455,0,2,1,1,0,.0119479412794418,.0119479412794418,.019360073588882,.019360073588882,133,85,1
dept_subset,bc,2021,5,conflict_dept_subset_009,Conflict-belt departments: APURIMAC + HUANCAVELICA,2,907,84,89,90,.3502755995013593,.3948506606133559,.1684870900755362,.0191034081394688,.0646220322053491,.7250792890213628,5.492024658792025,bounded_department_subset,0,treat_21,drop_rounding_band,adjacent_categories,p1_mserd,429,360,69,228,201,183,45,177,24,139,175,0,0,1,1,0,.0114396485585436,.0114396485585436,.0169091673214289,.0169091673214289,56,28,1
dept_subset,bc,2021,6,conflict_dept_subset_073,Conflict-belt departments: APURIMAC + HUANCAVELICA + SAN MARTIN,3,1464,137,129,106,.3005455607811689,.3463700924102963,.1492634874460807,.0203123355025488,.0538190328091317,.6389211520114608,5.384849900726643,bounded_department_subset,0,treat_21,drop_rounding_band,adjacent_categories,p1_mserd,608,504,104,354,254,280,74,224,30,171,211,0,1,1,1,0,.0134170382201877,.0134170382201877,.021093314350468,.021093314350468,91,46,1
dept_subset,bc,2021,7,conflict_dept_subset_107,Conflict-belt departments: APURIMAC + AYACUCHO + HUANCAVELICA + JUNIN + SAN MARTIN,5,3610,308,260,228,.1968455789415737,.2324871084551399,.1015887402957033,.0221076893327793,.0333768362407686,.4315973806695111,5.237289752318947,bounded_department_subset,0,treat_21,drop_rounding_band,adjacent_categories,p1_mserd,1670,1358,312,785,885,604,181,754,131,259,538,0,3,1,1,0,.0113666421929529,.0113666421929529,.0177615471922628,.0177615471922628,171,137,1
dept_subset,bc,2021,8,conflict_dept_subset_003,Conflict-belt departments: APURIMAC + AYACUCHO,2,1874,175,117,128,.2767589350559947,.3194837906770887,.1407437178083933,.023209500945788,.0436311727223692,.595336408631808,5.152756496791107,bounded_department_subset,0,treat_21,drop_rounding_band,adjacent_categories,p1_mserd,927,762,165,346,581,269,77,493,88,184,421,0,2,1,1,0,.0120735547698477,.0120735547698477,.020325916623294,.020325916623294,100,75,1
dept_subset,bc,2021,9,conflict_dept_subset_099,Conflict-belt departments: APURIMAC + AYACUCHO + JUNIN + SAN MARTIN,4,3189,270,214,188,.2081631394612622,.2457045276298144,.1144834595861831,.0318569373572148,.0213210700153487,.4700879852442801,4.606179189166896,bounded_department_subset,0,treat_21,drop_rounding_band,adjacent_categories,p1_mserd,1460,1172,288,655,805,492,163,680,125,249,513,0,3,1,1,0,.0115210801665947,.0115210801665947,.0182908689777862,.0182908689777862,142,128,1
dept_subset,bc,2021,10,conflict_dept_subset_043,Conflict-belt departments: APURIMAC + AYACUCHO + HUANCAVELICA + JUNIN,4,3053,277,220,212,.1853337864657818,.2148872767683121,.1045537279792514,.0398518841688747,.0099657354795817,.4198088180570425,4.224179445363523,bounded_department_subset,0,treat_21,drop_rounding_band,adjacent_categories,p1_mserd,1491,1214,277,659,832,507,152,707,125,244,519,0,2,1,1,0,.011869989466186,.011869989466186,.0177015468540619,.0177015468540619,153,124,1
dept_subset,bc,2022,1,conflict_dept_subset_065,Conflict-belt departments: APURIMAC + SAN MARTIN,2,1043,91,83,66,.2433263040518903,.2754938011988508,.2059823523299313,.1810715103174946,-.1282241908186545,.6792117932163562,1.788807617965605,bounded_department_subset,0,treat_22,drop_rounding_band,adjacent_categories,p1_mserd,398,338,60,224,174,182,42,156,18,141,159,0,1,1,1,0,.0138270559935942,.0138270559935942,.02349841806134,.02349841806134,56,35,1
dept_subset,bc,2022,2,conflict_dept_subset_097,Conflict-belt departments: APURIMAC + JUNIN + SAN MARTIN,3,1801,156,140,110,.1577808640812484,.1712811989504948,.1478141859580508,.2465539357263891,-.118429281931391,.4609916798323805,1.342725252324584,bounded_department_subset,0,treat_22,drop_rounding_band,adjacent_categories,p1_mserd,752,625,127,407,345,327,80,298,47,193,272,0,1,1,1,0,.0129201422790866,.0129201422790866,.0193373970593663,.0193373970593663,82,74,1
dept_subset,bc,2022,3,conflict_dept_subset_033,Conflict-belt departments: APURIMAC + JUNIN,2,1244,108,100,94,.1407503870407598,.1604754721175055,.1555724210330105,.3022988166636599,-.1444408700948966,.4653918143299076,1.064025664878246,bounded_department_subset,0,treat_22,drop_rounding_band,adjacent_categories,p1_mserd,573,474,99,281,292,223,58,251,41,155,234,0,0,1,1,0,.0122245216477331,.0122245216477331,.0181098133193002,.0181098133193002,51,57,1
dept_subset,bc,2022,4,conflict_dept_subset_009,Conflict-belt departments: APURIMAC + HUANCAVELICA,2,907,116,89,90,.1121476256681799,.128920733109527,.1279108410117815,.3135047370916503,-.1217799085057936,.3796213747248476,1.015852898486602,bounded_department_subset,0,treat_22,drop_rounding_band,adjacent_categories,p1_mserd,429,385,44,228,201,200,28,185,16,139,175,0,0,1,1,0,.0156968942714472,.0156968942714472,.0245920548864478,.0245920548864478,79,37,1
dept_subset,bc,2022,5,conflict_dept_subset_067,Conflict-belt departments: APURIMAC + AYACUCHO + SAN MARTIN,3,2431,282,157,144,.0781017709468599,.1088856733557166,.1098031492862779,.3213710433274776,-.1063245446344629,.3240958913458962,.9833585305017291,bounded_department_subset,0,treat_22,drop_rounding_band,adjacent_categories,p1_mserd,1106,956,150,472,634,395,77,561,73,219,448,0,3,1,1,0,.0149744606010042,.0149744606010042,.0251594119173347,.0251594119173347,165,117,1
dept_subset,bc,2022,6,conflict_dept_subset_105,Conflict-belt departments: APURIMAC + HUANCAVELICA + JUNIN + SAN MARTIN,4,2222,208,186,150,.0945743292913634,.1139117093102857,.1165837864600232,.3285294496416488,-.1145883133326681,.3424117319532396,.9546857158771616,bounded_department_subset,0,treat_22,drop_rounding_band,adjacent_categories,p1_mserd,962,823,139,537,425,449,88,374,51,210,315,0,1,1,1,0,.0133093581624944,.0133093581624944,.0197525500463523,.0197525500463523,120,88,1
dept_subset,bc,2022,7,conflict_dept_subset_073,Conflict-belt departments: APURIMAC + HUANCAVELICA + SAN MARTIN,3,1464,159,129,106,.1008637150886365,.1253489541067485,.1285696974019219,.329585341683808,-.1266430223042312,.3773409305177283,.9505264048504583,bounded_department_subset,0,treat_22,drop_rounding_band,adjacent_categories,p1_mserd,608,536,72,354,254,304,50,232,22,171,211,0,1,1,1,0,.0151303503677536,.0151303503677536,.0238754259462193,.0238754259462193,107,52,1
dept_subset,bc,2022,8,conflict_dept_subset_011,Conflict-belt departments: APURIMAC + AYACUCHO + HUANCAVELICA,3,2295,221,163,168,.0749288592492119,.1070173670937518,.1099456160974646,.330371238567499,-.1084720807153459,.3225068149028495,.9474421231019318,bounded_department_subset,0,treat_22,drop_rounding_band,adjacent_categories,p1_mserd,1137,1003,134,476,661,413,63,590,71,216,455,0,2,1,1,0,.0122390419106195,.0122390419106195,.0202787825369128,.0202787825369128,134,87,1
dept_subset,bc,2022,9,conflict_dept_subset_099,Conflict-belt departments: APURIMAC + AYACUCHO + JUNIN + SAN MARTIN,4,3189,319,214,188,.0769854908573451,.091770930194647,.1045171423928206,.3799183852537634,-.1130789046623258,.2966207650516198,.7709659775271711,bounded_department_subset,0,treat_22,drop_rounding_band,adjacent_categories,p1_mserd,1460,1243,217,655,805,540,115,703,102,249,513,0,3,1,1,0,.0134543679234358,.0134543679234358,.0208815295131371,.0208815295131371,174,145,1
dept_subset,bc,2022,10,conflict_dept_subset_113,Conflict-belt departments: APURIMAC + HUANUCO + JUNIN + SAN MARTIN,4,2659,261,200,154,.114091081101537,.1126145019433971,.1296411567180063,.3850313757178141,-.1414774961380081,.3667065000248022,.754575753654365,bounded_department_subset,0,treat_22,drop_rounding_band,adjacent_categories,p1_mserd,1123,939,184,626,497,519,107,420,77,245,360,0,2,1,1,0,.0129504162489734,.0129504162489734,.0205316077971059,.0205316077971059,142,119,1
dept_subset,bc,2023,1,conflict_dept_subset_033,Conflict-belt departments: APURIMAC + JUNIN,2,1244,115,100,94,.2079753714215842,.2230045971934025,.1515258576965298,.1410947895493908,-.0739806266183372,.5199898210051421,2.165978443749425,bounded_department_subset,0,treat_23,drop_rounding_band,adjacent_categories,p1_mserd,573,484,89,281,292,229,52,255,37,155,234,0,0,1,1,0,.0129646378564684,.0129646378564684,.0204549232561714,.0204549232561714,56,59,1
dept_subset,bc,2023,2,conflict_dept_subset_041,Conflict-belt departments: APURIMAC + HUANCAVELICA + JUNIN,3,1665,190,146,134,.1271939788229681,.1453812523016915,.1110412123275317,.1904480181996396,-.0722555246599356,.3630180292633187,1.71414841581053,bounded_department_subset,0,treat_23,drop_rounding_band,adjacent_categories,p1_mserd,783,686,97,411,372,353,58,333,39,188,285,0,0,1,1,0,.0150645964866679,.0150645964866679,.0250240689623909,.0250240689623909,108,82,1
dept_subset,bc,2023,3,conflict_dept_subset_035,Conflict-belt departments: APURIMAC + AYACUCHO + JUNIN,3,2632,262,174,172,.1119100134506588,.1394800820569659,.1069990082633011,.192382196216451,-.0702341205206077,.3491942846345396,1.699279756301789,bounded_department_subset,0,treat_23,drop_rounding_band,adjacent_categories,p1_mserd,1281,1113,168,529,752,451,78,662,90,225,490,0,2,1,1,0,.0128888320804599,.0128888320804599,.0214879329421695,.0214879329421695,138,124,1
dept_subset,bc,2023,4,conflict_dept_subset_009,Conflict-belt departments: APURIMAC + HUANCAVELICA,2,907,115,89,90,.1240776343145791,.1501168097582237,.1272106871328985,.237974581764328,-.0992115554708501,.3994451749872975,1.392552110098482,bounded_department_subset,0,treat_23,drop_rounding_band,adjacent_categories,p1_mserd,429,391,38,228,201,204,24,187,14,139,175,0,0,1,1,0,.0155035380163283,.0155035380163283,.0248120354190993,.0248120354190993,79,36,1
dept_subset,bc,2023,5,conflict_dept_subset_097,Conflict-belt departments: APURIMAC + JUNIN + SAN MARTIN,3,1801,180,140,110,.1439681415201546,.1573729125681425,.1338815831537643,.239809336870444,-.10503016860644,.4197759937427249,1.38171440907947,bounded_department_subset,0,treat_23,drop_rounding_band,adjacent_categories,p1_mserd,752,640,112,407,345,338,69,302,43,193,272,0,1,1,1,0,.014884056243744,.014884056243744,.0246023811636234,.0246023811636234,95,85,1
dept_subset,bc,2023,6,conflict_dept_subset_099,Conflict-belt departments: APURIMAC + AYACUCHO + JUNIN + SAN MARTIN,4,3189,357,214,188,.0807744037706379,.106876753673822,.0937463070296852,.2542597991368726,-.076862631787995,.290616139135639,1.299745045971033,bounded_department_subset,0,treat_23,drop_rounding_band,adjacent_categories,p1_mserd,1460,1269,191,655,805,560,95,709,96,249,513,0,3,1,1,0,.014768798042498,.014768798042498,.0258692813201288,.0258692813201288,196,161,1
dept_subset,bc,2023,7,conflict_dept_subset_043,Conflict-belt departments: APURIMAC + AYACUCHO + HUANCAVELICA + JUNIN,4,3053,364,220,212,.0749356251823377,.1002737950988031,.0880289610683786,.2546614212405796,-.0722597981916975,.2728073883893036,1.297548953526306,bounded_department_subset,0,treat_23,drop_rounding_band,adjacent_categories,p1_mserd,1491,1315,176,659,832,575,84,740,92,244,519,0,2,1,1,0,.0148216583166369,.0148216583166369,.0260317782836332,.0260317782836332,206,158,1
dept_subset,bc,2023,8,conflict_dept_subset_049,Conflict-belt departments: APURIMAC + HUANUCO + JUNIN,3,2102,237,160,138,.147211842606441,.1448782112129516,.1276786599041287,.2564969804879876,-.1053673637934788,.3951237862193821,1.287566055936002,bounded_department_subset,0,treat_23,drop_rounding_band,adjacent_categories,p1_mserd,944,801,143,500,444,421,79,380,64,226,330,0,1,1,1,0,.0142083949360447,.0142083949360447,.0236817063404231,.0236817063404231,126,111,1
dept_subset,bc,2023,9,conflict_dept_subset_065,Conflict-belt departments: APURIMAC + SAN MARTIN,2,1043,94,83,66,.1785199100660031,.2132624109012885,.188585118724542,.2581161564237356,-.1563576298190238,.5828824516216008,1.278832868711679,bounded_department_subset,0,treat_23,drop_rounding_band,adjacent_categories,p1_mserd,398,345,53,224,174,189,35,156,18,141,159,0,1,1,1,0,.0144368676009414,.0144368676009414,.0242311740291262,.0242311740291262,59,35,1
dept_subset,bc,2023,10,conflict_dept_subset_003,Conflict-belt departments: APURIMAC + AYACUCHO,2,1874,210,117,128,.0923255557314868,.1317434766317074,.1197390135308671,.2712209299185052,-.1029406774331462,.366427630696561,1.210561585096985,bounded_department_subset,0,treat_23,drop_rounding_band,adjacent_categories,p1_mserd,927,818,109,346,581,302,44,516,65,184,421,0,2,1,1,0,.0139291431513376,.0139291431513376,.0239774519095393,.0239774519095393,119,91,1
dept_subset,cd,2007,1,conflict_dept_subset_095,Conflict-belt departments: APURIMAC + AYACUCHO + CUSCO + HUANCAVELICA + HUANUCO + SAN MARTIN,6,3856,545,235,270,.063935475413397,.0712814924466693,.0353573808731283,.043796981139672,.0019822993476725,.1405806855456662,4.064371473999379,bounded_department_subset,0,treat_07,drop_rounding_band,adjacent_categories,p1_mserd,1540,28,1512,686,854,1,685,27,827,57,275,4,3,1,1,0,.0068593755729592,.0068593755729592,.0094821713619076,.0094821713619076,317,228,1
dept_subset,cd,2007,2,conflict_dept_subset_091,Conflict-belt departments: APURIMAC + AYACUCHO + HUANCAVELICA + HUANUCO + SAN MARTIN,5,3710,546,230,262,.0656569621277974,.0729741354543212,.0362835420449712,.0443023695896186,.0018596998146328,.1440885710940095,4.045000347847038,bounded_department_subset,0,treat_07,drop_rounding_band,adjacent_categories,p1_mserd,1489,28,1461,666,823,1,665,27,796,57,273,4,3,1,1,0,.0070079296060915,.0070079296060915,.0095742361272005,.0095742361272005,324,222,1
dept_subset,cd,2007,3,conflict_dept_subset_090,Conflict-belt departments: AYACUCHO + HUANCAVELICA + HUANUCO + SAN MARTIN,4,3224,462,199,220,.0755306909306676,.0843791648508264,.0419672652133363,.0443682746658598,.0021248365030466,.1666334931986062,4.042491415548796,bounded_department_subset,0,treat_07,drop_rounding_band,adjacent_categories,p1_mserd,1333,27,1306,607,726,1,606,26,700,56,262,3,2,1,1,0,.0067593736754264,.0067593736754264,.0094595001768076,.0094595001768076,274,188,1
dept_subset,cd,2007,4,conflict_dept_subset_094,Conflict-belt departments: AYACUCHO + CUSCO + HUANCAVELICA + HUANUCO + SAN MARTIN,5,3370,479,204,228,.0726917267351636,.0816153085194933,.0407391500889833,.0451383330619268,.0017680415843144,.1614625754546721,4.013463563492051,bounded_department_subset,0,treat_07,drop_rounding_band,adjacent_categories,p1_mserd,1384,27,1357,627,757,1,626,26,731,56,265,3,2,1,1,0,.0066128130548586,.0066128130548586,.0093909218309003,.0093909218309003,283,196,1
dept_subset,cd,2007,5,conflict_dept_subset_083,Conflict-belt departments: APURIMAC + AYACUCHO + HUANUCO + SAN MARTIN,4,3289,453,191,216,.0810456773412546,.0880497210393655,.0446070256121084,.0483933361245342,.0006215573821774,.1754778846965536,3.896273526602315,bounded_department_subset,0,treat_07,drop_rounding_band,adjacent_categories,p1_mserd,1271,22,1249,579,692,1,578,21,671,55,264,3,3,1,1,0,.0069825474837675,.0069825474837675,.0094054617486128,.0094054617486128,274,179,1
dept_subset,cd,2007,6,conflict_dept_subset_087,Conflict-belt departments: APURIMAC + AYACUCHO + CUSCO + HUANUCO + SAN MARTIN,5,3435,455,196,224,.0776408235303801,.0846676087176288,.0431878842132011,.0499434299484199,.0000209110912687,.1693143063439889,3.84335704048281,bounded_department_subset,0,treat_07,drop_rounding_band,adjacent_categories,p1_mserd,1322,22,1300,599,723,1,598,21,702,55,266,3,3,1,1,0,.0068286322697525,.0068286322697525,.009330982497747,.009330982497747,269,186,1
dept_subset,cd,2007,7,conflict_dept_subset_082,Conflict-belt departments: AYACUCHO + HUANUCO + SAN MARTIN,3,2803,373,160,174,.0955155001033877,.1044971132513643,.0535379827287118,.0509582305972775,-.0004354047018383,.2094296312045668,3.809645629466819,bounded_department_subset,0,treat_07,drop_rounding_band,adjacent_categories,p1_mserd,1115,21,1094,520,595,1,519,20,575,53,250,2,2,1,1,0,.0066813432617188,.0066813432617188,.0092918013013536,.0092918013013536,226,147,1
dept_subset,cd,2007,8,conflict_dept_subset_030,Conflict-belt departments: AYACUCHO + CUSCO + HUANCAVELICA + HUANUCO,4,2813,349,150,188,.0810808451176841,.0937745338211711,.0482529421319017,.0519684325511379,-.0007994949054516,.1883485625477939,3.776784717807614,bounded_department_subset,0,treat_07,drop_rounding_band,adjacent_categories,p1_mserd,1070,26,1044,440,630,1,439,25,605,52,252,3,2,1,1,0,.0063760143100241,.0063760143100241,.0093000376986975,.0093000376986975,196,153,1
dept_subset,cd,2007,9,conflict_dept_subset_026,Conflict-belt departments: AYACUCHO + HUANCAVELICA + HUANUCO,3,2667,344,145,180,.0843584032696722,.096943434341194,.049899643444114,.0520441866105301,-.0008580696506597,.1947449383330476,3.774347801344093,bounded_department_subset,0,treat_07,drop_rounding_band,adjacent_categories,p1_mserd,1019,26,993,420,599,1,419,25,574,52,248,3,2,1,1,0,.0065573972383336,.0065573972383336,.0093793866382346,.0093793866382346,198,146,1
dept_subset,cd,2007,10,conflict_dept_subset_027,Conflict-belt departments: APURIMAC + AYACUCHO + HUANCAVELICA + HUANUCO,4,3153,410,176,222,.0713032263375635,.0815171972920622,.0420267317536327,.0524221038050431,-.0008536833329837,.1638880779171082,3.762246465119362,bounded_department_subset,0,treat_07,drop_rounding_band,adjacent_categories,p1_mserd,1175,27,1148,479,696,1,478,26,670,54,260,4,3,1,1,0,.0068797599569124,.0068797599569124,.0095664916147519,.0095664916147519,232,178,1
dept_subset,cd,2008,1,conflict_dept_subset_102,Conflict-belt departments: AYACUCHO + CUSCO + JUNIN + SAN MARTIN,4,2849,234,175,179,.0704652298413361,.0797939468769377,.1059506716303688,.4513756686897372,-.1278655536564148,.2874534474102901,.5671950948398234,bounded_department_subset,0,treat_08,drop_rounding_band,adjacent_categories,p1_mserd,1088,50,1038,499,589,13,486,37,552,54,236,2,2,1,1,0,.0041631312913012,.0041631312913012,.0067606277738204,.0067606277738204,138,96,1
dept_subset,cd,2008,2,conflict_dept_subset_098,Conflict-belt departments: AYACUCHO + JUNIN + SAN MARTIN,3,2703,227,170,171,.0693359414357403,.0772410562032606,.1057618066146031,.4651882869206896,-.1300482757012515,.2845303881077726,.5333824057924913,bounded_department_subset,0,treat_08,drop_rounding_band,adjacent_categories,p1_mserd,1037,49,988,479,558,12,467,37,521,53,231,2,2,1,1,0,.0043416262463331,.0043416262463331,.0069521253522047,.0069521253522047,133,94,1
dept_subset,cd,2008,3,conflict_dept_subset_002,Conflict-belt departments: AYACUCHO,1,1388,73,52,74,.0792444253008973,.0943431046821862,.1358877260491843,.4875113639700747,-.1719919443152604,.3606781536796327,.4820142368020607,bounded_department_subset,0,treat_08,drop_rounding_band,adjacent_categories,p1_mserd,368,11,357,120,248,1,119,10,238,37,151,2,2,1,1,0,.0044662033911244,.0044662033911244,.0065897282908728,.0065897282908728,43,30,1
dept_subset,cd,2008,4,conflict_dept_subset_066,Conflict-belt departments: AYACUCHO + SAN MARTIN,2,1945,145,106,114,.0576821069116469,.0583513864202051,.0899997358870186,.516758187394484,-.1180448545364683,.2347476273768784,.4203585532244332,bounded_department_subset,0,treat_08,drop_rounding_band,adjacent_categories,p1_mserd,682,20,662,307,375,6,301,14,361,47,193,2,2,1,1,0,.0048264540580439,.0048264540580439,.0078700686031952,.0078700686031952,84,61,1
dept_subset,cd,2008,5,conflict_dept_subset_006,Conflict-belt departments: AYACUCHO + CUSCO,2,1534,86,57,82,.0687219360805978,.0732920766650562,.125956556802935,.5606449704788493,-.1735782382853698,.3201623916154823,.3385887267449404,bounded_department_subset,0,treat_08,drop_rounding_band,adjacent_categories,p1_mserd,419,12,407,140,279,2,138,10,269,39,163,2,2,1,1,0,.004537507287273,.004537507287273,.007099787268714,.007099787268714,48,38,1
dept_subset,cd,2008,6,conflict_dept_subset_070,Conflict-belt departments: AYACUCHO + CUSCO + SAN MARTIN,3,2091,155,111,122,.0538789299306597,.0500580259703739,.0900242228808612,.5781762428683992,-.1263862086123207,.2265022605530685,.309192304633108,bounded_department_subset,0,treat_08,drop_rounding_band,adjacent_categories,p1_mserd,733,21,712,327,406,7,320,14,392,49,202,2,2,1,1,0,.0045151773046524,.0045151773046524,.0075335786329956,.0075335786329956,89,66,1
dept_subset,cd,2008,7,conflict_dept_subset_100,Conflict-belt departments: CUSCO + JUNIN + SAN MARTIN,3,1461,154,123,105,.0693638020091525,.0809953185864503,.1499569077678557,.5891115492392506,-.2129148198715414,.3749054570444419,.2917338902464433,bounded_department_subset,0,treat_08,drop_rounding_band,adjacent_categories,p1_mserd,720,39,681,379,341,12,367,27,314,52,170,0,0,1,1,0,.0037785085506268,.0037785085506268,.0061250757963355,.0061250757963355,91,63,1
dept_subset,cd,2008,8,conflict_dept_subset_034,Conflict-belt departments: AYACUCHO + JUNIN,2,2146,231,116,131,.0508019110892639,.0580345145141107,.1076970016213041,.5899776400024925,-.1530477299065971,.2691167589348185,.2903791882003593,bounded_department_subset,0,treat_08,drop_rounding_band,adjacent_categories,p1_mserd,723,40,683,292,431,7,285,33,398,46,204,2,2,1,1,0,.0059851858303668,.0059851858303668,.0091016852843752,.0091016852843752,136,95,1
dept_subset,cd,2008,9,conflict_dept_subset_096,Conflict-belt departments: JUNIN + SAN MARTIN,2,1315,148,118,97,.0703775777019195,.0787983876913685,.1516535723657376,.6033461147036058,-.2184371522723159,.376033927655053,.2699786197470926,bounded_department_subset,0,treat_08,drop_rounding_band,adjacent_categories,p1_mserd,669,38,631,359,310,11,348,27,283,51,162,0,0,1,1,0,.0038866758158775,.0038866758158775,.0062542681861074,.0062542681861074,88,60,1
dept_subset,cd,2008,10,conflict_dept_subset_038,Conflict-belt departments: AYACUCHO + CUSCO + JUNIN,3,2292,232,121,139,.0467808579523129,.0546197885557708,.1058510135411365,.6058500176432966,-.1528443857119184,.2620839628234599,.2662624890349158,bounded_department_subset,0,treat_08,drop_rounding_band,adjacent_categories,p1_mserd,774,41,733,312,462,8,304,33,429,47,212,2,2,1,1,0,.0057300586722843,.0057300586722843,.008826611026555,.008826611026555,132,100,1
dept_subset,cd,2009,1,conflict_dept_subset_070,Conflict-belt departments: AYACUCHO + CUSCO + SAN MARTIN,3,2091,106,111,122,.0909546447258955,.0914692508416545,.2428751879674809,.7064633746652269,-.384557370313004,.5674958719963129,.1418351736670349,bounded_department_subset,0,treat_09,drop_rounding_band,adjacent_categories,p1_mserd,733,56,677,327,406,20,307,36,370,49,202,2,2,1,1,0,.0033771296136532,.0033771296136532,.0056551379403844,.0056551379403844,58,48,1
dept_subset,cd,2009,2,conflict_dept_subset_066,Conflict-belt departments: AYACUCHO + SAN MARTIN,2,1945,99,106,114,.0845895284719183,.0768611945354432,.2491758874293876,.7577311104084079,-.4115145706419632,.5652369597128496,.0951485626793892,bounded_department_subset,0,treat_09,drop_rounding_band,adjacent_categories,p1_mserd,682,54,628,307,375,18,289,36,339,47,193,2,2,1,1,0,.0034626541015017,.0034626541015017,.0057267568006437,.0057267568006437,56,43,1
dept_subset,cd,2009,3,conflict_dept_subset_006,Conflict-belt departments: AYACUCHO + CUSCO,2,1534,74,57,82,.0503984782510277,.0730883154364307,.3122931125221044,.8149558261169088,-.5389949377268084,.6851715685996698,.0547735755592435,bounded_department_subset,0,treat_09,drop_rounding_band,adjacent_categories,p1_mserd,419,35,384,140,279,8,132,27,252,39,163,2,2,1,1,0,.0040398288826547,.0040398288826547,.006641941364347,.006641941364347,40,34,1
dept_subset,cd,2009,4,conflict_dept_subset_102,Conflict-belt departments: AYACUCHO + CUSCO + JUNIN + SAN MARTIN,4,2849,206,175,179,.0314831817989768,.0338448731235271,.1654728429081278,.8379359860973314,-.2904759393958574,.3581656856429117,.0418342824235225,bounded_department_subset,0,treat_09,drop_rounding_band,adjacent_categories,p1_mserd,1088,111,977,499,589,35,464,76,513,54,236,2,2,1,1,0,.003650288523632,.003650288523632,.0058717608048687,.0058717608048687,118,88,1
dept_subset,cd,2009,5,conflict_dept_subset_086,Conflict-belt departments: AYACUCHO + CUSCO + HUANUCO + SAN MARTIN,4,2949,207,165,182,.0491156059152953,.0329931195244967,.16801058335234,.8443164703882637,-.2963015728676544,.3622878119166477,.0385632369799243,bounded_department_subset,0,treat_09,drop_rounding_band,adjacent_categories,p1_mserd,1166,149,1017,540,626,46,494,103,523,54,253,2,2,1,1,0,.003639496912297,.003639496912297,.005853138724051,.005853138724051,111,96,1
dept_subset,cd,2009,6,conflict_dept_subset_082,Conflict-belt departments: AYACUCHO + HUANUCO + SAN MARTIN,3,2803,198,160,174,.0488887671010119,.0277018856148488,.1709952119322025,.8713028084739178,-.3074425713010618,.3628463425307594,.02624525300509,bounded_department_subset,0,treat_09,drop_rounding_band,adjacent_categories,p1_mserd,1115,147,968,520,595,44,476,103,492,53,250,2,2,1,1,0,.003651695100372,.003651695100372,.0058906028185264,.0058906028185264,108,90,1
dept_subset,cd,2009,7,conflict_dept_subset_118,Conflict-belt departments: AYACUCHO + CUSCO + HUANUCO + JUNIN + SAN MARTIN,5,3707,293,229,239,.0271174891152233,.0180541673392579,.1361784322498126,.8945276947625452,-.2488506553415026,.2849589900200183,.0175767375027222,bounded_department_subset,0,treat_09,drop_rounding_band,adjacent_categories,p1_mserd,1521,204,1317,712,809,61,651,143,666,57,272,2,2,1,1,0,.0036815892187789,.0036815892187789,.0058730289968612,.0058730289968612,162,131,1
dept_subset,cd,2009,8,conflict_dept_subset_098,Conflict-belt departments: AYACUCHO + JUNIN + SAN MARTIN,3,2703,199,170,171,.0248344591111819,.0210793534197884,.1681382850655791,.9002313122968351,-.3084656297310753,.3506243365706521,.0157174230837421,bounded_department_subset,0,treat_09,drop_rounding_band,adjacent_categories,p1_mserd,1037,109,928,479,558,33,446,76,482,53,231,2,2,1,1,0,.0036895346597051,.0036895346597051,.0059304681120688,.0059304681120688,115,84,1
dept_subset,cd,2009,9,conflict_dept_subset_114,Conflict-belt departments: AYACUCHO + HUANUCO + JUNIN + SAN MARTIN,4,3561,284,224,231,.0262099194491496,.0132227168835469,.1380188056086372,.9236764520227594,-.2572891712986167,.2837346050657105,.0091783553706264,bounded_department_subset,0,treat_09,drop_rounding_band,adjacent_categories,p1_mserd,1470,202,1268,692,778,59,633,143,635,57,271,2,2,1,1,0,.0036819465973234,.0036819465973234,.0058982419926491,.0058982419926491,159,125,1
dept_subset,cd,2009,10,conflict_dept_subset_054,Conflict-belt departments: AYACUCHO + CUSCO + HUANUCO + JUNIN,4,3150,272,175,199,.0020883475393782,-.0117541931732676,.1417687374208352,.9339222772202489,-.2896158126518203,.2661074263052851,.0068742402196135,bounded_department_subset,0,treat_09,drop_rounding_band,adjacent_categories,p1_mserd,1207,183,1024,525,682,49,476,134,548,51,258,2,2,1,1,0,.0042293961452449,.0042293961452449,.0068530399473343,.0068530399473343,154,118,1
dept_subset,cd,2010,1,conflict_dept_subset_034,Conflict-belt departments: AYACUCHO + JUNIN,2,2146,167,116,131,.0465935396991292,.0663933952833914,.1998122922462411,.7396787216031583,-.3252315011876329,.4580182917544158,.1104092228490508,bounded_department_subset,0,treat_10,drop_rounding_band,adjacent_categories,p1_mserd,723,124,599,292,431,29,263,95,336,46,204,2,2,1,1,0,.0043712465100746,.0043712465100746,.006548342313233,.006548342313233,99,68,1
dept_subset,cd,2010,2,conflict_dept_subset_032,Conflict-belt departments: JUNIN,1,758,105,64,57,.0509267412339198,.0769316339114257,.2393333831246368,.7478759891218751,-.3921531773109888,.5460164451338401,.1033245096316144,bounded_department_subset,0,treat_10,drop_rounding_band,adjacent_categories,p1_mserd,355,74,281,172,183,21,151,53,130,41,112,0,0,1,1,0,.0049108647695298,.0049108647695298,.0070725941917647,.0070725941917647,65,40,1
dept_subset,cd,2010,3,conflict_dept_subset_098,Conflict-belt departments: AYACUCHO + JUNIN + SAN MARTIN,3,2703,199,170,171,.0512982863685231,.0396161034043865,.1837182188868653,.8292721642602512,-.3204649889177156,.3996971957264887,.0464985125562458,bounded_department_subset,0,treat_10,drop_rounding_band,adjacent_categories,p1_mserd,1037,155,882,479,558,45,434,110,448,53,231,2,2,1,1,0,.0037099743218671,.0037099743218671,.0056248111006896,.0056248111006896,115,84,1
dept_subset,cd,2010,4,conflict_dept_subset_102,Conflict-belt departments: AYACUCHO + CUSCO + JUNIN + SAN MARTIN,4,2849,215,175,179,.0433172829623663,.0347041200457769,.17610469993164,.8437764618544761,-.3104547493284707,.3798629894200244,.0388347202048265,bounded_department_subset,0,treat_10,drop_rounding_band,adjacent_categories,p1_mserd,1088,159,929,499,589,48,451,111,478,54,236,2,2,1,1,0,.0038086765491033,.0038086765491033,.0057824025815294,.0057824025815294,125,90,1
dept_subset,cd,2010,5,conflict_dept_subset_114,Conflict-belt departments: AYACUCHO + HUANUCO + JUNIN + SAN MARTIN,4,3561,301,224,231,.0380912883707786,.0256125321885998,.1483713963132437,.8629466241204414,-.2651900609212768,.3164151252984764,.02979920423818,bounded_department_subset,0,treat_10,drop_rounding_band,adjacent_categories,p1_mserd,1470,273,1197,692,778,80,612,193,585,57,271,2,2,1,1,0,.0038847971247581,.0038847971247581,.0058327905601297,.0058327905601297,169,132,1
dept_subset,cd,2010,6,conflict_dept_subset_066,Conflict-belt departments: AYACUCHO + SAN MARTIN,2,1945,94,106,114,.0479991413178764,.0336798136137903,.2666389972547967,.899484635346177,-.4889230178794855,.5562826451070662,.0159548242289003,bounded_department_subset,0,treat_10,drop_rounding_band,adjacent_categories,p1_mserd,682,81,601,307,375,24,283,57,318,47,193,2,2,1,1,0,.0032213700793888,.0032213700793888,.0053123329461519,.0053123329461519,54,40,1
dept_subset,cd,2010,7,conflict_dept_subset_118,Conflict-belt departments: AYACUCHO + CUSCO + HUANUCO + JUNIN + SAN MARTIN,5,3707,319,229,239,.0295146345769156,.017925810577597,.144815506076124,.9014864756330021,-.2659073657345474,.3017589868897413,.0153224239053929,bounded_department_subset,0,treat_10,drop_rounding_band,adjacent_categories,p1_mserd,1521,277,1244,712,809,83,629,194,615,57,272,2,2,1,1,0,.0039515784076001,.0039515784076001,.0059741806358179,.0059741806358179,181,138,1
dept_subset,cd,2010,8,conflict_dept_subset_022,Conflict-belt departments: AYACUCHO + CUSCO + HUANUCO,3,2392,241,111,142,.0026895750126208,-.0178954684306715,.1672836540835455,.9148073925090114,-.3457654056366774,.3099744687753345,.011444033723205,bounded_department_subset,0,treat_10,drop_rounding_band,adjacent_categories,p1_mserd,852,172,680,353,499,46,307,126,373,48,233,2,2,1,1,0,.0058762977308159,.0058762977308159,.0090816835035312,.0090816835035312,130,111,1
dept_subset,cd,2010,9,conflict_dept_subset_050,Conflict-belt departments: AYACUCHO + HUANUCO + JUNIN,3,3004,289,170,191,.020906151596186,.0159662860640071,.1526530777132126,.9166995870829762,-.2832282483830835,.3151608205110977,.0109394801054655,bounded_department_subset,0,treat_10,drop_rounding_band,adjacent_categories,p1_mserd,1156,242,914,505,651,64,441,178,473,51,255,2,2,1,1,0,.0047056598817229,.0047056598817229,.0071786452807285,.0071786452807285,166,123,1
dept_subset,cd,2010,10,conflict_dept_subset_038,Conflict-belt departments: AYACUCHO + CUSCO + JUNIN,3,2292,191,121,139,.0151791330569167,.0169862780327565,.1855375256452528,.9270542188316496,-.3466605900126155,.3806331460781285,.0083817158908743,bounded_department_subset,0,treat_10,drop_rounding_band,adjacent_categories,p1_mserd,774,128,646,312,462,32,280,96,366,47,212,2,2,1,1,0,.0047756512709045,.0047756512709045,.0072530395263541,.0072530395263541,112,79,1
dept_subset,cd,2011,1,conflict_dept_subset_032,Conflict-belt departments: JUNIN,1,758,104,64,57,.0926470767696501,.1239592250181993,.2408672482555952,.6068066264935668,-.3481319066180354,.596050356654434,.2648513570500625,bounded_department_subset,0,treat_11,drop_rounding_band,adjacent_categories,p1_mserd,355,85,270,172,183,24,148,61,122,41,112,0,0,1,1,0,.0046868020694728,.0046868020694728,.0067629454333899,.0067629454333899,64,40,1
dept_subset,cd,2011,2,conflict_dept_subset_050,Conflict-belt departments: AYACUCHO + HUANUCO + JUNIN,3,3004,256,170,191,.0601789147603525,.0545753450466854,.1593817300143621,.7320355331259218,-.2578071055751509,.3669577956685217,.1172508250003811,bounded_department_subset,0,treat_11,drop_rounding_band,adjacent_categories,p1_mserd,1156,282,874,505,651,75,430,207,444,51,255,2,2,1,1,0,.0041266864810742,.0041266864810742,.0061739274512329,.0061739274512329,145,111,1
dept_subset,cd,2011,3,conflict_dept_subset_048,Conflict-belt departments: HUANUCO + JUNIN,2,1616,213,118,117,.0717109768080686,.057258931577256,.168816919236444,.7344758799891649,-.2736161501071813,.3881340132616933,.1150415008840988,bounded_department_subset,0,treat_11,drop_rounding_band,adjacent_categories,p1_mserd,788,208,580,385,403,60,325,148,255,49,201,0,0,1,1,0,.00477881232657,.00477881232657,.0072083575713138,.0072083575713138,123,90,1
dept_subset,cd,2011,4,conflict_dept_subset_114,Conflict-belt departments: AYACUCHO + HUANUCO + JUNIN + SAN MARTIN,4,3561,278,224,231,.0591362288950436,.0511555186648789,.1554723405159349,.7421308032132665,-.2535646693385008,.3558757066682586,.1082626644994857,bounded_department_subset,0,treat_11,drop_rounding_band,adjacent_categories,p1_mserd,1470,317,1153,692,778,93,599,224,554,57,271,2,2,1,1,0,.0035441946236092,.0035441946236092,.0054337226111778,.0054337226111778,159,119,1
dept_subset,cd,2011,5,conflict_dept_subset_016,Conflict-belt departments: HUANUCO,1,858,137,54,60,.0887917338683761,.0688984267602278,.2122080158282066,.7454278093925975,-.3470216414937627,.4848184950142184,.1054132106493578,bounded_department_subset,0,treat_11,drop_rounding_band,adjacent_categories,p1_mserd,433,123,310,213,220,36,177,87,133,42,150,0,0,1,1,0,.0058775476425336,.0058775476425336,.008865808396843,.008865808396843,74,63,1
dept_subset,cd,2011,6,conflict_dept_subset_084,Conflict-belt departments: CUSCO + HUANUCO + SAN MARTIN,3,1561,152,113,108,.0006975442443962,-.0601351511050505,.1914742691271556,.7534725252027881,-.435417822560405,.3151475203503039,.098636118171103,bounded_department_subset,0,treat_11,drop_rounding_band,adjacent_categories,p1_mserd,798,162,636,420,378,57,363,105,273,51,195,0,0,1,1,0,.0037932139066627,.0037932139066627,.0062710907157754,.0062710907157754,82,70,1
dept_subset,cd,2011,7,conflict_dept_subset_118,Conflict-belt departments: AYACUCHO + CUSCO + HUANUCO + JUNIN + SAN MARTIN,5,3707,291,229,239,.0486942555891779,.039140759295787,.1501389910694753,.7943263094856974,-.2551262558755652,.3334077744671393,.0679628380908542,bounded_department_subset,0,treat_11,drop_rounding_band,adjacent_categories,p1_mserd,1521,321,1200,712,809,96,616,225,584,57,272,2,2,1,1,0,.0036698215648469,.0036698215648469,.0055674346123701,.0055674346123701,162,129,1
dept_subset,cd,2011,8,conflict_dept_subset_034,Conflict-belt departments: AYACUCHO + JUNIN,2,2146,155,116,131,.0514732846298127,.0544403173304115,.2144969590496618,.7996465107227679,-.3659659972002883,.4748466318611113,.0644167807497548,bounded_department_subset,0,treat_11,drop_rounding_band,adjacent_categories,p1_mserd,723,159,564,292,431,39,253,120,311,46,204,2,2,1,1,0,.0038925538994432,.0038925538994432,.0059133806516897,.0059133806516897,90,65,1
dept_subset,cd,2011,9,conflict_dept_subset_038,Conflict-belt departments: AYACUCHO + CUSCO + JUNIN,3,2292,172,121,139,.0369185582360458,.0500634817962726,.201011664550262,.8033162301016677,-.3439121411946875,.4440391047872326,.0620296857670387,bounded_department_subset,0,treat_11,drop_rounding_band,adjacent_categories,p1_mserd,774,163,611,312,462,42,270,121,341,47,212,2,2,1,1,0,.0040911452751659,.0040911452751659,.0062399579112523,.0062399579112523,100,72,1
dept_subset,cd,2011,10,conflict_dept_subset_098,Conflict-belt departments: AYACUCHO + JUNIN + SAN MARTIN,3,2703,169,170,171,.0530047373026418,.0488746850702884,.1974176540323043,.8044671386258625,-.3380568067454166,.4358061768859933,.0612908960251733,bounded_department_subset,0,treat_11,drop_rounding_band,adjacent_categories,p1_mserd,1037,194,843,479,558,57,422,137,421,53,231,2,2,1,1,0,.0033858955449306,.0033858955449306,.0053147065124461,.0053147065124461,97,72,1
dept_subset,cd,2012,1,conflict_dept_subset_050,Conflict-belt departments: AYACUCHO + HUANUCO + JUNIN,3,3004,261,170,191,.0982984817037732,.1049690033269476,.1574660614672145,.505019039767526,-.2036588059361631,.4135968125900583,.444373566519419,bounded_department_subset,0,treat_12,drop_rounding_band,adjacent_categories,p1_mserd,1156,299,857,505,651,77,428,222,429,51,255,2,2,1,1,0,.0041765520845063,.0041765520845063,.0062286973801278,.0062286973801278,149,112,1
dept_subset,cd,2012,2,conflict_dept_subset_038,Conflict-belt departments: AYACUCHO + CUSCO + JUNIN,3,2292,171,121,139,.095891584295386,.1267707293164653,.1987686432396936,.5236166907133939,-.262808652689225,.5163501113221556,.4067637393072232,bounded_department_subset,0,treat_12,drop_rounding_band,adjacent_categories,p1_mserd,774,181,593,312,462,44,268,137,325,47,212,2,2,1,1,0,.0040644575786902,.0040644575786902,.0062709505950306,.0062709505950306,100,71,1
dept_subset,cd,2012,3,conflict_dept_subset_034,Conflict-belt departments: AYACUCHO + JUNIN,2,2146,155,116,131,.1122480938462342,.1336668206841101,.2110819807207848,.5265730084702414,-.2800462593140061,.5473799006822263,.4010005008395764,bounded_department_subset,0,treat_12,drop_rounding_band,adjacent_categories,p1_mserd,723,175,548,292,431,41,251,134,297,46,204,2,2,1,1,0,.0039165838635705,.0039165838635705,.0059514194017888,.0059514194017888,90,65,1
dept_subset,cd,2012,4,conflict_dept_subset_032,Conflict-belt departments: JUNIN,1,758,104,64,57,.1019008899545752,.1437188830583893,.2341400185493741,.5393369415983388,-.3151871206379241,.6026248867547026,.376770047421522,bounded_department_subset,0,treat_12,drop_rounding_band,adjacent_categories,p1_mserd,355,86,269,172,183,25,147,61,122,41,112,0,0,1,1,0,.0047209128373029,.0047209128373029,.0067746941475166,.0067746941475166,64,40,1
dept_subset,cd,2012,5,conflict_dept_subset_054,Conflict-belt departments: AYACUCHO + CUSCO + HUANUCO + JUNIN,4,3150,275,175,199,.0778949054966483,.0812577501544911,.1516008978043274,.5919600597328625,-.2158745495659278,.37839004987491,.2872936589528706,bounded_department_subset,0,treat_12,drop_rounding_band,adjacent_categories,p1_mserd,1207,305,902,525,682,80,445,225,457,51,258,2,2,1,1,0,.0043894814966964,.0043894814966964,.0066300315870874,.0066300315870874,154,121,1
dept_subset,cd,2012,6,conflict_dept_subset_018,Conflict-belt departments: AYACUCHO + HUANUCO,2,2246,164,106,134,.0956817690985209,.0888184254521234,.2005608722997961,.6578740793329143,-.3042736609634139,.4819105118676606,.1961163130738004,bounded_department_subset,0,treat_12,drop_rounding_band,adjacent_categories,p1_mserd,801,213,588,333,468,52,281,161,307,47,228,2,2,1,1,0,.0042603960502942,.0042603960502942,.0064930429722144,.0064930429722144,89,75,1
dept_subset,cd,2012,7,conflict_dept_subset_002,Conflict-belt departments: AYACUCHO,1,1388,61,52,74,.1255635824736815,.1409846950614785,.3674140157279934,.7011847992859399,-.5791335431806214,.8611029333035783,.1472422685705934,bounded_department_subset,0,treat_12,drop_rounding_band,adjacent_categories,p1_mserd,368,89,279,120,248,16,104,73,175,37,151,2,2,1,1,0,.0037790203524404,.0037790203524404,.0059880337635802,.0059880337635802,34,27,1
dept_subset,cd,2012,8,conflict_dept_subset_048,Conflict-belt departments: HUANUCO + JUNIN,2,1616,215,118,117,.0742847757999142,.0625544054145168,.1665577685928349,.7072352388706333,-.263892822372796,.3890016332018297,.1410541970695372,bounded_department_subset,0,treat_12,drop_rounding_band,adjacent_categories,p1_mserd,788,210,578,385,403,61,324,149,254,49,201,0,0,1,1,0,.0048708333735876,.0048708333735876,.0072903132893165,.0072903132893165,124,91,1
dept_subset,cd,2012,9,conflict_dept_subset_016,Conflict-belt departments: HUANUCO,1,858,137,54,60,.088470414470413,.0686136878845045,.2124370872526789,.746707688443905,-.347755352111339,.484982727880348,.1043183835806592,bounded_department_subset,0,treat_12,drop_rounding_band,adjacent_categories,p1_mserd,433,124,309,213,220,36,177,88,132,42,150,0,0,1,1,0,.0058648323812353,.0058648323812353,.0088496863009003,.0088496863009003,74,63,1
dept_subset,cd,2012,10,conflict_dept_subset_006,Conflict-belt departments: AYACUCHO + CUSCO,2,1534,74,57,82,.0910776343664222,.1046555836968917,.3298375848907928,.7510203064387069,-.5418142034367348,.7511253708305183,.1006756691286728,bounded_department_subset,0,treat_12,drop_rounding_band,adjacent_categories,p1_mserd,419,95,324,140,279,19,121,76,203,39,163,2,2,1,1,0,.0039637200161858,.0039637200161858,.0063994108778883,.0063994108778883,40,34,1
dept_subset,cd,2013,1,conflict_dept_subset_038,Conflict-belt departments: AYACUCHO + CUSCO + JUNIN,3,2292,155,121,139,.1839606496066641,.2323226933856513,.2109608332283098,.2707835845675661,-.1811529418903965,.6457983286616992,1.212773234553447,bounded_department_subset,0,treat_13,drop_rounding_band,adjacent_categories,p1_mserd,774,186,588,312,462,46,266,140,322,47,212,2,2,1,1,0,.0037187137503714,.0037187137503714,.0061099890609874,.0061099890609874,87,68,1
dept_subset,cd,2013,2,conflict_dept_subset_050,Conflict-belt departments: AYACUCHO + HUANUCO + JUNIN,3,3004,254,170,191,.1570933598026786,.1784322059218906,.1640403789699235,.2767128001521133,-.1430810288694611,.4999454407132422,1.183164039226585,bounded_department_subset,0,treat_13,drop_rounding_band,adjacent_categories,p1_mserd,1156,305,851,505,651,80,425,225,426,51,255,2,2,1,1,0,.003948782390416,.003948782390416,.0060755005439338,.0060755005439338,145,109,1
dept_subset,cd,2013,3,conflict_dept_subset_006,Conflict-belt departments: AYACUCHO + CUSCO,2,1534,62,57,82,.3246490829222337,.3850258653823857,.3558486110589036,.2792554396355966,-.3124245962416669,1.082476327006438,1.170709819914063,bounded_department_subset,0,treat_13,drop_rounding_band,adjacent_categories,p1_mserd,419,100,319,140,279,21,119,79,200,39,163,2,2,1,1,0,.0034884965418579,.0034884965418579,.0061686050025576,.0061686050025576,29,33,1
dept_subset,cd,2013,4,conflict_dept_subset_034,Conflict-belt departments: AYACUCHO + JUNIN,2,2146,146,116,131,.1980655665634291,.2363606119332996,.2213271391722888,.2855546973528997,-.1974326096456706,.6701538335122698,1.140462134527759,bounded_department_subset,0,treat_13,drop_rounding_band,adjacent_categories,p1_mserd,723,180,543,292,431,43,249,137,294,46,204,2,2,1,1,0,.0036766225284453,.0036766225284453,.0058560908040211,.0058560908040211,84,62,1
dept_subset,cd,2013,5,conflict_dept_subset_018,Conflict-belt departments: AYACUCHO + HUANUCO,2,2246,157,106,134,.1998414416509977,.2234605715178775,.2123036948302572,.292546597463235,-.1926470241342089,.6395681671699638,1.107864650918396,bounded_department_subset,0,treat_13,drop_rounding_band,adjacent_categories,p1_mserd,801,219,582,333,468,55,278,164,304,47,228,2,2,1,1,0,.0039302094416473,.0039302094416473,.0061707771972332,.0061707771972332,85,72,1
dept_subset,cd,2013,6,conflict_dept_subset_054,Conflict-belt departments: AYACUCHO + CUSCO + HUANUCO + JUNIN,4,3150,264,175,199,.1425082422509459,.1650579644436597,.1593317244670184,.3002305514004306,-.1472264771063557,.4773424059936751,1.073169834485096,bounded_department_subset,0,treat_13,drop_rounding_band,adjacent_categories,p1_mserd,1207,311,896,525,682,83,442,228,454,51,258,2,2,1,1,0,.0040352244495836,.0040352244495836,.0063323086140314,.0063323086140314,148,116,1
dept_subset,cd,2013,7,conflict_dept_subset_002,Conflict-belt departments: AYACUCHO,1,1388,51,52,74,.3471834131050779,.3970044946392086,.3855592221222728,.3031579637759199,-.3586776946277248,1.152686683906142,1.060250916182512,bounded_department_subset,0,treat_13,drop_rounding_band,adjacent_categories,p1_mserd,368,94,274,120,248,18,102,76,172,37,151,2,2,1,1,0,.0034274900353666,.0034274900353666,.0058398170747314,.0058398170747314,27,24,1
dept_subset,cd,2013,8,conflict_dept_subset_022,Conflict-belt departments: AYACUCHO + CUSCO + HUANUCO,3,2392,168,111,142,.1658009499443003,.1823057531489635,.2041743107570756,.3719146327270919,-.2178685425031935,.5824800488011204,.7972573872390298,bounded_department_subset,0,treat_13,drop_rounding_band,adjacent_categories,p1_mserd,852,225,627,353,499,58,295,167,332,48,233,2,2,1,1,0,.0041206016056356,.0041206016056356,.0066274626630425,.0066274626630425,88,80,1
dept_subset,cd,2013,9,conflict_dept_subset_051,Conflict-belt departments: APURIMAC + AYACUCHO + HUANUCO + JUNIN,4,3490,288,201,233,.0920487248946925,.105071556154688,.155171766455643,.4983230757134724,-.1990595175158328,.4092026298252088,.4585058916234271,bounded_department_subset,0,treat_13,drop_rounding_band,adjacent_categories,p1_mserd,1312,349,963,564,748,96,468,253,495,53,267,3,3,1,1,0,.0039752690413905,.0039752690413905,.0059795804299984,.0059795804299984,165,123,1
dept_subset,cd,2013,10,conflict_dept_subset_055,Conflict-belt departments: APURIMAC + AYACUCHO + CUSCO + HUANUCO + JUNIN,5,3636,297,206,241,.0811304190537099,.0983169409035899,.1509125556166297,.5147348482731291,-.1974662329199022,.394100114727082,.4244298958118604,bounded_department_subset,0,treat_13,drop_rounding_band,adjacent_categories,p1_mserd,1363,355,1008,584,779,99,485,256,523,53,270,3,3,1,1,0,.0040556964730833,.0040556964730833,.0062256690000311,.0062256690000311,168,129,1
dept_subset,cd,2014,1,conflict_dept_subset_018,Conflict-belt departments: AYACUCHO + HUANUCO,2,2246,153,106,134,.2774374294032124,.3163985115781134,.2190236397514239,.1485741716900564,-.1128799340975526,.7456769572537794,2.086829079747623,bounded_department_subset,0,treat_14,drop_rounding_band,adjacent_categories,p1_mserd,801,220,581,333,468,55,278,165,303,47,228,2,2,1,1,0,.0038756895314628,.0038756895314628,.0061512992701031,.0061512992701031,81,72,1
dept_subset,cd,2014,2,conflict_dept_subset_050,Conflict-belt departments: AYACUCHO + HUANUCO + JUNIN,3,3004,255,170,191,.1995607319571884,.2326237484953277,.166951076161464,.1635095123004803,-.0945943479613451,.5598418449520006,1.941465393266376,bounded_department_subset,0,treat_14,drop_rounding_band,adjacent_categories,p1_mserd,1156,307,849,505,651,81,424,226,425,51,255,2,2,1,1,0,.0039751486582666,.0039751486582666,.0062759483923236,.0062759483923236,145,110,1
dept_subset,cd,2014,3,conflict_dept_subset_022,Conflict-belt departments: AYACUCHO + CUSCO + HUANUCO,3,2392,167,111,142,.242460403806404,.2766159721030436,.21237226836058,.1927437604621312,-.1396260251987683,.6928579694048554,1.696519651623803,bounded_department_subset,0,treat_14,drop_rounding_band,adjacent_categories,p1_mserd,852,227,625,353,499,58,295,169,330,48,233,2,2,1,1,0,.0040139247703321,.0040139247703321,.0065355736802144,.0065355736802144,88,79,1
dept_subset,cd,2014,4,conflict_dept_subset_054,Conflict-belt departments: AYACUCHO + CUSCO + HUANUCO + JUNIN,4,3150,271,175,199,.1792564571847688,.2091429767549561,.1619249869843805,.1964942841565223,-.1082241659315466,.5265101194414588,1.668241145927857,bounded_department_subset,0,treat_14,drop_rounding_band,adjacent_categories,p1_mserd,1207,314,893,525,682,84,441,230,452,51,258,2,2,1,1,0,.0041333478667798,.0041333478667798,.0066091588363978,.0066091588363978,154,117,1
dept_subset,cd,2014,5,conflict_dept_subset_034,Conflict-belt departments: AYACUCHO + JUNIN,2,2146,146,116,131,.1953166260743795,.2424023591419043,.2172964754430333,.2646201734533086,-.1834909066939331,.6682956249777416,1.244423833485336,bounded_department_subset,0,treat_14,drop_rounding_band,adjacent_categories,p1_mserd,723,181,542,292,431,44,248,137,294,46,204,2,2,1,1,0,.0037233440060188,.0037233440060188,.0060279108631202,.0060279108631202,84,62,1
dept_subset,cd,2014,6,conflict_dept_subset_038,Conflict-belt departments: AYACUCHO + CUSCO + JUNIN,3,2292,164,121,139,.1764472238331373,.2261764761026946,.2046845664970185,.2691595253585609,-.1749979024226554,.6273508546280446,1.221025325246385,bounded_department_subset,0,treat_14,drop_rounding_band,adjacent_categories,p1_mserd,774,188,586,312,462,47,265,141,321,47,212,2,2,1,1,0,.0038746353300701,.0038746353300701,.0064129659519453,.0064129659519453,93,71,1
dept_subset,cd,2014,7,conflict_dept_subset_006,Conflict-belt departments: AYACUCHO + CUSCO,2,1534,62,57,82,.3233030881029331,.3839980454540169,.3552213954481026,.2796924590771278,-.3122230961623242,1.080219187070358,1.168583622899749,bounded_department_subset,0,treat_14,drop_rounding_band,adjacent_categories,p1_mserd,419,101,318,140,279,21,119,80,199,39,163,2,2,1,1,0,.003498724148016,.003498724148016,.0061805592891491,.0061805592891491,29,33,1
dept_subset,cd,2014,8,conflict_dept_subset_002,Conflict-belt departments: AYACUCHO,1,1388,51,52,74,.3471834131050779,.3970044946392086,.3855592221222728,.3031579637759199,-.3586776946277248,1.152686683906142,1.060250916182512,bounded_department_subset,0,treat_14,drop_rounding_band,adjacent_categories,p1_mserd,368,94,274,120,248,18,102,76,172,37,151,2,2,1,1,0,.0034274900353666,.0034274900353666,.0058398170747314,.0058398170747314,27,24,1
dept_subset,cd,2014,9,conflict_dept_subset_051,Conflict-belt departments: APURIMAC + AYACUCHO + HUANUCO + JUNIN,4,3490,288,201,233,.125813363434556,.1501723207959214,.156643575450968,.3377159302803283,-.1568434454975585,.4571880870894012,.9190827392897348,bounded_department_subset,0,treat_14,drop_rounding_band,adjacent_categories,p1_mserd,1312,351,961,564,748,97,467,254,494,53,267,3,3,1,1,0,.0040691971428635,.0040691971428635,.0062401328439263,.0062401328439263,165,123,1
dept_subset,cd,2014,10,conflict_dept_subset_055,Conflict-belt departments: APURIMAC + AYACUCHO + CUSCO + HUANUCO + JUNIN,5,3636,306,206,241,.1098848751679566,.1322839173963765,.1523014290496315,.3850842908155839,-.1662213983348835,.4307892331276364,.754407744639613,bounded_department_subset,0,treat_14,drop_rounding_band,adjacent_categories,p1_mserd,1363,358,1005,584,779,100,484,258,521,53,270,3,3,1,1,0,.0042169257747861,.0042169257747861,.0065408432255973,.0065408432255973,175,131,1
dept_subset,cd,2015,1,conflict_dept_subset_018,Conflict-belt departments: AYACUCHO + HUANUCO,2,2246,153,106,134,.2774374294032124,.3163985115781134,.2190236397514239,.1485741716900564,-.1128799340975526,.7456769572537794,2.086829079747623,bounded_department_subset,0,treat_15,drop_rounding_band,adjacent_categories,p1_mserd,801,220,581,333,468,55,278,165,303,47,228,2,2,1,1,0,.0038756895314628,.0038756895314628,.0061512992701031,.0061512992701031,81,72,1
dept_subset,cd,2015,2,conflict_dept_subset_050,Conflict-belt departments: AYACUCHO + HUANUCO + JUNIN,3,3004,255,170,191,.1995607319571884,.2326237484953277,.166951076161464,.1635095123004803,-.0945943479613451,.5598418449520006,1.941465393266376,bounded_department_subset,0,treat_15,drop_rounding_band,adjacent_categories,p1_mserd,1156,307,849,505,651,81,424,226,425,51,255,2,2,1,1,0,.0039751486582666,.0039751486582666,.0062759483923236,.0062759483923236,145,110,1
dept_subset,cd,2015,3,conflict_dept_subset_022,Conflict-belt departments: AYACUCHO + CUSCO + HUANUCO,3,2392,167,111,142,.242460403806404,.2766159721030436,.21237226836058,.1927437604621312,-.1396260251987683,.6928579694048554,1.696519651623803,bounded_department_subset,0,treat_15,drop_rounding_band,adjacent_categories,p1_mserd,852,227,625,353,499,58,295,169,330,48,233,2,2,1,1,0,.0040139247703321,.0040139247703321,.0065355736802144,.0065355736802144,88,79,1
dept_subset,cd,2015,4,conflict_dept_subset_054,Conflict-belt departments: AYACUCHO + CUSCO + HUANUCO + JUNIN,4,3150,271,175,199,.1792564571847688,.2091429767549561,.1619249869843805,.1964942841565223,-.1082241659315466,.5265101194414588,1.668241145927857,bounded_department_subset,0,treat_15,drop_rounding_band,adjacent_categories,p1_mserd,1207,314,893,525,682,84,441,230,452,51,258,2,2,1,1,0,.0041333478667798,.0041333478667798,.0066091588363978,.0066091588363978,154,117,1
dept_subset,cd,2015,5,conflict_dept_subset_034,Conflict-belt departments: AYACUCHO + JUNIN,2,2146,146,116,131,.1953166260743795,.2424023591419043,.2172964754430333,.2646201734533086,-.1834909066939331,.6682956249777416,1.244423833485336,bounded_department_subset,0,treat_15,drop_rounding_band,adjacent_categories,p1_mserd,723,181,542,292,431,44,248,137,294,46,204,2,2,1,1,0,.0037233440060188,.0037233440060188,.0060279108631202,.0060279108631202,84,62,1
dept_subset,cd,2015,6,conflict_dept_subset_038,Conflict-belt departments: AYACUCHO + CUSCO + JUNIN,3,2292,164,121,139,.1764472238331373,.2261764761026946,.2046845664970185,.2691595253585609,-.1749979024226554,.6273508546280446,1.221025325246385,bounded_department_subset,0,treat_15,drop_rounding_band,adjacent_categories,p1_mserd,774,188,586,312,462,47,265,141,321,47,212,2,2,1,1,0,.0038746353300701,.0038746353300701,.0064129659519453,.0064129659519453,93,71,1
dept_subset,cd,2015,7,conflict_dept_subset_006,Conflict-belt departments: AYACUCHO + CUSCO,2,1534,62,57,82,.3233030881029331,.3839980454540169,.3552213954481026,.2796924590771278,-.3122230961623242,1.080219187070358,1.168583622899749,bounded_department_subset,0,treat_15,drop_rounding_band,adjacent_categories,p1_mserd,419,101,318,140,279,21,119,80,199,39,163,2,2,1,1,0,.003498724148016,.003498724148016,.0061805592891491,.0061805592891491,29,33,1
dept_subset,cd,2015,8,conflict_dept_subset_002,Conflict-belt departments: AYACUCHO,1,1388,51,52,74,.3471834131050779,.3970044946392086,.3855592221222728,.3031579637759199,-.3586776946277248,1.152686683906142,1.060250916182512,bounded_department_subset,0,treat_15,drop_rounding_band,adjacent_categories,p1_mserd,368,94,274,120,248,18,102,76,172,37,151,2,2,1,1,0,.0034274900353666,.0034274900353666,.0058398170747314,.0058398170747314,27,24,1
dept_subset,cd,2015,9,conflict_dept_subset_051,Conflict-belt departments: APURIMAC + AYACUCHO + HUANUCO + JUNIN,4,3490,288,201,233,.125813363434556,.1501723207959214,.156643575450968,.3377159302803283,-.1568434454975585,.4571880870894012,.9190827392897348,bounded_department_subset,0,treat_15,drop_rounding_band,adjacent_categories,p1_mserd,1312,351,961,564,748,97,467,254,494,53,267,3,3,1,1,0,.0040691971428635,.0040691971428635,.0062401328439263,.0062401328439263,165,123,1
dept_subset,cd,2015,10,conflict_dept_subset_055,Conflict-belt departments: APURIMAC + AYACUCHO + CUSCO + HUANUCO + JUNIN,5,3636,306,206,241,.1098848751679566,.1322839173963765,.1523014290496315,.3850842908155839,-.1662213983348835,.4307892331276364,.754407744639613,bounded_department_subset,0,treat_15,drop_rounding_band,adjacent_categories,p1_mserd,1363,358,1005,584,779,100,484,258,521,53,270,3,3,1,1,0,.0042169257747861,.0042169257747861,.0065408432255973,.0065408432255973,175,131,1
dept_subset,cd,2016,1,conflict_dept_subset_018,Conflict-belt departments: AYACUCHO + HUANUCO,2,2246,153,106,134,.2774374294032124,.3163985115781134,.2190236397514239,.1485741716900564,-.1128799340975526,.7456769572537794,2.086829079747623,bounded_department_subset,0,treat_16,drop_rounding_band,adjacent_categories,p1_mserd,801,220,581,333,468,55,278,165,303,47,228,2,2,1,1,0,.0038756895314628,.0038756895314628,.0061512992701031,.0061512992701031,81,72,1
dept_subset,cd,2016,2,conflict_dept_subset_050,Conflict-belt departments: AYACUCHO + HUANUCO + JUNIN,3,3004,246,170,191,.2049998557521919,.2398648140353221,.1678994212241928,.1531128952795672,-.0892120045892156,.5689416326598599,2.040960939490633,bounded_department_subset,0,treat_16,drop_rounding_band,adjacent_categories,p1_mserd,1156,308,848,505,651,82,423,226,425,51,255,2,2,1,1,0,.0039156720541544,.0039156720541544,.0062281748097786,.0062281748097786,137,109,1
dept_subset,cd,2016,3,conflict_dept_subset_054,Conflict-belt departments: AYACUCHO + CUSCO + HUANUCO + JUNIN,4,3150,264,175,199,.1863394505232062,.2186177056476861,.1629103842548434,.1796119782805184,-.100680780199388,.5379161914947602,1.800831705277472,bounded_department_subset,0,treat_16,drop_rounding_band,adjacent_categories,p1_mserd,1207,315,892,525,682,85,440,230,452,51,258,2,2,1,1,0,.0040584840290307,.0040584840290307,.0065475026846319,.0065475026846319,148,116,1
dept_subset,cd,2016,4,conflict_dept_subset_022,Conflict-belt departments: AYACUCHO + CUSCO + HUANUCO,3,2392,167,111,142,.242460403806404,.2766159721030436,.21237226836058,.1927437604621312,-.1396260251987683,.6928579694048554,1.696519651623803,bounded_department_subset,0,treat_16,drop_rounding_band,adjacent_categories,p1_mserd,852,227,625,353,499,58,295,169,330,48,233,2,2,1,1,0,.0040139247703321,.0040139247703321,.0065355736802144,.0065355736802144,88,79,1
dept_subset,cd,2016,5,conflict_dept_subset_038,Conflict-belt departments: AYACUCHO + CUSCO + JUNIN,3,2292,161,121,139,.1848021891445545,.2378571204677069,.2080208250844999,.2528603651135068,-.1698562047322191,.6455704456676328,1.307430718620954,bounded_department_subset,0,treat_16,drop_rounding_band,adjacent_categories,p1_mserd,774,189,585,312,462,48,264,141,321,47,212,2,2,1,1,0,.0037651255002951,.0037651255002951,.0063215702198604,.0063215702198604,93,68,1
dept_subset,cd,2016,6,conflict_dept_subset_034,Conflict-belt departments: AYACUCHO + JUNIN,2,2146,146,116,131,.2002016904596647,.2475320066743769,.21908238261849,.2585360177830518,-.1818615729050873,.6769255862538411,1.276579347853495,bounded_department_subset,0,treat_16,drop_rounding_band,adjacent_categories,p1_mserd,723,182,541,292,431,45,247,137,294,46,204,2,2,1,1,0,.0036807078820825,.0036807078820825,.0059928678492803,.0059928678492803,84,62,1
dept_subset,cd,2016,7,conflict_dept_subset_006,Conflict-belt departments: AYACUCHO + CUSCO,2,1534,62,57,82,.3233030881029331,.3839980454540169,.3552213954481026,.2796924590771278,-.3122230961623242,1.080219187070358,1.168583622899749,bounded_department_subset,0,treat_16,drop_rounding_band,adjacent_categories,p1_mserd,419,101,318,140,279,21,119,80,199,39,163,2,2,1,1,0,.003498724148016,.003498724148016,.0061805592891491,.0061805592891491,29,33,1
dept_subset,cd,2016,8,conflict_dept_subset_002,Conflict-belt departments: AYACUCHO,1,1388,51,52,74,.3471834131050779,.3970044946392086,.3855592221222728,.3031579637759199,-.3586776946277248,1.152686683906142,1.060250916182512,bounded_department_subset,0,treat_16,drop_rounding_band,adjacent_categories,p1_mserd,368,94,274,120,248,18,102,76,172,37,151,2,2,1,1,0,.0034274900353666,.0034274900353666,.0058398170747314,.0058398170747314,27,24,1
dept_subset,cd,2016,9,conflict_dept_subset_051,Conflict-belt departments: APURIMAC + AYACUCHO + HUANUCO + JUNIN,4,3490,288,201,233,.130257817948899,.1559986124077354,.1572296002728587,.3211142322674387,-.1521657414306967,.4641629662461675,.9844028221799733,bounded_department_subset,0,treat_16,drop_rounding_band,adjacent_categories,p1_mserd,1312,352,960,564,748,98,466,254,494,53,267,3,3,1,1,0,.0040292246856681,.0040292246856681,.0062010973979865,.0062010973979865,165,123,1
dept_subset,cd,2016,10,conflict_dept_subset_055,Conflict-belt departments: APURIMAC + AYACUCHO + CUSCO + HUANUCO + JUNIN,5,3636,305,206,241,.1162459355377123,.140942564359432,.1532282581387739,.3576663254026212,-.1593793030063713,.4412644317252353,.8460706087695496,bounded_department_subset,0,treat_16,drop_rounding_band,adjacent_categories,p1_mserd,1363,359,1004,584,779,101,483,258,521,53,270,3,3,1,1,0,.0041457599025314,.0041457599025314,.0064659715489022,.0064659715489022,175,130,1
dept_subset,cd,2017,1,conflict_dept_subset_018,Conflict-belt departments: AYACUCHO + HUANUCO,2,2246,153,106,134,.2774494306477692,.3164145286810303,.2190258991465157,.1485578074165206,-.1128683453276425,.745697402689703,2.086997310853245,bounded_department_subset,0,treat_17,drop_rounding_band,adjacent_categories,p1_mserd,801,221,580,333,468,55,278,166,302,47,228,2,2,1,1,0,.0038755665352549,.0038755665352549,.0061510183862457,.0061510183862457,81,72,1
dept_subset,cd,2017,2,conflict_dept_subset_050,Conflict-belt departments: AYACUCHO + HUANUCO + JUNIN,3,3004,246,170,191,.205005492737436,.2398725687464726,.1679022016994154,.1531064169605771,-.0892096995093615,.5689548370023065,2.041025307348928,bounded_department_subset,0,treat_17,drop_rounding_band,adjacent_categories,p1_mserd,1156,309,847,505,651,82,423,227,424,51,255,2,2,1,1,0,.0039155305886854,.0039155305886854,.0062278589608743,.0062278589608743,137,109,1
dept_subset,cd,2017,3,conflict_dept_subset_054,Conflict-belt departments: AYACUCHO + CUSCO + HUANUCO + JUNIN,4,3150,264,175,199,.1863507791977275,.2186351727932634,.1629142106478164,.1795874335651219,-.1006708126462286,.5379411582327553,1.801034877552127,bounded_department_subset,0,treat_17,drop_rounding_band,adjacent_categories,p1_mserd,1207,316,891,525,682,85,440,231,451,51,258,2,2,1,1,0,.0040582000820076,.0040582000820076,.0065471447903654,.0065471447903654,148,116,1
dept_subset,cd,2017,4,conflict_dept_subset_022,Conflict-belt departments: AYACUCHO + CUSCO + HUANUCO,3,2392,167,111,142,.2425009678897664,.276672564193705,.2123792027250976,.1926672690933575,-.139583024212817,.6929281526002271,1.697103065894493,bounded_department_subset,0,treat_17,drop_rounding_band,adjacent_categories,p1_mserd,852,228,624,353,499,58,295,170,329,48,233,2,2,1,1,0,.0040134584650988,.0040134584650988,.0065349336702284,.0065349336702284,88,79,1
dept_subset,cd,2017,5,conflict_dept_subset_038,Conflict-belt departments: AYACUCHO + CUSCO + JUNIN,3,2292,161,121,139,.1848183213700036,.2378822984285142,.2080376944898268,.2528486181221725,-.1698640901982931,.6456286870553214,1.307495454239569,bounded_department_subset,0,treat_17,drop_rounding_band,adjacent_categories,p1_mserd,774,190,584,312,462,48,264,142,320,47,212,2,2,1,1,0,.0037646021600531,.0037646021600531,.0063209150254356,.0063209150254356,93,68,1
dept_subset,cd,2017,6,conflict_dept_subset_034,Conflict-belt departments: AYACUCHO + JUNIN,2,2146,146,116,131,.2002047719007598,.2475299205169176,.219088301709074,.2585528956359675,-.1818752602669125,.6769351013007479,1.276488853975379,bounded_department_subset,0,treat_17,drop_rounding_band,adjacent_categories,p1_mserd,723,183,540,292,431,45,247,138,293,46,204,2,2,1,1,0,.0036805886130366,.0036805886130366,.0059926683503426,.0059926683503426,84,62,1
dept_subset,cd,2017,7,conflict_dept_subset_006,Conflict-belt departments: AYACUCHO + CUSCO,2,1534,62,57,82,.3233189888084139,.3840133366302457,.3552298658975984,.2796847774496764,-.3122244067620402,1.080251080022532,1.168620959545983,bounded_department_subset,0,treat_17,drop_rounding_band,adjacent_categories,p1_mserd,419,102,317,140,279,21,119,81,198,39,163,2,2,1,1,0,.0034986013358863,.0034986013358863,.0061803345324725,.0061803345324725,29,33,1
dept_subset,cd,2017,8,conflict_dept_subset_002,Conflict-belt departments: AYACUCHO,1,1388,51,52,74,.3471998045553,.3970274657573607,.3855706763467958,.3031443518531747,-.3586771733771085,1.15273210489183,1.060310613785549,bounded_department_subset,0,treat_17,drop_rounding_band,adjacent_categories,p1_mserd,368,95,273,120,248,18,102,77,171,37,151,2,2,1,1,0,.0034273089394949,.0034273089394949,.0058395249999182,.0058395249999182,27,24,1
dept_subset,cd,2017,9,conflict_dept_subset_051,Conflict-belt departments: APURIMAC + AYACUCHO + HUANUCO + JUNIN,4,3490,288,201,233,.1302621785248684,.1560039753723412,.1572322090331474,.3211056255153147,-.1521654915423009,.4641734422869834,.9844378395621068,bounded_department_subset,0,treat_17,drop_rounding_band,adjacent_categories,p1_mserd,1312,353,959,564,748,98,466,255,493,53,267,3,3,1,1,0,.0040290760585193,.0040290760585193,.006200787036442,.006200787036442,165,123,1
dept_subset,cd,2017,10,conflict_dept_subset_055,Conflict-belt departments: APURIMAC + AYACUCHO + CUSCO + HUANUCO + JUNIN,5,3636,305,206,241,.1162601971068939,.1409669722703317,.1532327916120879,.3575973004534046,-.1593637805398919,.4412977250805553,.8463135933930422,bounded_department_subset,0,treat_17,drop_rounding_band,adjacent_categories,p1_mserd,1363,360,1003,584,779,101,483,259,520,53,270,3,3,1,1,0,.004145380215373,.004145380215373,.0064653877992325,.0064653877992325,175,130,1
dept_subset,cd,2018,1,conflict_dept_subset_018,Conflict-belt departments: AYACUCHO + HUANUCO,2,2246,153,106,134,.2773819806658491,.3163244637080356,.2190132008351363,.1486498586611112,-.1129335220676693,.7455824494837404,2.086051260391435,bounded_department_subset,0,treat_18,drop_rounding_band,adjacent_categories,p1_mserd,801,235,566,333,468,55,278,180,288,47,228,2,2,1,1,0,.0038762582234801,.0038762582234801,.0061525999139662,.0061525999139662,81,72,1
dept_subset,cd,2018,2,conflict_dept_subset_050,Conflict-belt departments: AYACUCHO + HUANUCO + JUNIN,3,3004,246,170,191,.2049145343601526,.2397494348415166,.167843710201358,.1531742240240206,-.0892181921847231,.5687170618677562,2.040351736771463,bounded_department_subset,0,treat_18,drop_rounding_band,adjacent_categories,p1_mserd,1156,326,830,505,651,82,423,244,407,51,255,2,2,1,1,0,.0039178187907961,.0039178187907961,.0062313345916225,.0062313345916225,137,109,1
dept_subset,cd,2018,3,conflict_dept_subset_054,Conflict-belt departments: AYACUCHO + CUSCO + HUANUCO + JUNIN,4,3150,264,175,199,.1862222744499201,.218436563457946,.1628707876464231,.1798669598747409,-.1007843144627142,.5376574413786064,1.798722956830881,bounded_department_subset,0,treat_18,drop_rounding_band,adjacent_categories,p1_mserd,1207,333,874,525,682,85,440,248,434,51,258,2,2,1,1,0,.0040614296313145,.0040614296313145,.0065512344364174,.0065512344364174,148,116,1
dept_subset,cd,2018,4,conflict_dept_subset_022,Conflict-belt departments: AYACUCHO + CUSCO + HUANUCO,3,2392,167,111,142,.2422500958299637,.2763220041725314,.2123362905500718,.1931416246004909,-.1398494779164418,.6924934862615046,1.693489421670193,bounded_department_subset,0,treat_18,drop_rounding_band,adjacent_categories,p1_mserd,852,242,610,353,499,58,295,184,315,48,233,2,2,1,1,0,.0040163489022724,.0040163489022724,.006538917863825,.006538917863825,88,79,1
dept_subset,cd,2018,5,conflict_dept_subset_038,Conflict-belt departments: AYACUCHO + CUSCO + JUNIN,3,2292,161,121,139,.1845819712423601,.2375101889056372,.2077892298839741,.2530244062659743,-.1697492180422657,.6447695958535402,1.306527102678676,bounded_department_subset,0,treat_18,drop_rounding_band,adjacent_categories,p1_mserd,774,207,567,312,462,48,264,159,303,47,212,2,2,1,1,0,.0037723180087016,.0037723180087016,.0063306540546455,.0063306540546455,93,68,1
dept_subset,cd,2018,6,conflict_dept_subset_034,Conflict-belt departments: AYACUCHO + JUNIN,2,2146,146,116,131,.2001606634690368,.2475596751578654,.2190034927729886,.2583113163815115,-.1816792831656702,.6767986334814009,1.277784824113005,bounded_department_subset,0,treat_18,drop_rounding_band,adjacent_categories,p1_mserd,723,200,523,292,431,45,247,155,276,46,204,2,2,1,1,0,.0036822994342812,.0036822994342812,.0059955436929892,.0059955436929892,84,62,1
dept_subset,cd,2018,7,conflict_dept_subset_006,Conflict-belt departments: AYACUCHO + CUSCO,2,1534,62,57,82,.3231720713160353,.3838718401186351,.35515157062,.279755994852822,-.3122124473493983,1.079956127586668,1.168274856053162,bounded_department_subset,0,treat_18,drop_rounding_band,adjacent_categories,p1_mserd,419,116,303,140,279,21,119,95,184,39,163,2,2,1,1,0,.0034997379226066,.0034997379226066,.0061824185745376,.0061824185745376,29,33,1
dept_subset,cd,2018,8,conflict_dept_subset_002,Conflict-belt departments: AYACUCHO,1,1388,51,52,74,.3470624822133542,.3968348454996244,.3854747141982366,.3032586367737034,-.3586817112797899,1.152351402279039,1.059809503622082,bounded_department_subset,0,treat_18,drop_rounding_band,adjacent_categories,p1_mserd,368,109,259,120,248,18,102,91,157,37,151,2,2,1,1,0,.003428827855201,.003428827855201,.0058419807206172,.0058419807206172,27,24,1
dept_subset,cd,2018,9,conflict_dept_subset_051,Conflict-belt departments: APURIMAC + AYACUCHO + HUANUCO + JUNIN,4,3490,288,201,233,.1302098872094434,.155939578036724,.1572009134768804,.3212090943847519,-.1521685507147587,.4640477067882066,.9840169485803466,bounded_department_subset,0,treat_18,drop_rounding_band,adjacent_categories,p1_mserd,1312,372,940,564,748,98,466,274,474,53,267,3,3,1,1,0,.004030860961457,.004030860961457,.0062045288056656,.0062045288056656,165,123,1
dept_subset,cd,2018,10,conflict_dept_subset_055,Conflict-belt departments: APURIMAC + AYACUCHO + CUSCO + HUANUCO + JUNIN,5,3636,305,206,241,.1160833129627847,.1406808403939314,.1531664023094008,.3583657007091413,-.1595197917740666,.4408814725619293,.8436122650105669,bounded_department_subset,0,treat_18,drop_rounding_band,adjacent_categories,p1_mserd,1363,379,984,584,779,101,483,278,501,53,270,3,3,1,1,0,.0041501057726761,.0041501057726761,.0064726511530894,.0064726511530894,175,130,1
dept_subset,cd,2019,1,conflict_dept_subset_032,Conflict-belt departments: JUNIN,1,758,113,64,57,.5301956337464313,.5762704758079067,.2474145108646632,.019850057343048,.0913469452605731,1.06119400635524,5.425033256749067,bounded_department_subset,0,treat_19,drop_rounding_band,adjacent_categories,p1_mserd,355,137,218,172,183,28,144,109,74,41,112,0,0,1,1,0,.0050533115995173,.0050533115995173,.0083500788056876,.0083500788056876,69,44,1
dept_subset,cd,2019,2,conflict_dept_subset_036,Conflict-belt departments: CUSCO + JUNIN,2,904,115,69,65,.4492571725449651,.5047469880627595,.2456766564258721,.039925632138837,.0232295896258294,.9862643864996896,4.221042125932994,bounded_department_subset,0,treat_19,drop_rounding_band,adjacent_categories,p1_mserd,406,149,257,192,214,31,161,118,96,44,128,0,0,1,1,0,.0047972073660764,.0047972073660764,.007607313070006,.007607313070006,69,46,1
dept_subset,cd,2019,3,conflict_dept_subset_040,Conflict-belt departments: HUANCAVELICA + JUNIN,2,1179,158,103,103,.3631984781002665,.3787927303641389,.2055326226453812,.0653317761352971,-.0240438076688697,.7816292683971473,3.396579180642478,bounded_department_subset,0,treat_19,drop_rounding_band,adjacent_categories,p1_mserd,573,263,310,259,314,53,206,210,104,49,157,1,0,1,1,0,.0044652596160263,.0044652596160263,.0067227909597069,.0067227909597069,93,65,1
dept_subset,cd,2019,4,conflict_dept_subset_044,Conflict-belt departments: CUSCO + HUANCAVELICA + JUNIN,3,1325,178,108,111,.3213045211608612,.3472318983995968,.1954474714354851,.0756341425004546,-.035838106483375,.7303019032825686,3.156306117382555,bounded_department_subset,0,treat_19,drop_rounding_band,adjacent_categories,p1_mserd,624,275,349,279,345,56,223,219,126,50,168,1,0,1,1,0,.00489703913064,.00489703913064,.0075035668024993,.0075035668024993,102,76,1
dept_subset,cd,2019,5,conflict_dept_subset_038,Conflict-belt departments: AYACUCHO + CUSCO + JUNIN,3,2292,171,121,139,.2978263537049582,.3461502060951887,.2234642493080999,.1213773268909308,-.0918316743809668,.7841320865713441,2.399457617778284,bounded_department_subset,0,treat_19,drop_rounding_band,adjacent_categories,p1_mserd,774,325,449,312,462,52,260,273,189,47,212,2,2,1,1,0,.0039321565821903,.0039321565821903,.0063967417157802,.0063967417157802,100,71,1
dept_subset,cd,2019,6,conflict_dept_subset_034,Conflict-belt departments: AYACUCHO + JUNIN,2,2146,152,116,131,.3095033576887924,.3384173381859302,.2356521709113841,.1509772016196821,-.1234524296790599,.8002871060509205,2.062349759827417,bounded_department_subset,0,treat_19,drop_rounding_band,adjacent_categories,p1_mserd,723,313,410,292,431,49,243,264,167,46,204,2,2,1,1,0,.0038188164150581,.0038188164150581,.006036012463633,.006036012463633,90,62,1
dept_subset,cd,2019,7,conflict_dept_subset_046,Conflict-belt departments: AYACUCHO + CUSCO + HUANCAVELICA + JUNIN,4,2713,213,160,185,.2289745266703402,.2521940633612964,.1882695857375641,.1803959395686528,-.116807544068605,.6211956707911976,1.794359193522317,bounded_department_subset,0,treat_19,drop_rounding_band,adjacent_categories,p1_mserd,992,451,541,399,593,77,322,374,219,53,232,3,2,1,1,0,.0039156403946715,.0039156403946715,.0060819440757685,.0060819440757685,117,96,1
dept_subset,cd,2019,8,conflict_dept_subset_060,Conflict-belt departments: CUSCO + HUANCAVELICA + HUANUCO + JUNIN,4,2183,254,162,171,.2076507112995791,.2062575923991026,.1651122657222485,.211593371393558,-.1173565018223117,.5298716866205169,1.560490805416517,bounded_department_subset,0,treat_19,drop_rounding_band,adjacent_categories,p1_mserd,1057,460,597,492,565,98,394,362,203,53,231,1,0,1,1,0,.004227612086992,.004227612086992,.0061669382356435,.0061669382356435,141,113,1
dept_subset,cd,2019,9,conflict_dept_subset_052,Conflict-belt departments: CUSCO + HUANUCO + JUNIN,3,1762,206,123,125,.2224673281112753,.2282827588592223,.1896261636589465,.2286449064130572,-.1433776924388107,.5999432101572554,1.449271350833539,bounded_department_subset,0,treat_19,drop_rounding_band,adjacent_categories,p1_mserd,839,334,505,405,434,73,332,261,173,49,206,0,0,1,1,0,.0043732083524888,.0043732083524888,.0064016808537308,.0064016808537308,115,91,1
dept_subset,cd,2019,10,conflict_dept_subset_042,Conflict-belt departments: AYACUCHO + HUANCAVELICA + JUNIN,3,2567,200,155,177,.2280493530020014,.2327103586677076,.1970644668765902,.2376486414068255,-.1535288990429955,.6189496163784107,1.394488013369208,bounded_department_subset,0,treat_19,drop_rounding_band,adjacent_categories,p1_mserd,941,439,502,379,562,74,305,365,197,52,225,3,2,1,1,0,.0037387005190123,.0037387005190123,.0058631713915944,.0058631713915944,114,86,1
dept_subset,cd,2020,1,conflict_dept_subset_032,Conflict-belt departments: JUNIN,1,758,97,64,57,.6416524722525229,.7280943588796117,.2186122664844292,.0008668132539715,.2996221899914577,1.156566527767766,11.09241932463248,bounded_department_subset,0,treat_20,drop_rounding_band,adjacent_categories,p1_mserd,355,154,201,172,183,35,137,119,64,41,112,0,0,1,1,0,.0039825261233563,.0039825261233563,.0073436674226665,.0073436674226665,60,37,1
dept_subset,cd,2020,2,conflict_dept_subset_036,Conflict-belt departments: CUSCO + JUNIN,2,904,93,69,65,.6282352157648742,.6918102819138239,.2334262375005057,.0030394355433502,.2343032633661399,1.149317300461508,8.783643178588044,bounded_department_subset,0,treat_20,drop_rounding_band,adjacent_categories,p1_mserd,406,176,230,192,214,38,154,138,76,44,128,0,0,1,1,0,.0035913724911439,.0035913724911439,.0060334996738132,.0060334996738132,54,39,1
dept_subset,cd,2020,3,conflict_dept_subset_044,Conflict-belt departments: CUSCO + HUANCAVELICA + JUNIN,3,1325,177,108,111,.4214449862044263,.4726764293190864,.1685961441685889,.0050535298210993,.1422340588163296,.8031187998218432,7.860182256594794,bounded_department_subset,0,treat_20,drop_rounding_band,adjacent_categories,p1_mserd,624,317,307,279,345,70,209,247,98,50,168,1,0,1,1,0,.004724078002885,.004724078002885,.0082729542228404,.0082729542228404,101,76,1
dept_subset,cd,2020,4,conflict_dept_subset_046,Conflict-belt departments: AYACUCHO + CUSCO + HUANCAVELICA + JUNIN,4,2713,251,160,185,.3556968720693365,.3902699737232093,.1456139016111283,.0073584834911867,.1048719709170389,.6756679765293796,7.183309868406008,bounded_department_subset,0,treat_20,drop_rounding_band,adjacent_categories,p1_mserd,992,547,445,399,593,106,293,441,152,53,232,3,2,1,1,0,.0045782582589606,.0045782582589606,.0078766126908251,.0078766126908251,142,109,1
dept_subset,cd,2020,5,conflict_dept_subset_042,Conflict-belt departments: AYACUCHO + HUANCAVELICA + JUNIN,3,2567,243,155,177,.3480913635530463,.3793296566848436,.1429268022061403,.007954065427059,.0991982719353288,.6594610414343585,7.043787439733001,bounded_department_subset,0,treat_20,drop_rounding_band,adjacent_categories,p1_mserd,941,525,416,379,562,103,276,422,140,52,225,3,2,1,1,0,.0048872255516173,.0048872255516173,.008430783315498,.008430783315498,140,103,1
dept_subset,cd,2020,6,conflict_dept_subset_034,Conflict-belt departments: AYACUCHO + JUNIN,2,2146,146,116,131,.4653672957766257,.5153193219106793,.1971151040532045,.0089408757195528,.1289808171575333,.9016578266638253,6.834599116171761,bounded_department_subset,0,treat_20,drop_rounding_band,adjacent_categories,p1_mserd,723,384,339,292,431,71,221,313,118,46,204,2,2,1,1,0,.0036768410992098,.0036768410992098,.0065845591095304,.0065845591095304,84,62,1
dept_subset,cd,2020,7,conflict_dept_subset_038,Conflict-belt departments: AYACUCHO + CUSCO + JUNIN,3,2292,124,121,139,.4859761774532614,.5327753272119311,.2102010513253525,.0112576184166698,.120788837101785,.9447618173220773,6.424190950689235,bounded_department_subset,0,treat_20,drop_rounding_band,adjacent_categories,p1_mserd,774,406,368,312,462,74,238,332,130,47,212,2,2,1,1,0,.0032609003431355,.0032609003431355,.0058976420084666,.0058976420084666,69,55,1
dept_subset,cd,2020,8,conflict_dept_subset_040,Conflict-belt departments: HUANCAVELICA + JUNIN,2,1179,146,103,103,.4317663772316953,.4654213088464947,.1927284609274349,.0157392279069564,.0876804666328874,.8431621510601019,5.831775804956249,bounded_department_subset,0,treat_20,drop_rounding_band,adjacent_categories,p1_mserd,573,295,278,259,314,67,192,228,86,49,157,1,0,1,1,0,.0040137653075407,.0040137653075407,.0065011419038208,.0065011419038208,84,62,1
dept_subset,cd,2020,9,conflict_dept_subset_102,Conflict-belt departments: AYACUCHO + CUSCO + JUNIN + SAN MARTIN,4,2849,260,175,179,.3298746032609525,.3566046653972745,.1503400729377129,.0176927237817847,.0619435370062325,.6512657937883166,5.626321280859124,bounded_department_subset,0,treat_20,drop_rounding_band,adjacent_categories,p1_mserd,1088,543,545,499,589,128,371,415,174,54,236,2,2,1,1,0,.0047167154815315,.0047167154815315,.007905568257453,.007905568257453,153,107,1
dept_subset,cd,2020,10,conflict_dept_subset_062,Conflict-belt departments: AYACUCHO + CUSCO + HUANCAVELICA + HUANUCO + JUNIN,5,3571,323,214,245,.2644018512084649,.2925471876598286,.123731236815354,.0180604639731035,.0500384197391383,.5350559555805189,5.590274667492155,bounded_department_subset,0,treat_20,drop_rounding_band,adjacent_categories,p1_mserd,1425,784,641,612,813,175,437,609,204,55,273,3,2,1,1,0,.0042268405107004,.0042268405107004,.0069072631486254,.0069072631486254,180,143,1
dept_subset,cd,2021,1,conflict_dept_subset_036,Conflict-belt departments: CUSCO + JUNIN,2,904,115,69,65,.4744405214273926,.5446475775376949,.214072686261839,.0109522713206407,.1250728223907481,.9642223326846417,6.473045132689053,bounded_department_subset,0,treat_21,drop_rounding_band,adjacent_categories,p1_mserd,406,190,216,192,214,44,148,146,68,44,128,0,0,1,1,0,.0048044691195699,.0048044691195699,.008408562715409,.008408562715409,69,46,1
dept_subset,cd,2021,2,conflict_dept_subset_062,Conflict-belt departments: AYACUCHO + CUSCO + HUANCAVELICA + HUANUCO + JUNIN,5,3571,312,214,245,.2504783338212291,.2649522191835016,.1143746548330787,.0205293960550602,.0407820149664674,.4891224234005359,5.366307191058584,bounded_department_subset,0,treat_21,drop_rounding_band,adjacent_categories,p1_mserd,1425,826,599,612,813,195,417,631,182,55,273,3,2,1,1,0,.0039365371912667,.0039365371912667,.0060688193770715,.0060688193770715,172,140,1
dept_subset,cd,2021,3,conflict_dept_subset_054,Conflict-belt departments: AYACUCHO + CUSCO + HUANUCO + JUNIN,4,3150,265,175,199,.2526061472886465,.2800413161635962,.1267993480818453,.0272067163680347,.0315191606600214,.5285634716671709,4.877644889008438,bounded_department_subset,0,treat_21,drop_rounding_band,adjacent_categories,p1_mserd,1207,678,529,525,682,160,365,518,164,51,258,2,2,1,1,0,.0041061891970189,.0041061891970189,.0065193393504976,.0065193393504976,148,117,1
dept_subset,cd,2021,4,conflict_dept_subset_044,Conflict-belt departments: CUSCO + HUANCAVELICA + JUNIN,3,1325,155,108,111,.3976455701490873,.4179976738711251,.1898001763197875,.0276438469111826,.0459961640249897,.7899991837172604,4.850142591909982,bounded_department_subset,0,treat_21,drop_rounding_band,adjacent_categories,p1_mserd,624,338,286,279,345,79,200,259,86,50,168,1,0,1,1,0,.0039646829656408,.0039646829656408,.0063255795127737,.0063255795127737,87,68,1
dept_subset,cd,2021,5,conflict_dept_subset_060,Conflict-belt departments: CUSCO + HUANCAVELICA + HUANUCO + JUNIN,4,2183,237,162,171,.2877340636873,.2999871987932852,.1371805737305204,.0287567440787286,.0311182149029238,.5688561826836465,4.782117200195992,bounded_department_subset,0,treat_21,drop_rounding_band,adjacent_categories,p1_mserd,1057,586,471,492,565,153,339,433,132,53,231,1,0,1,1,0,.0038279491943224,.0038279491943224,.0059217731186587,.0059217731186587,130,107,1
dept_subset,cd,2021,6,conflict_dept_subset_046,Conflict-belt departments: AYACUCHO + CUSCO + HUANCAVELICA + JUNIN,4,2713,231,160,185,.3012737492841377,.3146962401588994,.1446037330541983,.0295353492154405,.0312781313426266,.5981143489751722,4.736135281184635,bounded_department_subset,0,treat_21,drop_rounding_band,adjacent_categories,p1_mserd,992,578,414,399,593,121,278,457,136,53,232,3,2,1,1,0,.0042761499774382,.0042761499774382,.0068105116596369,.0068105116596369,130,101,1
dept_subset,cd,2021,7,conflict_dept_subset_124,Conflict-belt departments: CUSCO + HUANCAVELICA + HUANUCO + JUNIN + SAN MARTIN,5,2740,290,216,211,.2535720487237678,.2596479548258696,.1246959910703443,.0373198399295222,.0152483033114665,.5040476063402726,4.335755959077492,bounded_department_subset,0,treat_21,drop_rounding_band,adjacent_categories,p1_mserd,1371,747,624,679,692,216,463,531,161,57,246,1,0,1,1,0,.0037444673504359,.0037444673504359,.0056810131625067,.0056810131625067,162,128,1
dept_subset,cd,2021,8,conflict_dept_subset_126,Conflict-belt departments: AYACUCHO + CUSCO + HUANCAVELICA + HUANUCO + JUNIN + SAN MARTIN,6,4128,338,268,285,.2199313731103969,.2247599650720591,.1086574096396246,.038591203717672,.0117953555249797,.4377245746191385,4.278772709160243,bounded_department_subset,0,treat_21,drop_rounding_band,adjacent_categories,p1_mserd,1739,987,752,799,940,258,541,729,211,59,282,3,2,1,1,0,.0036767033430203,.0036767033430203,.0056392011949523,.0056392011949523,183,155,1
dept_subset,cd,2021,9,conflict_dept_subset_058,Conflict-belt departments: AYACUCHO + HUANCAVELICA + HUANUCO + JUNIN,4,3425,288,209,237,.2340224216423257,.2377024821039236,.1164536786698661,.0412333123717549,.0094574660437859,.4659474981640614,4.166400447732387,bounded_department_subset,0,treat_21,drop_rounding_band,adjacent_categories,p1_mserd,1374,803,571,592,782,192,400,611,171,55,271,3,2,1,1,0,.0037475508755515,.0037475508755515,.0058180488077584,.0058180488077584,161,127,1
dept_subset,cd,2021,10,conflict_dept_subset_052,Conflict-belt departments: CUSCO + HUANUCO + JUNIN,3,1762,193,123,125,.2923162610503083,.3226200815153202,.1616168555865931,.0459118111626996,.0058568652709867,.6393832977596536,3.984827147001954,bounded_department_subset,0,treat_21,drop_rounding_band,adjacent_categories,p1_mserd,839,438,401,405,434,118,287,320,114,49,206,0,0,1,1,0,.0039028898389651,.0039028898389651,.0061948379805504,.0061948379805504,106,87,1
dept_subset,cd,2022,1,conflict_dept_subset_118,Conflict-belt departments: AYACUCHO + CUSCO + HUANUCO + JUNIN + SAN MARTIN,5,3707,335,229,239,.2468913076552972,.2819039380952482,.0950555829317533,.0030201975035731,.0955984190195515,.4682094571709449,8.795226469948862,bounded_department_subset,0,treat_22,drop_rounding_band,adjacent_categories,p1_mserd,1521,1107,414,712,809,430,282,677,132,57,272,2,2,1,1,0,.0043228601207756,.0043228601207756,.0074481806645439,.0074481806645439,188,147,1
dept_subset,cd,2022,2,conflict_dept_subset_054,Conflict-belt departments: AYACUCHO + CUSCO + HUANUCO + JUNIN,4,3150,250,175,199,.2600298968919532,.302178140445641,.1041551255566513,.0037169906073589,.0980378455493571,.5063184353419248,8.417144734372071,bounded_department_subset,0,treat_22,drop_rounding_band,adjacent_categories,p1_mserd,1207,876,331,525,682,304,221,572,110,51,258,2,2,1,1,0,.0038642869170155,.0038642869170155,.0065597887929084,.0065597887929084,140,110,1
dept_subset,cd,2022,3,conflict_dept_subset_114,Conflict-belt departments: AYACUCHO + HUANUCO + JUNIN + SAN MARTIN,4,3561,310,224,231,.2375120661223138,.2713325119782992,.0957298285336764,.0045917999971461,.0837054958060987,.4589595281504997,8.033579743498628,bounded_department_subset,0,treat_22,drop_rounding_band,adjacent_categories,p1_mserd,1470,1074,396,692,778,418,274,656,122,57,271,2,2,1,1,0,.0039502583480297,.0039502583480297,.0064169609261093,.0064169609261093,178,132,1
dept_subset,cd,2022,4,conflict_dept_subset_032,Conflict-belt departments: JUNIN,1,758,97,64,57,.4540510536135152,.5401930131289312,.1933579866047759,.0052101457935347,.1612183232603924,.91916770299747,7.805014154651122,bounded_department_subset,0,treat_22,drop_rounding_band,adjacent_categories,p1_mserd,355,230,125,172,183,85,87,145,38,41,112,0,0,1,1,0,.0040388407977361,.0040388407977361,.0072853895437863,.0072853895437863,60,37,1
dept_subset,cd,2022,5,conflict_dept_subset_126,Conflict-belt departments: AYACUCHO + CUSCO + HUANCAVELICA + HUANUCO + JUNIN + SAN MARTIN,6,4128,412,268,285,.2064688023775989,.2313257849534194,.0852480679733886,.0066564424128311,.0642426419739553,.3984089279328835,7.363410268816077,bounded_department_subset,0,treat_22,drop_rounding_band,adjacent_categories,p1_mserd,1739,1303,436,799,940,503,296,800,140,59,282,3,2,1,1,0,.004441782427628,.004441782427628,.0072406397133173,.0072406397133173,238,174,1
dept_subset,cd,2022,6,conflict_dept_subset_116,Conflict-belt departments: CUSCO + HUANUCO + JUNIN + SAN MARTIN,4,2319,266,177,165,.2686548863397784,.3060732266217028,.1136563238070813,.0070818348876114,.0833109253446011,.5288355278988044,7.252094827588318,bounded_department_subset,0,treat_22,drop_rounding_band,adjacent_categories,p1_mserd,1153,815,338,592,561,351,241,464,97,55,229,0,0,1,1,0,.0043660545329907,.0043660545329907,.0072636361797049,.0072636361797049,149,117,1
dept_subset,cd,2022,7,conflict_dept_subset_050,Conflict-belt departments: AYACUCHO + HUANUCO + JUNIN,3,3004,229,170,191,.244352426953478,.2754910132632404,.1048491553813514,.0086015185449635,.0699904449063478,.4809915816201331,6.903749107892589,bounded_department_subset,0,treat_22,drop_rounding_band,adjacent_categories,p1_mserd,1156,843,313,505,651,292,213,551,100,51,255,2,2,1,1,0,.0036482397218855,.0036482397218855,.0057736868590722,.0057736868590722,128,101,1
dept_subset,cd,2022,8,conflict_dept_subset_098,Conflict-belt departments: AYACUCHO + JUNIN + SAN MARTIN,3,2703,249,170,171,.2624377666703033,.3020044877239452,.1151783129119913,.0087399952209876,.0762591426163576,.5277498328315328,6.875200490767114,bounded_department_subset,0,treat_22,drop_rounding_band,adjacent_categories,p1_mserd,1037,753,284,479,558,290,189,463,95,53,231,2,2,1,1,0,.0046273904319055,.0046273904319055,.0081808474396159,.0081808474396159,148,101,1
dept_subset,cd,2022,9,conflict_dept_subset_062,Conflict-belt departments: AYACUCHO + CUSCO + HUANCAVELICA + HUANUCO + JUNIN,5,3571,314,214,245,.2098320307350963,.2382248380856085,.0910461767104283,.0088829171633137,.0597776108030997,.4166720653681173,6.84621690275,bounded_department_subset,0,treat_22,drop_rounding_band,adjacent_categories,p1_mserd,1425,1072,353,612,813,377,235,695,118,55,273,3,2,1,1,0,.0040956728987798,.0040956728987798,.0065346027701212,.0065346027701212,172,142,1
dept_subset,cd,2022,10,conflict_dept_subset_122,Conflict-belt departments: AYACUCHO + HUANCAVELICA + HUANUCO + JUNIN + SAN MARTIN,5,3982,370,263,277,.2005282770533598,.2213691950808989,.0848382935098821,.0090725676596396,.0550891952916918,.387649194870106,6.808485601159758,bounded_department_subset,0,treat_22,drop_rounding_band,adjacent_categories,p1_mserd,1688,1270,418,779,909,491,288,779,130,59,281,3,2,1,1,0,.004175389535786,.004175389535786,.0064524961283633,.0064524961283633,209,161,1
dept_subset,cd,2023,1,conflict_dept_subset_054,Conflict-belt departments: AYACUCHO + CUSCO + HUANUCO + JUNIN,4,3150,272,175,199,.248297395271676,.2870815753899072,.0988486433952296,.0036812928318607,.0933417944146142,.4808213563652002,8.434691732218143,bounded_department_subset,0,treat_23,drop_rounding_band,adjacent_categories,p1_mserd,1207,938,269,525,682,353,172,585,97,51,258,2,2,1,1,0,.0041983208403684,.0041983208403684,.007450092077277,.007450092077277,154,118,1
dept_subset,cd,2023,2,conflict_dept_subset_050,Conflict-belt departments: AYACUCHO + HUANUCO + JUNIN,3,3004,285,170,191,.2293034596792975,.2629167717396388,.09450404930446,.0054013580108443,.0776922387096997,.4481413047695779,7.739907084423252,bounded_department_subset,0,treat_23,drop_rounding_band,adjacent_categories,p1_mserd,1156,905,251,505,651,341,164,564,87,51,255,2,2,1,1,0,.0045785404535639,.0045785404535639,.0080025494979572,.0080025494979572,163,122,1
dept_subset,cd,2023,3,conflict_dept_subset_048,Conflict-belt departments: HUANUCO + JUNIN,2,1616,204,118,117,.2779267735304214,.3207090445092668,.1159878278844879,.0056918733208192,.09337707921064,.5480410098078936,7.645353749050829,bounded_department_subset,0,treat_23,drop_rounding_band,adjacent_categories,p1_mserd,788,598,190,385,403,256,129,342,61,49,201,0,0,1,1,0,.0044497961133135,.0044497961133135,.0078148238495058,.0078148238495058,119,85,1
dept_subset,cd,2023,4,conflict_dept_subset_052,Conflict-belt departments: CUSCO + HUANUCO + JUNIN,3,1762,174,123,125,.3055149707890015,.3525050290593954,.1300433925356237,.0067146940777154,.097624663262168,.6073853948566228,7.347744614604878,bounded_department_subset,0,treat_23,drop_rounding_band,adjacent_categories,p1_mserd,839,631,208,405,434,268,137,363,71,49,206,0,0,1,1,0,.0035670458398552,.0035670458398552,.0062395325913073,.0062395325913073,98,76,1
dept_subset,cd,2023,5,conflict_dept_subset_032,Conflict-belt departments: JUNIN,1,758,69,64,57,.5162107507709124,.5958409827344668,.2222235784601175,.0073343738476299,.1602907724370257,1.031391193031908,7.189198400658449,bounded_department_subset,0,treat_23,drop_rounding_band,adjacent_categories,p1_mserd,355,254,101,172,183,105,67,149,34,41,112,0,0,1,1,0,.0033574438657275,.0033574438657275,.006604038474433,.006604038474433,41,28,1
dept_subset,cd,2023,6,conflict_dept_subset_034,Conflict-belt departments: AYACUCHO + JUNIN,2,2146,152,116,131,.3169493536625252,.3683983270546101,.1375020767122975,.0073793870834448,.0988992088990434,.6378974452101768,7.178220318339977,bounded_department_subset,0,treat_23,drop_rounding_band,adjacent_categories,p1_mserd,723,561,162,292,431,190,102,371,60,46,204,2,2,1,1,0,.0037932689290775,.0037932689290775,.0071680591652501,.0071680591652501,90,62,1
dept_subset,cd,2023,7,conflict_dept_subset_038,Conflict-belt departments: AYACUCHO + CUSCO + JUNIN,3,2292,128,121,139,.3544189281928576,.4111429466071657,.1546247948748083,.0078379557063769,.1080839175356478,.7142019756786835,7.070130257789595,bounded_department_subset,0,treat_23,drop_rounding_band,adjacent_categories,p1_mserd,774,594,180,312,462,202,110,392,70,47,212,2,2,1,1,0,.0033988839783693,.0033988839783693,.0066487327838979,.0066487327838979,70,58,1
dept_subset,cd,2023,8,conflict_dept_subset_062,Conflict-belt departments: AYACUCHO + CUSCO + HUANCAVELICA + HUANUCO + JUNIN,5,3571,314,214,245,.2016262836871507,.232466044566116,.0878924409422281,.008171690984451,.0602000258060353,.4047320633261967,6.995455536780564,bounded_department_subset,0,treat_23,drop_rounding_band,adjacent_categories,p1_mserd,1425,1140,285,612,813,430,182,710,103,55,273,3,2,1,1,0,.0040793848147795,.0040793848147795,.0069600666588838,.0069600666588838,172,142,1
dept_subset,cd,2023,9,conflict_dept_subset_114,Conflict-belt departments: AYACUCHO + HUANUCO + JUNIN + SAN MARTIN,4,3561,294,224,231,.1922756778709256,.2285245798627988,.0905905417479471,.0116487608893043,.0509703806968504,.4060787790287472,6.363559727559522,bounded_department_subset,0,treat_23,drop_rounding_band,adjacent_categories,p1_mserd,1470,1157,313,692,778,483,209,674,104,57,271,2,2,1,1,0,.0037545886690286,.0037545886690286,.0066105471290823,.0066105471290823,169,125,1
dept_subset,cd,2023,10,conflict_dept_subset_056,Conflict-belt departments: HUANCAVELICA + HUANUCO + JUNIN,3,2037,243,157,163,.2184379939235945,.2497185574938394,.0998604403051186,.0123956695518217,.0539956910154951,.4454414239721838,6.253378006564797,bounded_department_subset,0,treat_23,drop_rounding_band,adjacent_categories,p1_mserd,1006,800,206,472,534,333,139,467,67,53,229,1,0,1,1,0,.0041896124313866,.0041896124313866,.0068481129593358,.0068481129593358,136,107,1
dept_subset,de,2010,1,conflict_dept_subset_044,Conflict-belt departments: CUSCO + HUANCAVELICA + JUNIN,3,1325,76,74,106,.0152092889073836,.0325095277270487,.0468482557349113,.4877245341004933,-.0593113662518996,.124330421705997,.4815423294954584,bounded_department_subset,0,treat_10,drop_rounding_band,adjacent_categories,p1_mserd,422,46,376,159,263,4,155,42,221,11,50,17,17,1,1,0,.0018652740010449,.0018652740010449,.0033576173144602,.0033576173144602,46,30,1
dept_subset,de,2010,2,conflict_dept_subset_040,Conflict-belt departments: HUANCAVELICA + JUNIN,2,1179,72,68,101,.0100336397923313,.0249345990992418,.0445980017907918,.5760956736777223,-.0624758781931631,.1123450763916466,.3125892069887525,bounded_department_subset,0,treat_10,drop_rounding_band,adjacent_categories,p1_mserd,387,43,344,143,244,4,139,39,205,11,49,16,16,1,1,0,.0018405781023097,.0018405781023097,.0033151736724949,.0033151736724949,44,28,1
dept_subset,de,2010,3,conflict_dept_subset_038,Conflict-belt departments: AYACUCHO + CUSCO + JUNIN,3,2292,108,79,118,.0169324756644071,.0243726982211874,.0531943622914781,.6468217052886733,-.0798863360506852,.12863173249306,.2099307264804487,bounded_department_subset,0,treat_10,drop_rounding_band,adjacent_categories,p1_mserd,470,35,435,172,298,4,168,31,267,12,46,14,14,1,1,0,.0019042780449148,.0019042780449148,.0031804453471537,.0031804453471537,55,53,1
dept_subset,de,2010,4,conflict_dept_subset_034,Conflict-belt departments: AYACUCHO + JUNIN,2,2146,103,73,113,.0194473142590354,.0214512661506426,.0503364989973851,.669993234606882,-.0772064589920687,.120108991293354,.1816100383571035,bounded_department_subset,0,treat_10,drop_rounding_band,adjacent_categories,p1_mserd,435,32,403,156,279,4,152,28,251,12,45,13,13,1,1,0,.0018854239758871,.0018854239758871,.0031289050154245,.0031289050154245,53,50,1
dept_subset,de,2010,5,conflict_dept_subset_032,Conflict-belt departments: JUNIN,1,758,61,39,62,.0175483226583116,.0443325947594676,.1096709620787748,.6860415718174024,-.1706185410647889,.2592837305837242,.1634041173757682,bounded_department_subset,0,treat_10,drop_rounding_band,adjacent_categories,p1_mserd,256,23,233,93,163,3,90,20,143,10,40,9,9,1,1,0,.0021370268585557,.0021370268585557,.0045645520815196,.0045645520815196,28,33,1
dept_subset,de,2010,6,conflict_dept_subset_036,Conflict-belt departments: CUSCO + JUNIN,2,904,66,45,67,.0158493545593979,.0388737979658715,.1049158767297189,.7109924692877272,-.1667575418308214,.2445051377625645,.1372876648603387,bounded_department_subset,0,treat_10,drop_rounding_band,adjacent_categories,p1_mserd,291,26,265,109,182,3,106,23,159,10,43,10,10,1,1,0,.0021570584935258,.0021570584935258,.0043727178024737,.0043727178024737,30,36,1
dept_subset,de,2010,7,conflict_dept_subset_046,Conflict-belt departments: AYACUCHO + CUSCO + HUANCAVELICA + JUNIN,4,2713,135,108,157,.00742127156688,.012776641445292,.0398763365026004,.7486601221140914,-.0653795419352047,.0909328248257886,.1026603900633899,bounded_department_subset,0,treat_10,drop_rounding_band,adjacent_categories,p1_mserd,601,55,546,222,379,5,217,50,329,12,53,21,21,1,1,0,.0019502472093059,.0019502472093059,.0030680459684132,.0030680459684132,71,64,1
dept_subset,de,2010,8,conflict_dept_subset_042,Conflict-belt departments: AYACUCHO + HUANCAVELICA + JUNIN,3,2567,130,102,152,.0041750451606674,.0082765844124623,.042087746070899,.8441008981713358,-.0742138820769668,.0907670509018914,.0386714948780722,bounded_department_subset,0,treat_10,drop_rounding_band,adjacent_categories,p1_mserd,566,52,514,206,360,5,201,47,313,12,52,20,20,1,1,0,.002015790083119,.002015790083119,.0029857699190101,.0029857699190101,69,61,1
dept_subset,de,2011,1,conflict_dept_subset_047,Conflict-belt departments: APURIMAC + AYACUCHO + CUSCO + HUANCAVELICA + JUNIN,5,3199,81,123,188,.0031535427230238,-.067749045244939,.1244998483195853,.5863246997124287,-.3117642640320256,.1762661735421477,.2961206635766865,bounded_department_subset,0,treat_11,drop_rounding_band,adjacent_categories,p1_mserd,679,86,593,244,435,9,235,77,358,12,56,24,24,1,1,0,.001382825977139,.001382825977139,.0027425247399967,.0027425247399967,33,48,1
dept_subset,de,2011,2,conflict_dept_subset_043,Conflict-belt departments: APURIMAC + AYACUCHO + HUANCAVELICA + JUNIN,4,3053,57,117,183,.0118279569892475,-.0482933756553201,.1465209044243327,.7417017813287445,-.3354690713092477,.2388823199986075,.1086365449229853,bounded_department_subset,0,treat_11,drop_rounding_band,adjacent_categories,p1_mserd,644,83,561,228,416,9,219,74,342,12,56,23,23,1,1,0,.0013588132328659,.0013588132328659,.0026868546500475,.0026868546500475,32,25,1
dept_subset,de,2011,3,conflict_dept_subset_111,Conflict-belt departments: APURIMAC + AYACUCHO + CUSCO + HUANCAVELICA + JUNIN + SAN MARTIN,6,3756,96,174,240,.0057800484150128,-.0531309087281959,.19805963200253,.7885014013990981,-.4413206542444114,.3350588367880195,.0719618885498216,bounded_department_subset,0,treat_11,drop_rounding_band,adjacent_categories,p1_mserd,1006,107,899,401,605,13,388,94,511,13,59,41,41,1,1,0,.0012290599048738,.0012290599048738,.0027327894191943,.0027327894191943,56,40,1
dept_subset,de,2011,4,conflict_dept_subset_035,Conflict-belt departments: APURIMAC + AYACUCHO + JUNIN,3,2632,51,88,144,.0126436781609197,-.0495963772357098,.1884668270440428,.7924295211676627,-.4189845705225731,.3197918160511536,.0692516413647001,bounded_department_subset,0,treat_11,drop_rounding_band,adjacent_categories,p1_mserd,513,61,452,178,335,7,171,54,281,12,51,16,16,1,1,0,.0013789726200457,.0013789726200457,.0027898803279284,.0027898803279284,30,21,1
dept_subset,de,2011,5,conflict_dept_subset_103,Conflict-belt departments: APURIMAC + AYACUCHO + CUSCO + JUNIN + SAN MARTIN,5,3335,90,145,201,.0058183547105053,-.0545227700656803,.2256800548911048,.8090953798736519,-.496847549681268,.3878020095499075,.0583672816264467,bounded_department_subset,0,treat_11,drop_rounding_band,adjacent_categories,p1_mserd,875,85,790,351,524,11,340,74,450,13,56,34,34,1,1,0,.0012319665182244,.0012319665182244,.0027455430280914,.0027455430280914,54,36,1
dept_subset,de,2011,6,conflict_dept_subset_028,Conflict-belt departments: CUSCO + HUANCAVELICA + HUANUCO,3,1425,114,71,98,.0030219804058721,.0380305811011784,.1653667318376957,.8181094719110413,-.2860822575417982,.362143419744155,.0528895212534845,bounded_department_subset,0,treat_11,drop_rounding_band,adjacent_categories,p1_mserd,485,61,424,185,300,3,182,58,242,10,48,21,21,1,1,0,.0023474852751242,.0023474852751242,.0043138914719781,.0043138914719781,53,61,1
dept_subset,de,2011,7,conflict_dept_subset_102,Conflict-belt departments: AYACUCHO + CUSCO + JUNIN + SAN MARTIN,4,2849,84,130,170,.0035133928302996,-.0500740651926224,.2445730822074731,.837774716279809,-.5294284979072233,.4292803675219786,.0419187561456716,bounded_department_subset,0,treat_11,drop_rounding_band,adjacent_categories,p1_mserd,797,67,730,329,468,9,320,58,410,13,53,31,31,1,1,0,.0012194248442727,.0012194248442727,.0028972350242613,.0028972350242613,51,33,1
dept_subset,de,2011,8,conflict_dept_subset_107,Conflict-belt departments: APURIMAC + AYACUCHO + HUANCAVELICA + JUNIN + SAN MARTIN,5,3610,93,168,235,.0064104074681266,-.0427447639907139,.2311138527070706,.8532673811232162,-.4957195916248671,.4102300636434392,.0342069137243014,bounded_department_subset,0,treat_11,drop_rounding_band,adjacent_categories,p1_mserd,971,104,867,385,586,13,372,91,495,13,59,40,40,1,1,0,.0012207806375086,.0012207806375086,.0027506188476489,.0027506188476489,55,38,1
dept_subset,de,2011,9,conflict_dept_subset_099,Conflict-belt departments: APURIMAC + AYACUCHO + JUNIN + SAN MARTIN,4,3189,87,139,196,.0068139315847697,-.0395238870876296,.2653868803809016,.8816094068125533,-.559672614603636,.4806248404283769,.0221799417446298,bounded_department_subset,0,treat_11,drop_rounding_band,adjacent_categories,p1_mserd,840,82,758,335,505,11,324,71,434,13,56,33,33,1,1,0,.0012184908899319,.0012184908899319,.0027127228129895,.0027127228129895,53,34,1
dept_subset,de,2011,10,conflict_dept_subset_098,Conflict-belt departments: AYACUCHO + JUNIN + SAN MARTIN,3,2703,80,124,165,.0063602985740585,-.0331880461363191,.3179409366434955,.9168643713575475,-.6563408311685013,.5899647388958631,.0108960847283917,bounded_department_subset,0,treat_11,drop_rounding_band,adjacent_categories,p1_mserd,762,64,698,313,449,9,304,55,394,13,52,30,30,1,1,0,.0011500432412606,.0011500432412606,.0028521193511147,.0028521193511147,50,30,1
dept_subset,de,2012,1,conflict_dept_subset_047,Conflict-belt departments: APURIMAC + AYACUCHO + CUSCO + HUANCAVELICA + JUNIN,5,3199,60,123,188,.0114583333333335,-.0654590770624617,.1718527619470326,.7032758978625087,-.4022843011223809,.2713661469974576,.1450864059988865,bounded_department_subset,0,treat_12,drop_rounding_band,adjacent_categories,p1_mserd,679,90,589,244,435,10,234,80,355,12,56,24,24,1,1,0,.0012785454156635,.0012785454156635,.0026346605671201,.0026346605671201,33,27,1
dept_subset,de,2012,2,conflict_dept_subset_035,Conflict-belt departments: APURIMAC + AYACUCHO + JUNIN,3,2632,51,88,144,.0126436781609194,-.04928257813764,.1878953573178984,.793099902526502,-.4175507113430054,.3189855550677253,.0687946617576657,bounded_department_subset,0,treat_12,drop_rounding_band,adjacent_categories,p1_mserd,513,63,450,178,335,7,171,56,279,12,51,16,16,1,1,0,.0013769791592117,.0013769791592117,.0027727424354489,.0027727424354489,30,21,1
dept_subset,de,2012,3,conflict_dept_subset_043,Conflict-belt departments: APURIMAC + AYACUCHO + HUANCAVELICA + JUNIN,4,3053,57,117,183,.0118279569892475,-.0532788942588585,.2080066584820005,.7978424811799577,-.4609644534281022,.3544066649103853,.0656078689310073,bounded_department_subset,0,treat_12,drop_rounding_band,adjacent_categories,p1_mserd,644,87,557,228,416,10,218,77,339,12,56,23,23,1,1,0,.0012578245171177,.0012578245171177,.0026055704042782,.0026055704042782,32,25,1
dept_subset,de,2012,4,conflict_dept_subset_103,Conflict-belt departments: APURIMAC + AYACUCHO + CUSCO + JUNIN + SAN MARTIN,5,3335,90,145,201,.0055734260608193,-.0575732296419491,.2264895198758096,.7993424364617137,-.5014845314743045,.3863380721904063,.0646167279599192,bounded_department_subset,0,treat_12,drop_rounding_band,adjacent_categories,p1_mserd,875,92,783,351,524,15,336,77,447,13,56,34,34,1,1,0,.0012358894868041,.0012358894868041,.0028298061503885,.0028298061503885,54,36,1
dept_subset,de,2012,5,conflict_dept_subset_099,Conflict-belt departments: APURIMAC + AYACUCHO + JUNIN + SAN MARTIN,4,3189,87,139,196,.0063647402691895,-.0431003096772056,.2672253575701031,.8718663790134836,-.5668523862704454,.4806517669160343,.0260138988626957,bounded_department_subset,0,treat_12,drop_rounding_band,adjacent_categories,p1_mserd,840,89,751,335,505,15,320,74,431,13,56,33,33,1,1,0,.0012252831737109,.0012252831737109,.0028165082086393,.0028165082086393,53,34,1
dept_subset,de,2012,6,conflict_dept_subset_106,Conflict-belt departments: AYACUCHO + HUANCAVELICA + JUNIN + SAN MARTIN,4,3124,83,153,204,.007482993197279,-.0360104181367794,.3296484559278901,.9130130470534061,-.6821095193146831,.6100886830411243,.0119331262876468,bounded_department_subset,0,treat_12,drop_rounding_band,adjacent_categories,p1_mserd,893,95,798,363,530,16,347,79,451,13,57,37,37,1,1,0,.0010995133244566,.0010995133244566,.0027550973161598,.0027550973161598,50,33,1
dept_subset,de,2012,7,conflict_dept_subset_110,Conflict-belt departments: AYACUCHO + CUSCO + HUANCAVELICA + JUNIN + SAN MARTIN,5,3270,84,159,209,.0073333333333335,-.0339494118493413,.3170552611773572,.9147276792824819,-.6553663048659017,.5874674811672191,.011465541779922,bounded_department_subset,0,treat_12,drop_rounding_band,adjacent_categories,p1_mserd,928,98,830,379,549,16,363,82,467,13,58,38,38,1,1,0,.0011084417406263,.0011084417406263,.0027453606947411,.0027453606947411,51,33,1
dept_subset,de,2012,8,conflict_dept_subset_111,Conflict-belt departments: APURIMAC + AYACUCHO + CUSCO + HUANCAVELICA + JUNIN + SAN MARTIN,6,3756,91,174,240,.0099558256039474,-.0262548414756625,.3003555033986405,.9303435914149591,-.6149408106953955,.5624311277440706,.0076409544894894,bounded_department_subset,0,treat_12,drop_rounding_band,adjacent_categories,p1_mserd,1006,116,890,401,605,18,383,98,507,13,59,41,41,1,1,0,.0011672973488108,.0011672973488108,.0026680908537581,.0026680908537581,56,35,1
dept_subset,de,2012,9,conflict_dept_subset_107,Conflict-belt departments: APURIMAC + AYACUCHO + HUANCAVELICA + JUNIN + SAN MARTIN,5,3610,90,168,235,.0108184992964835,-.0272062395902202,.3113204845631888,.9303616647606179,-.637383176983628,.5829706978031877,.0076369797873671,bounded_department_subset,0,treat_12,drop_rounding_band,adjacent_categories,p1_mserd,971,113,858,385,586,18,367,95,491,13,59,40,40,1,1,0,.0011586284262269,.0011586284262269,.0026823317355974,.0026823317355974,55,35,1
dept_subset,de,2013,1,conflict_dept_subset_101,Conflict-belt departments: APURIMAC + CUSCO + JUNIN + SAN MARTIN,4,1947,73,111,150,.0004224285848462,-.0799088016033425,.1675407186223876,.6333966389150558,-.4082825760471812,.2484649728404963,.2274827592312811,bounded_department_subset,0,treat_13,drop_rounding_band,adjacent_categories,p1_mserd,696,79,617,288,408,16,272,63,345,12,55,30,30,1,1,0,.0013330101135051,.0013330101135051,.0029287027939822,.0029287027939822,42,31,1
dept_subset,de,2013,2,conflict_dept_subset_126,Conflict-belt departments: AYACUCHO + CUSCO + HUANCAVELICA + HUANUCO + JUNIN + SAN MARTIN,6,4128,124,195,263,.0058715602217632,-.0352211668615938,.0854660077443661,.6802607682790031,-.2027314639429728,.1322891302197851,.1698324379799535,bounded_department_subset,0,treat_13,drop_rounding_band,adjacent_categories,p1_mserd,1247,141,1106,498,749,19,479,122,627,13,59,51,51,1,1,0,.0013580239549608,.0013580239549608,.0028378859816679,.0028378859816679,69,55,1
dept_subset,de,2013,3,conflict_dept_subset_100,Conflict-belt departments: CUSCO + JUNIN + SAN MARTIN,3,1461,67,96,119,.001084998549706,-.0706410306288535,.1749129772586508,.686312831441966,-.4134641664844825,.2721821052267756,.1631060195802682,bounded_department_subset,0,treat_13,drop_rounding_band,adjacent_categories,p1_mserd,618,61,557,266,352,14,252,47,305,12,51,27,27,1,1,0,.0013078625903612,.0013078625903612,.0029957124897255,.0029957124897255,39,28,1
dept_subset,de,2013,4,conflict_dept_subset_047,Conflict-belt departments: APURIMAC + AYACUCHO + CUSCO + HUANCAVELICA + JUNIN,5,3199,60,123,188,.0114583333333335,-.0654590770624617,.1718527619470326,.7032758978625087,-.4022843011223809,.2713661469974576,.1450864059988865,bounded_department_subset,0,treat_13,drop_rounding_band,adjacent_categories,p1_mserd,679,92,587,244,435,10,234,82,353,12,56,24,24,1,1,0,.0012785454156635,.0012785454156635,.0026346605671201,.0026346605671201,33,27,1
dept_subset,de,2013,5,conflict_dept_subset_035,Conflict-belt departments: APURIMAC + AYACUCHO + JUNIN,3,2632,51,88,144,.0126436781609196,-.0489293686108201,.1872902842849074,.7939006202987748,-.4160115804635066,.3181528432418664,.0682509538852976,bounded_department_subset,0,treat_13,drop_rounding_band,adjacent_categories,p1_mserd,513,65,448,178,335,7,171,58,277,12,51,16,16,1,1,0,.0013747346242097,.0013747346242097,.0027549128349021,.0027549128349021,30,21,1
dept_subset,de,2013,6,conflict_dept_subset_043,Conflict-belt departments: APURIMAC + AYACUCHO + HUANCAVELICA + JUNIN,4,3053,57,117,183,.0118279569892475,-.0532788942588585,.2080066584820005,.7978424811799577,-.4609644534281022,.3544066649103853,.0656078689310073,bounded_department_subset,0,treat_13,drop_rounding_band,adjacent_categories,p1_mserd,644,89,555,228,416,10,218,79,337,12,56,23,23,1,1,0,.0012578245171177,.0012578245171177,.0026055704042782,.0026055704042782,32,25,1
dept_subset,de,2013,7,conflict_dept_subset_096,Conflict-belt departments: JUNIN + SAN MARTIN,2,1315,64,90,114,.0008594957511708,-.0541183005558141,.216494234774067,.8026061312163113,-.4784392035735442,.3702026024619161,.0624878567614226,bounded_department_subset,0,treat_13,drop_rounding_band,adjacent_categories,p1_mserd,583,58,525,250,333,14,236,44,289,12,50,26,26,1,1,0,.0013149731914588,.0013149731914588,.003005936950456,.003005936950456,38,26,1
dept_subset,de,2013,8,conflict_dept_subset_103,Conflict-belt departments: APURIMAC + AYACUCHO + CUSCO + JUNIN + SAN MARTIN,5,3335,90,145,201,.0059835061017346,-.0530584994957588,.2262618345004528,.8145964924972777,-.4965235461926085,.3904065472010909,.0549904558423928,bounded_department_subset,0,treat_13,drop_rounding_band,adjacent_categories,p1_mserd,875,98,777,351,524,17,334,81,443,13,56,34,34,1,1,0,.0012293481327346,.0012293481327346,.0027081664330482,.0027081664330482,54,36,1
dept_subset,de,2013,9,conflict_dept_subset_104,Conflict-belt departments: HUANCAVELICA + JUNIN + SAN MARTIN,3,1736,70,119,153,.0050528340924314,-.0484781426581408,.263113821590008,.8538190626813543,-.5641717568092537,.4672154714929722,.0339472516376032,bounded_department_subset,0,treat_13,drop_rounding_band,adjacent_categories,p1_mserd,714,82,632,300,414,17,283,65,349,12,55,33,33,1,1,0,.0012079822171241,.0012079822171241,.0029175097930367,.0029175097930367,40,30,1
dept_subset,de,2013,10,conflict_dept_subset_099,Conflict-belt departments: APURIMAC + AYACUCHO + JUNIN + SAN MARTIN,4,3189,87,139,196,.0069424587019318,-.0391871726053525,.2661102538632713,.8829274661252809,-.5607536860941749,.4823793408834698,.0216852603744124,bounded_department_subset,0,treat_13,drop_rounding_band,adjacent_categories,p1_mserd,840,95,745,335,505,17,318,78,427,13,56,33,33,1,1,0,.0012165742786921,.0012165742786921,.002699825699894,.002699825699894,53,34,1
dept_subset,de,2014,1,conflict_dept_subset_127,Conflict-belt departments: APURIMAC + AYACUCHO + CUSCO + HUANCAVELICA + HUANUCO + JUNIN + SAN MARTIN,7,4614,130,210,294,.0079240154672174,-.0413704451254975,.0917339955577319,.6520020166485498,-.2211657725766094,.1384248823256144,.2033853969488265,bounded_department_subset,0,treat_14,drop_rounding_band,adjacent_categories,p1_mserd,1325,162,1163,520,805,21,499,141,664,13,60,54,54,1,1,0,.0013396535309236,.0013396535309236,.002728954601285,.002728954601285,72,58,1
dept_subset,de,2014,2,conflict_dept_subset_126,Conflict-belt departments: AYACUCHO + CUSCO + HUANCAVELICA + HUANUCO + JUNIN + SAN MARTIN,6,4128,124,195,263,.0034224354497721,-.0408270676760636,.1012201856027433,.6866914483158389,-.2392149859659002,.157560850613773,.1626904718551972,bounded_department_subset,0,treat_14,drop_rounding_band,adjacent_categories,p1_mserd,1247,144,1103,498,749,19,479,125,624,13,59,51,51,1,1,0,.0012901999655114,.0012901999655114,.0027782627502515,.0027782627502515,69,55,1
dept_subset,de,2014,3,conflict_dept_subset_123,Conflict-belt departments: APURIMAC + AYACUCHO + HUANCAVELICA + HUANUCO + JUNIN + SAN MARTIN,6,4468,127,204,289,.0017754902604342,-.0396993320568293,.1009003752891271,.693986565363049,-.2374604336500936,.1580617695364351,.1548035217186003,bounded_department_subset,0,treat_14,drop_rounding_band,adjacent_categories,p1_mserd,1290,159,1131,504,786,21,483,138,648,13,60,53,53,1,1,0,.0013278707360369,.0013278707360369,.0027051184285301,.0027051184285301,71,56,1
dept_subset,de,2014,4,conflict_dept_subset_047,Conflict-belt departments: APURIMAC + AYACUCHO + CUSCO + HUANCAVELICA + JUNIN,5,3199,60,123,188,.0114583333333335,-.0654590770624617,.1718527619470326,.7032758978625087,-.4022843011223809,.2713661469974576,.1450864059988865,bounded_department_subset,0,treat_14,drop_rounding_band,adjacent_categories,p1_mserd,679,94,585,244,435,10,234,84,351,12,56,24,24,1,1,0,.0012785454156635,.0012785454156635,.0026346605671201,.0026346605671201,33,27,1
dept_subset,de,2014,5,conflict_dept_subset_035,Conflict-belt departments: APURIMAC + AYACUCHO + JUNIN,3,2632,51,88,144,.0126436781609194,-.0489172939650788,.1872702811341482,.7939288216659031,-.4159603003627,.3181257124325424,.0682318464458644,bounded_department_subset,0,treat_14,drop_rounding_band,adjacent_categories,p1_mserd,513,66,447,178,335,7,171,59,276,12,51,16,16,1,1,0,.0013746578983687,.0013746578983687,.002754328565194,.002754328565194,30,21,1
dept_subset,de,2014,6,conflict_dept_subset_043,Conflict-belt departments: APURIMAC + AYACUCHO + HUANCAVELICA + JUNIN,4,3053,57,117,183,.0118279569892475,-.0532788942588585,.2080066584820005,.7978424811799577,-.4609644534281022,.3544066649103853,.0656078689310073,bounded_department_subset,0,treat_14,drop_rounding_band,adjacent_categories,p1_mserd,644,91,553,228,416,10,218,81,335,12,56,23,23,1,1,0,.0012578245171177,.0012578245171177,.0026055704042782,.0026055704042782,32,25,1
dept_subset,de,2014,7,conflict_dept_subset_100,Conflict-belt departments: CUSCO + JUNIN + SAN MARTIN,3,1461,67,96,119,.0055227028478093,-.0556626346199721,.2859504995497405,.8456604687344614,-.6161153150987002,.5047900458587562,.0378918489848094,bounded_department_subset,0,treat_14,drop_rounding_band,adjacent_categories,p1_mserd,618,63,555,266,352,14,252,49,303,12,51,27,27,1,1,0,.0012011213569744,.0012011213569744,.0029268800813957,.0029268800813957,39,28,1
dept_subset,de,2014,8,conflict_dept_subset_096,Conflict-belt departments: JUNIN + SAN MARTIN,2,1315,64,90,114,.0050447738172205,-.0514581983879078,.3027643384525364,.8650406294870077,-.6448653975579743,.5419490007821588,.0288868186077538,bounded_department_subset,0,treat_14,drop_rounding_band,adjacent_categories,p1_mserd,583,60,523,250,333,14,236,46,287,12,50,26,26,1,1,0,.0012138952924473,.0012138952924473,.002938511519594,.002938511519594,38,26,1
dept_subset,de,2014,9,conflict_dept_subset_104,Conflict-belt departments: HUANCAVELICA + JUNIN + SAN MARTIN,3,1736,66,119,153,.0099099099099097,-.0530709343330654,.4065119204111329,.8961297353451056,-.8498196576250986,.7436777889589677,.0170438183449084,bounded_department_subset,0,treat_14,drop_rounding_band,adjacent_categories,p1_mserd,714,85,629,300,414,17,283,68,346,12,55,33,33,1,1,0,.0010503747885606,.0010503747885606,.0028482096052136,.0028482096052136,38,28,1
dept_subset,de,2014,10,conflict_dept_subset_108,Conflict-belt departments: CUSCO + HUANCAVELICA + JUNIN + SAN MARTIN,4,1882,67,125,158,.0096491228070176,-.0492204464706059,.3839126045687689,.8979848242359052,-.8016753246363602,.7032344316951484,.0164371438343482,bounded_department_subset,0,treat_14,drop_rounding_band,adjacent_categories,p1_mserd,749,88,661,316,433,17,299,71,362,12,56,34,34,1,1,0,.0010613295022453,.0010613295022453,.0028183777007695,.0028183777007695,39,28,1
dept_subset,de,2015,1,conflict_dept_subset_127,Conflict-belt departments: APURIMAC + AYACUCHO + CUSCO + HUANCAVELICA + HUANUCO + JUNIN + SAN MARTIN,7,4614,130,210,294,.0079240154672174,-.0413704451254975,.0917339955577319,.6520020166485498,-.2211657725766094,.1384248823256144,.2033853969488265,bounded_department_subset,0,treat_15,drop_rounding_band,adjacent_categories,p1_mserd,1325,162,1163,520,805,21,499,141,664,13,60,54,54,1,1,0,.0013396535309236,.0013396535309236,.002728954601285,.002728954601285,72,58,1
dept_subset,de,2015,2,conflict_dept_subset_126,Conflict-belt departments: AYACUCHO + CUSCO + HUANCAVELICA + HUANUCO + JUNIN + SAN MARTIN,6,4128,124,195,263,.0034224354497721,-.0408270676760636,.1012201856027433,.6866914483158389,-.2392149859659002,.157560850613773,.1626904718551972,bounded_department_subset,0,treat_15,drop_rounding_band,adjacent_categories,p1_mserd,1247,144,1103,498,749,19,479,125,624,13,59,51,51,1,1,0,.0012901999655114,.0012901999655114,.0027782627502515,.0027782627502515,69,55,1
dept_subset,de,2015,3,conflict_dept_subset_123,Conflict-belt departments: APURIMAC + AYACUCHO + HUANCAVELICA + HUANUCO + JUNIN + SAN MARTIN,6,4468,127,204,289,.0017754902604342,-.0396993320568293,.1009003752891271,.693986565363049,-.2374604336500936,.1580617695364351,.1548035217186003,bounded_department_subset,0,treat_15,drop_rounding_band,adjacent_categories,p1_mserd,1290,159,1131,504,786,21,483,138,648,13,60,53,53,1,1,0,.0013278707360369,.0013278707360369,.0027051184285301,.0027051184285301,71,56,1
dept_subset,de,2015,4,conflict_dept_subset_047,Conflict-belt departments: APURIMAC + AYACUCHO + CUSCO + HUANCAVELICA + JUNIN,5,3199,60,123,188,.0114583333333335,-.0654590770624617,.1718527619470326,.7032758978625087,-.4022843011223809,.2713661469974576,.1450864059988865,bounded_department_subset,0,treat_15,drop_rounding_band,adjacent_categories,p1_mserd,679,94,585,244,435,10,234,84,351,12,56,24,24,1,1,0,.0012785454156635,.0012785454156635,.0026346605671201,.0026346605671201,33,27,1
dept_subset,de,2015,5,conflict_dept_subset_035,Conflict-belt departments: APURIMAC + AYACUCHO + JUNIN,3,2632,51,88,144,.0126436781609194,-.0489172939650788,.1872702811341482,.7939288216659031,-.4159603003627,.3181257124325424,.0682318464458644,bounded_department_subset,0,treat_15,drop_rounding_band,adjacent_categories,p1_mserd,513,66,447,178,335,7,171,59,276,12,51,16,16,1,1,0,.0013746578983687,.0013746578983687,.002754328565194,.002754328565194,30,21,1
dept_subset,de,2015,6,conflict_dept_subset_043,Conflict-belt departments: APURIMAC + AYACUCHO + HUANCAVELICA + JUNIN,4,3053,57,117,183,.0118279569892475,-.0532788942588585,.2080066584820005,.7978424811799577,-.4609644534281022,.3544066649103853,.0656078689310073,bounded_department_subset,0,treat_15,drop_rounding_band,adjacent_categories,p1_mserd,644,91,553,228,416,10,218,81,335,12,56,23,23,1,1,0,.0012578245171177,.0012578245171177,.0026055704042782,.0026055704042782,32,25,1
dept_subset,de,2015,7,conflict_dept_subset_100,Conflict-belt departments: CUSCO + JUNIN + SAN MARTIN,3,1461,67,96,119,.0055227028478093,-.0556626346199721,.2859504995497405,.8456604687344614,-.6161153150987002,.5047900458587562,.0378918489848094,bounded_department_subset,0,treat_15,drop_rounding_band,adjacent_categories,p1_mserd,618,63,555,266,352,14,252,49,303,12,51,27,27,1,1,0,.0012011213569744,.0012011213569744,.0029268800813957,.0029268800813957,39,28,1
dept_subset,de,2015,8,conflict_dept_subset_096,Conflict-belt departments: JUNIN + SAN MARTIN,2,1315,64,90,114,.0050447738172205,-.0514581983879078,.3027643384525364,.8650406294870077,-.6448653975579743,.5419490007821588,.0288868186077538,bounded_department_subset,0,treat_15,drop_rounding_band,adjacent_categories,p1_mserd,583,60,523,250,333,14,236,46,287,12,50,26,26,1,1,0,.0012138952924473,.0012138952924473,.002938511519594,.002938511519594,38,26,1
dept_subset,de,2015,9,conflict_dept_subset_104,Conflict-belt departments: HUANCAVELICA + JUNIN + SAN MARTIN,3,1736,66,119,153,.0099099099099097,-.0530709343330654,.4065119204111329,.8961297353451056,-.8498196576250986,.7436777889589677,.0170438183449084,bounded_department_subset,0,treat_15,drop_rounding_band,adjacent_categories,p1_mserd,714,85,629,300,414,17,283,68,346,12,55,33,33,1,1,0,.0010503747885606,.0010503747885606,.0028482096052136,.0028482096052136,38,28,1
dept_subset,de,2015,10,conflict_dept_subset_108,Conflict-belt departments: CUSCO + HUANCAVELICA + JUNIN + SAN MARTIN,4,1882,67,125,158,.0096491228070176,-.0492204464706059,.3839126045687689,.8979848242359052,-.8016753246363602,.7032344316951484,.0164371438343482,bounded_department_subset,0,treat_15,drop_rounding_band,adjacent_categories,p1_mserd,749,88,661,316,433,17,299,71,362,12,56,34,34,1,1,0,.0010613295022453,.0010613295022453,.0028183777007695,.0028183777007695,39,28,1
dept_subset,de,2016,1,conflict_dept_subset_127,Conflict-belt departments: APURIMAC + AYACUCHO + CUSCO + HUANCAVELICA + HUANUCO + JUNIN + SAN MARTIN,7,4614,130,210,294,.0079216945877524,-.0413633693559259,.0917317389793527,.6520496156860822,-.2211542739946862,.1384275352828345,.2033258342593066,bounded_department_subset,0,treat_16,drop_rounding_band,adjacent_categories,p1_mserd,1325,163,1162,520,805,21,499,142,663,13,60,54,54,1,1,0,.0013395077428708,.0013395077428708,.0027281460142835,.0027281460142835,72,58,1
dept_subset,de,2016,2,conflict_dept_subset_126,Conflict-belt departments: AYACUCHO + CUSCO + HUANCAVELICA + HUANUCO + JUNIN + SAN MARTIN,6,4128,124,195,263,.0033945381892759,-.0408171507393913,.1012195474801233,.686761644444047,-.239203818331875,.1575695168530924,.1626134964113775,bounded_department_subset,0,treat_16,drop_rounding_band,adjacent_categories,p1_mserd,1247,145,1102,498,749,19,479,126,623,13,59,51,51,1,1,0,.0012896339679622,.0012896339679622,.0027746159337318,.0027746159337318,69,55,1
dept_subset,de,2016,3,conflict_dept_subset_123,Conflict-belt departments: APURIMAC + AYACUCHO + HUANCAVELICA + HUANUCO + JUNIN + SAN MARTIN,6,4468,127,204,289,.0017741931686323,-.0396924490215551,.100901902334233,.6940413371736931,-.2374565435682297,.1580716455251195,.154745163055385,bounded_department_subset,0,treat_16,drop_rounding_band,adjacent_categories,p1_mserd,1290,160,1130,504,786,21,483,139,647,13,60,53,53,1,1,0,.0013277001578755,.0013277001578755,.0027042949833874,.0027042949833874,71,56,1
dept_subset,de,2016,4,conflict_dept_subset_118,Conflict-belt departments: AYACUCHO + CUSCO + HUANUCO + JUNIN + SAN MARTIN,5,3707,118,166,224,.0026090946617867,-.0367695838390474,.0960636149812572,.7018956029066548,-.2250508094270337,.151511641748939,.1465074056158161,bounded_department_subset,0,treat_16,drop_rounding_band,adjacent_categories,p1_mserd,1116,120,996,448,668,16,432,104,564,13,56,44,44,1,1,0,.0013630896043365,.0013630896043365,.0028799160842051,.0028799160842051,67,51,1
dept_subset,de,2016,5,conflict_dept_subset_047,Conflict-belt departments: APURIMAC + AYACUCHO + CUSCO + HUANCAVELICA + JUNIN,5,3199,60,123,188,.0114583333333335,-.0654590770624617,.1718527619470326,.7032758978625087,-.4022843011223809,.2713661469974576,.1450864059988865,bounded_department_subset,0,treat_16,drop_rounding_band,adjacent_categories,p1_mserd,679,95,584,244,435,10,234,85,350,12,56,24,24,1,1,0,.0012785454156635,.0012785454156635,.0026346605671201,.0026346605671201,33,27,1
dept_subset,de,2016,6,conflict_dept_subset_035,Conflict-belt departments: APURIMAC + AYACUCHO + JUNIN,3,2632,51,88,144,.0126436781609194,-.0486886315872048,.1868996426294848,.7944728551696908,-.4150051998644019,.3176279366899923,.0678638033408351,bounded_department_subset,0,treat_16,drop_rounding_band,adjacent_categories,p1_mserd,513,67,446,178,335,7,171,60,275,12,51,16,16,1,1,0,.001373205147378,.001373205147378,.002743558421816,.002743558421816,30,21,1
dept_subset,de,2016,7,conflict_dept_subset_043,Conflict-belt departments: APURIMAC + AYACUCHO + HUANCAVELICA + JUNIN,4,3053,57,117,183,.0118279569892475,-.0532788942588585,.2080066584820005,.7978424811799577,-.4609644534281022,.3544066649103853,.0656078689310073,bounded_department_subset,0,treat_16,drop_rounding_band,adjacent_categories,p1_mserd,644,92,552,228,416,10,218,82,334,12,56,23,23,1,1,0,.0012578245171177,.0012578245171177,.0026055704042782,.0026055704042782,32,25,1
dept_subset,de,2016,8,conflict_dept_subset_100,Conflict-belt departments: CUSCO + JUNIN + SAN MARTIN,3,1461,67,96,119,.0060755366919445,-.0495870661822168,.3048314099865532,.8707779053690172,-.6470456511124243,.5478715187479908,.0264616790873233,bounded_department_subset,0,treat_16,drop_rounding_band,adjacent_categories,p1_mserd,618,64,554,266,352,14,252,50,302,12,51,27,27,1,1,0,.0011900897971994,.0011900897971994,.002919742762889,.002919742762889,39,28,1
dept_subset,de,2016,9,conflict_dept_subset_096,Conflict-belt departments: JUNIN + SAN MARTIN,2,1315,64,90,114,.0055896838571756,-.0496417688393563,.313054340556657,.8740057985652656,-.6632170015343408,.5639334638556281,.0251451966474653,bounded_department_subset,0,treat_16,drop_rounding_band,adjacent_categories,p1_mserd,583,61,522,250,333,14,236,47,286,12,50,26,26,1,1,0,.0012028429525981,.0012028429525981,.002930749351706,.002930749351706,38,26,1
dept_subset,de,2016,10,conflict_dept_subset_104,Conflict-belt departments: HUANCAVELICA + JUNIN + SAN MARTIN,3,1736,66,119,153,.00990990990991,-.0531452542403741,.4065981738971031,.8960070426597785,-.8500630312584498,.7437725227777017,.0170843370311727,bounded_department_subset,0,treat_16,drop_rounding_band,adjacent_categories,p1_mserd,714,86,628,300,414,17,283,69,345,12,55,33,33,1,1,0,.0010496095296141,.0010496095296141,.0028396207305524,.0028396207305524,38,28,1
dept_subset,de,2017,1,conflict_dept_subset_127,Conflict-belt departments: APURIMAC + AYACUCHO + CUSCO + HUANCAVELICA + HUANUCO + JUNIN + SAN MARTIN,7,4614,130,210,294,.0079216945877524,-.0413633693559259,.0917317389793527,.6520496156860822,-.2211542739946862,.1384275352828345,.2033258342593066,bounded_department_subset,0,treat_17,drop_rounding_band,adjacent_categories,p1_mserd,1325,163,1162,520,805,21,499,142,663,13,60,54,54,1,1,0,.0013395077428708,.0013395077428708,.0027281460142835,.0027281460142835,72,58,1
dept_subset,de,2017,2,conflict_dept_subset_126,Conflict-belt departments: AYACUCHO + CUSCO + HUANCAVELICA + HUANUCO + JUNIN + SAN MARTIN,6,4128,124,195,263,.0033945381892759,-.0408171507393913,.1012195474801233,.686761644444047,-.239203818331875,.1575695168530924,.1626134964113775,bounded_department_subset,0,treat_17,drop_rounding_band,adjacent_categories,p1_mserd,1247,145,1102,498,749,19,479,126,623,13,59,51,51,1,1,0,.0012896339679622,.0012896339679622,.0027746159337318,.0027746159337318,69,55,1
dept_subset,de,2017,3,conflict_dept_subset_123,Conflict-belt departments: APURIMAC + AYACUCHO + HUANCAVELICA + HUANUCO + JUNIN + SAN MARTIN,6,4468,127,204,289,.0017741931686323,-.0396924490215551,.100901902334233,.6940413371736931,-.2374565435682297,.1580716455251195,.154745163055385,bounded_department_subset,0,treat_17,drop_rounding_band,adjacent_categories,p1_mserd,1290,160,1130,504,786,21,483,139,647,13,60,53,53,1,1,0,.0013277001578755,.0013277001578755,.0027042949833874,.0027042949833874,71,56,1
dept_subset,de,2017,4,conflict_dept_subset_118,Conflict-belt departments: AYACUCHO + CUSCO + HUANUCO + JUNIN + SAN MARTIN,5,3707,118,166,224,.0026090946617867,-.0367695838390474,.0960636149812572,.7018956029066548,-.2250508094270337,.151511641748939,.1465074056158161,bounded_department_subset,0,treat_17,drop_rounding_band,adjacent_categories,p1_mserd,1116,120,996,448,668,16,432,104,564,13,56,44,44,1,1,0,.0013630896043365,.0013630896043365,.0028799160842051,.0028799160842051,67,51,1
dept_subset,de,2017,5,conflict_dept_subset_047,Conflict-belt departments: APURIMAC + AYACUCHO + CUSCO + HUANCAVELICA + JUNIN,5,3199,60,123,188,.0114583333333335,-.0654590770624617,.1718527619470326,.7032758978625087,-.4022843011223809,.2713661469974576,.1450864059988865,bounded_department_subset,0,treat_17,drop_rounding_band,adjacent_categories,p1_mserd,679,95,584,244,435,10,234,85,350,12,56,24,24,1,1,0,.0012785454156635,.0012785454156635,.0026346605671201,.0026346605671201,33,27,1
dept_subset,de,2017,6,conflict_dept_subset_035,Conflict-belt departments: APURIMAC + AYACUCHO + JUNIN,3,2632,51,88,144,.0126436781609194,-.0486886315872048,.1868996426294848,.7944728551696908,-.4150051998644019,.3176279366899923,.0678638033408351,bounded_department_subset,0,treat_17,drop_rounding_band,adjacent_categories,p1_mserd,513,67,446,178,335,7,171,60,275,12,51,16,16,1,1,0,.001373205147378,.001373205147378,.002743558421816,.002743558421816,30,21,1
dept_subset,de,2017,7,conflict_dept_subset_043,Conflict-belt departments: APURIMAC + AYACUCHO + HUANCAVELICA + JUNIN,4,3053,57,117,183,.0118279569892475,-.0532788942588585,.2080066584820005,.7978424811799577,-.4609644534281022,.3544066649103853,.0656078689310073,bounded_department_subset,0,treat_17,drop_rounding_band,adjacent_categories,p1_mserd,644,92,552,228,416,10,218,82,334,12,56,23,23,1,1,0,.0012578245171177,.0012578245171177,.0026055704042782,.0026055704042782,32,25,1
dept_subset,de,2017,8,conflict_dept_subset_100,Conflict-belt departments: CUSCO + JUNIN + SAN MARTIN,3,1461,67,96,119,.0060755366919445,-.0495870661822168,.3048314099865532,.8707779053690172,-.6470456511124243,.5478715187479908,.0264616790873233,bounded_department_subset,0,treat_17,drop_rounding_band,adjacent_categories,p1_mserd,618,64,554,266,352,14,252,50,302,12,51,27,27,1,1,0,.0011900897971994,.0011900897971994,.002919742762889,.002919742762889,39,28,1
dept_subset,de,2017,9,conflict_dept_subset_096,Conflict-belt departments: JUNIN + SAN MARTIN,2,1315,64,90,114,.0055896838571756,-.0496417688393563,.313054340556657,.8740057985652656,-.6632170015343408,.5639334638556281,.0251451966474653,bounded_department_subset,0,treat_17,drop_rounding_band,adjacent_categories,p1_mserd,583,61,522,250,333,14,236,47,286,12,50,26,26,1,1,0,.0012028429525981,.0012028429525981,.002930749351706,.002930749351706,38,26,1
dept_subset,de,2017,10,conflict_dept_subset_104,Conflict-belt departments: HUANCAVELICA + JUNIN + SAN MARTIN,3,1736,66,119,153,.00990990990991,-.0531452542403741,.4065981738971031,.8960070426597785,-.8500630312584498,.7437725227777017,.0170843370311727,bounded_department_subset,0,treat_17,drop_rounding_band,adjacent_categories,p1_mserd,714,86,628,300,414,17,283,69,345,12,55,33,33,1,1,0,.0010496095296141,.0010496095296141,.0028396207305524,.0028396207305524,38,28,1
dept_subset,de,2018,1,conflict_dept_subset_127,Conflict-belt departments: APURIMAC + AYACUCHO + CUSCO + HUANCAVELICA + HUANUCO + JUNIN + SAN MARTIN,7,4614,130,210,294,.0079216945877524,-.0413633693559259,.0917317389793527,.6520496156860822,-.2211542739946862,.1384275352828345,.2033258342593066,bounded_department_subset,0,treat_18,drop_rounding_band,adjacent_categories,p1_mserd,1325,163,1162,520,805,21,499,142,663,13,60,54,54,1,1,0,.0013395077428708,.0013395077428708,.0027281460142835,.0027281460142835,72,58,1
dept_subset,de,2018,2,conflict_dept_subset_126,Conflict-belt departments: AYACUCHO + CUSCO + HUANCAVELICA + HUANUCO + JUNIN + SAN MARTIN,6,4128,124,195,263,.0033945381892759,-.0408171507393913,.1012195474801233,.686761644444047,-.239203818331875,.1575695168530924,.1626134964113775,bounded_department_subset,0,treat_18,drop_rounding_band,adjacent_categories,p1_mserd,1247,145,1102,498,749,19,479,126,623,13,59,51,51,1,1,0,.0012896339679622,.0012896339679622,.0027746159337318,.0027746159337318,69,55,1
dept_subset,de,2018,3,conflict_dept_subset_123,Conflict-belt departments: APURIMAC + AYACUCHO + HUANCAVELICA + HUANUCO + JUNIN + SAN MARTIN,6,4468,127,204,289,.0017741931686323,-.0396924490215551,.100901902334233,.6940413371736931,-.2374565435682297,.1580716455251195,.154745163055385,bounded_department_subset,0,treat_18,drop_rounding_band,adjacent_categories,p1_mserd,1290,160,1130,504,786,21,483,139,647,13,60,53,53,1,1,0,.0013277001578755,.0013277001578755,.0027042949833874,.0027042949833874,71,56,1
dept_subset,de,2018,4,conflict_dept_subset_118,Conflict-belt departments: AYACUCHO + CUSCO + HUANUCO + JUNIN + SAN MARTIN,5,3707,118,166,224,.0026090946617867,-.0367695838390474,.0960636149812572,.7018956029066548,-.2250508094270337,.151511641748939,.1465074056158161,bounded_department_subset,0,treat_18,drop_rounding_band,adjacent_categories,p1_mserd,1116,120,996,448,668,16,432,104,564,13,56,44,44,1,1,0,.0013630896043365,.0013630896043365,.0028799160842051,.0028799160842051,67,51,1
dept_subset,de,2018,5,conflict_dept_subset_047,Conflict-belt departments: APURIMAC + AYACUCHO + CUSCO + HUANCAVELICA + JUNIN,5,3199,60,123,188,.0114583333333335,-.0654590770624617,.1718527619470326,.7032758978625087,-.4022843011223809,.2713661469974576,.1450864059988865,bounded_department_subset,0,treat_18,drop_rounding_band,adjacent_categories,p1_mserd,679,95,584,244,435,10,234,85,350,12,56,24,24,1,1,0,.0012785454156635,.0012785454156635,.0026346605671201,.0026346605671201,33,27,1
dept_subset,de,2018,6,conflict_dept_subset_035,Conflict-belt departments: APURIMAC + AYACUCHO + JUNIN,3,2632,51,88,144,.0126436781609194,-.0486886315872048,.1868996426294848,.7944728551696908,-.4150051998644019,.3176279366899923,.0678638033408351,bounded_department_subset,0,treat_18,drop_rounding_band,adjacent_categories,p1_mserd,513,67,446,178,335,7,171,60,275,12,51,16,16,1,1,0,.001373205147378,.001373205147378,.002743558421816,.002743558421816,30,21,1
dept_subset,de,2018,7,conflict_dept_subset_043,Conflict-belt departments: APURIMAC + AYACUCHO + HUANCAVELICA + JUNIN,4,3053,57,117,183,.0118279569892475,-.0532788942588585,.2080066584820005,.7978424811799577,-.4609644534281022,.3544066649103853,.0656078689310073,bounded_department_subset,0,treat_18,drop_rounding_band,adjacent_categories,p1_mserd,644,92,552,228,416,10,218,82,334,12,56,23,23,1,1,0,.0012578245171177,.0012578245171177,.0026055704042782,.0026055704042782,32,25,1
dept_subset,de,2018,8,conflict_dept_subset_100,Conflict-belt departments: CUSCO + JUNIN + SAN MARTIN,3,1461,67,96,119,.0060755366919445,-.0495870661822168,.3048314099865532,.8707779053690172,-.6470456511124243,.5478715187479908,.0264616790873233,bounded_department_subset,0,treat_18,drop_rounding_band,adjacent_categories,p1_mserd,618,64,554,266,352,14,252,50,302,12,51,27,27,1,1,0,.0011900897971994,.0011900897971994,.002919742762889,.002919742762889,39,28,1
dept_subset,de,2018,9,conflict_dept_subset_096,Conflict-belt departments: JUNIN + SAN MARTIN,2,1315,64,90,114,.0055896838571756,-.0496417688393563,.313054340556657,.8740057985652656,-.6632170015343408,.5639334638556281,.0251451966474653,bounded_department_subset,0,treat_18,drop_rounding_band,adjacent_categories,p1_mserd,583,61,522,250,333,14,236,47,286,12,50,26,26,1,1,0,.0012028429525981,.0012028429525981,.002930749351706,.002930749351706,38,26,1
dept_subset,de,2018,10,conflict_dept_subset_104,Conflict-belt departments: HUANCAVELICA + JUNIN + SAN MARTIN,3,1736,66,119,153,.00990990990991,-.0531452542403741,.4065981738971031,.8960070426597785,-.8500630312584498,.7437725227777017,.0170843370311727,bounded_department_subset,0,treat_18,drop_rounding_band,adjacent_categories,p1_mserd,714,86,628,300,414,17,283,69,345,12,55,33,33,1,1,0,.0010496095296141,.0010496095296141,.0028396207305524,.0028396207305524,38,28,1
dept_subset,de,2019,1,conflict_dept_subset_127,Conflict-belt departments: APURIMAC + AYACUCHO + CUSCO + HUANCAVELICA + HUANUCO + JUNIN + SAN MARTIN,7,4614,130,210,294,.0080425647041469,-.0417349578058221,.0919450741583787,.6498922812282759,-.2219439917121089,.1384740761004646,.2060359586467655,bounded_department_subset,0,treat_19,drop_rounding_band,adjacent_categories,p1_mserd,1325,183,1142,520,805,21,499,162,643,13,60,54,54,1,1,0,.0013476693234125,.0013476693234125,.0027780459369269,.0027780459369269,72,58,1
dept_subset,de,2019,2,conflict_dept_subset_126,Conflict-belt departments: AYACUCHO + CUSCO + HUANCAVELICA + HUANUCO + JUNIN + SAN MARTIN,6,4128,124,195,263,.0036667554200766,-.0409046723904054,.1012680967562917,.6862681883289043,-.2393864948156546,.1575771500348438,.1631550578779563,bounded_department_subset,0,treat_19,drop_rounding_band,adjacent_categories,p1_mserd,1247,163,1084,498,749,19,479,144,605,13,59,51,51,1,1,0,.0012952969706288,.0012952969706288,.0028133206452818,.0028133206452818,69,55,1
dept_subset,de,2019,3,conflict_dept_subset_123,Conflict-belt departments: APURIMAC + AYACUCHO + HUANCAVELICA + HUANUCO + JUNIN + SAN MARTIN,6,4468,127,204,289,.001845474256723,-.0400816421947874,.1009291530263089,.6912741725342424,-.2378991471164846,.1577358627269098,.1577094641278834,bounded_department_subset,0,treat_19,drop_rounding_band,adjacent_categories,p1_mserd,1290,180,1110,504,786,21,483,159,627,13,60,53,53,1,1,0,.0013383242287707,.0013383242287707,.0027617990208872,.0027617990208872,71,56,1
dept_subset,de,2019,4,conflict_dept_subset_047,Conflict-belt departments: APURIMAC + AYACUCHO + CUSCO + HUANCAVELICA + JUNIN,5,3199,60,123,188,.0114583333333335,-.0654590770624617,.1718527619470326,.7032758978625087,-.4022843011223809,.2713661469974576,.1450864059988865,bounded_department_subset,0,treat_19,drop_rounding_band,adjacent_categories,p1_mserd,679,104,575,244,435,10,234,94,341,12,56,24,24,1,1,0,.0012785454156635,.0012785454156635,.0026346605671201,.0026346605671201,33,27,1
dept_subset,de,2019,5,conflict_dept_subset_100,Conflict-belt departments: CUSCO + JUNIN + SAN MARTIN,3,1461,67,96,119,.0030521257891051,-.0723301530932939,.2222955451065901,.7448947546293492,-.5080214154259095,.3633611092393217,.105871057223958,bounded_department_subset,0,treat_19,drop_rounding_band,adjacent_categories,p1_mserd,618,71,547,266,352,14,252,57,295,12,51,27,27,1,1,0,.0012561524671011,.0012561524671011,.0029784233136598,.0029784233136598,39,28,1
dept_subset,de,2019,6,conflict_dept_subset_035,Conflict-belt departments: APURIMAC + AYACUCHO + JUNIN,3,2632,51,88,144,.0126436781609196,-.0495741784766566,.1884253032142141,.7924756260594154,-.4188809865525553,.3197326295992421,.0692201611998529,bounded_department_subset,0,treat_19,drop_rounding_band,adjacent_categories,p1_mserd,513,73,440,178,335,7,171,66,269,12,51,16,16,1,1,0,.0013788316454482,.0013788316454482,.0027886246643164,.0027886246643164,30,21,1
dept_subset,de,2019,7,conflict_dept_subset_043,Conflict-belt departments: APURIMAC + AYACUCHO + HUANCAVELICA + JUNIN,4,3053,57,117,183,.0118279569892475,-.0532788942588585,.2080066584820005,.7978424811799577,-.4609644534281022,.3544066649103853,.0656078689310073,bounded_department_subset,0,treat_19,drop_rounding_band,adjacent_categories,p1_mserd,644,101,543,228,416,10,218,91,325,12,56,23,23,1,1,0,.0012578245171177,.0012578245171177,.0026055704042782,.0026055704042782,32,25,1
dept_subset,de,2019,8,conflict_dept_subset_101,Conflict-belt departments: APURIMAC + CUSCO + JUNIN + SAN MARTIN,4,1947,73,111,150,.0092323102281193,-.0613873715234008,.2822952166986534,.8278513844666858,-.6146758292606914,.4919010862138898,.0472880099431947,bounded_department_subset,0,treat_19,drop_rounding_band,adjacent_categories,p1_mserd,696,91,605,288,408,16,272,75,333,12,55,30,30,1,1,0,.001212161191603,.001212161191603,.0028926678913476,.0028926678913476,42,31,1
dept_subset,de,2019,9,conflict_dept_subset_096,Conflict-belt departments: JUNIN + SAN MARTIN,2,1315,64,90,114,.0029009564860686,-.0567049537298787,.2649182889398327,.830510438875006,-.5759352588979263,.462525351438169,.0458161000088688,bounded_department_subset,0,treat_19,drop_rounding_band,adjacent_categories,p1_mserd,583,68,515,250,333,14,236,54,279,12,50,26,26,1,1,0,.0012617753524662,.0012617753524662,.0029855673289825,.0029855673289825,38,26,1
dept_subset,de,2019,10,conflict_dept_subset_097,Conflict-belt departments: APURIMAC + JUNIN + SAN MARTIN,3,1801,70,105,145,.0082266757355072,-.0570555885668094,.2973918916161307,.847857190742241,-.6399329854286646,.5258218082950459,.0368076535838372,bounded_department_subset,0,treat_19,drop_rounding_band,adjacent_categories,p1_mserd,661,88,573,272,389,16,256,72,317,12,55,29,29,1,1,0,.0012263436768466,.0012263436768466,.0029020267785619,.0029020267785619,41,29,1
dept_subset,de,2020,1,conflict_dept_subset_052,Conflict-belt departments: CUSCO + HUANUCO + JUNIN,3,1762,144,81,121,.0772382320797674,.1093273657897634,.1791609865911269,.5417170124645734,-.2418217153635089,.4604764469430357,.3723667355455648,bounded_department_subset,0,treat_20,drop_rounding_band,adjacent_categories,p1_mserd,610,109,501,228,382,5,223,104,278,11,48,23,23,1,1,0,.0019479879443633,.0019479879443633,.0033108815173554,.0033108815173554,61,83,1
dept_subset,de,2020,2,conflict_dept_subset_060,Conflict-belt departments: CUSCO + HUANCAVELICA + HUANUCO + JUNIN,4,2183,140,110,160,.0583788656438066,.0994730529731325,.1678573669874193,.5534457793449925,-.2295213408619318,.4284674468081968,.3511802483219891,bounded_department_subset,0,treat_20,drop_rounding_band,adjacent_categories,p1_mserd,741,144,597,278,463,8,270,136,327,11,53,30,30,1,1,0,.0018713816165843,.0018713816165843,.0033007779474862,.0033007779474862,77,63,1
dept_subset,de,2020,3,conflict_dept_subset_048,Conflict-belt departments: HUANUCO + JUNIN,2,1616,139,75,116,.0722103394658996,.1040361857624578,.1813321007215248,.566148584633817,-.2513682008927204,.4594405724176359,.3291694010077604,bounded_department_subset,0,treat_20,drop_rounding_band,adjacent_categories,p1_mserd,575,106,469,212,363,5,207,101,262,11,48,22,22,1,1,0,.0019626707307143,.0019626707307143,.0033061100859539,.0033061100859539,59,80,1
dept_subset,de,2020,4,conflict_dept_subset_056,Conflict-belt departments: HUANCAVELICA + HUANUCO + JUNIN,3,2037,166,104,155,.054588893329848,.0963117107798657,.1701258334437938,.5713119128511285,-.2371287956098299,.4297522171695612,.3204923465647204,bounded_department_subset,0,treat_20,drop_rounding_band,adjacent_categories,p1_mserd,706,141,565,262,444,8,254,133,311,11,53,29,29,1,1,0,.001882862136594,.001882862136594,.0032929429187295,.0032929429187295,75,91,1
dept_subset,de,2020,5,conflict_dept_subset_053,Conflict-belt departments: APURIMAC + CUSCO + HUANUCO + JUNIN,4,2248,158,96,152,.055154327100146,.1004543456842103,.1812138867625958,.579345275103063,-.254718345868997,.4556270372374176,.3072943020810812,bounded_department_subset,0,treat_20,drop_rounding_band,adjacent_categories,p1_mserd,688,136,552,250,438,7,243,129,309,11,51,26,26,1,1,0,.0019137539700397,.0019137539700397,.0032602770293453,.0032602770293453,67,91,1
dept_subset,de,2020,6,conflict_dept_subset_049,Conflict-belt departments: APURIMAC + HUANUCO + JUNIN,3,2102,153,90,147,.0474837601269444,.0942839241261142,.183678216878802,.6077342667719527,-.2657187657008746,.454286613953103,.2634874837411431,bounded_department_subset,0,treat_20,drop_rounding_band,adjacent_categories,p1_mserd,653,133,520,234,419,7,227,126,293,11,51,25,25,1,1,0,.0019302678330921,.0019302678330921,.003254346948671,.003254346948671,65,88,1
dept_subset,de,2020,7,conflict_dept_subset_030,Conflict-belt departments: AYACUCHO + CUSCO + HUANCAVELICA + HUANUCO,4,2813,152,105,149,.0725612085258035,.1026362962493772,.2096462174298065,.6244388928923421,-.3082627394080968,.5135353319068512,.2396778395211316,bounded_department_subset,0,treat_20,drop_rounding_band,adjacent_categories,p1_mserd,664,143,521,248,416,5,243,138,278,11,52,25,25,1,1,0,.0019452968198095,.0019452968198095,.00337688849949,.00337688849949,74,78,1
dept_subset,de,2020,8,conflict_dept_subset_051,Conflict-belt departments: APURIMAC + AYACUCHO + HUANUCO + JUNIN,4,3490,162,124,198,.0391050805739308,.0712877904689017,.1505750556146514,.63590149528021,-.2238338955059307,.366409476443734,.2241425166523296,bounded_department_subset,0,treat_20,drop_rounding_band,adjacent_categories,p1_mserd,832,170,662,297,535,8,289,162,373,12,52,29,29,1,1,0,.0018381269389753,.0018381269389753,.0030391519577845,.0030391519577845,90,72,1
dept_subset,de,2020,9,conflict_dept_subset_061,Conflict-belt departments: APURIMAC + CUSCO + HUANCAVELICA + HUANUCO + JUNIN,5,2669,151,125,191,.0289879016112049,.0750284110310102,.16816324941385,.655478686442963,-.2545655013433621,.4046223234053826,.1990624370450052,bounded_department_subset,0,treat_20,drop_rounding_band,adjacent_categories,p1_mserd,819,171,648,300,519,10,290,161,358,11,56,33,33,1,1,0,.0018616006310208,.0018616006310208,.0032621068091577,.0032621068091577,83,68,1
dept_subset,de,2020,10,conflict_dept_subset_055,Conflict-belt departments: APURIMAC + AYACUCHO + CUSCO + HUANUCO + JUNIN,5,3636,166,130,203,.0418550216840635,.0650080023543512,.1477689527582499,.6599877728345533,-.2246138230850192,.3546298277937217,.1935384463860455,bounded_department_subset,0,treat_20,drop_rounding_band,adjacent_categories,p1_mserd,867,173,694,313,554,8,305,165,389,12,52,30,30,1,1,0,.0018283606168866,.0018283606168866,.0030518929858659,.0030518929858659,92,74,1
dept_subset,de,2021,1,conflict_dept_subset_030,Conflict-belt departments: AYACUCHO + CUSCO + HUANCAVELICA + HUANUCO,4,2813,152,105,149,.1078956120528434,.1536387012156545,.217077487440444,.4790944856462814,-.2718253560220615,.5791027584533706,.5009238179060617,bounded_department_subset,0,treat_21,drop_rounding_band,adjacent_categories,p1_mserd,664,157,507,248,416,6,242,151,265,11,52,25,25,1,1,0,.001888252963462,.001888252963462,.0033367284376723,.0033367284376723,74,78,1
dept_subset,de,2021,2,conflict_dept_subset_084,Conflict-belt departments: CUSCO + HUANUCO + SAN MARTIN,3,1561,166,93,111,.1006997567738738,.1476752215642158,.2352927142562554,.5302506529104136,-.3134900242027189,.6088404673311505,.3939111762264513,bounded_department_subset,0,treat_21,drop_rounding_band,adjacent_categories,p1_mserd,681,148,533,292,389,12,280,136,253,11,50,31,31,1,1,0,.0020474692828953,.0020474692828953,.0037079720025392,.0037079720025392,75,91,1
dept_subset,de,2021,3,conflict_dept_subset_026,Conflict-belt departments: AYACUCHO + HUANCAVELICA + HUANUCO,3,2667,147,99,144,.0842049720289677,.1296622590419647,.2172935765632598,.5506979143114381,-.2962253250939211,.5555498431778505,.3560683655925646,bounded_department_subset,0,treat_21,drop_rounding_band,adjacent_categories,p1_mserd,629,154,475,232,397,6,226,148,249,11,52,24,24,1,1,0,.0019211425432304,.0019211425432304,.0033413964120397,.0033413964120397,72,75,1
dept_subset,de,2021,4,conflict_dept_subset_052,Conflict-belt departments: CUSCO + HUANUCO + JUNIN,3,1762,144,81,121,.0845587485130283,.1095165897523258,.1872330048937163,.5586005742476092,-.2574533565565698,.4764865360612214,.3421330342040991,bounded_department_subset,0,treat_21,drop_rounding_band,adjacent_categories,p1_mserd,610,121,489,228,382,6,222,115,267,11,48,23,23,1,1,0,.0019352485348928,.0019352485348928,.003306113115513,.003306113115513,61,83,1
dept_subset,de,2021,5,conflict_dept_subset_080,Conflict-belt departments: HUANUCO + SAN MARTIN,2,1415,161,87,106,.0927278612096905,.1362308008223191,.2355481362272974,.5630234413561575,-.3254350628087181,.5978966644533563,.3344962664923867,bounded_department_subset,0,treat_21,drop_rounding_band,adjacent_categories,p1_mserd,646,145,501,276,370,12,264,133,237,11,49,30,30,1,1,0,.0020984255184616,.0020984255184616,.0037263111525986,.0037263111525986,73,88,1
dept_subset,de,2021,6,conflict_dept_subset_088,Conflict-belt departments: HUANCAVELICA + HUANUCO + SAN MARTIN,3,1836,152,116,145,.0860123685781696,.1272773221681792,.2422033944745202,.5992372648536788,-.3474326079352277,.6019872522715861,.2761478129164184,bounded_department_subset,0,treat_21,drop_rounding_band,adjacent_categories,p1_mserd,777,183,594,326,451,15,311,168,283,11,53,37,37,1,1,0,.001857159559371,.001857159559371,.0032852703586455,.0032852703586455,89,63,1
dept_subset,de,2021,7,conflict_dept_subset_048,Conflict-belt departments: HUANUCO + JUNIN,2,1616,139,75,116,.0745078828553464,.0985625140403064,.190093137377062,.6041123137412138,-.27401318892696,.4711382170075727,.2688380075478596,bounded_department_subset,0,treat_21,drop_rounding_band,adjacent_categories,p1_mserd,575,118,457,212,363,6,206,112,251,11,48,22,22,1,1,0,.0019579542641978,.0019579542641978,.0033103090481147,.0033103090481147,59,80,1
dept_subset,de,2021,8,conflict_dept_subset_060,Conflict-belt departments: CUSCO + HUANCAVELICA + HUANUCO + JUNIN,4,2183,171,110,160,.0531715107001908,.081542528663468,.1723936381520912,.6362117811415412,-.2563427932784608,.4194278506053968,.2237308537577588,bounded_department_subset,0,treat_21,drop_rounding_band,adjacent_categories,p1_mserd,741,159,582,278,463,9,269,150,313,11,53,30,30,1,1,0,.0019354365957887,.0019354365957887,.0033556533159,.0033556533159,77,94,1
dept_subset,de,2021,9,conflict_dept_subset_068,Conflict-belt departments: CUSCO + SAN MARTIN,2,703,94,57,57,.0931786545682511,.1442089864476832,.311656199599185,.6435663922734562,-.4666259403253457,.7550439132207121,.2141081051450713,bounded_department_subset,0,treat_21,drop_rounding_band,adjacent_categories,p1_mserd,362,74,288,173,189,10,163,64,125,11,45,18,18,1,1,0,.0024320377913964,.0024320377913964,.0045331133488018,.0045331133488018,45,49,1
dept_subset,de,2021,10,conflict_dept_subset_086,Conflict-belt departments: AYACUCHO + CUSCO + HUANUCO + SAN MARTIN,4,2949,208,127,162,.0683347297513773,.0907093976838168,.202411011793721,.6540488570069567,-.3060088955061884,.4874276908738219,.200833563769253,bounded_department_subset,0,treat_21,drop_rounding_band,adjacent_categories,p1_mserd,860,190,670,355,505,13,342,177,328,12,53,35,35,1,1,0,.0020235005339736,.0020235005339736,.0036635488759499,.0036635488759499,100,108,1
dept_subset,de,2022,1,conflict_dept_subset_014,Conflict-belt departments: AYACUCHO + CUSCO + HUANCAVELICA,3,1955,65,69,95,.924716827071923,1.125043897365865,.5717994089868257,.0491198435477165,.0043376493703984,2.245750145361332,3.871252797512848,bounded_department_subset,0,treat_22,drop_rounding_band,adjacent_categories,p1_mserd,345,197,148,129,216,40,89,157,59,11,47,12,12,1,1,0,.0018488655365101,.0018488655365101,.0035677482337854,.0035677482337854,43,22,1
dept_subset,de,2022,2,conflict_dept_subset_010,Conflict-belt departments: AYACUCHO + HUANCAVELICA,2,1809,61,63,90,.8218468795979899,1.002027011290699,.594966405829034,.0921480270479655,-.164085716145449,2.168139738726847,2.836442400375291,bounded_department_subset,0,treat_22,drop_rounding_band,adjacent_categories,p1_mserd,310,184,126,113,197,39,74,145,52,11,46,11,11,1,1,0,.0018468598141803,.0018468598141803,.0035075215519022,.0035075215519022,41,20,1
dept_subset,de,2022,3,conflict_dept_subset_070,Conflict-belt departments: AYACUCHO + CUSCO + SAN MARTIN,3,2091,130,91,108,.1842868368828192,.3603786786102634,.4055390567181598,.3741959883138347,-.4344632668816758,1.155220624102203,.7896830272022974,bounded_department_subset,0,treat_22,drop_rounding_band,adjacent_categories,p1_mserd,541,265,276,236,305,57,179,208,97,12,48,22,22,1,1,0,.0019186490978931,.0019186490978931,.0034466208429614,.0034466208429614,69,61,1
dept_subset,de,2022,4,conflict_dept_subset_066,Conflict-belt departments: AYACUCHO + SAN MARTIN,2,1945,125,85,103,.1497700343336645,.3297500003956193,.4073557560612543,.4182339320810703,-.4686526103795229,1.128152611170762,.6552724283130346,bounded_department_subset,0,treat_22,drop_rounding_band,adjacent_categories,p1_mserd,506,252,254,220,286,56,164,196,90,12,46,21,21,1,1,0,.0019296428095881,.0019296428095881,.0034123353918505,.0034123353918505,67,58,1
dept_subset,de,2022,5,conflict_dept_subset_015,Conflict-belt departments: APURIMAC + AYACUCHO + CUSCO + HUANCAVELICA,4,2441,92,84,126,.2092854422722636,.356098742970683,.4554232173183987,.4342690484122405,-.5365143606967365,1.248711846638102,.6113790421377898,bounded_department_subset,0,treat_22,drop_rounding_band,adjacent_categories,p1_mserd,423,234,189,151,272,44,107,190,82,11,51,15,15,1,1,0,.0022496532412803,.0022496532412803,.004514381161361,.004514381161361,53,39,1
dept_subset,de,2022,6,conflict_dept_subset_011,Conflict-belt departments: APURIMAC + AYACUCHO + HUANCAVELICA,3,2295,83,78,121,.2284617882153648,.3533348958162064,.4854525422820881,.4667076039803913,-.5981346032600938,1.304804394892507,.529760413614541,bounded_department_subset,0,treat_22,drop_rounding_band,adjacent_categories,p1_mserd,388,221,167,135,253,43,92,178,75,11,51,14,14,1,1,0,.0021686689954978,.0021686689954978,.0041360011868017,.0041360011868017,47,36,1
dept_subset,de,2022,7,conflict_dept_subset_044,Conflict-belt departments: CUSCO + HUANCAVELICA + JUNIN,3,1325,93,74,106,.0441940916894841,.2228816649636607,.3385446717959223,.5103117754883377,-.44065369891428,.8864170288416013,.4334277572706925,bounded_department_subset,0,treat_22,drop_rounding_band,adjacent_categories,p1_mserd,422,188,234,159,263,25,134,163,100,11,50,17,17,1,1,0,.001994425723357,.001994425723357,.0034328184470642,.0034328184470642,46,47,1
dept_subset,de,2022,8,conflict_dept_subset_040,Conflict-belt departments: HUANCAVELICA + JUNIN,2,1179,88,68,101,.0377425399813809,.2256395494404264,.3443048518725347,.5122436232256122,-.4491855599321396,.9004646588129924,.4294812042931674,bounded_department_subset,0,treat_22,drop_rounding_band,adjacent_categories,p1_mserd,387,175,212,143,244,24,119,151,93,11,49,16,16,1,1,0,.0020096230182692,.0020096230182692,.0034365159244542,.0034365159244542,44,44,1
dept_subset,de,2022,9,conflict_dept_subset_102,Conflict-belt departments: AYACUCHO + CUSCO + JUNIN + SAN MARTIN,4,2849,113,130,170,.1961201471517708,.2488781212034139,.398802215282461,.5325855294980828,-.5327598577049986,1.030516100111826,.3894559246856555,bounded_department_subset,0,treat_22,drop_rounding_band,adjacent_categories,p1_mserd,797,356,441,329,468,65,264,291,177,13,53,31,31,1,1,0,.0014525254078036,.0014525254078036,.0031009794829691,.0031009794829691,54,59,1
dept_subset,de,2022,10,conflict_dept_subset_006,Conflict-belt departments: AYACUCHO + CUSCO,2,1534,56,40,56,.2397398961739543,.3190697404961891,.583345272615588,.5844024323369382,-.8242659843820626,1.462405465374441,.2991712615420504,bounded_department_subset,0,treat_22,drop_rounding_band,adjacent_categories,p1_mserd,214,113,101,79,135,24,55,89,46,10,38,5,5,1,1,0,.00242493441777,.00242493441777,.0041096979593119,.0041096979593119,29,27,1
dept_subset,de,2023,1,conflict_dept_subset_061,Conflict-belt departments: APURIMAC + CUSCO + HUANCAVELICA + HUANUCO + JUNIN,5,2669,109,125,191,.7566517820563181,.7927848513437938,.537453600078178,.1401921396442182,-.2606048481708283,1.846174550858416,2.175848902528409,bounded_department_subset,0,treat_23,drop_rounding_band,adjacent_categories,p1_mserd,819,431,388,300,519,62,238,369,150,11,56,33,33,1,1,0,.0014245448257309,.0014245448257309,.0031199737738962,.0031199737738962,41,68,1
dept_subset,de,2023,2,conflict_dept_subset_059,Conflict-belt departments: APURIMAC + AYACUCHO + HUANCAVELICA + HUANUCO + JUNIN,5,3911,131,153,237,.6397629960968301,.659779363082138,.4801621767953602,.169418063624982,-.2813212101751219,1.600879936339398,1.888085081794876,bounded_department_subset,0,treat_23,drop_rounding_band,adjacent_categories,p1_mserd,963,525,438,347,616,85,262,440,176,12,57,36,36,1,1,0,.0014474983475229,.0014474983475229,.0031078707822279,.0031078707822279,52,79,1
dept_subset,de,2023,3,conflict_dept_subset_057,Conflict-belt departments: APURIMAC + HUANCAVELICA + HUANUCO + JUNIN,4,2523,106,119,186,.6785650927346039,.7093701715759249,.5326809094430915,.1829594036453129,-.3346652261845764,1.753405569336426,1.773419912364791,bounded_department_subset,0,treat_23,drop_rounding_band,adjacent_categories,p1_mserd,784,417,367,284,500,60,224,357,143,11,56,32,32,1,1,0,.0014300767676099,.0014300767676099,.0030831186444781,.0030831186444781,40,66,1
dept_subset,de,2023,4,conflict_dept_subset_044,Conflict-belt departments: CUSCO + HUANCAVELICA + JUNIN,3,1325,93,74,106,.3047173375663723,.5193558447901823,.3902042152969683,.1831940416433545,-.2454303638075886,1.284142053387953,1.771520301339843,bounded_department_subset,0,treat_23,drop_rounding_band,adjacent_categories,p1_mserd,422,215,207,159,263,30,129,185,78,11,50,17,17,1,1,0,.0019230868892966,.0019230868892966,.0033406712352975,.0033406712352975,46,47,1
dept_subset,de,2023,5,conflict_dept_subset_040,Conflict-belt departments: HUANCAVELICA + JUNIN,2,1179,88,68,101,.2799446147292155,.507219527686233,.3902786258870714,.1937263037540977,-.2577125229882083,1.272151578360674,1.689049572988462,bounded_department_subset,0,treat_23,drop_rounding_band,adjacent_categories,p1_mserd,387,201,186,143,244,28,115,173,71,11,49,16,16,1,1,0,.0019559759142209,.0019559759142209,.0033079400768388,.0033079400768388,44,44,1
dept_subset,de,2023,6,conflict_dept_subset_045,Conflict-belt departments: APURIMAC + CUSCO + HUANCAVELICA + JUNIN,4,1811,107,89,137,.2436542493038951,.4475799305584958,.3732504237866772,.230473078083702,-.2839774572777036,1.179137318394695,1.437939421424229,bounded_department_subset,0,treat_23,drop_rounding_band,adjacent_categories,p1_mserd,500,259,241,181,319,35,146,224,95,11,54,20,20,1,1,0,.0019062700838026,.0019062700838026,.0032412158907312,.0032412158907312,52,55,1
dept_subset,de,2023,7,conflict_dept_subset_041,Conflict-belt departments: APURIMAC + HUANCAVELICA + JUNIN,3,1665,102,83,132,.2124194419079251,.4092360165449471,.3648994428792915,.2620735859781477,-.3059537494771947,1.124425782567089,1.25777018784626,bounded_department_subset,0,treat_23,drop_rounding_band,adjacent_categories,p1_mserd,465,245,220,165,300,33,132,212,88,11,54,19,19,1,1,0,.0019741803185062,.0019741803185062,.0031936361000771,.0031936361000771,50,52,1
dept_subset,de,2023,8,conflict_dept_subset_060,Conflict-belt departments: CUSCO + HUANCAVELICA + HUANUCO + JUNIN,4,2183,140,110,160,.2612449102948293,.4132271369296157,.3754831669586005,.2711051541846368,-.3227063471102811,1.149160620969512,1.211146627045939,bounded_department_subset,0,treat_23,drop_rounding_band,adjacent_categories,p1_mserd,741,387,354,278,463,57,221,330,133,11,53,30,30,1,1,0,.0018336065595608,.0018336065595608,.0031953733818488,.0031953733818488,77,63,1
dept_subset,de,2023,9,conflict_dept_subset_049,Conflict-belt departments: APURIMAC + HUANUCO + JUNIN,3,2102,95,90,147,.5992238260737857,.6003982488714668,.6059880627896537,.321795115987644,-.5873165292574511,1.788113027000385,.9816364934963538,bounded_department_subset,0,treat_23,drop_rounding_band,adjacent_categories,p1_mserd,653,329,324,234,419,43,191,286,133,11,51,25,25,1,1,0,.0014570937351802,.0014570937351802,.0031191456074271,.0031191456074271,36,59,1
dept_subset,de,2023,10,conflict_dept_subset_056,Conflict-belt departments: HUANCAVELICA + HUANUCO + JUNIN,3,2037,97,104,155,.3002250583302635,.4084282805153423,.4155961928512334,.3257291666529041,-.4061252895850377,1.222981850615722,.9658028687948362,bounded_department_subset,0,treat_23,drop_rounding_band,adjacent_categories,p1_mserd,706,373,333,262,444,55,207,318,126,11,53,29,29,1,1,0,.0018153048679893,.0018153048679893,.0031601879472882,.0031601879472882,36,61,1
prov_subset,ab,2007,1,vraem_prov_subset_0263,VRAEM provinces: APURIMAC / ANDAHUAYLAS + APURIMAC / CHINCHEROS + AYACUCHO / HUANTA + JUNIN / CONCEPCION,4,521,88,31,27,.0375870639749155,.0670099185659095,.0326082631026645,.0398791886863968,.0030988972862807,.1309209398455383,4.223017171547061,bounded_vraem_province_subset,0,treat_07,drop_rounding_band,adjacent_categories,p1_mserd,341,24,317,153,188,6,147,18,170,139,174,0,0,1,1,0,.0461613431611266,.0461613431611266,.0706203902122234,.0706203902122234,60,28,1
prov_subset,ab,2007,2,vraem_prov_subset_0327,VRAEM provinces: APURIMAC / ANDAHUAYLAS + APURIMAC / CHINCHEROS + AYACUCHO / HUANTA + HUANCAVELICA / TAYACAJA + JUNIN / CONCEPCION,5,568,101,36,29,.0380083604760658,.0620505558612646,.0333004868896048,.0624126445078908,-.003217199110009,.1273183108325382,3.472083699140203,bounded_vraem_province_subset,0,treat_07,drop_rounding_band,adjacent_categories,p1_mserd,354,26,328,163,191,7,156,19,172,148,177,0,0,1,1,0,.048062226715266,.048062226715266,.0667262123870222,.0667262123870222,67,34,1
prov_subset,ab,2007,3,vraem_prov_subset_0278,VRAEM provinces: APURIMAC / CHINCHEROS + AYACUCHO / HUANTA + CUSCO / LA CONVENCION + JUNIN / CONCEPCION,4,532,86,24,20,.0932620735937625,.1395051319775178,.1661348319717205,.4010708294466087,-.1861131552646678,.4651234192197033,.7051134120061643,bounded_vraem_province_subset,0,treat_07,drop_rounding_band,adjacent_categories,p1_mserd,334,27,307,150,184,9,141,18,166,137,170,0,1,1,1,0,.0460615909929464,.0460615909929464,.0666081204492854,.0666081204492854,58,28,1
prov_subset,ab,2007,4,vraem_prov_subset_0342,VRAEM provinces: APURIMAC / CHINCHEROS + AYACUCHO / HUANTA + CUSCO / LA CONVENCION + HUANCAVELICA / TAYACAJA + JUNIN / CONCEPCION,5,579,88,29,22,.0966820777002613,.1391104467346166,.1684546196613718,.4089154598134049,-.191054540831065,.4692754343002981,.6819517365815518,bounded_vraem_province_subset,0,treat_07,drop_rounding_band,adjacent_categories,p1_mserd,347,29,318,160,187,10,150,19,168,146,173,0,1,1,1,0,.0450142039823385,.0450142039823385,.0638423617510579,.0638423617510579,58,30,1
prov_subset,ab,2007,5,vraem_prov_subset_0087,VRAEM provinces: APURIMAC / ANDAHUAYLAS + APURIMAC / CHINCHEROS + AYACUCHO / HUANTA + CUSCO / LA CONVENCION + HUANCAVELICA / TAYACAJA,5,559,98,32,29,.0903024688510196,.122756993942982,.1654879313516224,.4582156738983399,-.2015933913822346,.4471073792681987,.5502497267019558,bounded_vraem_province_subset,0,treat_07,drop_rounding_band,adjacent_categories,p1_mserd,359,29,330,166,193,9,157,20,173,150,178,0,1,1,1,0,.0436985758569412,.0436985758569412,.0618428835352937,.0618428835352937,65,33,1
prov_subset,ab,2007,6,vraem_prov_subset_0214,VRAEM provinces: APURIMAC / CHINCHEROS + AYACUCHO / HUANTA + CUSCO / LA CONVENCION + HUANCAVELICA / TAYACAJA + JUNIN / HUANCAYO,5,617,94,35,24,.0775433842216062,.1379832508904583,.1866173386589612,.4596693772405688,-.2277800117718198,.5037465135527364,.5466996074891716,bounded_vraem_province_subset,0,treat_07,drop_rounding_band,adjacent_categories,p1_mserd,339,32,307,164,175,14,150,18,157,149,163,0,1,1,1,0,.0462798124063777,.0462798124063777,.0670119738112621,.0670119738112621,64,30,1
prov_subset,ab,2007,7,vraem_prov_subset_0023,VRAEM provinces: APURIMAC / ANDAHUAYLAS + APURIMAC / CHINCHEROS + AYACUCHO / HUANTA + CUSCO / LA CONVENCION,4,512,95,27,27,.0881157711020638,.1231414206009607,.1666150741814,.4598600547864775,-.2034181240760526,.449700965277974,.5462352681121027,bounded_vraem_province_subset,0,treat_07,drop_rounding_band,adjacent_categories,p1_mserd,346,27,319,156,190,8,148,19,171,141,175,0,1,1,1,0,.0443537016981659,.0443537016981659,.0622216441457186,.0622216441457186,63,32,1
prov_subset,ab,2007,8,vraem_prov_subset_0150,VRAEM provinces: APURIMAC / CHINCHEROS + AYACUCHO / HUANTA + CUSCO / LA CONVENCION + JUNIN / HUANCAYO,4,570,86,30,22,.0757175101266117,.1389081375552066,.1910120362979653,.4670900273893887,-.2354685742024627,.513284849312876,.5288517039901611,bounded_vraem_province_subset,0,treat_07,drop_rounding_band,adjacent_categories,p1_mserd,326,30,296,154,172,13,141,17,155,140,160,0,1,1,1,0,.0457947312533438,.0457947312533438,.0659945877061044,.0659945877061044,58,28,1
prov_subset,ab,2007,9,vraem_prov_subset_0279,VRAEM provinces: APURIMAC / ANDAHUAYLAS + APURIMAC / CHINCHEROS + AYACUCHO / HUANTA + CUSCO / LA CONVENCION + JUNIN / CONCEPCION,5,625,102,34,30,.0742202405286639,.100850330442826,.1495198157267714,.4999968235792844,-.1922031233567115,.3939037842423634,.4549431651985937,bounded_vraem_province_subset,0,treat_07,drop_rounding_band,adjacent_categories,p1_mserd,387,29,358,179,208,9,170,20,188,160,191,0,1,1,1,0,.0441599385865635,.0441599385865635,.0598895904617617,.0598895904617617,68,34,1
prov_subset,ab,2007,10,vraem_prov_subset_0470,VRAEM provinces: APURIMAC / CHINCHEROS + AYACUCHO / HUANTA + CUSCO / LA CONVENCION + HUANCAVELICA / TAYACAJA + JUNIN / HUANCAYO + JUNIN / CONCEPCION,6,730,97,42,27,.0617880104442435,.1102257909636095,.1695899514668886,.5157214645412758,-.2221644060513877,.4426159879786067,.4224411498784255,bounded_vraem_province_subset,0,treat_07,drop_rounding_band,adjacent_categories,p1_mserd,380,34,346,187,193,15,172,19,174,170,179,0,1,1,1,0,.0443869812164034,.0443869812164034,.0626399379174934,.0626399379174934,66,31,1
prov_subset,ab,2008,1,vraem_prov_subset_0582,VRAEM provinces: APURIMAC / CHINCHEROS + AYACUCHO / HUANTA + HUANCAVELICA / TAYACAJA + JUNIN / SATIPO,4,591,94,25,22,.5195544577425295,.6856013941816371,.1889309726097368,.0002846910577108,.3153034923024296,1.055899296060845,13.16852290567639,bounded_vraem_province_subset,0,treat_08,drop_rounding_band,adjacent_categories,p1_mserd,385,111,274,178,207,36,142,75,132,159,193,0,3,1,1,0,.0420824322196148,.0420824322196148,.0650049043041445,.0650049043041445,63,31,1
prov_subset,ab,2008,2,vraem_prov_subset_0710,VRAEM provinces: APURIMAC / CHINCHEROS + AYACUCHO / HUANTA + HUANCAVELICA / TAYACAJA + JUNIN / HUANCAYO + JUNIN / SATIPO,5,742,90,38,27,.5285887438265021,.6895828307666554,.1941378973471684,.0003822772958971,.3090795439318714,1.070086117601439,12.6168876729117,bounded_vraem_province_subset,0,treat_08,drop_rounding_band,adjacent_categories,p1_mserd,418,117,301,205,213,41,164,76,137,179,199,0,3,1,1,0,.0381275260642565,.0381275260642565,.0586654073803758,.0586654073803758,62,28,1
prov_subset,ab,2008,3,vraem_prov_subset_0518,VRAEM provinces: APURIMAC / CHINCHEROS + AYACUCHO / HUANTA + JUNIN / SATIPO,3,544,88,20,20,.520214804172249,.6859442541658834,.1951953702216289,.0004411768579871,.3033683585825288,1.068520149749238,12.3491941929213,bounded_vraem_province_subset,0,treat_08,drop_rounding_band,adjacent_categories,p1_mserd,372,105,267,168,204,31,137,74,130,150,190,0,3,1,1,0,.040926518232919,.040926518232919,.0594722395482482,.0594722395482482,59,29,1
prov_subset,ab,2008,4,vraem_prov_subset_0646,VRAEM provinces: APURIMAC / CHINCHEROS + AYACUCHO / HUANTA + JUNIN / HUANCAYO + JUNIN / SATIPO,4,695,97,33,25,.5077523481446891,.6687595234673321,.1946575400224521,.000591309593199,.2872377557041619,1.050281291230502,11.80313835485503,bounded_vraem_province_subset,0,treat_08,drop_rounding_band,adjacent_categories,p1_mserd,405,111,294,195,210,36,159,75,135,170,196,0,3,1,1,0,.0403262181562246,.0403262181562246,.0563195720286792,.0563195720286792,66,31,1
prov_subset,ab,2008,5,vraem_prov_subset_0742,VRAEM provinces: APURIMAC / CHINCHEROS + AYACUCHO / HUANTA + HUANCAVELICA / CHURCAMPA + HUANCAVELICA / TAYACAJA + JUNIN / HUANCAYO + JUNIN / SATIPO,6,849,99,47,31,.4457199713626346,.5854356053832193,.2052618101338563,.0043425846159938,.1831298501193622,.9877413606470763,8.134707754927382,bounded_vraem_province_subset,0,treat_08,drop_rounding_band,adjacent_categories,p1_mserd,441,126,315,222,219,47,175,79,140,193,203,0,3,1,1,0,.0390844140687557,.0390844140687557,.0613130364615946,.0613130364615946,68,31,1
prov_subset,ab,2008,6,vraem_prov_subset_0708,VRAEM provinces: AYACUCHO / HUANTA + HUANCAVELICA / TAYACAJA + JUNIN / HUANCAYO + JUNIN / SATIPO,4,664,79,32,21,.5414495043959383,.6379938132579417,.2367194142243289,.0070357410418321,.1740322869368386,1.101955339579045,7.26382177300709,bounded_vraem_province_subset,0,treat_08,drop_rounding_band,adjacent_categories,p1_mserd,360,106,254,190,170,39,151,67,103,167,163,0,3,1,1,0,.0369431660799081,.0369431660799081,.0504846150437359,.0504846150437359,53,26,1
prov_subset,ab,2008,7,vraem_prov_subset_0678,VRAEM provinces: APURIMAC / CHINCHEROS + AYACUCHO / HUANTA + HUANCAVELICA / CHURCAMPA + JUNIN / HUANCAYO + JUNIN / SATIPO,5,802,102,42,29,.4271902096625091,.5613684852986026,.2115495463463699,.0079637489859362,.1467389935139308,.9759979770832744,7.041608241010851,bounded_vraem_province_subset,0,treat_08,drop_rounding_band,adjacent_categories,p1_mserd,428,120,308,212,216,42,170,78,138,184,200,0,3,1,1,0,.0399632078179281,.0399632078179281,.0559280044491481,.0559280044491481,69,33,1
prov_subset,ab,2008,8,vraem_prov_subset_0590,VRAEM provinces: APURIMAC / CHINCHEROS + AYACUCHO / HUANTA + AYACUCHO / LA MAR + HUANCAVELICA / TAYACAJA + JUNIN / SATIPO,5,886,172,33,30,.3504213649501928,.4407766899245489,.1691494467390545,.0091648794857013,.109249866311126,.7723035135379718,6.790411214412461,bounded_vraem_province_subset,0,treat_08,drop_rounding_band,adjacent_categories,p1_mserd,630,137,493,283,347,41,242,96,251,241,316,0,3,1,1,0,.0398966821930439,.0398966821930439,.0609803860853271,.0609803860853271,111,61,1
prov_subset,ab,2008,9,vraem_prov_subset_0711,VRAEM provinces: APURIMAC / ANDAHUAYLAS + APURIMAC / CHINCHEROS + AYACUCHO / HUANTA + HUANCAVELICA / TAYACAJA + JUNIN / HUANCAYO + JUNIN / SATIPO,6,835,110,48,37,.4299142258856824,.5546657599534868,.2136806067089029,.0094379152284887,.1358594666093693,.9734720532976042,6.738023143567792,bounded_vraem_province_subset,0,treat_08,drop_rounding_band,adjacent_categories,p1_mserd,471,128,343,234,237,45,189,83,154,201,219,0,3,1,1,0,.0386702766841322,.0386702766841322,.0653372081548779,.0653372081548779,76,34,1
prov_subset,ab,2008,10,vraem_prov_subset_0550,VRAEM provinces: APURIMAC / CHINCHEROS + AYACUCHO / HUANTA + HUANCAVELICA / CHURCAMPA + JUNIN / SATIPO,4,651,98,29,24,.4019836395193628,.5461885731374907,.2117448940517953,.0098953444906686,.1311762068857224,.961200939389259,6.653640417194848,bounded_vraem_province_subset,0,treat_08,drop_rounding_band,adjacent_categories,p1_mserd,395,114,281,185,210,37,148,77,133,164,194,0,3,1,1,0,.0432864670074376,.0432864670074376,.0625896438133449,.0625896438133449,66,32,1
prov_subset,ab,2009,1,vraem_prov_subset_0710,VRAEM provinces: APURIMAC / CHINCHEROS + AYACUCHO / HUANTA + HUANCAVELICA / TAYACAJA + JUNIN / HUANCAYO + JUNIN / SATIPO,5,742,89,38,27,.6307874111886586,.7898536452979239,.2285118940305519,.000547218917059,.341978562959009,1.237728727636839,11.94746133358342,bounded_vraem_province_subset,0,treat_09,drop_rounding_band,adjacent_categories,p1_mserd,418,184,234,205,213,68,137,116,97,179,199,0,3,1,1,0,.0373369602433185,.0373369602433185,.058389194437845,.058389194437845,61,28,1
prov_subset,ab,2009,2,vraem_prov_subset_0646,VRAEM provinces: APURIMAC / CHINCHEROS + AYACUCHO / HUANTA + JUNIN / HUANCAYO + JUNIN / SATIPO,4,695,93,33,25,.6138993324148806,.7742010213984465,.2288757792363254,.0007179649450905,.3256127371617085,1.222789305635184,11.44215451126706,bounded_vraem_province_subset,0,treat_09,drop_rounding_band,adjacent_categories,p1_mserd,405,174,231,195,210,60,135,114,96,170,196,0,3,1,1,0,.039502557658438,.039502557658438,.0609744963443145,.0609744963443145,63,30,1
prov_subset,ab,2009,3,vraem_prov_subset_0582,VRAEM provinces: APURIMAC / CHINCHEROS + AYACUCHO / HUANTA + HUANCAVELICA / TAYACAJA + JUNIN / SATIPO,4,591,99,25,22,.6113864646177453,.7592021940337119,.2425318566031812,.0017461628719564,.283848489987844,1.23455589807958,9.798900015586643,bounded_vraem_province_subset,0,treat_09,drop_rounding_band,adjacent_categories,p1_mserd,385,174,211,178,207,59,119,115,92,159,193,0,3,1,1,0,.044275628728155,.044275628728155,.0681069002852174,.0681069002852174,66,33,1
prov_subset,ab,2009,4,vraem_prov_subset_0708,VRAEM provinces: AYACUCHO / HUANTA + HUANCAVELICA / TAYACAJA + JUNIN / HUANCAYO + JUNIN / SATIPO,4,664,78,32,21,.6391183209715837,.7490212089774752,.2425687445140969,.0020159535275713,.2735952059547476,1.224447212000203,9.534952844690848,bounded_vraem_province_subset,0,treat_09,drop_rounding_band,adjacent_categories,p1_mserd,360,170,190,190,170,66,124,104,66,167,163,0,3,1,1,0,.0364034685563222,.0364034685563222,.0513654437985011,.0513654437985011,52,26,1
prov_subset,ab,2009,5,vraem_prov_subset_0518,VRAEM provinces: APURIMAC / CHINCHEROS + AYACUCHO / HUANTA + JUNIN / SATIPO,3,544,96,20,20,.6065912260164629,.7496088740034826,.2441871748077964,.0021419309920069,.2710108058936154,1.22820694211335,9.423749600769192,bounded_vraem_province_subset,0,treat_09,drop_rounding_band,adjacent_categories,p1_mserd,372,164,208,168,204,51,117,113,91,150,190,0,3,1,1,0,.0447503588196068,.0447503588196068,.0668078971400003,.0668078971400003,64,32,1
prov_subset,ab,2009,6,vraem_prov_subset_0742,VRAEM provinces: APURIMAC / CHINCHEROS + AYACUCHO / HUANTA + HUANCAVELICA / CHURCAMPA + HUANCAVELICA / TAYACAJA + JUNIN / HUANCAYO + JUNIN / SATIPO,6,849,106,47,31,.4954986321020242,.6078813333103146,.2326901243808172,.0089907123189262,.1518170699657674,1.063945596654862,6.824670862372265,bounded_vraem_province_subset,0,treat_09,drop_rounding_band,adjacent_categories,p1_mserd,441,197,244,222,219,77,145,120,99,193,203,0,3,1,1,0,.0397967432372826,.0397967432372826,.0543121282763621,.0543121282763621,72,34,1
prov_subset,ab,2009,7,vraem_prov_subset_0678,VRAEM provinces: APURIMAC / CHINCHEROS + AYACUCHO / HUANTA + HUANCAVELICA / CHURCAMPA + JUNIN / HUANCAYO + JUNIN / SATIPO,5,802,104,42,29,.4720224832422525,.5736193885330829,.2360296996207764,.0150869629902311,.1110096779945541,1.036229099071612,5.90628415137112,bounded_vraem_province_subset,0,treat_09,drop_rounding_band,adjacent_categories,p1_mserd,428,187,241,212,216,69,143,118,98,184,200,0,3,1,1,0,.0421260442253601,.0421260442253601,.054717728536685,.054717728536685,71,33,1
prov_subset,ab,2009,8,vraem_prov_subset_0614,VRAEM provinces: APURIMAC / CHINCHEROS + AYACUCHO / HUANTA + HUANCAVELICA / CHURCAMPA + HUANCAVELICA / TAYACAJA + JUNIN / SATIPO,5,698,107,34,26,.4581794603678678,.5820361769346852,.2497369541575846,.0197746238924889,.0925607411770891,1.071511612692281,5.431682017788728,bounded_vraem_province_subset,0,treat_09,drop_rounding_band,adjacent_categories,p1_mserd,408,187,221,195,213,68,127,119,94,173,197,0,3,1,1,0,.0451049915325177,.0451049915325177,.0646252104218283,.0646252104218283,71,36,1
prov_subset,ab,2009,9,vraem_prov_subset_0711,VRAEM provinces: APURIMAC / ANDAHUAYLAS + APURIMAC / CHINCHEROS + AYACUCHO / HUANTA + HUANCAVELICA / TAYACAJA + JUNIN / HUANCAYO + JUNIN / SATIPO,6,835,105,48,37,.4984301725464069,.6258201128669436,.2787887995089814,.0247821230481342,.0794041065361824,1.172236119197705,5.03904677388747,bounded_vraem_province_subset,0,treat_09,drop_rounding_band,adjacent_categories,p1_mserd,471,200,271,234,237,75,159,125,112,201,219,0,3,1,1,0,.0369461791720388,.0369461791720388,.0567853669235963,.0567853669235963,71,34,1
prov_subset,ab,2009,10,vraem_prov_subset_0550,VRAEM provinces: APURIMAC / CHINCHEROS + AYACUCHO / HUANTA + HUANCAVELICA / CHURCAMPA + JUNIN / SATIPO,4,651,112,29,24,.4481919279757712,.5585092734006665,.2514970308336774,.0263686419686836,.0655841507478995,1.051434396053434,4.931681858777488,bounded_vraem_province_subset,0,treat_09,drop_rounding_band,adjacent_categories,p1_mserd,395,177,218,185,210,60,125,117,93,164,194,0,3,1,1,0,.0472509674243143,.0472509674243143,.0652109660984662,.0652109660984662,75,37,1
prov_subset,ab,2010,1,vraem_prov_subset_0646,VRAEM provinces: APURIMAC / CHINCHEROS + AYACUCHO / HUANTA + JUNIN / HUANCAYO + JUNIN / SATIPO,4,695,104,33,25,.3851383473935917,.5079143002591422,.1954244539040908,.0093487209842874,.1248894089087164,.890939191609568,6.754964437215601,bounded_vraem_province_subset,0,treat_10,drop_rounding_band,adjacent_categories,p1_mserd,405,207,198,195,210,78,117,129,81,170,196,0,3,1,1,0,.0440998645614475,.0440998645614475,.0586778936763191,.0586778936763191,71,33,1
prov_subset,ab,2010,2,vraem_prov_subset_0710,VRAEM provinces: APURIMAC / CHINCHEROS + AYACUCHO / HUANTA + HUANCAVELICA / TAYACAJA + JUNIN / HUANCAYO + JUNIN / SATIPO,5,742,107,38,27,.4033470362018448,.5014582640892409,.1948640230024234,.0100711931574076,.1195317971219064,.8833847310565753,6.622260446170286,bounded_vraem_province_subset,0,treat_10,drop_rounding_band,adjacent_categories,p1_mserd,418,217,201,205,213,86,119,131,82,179,199,0,3,1,1,0,.0429106660299652,.0429106660299652,.0536349652443235,.0536349652443235,73,34,1
prov_subset,ab,2010,3,vraem_prov_subset_0708,VRAEM provinces: AYACUCHO / HUANTA + HUANCAVELICA / TAYACAJA + JUNIN / HUANCAYO + JUNIN / SATIPO,4,664,77,32,21,.4137060362069183,.4770908658271273,.1914236902278536,.0126908327315833,.1019073271927824,.8522744044614723,6.211705182308493,bounded_vraem_province_subset,0,treat_10,drop_rounding_band,adjacent_categories,p1_mserd,360,199,161,190,170,84,106,115,55,167,163,0,3,1,1,0,.0360971105023346,.0360971105023346,.0469310714973993,.0469310714973993,51,26,1
prov_subset,ab,2010,4,vraem_prov_subset_0582,VRAEM provinces: APURIMAC / CHINCHEROS + AYACUCHO / HUANTA + HUANCAVELICA / TAYACAJA + JUNIN / SATIPO,4,591,105,25,22,.3585392174776438,.491370002360611,.1996080311917504,.0138290103851092,.1001454501998327,.8825945545213894,6.059841392803754,bounded_vraem_province_subset,0,treat_10,drop_rounding_band,adjacent_categories,p1_mserd,385,206,179,178,207,77,101,129,78,159,193,0,3,1,1,0,.0458851560528394,.0458851560528394,.0639838574951067,.0639838574951067,71,34,1
prov_subset,ab,2010,5,vraem_prov_subset_0518,VRAEM provinces: APURIMAC / CHINCHEROS + AYACUCHO / HUANTA + JUNIN / SATIPO,3,544,110,20,20,.3487124396288085,.4711781918435181,.2009907357057558,.019063947735203,.0772435886340281,.865112795053008,5.495640085998675,bounded_vraem_province_subset,0,treat_10,drop_rounding_band,adjacent_categories,p1_mserd,372,196,176,168,204,69,99,127,77,150,190,0,3,1,1,0,.048160720699271,.048160720699271,.0645649129738462,.0645649129738462,72,38,1
prov_subset,ab,2010,6,vraem_prov_subset_0740,VRAEM provinces: AYACUCHO / HUANTA + HUANCAVELICA / CHURCAMPA + HUANCAVELICA / TAYACAJA + JUNIN / HUANCAYO + JUNIN / SATIPO,5,771,79,41,25,.3138949355033587,.3693116627018821,.1843309431984702,.0451209613021181,.0080296527965821,.730593672607182,4.01411263714275,bounded_vraem_province_subset,0,treat_10,drop_rounding_band,adjacent_categories,p1_mserd,383,215,168,207,176,96,111,119,57,181,167,0,3,1,1,0,.0354862086232513,.0354862086232513,.0455597663831092,.0455597663831092,53,26,1
prov_subset,ab,2010,7,vraem_prov_subset_0742,VRAEM provinces: APURIMAC / CHINCHEROS + AYACUCHO / HUANTA + HUANCAVELICA / CHURCAMPA + HUANCAVELICA / TAYACAJA + JUNIN / HUANCAYO + JUNIN / SATIPO,6,849,114,47,31,.2926249854446326,.3514586459991853,.1948909500895901,.0713316129553494,-.0305205970892045,.7334378890875751,3.252109181793474,bounded_vraem_province_subset,0,treat_10,drop_rounding_band,adjacent_categories,p1_mserd,441,233,208,222,219,98,124,135,84,193,203,0,3,1,1,0,.0438281176478745,.0438281176478745,.0521444538477056,.0521444538477056,77,37,1
prov_subset,ab,2010,8,vraem_prov_subset_0676,VRAEM provinces: AYACUCHO / HUANTA + HUANCAVELICA / CHURCAMPA + JUNIN / HUANCAYO + JUNIN / SATIPO,4,724,78,36,23,.2929655689897566,.3312616124605369,.1915703287749767,.0837749874992222,-.0442093324449145,.7067325573659882,2.990100143836407,bounded_vraem_province_subset,0,treat_10,drop_rounding_band,adjacent_categories,p1_mserd,370,205,165,197,173,88,109,117,56,172,164,0,3,1,1,0,.0364580810296361,.0364580810296361,.0472875641065416,.0472875641065416,52,26,1
prov_subset,ab,2010,9,vraem_prov_subset_0612,VRAEM provinces: AYACUCHO / HUANTA + HUANCAVELICA / CHURCAMPA + HUANCAVELICA / TAYACAJA + JUNIN / SATIPO,4,620,76,28,20,.2739373957083676,.3317434713096794,.193886961375513,.0870783704002183,-.0482679900582345,.7117549326775933,2.927571837655291,bounded_vraem_province_subset,0,treat_10,drop_rounding_band,adjacent_categories,p1_mserd,350,204,146,180,170,87,93,117,53,161,161,0,3,1,1,0,.0377684029038974,.0377684029038974,.0480379867226297,.0480379867226297,50,26,1
prov_subset,ab,2010,10,vraem_prov_subset_0614,VRAEM provinces: APURIMAC / CHINCHEROS + AYACUCHO / HUANTA + HUANCAVELICA / CHURCAMPA + HUANCAVELICA / TAYACAJA + JUNIN / SATIPO,5,698,117,34,26,.247257201003162,.3474138724874075,.206541336787275,.092558190071451,-.057399708934409,.7522274539092241,2.829308766291156,bounded_vraem_province_subset,0,treat_10,drop_rounding_band,adjacent_categories,p1_mserd,408,222,186,195,213,89,106,133,80,173,197,0,3,1,1,0,.0472413249307949,.0472413249307949,.0612559550358301,.0612559550358301,78,39,1
prov_subset,ab,2011,1,vraem_prov_subset_0708,VRAEM provinces: AYACUCHO / HUANTA + HUANCAVELICA / TAYACAJA + JUNIN / HUANCAYO + JUNIN / SATIPO,4,664,91,32,21,.3431510674400491,.4328552443592674,.194589615116153,.0261180534649613,.0514666069660967,.814243881752438,4.94818637644745,bounded_vraem_province_subset,0,treat_11,drop_rounding_band,adjacent_categories,p1_mserd,360,221,139,190,170,98,92,123,47,167,163,0,3,1,1,0,.0408046535249197,.0408046535249197,.0545509775728175,.0545509775728175,62,29,1
prov_subset,ab,2011,2,vraem_prov_subset_0710,VRAEM provinces: APURIMAC / CHINCHEROS + AYACUCHO / HUANTA + HUANCAVELICA / TAYACAJA + JUNIN / HUANCAYO + JUNIN / SATIPO,5,742,111,38,27,.2442916214368445,.3483979046009461,.2066770781002305,.0918514019788665,-.0566817249054776,.7534775341073698,2.841622890301803,bounded_vraem_province_subset,0,treat_11,drop_rounding_band,adjacent_categories,p1_mserd,418,242,176,205,213,101,104,141,72,179,199,0,3,1,1,0,.0450079061374156,.0450079061374156,.0595471932105484,.0595471932105484,75,36,1
prov_subset,ab,2011,3,vraem_prov_subset_0740,VRAEM provinces: AYACUCHO / HUANTA + HUANCAVELICA / CHURCAMPA + HUANCAVELICA / TAYACAJA + JUNIN / HUANCAYO + JUNIN / SATIPO,5,771,84,41,25,.2640472204380733,.317717284166995,.191981838499358,.0979378735865639,-.0585602049775318,.6939947733115217,2.738806755585186,bounded_vraem_province_subset,0,treat_11,drop_rounding_band,adjacent_categories,p1_mserd,383,240,143,207,176,113,94,127,49,181,167,0,3,1,1,0,.0376976532660067,.0376976532660067,.050490400402265,.050490400402265,57,27,1
prov_subset,ab,2011,4,vraem_prov_subset_0646,VRAEM provinces: APURIMAC / CHINCHEROS + AYACUCHO / HUANTA + JUNIN / HUANCAYO + JUNIN / SATIPO,4,695,124,33,25,.234173740773423,.3438577613026262,.2081486998742376,.0985383615460816,-.0641061938797163,.7518217164849688,2.729042239217628,bounded_vraem_province_subset,0,treat_11,drop_rounding_band,adjacent_categories,p1_mserd,405,232,173,195,210,93,102,139,71,170,196,0,3,1,1,0,.0494373520273119,.0494373520273119,.0648275900621192,.0648275900621192,82,42,1
prov_subset,ab,2011,5,vraem_prov_subset_0582,VRAEM provinces: APURIMAC / CHINCHEROS + AYACUCHO / HUANTA + HUANCAVELICA / TAYACAJA + JUNIN / SATIPO,4,591,137,25,22,.1943792346803606,.294673914718193,.2106936383733687,.1619361105938487,-.1182780282653157,.7076258577017018,1.956052647558478,bounded_vraem_province_subset,0,treat_11,drop_rounding_band,adjacent_categories,p1_mserd,385,230,155,178,207,92,86,138,69,159,193,0,3,1,1,0,.0553398424261073,.0553398424261073,.0718735765485641,.0718735765485641,89,48,1
prov_subset,ab,2011,6,vraem_prov_subset_0518,VRAEM provinces: APURIMAC / CHINCHEROS + AYACUCHO / HUANTA + JUNIN / SATIPO,3,544,136,20,20,.1850992323960745,.2758053209064766,.2115898793009517,.192407481210352,-.1389032220165658,.690513863829519,1.699086539087974,bounded_vraem_province_subset,0,treat_11,drop_rounding_band,adjacent_categories,p1_mserd,372,220,152,168,204,84,84,136,68,150,190,0,3,1,1,0,.0574814768389024,.0574814768389024,.0723343536599111,.0723343536599111,88,48,1
prov_subset,ab,2011,7,vraem_prov_subset_0676,VRAEM provinces: AYACUCHO / HUANTA + HUANCAVELICA / CHURCAMPA + JUNIN / HUANCAYO + JUNIN / SATIPO,4,724,99,36,23,.2139375703280731,.2502722929156221,.1991188159047265,.2087901155341877,-.139993414901903,.6405380007331473,1.579795756768636,bounded_vraem_province_subset,0,treat_11,drop_rounding_band,adjacent_categories,p1_mserd,370,230,140,197,173,105,92,125,48,172,164,0,3,1,1,0,.0446810291882117,.0446810291882117,.0547998901997717,.0547998901997717,67,32,1
prov_subset,ab,2011,8,vraem_prov_subset_0705,VRAEM provinces: APURIMAC / ANDAHUAYLAS + HUANCAVELICA / TAYACAJA + JUNIN / HUANCAYO + JUNIN / SATIPO,4,520,71,34,23,.2471270792733732,.3623272134078573,.3218017093378544,.2601938149353142,-.2683925470577639,.9930469738734786,1.267725466230204,bounded_vraem_province_subset,0,treat_11,drop_rounding_band,adjacent_categories,p1_mserd,224,117,107,133,91,61,72,56,35,116,89,0,3,1,1,0,.0406336848165713,.0406336848165713,.064989534145654,.064989534145654,46,25,1
prov_subset,ab,2011,9,vraem_prov_subset_0709,VRAEM provinces: APURIMAC / ANDAHUAYLAS + AYACUCHO / HUANTA + HUANCAVELICA / TAYACAJA + JUNIN / HUANCAYO + JUNIN / SATIPO,5,757,109,42,31,.2235372502400881,.2823236002628375,.252890768191992,.2642571345419606,-.2133331974161341,.7779803979418092,1.246316704414721,bounded_vraem_province_subset,0,treat_11,drop_rounding_band,adjacent_categories,p1_mserd,413,240,173,219,194,107,112,133,61,189,184,0,3,1,1,0,.0403023698106136,.0403023698106136,.0535869248229057,.0535869248229057,73,36,1
prov_subset,ab,2011,10,vraem_prov_subset_0612,VRAEM provinces: AYACUCHO / HUANTA + HUANCAVELICA / CHURCAMPA + HUANCAVELICA / TAYACAJA + JUNIN / SATIPO,4,620,101,28,20,.1679907096028526,.218877976269619,.2028419072730682,.2805623265783963,-.1786848565410079,.6164408090802459,1.164363970237167,bounded_vraem_province_subset,0,treat_11,drop_rounding_band,adjacent_categories,p1_mserd,350,228,122,180,170,104,76,124,46,161,161,0,3,1,1,0,.0471674189969113,.0471674189969113,.0568277729237844,.0568277729237844,69,32,1
prov_subset,ab,2012,1,vraem_prov_subset_0712,VRAEM provinces: AYACUCHO / LA MAR + HUANCAVELICA / TAYACAJA + JUNIN / HUANCAYO + JUNIN / SATIPO,4,722,102,32,21,.2845559424038779,.2438713024096961,.2340947947834219,.2975215589913664,-.2149460643341055,.7026886691534977,1.085270207905795,bounded_vraem_province_subset,0,treat_12,drop_rounding_band,adjacent_categories,p1_mserd,416,224,192,209,207,94,115,130,77,180,193,0,3,1,1,0,.0304050328004525,.0304050328004525,.0424446921950542,.0424446921950542,61,41,1
prov_subset,ab,2012,2,vraem_prov_subset_0705,VRAEM provinces: APURIMAC / ANDAHUAYLAS + HUANCAVELICA / TAYACAJA + JUNIN / HUANCAYO + JUNIN / SATIPO,4,520,71,34,23,.250091303430361,.334093056797342,.3250245514566472,.303996405884689,-.3029433581489718,.9711294717436558,1.056580436266119,bounded_vraem_province_subset,0,treat_12,drop_rounding_band,adjacent_categories,p1_mserd,224,125,99,133,91,68,65,57,34,116,89,0,3,1,1,0,.0406845233893391,.0406845233893391,.0591149232737856,.0591149232737856,46,25,1
prov_subset,ab,2012,3,vraem_prov_subset_0708,VRAEM provinces: AYACUCHO / HUANTA + HUANCAVELICA / TAYACAJA + JUNIN / HUANCAYO + JUNIN / SATIPO,4,664,80,32,21,.2151338738551878,.202994898500478,.2018145566357545,.3144883826886297,-.1925543640615198,.5985441610624758,1.011731498314282,bounded_vraem_province_subset,0,treat_12,drop_rounding_band,adjacent_categories,p1_mserd,360,236,124,190,170,106,84,130,40,167,163,0,3,1,1,0,.037717482717249,.037717482717249,.047716873167662,.047716873167662,54,26,1
prov_subset,ab,2012,4,vraem_prov_subset_0201,VRAEM provinces: APURIMAC / ANDAHUAYLAS + AYACUCHO / LA MAR + HUANCAVELICA / TAYACAJA + JUNIN / HUANCAYO,4,586,100,36,25,.2315740650428785,.2289995880467748,.2515423186582554,.3626211103951901,-.2640142971111033,.7220134732046528,.8287953055924883,bounded_vraem_province_subset,0,treat_12,drop_rounding_band,adjacent_categories,p1_mserd,344,166,178,171,173,68,103,98,75,154,164,0,0,1,1,0,.0336197624146989,.0336197624146989,.0506700795811706,.0506700795811706,64,36,1
prov_subset,ab,2012,5,vraem_prov_subset_0738,VRAEM provinces: APURIMAC / CHINCHEROS + HUANCAVELICA / CHURCAMPA + HUANCAVELICA / TAYACAJA + JUNIN / HUANCAYO + JUNIN / SATIPO,5,612,71,39,23,.1556218552925975,.1946071879227957,.2248457698162672,.3867566710152224,-.246082422993271,.6352967988388625,.7491146867192372,bounded_vraem_province_subset,0,treat_12,drop_rounding_band,adjacent_categories,p1_mserd,252,146,106,136,116,77,59,69,47,120,107,0,3,1,1,0,.0435881252752768,.0435881252752768,.0485356631165509,.0485356631165509,47,24,1
prov_subset,ab,2012,6,vraem_prov_subset_0714,VRAEM provinces: APURIMAC / CHINCHEROS + AYACUCHO / LA MAR + HUANCAVELICA / TAYACAJA + JUNIN / HUANCAYO + JUNIN / SATIPO,5,800,119,38,27,.2348740286428197,.1874786622563179,.2318895123158451,.4188127531288433,-.2670164302752956,.6419737547879314,.6536442987745162,bounded_vraem_province_subset,0,treat_12,drop_rounding_band,adjacent_categories,p1_mserd,474,247,227,224,250,99,125,148,102,193,229,0,3,1,1,0,.0324632368454504,.0324632368454504,.043469921463134,.043469921463134,73,46,1
prov_subset,ab,2012,7,vraem_prov_subset_0968,VRAEM provinces: AYACUCHO / LA MAR + HUANCAVELICA / TAYACAJA + JUNIN / HUANCAYO + JUNIN / CONCEPCION + JUNIN / SATIPO,5,835,113,39,24,.2164579862983407,.167018496402231,.2316832752290313,.4709762926194013,-.2870723788669512,.6211093716714131,.5196845087056813,bounded_vraem_province_subset,0,treat_12,drop_rounding_band,adjacent_categories,p1_mserd,457,249,208,232,225,107,125,142,83,198,210,0,3,1,1,0,.0319965994552035,.0319965994552035,.04412287170282,.04412287170282,69,44,1
prov_subset,ab,2012,8,vraem_prov_subset_0740,VRAEM provinces: AYACUCHO / HUANTA + HUANCAVELICA / CHURCAMPA + HUANCAVELICA / TAYACAJA + JUNIN / HUANCAYO + JUNIN / SATIPO,5,771,76,41,25,.1344771674750757,.1253311702458181,.1758755515576024,.4760853854065494,-.2193785765682,.4700409170598361,.5078170108178052,bounded_vraem_province_subset,0,treat_12,drop_rounding_band,adjacent_categories,p1_mserd,383,256,127,207,176,122,85,134,42,181,167,0,3,1,1,0,.034989407999136,.034989407999136,.0448634105203495,.0448634105203495,50,26,1
prov_subset,ab,2012,9,vraem_prov_subset_0728,VRAEM provinces: AYACUCHO / LA MAR + CUSCO / LA CONVENCION + HUANCAVELICA / TAYACAJA + JUNIN / HUANCAYO + JUNIN / SATIPO,5,826,124,35,24,.1539748258047702,.1538757995472834,.219360915594828,.4830077650158254,-.2760636946343101,.5838152937288767,.4920646255675544,bounded_vraem_province_subset,0,treat_12,drop_rounding_band,adjacent_categories,p1_mserd,462,237,225,235,227,102,133,135,92,203,209,0,4,1,1,0,.0333957190301339,.0333957190301339,.0453813931035975,.0453813931035975,73,51,1
prov_subset,ab,2012,10,vraem_prov_subset_0713,VRAEM provinces: APURIMAC / ANDAHUAYLAS + AYACUCHO / LA MAR + HUANCAVELICA / TAYACAJA + JUNIN / HUANCAYO + JUNIN / SATIPO,5,815,114,42,31,.2163617028155012,.1617546685631497,.2397614874791459,.4998992686980631,-.3081692117757272,.6316785489020266,.4551502647056592,bounded_vraem_province_subset,0,treat_12,drop_rounding_band,adjacent_categories,p1_mserd,469,246,223,238,231,106,132,140,91,201,213,0,3,1,1,0,.0291143482915512,.0291143482915512,.0420209706930561,.0420209706930561,68,46,1
prov_subset,ab,2013,1,vraem_prov_subset_0708,VRAEM provinces: AYACUCHO / HUANTA + HUANCAVELICA / TAYACAJA + JUNIN / HUANCAYO + JUNIN / SATIPO,4,664,90,32,21,.2635553748212067,.2476906113799378,.1844462292811814,.1793082717473412,-.1138173550953949,.6091985778552704,1.803347939306895,bounded_vraem_province_subset,0,treat_13,drop_rounding_band,adjacent_categories,p1_mserd,360,254,106,190,170,115,75,139,31,167,163,0,3,1,1,0,.0403881846787823,.0403881846787823,.0493592849585109,.0493592849585109,61,29,1
prov_subset,ab,2013,2,vraem_prov_subset_0705,VRAEM provinces: APURIMAC / ANDAHUAYLAS + HUANCAVELICA / TAYACAJA + JUNIN / HUANCAYO + JUNIN / SATIPO,4,520,74,34,23,.2610966832879051,.3517797010387731,.3074266955208131,.2525109307330555,-.2507655500681816,.9543249521457278,1.309357973023102,bounded_vraem_province_subset,0,treat_13,drop_rounding_band,adjacent_categories,p1_mserd,224,141,83,133,91,76,57,65,26,116,89,0,3,1,1,0,.0424907949266326,.0424907949266326,.064236565885398,.064236565885398,48,26,1
prov_subset,ab,2013,3,vraem_prov_subset_0712,VRAEM provinces: AYACUCHO / LA MAR + HUANCAVELICA / TAYACAJA + JUNIN / HUANCAYO + JUNIN / SATIPO,4,722,100,32,21,.299994876127839,.2506703480358665,.2194051258463898,.2532462616507626,-.1793557966465355,.6806964927182686,1.305306164146477,bounded_vraem_province_subset,0,treat_13,drop_rounding_band,adjacent_categories,p1_mserd,416,244,172,209,207,103,106,141,66,180,193,0,3,1,1,0,.0298472150886449,.0298472150886449,.0433108723770066,.0433108723770066,60,40,1
prov_subset,ab,2013,4,vraem_prov_subset_0740,VRAEM provinces: AYACUCHO / HUANTA + HUANCAVELICA / CHURCAMPA + HUANCAVELICA / TAYACAJA + JUNIN / HUANCAYO + JUNIN / SATIPO,5,771,77,41,25,.1856237951770655,.1756988655279405,.1640911627163889,.284286642519357,-.1459139035774834,.4973116346333643,1.146482763733022,bounded_vraem_province_subset,0,treat_13,drop_rounding_band,adjacent_categories,p1_mserd,383,274,109,207,176,131,76,143,33,181,167,0,3,1,1,0,.035185697503364,.035185697503364,.0452874680478213,.0452874680478213,51,26,1
prov_subset,ab,2013,5,vraem_prov_subset_0738,VRAEM provinces: APURIMAC / CHINCHEROS + HUANCAVELICA / CHURCAMPA + HUANCAVELICA / TAYACAJA + JUNIN / HUANCAYO + JUNIN / SATIPO,5,612,71,39,23,.2045256652506211,.1971096355070938,.2140366192518647,.3570945570339014,-.2223944295992732,.6166137006134609,.8480853174414861,bounded_vraem_province_subset,0,treat_13,drop_rounding_band,adjacent_categories,p1_mserd,252,164,88,136,116,85,51,79,37,120,107,0,3,1,1,0,.0429530736366815,.0429530736366815,.0501670020587266,.0501670020587266,47,24,1
prov_subset,ab,2013,6,vraem_prov_subset_0714,VRAEM provinces: APURIMAC / CHINCHEROS + AYACUCHO / LA MAR + HUANCAVELICA / TAYACAJA + JUNIN / HUANCAYO + JUNIN / SATIPO,5,800,115,38,27,.2564910267716916,.2050873227252127,.2227909740525782,.3572922355616228,-.2315749624984382,.6417496079488636,.8473882679138085,bounded_vraem_province_subset,0,treat_13,drop_rounding_band,adjacent_categories,p1_mserd,474,271,203,224,250,108,116,163,87,193,229,0,3,1,1,0,.0313210779080309,.0313210779080309,.0438192665684559,.0438192665684559,71,44,1
prov_subset,ab,2013,7,vraem_prov_subset_0201,VRAEM provinces: APURIMAC / ANDAHUAYLAS + AYACUCHO / LA MAR + HUANCAVELICA / TAYACAJA + JUNIN / HUANCAYO,4,586,104,36,25,.2219312201142563,.2060481213768184,.2357362132206861,.3820843623880313,-.2559863663875812,.668082609141218,.7639847904953095,bounded_vraem_province_subset,0,treat_13,drop_rounding_band,adjacent_categories,p1_mserd,344,178,166,171,173,73,98,105,68,154,164,0,0,1,1,0,.036703868431581,.036703868431581,.0554892231986684,.0554892231986684,67,37,1
prov_subset,ab,2013,8,vraem_prov_subset_0582,VRAEM provinces: APURIMAC / CHINCHEROS + AYACUCHO / HUANTA + HUANCAVELICA / TAYACAJA + JUNIN / SATIPO,4,591,142,25,22,.1759685039890704,.1707633175458403,.2039924506864435,.4025329519493189,-.229054538917652,.5705811740093325,.7007465629272283,bounded_vraem_province_subset,0,treat_13,drop_rounding_band,adjacent_categories,p1_mserd,385,266,119,178,207,108,70,158,49,159,193,0,3,1,1,0,.0567236714074387,.0567236714074387,.0637870165134941,.0637870165134941,92,50,1
prov_subset,ab,2013,9,vraem_prov_subset_0646,VRAEM provinces: APURIMAC / CHINCHEROS + AYACUCHO / HUANTA + JUNIN / HUANCAYO + JUNIN / SATIPO,4,695,124,33,25,.2366179677305154,.1589079144596094,.1978111939581109,.4217832980938929,-.2287949014371551,.5466107303563739,.6453411033445927,bounded_vraem_province_subset,0,treat_13,drop_rounding_band,adjacent_categories,p1_mserd,405,269,136,195,210,110,85,159,51,170,196,0,3,1,1,0,.0498148232736788,.0498148232736788,.0561425738877872,.0561425738877872,82,42,1
prov_subset,ab,2013,10,vraem_prov_subset_0713,VRAEM provinces: APURIMAC / ANDAHUAYLAS + AYACUCHO / LA MAR + HUANCAVELICA / TAYACAJA + JUNIN / HUANCAYO + JUNIN / SATIPO,5,815,112,42,31,.2300881813961047,.1746660008203329,.2264844909563007,.4405853551949645,-.2692354445109039,.6185674461515698,.5947573493333925,bounded_vraem_province_subset,0,treat_13,drop_rounding_band,adjacent_categories,p1_mserd,469,268,201,238,231,115,123,153,78,201,213,0,3,1,1,0,.0286101727823825,.0286101727823825,.0425789867285985,.0425789867285985,67,45,1
prov_subset,ab,2014,1,vraem_prov_subset_0582,VRAEM provinces: APURIMAC / CHINCHEROS + AYACUCHO / HUANTA + HUANCAVELICA / TAYACAJA + JUNIN / SATIPO,4,591,119,25,22,.251971620854307,.1952913910715642,.1490921272916423,.1902396216520894,-.0969238087985159,.4875065909416443,1.715760933232861,bounded_vraem_province_subset,0,treat_14,drop_rounding_band,adjacent_categories,p1_mserd,385,274,111,178,207,109,69,165,42,159,193,0,3,1,1,0,.0503764641632689,.0503764641632689,.0587074464810893,.0587074464810893,77,42,1
prov_subset,ab,2014,2,vraem_prov_subset_0738,VRAEM provinces: APURIMAC / CHINCHEROS + HUANCAVELICA / CHURCAMPA + HUANCAVELICA / TAYACAJA + JUNIN / HUANCAYO + JUNIN / SATIPO,5,612,67,39,23,.245573829834258,.2498663360803859,.2004223492637836,.2125078972165572,-.1429542501735377,.6426869223343095,1.554258317920625,bounded_vraem_province_subset,0,treat_14,drop_rounding_band,adjacent_categories,p1_mserd,252,169,83,136,116,86,50,83,33,120,107,0,3,1,1,0,.0400393910299582,.0400393910299582,.0488676789947594,.0488676789947594,44,23,1
prov_subset,ab,2014,3,vraem_prov_subset_0705,VRAEM provinces: APURIMAC / ANDAHUAYLAS + HUANCAVELICA / TAYACAJA + JUNIN / HUANCAYO + JUNIN / SATIPO,4,520,74,34,23,.2464106798484101,.3009629912844316,.3156725403093823,.3403861717533925,-.317743818630226,.9196698011990893,.9089763401268121,bounded_vraem_province_subset,0,treat_14,drop_rounding_band,adjacent_categories,p1_mserd,224,143,81,133,91,77,56,66,25,116,89,0,3,1,1,0,.0425787173466267,.0425787173466267,.0587019905859599,.0587019905859599,48,26,1
prov_subset,ab,2014,4,vraem_prov_subset_0742,VRAEM provinces: APURIMAC / CHINCHEROS + AYACUCHO / HUANTA + HUANCAVELICA / CHURCAMPA + HUANCAVELICA / TAYACAJA + JUNIN / HUANCAYO + JUNIN / SATIPO,6,849,84,47,31,.1469832070421596,.1372626389703416,.145299411936076,.3448180864016586,-.1475189753992165,.4220442533398998,.8924357828321553,bounded_vraem_province_subset,0,treat_14,drop_rounding_band,adjacent_categories,p1_mserd,441,310,131,222,219,138,84,172,47,193,203,0,3,1,1,0,.034254852264861,.034254852264861,.0457166041078302,.0457166041078302,56,28,1
prov_subset,ab,2014,5,vraem_prov_subset_0612,VRAEM provinces: AYACUCHO / HUANTA + HUANCAVELICA / CHURCAMPA + HUANCAVELICA / TAYACAJA + JUNIN / SATIPO,4,620,61,28,20,.1670745434256898,.1297589813771889,.1399144626358968,.3537103264917771,-.1444683263054438,.4039862890598216,.8601013663285444,bounded_vraem_province_subset,0,treat_14,drop_rounding_band,adjacent_categories,p1_mserd,350,264,86,180,170,120,60,144,26,161,161,0,3,1,1,0,.032645131559567,.032645131559567,.0443143489773237,.0443143489773237,37,24,1
prov_subset,ab,2014,6,vraem_prov_subset_0710,VRAEM provinces: APURIMAC / CHINCHEROS + AYACUCHO / HUANTA + HUANCAVELICA / TAYACAJA + JUNIN / HUANCAYO + JUNIN / SATIPO,5,742,88,38,27,.2007023686360832,.1494547869273757,.1650118870471761,.3650833660864402,-.173962568706081,.4728721425608323,.820331139968994,bounded_vraem_province_subset,0,treat_14,drop_rounding_band,adjacent_categories,p1_mserd,418,290,128,205,213,122,83,168,45,179,199,0,3,1,1,0,.0368036674986211,.0368036674986211,.0475166813045682,.0475166813045682,60,28,1
prov_subset,ab,2014,7,vraem_prov_subset_0674,VRAEM provinces: APURIMAC / CHINCHEROS + HUANCAVELICA / CHURCAMPA + JUNIN / HUANCAYO + JUNIN / SATIPO,4,565,66,34,21,.2380403612605722,.1546320687477231,.1855150214320072,.404546697221592,-.2089706918501872,.5182348293456334,.6947698610108264,bounded_vraem_province_subset,0,treat_14,drop_rounding_band,adjacent_categories,p1_mserd,239,157,82,126,113,76,50,81,32,110,104,0,3,1,1,0,.043983151943528,.043983151943528,.053482330067217,.053482330067217,44,22,1
prov_subset,ab,2014,8,vraem_prov_subset_0722,VRAEM provinces: APURIMAC / CHINCHEROS + CUSCO / LA CONVENCION + HUANCAVELICA / TAYACAJA + JUNIN / HUANCAYO + JUNIN / SATIPO,5,609,85,33,22,.0621077777718405,.1613036474114208,.2408222663976949,.5029829284357578,-.3106993214033716,.6333066162262132,.4486370095272317,bounded_vraem_province_subset,0,treat_14,drop_rounding_band,adjacent_categories,p1_mserd,275,163,112,145,130,78,67,85,45,128,121,0,4,1,1,0,.0438240136102289,.0438240136102289,.0624826905489164,.0624826905489164,54,31,1
prov_subset,ab,2014,9,vraem_prov_subset_0707,VRAEM provinces: APURIMAC / ANDAHUAYLAS + APURIMAC / CHINCHEROS + HUANCAVELICA / TAYACAJA + JUNIN / HUANCAYO + JUNIN / SATIPO,5,598,89,40,29,.1889589249200001,.1825778955534029,.2961427953617879,.5375515112208626,-.3978513176367167,.7630071087435224,.3800966579025869,bounded_vraem_province_subset,0,treat_14,drop_rounding_band,adjacent_categories,p1_mserd,282,173,109,148,134,82,66,91,43,129,124,0,3,1,1,0,.044935983946962,.044935983946962,.0540579522650425,.0540579522650425,59,30,1
prov_subset,ab,2014,10,vraem_prov_subset_0614,VRAEM provinces: APURIMAC / CHINCHEROS + AYACUCHO / HUANTA + HUANCAVELICA / CHURCAMPA + HUANCAVELICA / TAYACAJA + JUNIN / SATIPO,5,698,96,34,26,.1667466854472326,.0807695442945087,.1423065271746805,.5703239821486383,-.1981461237328355,.3596852123218528,.322140719614972,bounded_vraem_province_subset,0,treat_14,drop_rounding_band,adjacent_categories,p1_mserd,408,294,114,195,213,125,70,169,44,173,197,0,3,1,1,0,.0404965412483835,.0404965412483835,.0518198544883448,.0518198544883448,64,32,1
prov_subset,ab,2015,1,vraem_prov_subset_0582,VRAEM provinces: APURIMAC / CHINCHEROS + AYACUCHO / HUANTA + HUANCAVELICA / TAYACAJA + JUNIN / SATIPO,4,591,128,25,22,.2462522787506867,.2103269110865017,.1474703215937014,.1538013476740978,-.0787096080256925,.4993634301986959,2.034138092670156,bounded_vraem_province_subset,0,treat_15,drop_rounding_band,adjacent_categories,p1_mserd,385,277,108,178,207,111,67,166,41,159,193,0,3,1,1,0,.0521674014588394,.0521674014588394,.0609003449133916,.0609003449133916,85,43,1
prov_subset,ab,2015,2,vraem_prov_subset_0738,VRAEM provinces: APURIMAC / CHINCHEROS + HUANCAVELICA / CHURCAMPA + HUANCAVELICA / TAYACAJA + JUNIN / HUANCAYO + JUNIN / SATIPO,5,612,67,39,23,.2465090901441889,.2817413606397493,.2026024186228737,.1643431063947232,-.1153520830417902,.6788348043212888,1.933801817921488,bounded_vraem_province_subset,0,treat_15,drop_rounding_band,adjacent_categories,p1_mserd,252,171,81,136,116,87,49,84,32,120,107,0,3,1,1,0,.039804022290667,.039804022290667,.0483628828454785,.0483628828454785,44,23,1
prov_subset,ab,2015,3,vraem_prov_subset_0742,VRAEM provinces: APURIMAC / CHINCHEROS + AYACUCHO / HUANTA + HUANCAVELICA / CHURCAMPA + HUANCAVELICA / TAYACAJA + JUNIN / HUANCAYO + JUNIN / SATIPO,6,849,89,47,31,.1613059519782831,.1566507521574121,.1437281495370588,.2757527767544564,-.1250512444998104,.4383527488146346,1.187903879312865,bounded_vraem_province_subset,0,treat_15,drop_rounding_band,adjacent_categories,p1_mserd,441,313,128,222,219,140,82,173,46,193,203,0,3,1,1,0,.035664565555612,.035664565555612,.0468475935249729,.0468475935249729,61,28,1
prov_subset,ab,2015,4,vraem_prov_subset_0612,VRAEM provinces: AYACUCHO / HUANTA + HUANCAVELICA / CHURCAMPA + HUANCAVELICA / TAYACAJA + JUNIN / SATIPO,4,620,64,28,20,.1718456210627763,.1414023245069435,.1428749527335349,.3223242525573031,-.1386274371436474,.4214320861575344,.9794920113556418,bounded_vraem_province_subset,0,treat_15,drop_rounding_band,adjacent_categories,p1_mserd,350,265,85,180,170,121,59,144,26,161,161,0,3,1,1,0,.0336291213569113,.0336291213569113,.0454680138710393,.0454680138710393,39,25,1
prov_subset,ab,2015,5,vraem_prov_subset_0705,VRAEM provinces: APURIMAC / ANDAHUAYLAS + HUANCAVELICA / TAYACAJA + JUNIN / HUANCAYO + JUNIN / SATIPO,4,520,74,34,23,.2468505183983913,.3005810349016901,.3170605582970382,.3431172103541195,-.3208462402786669,.9220083100820471,.8987496013498609,bounded_vraem_province_subset,0,treat_15,drop_rounding_band,adjacent_categories,p1_mserd,224,144,80,133,91,77,56,67,24,116,89,0,3,1,1,0,.042493938561201,.042493938561201,.0581736310701309,.0581736310701309,48,26,1
prov_subset,ab,2015,6,vraem_prov_subset_0710,VRAEM provinces: APURIMAC / CHINCHEROS + AYACUCHO / HUANTA + HUANCAVELICA / TAYACAJA + JUNIN / HUANCAYO + JUNIN / SATIPO,5,742,94,38,27,.2217339374773941,.152387715666972,.1628361434254169,.3493582953656295,-.1667652608282439,.4715406921621878,.8757866114169357,bounded_vraem_province_subset,0,treat_15,drop_rounding_band,adjacent_categories,p1_mserd,418,293,125,205,213,124,81,169,44,179,199,0,3,1,1,0,.0391385432210856,.0391385432210856,.048826494002316,.048826494002316,65,29,1
prov_subset,ab,2015,7,vraem_prov_subset_0674,VRAEM provinces: APURIMAC / CHINCHEROS + HUANCAVELICA / CHURCAMPA + JUNIN / HUANCAYO + JUNIN / SATIPO,4,565,69,34,21,.2379375733464564,.1700249831173088,.1822199236947173,.3507808838511934,-.1871195045899738,.5271694708245915,.8706302646128032,bounded_vraem_province_subset,0,treat_15,drop_rounding_band,adjacent_categories,p1_mserd,239,159,80,126,113,77,49,82,31,110,104,0,3,1,1,0,.0450738385171664,.0450738385171664,.0532081543757799,.0532081543757799,46,23,1
prov_subset,ab,2015,8,vraem_prov_subset_0708,VRAEM provinces: AYACUCHO / HUANTA + HUANCAVELICA / TAYACAJA + JUNIN / HUANCAYO + JUNIN / SATIPO,4,664,62,32,21,.1866535283934125,.1180457520472648,.1660175032674966,.4770569611457695,-.2073425751602894,.4434340792548189,.5055835909561076,bounded_vraem_province_subset,0,treat_15,drop_rounding_band,adjacent_categories,p1_mserd,360,261,99,190,170,118,72,143,27,167,163,0,3,1,1,0,.0306396597717057,.0306396597717057,.0445865937582359,.0445865937582359,39,23,1
prov_subset,ab,2015,9,vraem_prov_subset_0518,VRAEM provinces: APURIMAC / CHINCHEROS + AYACUCHO / HUANTA + JUNIN / SATIPO,3,544,100,20,20,.2202188466536195,.1046940641355418,.1489550610196678,.482145051540871,-.1872524907779731,.3966406190490568,.494007554880817,bounded_vraem_province_subset,0,treat_15,drop_rounding_band,adjacent_categories,p1_mserd,372,265,107,168,204,101,67,164,40,150,190,0,3,1,1,0,.0459988587049671,.0459988587049671,.0561976748233035,.0561976748233035,68,32,1
prov_subset,ab,2015,10,vraem_prov_subset_0614,VRAEM provinces: APURIMAC / CHINCHEROS + AYACUCHO / HUANTA + HUANCAVELICA / CHURCAMPA + HUANCAVELICA / TAYACAJA + JUNIN / SATIPO,5,698,102,34,26,.1711001783229931,.0944752224555885,.1397620670918443,.4990585205215541,-.1794533954492969,.3684038403604739,.456937936224212,bounded_vraem_province_subset,0,treat_15,drop_rounding_band,adjacent_categories,p1_mserd,408,297,111,195,213,127,68,170,43,173,197,0,3,1,1,0,.0425386643600934,.0425386643600934,.0527238186373751,.0527238186373751,68,34,1
prov_subset,ab,2016,1,vraem_prov_subset_0898,VRAEM provinces: APURIMAC / CHINCHEROS + JUNIN / HUANCAYO + JUNIN / CONCEPCION + JUNIN / SATIPO,4,571,93,32,20,.3107946588612498,.3625719221917318,.205184434528259,.0772192289430101,-.0395821796718725,.7647260240553362,3.122478916065556,bounded_vraem_province_subset,0,treat_16,drop_rounding_band,adjacent_categories,p1_mserd,257,185,72,132,125,80,52,105,20,118,117,0,3,1,1,0,.0539164343618024,.0539164343618024,.0689972232292606,.0689972232292606,61,32,1
prov_subset,ab,2016,2,vraem_prov_subset_0962,VRAEM provinces: APURIMAC / CHINCHEROS + HUANCAVELICA / TAYACAJA + JUNIN / HUANCAYO + JUNIN / CONCEPCION + JUNIN / SATIPO,5,618,89,37,22,.2925270618451434,.3693812519427158,.2119639138206617,.0813928429882548,-.046060385167933,.7848228890533645,3.036867458264984,bounded_vraem_province_subset,0,treat_16,drop_rounding_band,adjacent_categories,p1_mserd,270,197,73,142,128,90,52,107,21,128,120,0,3,1,1,0,.0491439572850727,.0491439572850727,.0644658810632275,.0644658810632275,58,31,1
prov_subset,ab,2016,3,vraem_prov_subset_0838,VRAEM provinces: APURIMAC / CHINCHEROS + AYACUCHO / HUANTA + HUANCAVELICA / TAYACAJA + JUNIN / CONCEPCION + JUNIN / SATIPO,5,704,130,32,25,.2347175463178865,.2253628178276768,.1387164656015601,.1042415955807494,-.0465164588140703,.4972420944694238,2.639419974028049,bounded_vraem_province_subset,0,treat_16,drop_rounding_band,adjacent_categories,p1_mserd,426,328,98,201,225,131,70,197,28,181,210,0,3,1,1,0,.0508129618952305,.0508129618952305,.0601487709192385,.0601487709192385,85,45,1
prov_subset,ab,2016,4,vraem_prov_subset_0582,VRAEM provinces: APURIMAC / CHINCHEROS + AYACUCHO / HUANTA + HUANCAVELICA / TAYACAJA + JUNIN / SATIPO,4,591,134,25,22,.2384001982445689,.2431983374254416,.1504084409272489,.1058956638599414,-.0515967897627865,.5379934646136697,2.614428590478703,bounded_vraem_province_subset,0,treat_16,drop_rounding_band,adjacent_categories,p1_mserd,385,296,89,178,207,116,62,180,27,159,193,0,3,1,1,0,.0538826933827295,.0538826933827295,.0620933634442978,.0620933634442978,88,46,1
prov_subset,ab,2016,5,vraem_prov_subset_0992,VRAEM provinces: HUANCAVELICA / CHURCAMPA + HUANCAVELICA / TAYACAJA + JUNIN / HUANCAYO + JUNIN / CONCEPCION + JUNIN / SATIPO,5,647,65,40,20,.280317617135825,.2880709393698022,.1911630142705345,.1318263770393519,-.0866016837765617,.6627435625161662,2.270864169201051,bounded_vraem_province_subset,0,treat_16,drop_rounding_band,adjacent_categories,p1_mserd,235,173,62,144,91,97,47,76,15,128,88,0,3,1,1,0,.04057457969991,.04057457969991,.0552603361724596,.0552603361724596,43,22,1
prov_subset,ab,2016,6,vraem_prov_subset_0994,VRAEM provinces: APURIMAC / CHINCHEROS + HUANCAVELICA / CHURCAMPA + HUANCAVELICA / TAYACAJA + JUNIN / HUANCAYO + JUNIN / CONCEPCION + JUNIN / SATIPO,6,725,93,46,26,.234885529320362,.2486126045079085,.1767735447208711,.1596082491203077,-.0978571765644795,.5950823855802965,1.977933770065903,bounded_vraem_province_subset,0,treat_16,drop_rounding_band,adjacent_categories,p1_mserd,293,217,76,159,134,106,53,111,23,141,124,0,3,1,1,0,.047544058612803,.047544058612803,.0579984006068528,.0579984006068528,62,31,1
prov_subset,ab,2016,7,vraem_prov_subset_0518,VRAEM provinces: APURIMAC / CHINCHEROS + AYACUCHO / HUANTA + JUNIN / SATIPO,3,544,131,20,20,.2584976091562903,.1978504855831942,.1444359587573328,.1707447822376233,-.0852387916536906,.4809397628200789,1.876392048092285,bounded_vraem_province_subset,0,treat_16,drop_rounding_band,adjacent_categories,p1_mserd,372,284,88,168,204,106,62,178,26,150,190,0,3,1,1,0,.0546514309588413,.0546514309588413,.0596697227588859,.0596697227588859,85,46,1
prov_subset,ab,2016,8,vraem_prov_subset_0774,VRAEM provinces: APURIMAC / CHINCHEROS + AYACUCHO / HUANTA + JUNIN / CONCEPCION + JUNIN / SATIPO,4,657,124,27,23,.2463552912211646,.1786903442045469,.1346492710866773,.1844822461717905,-.0852173776699109,.4425980660790047,1.761141120035519,bounded_vraem_province_subset,0,treat_16,drop_rounding_band,adjacent_categories,p1_mserd,413,316,97,191,222,121,70,195,27,172,207,0,3,1,1,0,.0504288307081934,.0504288307081934,.0587139602327154,.0587139602327154,82,42,1
prov_subset,ab,2016,9,vraem_prov_subset_0738,VRAEM provinces: APURIMAC / CHINCHEROS + HUANCAVELICA / CHURCAMPA + HUANCAVELICA / TAYACAJA + JUNIN / HUANCAYO + JUNIN / SATIPO,5,612,81,39,23,.2409781651931699,.2414798380129839,.1841178920984671,.1896719823367732,-.1193845994094433,.6023442754354111,1.720163639442782,bounded_vraem_province_subset,0,treat_16,drop_rounding_band,adjacent_categories,p1_mserd,252,185,67,136,116,91,45,94,22,120,107,0,3,1,1,0,.0469543812406301,.0469543812406301,.0533380355887936,.0533380355887936,55,26,1
prov_subset,ab,2016,10,vraem_prov_subset_0674,VRAEM provinces: APURIMAC / CHINCHEROS + HUANCAVELICA / CHURCAMPA + JUNIN / HUANCAYO + JUNIN / SATIPO,4,565,89,34,21,.2618234259342804,.2392976070805025,.1833974374651566,.1919597878744283,-.1201547652081411,.5987499793691462,1.702512014030351,bounded_vraem_province_subset,0,treat_16,drop_rounding_band,adjacent_categories,p1_mserd,239,173,66,126,113,81,45,92,21,110,104,0,3,1,1,0,.0541365112318861,.0541365112318861,.0601123815724627,.0601123815724627,57,32,1
prov_subset,ab,2017,1,vraem_prov_subset_0582,VRAEM provinces: APURIMAC / CHINCHEROS + AYACUCHO / HUANTA + HUANCAVELICA / TAYACAJA + JUNIN / SATIPO,4,591,116,25,22,.1384055136454638,.1834711407709493,.0830057915275996,.0270814746564618,.0207827788686142,.3461595026732844,4.885609281247865,bounded_vraem_province_subset,0,treat_17,drop_rounding_band,adjacent_categories,p1_mserd,385,322,63,178,207,132,46,190,17,159,193,0,3,1,1,0,.0487620669532826,.0487620669532826,.0676714155090058,.0676714155090058,75,41,1
prov_subset,ab,2017,2,vraem_prov_subset_0518,VRAEM provinces: APURIMAC / CHINCHEROS + AYACUCHO / HUANTA + JUNIN / SATIPO,3,544,136,20,20,.1345299943487586,.1596501540119508,.0723744944272552,.0273917214428765,.0177987515352357,.3015015564886659,4.865949503414244,bounded_vraem_province_subset,0,treat_17,drop_rounding_band,adjacent_categories,p1_mserd,372,310,62,168,204,122,46,188,16,150,190,0,3,1,1,0,.0571111672047571,.0571111672047571,.0719818565868859,.0719818565868859,88,48,1
prov_subset,ab,2017,3,vraem_prov_subset_0962,VRAEM provinces: APURIMAC / CHINCHEROS + HUANCAVELICA / TAYACAJA + JUNIN / HUANCAYO + JUNIN / CONCEPCION + JUNIN / SATIPO,5,618,73,37,22,.2292939957394398,.3069235499528891,.1424591022672342,.0312035038161333,.0277088402392017,.5861382596665765,4.641731540594797,bounded_vraem_province_subset,0,treat_17,drop_rounding_band,adjacent_categories,p1_mserd,270,218,52,142,128,103,39,115,13,128,120,0,3,1,1,0,.0425003437876147,.0425003437876147,.0733090011594302,.0733090011594302,49,24,1
prov_subset,ab,2017,4,vraem_prov_subset_0646,VRAEM provinces: APURIMAC / CHINCHEROS + AYACUCHO / HUANTA + JUNIN / HUANCAYO + JUNIN / SATIPO,4,695,106,33,25,.1835063884952213,.2304964669124077,.1072361508959623,.0316004276220701,.020317473315619,.4406754605091963,4.620043996917897,bounded_vraem_province_subset,0,treat_17,drop_rounding_band,adjacent_categories,p1_mserd,405,328,77,195,210,136,59,192,18,170,196,0,3,1,1,0,.0451746999886326,.0451746999886326,.0632691568916197,.0632691568916197,72,34,1
prov_subset,ab,2017,5,vraem_prov_subset_0774,VRAEM provinces: APURIMAC / CHINCHEROS + AYACUCHO / HUANTA + JUNIN / CONCEPCION + JUNIN / SATIPO,4,657,132,27,23,.1228046206950486,.1547447491495386,.0728000065463417,.0335353716908384,.0120593582444287,.2974301400546485,4.518236981268834,bounded_vraem_province_subset,0,treat_17,drop_rounding_band,adjacent_categories,p1_mserd,413,344,69,191,222,139,52,205,17,172,207,0,3,1,1,0,.0521281867691998,.0521281867691998,.0683042467239106,.0683042467239106,89,43,1
prov_subset,ab,2017,6,vraem_prov_subset_0994,VRAEM provinces: APURIMAC / CHINCHEROS + HUANCAVELICA / CHURCAMPA + HUANCAVELICA / TAYACAJA + JUNIN / HUANCAYO + JUNIN / CONCEPCION + JUNIN / SATIPO,6,725,65,46,26,.205909351576343,.2737246693140398,.1343439182934274,.0416007549657468,.0104154279169305,.5370339107111493,4.151373969845005,bounded_vraem_province_subset,0,treat_17,drop_rounding_band,adjacent_categories,p1_mserd,293,239,54,159,134,120,39,119,15,141,124,0,3,1,1,0,.0379116949945012,.0379116949945012,.0643015270875611,.0643015270875611,44,21,1
prov_subset,ab,2017,7,vraem_prov_subset_0838,VRAEM provinces: APURIMAC / CHINCHEROS + AYACUCHO / HUANTA + HUANCAVELICA / TAYACAJA + JUNIN / CONCEPCION + JUNIN / SATIPO,5,704,105,32,25,.1424953914799452,.1849169997754829,.0925588811840396,.0457349880556489,.0035049262054433,.3663290733455226,3.991328601848966,bounded_vraem_province_subset,0,treat_17,drop_rounding_band,adjacent_categories,p1_mserd,426,356,70,201,225,149,52,207,18,181,210,0,3,1,1,0,.0435585585467522,.0435585585467522,.063233070910961,.063233070910961,71,34,1
prov_subset,ab,2017,8,vraem_prov_subset_0992,VRAEM provinces: HUANCAVELICA / CHURCAMPA + HUANCAVELICA / TAYACAJA + JUNIN / HUANCAYO + JUNIN / CONCEPCION + JUNIN / SATIPO,5,647,56,40,20,.2180126132260136,.2655459544246663,.1360985213109131,.0510415426479487,-.0012022456938803,.5322941545432129,3.806909611289824,bounded_vraem_province_subset,0,treat_17,drop_rounding_band,adjacent_categories,p1_mserd,235,187,48,144,91,107,37,80,11,128,88,0,3,1,1,0,.0375630014548819,.0375630014548819,.0699751209470852,.0699751209470852,37,19,1
prov_subset,ab,2017,9,vraem_prov_subset_0614,VRAEM provinces: APURIMAC / CHINCHEROS + AYACUCHO / HUANTA + HUANCAVELICA / CHURCAMPA + HUANCAVELICA / TAYACAJA + JUNIN / SATIPO,5,698,112,34,26,.1242632586525274,.1532780875505608,.078949527273081,.0522013733779181,-.0014601425011407,.3080163176022623,3.769303244508695,bounded_vraem_province_subset,0,treat_17,drop_rounding_band,adjacent_categories,p1_mserd,408,343,65,195,213,149,46,194,19,173,197,0,3,1,1,0,.0461281379113094,.0461281379113094,.0630217618564931,.0630217618564931,76,36,1
prov_subset,ab,2017,10,vraem_prov_subset_0898,VRAEM provinces: APURIMAC / CHINCHEROS + JUNIN / HUANCAYO + JUNIN / CONCEPCION + JUNIN / SATIPO,4,571,66,32,20,.2098609319727411,.2910033831042658,.1501563721119167,.0526229512063638,-.0032976982842854,.5853044644928169,3.755852620321865,bounded_vraem_province_subset,0,treat_17,drop_rounding_band,adjacent_categories,p1_mserd,257,206,51,132,125,93,39,113,12,118,117,0,3,1,1,0,.0402627185728207,.0402627185728207,.0653394858428489,.0653394858428489,44,22,1
prov_subset,ab,2018,1,vraem_prov_subset_0518,VRAEM provinces: APURIMAC / CHINCHEROS + AYACUCHO / HUANTA + JUNIN / SATIPO,3,544,131,20,20,.1475583841867447,.1628669129270239,.0755532788112074,.0311105009956521,.0147852075431442,.3109486183109037,4.646854738358182,bounded_vraem_province_subset,0,treat_18,drop_rounding_band,adjacent_categories,p1_mserd,372,317,55,168,204,128,40,189,15,150,190,0,3,1,1,0,.0548186087259758,.0548186087259758,.0670028760668274,.0670028760668274,85,46,1
prov_subset,ab,2018,2,vraem_prov_subset_0962,VRAEM provinces: APURIMAC / CHINCHEROS + HUANCAVELICA / TAYACAJA + JUNIN / HUANCAYO + JUNIN / CONCEPCION + JUNIN / SATIPO,5,618,74,37,22,.2172357883885292,.2879481003664814,.1364890164029228,.0348859584892382,.0204345439314561,.5554616568015067,4.450748226017311,bounded_vraem_province_subset,0,treat_18,drop_rounding_band,adjacent_categories,p1_mserd,270,222,48,142,128,107,35,115,13,128,120,0,3,1,1,0,.0445390857634191,.0445390857634191,.0744813036481804,.0744813036481804,50,24,1
prov_subset,ab,2018,3,vraem_prov_subset_0774,VRAEM provinces: APURIMAC / CHINCHEROS + AYACUCHO / HUANTA + JUNIN / CONCEPCION + JUNIN / SATIPO,4,657,125,27,23,.1359043833311619,.1556042032239306,.0746324662219304,.0370747604569352,.0093272573515449,.3018811490963164,4.346974194547183,bounded_vraem_province_subset,0,treat_18,drop_rounding_band,adjacent_categories,p1_mserd,413,352,61,191,222,146,45,206,16,172,207,0,3,1,1,0,.0511439365059837,.0511439365059837,.0651325013829033,.0651325013829033,82,43,1
prov_subset,ab,2018,4,vraem_prov_subset_0582,VRAEM provinces: APURIMAC / CHINCHEROS + AYACUCHO / HUANTA + HUANCAVELICA / TAYACAJA + JUNIN / SATIPO,4,591,107,25,22,.1540756900933771,.1883005067821739,.0903513463272744,.0371518109740091,.0112151220260109,.3653858915383369,4.343438943726589,bounded_vraem_province_subset,0,treat_18,drop_rounding_band,adjacent_categories,p1_mserd,385,329,56,178,207,138,40,191,16,159,193,0,3,1,1,0,.0466599734740314,.0466599734740314,.0637116707898074,.0637116707898074,72,35,1
prov_subset,ab,2018,5,vraem_prov_subset_0646,VRAEM provinces: APURIMAC / CHINCHEROS + AYACUCHO / HUANTA + JUNIN / HUANCAYO + JUNIN / SATIPO,4,695,107,33,25,.1905242864417953,.2203364550146545,.1077964542332523,.0409530865786015,.0090592870563598,.4316136229729491,4.17795505883965,bounded_vraem_province_subset,0,treat_18,drop_rounding_band,adjacent_categories,p1_mserd,405,335,70,195,210,142,53,193,17,170,196,0,3,1,1,0,.0458056993822559,.0458056993822559,.0604695026938035,.0604695026938035,73,34,1
prov_subset,ab,2018,6,vraem_prov_subset_0358,VRAEM provinces: APURIMAC / CHINCHEROS + AYACUCHO / HUANTA + HUANCAVELICA / CHURCAMPA + HUANCAVELICA / TAYACAJA + JUNIN / CONCEPCION,5,582,74,35,23,.0963888091545884,.1431785367026071,.0705867286430688,.042518838640042,.0048310907756904,.2815259826295237,4.114430487183766,bounded_vraem_province_subset,0,treat_18,drop_rounding_band,adjacent_categories,p1_mserd,324,280,44,151,173,121,30,159,14,138,160,0,0,1,1,0,.0445987130249333,.0445987130249333,.0661850490021881,.0661850490021881,51,23,1
prov_subset,ab,2018,7,vraem_prov_subset_0994,VRAEM provinces: APURIMAC / CHINCHEROS + HUANCAVELICA / CHURCAMPA + HUANCAVELICA / TAYACAJA + JUNIN / HUANCAYO + JUNIN / CONCEPCION + JUNIN / SATIPO,6,725,75,46,26,.19594324729942,.2603258090241285,.1312758205322068,.047362446218212,.0030299287400595,.5176216893081975,3.932465946229437,bounded_vraem_province_subset,0,treat_18,drop_rounding_band,adjacent_categories,p1_mserd,293,243,50,159,134,124,35,119,15,141,124,0,3,1,1,0,.0400370055765772,.0400370055765772,.0651432474824062,.0651432474824062,50,25,1
prov_subset,ab,2018,8,vraem_prov_subset_0738,VRAEM provinces: APURIMAC / CHINCHEROS + HUANCAVELICA / CHURCAMPA + HUANCAVELICA / TAYACAJA + JUNIN / HUANCAYO + JUNIN / SATIPO,5,612,69,39,23,.2045349453354786,.2672310289233046,.1371010856657231,.0512771240998073,-.0014821612228532,.5359442190694624,3.799198455092474,bounded_vraem_province_subset,0,treat_18,drop_rounding_band,adjacent_categories,p1_mserd,252,208,44,136,116,106,30,102,14,120,107,0,3,1,1,0,.0413829217148897,.0413829217148897,.0664463897274554,.0664463897274554,45,24,1
prov_subset,ab,2018,9,vraem_prov_subset_0838,VRAEM provinces: APURIMAC / CHINCHEROS + AYACUCHO / HUANTA + HUANCAVELICA / TAYACAJA + JUNIN / CONCEPCION + JUNIN / SATIPO,5,704,105,32,25,.1496070036470458,.1793896348015245,.0943273747124091,.057200310077697,-.0054886223910116,.3642678919940605,3.616755882854341,bounded_vraem_province_subset,0,treat_18,drop_rounding_band,adjacent_categories,p1_mserd,426,364,62,201,225,156,45,208,17,181,210,0,3,1,1,0,.0434371747730859,.0434371747730859,.0604597209392103,.0604597209392103,71,34,1
prov_subset,ab,2018,10,vraem_prov_subset_0614,VRAEM provinces: APURIMAC / CHINCHEROS + AYACUCHO / HUANTA + HUANCAVELICA / CHURCAMPA + HUANCAVELICA / TAYACAJA + JUNIN / SATIPO,5,698,106,34,26,.1341279559047395,.1588170318925546,.0836821428010043,.0577144632728286,-.0051969541465515,.3228310179316607,3.601874410110116,bounded_vraem_province_subset,0,treat_18,drop_rounding_band,adjacent_categories,p1_mserd,408,350,58,195,213,155,40,195,18,173,197,0,3,1,1,0,.044643909851861,.044643909851861,.059974387432428,.059974387432428,70,36,1
prov_subset,ab,2019,1,vraem_prov_subset_0964,VRAEM provinces: AYACUCHO / HUANTA + HUANCAVELICA / TAYACAJA + JUNIN / HUANCAYO + JUNIN / CONCEPCION + JUNIN / SATIPO,5,777,107,39,24,.1661242019165139,.2216041455677689,.0916365404798696,.0155934489283641,.0419998265593776,.4012084645761601,5.848148485403437,bounded_vraem_province_subset,0,treat_19,drop_rounding_band,adjacent_categories,p1_mserd,401,349,52,213,188,176,37,173,15,189,180,0,3,1,1,0,.0450348667834725,.0450348667834725,.0737981924917982,.0737981924917982,73,34,1
prov_subset,ab,2019,2,vraem_prov_subset_0996,VRAEM provinces: AYACUCHO / HUANTA + HUANCAVELICA / CHURCAMPA + HUANCAVELICA / TAYACAJA + JUNIN / HUANCAYO + JUNIN / CONCEPCION + JUNIN / SATIPO,6,884,91,48,28,.168255415844943,.231937537547187,.1001183624189228,.0205237129429509,.0357091530149699,.4281659220794042,5.366790088519085,bounded_vraem_province_subset,0,treat_19,drop_rounding_band,adjacent_categories,p1_mserd,424,371,53,230,194,193,37,178,16,201,184,0,3,1,1,0,.037081968452124,.037081968452124,.0630479125807512,.0630479125807512,62,29,1
prov_subset,ab,2019,3,vraem_prov_subset_0708,VRAEM provinces: AYACUCHO / HUANTA + HUANCAVELICA / TAYACAJA + JUNIN / HUANCAYO + JUNIN / SATIPO,4,664,82,32,21,.1999956510047294,.2739143479639021,.1221604420697108,.0249451681321726,.0344842811717774,.5133444147560269,5.027688613564692,bounded_vraem_province_subset,0,treat_19,drop_rounding_band,adjacent_categories,p1_mserd,360,311,49,190,170,155,35,156,14,167,163,0,3,1,1,0,.0384799417965791,.0384799417965791,.0618501418756618,.0618501418756618,56,26,1
prov_subset,ab,2019,4,vraem_prov_subset_0966,VRAEM provinces: APURIMAC / CHINCHEROS + AYACUCHO / HUANTA + HUANCAVELICA / TAYACAJA + JUNIN / HUANCAYO + JUNIN / CONCEPCION + JUNIN / SATIPO,6,855,97,45,30,.1836212090901073,.247712374169021,.1108752065162327,.0254728897250016,.0304009626187643,.4650237857192778,4.99144764335328,bounded_vraem_province_subset,0,treat_19,drop_rounding_band,adjacent_categories,p1_mserd,459,401,58,228,231,189,39,212,19,201,216,0,3,1,1,0,.0375145099317315,.0375145099317315,.0588485834771691,.0588485834771691,67,30,1
prov_subset,ab,2019,5,vraem_prov_subset_0710,VRAEM provinces: APURIMAC / CHINCHEROS + AYACUCHO / HUANTA + HUANCAVELICA / TAYACAJA + JUNIN / HUANCAYO + JUNIN / SATIPO,5,742,93,38,27,.1952294903640306,.2613426383615525,.1170919233743904,.0256186516089774,.0318466856672237,.4908385910558812,4.981574878336383,bounded_vraem_province_subset,0,treat_19,drop_rounding_band,adjacent_categories,p1_mserd,418,363,55,205,213,168,37,195,18,179,199,0,3,1,1,0,.0386745452338294,.0386745452338294,.0594492132286691,.0594492132286691,65,28,1
prov_subset,ab,2019,6,vraem_prov_subset_0740,VRAEM provinces: AYACUCHO / HUANTA + HUANCAVELICA / CHURCAMPA + HUANCAVELICA / TAYACAJA + JUNIN / HUANCAYO + JUNIN / SATIPO,5,771,84,41,25,.1772488191012525,.2378621879887213,.1078877423119821,.0274737977680634,.0264060986838984,.4493182772935442,4.860787203239031,bounded_vraem_province_subset,0,treat_19,drop_rounding_band,adjacent_categories,p1_mserd,383,333,50,207,176,172,35,161,15,181,167,0,3,1,1,0,.0374818366510022,.0374818366510022,.0593148243146988,.0593148243146988,57,27,1
prov_subset,ab,2019,7,vraem_prov_subset_0582,VRAEM provinces: APURIMAC / CHINCHEROS + AYACUCHO / HUANTA + HUANCAVELICA / TAYACAJA + JUNIN / SATIPO,4,591,101,25,22,.1310496571104089,.1880641590173349,.0857468807142483,.0282895290366647,.0200033610307561,.3561249570039136,4.810335990675957,bounded_vraem_province_subset,0,treat_19,drop_rounding_band,adjacent_categories,p1_mserd,385,341,44,178,207,150,28,191,16,159,193,0,3,1,1,0,.0452977382561105,.0452977382561105,.0657386114203266,.0657386114203266,67,34,1
prov_subset,ab,2019,8,vraem_prov_subset_0646,VRAEM provinces: APURIMAC / CHINCHEROS + AYACUCHO / HUANTA + JUNIN / HUANCAYO + JUNIN / SATIPO,4,695,102,33,25,.174868941017017,.2365875905147061,.1085666598329015,.0293174121337257,.023800847320408,.4493743337090043,4.748877529591725,bounded_vraem_province_subset,0,treat_19,drop_rounding_band,adjacent_categories,p1_mserd,405,351,54,195,210,158,37,193,17,170,196,0,3,1,1,0,.0430041193989957,.0430041193989957,.0613708122752653,.0613708122752653,70,32,1
prov_subset,ab,2019,9,vraem_prov_subset_0484,VRAEM provinces: AYACUCHO / HUANTA + HUANCAVELICA / CHURCAMPA + HUANCAVELICA / TAYACAJA + JUNIN / HUANCAYO + JUNIN / CONCEPCION,5,655,60,42,22,.171259231536087,.2660150258313825,.1222435826097309,.0295473156591296,.0264220065751631,.5056080450876018,4.735438471527408,bounded_vraem_province_subset,0,treat_19,drop_rounding_band,adjacent_categories,p1_mserd,299,262,37,163,136,137,26,125,11,150,129,0,0,1,1,0,.0377901000265235,.0377901000265235,.0571519451892238,.0571519451892238,45,15,1
prov_subset,ab,2019,10,vraem_prov_subset_0998,VRAEM provinces: APURIMAC / CHINCHEROS + AYACUCHO / HUANTA + HUANCAVELICA / CHURCAMPA + HUANCAVELICA / TAYACAJA + JUNIN / HUANCAYO + JUNIN / CONCEPCION + JUNIN / SATIPO,7,962,101,54,34,.1655785693425402,.2182917329843201,.1004275925358709,.0297334536602381,.0214572685599497,.4151261974086906,4.724637293021963,bounded_vraem_province_subset,0,treat_19,drop_rounding_band,adjacent_categories,p1_mserd,482,423,59,245,237,206,39,217,20,213,220,0,3,1,1,0,.0377518161971433,.0377518161971433,.0566014390941303,.0566014390941303,70,31,1
prov_subset,ab,2020,1,vraem_prov_subset_0964,VRAEM provinces: AYACUCHO / HUANTA + HUANCAVELICA / TAYACAJA + JUNIN / HUANCAYO + JUNIN / CONCEPCION + JUNIN / SATIPO,5,777,104,39,24,.1799185427886045,.2366773099943151,.1006435388365866,.0186908853230686,.0394195985979473,.433935021390683,5.530207807383902,bounded_vraem_province_subset,0,treat_20,drop_rounding_band,adjacent_categories,p1_mserd,401,353,48,213,188,180,33,173,15,189,180,0,3,1,1,0,.0434573542670629,.0434573542670629,.0718215934097149,.0718215934097149,71,33,1
prov_subset,ab,2020,2,vraem_prov_subset_0708,VRAEM provinces: AYACUCHO / HUANTA + HUANCAVELICA / TAYACAJA + JUNIN / HUANCAYO + JUNIN / SATIPO,4,664,85,32,21,.1981081159427029,.2694108874055696,.1181500917729364,.0225932965502795,.0378409627605122,.5009808120506271,5.199506891950072,bounded_vraem_province_subset,0,treat_20,drop_rounding_band,adjacent_categories,p1_mserd,360,314,46,190,170,158,32,156,14,167,163,0,3,1,1,0,.0394038882376344,.0394038882376344,.064961332351524,.064961332351524,58,27,1
prov_subset,ab,2020,3,vraem_prov_subset_0996,VRAEM provinces: AYACUCHO / HUANTA + HUANCAVELICA / CHURCAMPA + HUANCAVELICA / TAYACAJA + JUNIN / HUANCAYO + JUNIN / CONCEPCION + JUNIN / SATIPO,6,884,91,48,28,.1682049417275691,.2300535605850251,.1009092526925472,.0226191729861607,.0322750596007812,.4278320615692691,5.197517243049646,bounded_vraem_province_subset,0,treat_20,drop_rounding_band,adjacent_categories,p1_mserd,424,376,48,230,194,197,33,179,15,201,184,0,3,1,1,0,.0371779965194125,.0371779965194125,.0625233456065002,.0625233456065002,62,29,1
prov_subset,ab,2020,4,vraem_prov_subset_0454,VRAEM provinces: APURIMAC / CHINCHEROS + AYACUCHO / HUANTA + HUANCAVELICA / TAYACAJA + JUNIN / HUANCAYO + JUNIN / CONCEPCION,5,626,72,39,24,.20037725147411,.2891635973426203,.126932941737001,.0227217170928452,.0403796030863774,.5379475915988632,5.189655716591051,bounded_vraem_province_subset,0,treat_20,drop_rounding_band,adjacent_categories,p1_mserd,334,296,38,161,173,136,25,160,13,148,162,0,0,1,1,0,.0397410003910194,.0397410003910194,.0658589507997855,.0658589507997855,53,19,1
prov_subset,ab,2020,5,vraem_prov_subset_0484,VRAEM provinces: AYACUCHO / HUANTA + HUANCAVELICA / CHURCAMPA + HUANCAVELICA / TAYACAJA + JUNIN / HUANCAYO + JUNIN / CONCEPCION,5,655,65,42,22,.1631372723163833,.2606820837128361,.1145760606537478,.022894651582328,.0361171313410137,.4852470360846585,5.176480650843244,bounded_vraem_province_subset,0,treat_20,drop_rounding_band,adjacent_categories,p1_mserd,299,266,33,163,136,140,23,126,10,150,129,0,0,1,1,0,.0390630815376146,.0390630815376146,.0618229200182314,.0618229200182314,48,17,1
prov_subset,ab,2020,6,vraem_prov_subset_0710,VRAEM provinces: APURIMAC / CHINCHEROS + AYACUCHO / HUANTA + HUANCAVELICA / TAYACAJA + JUNIN / HUANCAYO + JUNIN / SATIPO,5,742,91,38,27,.195242080018224,.2638371607079089,.1163030831957603,.0232968559699331,.0358873063532532,.4917870150625646,5.146233330306496,bounded_vraem_province_subset,0,treat_20,drop_rounding_band,adjacent_categories,p1_mserd,418,367,51,205,213,171,34,196,17,179,199,0,3,1,1,0,.0384113100680786,.0384113100680786,.0608704520598488,.0608704520598488,63,28,1
prov_subset,ab,2020,7,vraem_prov_subset_0966,VRAEM provinces: APURIMAC / CHINCHEROS + AYACUCHO / HUANTA + HUANCAVELICA / TAYACAJA + JUNIN / HUANCAYO + JUNIN / CONCEPCION + JUNIN / SATIPO,6,855,97,45,30,.1837296618084829,.2473933158408232,.1102114398954521,.0247864090954963,.0313828629614363,.4634037687202102,5.038747204647145,bounded_vraem_province_subset,0,treat_20,drop_rounding_band,adjacent_categories,p1_mserd,459,406,53,228,231,193,35,213,18,201,216,0,3,1,1,0,.0375811306609572,.0375811306609572,.0599444380080956,.0599444380080956,67,30,1
prov_subset,ab,2020,8,vraem_prov_subset_0740,VRAEM provinces: AYACUCHO / HUANTA + HUANCAVELICA / CHURCAMPA + HUANCAVELICA / TAYACAJA + JUNIN / HUANCAYO + JUNIN / SATIPO,5,771,84,41,25,.1772651881675924,.2377541312570275,.1077101711763694,.0272895616224881,.0266460749826994,.4488621875313556,4.872397502729156,bounded_vraem_province_subset,0,treat_20,drop_rounding_band,adjacent_categories,p1_mserd,383,337,46,207,176,175,32,162,14,181,167,0,3,1,1,0,.0374391653180734,.0374391653180734,.0593435204331585,.0593435204331585,57,27,1
prov_subset,ab,2020,9,vraem_prov_subset_0646,VRAEM provinces: APURIMAC / CHINCHEROS + AYACUCHO / HUANTA + JUNIN / HUANCAYO + JUNIN / SATIPO,4,695,102,33,25,.1799898343411208,.2437554608369961,.1108343459166024,.0278582109094872,.0265241345904014,.4609867870835907,4.836820634447998,bounded_vraem_province_subset,0,treat_20,drop_rounding_band,adjacent_categories,p1_mserd,405,355,50,195,210,161,34,194,16,170,196,0,3,1,1,0,.0428919014392118,.0428919014392118,.063078095705846,.063078095705846,70,32,1
prov_subset,ab,2020,10,vraem_prov_subset_0294,VRAEM provinces: APURIMAC / CHINCHEROS + AYACUCHO / HUANTA + HUANCAVELICA / CHURCAMPA + JUNIN / CONCEPCION,4,535,90,30,21,.0466264111444039,.0751927947015583,.034777359173387,.0306089923217465,.0070304232443061,.1433551661588105,4.67475927429617,bounded_vraem_province_subset,0,treat_20,drop_rounding_band,adjacent_categories,p1_mserd,311,284,27,141,170,124,17,160,10,129,157,0,0,1,1,0,.0531537533813027,.0531537533813027,.0701299863492025,.0701299863492025,63,27,1
prov_subset,ab,2021,1,vraem_prov_subset_0454,VRAEM provinces: APURIMAC / CHINCHEROS + AYACUCHO / HUANTA + HUANCAVELICA / TAYACAJA + JUNIN / HUANCAYO + JUNIN / CONCEPCION,5,626,72,39,24,.199662939164396,.2844699472188112,.1266938834242325,.0247467681903294,.0361544986457994,.532785395791823,5.041519921768279,bounded_vraem_province_subset,0,treat_21,drop_rounding_band,adjacent_categories,p1_mserd,334,297,37,161,173,137,24,160,13,148,162,0,0,1,1,0,.0400990062486353,.0400990062486353,.0659526502293166,.0659526502293166,53,19,1
prov_subset,ab,2021,2,vraem_prov_subset_0484,VRAEM provinces: AYACUCHO / HUANTA + HUANCAVELICA / CHURCAMPA + HUANCAVELICA / TAYACAJA + JUNIN / HUANCAYO + JUNIN / CONCEPCION,5,655,66,42,22,.1580348151026563,.2521281954661758,.1125282049834678,.025053437492085,.0315769664536383,.4726794244787133,5.020188778550174,bounded_vraem_province_subset,0,treat_21,drop_rounding_band,adjacent_categories,p1_mserd,299,267,32,163,136,141,22,126,10,150,129,0,0,1,1,0,.039632895770116,.039632895770116,.0620981917409113,.0620981917409113,48,18,1
prov_subset,ab,2021,3,vraem_prov_subset_0294,VRAEM provinces: APURIMAC / CHINCHEROS + AYACUCHO / HUANTA + HUANCAVELICA / CHURCAMPA + JUNIN / CONCEPCION,4,535,90,30,21,.0466264111444039,.0751927947015583,.034777359173387,.0306089923217465,.0070304232443061,.1433551661588105,4.67475927429617,bounded_vraem_province_subset,0,treat_21,drop_rounding_band,adjacent_categories,p1_mserd,311,284,27,141,170,124,17,160,10,129,157,0,0,1,1,0,.0531537533813027,.0531537533813027,.0701299863492025,.0701299863492025,63,27,1
prov_subset,ab,2021,4,vraem_prov_subset_0964,VRAEM provinces: AYACUCHO / HUANTA + HUANCAVELICA / TAYACAJA + JUNIN / HUANCAYO + JUNIN / CONCEPCION + JUNIN / SATIPO,5,777,101,39,24,.1173355385659198,.1758154236103309,.0820972198707064,.0322295908116339,.0149078294328804,.3367230177877814,4.586242788044256,bounded_vraem_province_subset,0,treat_21,drop_rounding_band,adjacent_categories,p1_mserd,401,355,46,213,188,182,31,173,15,189,180,0,3,1,1,0,.0416260527475649,.0416260527475649,.0644846065497767,.0644846065497767,69,32,1
prov_subset,ab,2021,5,vraem_prov_subset_0198,VRAEM provinces: APURIMAC / CHINCHEROS + AYACUCHO / HUANTA + HUANCAVELICA / TAYACAJA + JUNIN / HUANCAYO,4,513,66,32,21,.2369371794495649,.3476205617685149,.1631012285487464,.0330629644876957,.027948027978736,.6672930955582937,4.542515830145897,bounded_vraem_province_subset,0,treat_21,drop_rounding_band,adjacent_categories,p1_mserd,293,258,35,138,155,115,23,143,12,126,145,0,0,1,1,0,.0414175581732585,.0414175581732585,.0691458955814418,.0691458955814418,48,18,1
prov_subset,ab,2021,6,vraem_prov_subset_0230,VRAEM provinces: APURIMAC / CHINCHEROS + AYACUCHO / HUANTA + HUANCAVELICA / CHURCAMPA + HUANCAVELICA / TAYACAJA + JUNIN / HUANCAYO,5,620,69,41,25,.1917424114194404,.3008534180218561,.1415585307618397,.0335621346005179,.023403796024245,.5783030400194671,4.516872242670388,bounded_vraem_province_subset,0,treat_21,drop_rounding_band,adjacent_categories,p1_mserd,316,281,35,155,161,132,23,149,12,142,149,0,0,1,1,0,.0410029960832076,.0410029960832076,.0673123063135704,.0673123063135704,50,19,1
prov_subset,ab,2021,7,vraem_prov_subset_0996,VRAEM provinces: AYACUCHO / HUANTA + HUANCAVELICA / CHURCAMPA + HUANCAVELICA / TAYACAJA + JUNIN / HUANCAYO + JUNIN / CONCEPCION + JUNIN / SATIPO,6,884,103,48,28,.1028121846736036,.1576849508314275,.0745081933412908,.0343155806189474,.0116515753293504,.3037183263335046,4.478910955069197,bounded_vraem_province_subset,0,treat_21,drop_rounding_band,adjacent_categories,p1_mserd,424,378,46,230,194,199,31,179,15,201,184,0,3,1,1,0,.039729195617936,.039729195617936,.0622247658200875,.0622247658200875,70,33,1
prov_subset,ab,2021,8,vraem_prov_subset_0708,VRAEM provinces: AYACUCHO / HUANTA + HUANCAVELICA / TAYACAJA + JUNIN / HUANCAYO + JUNIN / SATIPO,4,664,93,32,21,.123875379116523,.1872142048076331,.0891452053646787,.0357196911289643,.012492812898436,.3619355967168302,4.410436925801402,bounded_vraem_province_subset,0,treat_21,drop_rounding_band,adjacent_categories,p1_mserd,360,316,44,190,170,160,30,156,14,167,163,0,3,1,1,0,.0415425795286082,.0415425795286082,.0632654848956387,.0632654848956387,63,30,1
prov_subset,ab,2021,9,vraem_prov_subset_0710,VRAEM provinces: APURIMAC / CHINCHEROS + AYACUCHO / HUANTA + HUANCAVELICA / TAYACAJA + JUNIN / HUANCAYO + JUNIN / SATIPO,5,742,102,38,27,.1268139270886519,.1838611118633933,.089087499714036,.0390342024054096,.0092528209511605,.3584694027756261,4.25937839203935,bounded_vraem_province_subset,0,treat_21,drop_rounding_band,adjacent_categories,p1_mserd,418,369,49,205,213,173,32,196,17,179,199,0,3,1,1,0,.0409233795945074,.0409233795945074,.0599868016338441,.0599868016338441,70,32,1
prov_subset,ab,2021,10,vraem_prov_subset_0582,VRAEM provinces: APURIMAC / CHINCHEROS + AYACUCHO / HUANTA + HUANCAVELICA / TAYACAJA + JUNIN / SATIPO,4,591,106,25,22,.0639949186398905,.1086799532061189,.0527066691059396,.0392099009002192,.0053767800134074,.2119831263988304,4.251750225399053,bounded_vraem_province_subset,0,treat_21,drop_rounding_band,adjacent_categories,p1_mserd,385,345,40,178,207,153,25,192,15,159,193,0,3,1,1,0,.0463188233422166,.0463188233422166,.0655448909594383,.0655448909594383,72,34,1
prov_subset,ab,2022,1,vraem_prov_subset_0965,VRAEM provinces: APURIMAC / ANDAHUAYLAS + AYACUCHO / HUANTA + HUANCAVELICA / TAYACAJA + JUNIN / HUANCAYO + JUNIN / CONCEPCION + JUNIN / SATIPO,6,870,105,49,34,.114909644579124,.1749095933817575,.0761235155746538,.0215784269090347,.0257102444788623,.3241089422846527,5.279461006349066,bounded_vraem_province_subset,0,treat_22,drop_rounding_band,adjacent_categories,p1_mserd,454,405,49,242,212,211,31,194,18,209,201,0,3,1,1,0,.0375135449327206,.0375135449327206,.0614197316283058,.0614197316283058,71,34,1
prov_subset,ab,2022,2,vraem_prov_subset_0997,VRAEM provinces: APURIMAC / ANDAHUAYLAS + AYACUCHO / HUANTA + HUANCAVELICA / CHURCAMPA + HUANCAVELICA / TAYACAJA + JUNIN / HUANCAYO + JUNIN / CONCEPCION + JUNIN / SATIPO,7,977,108,58,38,.1063594562902219,.1606476359093993,.0701941151880413,.022101457386953,.0230696982141825,.2982255736046162,5.237780200738759,bounded_vraem_province_subset,0,treat_22,drop_rounding_band,adjacent_categories,p1_mserd,477,428,49,259,218,228,31,200,18,221,205,0,3,1,1,0,.0371824379980189,.0371824379980189,.0595611809644494,.0595611809644494,73,35,1
prov_subset,ab,2022,3,vraem_prov_subset_0454,VRAEM provinces: APURIMAC / CHINCHEROS + AYACUCHO / HUANTA + HUANCAVELICA / TAYACAJA + JUNIN / HUANCAYO + JUNIN / CONCEPCION,5,626,72,39,24,.199662939164396,.2844699472188112,.1266938834242325,.0247467681903294,.0361544986457994,.532785395791823,5.041519921768279,bounded_vraem_province_subset,0,treat_22,drop_rounding_band,adjacent_categories,p1_mserd,334,297,37,161,173,137,24,160,13,148,162,0,0,1,1,0,.0400990062486353,.0400990062486353,.0659526502293166,.0659526502293166,53,19,1
prov_subset,ab,2022,4,vraem_prov_subset_0484,VRAEM provinces: AYACUCHO / HUANTA + HUANCAVELICA / CHURCAMPA + HUANCAVELICA / TAYACAJA + JUNIN / HUANCAYO + JUNIN / CONCEPCION,5,655,66,42,22,.1580348151026563,.2521281954661758,.1125282049834678,.025053437492085,.0315769664536383,.4726794244787133,5.020188778550174,bounded_vraem_province_subset,0,treat_22,drop_rounding_band,adjacent_categories,p1_mserd,299,267,32,163,136,141,22,126,10,150,129,0,0,1,1,0,.039632895770116,.039632895770116,.0620981917409113,.0620981917409113,48,18,1
prov_subset,ab,2022,5,vraem_prov_subset_0453,VRAEM provinces: APURIMAC / ANDAHUAYLAS + AYACUCHO / HUANTA + HUANCAVELICA / TAYACAJA + JUNIN / HUANCAYO + JUNIN / CONCEPCION,5,641,75,43,28,.1680842475590747,.253140614041766,.1150440259226916,.0277799207818393,.0276584665967982,.4786227614867338,4.841673685300537,bounded_vraem_province_subset,0,treat_22,drop_rounding_band,adjacent_categories,p1_mserd,329,294,35,175,154,153,22,141,13,158,147,0,0,1,1,0,.0383919710752685,.0383919710752685,.0598915652407031,.0598915652407031,55,20,1
prov_subset,ab,2022,6,vraem_prov_subset_0485,VRAEM provinces: APURIMAC / ANDAHUAYLAS + AYACUCHO / HUANTA + HUANCAVELICA / CHURCAMPA + HUANCAVELICA / TAYACAJA + JUNIN / HUANCAYO + JUNIN / CONCEPCION,6,748,77,52,32,.1499523301519958,.2268723072064474,.1031194859859724,.0278004020383757,.0247618285696586,.4289827858432361,4.840402719501339,bounded_vraem_province_subset,0,treat_22,drop_rounding_band,adjacent_categories,p1_mserd,352,317,35,192,160,170,22,147,13,172,151,0,0,1,1,0,.0375700960367363,.0375700960367363,.0567566920714462,.0567566920714462,56,21,1
prov_subset,ab,2022,7,vraem_prov_subset_0999,VRAEM provinces: APURIMAC / ANDAHUAYLAS + APURIMAC / CHINCHEROS + AYACUCHO / HUANTA + HUANCAVELICA / CHURCAMPA + HUANCAVELICA / TAYACAJA + JUNIN / HUANCAYO + JUNIN / CONCEPCION + JUNIN / SATIPO,8,1055,120,64,44,.1084086690611872,.15287861424639,.0699799407236246,.028917730994972,.015720450787838,.2900367777049421,4.772504365578001,bounded_vraem_province_subset,0,treat_22,drop_rounding_band,adjacent_categories,p1_mserd,535,481,54,274,261,241,33,240,21,233,240,0,3,1,1,0,.0381857887882161,.0381857887882161,.0545621839125182,.0545621839125182,82,38,1
prov_subset,ab,2022,8,vraem_prov_subset_0967,VRAEM provinces: APURIMAC / ANDAHUAYLAS + APURIMAC / CHINCHEROS + AYACUCHO / HUANTA + HUANCAVELICA / TAYACAJA + JUNIN / HUANCAYO + JUNIN / CONCEPCION + JUNIN / SATIPO,7,948,118,55,40,.1173734884669264,.1620411390007779,.0743541390655167,.0293082273193459,.0163097043308826,.3077725736706732,4.749416707787801,bounded_vraem_province_subset,0,treat_22,drop_rounding_band,adjacent_categories,p1_mserd,512,458,54,257,255,224,33,234,21,221,236,0,3,1,1,0,.0385977236395318,.0385977236395318,.0548327305809635,.0548327305809635,82,36,1
prov_subset,ab,2022,9,vraem_prov_subset_0709,VRAEM provinces: APURIMAC / ANDAHUAYLAS + AYACUCHO / HUANTA + HUANCAVELICA / TAYACAJA + JUNIN / HUANCAYO + JUNIN / SATIPO,5,757,99,42,31,.119182066615146,.1763583302354532,.0809598759733557,.0293805549965832,.0176798891348465,.33503677133606,4.745175595706518,bounded_vraem_province_subset,0,treat_22,drop_rounding_band,adjacent_categories,p1_mserd,413,366,47,219,194,189,30,177,17,189,184,0,3,1,1,0,.0382555569257312,.0382555569257312,.0582773568530313,.0582773568530313,67,32,1
prov_subset,ab,2022,10,vraem_prov_subset_0741,VRAEM provinces: APURIMAC / ANDAHUAYLAS + AYACUCHO / HUANTA + HUANCAVELICA / CHURCAMPA + HUANCAVELICA / TAYACAJA + JUNIN / HUANCAYO + JUNIN / SATIPO,6,864,100,51,35,.1102965760001868,.1623323579248153,.0746049298890045,.0295632491063311,.0161093822732307,.3085553335763997,4.734511118226544,bounded_vraem_province_subset,0,treat_22,drop_rounding_band,adjacent_categories,p1_mserd,436,389,47,236,200,206,30,183,17,203,188,0,3,1,1,0,.037101917331933,.037101917331933,.0567145665022841,.0567145665022841,67,33,1
prov_subset,ab,2023,1,vraem_prov_subset_0484,VRAEM provinces: AYACUCHO / HUANTA + HUANCAVELICA / CHURCAMPA + HUANCAVELICA / TAYACAJA + JUNIN / HUANCAYO + JUNIN / CONCEPCION,5,655,70,42,22,.0933041906411636,.1612336358726858,.0765345480217789,.0351455148315937,.011228678176948,.3112385935684235,4.438091497367724,bounded_vraem_province_subset,0,treat_23,drop_rounding_band,adjacent_categories,p1_mserd,299,270,29,163,136,143,20,127,9,150,129,0,0,1,1,0,.0426521001880067,.0426521001880067,.0672044945054684,.0672044945054684,50,20,1
prov_subset,ab,2023,2,vraem_prov_subset_0743,VRAEM provinces: APURIMAC / ANDAHUAYLAS + APURIMAC / CHINCHEROS + AYACUCHO / HUANTA + HUANCAVELICA / CHURCAMPA + HUANCAVELICA / TAYACAJA + JUNIN / HUANCAYO + JUNIN / SATIPO,7,942,138,57,41,.0597950370469569,.0991896224826363,.0476028574823334,.0371883278206286,.0058897362560697,.1924895087092028,4.341766150027312,bounded_vraem_province_subset,0,treat_23,drop_rounding_band,adjacent_categories,p1_mserd,494,447,47,251,243,221,30,226,17,215,223,0,3,1,1,0,.044997416397047,.044997416397047,.070877120221896,.070877120221896,93,45,1
prov_subset,ab,2023,3,vraem_prov_subset_0455,VRAEM provinces: APURIMAC / ANDAHUAYLAS + APURIMAC / CHINCHEROS + AYACUCHO / HUANTA + HUANCAVELICA / TAYACAJA + JUNIN / HUANCAYO + JUNIN / CONCEPCION,6,719,98,49,34,.0932555099701002,.1460896536333116,.0702687851217131,.0376162394901759,.0083653655573699,.2838139417092533,4.322291259458071,bounded_vraem_province_subset,0,treat_23,drop_rounding_band,adjacent_categories,p1_mserd,387,352,35,190,197,168,22,184,13,170,183,0,0,1,1,0,.0445331895542659,.0445331895542659,.073897766688882,.073897766688882,69,29,1
prov_subset,ab,2023,4,vraem_prov_subset_0967,VRAEM provinces: APURIMAC / ANDAHUAYLAS + APURIMAC / CHINCHEROS + AYACUCHO / HUANTA + HUANCAVELICA / TAYACAJA + JUNIN / HUANCAYO + JUNIN / CONCEPCION + JUNIN / SATIPO,7,948,140,55,40,.0678094398370277,.1039397999148322,.050884091796692,.0410843531418688,.0042088126072858,.2036707872223785,4.172532211526534,bounded_vraem_province_subset,0,treat_23,drop_rounding_band,adjacent_categories,p1_mserd,512,463,49,257,255,226,31,237,18,221,236,0,3,1,1,0,.0452500467549913,.0452500467549913,.0724680722113502,.0724680722113502,95,45,1
prov_subset,ab,2023,5,vraem_prov_subset_0231,VRAEM provinces: APURIMAC / ANDAHUAYLAS + APURIMAC / CHINCHEROS + AYACUCHO / HUANTA + HUANCAVELICA / CHURCAMPA + HUANCAVELICA / TAYACAJA + JUNIN / HUANCAYO,6,713,94,51,35,.0779807076200596,.1405732669197994,.0695456221089146,.0432476764570626,.0042663523038943,.2768801815357046,4.085694435509135,bounded_vraem_province_subset,0,treat_23,drop_rounding_band,adjacent_categories,p1_mserd,369,336,33,184,185,163,21,173,12,166,170,0,0,1,1,0,.0428877622130546,.0428877622130546,.0702666985058509,.0702666985058509,66,28,1
prov_subset,ab,2023,6,vraem_prov_subset_0487,VRAEM provinces: APURIMAC / ANDAHUAYLAS + APURIMAC / CHINCHEROS + AYACUCHO / HUANTA + HUANCAVELICA / CHURCAMPA + HUANCAVELICA / TAYACAJA + JUNIN / HUANCAYO + JUNIN / CONCEPCION,7,826,105,58,38,.0655670429721105,.1195939799114916,.059441513066907,.0442240946785375,.0030907551137869,.2360972047091962,4.047985294599499,bounded_vraem_province_subset,0,treat_23,drop_rounding_band,adjacent_categories,p1_mserd,410,375,35,207,203,185,22,190,13,184,187,0,0,1,1,0,.0454649494989091,.0454649494989091,.072813095155856,.072813095155856,73,32,1
prov_subset,ab,2023,7,vraem_prov_subset_0391,VRAEM provinces: APURIMAC / ANDAHUAYLAS + APURIMAC / CHINCHEROS + AYACUCHO / HUANTA + JUNIN / HUANCAYO + JUNIN / CONCEPCION,5,672,91,44,32,.0876595306493209,.1384325260312786,.0691102191414825,.0451699007204009,.0029789855503024,.2738860665122549,4.012284751311244,bounded_vraem_province_subset,0,treat_23,drop_rounding_band,adjacent_categories,p1_mserd,374,340,34,180,194,158,22,182,12,161,180,0,0,1,1,0,.0435122310939113,.0435122310939113,.0673116392982872,.0673116392982872,65,26,1
prov_subset,ab,2023,8,vraem_prov_subset_0935,VRAEM provinces: APURIMAC / ANDAHUAYLAS + APURIMAC / CHINCHEROS + AYACUCHO / HUANTA + HUANCAVELICA / CHURCAMPA + JUNIN / HUANCAYO + JUNIN / CONCEPCION + JUNIN / SATIPO,7,1008,129,59,42,.0596095086544175,.0975805223127468,.0488216161875285,.0456391420766643,.0018919129181533,.1932691317073403,3.994863756683575,bounded_vraem_province_subset,0,treat_23,drop_rounding_band,adjacent_categories,p1_mserd,522,474,48,264,258,233,31,241,17,224,237,0,3,1,1,0,.0398990411169283,.0398990411169283,.0618534804018957,.0618534804018957,87,42,1
prov_subset,ab,2023,9,vraem_prov_subset_0997,VRAEM provinces: APURIMAC / ANDAHUAYLAS + AYACUCHO / HUANTA + HUANCAVELICA / CHURCAMPA + HUANCAVELICA / TAYACAJA + JUNIN / HUANCAYO + JUNIN / CONCEPCION + JUNIN / SATIPO,7,977,91,58,38,.0934467735995896,.1397150919927816,.0700086843689819,.0459685152812682,.0025005920245449,.2769295919610184,3.982747828355312,bounded_vraem_province_subset,0,treat_23,drop_rounding_band,adjacent_categories,p1_mserd,477,432,45,259,218,230,29,202,16,221,205,0,3,1,1,0,.033281053702997,.033281053702997,.0538846086348512,.0538846086348512,57,34,1
prov_subset,ab,2023,10,vraem_prov_subset_0903,VRAEM provinces: APURIMAC / ANDAHUAYLAS + APURIMAC / CHINCHEROS + AYACUCHO / HUANTA + JUNIN / HUANCAYO + JUNIN / CONCEPCION + JUNIN / SATIPO,6,901,124,50,38,.0679179486936292,.1085050531686025,.0544205100827064,.0461710224677546,.001842813386199,.215167292951006,3.975343967178236,bounded_vraem_province_subset,0,treat_23,drop_rounding_band,adjacent_categories,p1_mserd,499,451,48,247,252,216,31,235,17,212,233,0,3,1,1,0,.0400790442619132,.0400790442619132,.0622311569004246,.0622311569004246,84,40,1
prov_subset,bc,2007,1,vraem_prov_subset_0349,VRAEM provinces: APURIMAC / ANDAHUAYLAS + AYACUCHO / HUANTA + AYACUCHO / LA MAR + CUSCO / LA CONVENCION + HUANCAVELICA / TAYACAJA + JUNIN / CONCEPCION,6,889,55,41,41,.0033330004505531,.0345344079773185,.0401713876950411,.3899672550072059,-.0442000651139575,.1132688810685945,.7390441128066036,bounded_vraem_province_subset,0,treat_07,drop_rounding_band,adjacent_categories,p1_mserd,431,15,416,151,280,4,147,11,269,101,241,0,2,1,1,0,.0094400406302029,.0094400406302029,.0164700473991855,.0164700473991855,25,30,1
prov_subset,bc,2007,2,vraem_prov_subset_0364,VRAEM provinces: AYACUCHO / HUANTA + AYACUCHO / LA MAR + HUANCAVELICA / CHURCAMPA + HUANCAVELICA / TAYACAJA + JUNIN / CONCEPCION,5,799,55,38,37,.0024917558678375,.0256661390317504,.0331910120840249,.4393532452236929,-.0393870492633721,.0907193273268729,.5979709610777318,bounded_vraem_province_subset,0,treat_07,drop_rounding_band,adjacent_categories,p1_mserd,390,18,372,149,241,7,142,11,230,101,210,0,2,1,1,0,.0100320504948835,.0100320504948835,.0178480169994792,.0178480169994792,27,28,1
prov_subset,bc,2007,3,vraem_prov_subset_0618,VRAEM provinces: APURIMAC / CHINCHEROS + AYACUCHO / LA MAR + HUANCAVELICA / CHURCAMPA + HUANCAVELICA / TAYACAJA + JUNIN / SATIPO,5,756,62,31,34,.1470458860773998,.159407496954683,.2710666727373767,.5564820433507679,-.3718734190196805,.6906884129290464,.3458320467521356,bounded_vraem_province_subset,0,treat_07,drop_rounding_band,adjacent_categories,p1_mserd,358,24,334,141,217,10,131,14,203,99,188,0,2,1,1,0,.0140401128219535,.0140401128219535,.0202027093944695,.0202027093944695,34,28,1
prov_subset,bc,2007,4,vraem_prov_subset_0552,VRAEM provinces: AYACUCHO / LA MAR + HUANCAVELICA / CHURCAMPA + JUNIN / SATIPO,3,631,56,20,23,.1409186038920057,.1480637369884379,.2767317666692449,.5926192680268043,-.3943205590614237,.6904480330382996,.286272335690875,bounded_vraem_province_subset,0,treat_07,drop_rounding_band,adjacent_categories,p1_mserd,313,21,292,121,192,8,113,13,179,91,166,0,2,1,1,0,.0135650363293041,.0135650363293041,.0182649789165463,.0182649789165463,30,26,1
prov_subset,bc,2007,5,vraem_prov_subset_0554,VRAEM provinces: APURIMAC / CHINCHEROS + AYACUCHO / LA MAR + HUANCAVELICA / CHURCAMPA + JUNIN / SATIPO,4,709,53,25,29,.1365928403585537,.1425032496276416,.2794371357991497,.6100757551207727,-.4051834724817199,.6901899717370031,.2600646321649342,bounded_vraem_province_subset,0,treat_07,drop_rounding_band,adjacent_categories,p1_mserd,336,22,314,129,207,9,120,13,194,96,179,0,2,1,1,0,.0126951707120966,.0126951707120966,.0174897621795783,.0174897621795783,28,25,1
prov_subset,bc,2007,6,vraem_prov_subset_0634,VRAEM provinces: APURIMAC / CHINCHEROS + AYACUCHO / LA MAR + CUSCO / LA CONVENCION + HUANCAVELICA / CHURCAMPA + HUANCAVELICA / TAYACAJA + JUNIN / SATIPO,6,860,78,34,37,.0963789520966576,.1058517664327998,.2248796333950586,.6378520529945531,-.3349042158780858,.5466077487436855,.2215623538897059,bounded_vraem_province_subset,0,treat_07,drop_rounding_band,adjacent_categories,p1_mserd,409,27,382,165,244,10,155,17,227,112,211,0,2,1,1,0,.0143142335836077,.0143142335836077,.0199563539339942,.0199563539339942,43,35,1
prov_subset,bc,2007,7,vraem_prov_subset_0616,VRAEM provinces: AYACUCHO / LA MAR + HUANCAVELICA / CHURCAMPA + HUANCAVELICA / TAYACAJA + JUNIN / SATIPO,4,678,67,26,28,.1175229752340537,.1179629234148536,.2684002989559703,.6602966044950191,-.4080919959786317,.6440178428083388,.1931634988507143,bounded_vraem_province_subset,0,treat_07,drop_rounding_band,adjacent_categories,p1_mserd,335,23,312,133,202,9,124,14,188,95,175,0,2,1,1,0,.0150455545166713,.0150455545166713,.0216431254431112,.0216431254431112,36,31,1
prov_subset,bc,2007,8,vraem_prov_subset_0568,VRAEM provinces: AYACUCHO / LA MAR + CUSCO / LA CONVENCION + HUANCAVELICA / CHURCAMPA + JUNIN / SATIPO,4,735,68,23,26,.0894977473150439,.0949187843374096,.2302395476010437,.6801481365223476,-.3563424367774313,.5461800054522505,.1699591256887408,bounded_vraem_province_subset,0,treat_07,drop_rounding_band,adjacent_categories,p1_mserd,364,24,340,145,219,8,137,16,203,105,189,0,2,1,1,0,.0137495543843896,.0137495543843896,.0182818100951266,.0182818100951266,36,32,1
prov_subset,bc,2007,9,vraem_prov_subset_0562,VRAEM provinces: APURIMAC / CHINCHEROS + CUSCO / LA CONVENCION + HUANCAVELICA / CHURCAMPA + JUNIN / SATIPO,4,518,66,21,24,.0817811258654556,.0873604433848022,.2406649792044431,.7166078146600305,-.3843342481959872,.5590551349655917,.131766152105333,bounded_vraem_province_subset,0,treat_07,drop_rounding_band,adjacent_categories,p1_mserd,254,23,231,125,129,8,117,15,114,93,113,0,0,1,1,0,.0162334433432047,.0162334433432047,.0207223310171696,.0207223310171696,35,31,1
prov_subset,bc,2007,10,vraem_prov_subset_0619,VRAEM provinces: APURIMAC / ANDAHUAYLAS + APURIMAC / CHINCHEROS + AYACUCHO / LA MAR + HUANCAVELICA / CHURCAMPA + HUANCAVELICA / TAYACAJA + JUNIN / SATIPO,6,849,64,39,44,.0651217886977113,.0837075532560221,.2386081768537872,.7257264335213932,-.3839558797941645,.5513709863062088,.123071827878852,bounded_vraem_province_subset,0,treat_07,drop_rounding_band,adjacent_categories,p1_mserd,412,24,388,166,246,10,156,14,232,112,211,0,2,1,1,0,.0124083726444998,.0124083726444998,.0182373179517429,.0182373179517429,34,30,1
prov_subset,bc,2008,1,vraem_prov_subset_0476,VRAEM provinces: AYACUCHO / HUANTA + AYACUCHO / LA MAR + CUSCO / LA CONVENCION + HUANCAVELICA / TAYACAJA + JUNIN / HUANCAYO + JUNIN / CONCEPCION,6,947,55,46,44,.1827897227617688,.2370183885997862,.1570929385769202,.1313554939021074,-.0708781132365401,.5449148904361125,2.276411416705093,bounded_vraem_province_subset,0,treat_08,drop_rounding_band,adjacent_categories,p1_mserd,446,50,396,168,278,14,154,36,242,110,243,0,2,1,1,0,.0089447103278575,.0089447103278575,.0143106629462125,.0143106629462125,26,29,1
prov_subset,bc,2008,2,vraem_prov_subset_0349,VRAEM provinces: APURIMAC / ANDAHUAYLAS + AYACUCHO / HUANTA + AYACUCHO / LA MAR + CUSCO / LA CONVENCION + HUANCAVELICA / TAYACAJA + JUNIN / CONCEPCION,6,889,52,41,41,.2323616207658719,.2938957318016344,.1950021637963429,.1317745514541303,-.088301486146578,.6760929497498469,2.271473617570639,bounded_vraem_province_subset,0,treat_08,drop_rounding_band,adjacent_categories,p1_mserd,431,45,386,151,280,10,141,35,245,101,241,0,2,1,1,0,.0086328086223052,.0086328086223052,.0144737226640675,.0144737226640675,23,29,1
prov_subset,bc,2008,3,vraem_prov_subset_0477,VRAEM provinces: APURIMAC / ANDAHUAYLAS + AYACUCHO / HUANTA + AYACUCHO / LA MAR + CUSCO / LA CONVENCION + HUANCAVELICA / TAYACAJA + JUNIN / HUANCAYO + JUNIN / CONCEPCION,7,1040,66,54,54,.1442563336679713,.1972884402278,.1338724009809956,.1405610087995552,-.0650966442188559,.4596735246744558,2.171806725131501,bounded_vraem_province_subset,0,treat_08,drop_rounding_band,adjacent_categories,p1_mserd,500,55,445,193,307,15,178,40,267,121,262,0,2,1,1,0,.009026905771557,.009026905771557,.0146427408154149,.0146427408154149,29,37,1
prov_subset,bc,2008,4,vraem_prov_subset_0461,VRAEM provinces: APURIMAC / ANDAHUAYLAS + AYACUCHO / HUANTA + AYACUCHO / LA MAR + HUANCAVELICA / TAYACAJA + JUNIN / HUANCAYO + JUNIN / CONCEPCION,6,936,53,51,51,.1809732066932807,.2475142272932069,.1693371690504802,.1438330099856452,-.0843805252897049,.5794089798761187,2.136464815518298,bounded_vraem_province_subset,0,treat_08,drop_rounding_band,adjacent_categories,p1_mserd,449,52,397,169,280,15,154,37,243,109,240,0,2,1,1,0,.0088578253949703,.0088578253949703,.0149996589859824,.0149996589859824,23,30,1
prov_subset,bc,2008,5,vraem_prov_subset_0351,VRAEM provinces: APURIMAC / ANDAHUAYLAS + APURIMAC / CHINCHEROS + AYACUCHO / HUANTA + AYACUCHO / LA MAR + CUSCO / LA CONVENCION + HUANCAVELICA / TAYACAJA + JUNIN / CONCEPCION,7,967,56,46,47,.2148274217069493,.2582136690125649,.1890004266806883,.1718740623262169,-.1122203603442872,.6286476983694169,1.866521033066977,bounded_vraem_province_subset,0,treat_08,drop_rounding_band,adjacent_categories,p1_mserd,454,48,406,159,295,11,148,37,258,105,253,0,2,1,1,0,.0092533556057835,.0092533556057835,.0154239628267451,.0154239628267451,25,31,1
prov_subset,bc,2008,6,vraem_prov_subset_0271,VRAEM provinces: APURIMAC / ANDAHUAYLAS + APURIMAC / CHINCHEROS + AYACUCHO / HUANTA + AYACUCHO / LA MAR + JUNIN / CONCEPCION,5,816,81,37,39,.2103652955234485,.2263486562866921,.1718878955086445,.1878926519569461,-.1105454282886352,.5632427408620194,1.734064520650541,bounded_vraem_province_subset,0,treat_08,drop_rounding_band,adjacent_categories,p1_mserd,381,38,343,123,258,9,114,29,229,87,223,0,2,1,1,0,.0146020774958219,.0146020774958219,.0261279229731397,.0261279229731397,34,47,1
prov_subset,bc,2008,7,vraem_prov_subset_0279,VRAEM provinces: APURIMAC / ANDAHUAYLAS + APURIMAC / CHINCHEROS + AYACUCHO / HUANTA + CUSCO / LA CONVENCION + JUNIN / CONCEPCION,5,625,57,33,34,.1831008837699437,.2333831267875437,.1774555173604858,.1884547556684174,-.1144232960969307,.5811895496720181,1.729656624871426,bounded_vraem_province_subset,0,treat_08,drop_rounding_band,adjacent_categories,p1_mserd,299,34,265,119,180,7,112,27,153,87,161,0,0,1,1,0,.0114199321907013,.0114199321907013,.0180831872630761,.0180831872630761,21,36,1
prov_subset,bc,2008,8,vraem_prov_subset_0287,VRAEM provinces: APURIMAC / ANDAHUAYLAS + APURIMAC / CHINCHEROS + AYACUCHO / HUANTA + AYACUCHO / LA MAR + CUSCO / LA CONVENCION + JUNIN / CONCEPCION,6,920,85,40,42,.1688845259563797,.1941303908503622,.1493494250594308,.1936557343665475,-.098589103377886,.4868498850786104,1.689584620580263,bounded_vraem_province_subset,0,treat_08,drop_rounding_band,adjacent_categories,p1_mserd,432,41,391,147,285,9,138,32,253,102,245,0,2,1,1,0,.0133987112269198,.0133987112269198,.0237457768113882,.0237457768113882,38,47,1
prov_subset,bc,2008,9,vraem_prov_subset_0277,VRAEM provinces: APURIMAC / ANDAHUAYLAS + AYACUCHO / HUANTA + CUSCO / LA CONVENCION + JUNIN / CONCEPCION,4,547,53,28,28,.1892366958490813,.2341478141093401,.1831726321134336,.201147057387445,-.1248639477863946,.5931595760050749,1.634026303967324,bounded_vraem_province_subset,0,treat_08,drop_rounding_band,adjacent_categories,p1_mserd,276,31,245,111,165,6,105,25,140,83,149,0,0,1,1,0,.0109829700927255,.0109829700927255,.0156934543787205,.0156934543787205,20,33,1
prov_subset,bc,2008,10,vraem_prov_subset_0462,VRAEM provinces: APURIMAC / CHINCHEROS + AYACUCHO / HUANTA + AYACUCHO / LA MAR + HUANCAVELICA / TAYACAJA + JUNIN / HUANCAYO + JUNIN / CONCEPCION,6,921,52,48,47,.2116647818786778,.2657855533386143,.2085348898851272,.2024729640634153,-.1429353203562609,.6745064270334895,1.624446035973004,bounded_vraem_province_subset,0,treat_08,drop_rounding_band,adjacent_categories,p1_mserd,418,50,368,152,266,15,137,35,231,102,232,0,2,1,1,0,.0091144782719279,.0091144782719279,.0151151221832509,.0151151221832509,22,30,1
prov_subset,bc,2009,1,vraem_prov_subset_0279,VRAEM provinces: APURIMAC / ANDAHUAYLAS + APURIMAC / CHINCHEROS + AYACUCHO / HUANTA + CUSCO / LA CONVENCION + JUNIN / CONCEPCION,5,625,55,33,34,.2387271508207424,.2992102645241781,.1901109920941445,.1155171693935011,-.073400433045524,.6718209620938802,2.477071369869211,bounded_vraem_province_subset,0,treat_09,drop_rounding_band,adjacent_categories,p1_mserd,299,71,228,119,180,21,98,50,130,87,161,0,0,1,1,0,.0106829183614176,.0106829183614176,.0190751858413338,.0190751858413338,21,34,1
prov_subset,bc,2009,2,vraem_prov_subset_0343,VRAEM provinces: APURIMAC / ANDAHUAYLAS + APURIMAC / CHINCHEROS + AYACUCHO / HUANTA + CUSCO / LA CONVENCION + HUANCAVELICA / TAYACAJA + JUNIN / CONCEPCION,6,672,51,39,39,.237133035515546,.3067127224505016,.2116282554808294,.1472539638380922,-.1080710364029653,.7214964813039685,2.1004690077771,bounded_vraem_province_subset,0,treat_09,drop_rounding_band,adjacent_categories,p1_mserd,321,83,238,131,190,25,106,58,132,92,170,0,0,1,1,0,.0096976957891223,.0096976957891223,.0164285181713006,.0164285181713006,20,31,1
prov_subset,bc,2009,3,vraem_prov_subset_0277,VRAEM provinces: APURIMAC / ANDAHUAYLAS + AYACUCHO / HUANTA + CUSCO / LA CONVENCION + JUNIN / CONCEPCION,4,547,54,28,28,.200380059542548,.2486797514579615,.181430884895477,.1704814942683826,-.1069182486204054,.6042777515363282,1.878704223703484,bounded_vraem_province_subset,0,treat_09,drop_rounding_band,adjacent_categories,p1_mserd,276,67,209,111,165,19,92,48,117,83,149,0,0,1,1,0,.0111981072933294,.0111981072933294,.0192865110620682,.0192865110620682,20,34,1
prov_subset,bc,2009,4,vraem_prov_subset_0407,VRAEM provinces: APURIMAC / ANDAHUAYLAS + APURIMAC / CHINCHEROS + AYACUCHO / HUANTA + CUSCO / LA CONVENCION + JUNIN / HUANCAYO + JUNIN / CONCEPCION,6,776,59,46,47,.1407284529436814,.182139033970959,.1421070413058262,.1999468205396469,-.0963856489380061,.4606637168799241,1.642762811249693,bounded_vraem_province_subset,0,treat_09,drop_rounding_band,adjacent_categories,p1_mserd,368,91,277,161,207,32,129,59,148,110,183,0,0,1,1,0,.0090426129544363,.0090426129544363,.0149670752518998,.0149670752518998,22,37,1
prov_subset,bc,2009,5,vraem_prov_subset_0341,VRAEM provinces: APURIMAC / ANDAHUAYLAS + AYACUCHO / HUANTA + CUSCO / LA CONVENCION + HUANCAVELICA / TAYACAJA + JUNIN / CONCEPCION,5,594,50,34,33,.1946744755209994,.2638591141040594,.2110392721363166,.2111956674474118,-.1497702586066684,.6774884868147872,1.563211132599578,bounded_vraem_province_subset,0,treat_09,drop_rounding_band,adjacent_categories,p1_mserd,298,79,219,123,175,23,100,56,119,88,158,0,0,1,1,0,.0100369083954552,.0100369083954552,.0169764998854352,.0169764998854352,20,30,1
prov_subset,bc,2009,6,vraem_prov_subset_0405,VRAEM provinces: APURIMAC / ANDAHUAYLAS + AYACUCHO / HUANTA + CUSCO / LA CONVENCION + JUNIN / HUANCAYO + JUNIN / CONCEPCION,5,698,56,41,41,.1234817069079307,.1709240068443893,.140055801328011,.2223135292251772,-.1035803195844092,.4454283332731878,1.489374537579348,bounded_vraem_province_subset,0,treat_09,drop_rounding_band,adjacent_categories,p1_mserd,345,87,258,153,192,30,123,57,135,106,171,0,0,1,1,0,.0090409342775626,.0090409342775626,.015156460002704,.015156460002704,21,35,1
prov_subset,bc,2009,7,vraem_prov_subset_0477,VRAEM provinces: APURIMAC / ANDAHUAYLAS + AYACUCHO / HUANTA + AYACUCHO / LA MAR + CUSCO / LA CONVENCION + HUANCAVELICA / TAYACAJA + JUNIN / HUANCAYO + JUNIN / CONCEPCION,7,1040,61,54,54,.1039465339222058,.1747537834031834,.1686745934802132,.3001830460165386,-.155842344924969,.5053499117313358,1.073380817315136,bounded_vraem_province_subset,0,treat_09,drop_rounding_band,adjacent_categories,p1_mserd,500,125,375,193,307,39,154,86,221,121,262,0,2,1,1,0,.008687595347961,.008687595347961,.015101864506674,.015101864506674,27,34,1
prov_subset,bc,2009,8,vraem_prov_subset_0412,VRAEM provinces: AYACUCHO / HUANTA + AYACUCHO / LA MAR + CUSCO / LA CONVENCION + JUNIN / HUANCAYO + JUNIN / CONCEPCION,5,900,52,40,39,.1243127829332232,.1905629250874636,.1852188910984958,.303548976948562,-.1724594307220345,.5535852808969617,1.058537532675512,bounded_vraem_province_subset,0,treat_09,drop_rounding_band,adjacent_categories,p1_mserd,424,101,323,156,268,30,126,71,197,108,235,0,2,1,1,0,.0086928193097982,.0086928193097982,.014454870893622,.014454870893622,23,29,1
prov_subset,bc,2009,9,vraem_prov_subset_0479,VRAEM provinces: APURIMAC / ANDAHUAYLAS + APURIMAC / CHINCHEROS + AYACUCHO / HUANTA + AYACUCHO / LA MAR + CUSCO / LA CONVENCION + HUANCAVELICA / TAYACAJA + JUNIN / HUANCAYO + JUNIN / CONCEPCION,8,1118,64,59,60,.1025308271087876,.1649724183543397,.1700436261579773,.3319582635595331,-.1683069647158888,.4982518014245682,.9412434485202856,bounded_vraem_province_subset,0,treat_09,drop_rounding_band,adjacent_categories,p1_mserd,523,129,394,201,322,41,160,88,234,125,274,0,2,1,1,0,.0088676938362263,.0088676938362263,.0151608932647363,.0151608932647363,29,35,1
prov_subset,bc,2009,10,vraem_prov_subset_0414,VRAEM provinces: APURIMAC / CHINCHEROS + AYACUCHO / HUANTA + AYACUCHO / LA MAR + CUSCO / LA CONVENCION + JUNIN / HUANCAYO + JUNIN / CONCEPCION,6,978,55,45,45,.1266115051451571,.1810269071524971,.187629446427951,.3346396099511828,-.1867200502854743,.5487738645904686,.930859785601341,bounded_vraem_province_subset,0,treat_09,drop_rounding_band,adjacent_categories,p1_mserd,447,105,342,164,283,32,132,73,210,112,247,0,2,1,1,0,.0088567635908298,.0088567635908298,.0145207887554929,.0145207887554929,25,30,1
prov_subset,bc,2010,1,vraem_prov_subset_0377,VRAEM provinces: APURIMAC / ANDAHUAYLAS + AYACUCHO / LA MAR + CUSCO / LA CONVENCION + HUANCAVELICA / CHURCAMPA + HUANCAVELICA / TAYACAJA + JUNIN / CONCEPCION,6,759,53,41,42,.2530760061634384,.36749030994841,.3419277018656536,.2824820712836574,-.3026756710248198,1.03765629092164,1.155109642816093,bounded_vraem_province_subset,0,treat_10,drop_rounding_band,adjacent_categories,p1_mserd,373,115,258,162,211,43,119,72,139,110,187,0,2,1,1,0,.0111958684174662,.0111958684174662,.0189561884047767,.0189561884047767,27,26,1
prov_subset,bc,2010,2,vraem_prov_subset_0297,VRAEM provinces: APURIMAC / ANDAHUAYLAS + AYACUCHO / LA MAR + HUANCAVELICA / CHURCAMPA + JUNIN / CONCEPCION,4,608,50,32,34,.3154143808247324,.3765354593531874,.3638473827648219,.3007287044761626,-.3365923067350229,1.089663225441398,1.070960003234063,bounded_vraem_province_subset,0,treat_10,drop_rounding_band,adjacent_categories,p1_mserd,300,95,205,126,174,38,88,57,117,92,154,0,2,1,1,0,.0142003956935018,.0142003956935018,.0234667500548794,.0234667500548794,26,24,1
prov_subset,bc,2010,3,vraem_prov_subset_0315,VRAEM provinces: APURIMAC / ANDAHUAYLAS + APURIMAC / CHINCHEROS + AYACUCHO / LA MAR + CUSCO / LA CONVENCION + HUANCAVELICA / CHURCAMPA + JUNIN / CONCEPCION,6,790,55,40,43,.2303997021524846,.3429205339041688,.3421732647348307,.3162547864581359,-.3277267414485887,1.013567809256926,1.004372551708187,bounded_vraem_province_subset,0,treat_10,drop_rounding_band,adjacent_categories,p1_mserd,374,108,266,158,216,42,116,66,150,112,192,0,2,1,1,0,.0111988206663106,.0111988206663106,.018997540663533,.018997540663533,27,28,1
prov_subset,bc,2010,4,vraem_prov_subset_0277,VRAEM provinces: APURIMAC / ANDAHUAYLAS + AYACUCHO / HUANTA + CUSCO / LA CONVENCION + JUNIN / CONCEPCION,4,547,79,28,28,.1900197745168526,.1465407061504023,.1662975517915364,.3782118457708128,-.1793965060781933,.4724779183789978,.7765060587243953,bounded_vraem_province_subset,0,treat_10,drop_rounding_band,adjacent_categories,p1_mserd,276,86,190,111,165,23,88,63,102,83,149,0,0,1,1,0,.0162601538497839,.0162601538497839,.025147068142017,.025147068142017,33,46,1
prov_subset,bc,2010,5,vraem_prov_subset_0507,VRAEM provinces: APURIMAC / ANDAHUAYLAS + APURIMAC / CHINCHEROS + AYACUCHO / LA MAR + CUSCO / LA CONVENCION + HUANCAVELICA / CHURCAMPA + HUANCAVELICA / TAYACAJA + JUNIN / HUANCAYO + JUNIN / CONCEPCION,8,988,57,59,61,.1267828369610975,.2132569971057798,.2672974506418962,.4249711643099441,-.3106363793117093,.737150373523269,.6365271694784047,bounded_vraem_province_subset,0,treat_10,drop_rounding_band,adjacent_categories,p1_mserd,465,143,322,212,253,60,152,83,170,128,223,0,2,1,1,0,.0090647303370875,.0090647303370875,.015600962194032,.015600962194032,30,27,1
prov_subset,bc,2010,6,vraem_prov_subset_0313,VRAEM provinces: APURIMAC / ANDAHUAYLAS + AYACUCHO / LA MAR + CUSCO / LA CONVENCION + HUANCAVELICA / CHURCAMPA + JUNIN / CONCEPCION,5,712,69,35,37,.1643359952386502,.2142594692712244,.2711283009279761,.4293810713366105,-.3171422357371463,.7456611742795951,.6244969830538423,bounded_vraem_province_subset,0,treat_10,drop_rounding_band,adjacent_categories,p1_mserd,351,103,248,150,201,39,111,64,137,107,178,0,2,1,1,0,.0151428236498081,.0151428236498081,.0230014762485078,.0230014762485078,36,33,1
prov_subset,bc,2010,7,vraem_prov_subset_0427,VRAEM provinces: APURIMAC / ANDAHUAYLAS + APURIMAC / CHINCHEROS + AYACUCHO / LA MAR + HUANCAVELICA / CHURCAMPA + JUNIN / HUANCAYO + JUNIN / CONCEPCION,6,837,53,50,53,.14381551145845,.2365278494407534,.333009924755367,.4775350623210043,-.4161596095741591,.889215308455666,.5044872702205689,bounded_vraem_province_subset,0,treat_10,drop_rounding_band,adjacent_categories,p1_mserd,392,123,269,176,216,55,121,68,148,113,190,0,2,1,1,0,.009941593640267,.009941593640267,.0172148775162154,.0172148775162154,25,28,1
prov_subset,bc,2010,8,vraem_prov_subset_0057,VRAEM provinces: APURIMAC / ANDAHUAYLAS + AYACUCHO / LA MAR + CUSCO / LA CONVENCION + HUANCAVELICA / CHURCAMPA,4,599,58,26,30,.1165369241486683,.1852135344170949,.2817730629627057,.5109786820238882,-.3670515208033452,.7374785896375351,.4320624191983307,bounded_vraem_province_subset,0,treat_10,drop_rounding_band,adjacent_categories,p1_mserd,302,83,219,124,178,30,94,53,125,97,164,0,2,1,1,0,.0148790571500592,.0148790571500592,.021746757097517,.021746757097517,34,24,1
prov_subset,bc,2010,9,vraem_prov_subset_0443,VRAEM provinces: APURIMAC / ANDAHUAYLAS + APURIMAC / CHINCHEROS + AYACUCHO / LA MAR + CUSCO / LA CONVENCION + HUANCAVELICA / CHURCAMPA + JUNIN / HUANCAYO + JUNIN / CONCEPCION,7,941,65,53,56,.0676516345074717,.1439814395399185,.2656286659813056,.5877907497643011,-.3766411790448602,.6646040581246973,.2938076776120802,bounded_vraem_province_subset,0,treat_10,drop_rounding_band,adjacent_categories,p1_mserd,443,131,312,200,243,56,144,75,168,127,214,0,2,1,1,0,.010415747624503,.010415747624503,.0172492886828151,.0172492886828151,32,33,1
prov_subset,bc,2010,10,vraem_prov_subset_0489,VRAEM provinces: APURIMAC / ANDAHUAYLAS + AYACUCHO / LA MAR + HUANCAVELICA / CHURCAMPA + HUANCAVELICA / TAYACAJA + JUNIN / HUANCAYO + JUNIN / CONCEPCION,6,806,55,51,52,.1027957544302739,.1710582292244782,.3215842721668244,.5947789855524558,-.459235362217024,.8013518206659804,.2829426020071472,bounded_vraem_province_subset,0,treat_10,drop_rounding_band,adjacent_categories,p1_mserd,391,130,261,180,211,56,124,74,137,111,185,0,2,1,1,0,.0109305884047721,.0109305884047721,.0183928730470471,.0183928730470471,27,28,1
prov_subset,bc,2011,1,vraem_prov_subset_0277,VRAEM provinces: APURIMAC / ANDAHUAYLAS + AYACUCHO / HUANTA + CUSCO / LA CONVENCION + JUNIN / CONCEPCION,4,547,60,28,28,.4032357600869181,.4178919320670735,.2246667215436232,.0628780765486031,-.022446750683117,.858230614817264,3.459795882182687,bounded_vraem_province_subset,0,treat_11,drop_rounding_band,adjacent_categories,p1_mserd,276,108,168,111,165,33,78,75,90,83,149,0,0,1,1,0,.0128862919240454,.0128862919240454,.0220753804222228,.0220753804222228,24,36,1
prov_subset,bc,2011,2,vraem_prov_subset_0341,VRAEM provinces: APURIMAC / ANDAHUAYLAS + AYACUCHO / HUANTA + CUSCO / LA CONVENCION + HUANCAVELICA / TAYACAJA + JUNIN / CONCEPCION,5,594,79,34,33,.2793205632212252,.2945648538273817,.2160155355573615,.1726846442617516,-.1288178159661781,.7179475236209416,1.859481588857754,bounded_vraem_province_subset,0,treat_11,drop_rounding_band,adjacent_categories,p1_mserd,298,122,176,123,175,39,84,83,92,88,158,0,0,1,1,0,.0155972180928217,.0155972180928217,.0248965175875636,.0248965175875636,34,45,1
prov_subset,bc,2011,3,vraem_prov_subset_0297,VRAEM provinces: APURIMAC / ANDAHUAYLAS + AYACUCHO / LA MAR + HUANCAVELICA / CHURCAMPA + JUNIN / CONCEPCION,4,608,56,32,34,.4261906602295024,.4482955757677363,.3348618390568216,.1806527647150959,-.2080215685804819,1.104612720115954,1.792245875310308,bounded_vraem_province_subset,0,treat_11,drop_rounding_band,adjacent_categories,p1_mserd,300,116,184,126,174,47,79,69,105,92,154,0,2,1,1,0,.0150775601971302,.0150775601971302,.0249373058409825,.0249373058409825,29,27,1
prov_subset,bc,2011,4,vraem_prov_subset_0315,VRAEM provinces: APURIMAC / ANDAHUAYLAS + APURIMAC / CHINCHEROS + AYACUCHO / LA MAR + CUSCO / LA CONVENCION + HUANCAVELICA / CHURCAMPA + JUNIN / CONCEPCION,6,790,52,40,43,.3906061679439561,.4956700119441941,.3890695871959476,.2026676446894018,-.2668923664397292,1.258232390328117,1.62304559894452,bounded_vraem_province_subset,0,treat_11,drop_rounding_band,adjacent_categories,p1_mserd,374,132,242,158,216,52,106,80,136,112,192,0,2,1,1,0,.0103158317914045,.0103158317914045,.0182739830354276,.0182739830354276,27,25,1
prov_subset,bc,2011,5,vraem_prov_subset_0507,VRAEM provinces: APURIMAC / ANDAHUAYLAS + APURIMAC / CHINCHEROS + AYACUCHO / LA MAR + CUSCO / LA CONVENCION + HUANCAVELICA / CHURCAMPA + HUANCAVELICA / TAYACAJA + JUNIN / HUANCAYO + JUNIN / CONCEPCION,8,988,51,59,61,.2747068671789263,.3485675572588449,.2971698948797192,.2408129838323108,-.2338747339949584,.9310098485126482,1.375828509641097,bounded_vraem_province_subset,0,treat_11,drop_rounding_band,adjacent_categories,p1_mserd,465,172,293,212,253,75,137,97,156,128,223,0,2,1,1,0,.0086767155338304,.0086767155338304,.0150493526792914,.0150493526792914,28,23,1
prov_subset,bc,2011,6,vraem_prov_subset_0377,VRAEM provinces: APURIMAC / ANDAHUAYLAS + AYACUCHO / LA MAR + CUSCO / LA CONVENCION + HUANCAVELICA / CHURCAMPA + HUANCAVELICA / TAYACAJA + JUNIN / CONCEPCION,6,759,54,41,42,.3276559335321668,.4009561876729533,.3522384116582111,.2549914374727688,-.2894184131487337,1.09133078849464,1.295747596238374,bounded_vraem_province_subset,0,treat_11,drop_rounding_band,adjacent_categories,p1_mserd,373,139,234,162,211,54,108,85,126,110,187,0,2,1,1,0,.0117531351765049,.0117531351765049,.0196535082203257,.0196535082203257,28,26,1
prov_subset,bc,2011,7,vraem_prov_subset_0313,VRAEM provinces: APURIMAC / ANDAHUAYLAS + AYACUCHO / LA MAR + CUSCO / LA CONVENCION + HUANCAVELICA / CHURCAMPA + JUNIN / CONCEPCION,5,712,69,35,37,.2661451805898998,.288070442092813,.2808309109371661,.3049957817682351,-.262348029089608,.8384889132752339,1.052222491842683,bounded_vraem_province_subset,0,treat_11,drop_rounding_band,adjacent_categories,p1_mserd,351,125,226,150,201,48,102,77,124,107,178,0,2,1,1,0,.0152914876334119,.0152914876334119,.0241780704377433,.0241780704377433,36,33,1
prov_subset,bc,2011,8,vraem_prov_subset_0279,VRAEM provinces: APURIMAC / ANDAHUAYLAS + APURIMAC / CHINCHEROS + AYACUCHO / HUANTA + CUSCO / LA CONVENCION + JUNIN / CONCEPCION,5,625,72,33,34,.2625543369814594,.2740596640876407,.2859250350747202,.3378097784399016,-.2863431069371624,.8344624351124438,.9187257227514977,bounded_vraem_province_subset,0,treat_11,drop_rounding_band,adjacent_categories,p1_mserd,299,115,184,119,180,37,82,78,102,87,161,0,0,1,1,0,.0141113709484767,.0141113709484767,.0235556719547705,.0235556719547705,29,43,1
prov_subset,bc,2011,9,vraem_prov_subset_0443,VRAEM provinces: APURIMAC / ANDAHUAYLAS + APURIMAC / CHINCHEROS + AYACUCHO / LA MAR + CUSCO / LA CONVENCION + HUANCAVELICA / CHURCAMPA + JUNIN / HUANCAYO + JUNIN / CONCEPCION,7,941,60,53,56,.1941978140626419,.2711271117750546,.2918760802304193,.3529348385528912,-.3009394934252905,.8431937169753996,.8628769839439079,bounded_vraem_province_subset,0,treat_11,drop_rounding_band,adjacent_categories,p1_mserd,443,158,285,200,243,69,131,89,154,127,214,0,2,1,1,0,.0097336053645255,.0097336053645255,.0165726802949818,.0165726802949818,29,31,1
prov_subset,bc,2011,10,vraem_prov_subset_0057,VRAEM provinces: APURIMAC / ANDAHUAYLAS + AYACUCHO / LA MAR + CUSCO / LA CONVENCION + HUANCAVELICA / CHURCAMPA,4,599,57,26,30,.242510158922892,.268640421597361,.3115247233198881,.3885001087948832,-.3419368164034247,.8792176595981467,.7436313368431872,bounded_vraem_province_subset,0,treat_11,drop_rounding_band,adjacent_categories,p1_mserd,302,99,203,124,178,34,90,65,113,97,164,0,2,1,1,0,.0147680739263334,.0147680739263334,.0226482416301887,.0226482416301887,33,24,1
prov_subset,bc,2012,1,vraem_prov_subset_0277,VRAEM provinces: APURIMAC / ANDAHUAYLAS + AYACUCHO / HUANTA + CUSCO / LA CONVENCION + JUNIN / CONCEPCION,4,547,56,28,28,.4613963323270458,.4548156709390558,.2744760116626536,.0975129051756477,-.0831474265399409,.9927787684180526,2.745756695716667,bounded_vraem_province_subset,0,treat_12,drop_rounding_band,adjacent_categories,p1_mserd,276,122,154,111,165,38,73,84,81,83,149,0,0,1,1,0,.0119979598994104,.0119979598994104,.0193809254584095,.0193809254584095,22,34,1
prov_subset,bc,2012,2,vraem_prov_subset_0377,VRAEM provinces: APURIMAC / ANDAHUAYLAS + AYACUCHO / LA MAR + CUSCO / LA CONVENCION + HUANCAVELICA / CHURCAMPA + HUANCAVELICA / TAYACAJA + JUNIN / CONCEPCION,6,759,60,41,42,.4181020088069203,.4917922294389395,.3481593730799065,.1577883269639715,-.190587602677721,1.1741720615556,1.995295124943985,bounded_vraem_province_subset,0,treat_12,drop_rounding_band,adjacent_categories,p1_mserd,373,155,218,162,211,59,103,96,115,110,187,0,2,1,1,0,.0128575813972553,.0128575813972553,.0202416075265719,.0202416075265719,33,27,1
prov_subset,bc,2012,3,vraem_prov_subset_0313,VRAEM provinces: APURIMAC / ANDAHUAYLAS + AYACUCHO / LA MAR + CUSCO / LA CONVENCION + HUANCAVELICA / CHURCAMPA + JUNIN / CONCEPCION,5,712,72,35,37,.3936756461044788,.4272294245149086,.3072184319807673,.1643354259373654,-.1749076375542635,1.029366486584081,1.93387222467594,bounded_vraem_province_subset,0,treat_12,drop_rounding_band,adjacent_categories,p1_mserd,351,141,210,150,201,53,97,88,113,107,178,0,2,1,1,0,.0155203559817952,.0155203559817952,.0238658361248205,.0238658361248205,37,35,1
prov_subset,bc,2012,4,vraem_prov_subset_0315,VRAEM provinces: APURIMAC / ANDAHUAYLAS + APURIMAC / CHINCHEROS + AYACUCHO / LA MAR + CUSCO / LA CONVENCION + HUANCAVELICA / CHURCAMPA + JUNIN / CONCEPCION,6,790,55,40,43,.3788324840989117,.4705308081569766,.3810622548885641,.2169096992694675,-.2763374872922311,1.217399103606184,1.5246995162391,bounded_vraem_province_subset,0,treat_12,drop_rounding_band,adjacent_categories,p1_mserd,374,150,224,158,216,57,101,93,123,112,192,0,2,1,1,0,.0114125281886047,.0114125281886047,.0185322295626106,.0185322295626106,27,28,1
prov_subset,bc,2012,5,vraem_prov_subset_0317,VRAEM provinces: APURIMAC / ANDAHUAYLAS + AYACUCHO / HUANTA + AYACUCHO / LA MAR + CUSCO / LA CONVENCION + HUANCAVELICA / CHURCAMPA + JUNIN / CONCEPCION,6,949,99,43,45,.3220946084067864,.306542715636508,.2527662178530614,.2252246833352635,-.1888699678638974,.8019553991369135,1.470767215856318,bounded_vraem_province_subset,0,treat_12,drop_rounding_band,adjacent_categories,p1_mserd,473,203,270,186,287,65,121,138,149,124,246,0,2,1,1,0,.0139603107877565,.0139603107877565,.0234091934737148,.0234091934737148,47,52,1
prov_subset,bc,2012,6,vraem_prov_subset_0341,VRAEM provinces: APURIMAC / ANDAHUAYLAS + AYACUCHO / HUANTA + CUSCO / LA CONVENCION + HUANCAVELICA / TAYACAJA + JUNIN / CONCEPCION,5,594,61,34,33,.3675421687625124,.3588775413853353,.2988446600681121,.2297964993519137,-.2268472293202796,.9446023120909502,1.442120537998201,bounded_vraem_province_subset,0,treat_12,drop_rounding_band,adjacent_categories,p1_mserd,298,136,162,123,175,44,79,92,83,88,158,0,0,1,1,0,.0125704588701359,.0125704588701359,.0201499815183093,.0201499815183093,26,35,1
prov_subset,bc,2012,7,vraem_prov_subset_0347,VRAEM provinces: APURIMAC / ANDAHUAYLAS + APURIMAC / CHINCHEROS + AYACUCHO / LA MAR + CUSCO / LA CONVENCION + HUANCAVELICA / TAYACAJA + JUNIN / CONCEPCION,6,730,55,38,39,.3564723864194597,.4118253574108652,.347796302060095,.2363737576578057,-.2698428685831347,1.093493583404865,1.402091149529462,bounded_vraem_province_subset,0,treat_12,drop_rounding_band,adjacent_categories,p1_mserd,332,130,202,123,209,45,78,85,124,85,187,0,2,1,1,0,.0146756888853626,.0146756888853626,.0231646246552569,.0231646246552569,27,28,1
prov_subset,bc,2012,8,vraem_prov_subset_0057,VRAEM provinces: APURIMAC / ANDAHUAYLAS + AYACUCHO / LA MAR + CUSCO / LA CONVENCION + HUANCAVELICA / CHURCAMPA,4,599,57,26,30,.3299842416841283,.3689928426049676,.3133180182964842,.2389185021957058,-.2450991889636031,.9830848741735382,1.386963851998126,bounded_vraem_province_subset,0,treat_12,drop_rounding_band,adjacent_categories,p1_mserd,302,114,188,124,178,39,85,75,103,97,164,0,2,1,1,0,.0146234213673863,.0146234213673863,.0223522146454714,.0223522146454714,33,24,1
prov_subset,bc,2012,9,vraem_prov_subset_0283,VRAEM provinces: APURIMAC / ANDAHUAYLAS + APURIMAC / CHINCHEROS + AYACUCHO / LA MAR + CUSCO / LA CONVENCION + JUNIN / CONCEPCION,5,683,61,32,34,.3452192637941683,.372956446815961,.3418808001761002,.2753185837920887,-.2971176085349303,1.043030502166852,1.190054398246285,bounded_vraem_province_subset,0,treat_12,drop_rounding_band,adjacent_categories,p1_mserd,310,116,194,111,199,39,72,77,122,82,178,0,2,1,1,0,.0163400010669192,.0163400010669192,.0250512930318775,.0250512930318775,29,32,1
prov_subset,bc,2012,10,vraem_prov_subset_0309,VRAEM provinces: APURIMAC / ANDAHUAYLAS + AYACUCHO / HUANTA + CUSCO / LA CONVENCION + HUANCAVELICA / CHURCAMPA + JUNIN / CONCEPCION,5,654,92,36,37,.2952502016948294,.2886364057655895,.2671393121042536,.2799322838689149,-.2349470248135523,.8122198363447313,1.167418601702622,bounded_vraem_province_subset,0,treat_12,drop_rounding_band,adjacent_categories,p1_mserd,340,156,184,158,182,56,102,100,82,110,163,0,0,1,1,0,.0152320444251376,.0152320444251376,.0243716114723325,.0243716114723325,42,50,1
prov_subset,bc,2013,1,vraem_prov_subset_0277,VRAEM provinces: APURIMAC / ANDAHUAYLAS + AYACUCHO / HUANTA + CUSCO / LA CONVENCION + JUNIN / CONCEPCION,4,547,55,28,28,.4300117777514789,.4063428101227786,.2672592914349759,.1284087983907785,-.1174757756234681,.9301613958690254,2.311636451346045,bounded_vraem_province_subset,0,treat_13,drop_rounding_band,adjacent_categories,p1_mserd,276,125,151,111,165,38,73,87,78,83,149,0,0,1,1,0,.011804944121354,.011804944121354,.0190319516347666,.0190319516347666,21,34,1
prov_subset,bc,2013,2,vraem_prov_subset_0313,VRAEM provinces: APURIMAC / ANDAHUAYLAS + AYACUCHO / LA MAR + CUSCO / LA CONVENCION + HUANCAVELICA / CHURCAMPA + JUNIN / CONCEPCION,5,712,72,35,37,.3933763074895582,.426836803542561,.3071574932452549,.1646397415462344,-.1751808207997433,1.028854427884865,1.93108543699537,bounded_vraem_province_subset,0,treat_13,drop_rounding_band,adjacent_categories,p1_mserd,351,144,207,150,201,53,97,91,110,107,178,0,2,1,1,0,.0155263107700726,.0155263107700726,.0238753791982773,.0238753791982773,37,35,1
prov_subset,bc,2013,3,vraem_prov_subset_0377,VRAEM provinces: APURIMAC / ANDAHUAYLAS + AYACUCHO / LA MAR + CUSCO / LA CONVENCION + HUANCAVELICA / CHURCAMPA + HUANCAVELICA / TAYACAJA + JUNIN / CONCEPCION,6,759,54,41,42,.4190667771817776,.5063274031786581,.3678904768433428,.1687289917187961,-.2147246816895603,1.227379488046876,1.894199743895334,bounded_vraem_province_subset,0,treat_13,drop_rounding_band,adjacent_categories,p1_mserd,373,161,212,162,211,60,102,101,110,110,187,0,2,1,1,0,.0119858376511106,.0119858376511106,.0192268891081567,.0192268891081567,28,26,1
prov_subset,bc,2013,4,vraem_prov_subset_0507,VRAEM provinces: APURIMAC / ANDAHUAYLAS + APURIMAC / CHINCHEROS + AYACUCHO / LA MAR + CUSCO / LA CONVENCION + HUANCAVELICA / CHURCAMPA + HUANCAVELICA / TAYACAJA + JUNIN / HUANCAYO + JUNIN / CONCEPCION,8,988,54,59,61,.4253557659748614,.4798429792004899,.357508612058635,.1795357624762699,-.2208610245973366,1.180546982998316,1.801462697076183,bounded_vraem_province_subset,0,treat_13,drop_rounding_band,adjacent_categories,p1_mserd,465,199,266,212,253,81,131,118,135,128,223,0,2,1,1,0,.0089606947229862,.0089606947229862,.0153711472823964,.0153711472823964,30,24,1
prov_subset,bc,2013,5,vraem_prov_subset_0425,VRAEM provinces: APURIMAC / ANDAHUAYLAS + AYACUCHO / LA MAR + HUANCAVELICA / CHURCAMPA + JUNIN / HUANCAYO + JUNIN / CONCEPCION,5,759,56,45,47,.4266564285562293,.4694567997168512,.3572000862178359,.1887558843214311,-.2306425045447092,1.169556103978412,1.727301529697562,bounded_vraem_province_subset,0,treat_13,drop_rounding_band,adjacent_categories,p1_mserd,369,161,208,168,201,67,101,94,107,108,176,0,2,1,1,0,.0116127236021771,.0116127236021771,.0193203067169225,.0193203067169225,27,29,1
prov_subset,bc,2013,6,vraem_prov_subset_0347,VRAEM provinces: APURIMAC / ANDAHUAYLAS + APURIMAC / CHINCHEROS + AYACUCHO / LA MAR + CUSCO / LA CONVENCION + HUANCAVELICA / TAYACAJA + JUNIN / CONCEPCION,6,730,51,38,39,.3726936317346007,.4472013443272222,.3564179257652954,.209583841607737,-.2513649536172272,1.145767642271672,1.57429865341893,bounded_vraem_province_subset,0,treat_13,drop_rounding_band,adjacent_categories,p1_mserd,332,136,196,123,209,46,77,90,119,85,187,0,2,1,1,0,.0135179616343887,.0135179616343887,.0214684413086129,.0214684413086129,25,26,1
prov_subset,bc,2013,7,vraem_prov_subset_0315,VRAEM provinces: APURIMAC / ANDAHUAYLAS + APURIMAC / CHINCHEROS + AYACUCHO / LA MAR + CUSCO / LA CONVENCION + HUANCAVELICA / CHURCAMPA + JUNIN / CONCEPCION,6,790,55,40,43,.3788776415552662,.470495197146314,.3808880541139334,.2167343225165623,-.2760316710585384,1.217022065351167,1.525863501848345,bounded_vraem_province_subset,0,treat_13,drop_rounding_band,adjacent_categories,p1_mserd,374,153,221,158,216,57,101,96,120,112,192,0,2,1,1,0,.0114197006997874,.0114197006997874,.0185447481099509,.0185447481099509,27,28,1
prov_subset,bc,2013,8,vraem_prov_subset_0505,VRAEM provinces: APURIMAC / ANDAHUAYLAS + AYACUCHO / LA MAR + CUSCO / LA CONVENCION + HUANCAVELICA / CHURCAMPA + HUANCAVELICA / TAYACAJA + JUNIN / HUANCAYO + JUNIN / CONCEPCION,7,910,65,54,55,.3113495645284933,.3821819642357209,.3142923590817218,.2239819457262228,-.2338197401805837,.9981836686520256,1.478675001479359,bounded_vraem_province_subset,0,treat_13,drop_rounding_band,adjacent_categories,p1_mserd,442,190,252,204,238,77,127,113,125,124,209,0,2,1,1,0,.0110679332180102,.0110679332180102,.018099621697338,.018099621697338,32,33,1
prov_subset,bc,2013,9,vraem_prov_subset_0443,VRAEM provinces: APURIMAC / ANDAHUAYLAS + APURIMAC / CHINCHEROS + AYACUCHO / LA MAR + CUSCO / LA CONVENCION + HUANCAVELICA / CHURCAMPA + JUNIN / HUANCAYO + JUNIN / CONCEPCION,7,941,65,53,56,.3178592431585866,.3867716380187336,.3259324830465404,.2353610352180408,-.2520442901441972,1.025587566181664,1.408166307737422,bounded_vraem_province_subset,0,treat_13,drop_rounding_band,adjacent_categories,p1_mserd,443,182,261,200,243,74,126,108,135,127,214,0,2,1,1,0,.010416490139091,.010416490139091,.0170917098723572,.0170917098723572,32,33,1
prov_subset,bc,2013,10,vraem_prov_subset_0441,VRAEM provinces: APURIMAC / ANDAHUAYLAS + AYACUCHO / LA MAR + CUSCO / LA CONVENCION + HUANCAVELICA / CHURCAMPA + JUNIN / HUANCAYO + JUNIN / CONCEPCION,6,863,74,48,50,.321589726441928,.3383852756170441,.2855905209582553,.2360721251192606,-.2213618597871676,.8981324110212558,1.403897293353601,bounded_vraem_province_subset,0,treat_13,drop_rounding_band,adjacent_categories,p1_mserd,420,173,247,192,228,70,122,103,125,122,200,0,2,1,1,0,.0132973297538798,.0132973297538798,.0203593507232345,.0203593507232345,37,37,1
prov_subset,bc,2014,1,vraem_prov_subset_0277,VRAEM provinces: APURIMAC / ANDAHUAYLAS + AYACUCHO / HUANTA + CUSCO / LA CONVENCION + JUNIN / CONCEPCION,4,547,56,28,28,.4340385626127461,.4096376299860005,.2669955343354674,.124968408596925,-.1136640013445428,.9329392613165438,2.353919975926946,bounded_vraem_province_subset,0,treat_14,drop_rounding_band,adjacent_categories,p1_mserd,276,127,149,111,165,39,72,88,77,83,149,0,0,1,1,0,.0119365415468018,.0119365415468018,.0191687401263634,.0191687401263634,22,34,1
prov_subset,bc,2014,2,vraem_prov_subset_0313,VRAEM provinces: APURIMAC / ANDAHUAYLAS + AYACUCHO / LA MAR + CUSCO / LA CONVENCION + HUANCAVELICA / CHURCAMPA + JUNIN / CONCEPCION,5,712,69,35,37,.4150620175301416,.4551907172609281,.3132643453004,.1462081347154942,-.1587961171683752,1.069177551690231,2.111372488114307,bounded_vraem_province_subset,0,treat_14,drop_rounding_band,adjacent_categories,p1_mserd,351,148,203,150,201,54,96,94,107,107,178,0,2,1,1,0,.014979404799346,.014979404799346,.0228601059040163,.0228601059040163,36,33,1
prov_subset,bc,2014,3,vraem_prov_subset_0345,VRAEM provinces: APURIMAC / ANDAHUAYLAS + AYACUCHO / LA MAR + CUSCO / LA CONVENCION + HUANCAVELICA / TAYACAJA + JUNIN / CONCEPCION,5,652,50,33,33,.4281074590885851,.4908148235195787,.3471474464620116,.1574056055003326,-.1895816688710105,1.171211315910168,1.998975132350103,bounded_vraem_province_subset,0,treat_14,drop_rounding_band,adjacent_categories,p1_mserd,309,131,178,115,194,43,72,88,106,81,173,0,2,1,1,0,.0144663523652723,.0144663523652723,.0233142194766725,.0233142194766725,25,25,1
prov_subset,bc,2014,4,vraem_prov_subset_0507,VRAEM provinces: APURIMAC / ANDAHUAYLAS + APURIMAC / CHINCHEROS + AYACUCHO / LA MAR + CUSCO / LA CONVENCION + HUANCAVELICA / CHURCAMPA + HUANCAVELICA / TAYACAJA + JUNIN / HUANCAYO + JUNIN / CONCEPCION,8,988,51,59,61,.4439025404691506,.4910784537063226,.3657014450728378,.1793238543462518,-.2256832077306921,1.207840115143337,1.803218716309879,bounded_vraem_province_subset,0,treat_14,drop_rounding_band,adjacent_categories,p1_mserd,465,204,261,212,253,82,130,122,131,128,223,0,2,1,1,0,.008712636648893,.008712636648893,.0150757999539523,.0150757999539523,28,23,1
prov_subset,bc,2014,5,vraem_prov_subset_0377,VRAEM provinces: APURIMAC / ANDAHUAYLAS + AYACUCHO / LA MAR + CUSCO / LA CONVENCION + HUANCAVELICA / CHURCAMPA + HUANCAVELICA / TAYACAJA + JUNIN / CONCEPCION,6,759,54,41,42,.4125116433887743,.5078915105646983,.3813042388733301,.1828651314511332,-.2394510647794862,1.255234085908883,1.774183928085238,bounded_vraem_province_subset,0,treat_14,drop_rounding_band,adjacent_categories,p1_mserd,373,165,208,162,211,61,101,104,107,110,187,0,2,1,1,0,.0114631631801014,.0114631631801014,.018695740769524,.018695740769524,28,26,1
prov_subset,bc,2014,6,vraem_prov_subset_0425,VRAEM provinces: APURIMAC / ANDAHUAYLAS + AYACUCHO / LA MAR + HUANCAVELICA / CHURCAMPA + JUNIN / HUANCAYO + JUNIN / CONCEPCION,5,759,56,45,47,.426552680412232,.4689334565050713,.3570184862204515,.1890242598928773,-.2308099183020229,1.168676831312166,1.725206276739103,bounded_vraem_province_subset,0,treat_14,drop_rounding_band,adjacent_categories,p1_mserd,369,165,204,168,201,67,101,98,103,108,176,0,2,1,1,0,.011625886631463,.011625886631463,.0193324216189157,.0193324216189157,27,29,1
prov_subset,bc,2014,7,vraem_prov_subset_0505,VRAEM provinces: APURIMAC / ANDAHUAYLAS + AYACUCHO / LA MAR + CUSCO / LA CONVENCION + HUANCAVELICA / CHURCAMPA + HUANCAVELICA / TAYACAJA + JUNIN / HUANCAYO + JUNIN / CONCEPCION,7,910,63,54,55,.3324104011813196,.4082890608083127,.3225813359315994,.2056228799902468,-.2239587397024385,1.040536861319064,1.601979727531263,bounded_vraem_province_subset,0,treat_14,drop_rounding_band,adjacent_categories,p1_mserd,442,195,247,204,238,78,126,117,121,124,209,0,2,1,1,0,.0105895789376818,.0105895789376818,.0175223881821932,.0175223881821932,32,31,1
prov_subset,bc,2014,8,vraem_prov_subset_0347,VRAEM provinces: APURIMAC / ANDAHUAYLAS + APURIMAC / CHINCHEROS + AYACUCHO / LA MAR + CUSCO / LA CONVENCION + HUANCAVELICA / TAYACAJA + JUNIN / CONCEPCION,6,730,50,38,39,.370330045398365,.4465163568326449,.3612098696546771,.216395840140349,-.2614419785509294,1.154474692216219,1.528113204307812,bounded_vraem_province_subset,0,treat_14,drop_rounding_band,adjacent_categories,p1_mserd,332,140,192,123,209,47,76,93,116,85,187,0,2,1,1,0,.0131032966843708,.0131032966843708,.0205513495427005,.0205513495427005,25,25,1
prov_subset,bc,2014,9,vraem_prov_subset_0443,VRAEM provinces: APURIMAC / ANDAHUAYLAS + APURIMAC / CHINCHEROS + AYACUCHO / LA MAR + CUSCO / LA CONVENCION + HUANCAVELICA / CHURCAMPA + JUNIN / HUANCAYO + JUNIN / CONCEPCION,7,941,63,53,56,.3340514757566443,.3998797714069939,.331157716737701,.22723170893648,-.249177426601417,1.048936969415405,1.458106047536308,bounded_vraem_province_subset,0,treat_14,drop_rounding_band,adjacent_categories,p1_mserd,443,187,256,200,243,75,125,112,131,127,214,0,2,1,1,0,.0101798305358201,.0101798305358201,.0167713515152315,.0167713515152315,31,32,1
prov_subset,bc,2014,10,vraem_prov_subset_0315,VRAEM provinces: APURIMAC / ANDAHUAYLAS + APURIMAC / CHINCHEROS + AYACUCHO / LA MAR + CUSCO / LA CONVENCION + HUANCAVELICA / CHURCAMPA + JUNIN / CONCEPCION,6,790,53,40,43,.3787870582898999,.4737051453767197,.3952667397329349,.2307441204379857,-.3010034287863996,1.248413719539839,1.436268583534787,bounded_vraem_province_subset,0,treat_14,drop_rounding_band,adjacent_categories,p1_mserd,374,157,217,158,216,58,100,99,117,112,192,0,2,1,1,0,.0109427846041132,.0109427846041132,.01784802954242,.01784802954242,27,26,1
prov_subset,bc,2015,1,vraem_prov_subset_0277,VRAEM provinces: APURIMAC / ANDAHUAYLAS + AYACUCHO / HUANTA + CUSCO / LA CONVENCION + JUNIN / CONCEPCION,4,547,55,28,28,.4283188660438273,.4047166813488485,.2677961650692787,.1307155173176236,-.1201541573848809,.9295875200825779,2.283986347014551,bounded_vraem_province_subset,0,treat_15,drop_rounding_band,adjacent_categories,p1_mserd,276,128,148,111,165,39,72,89,76,83,149,0,0,1,1,0,.0117565239593748,.0117565239593748,.0186659262067384,.0186659262067384,21,34,1
prov_subset,bc,2015,2,vraem_prov_subset_0313,VRAEM provinces: APURIMAC / ANDAHUAYLAS + AYACUCHO / LA MAR + CUSCO / LA CONVENCION + HUANCAVELICA / CHURCAMPA + JUNIN / CONCEPCION,5,712,69,35,37,.4150620175301416,.4551907172609281,.3132643453004,.1462081347154942,-.1587961171683752,1.069177551690231,2.111372488114307,bounded_vraem_province_subset,0,treat_15,drop_rounding_band,adjacent_categories,p1_mserd,351,148,203,150,201,54,96,94,107,107,178,0,2,1,1,0,.014979404799346,.014979404799346,.0228601059040163,.0228601059040163,36,33,1
prov_subset,bc,2015,3,vraem_prov_subset_0345,VRAEM provinces: APURIMAC / ANDAHUAYLAS + AYACUCHO / LA MAR + CUSCO / LA CONVENCION + HUANCAVELICA / TAYACAJA + JUNIN / CONCEPCION,5,652,50,33,33,.4281074590885851,.4908148235195787,.3471474464620116,.1574056055003326,-.1895816688710105,1.171211315910168,1.998975132350103,bounded_vraem_province_subset,0,treat_15,drop_rounding_band,adjacent_categories,p1_mserd,309,131,178,115,194,43,72,88,106,81,173,0,2,1,1,0,.0144663523652723,.0144663523652723,.0233142194766725,.0233142194766725,25,25,1
prov_subset,bc,2015,4,vraem_prov_subset_0507,VRAEM provinces: APURIMAC / ANDAHUAYLAS + APURIMAC / CHINCHEROS + AYACUCHO / LA MAR + CUSCO / LA CONVENCION + HUANCAVELICA / CHURCAMPA + HUANCAVELICA / TAYACAJA + JUNIN / HUANCAYO + JUNIN / CONCEPCION,8,988,52,59,61,.4424877087459801,.4901703052133837,.3651040173057022,.1794178125561138,-.2254204193166812,1.205761029743448,1.80243981692541,bounded_vraem_province_subset,0,treat_15,drop_rounding_band,adjacent_categories,p1_mserd,465,205,260,212,253,82,130,123,130,128,223,0,2,1,1,0,.0087296314636765,.0087296314636765,.0150926939452787,.0150926939452787,29,23,1
prov_subset,bc,2015,5,vraem_prov_subset_0377,VRAEM provinces: APURIMAC / ANDAHUAYLAS + AYACUCHO / LA MAR + CUSCO / LA CONVENCION + HUANCAVELICA / CHURCAMPA + HUANCAVELICA / TAYACAJA + JUNIN / CONCEPCION,6,759,54,41,42,.4125116433887743,.5078915105646983,.3813042388733301,.1828651314511332,-.2394510647794862,1.255234085908883,1.774183928085238,bounded_vraem_province_subset,0,treat_15,drop_rounding_band,adjacent_categories,p1_mserd,373,165,208,162,211,61,101,104,107,110,187,0,2,1,1,0,.0114631631801014,.0114631631801014,.018695740769524,.018695740769524,28,26,1
prov_subset,bc,2015,6,vraem_prov_subset_0425,VRAEM provinces: APURIMAC / ANDAHUAYLAS + AYACUCHO / LA MAR + HUANCAVELICA / CHURCAMPA + JUNIN / HUANCAYO + JUNIN / CONCEPCION,5,759,56,45,47,.426552680412232,.4689334565050713,.3570184862204515,.1890242598928773,-.2308099183020229,1.168676831312166,1.725206276739103,bounded_vraem_province_subset,0,treat_15,drop_rounding_band,adjacent_categories,p1_mserd,369,165,204,168,201,67,101,98,103,108,176,0,2,1,1,0,.011625886631463,.011625886631463,.0193324216189157,.0193324216189157,27,29,1
prov_subset,bc,2015,7,vraem_prov_subset_0505,VRAEM provinces: APURIMAC / ANDAHUAYLAS + AYACUCHO / LA MAR + CUSCO / LA CONVENCION + HUANCAVELICA / CHURCAMPA + HUANCAVELICA / TAYACAJA + JUNIN / HUANCAYO + JUNIN / CONCEPCION,7,910,63,54,55,.3324104011813196,.4082890608083127,.3225813359315994,.2056228799902468,-.2239587397024385,1.040536861319064,1.601979727531263,bounded_vraem_province_subset,0,treat_15,drop_rounding_band,adjacent_categories,p1_mserd,442,195,247,204,238,78,126,117,121,124,209,0,2,1,1,0,.0105895789376818,.0105895789376818,.0175223881821932,.0175223881821932,32,31,1
prov_subset,bc,2015,8,vraem_prov_subset_0347,VRAEM provinces: APURIMAC / ANDAHUAYLAS + APURIMAC / CHINCHEROS + AYACUCHO / LA MAR + CUSCO / LA CONVENCION + HUANCAVELICA / TAYACAJA + JUNIN / CONCEPCION,6,730,50,38,39,.370473994475857,.4467980754089023,.3610438000802076,.2158949654742752,-.2608347695897839,1.154430920407588,1.531449936711573,bounded_vraem_province_subset,0,treat_15,drop_rounding_band,adjacent_categories,p1_mserd,332,141,191,123,209,47,76,94,115,85,187,0,2,1,1,0,.0131161210572468,.0131161210572468,.020580500906357,.020580500906357,25,25,1
prov_subset,bc,2015,9,vraem_prov_subset_0443,VRAEM provinces: APURIMAC / ANDAHUAYLAS + APURIMAC / CHINCHEROS + AYACUCHO / LA MAR + CUSCO / LA CONVENCION + HUANCAVELICA / CHURCAMPA + JUNIN / HUANCAYO + JUNIN / CONCEPCION,7,941,63,53,56,.3331753733900683,.3991911639031751,.3308194384483727,.2275577754297358,-.2492030208414004,1.047585348647751,1.456061769009076,bounded_vraem_province_subset,0,treat_15,drop_rounding_band,adjacent_categories,p1_mserd,443,188,255,200,243,75,125,113,130,127,214,0,2,1,1,0,.0101950258402734,.0101950258402734,.0167910760734553,.0167910760734553,31,32,1
prov_subset,bc,2015,10,vraem_prov_subset_0315,VRAEM provinces: APURIMAC / ANDAHUAYLAS + APURIMAC / CHINCHEROS + AYACUCHO / LA MAR + CUSCO / LA CONVENCION + HUANCAVELICA / CHURCAMPA + JUNIN / CONCEPCION,6,790,53,40,43,.3782137713504159,.4730249311099712,.3944992839806617,.2305079477593973,-.3001794574189646,1.246229319638907,1.437724334939864,bounded_vraem_province_subset,0,treat_15,drop_rounding_band,adjacent_categories,p1_mserd,374,158,216,158,216,58,100,100,116,112,192,0,2,1,1,0,.0109717255629512,.0109717255629512,.0178905815273211,.0178905815273211,27,26,1
prov_subset,bc,2016,1,vraem_prov_subset_0425,VRAEM provinces: APURIMAC / ANDAHUAYLAS + AYACUCHO / LA MAR + HUANCAVELICA / CHURCAMPA + JUNIN / HUANCAYO + JUNIN / CONCEPCION,5,759,54,45,47,.6297910571887185,.7156181484787663,.3364933528804654,.03344557719011,.056103295795927,1.375133001161605,4.522824258446089,bounded_vraem_province_subset,0,treat_16,drop_rounding_band,adjacent_categories,p1_mserd,369,167,202,168,201,67,101,100,101,108,176,0,2,1,1,0,.0109590986004728,.0109590986004728,.0192764857588862,.0192764857588862,26,28,1
prov_subset,bc,2016,2,vraem_prov_subset_0505,VRAEM provinces: APURIMAC / ANDAHUAYLAS + AYACUCHO / LA MAR + CUSCO / LA CONVENCION + HUANCAVELICA / CHURCAMPA + HUANCAVELICA / TAYACAJA + JUNIN / HUANCAYO + JUNIN / CONCEPCION,7,910,60,54,55,.5331456842627652,.6316709681490373,.336465272577772,.0604669283173179,-.0277888481518479,1.291130784449923,3.524531054745769,bounded_vraem_province_subset,0,treat_16,drop_rounding_band,adjacent_categories,p1_mserd,442,197,245,204,238,78,126,119,119,124,209,0,2,1,1,0,.0099989799155118,.0099989799155118,.017439530413868,.017439530413868,30,30,1
prov_subset,bc,2016,3,vraem_prov_subset_0441,VRAEM provinces: APURIMAC / ANDAHUAYLAS + AYACUCHO / LA MAR + CUSCO / LA CONVENCION + HUANCAVELICA / CHURCAMPA + JUNIN / HUANCAYO + JUNIN / CONCEPCION,6,863,70,48,50,.4565675530833312,.5065426750380038,.29579700731551,.0868106028677868,-.0732088060351266,1.086294156111134,2.932543935993507,bounded_vraem_province_subset,0,treat_16,drop_rounding_band,adjacent_categories,p1_mserd,420,180,240,192,228,71,121,109,119,122,200,0,2,1,1,0,.0125464234335683,.0125464234335683,.0198555686189009,.0198555686189009,34,36,1
prov_subset,bc,2016,4,vraem_prov_subset_0443,VRAEM provinces: APURIMAC / ANDAHUAYLAS + APURIMAC / CHINCHEROS + AYACUCHO / LA MAR + CUSCO / LA CONVENCION + HUANCAVELICA / CHURCAMPA + JUNIN / HUANCAYO + JUNIN / CONCEPCION,7,941,60,53,56,.4975965306896222,.5780914599194673,.3412367966783396,.09024505596383,-.0907203717698953,1.24690329160883,2.869996680705555,bounded_vraem_province_subset,0,treat_16,drop_rounding_band,adjacent_categories,p1_mserd,443,193,250,200,243,75,125,118,125,127,214,0,2,1,1,0,.0097694117875968,.0097694117875968,.0166462410235741,.0166462410235741,29,31,1
prov_subset,bc,2016,5,vraem_prov_subset_0409,VRAEM provinces: APURIMAC / ANDAHUAYLAS + AYACUCHO / LA MAR + CUSCO / LA CONVENCION + JUNIN / HUANCAYO + JUNIN / CONCEPCION,5,756,66,40,41,.4500396375002471,.4715530022187916,.2823963594500005,.0949536412601463,-.0819336916684367,1.02503969610602,2.788321459058666,bounded_vraem_province_subset,0,treat_16,drop_rounding_band,adjacent_categories,p1_mserd,356,146,210,145,211,53,92,93,118,98,186,0,2,1,1,0,.0147390616520538,.0147390616520538,.0232294850126525,.0232294850126525,30,36,1
prov_subset,bc,2016,6,vraem_prov_subset_0457,VRAEM provinces: APURIMAC / ANDAHUAYLAS + AYACUCHO / LA MAR + HUANCAVELICA / TAYACAJA + JUNIN / HUANCAYO + JUNIN / CONCEPCION,5,699,58,43,43,.4939271011697046,.5257666518894417,.3148853886328907,.0949771505417694,-.091397369088922,1.142930672867805,2.787924798964472,bounded_vraem_province_subset,0,treat_16,drop_rounding_band,adjacent_categories,p1_mserd,327,150,177,133,194,56,77,94,100,87,171,0,2,1,1,0,.0152586851651656,.0152586851651656,.025274636249729,.025274636249729,26,32,1
prov_subset,bc,2016,7,vraem_prov_subset_0433,VRAEM provinces: APURIMAC / ANDAHUAYLAS + CUSCO / LA CONVENCION + HUANCAVELICA / CHURCAMPA + JUNIN / HUANCAYO + JUNIN / CONCEPCION,5,568,61,41,42,.4298873366408257,.4942488159343116,.301007284714072,.100593546810682,-.0957146211894634,1.084212253058086,2.696107861985139,bounded_vraem_province_subset,0,treat_16,drop_rounding_band,adjacent_categories,p1_mserd,287,128,159,164,123,62,102,66,57,108,111,0,0,1,1,0,.0139209981335897,.0139209981335897,.0215065500354984,.0215065500354984,29,32,1
prov_subset,bc,2016,8,vraem_prov_subset_0497,VRAEM provinces: APURIMAC / ANDAHUAYLAS + CUSCO / LA CONVENCION + HUANCAVELICA / CHURCAMPA + HUANCAVELICA / TAYACAJA + JUNIN / HUANCAYO + JUNIN / CONCEPCION,6,615,56,47,47,.4399985204273167,.5401770056983631,.3323284648787492,.1040707442972428,-.1111748165014694,1.191528827898196,2.642026099141543,bounded_vraem_province_subset,0,treat_16,drop_rounding_band,adjacent_categories,p1_mserd,309,145,164,176,133,69,107,76,57,111,121,0,0,1,1,0,.0114855158006435,.0114855158006435,.0183824890628371,.0183824890628371,25,31,1
prov_subset,bc,2016,9,vraem_prov_subset_0440,VRAEM provinces: AYACUCHO / LA MAR + CUSCO / LA CONVENCION + HUANCAVELICA / CHURCAMPA + JUNIN / HUANCAYO + JUNIN / CONCEPCION,5,770,50,40,40,.5060306465868866,.5863593225170229,.3775940294470856,.120451105755444,-.1537113759766212,1.326430021010667,2.411445391971868,bounded_vraem_province_subset,0,treat_16,drop_rounding_band,adjacent_categories,p1_mserd,366,159,207,167,199,62,105,97,102,111,179,0,2,1,1,0,.0098845506141065,.0098845506141065,.0166624062929698,.0166624062929698,25,25,1
prov_subset,bc,2016,10,vraem_prov_subset_0435,VRAEM provinces: APURIMAC / ANDAHUAYLAS + APURIMAC / CHINCHEROS + CUSCO / LA CONVENCION + HUANCAVELICA / CHURCAMPA + JUNIN / HUANCAYO + JUNIN / CONCEPCION,6,646,52,46,48,.4558254490450862,.552901628028735,.358792053508067,.1233147010985447,-.1503178747862441,1.256121130843714,2.374707401860404,bounded_vraem_province_subset,0,treat_16,drop_rounding_band,adjacent_categories,p1_mserd,310,141,169,172,138,66,106,75,63,113,125,0,0,1,1,0,.0100681894107921,.0100681894107921,.0166216309502422,.0166216309502422,23,29,1
prov_subset,bc,2017,1,vraem_prov_subset_0495,VRAEM provinces: APURIMAC / ANDAHUAYLAS + APURIMAC / CHINCHEROS + AYACUCHO / HUANTA + AYACUCHO / LA MAR + HUANCAVELICA / CHURCAMPA + HUANCAVELICA / TAYACAJA + JUNIN / HUANCAYO + JUNIN / CONCEPCION,8,1121,51,64,66,1.121871316040203,1.222762807257409,.2536832145465323,1.43530671714e-06,.7255528432638585,1.71997277125096,23.23276910235381,bounded_vraem_province_subset,0,treat_17,drop_rounding_band,adjacent_categories,p1_mserd,536,280,256,224,312,90,134,190,122,132,265,0,2,1,1,0,.0075003178012305,.0075003178012305,.0148860901571693,.0148860901571693,25,26,1
prov_subset,bc,2017,2,vraem_prov_subset_0237,VRAEM provinces: APURIMAC / ANDAHUAYLAS + AYACUCHO / HUANTA + AYACUCHO / LA MAR + HUANCAVELICA / CHURCAMPA + HUANCAVELICA / TAYACAJA + JUNIN / HUANCAYO,6,930,54,50,53,1.072024980012079,1.17059536862339,.2497812772276659,2.77941746582e-06,.6810330612447506,1.66015767600203,21.96311012003633,bounded_vraem_province_subset,0,treat_17,drop_rounding_band,adjacent_categories,p1_mserd,464,232,232,190,274,72,118,160,114,121,239,0,2,1,1,0,.0082891653545964,.0082891653545964,.0160631354125844,.0160631354125844,28,26,1
prov_subset,bc,2017,3,vraem_prov_subset_0493,VRAEM provinces: APURIMAC / ANDAHUAYLAS + AYACUCHO / HUANTA + AYACUCHO / LA MAR + HUANCAVELICA / CHURCAMPA + HUANCAVELICA / TAYACAJA + JUNIN / HUANCAYO + JUNIN / CONCEPCION,7,1043,66,59,60,.9875193705292927,1.083702828444197,.234614525401503,3.85448669370e-06,.6238668084072934,1.543538848481101,21.33588297508171,bounded_vraem_province_subset,0,treat_17,drop_rounding_band,adjacent_categories,p1_mserd,513,263,250,216,297,86,130,177,120,128,253,0,2,1,1,0,.0089929563708453,.0089929563708453,.0177270309438807,.0177270309438807,31,35,1
prov_subset,bc,2017,4,vraem_prov_subset_0431,VRAEM provinces: APURIMAC / ANDAHUAYLAS + APURIMAC / CHINCHEROS + AYACUCHO / HUANTA + AYACUCHO / LA MAR + HUANCAVELICA / CHURCAMPA + JUNIN / HUANCAYO + JUNIN / CONCEPCION,7,1074,63,58,61,.9659337290871391,1.059984548374562,.2393464589445321,9.48195193390e-06,.5908741090160845,1.52909498773304,19.6130464001804,bounded_vraem_province_subset,0,treat_17,drop_rounding_band,adjacent_categories,p1_mserd,514,263,251,212,302,83,129,180,122,130,257,0,2,1,1,0,.0088389184470503,.0088389184470503,.0166019067146099,.0166019067146099,30,33,1
prov_subset,bc,2017,5,vraem_prov_subset_0175,VRAEM provinces: APURIMAC / ANDAHUAYLAS + APURIMAC / CHINCHEROS + AYACUCHO / HUANTA + AYACUCHO / LA MAR + HUANCAVELICA / CHURCAMPA + JUNIN / HUANCAYO,6,961,56,49,54,1.021716051062889,1.114902804410283,.2535441486533472,.0000109619502173,.6179654045588527,1.611840204261713,19.33600863044421,bounded_vraem_province_subset,0,treat_17,drop_rounding_band,adjacent_categories,p1_mserd,465,232,233,186,279,69,117,163,116,123,243,0,2,1,1,0,.0084193915462205,.0084193915462205,.0155660269861245,.0155660269861245,28,28,1
prov_subset,bc,2017,6,vraem_prov_subset_0365,VRAEM provinces: APURIMAC / ANDAHUAYLAS + AYACUCHO / HUANTA + AYACUCHO / LA MAR + HUANCAVELICA / CHURCAMPA + HUANCAVELICA / TAYACAJA + JUNIN / CONCEPCION,6,892,60,46,47,.9678853196017856,1.066399544241006,.256595520974188,.0000323930998457,.5634815645373058,1.569317523944707,17.2719653915002,bounded_vraem_province_subset,0,treat_17,drop_rounding_band,adjacent_categories,p1_mserd,444,232,212,174,270,69,105,163,107,113,232,0,2,1,1,0,.0097828452758131,.0097828452758131,.018951284682843,.018951284682843,28,32,1
prov_subset,bc,2017,7,vraem_prov_subset_0303,VRAEM provinces: APURIMAC / ANDAHUAYLAS + APURIMAC / CHINCHEROS + AYACUCHO / HUANTA + AYACUCHO / LA MAR + HUANCAVELICA / CHURCAMPA + JUNIN / CONCEPCION,6,923,55,45,48,.9613864710800769,1.066027702548807,.2663833182613912,.0000628475236298,.5439259926742094,1.588129412423405,16.01485210768403,bounded_vraem_province_subset,0,treat_17,drop_rounding_band,adjacent_categories,p1_mserd,445,232,213,170,275,66,104,166,109,114,236,0,2,1,1,0,.0092556626842458,.0092556626842458,.0174644805100256,.0174644805100256,26,29,1
prov_subset,bc,2017,8,vraem_prov_subset_0301,VRAEM provinces: APURIMAC / ANDAHUAYLAS + AYACUCHO / HUANTA + AYACUCHO / LA MAR + HUANCAVELICA / CHURCAMPA + JUNIN / CONCEPCION,5,845,79,40,42,.7849729715442223,.8392454971780769,.209772483860683,.0000631442878596,.4280989838636285,1.250392010492525,16.00593313870499,bounded_vraem_province_subset,0,treat_17,drop_rounding_band,adjacent_categories,p1_mserd,422,215,207,162,260,62,100,153,107,110,224,0,2,1,1,0,.0131083466148545,.0131083466148545,.0228780937356233,.0228780937356233,38,41,1
prov_subset,bc,2017,9,vraem_prov_subset_0173,VRAEM provinces: APURIMAC / ANDAHUAYLAS + AYACUCHO / HUANTA + AYACUCHO / LA MAR + HUANCAVELICA / CHURCAMPA + JUNIN / HUANCAYO,5,883,66,44,48,.8445440610861737,.9329901935438216,.2408646883656141,.0001072819015645,.4609040791997544,1.405076307887889,15.0040287255303,bounded_vraem_province_subset,0,treat_17,drop_rounding_band,adjacent_categories,p1_mserd,442,215,227,178,264,65,113,150,114,119,231,0,2,1,1,0,.0098146180478235,.0098146180478235,.0183219514349251,.0183219514349251,31,35,1
prov_subset,bc,2017,10,vraem_prov_subset_0462,VRAEM provinces: APURIMAC / CHINCHEROS + AYACUCHO / HUANTA + AYACUCHO / LA MAR + HUANCAVELICA / TAYACAJA + JUNIN / HUANCAYO + JUNIN / CONCEPCION,6,921,52,48,47,.892383861050678,.9908576971753222,.2565868480494881,.000112607489133,.4879567160916743,1.49375867825897,14.91261449671917,bounded_vraem_province_subset,0,treat_17,drop_rounding_band,adjacent_categories,p1_mserd,418,221,197,152,266,63,89,158,108,102,232,0,2,1,1,0,.0090533916616014,.0090533916616014,.0170786623976165,.0170786623976165,22,30,1
prov_subset,bc,2018,1,vraem_prov_subset_0463,VRAEM provinces: APURIMAC / ANDAHUAYLAS + APURIMAC / CHINCHEROS + AYACUCHO / HUANTA + AYACUCHO / LA MAR + HUANCAVELICA / TAYACAJA + JUNIN / HUANCAYO + JUNIN / CONCEPCION,7,1014,60,56,57,1.032907547073656,1.15735908376787,.2188018823623198,1.22631181465e-07,.7285152745881536,1.586202892947586,27.97912582982007,bounded_vraem_province_subset,0,treat_18,drop_rounding_band,adjacent_categories,p1_mserd,472,269,203,177,295,76,101,193,102,113,252,0,2,1,1,0,.0090653804598235,.0090653804598235,.0181551832257298,.0181551832257298,25,35,1
prov_subset,bc,2018,2,vraem_prov_subset_0493,VRAEM provinces: APURIMAC / ANDAHUAYLAS + AYACUCHO / HUANTA + AYACUCHO / LA MAR + HUANCAVELICA / CHURCAMPA + HUANCAVELICA / TAYACAJA + JUNIN / HUANCAYO + JUNIN / CONCEPCION,7,1043,56,59,60,1.099249395726399,1.212048780290851,.2399720346770362,4.39982472237e-07,.7417122350270628,1.682385325554638,25.51049760972287,bounded_vraem_province_subset,0,treat_18,drop_rounding_band,adjacent_categories,p1_mserd,513,287,226,216,297,90,126,197,100,128,253,0,2,1,1,0,.0081385273925559,.0081385273925559,.0159956323620404,.0159956323620404,27,29,1
prov_subset,bc,2018,3,vraem_prov_subset_0237,VRAEM provinces: APURIMAC / ANDAHUAYLAS + AYACUCHO / HUANTA + AYACUCHO / LA MAR + HUANCAVELICA / CHURCAMPA + HUANCAVELICA / TAYACAJA + JUNIN / HUANCAYO,6,930,50,50,53,1.115265595508903,1.229560648401306,.2497981578615419,8.55694130992e-07,.7399652555882325,1.719156041214378,24.2282166169594,bounded_vraem_province_subset,0,treat_18,drop_rounding_band,adjacent_categories,p1_mserd,464,255,209,190,274,76,114,179,95,121,239,0,2,1,1,0,.0079565846572335,.0079565846572335,.0153439169106431,.0153439169106431,26,24,1
prov_subset,bc,2018,4,vraem_prov_subset_0431,VRAEM provinces: APURIMAC / ANDAHUAYLAS + APURIMAC / CHINCHEROS + AYACUCHO / HUANTA + AYACUCHO / LA MAR + HUANCAVELICA / CHURCAMPA + JUNIN / HUANCAYO + JUNIN / CONCEPCION,7,1074,54,58,61,1.08642081517975,1.196225429605892,.2467268879339305,1.24474500731e-06,.712649615237738,1.679801243974045,23.50677764686797,bounded_vraem_province_subset,0,treat_18,drop_rounding_band,adjacent_categories,p1_mserd,514,287,227,212,302,87,125,200,102,130,257,0,2,1,1,0,.007953173000687,.007953173000687,.0151167784237673,.0151167784237673,26,28,1
prov_subset,bc,2018,5,vraem_prov_subset_0175,VRAEM provinces: APURIMAC / ANDAHUAYLAS + APURIMAC / CHINCHEROS + AYACUCHO / HUANTA + AYACUCHO / LA MAR + HUANCAVELICA / CHURCAMPA + JUNIN / HUANCAYO,6,961,50,49,54,1.091602569227013,1.201473030414747,.2548810789733752,2.43070940569e-06,.7019152952862224,1.701030765543271,22.22045048438872,bounded_vraem_province_subset,0,treat_18,drop_rounding_band,adjacent_categories,p1_mserd,465,255,210,186,279,73,113,182,97,123,243,0,2,1,1,0,.0079101794869391,.0079101794869391,.0146983793289555,.0146983793289555,26,24,1
prov_subset,bc,2018,6,vraem_prov_subset_0429,VRAEM provinces: APURIMAC / ANDAHUAYLAS + AYACUCHO / HUANTA + AYACUCHO / LA MAR + HUANCAVELICA / CHURCAMPA + JUNIN / HUANCAYO + JUNIN / CONCEPCION,6,996,69,53,55,.9500969384095981,1.05472876949398,.2303818681115416,4.69047682317e-06,.6031886053043013,1.506268933683658,20.95969668210734,bounded_vraem_province_subset,0,treat_18,drop_rounding_band,adjacent_categories,p1_mserd,491,270,221,204,287,83,121,187,100,126,245,0,2,1,1,0,.0095951103052486,.0095951103052486,.0184289587374601,.0184289587374601,31,38,1
prov_subset,bc,2018,7,vraem_prov_subset_0301,VRAEM provinces: APURIMAC / ANDAHUAYLAS + AYACUCHO / HUANTA + AYACUCHO / LA MAR + HUANCAVELICA / CHURCAMPA + JUNIN / CONCEPCION,5,845,52,40,42,1.074027410721259,1.197618076647957,.26315893726294,5.34091480452e-06,.6818360374027593,1.713400115893155,20.71096989305406,bounded_vraem_province_subset,0,treat_18,drop_rounding_band,adjacent_categories,p1_mserd,422,238,184,162,260,65,97,173,87,110,224,0,2,1,1,0,.00923343696922,.00923343696922,.0181159015643287,.0181159015643287,25,27,1
prov_subset,bc,2018,8,vraem_prov_subset_0173,VRAEM provinces: APURIMAC / ANDAHUAYLAS + AYACUCHO / HUANTA + AYACUCHO / LA MAR + HUANCAVELICA / CHURCAMPA + JUNIN / HUANCAYO,5,883,60,44,48,.9835101131182853,1.091227776548136,.2413007090070466,6.11789681026e-06,.6182870774503453,1.564168475645928,20.4509566595346,bounded_vraem_province_subset,0,treat_18,drop_rounding_band,adjacent_categories,p1_mserd,442,238,204,178,264,69,109,169,95,119,231,0,2,1,1,0,.0091666452962998,.0091666452962998,.0172340261868419,.0172340261868419,29,31,1
prov_subset,bc,2018,9,vraem_prov_subset_0485,VRAEM provinces: APURIMAC / ANDAHUAYLAS + AYACUCHO / HUANTA + HUANCAVELICA / CHURCAMPA + HUANCAVELICA / TAYACAJA + JUNIN / HUANCAYO + JUNIN / CONCEPCION,6,748,53,52,52,1.023760531821488,1.139840568536722,.2636967080085475,.0000154240454781,.6230045179981939,1.656676619075249,18.68438484567606,bounded_vraem_province_subset,0,treat_18,drop_rounding_band,adjacent_categories,p1_mserd,380,218,162,188,192,81,107,137,55,117,172,0,0,1,1,0,.0086512151462425,.0086512151462425,.0160620993149731,.0160620993149731,23,30,1
prov_subset,bc,2018,10,vraem_prov_subset_0428,VRAEM provinces: AYACUCHO / HUANTA + AYACUCHO / LA MAR + HUANCAVELICA / CHURCAMPA + JUNIN / HUANCAYO + JUNIN / CONCEPCION,5,903,51,45,45,1.003862125249534,1.112361777285641,.2589776996527368,.000017453360137,.6047748131672456,1.619948741404036,18.44876830715443,bounded_vraem_province_subset,0,treat_18,drop_rounding_band,adjacent_categories,p1_mserd,437,246,191,179,258,74,105,172,86,115,225,0,2,1,1,0,.0084206741846289,.0084206741846289,.0154566430523757,.0154566430523757,25,26,1
prov_subset,bc,2019,1,vraem_prov_subset_0647,VRAEM provinces: APURIMAC / ANDAHUAYLAS + APURIMAC / CHINCHEROS + AYACUCHO / HUANTA + JUNIN / HUANCAYO + JUNIN / SATIPO,5,788,53,39,43,.1898873459286116,.1682569561289715,.1339665394234058,.2091295492773524,-.0943126362743691,.4308265485323122,1.57744192062878,bounded_vraem_province_subset,0,treat_19,drop_rounding_band,adjacent_categories,p1_mserd,384,277,107,157,227,94,63,183,44,112,193,0,0,1,1,0,.0080818630170085,.0080818630170085,.0131201845263027,.0131201845263027,22,31,1
prov_subset,bc,2019,2,vraem_prov_subset_0711,VRAEM provinces: APURIMAC / ANDAHUAYLAS + APURIMAC / CHINCHEROS + AYACUCHO / HUANTA + HUANCAVELICA / TAYACAJA + JUNIN / HUANCAYO + JUNIN / SATIPO,6,835,58,45,48,.1914745282464363,.1736489981908886,.1396828691681863,.2138066570960552,-.1001243946359769,.4474223910177542,1.545461782917474,bounded_vraem_province_subset,0,treat_19,drop_rounding_band,adjacent_categories,p1_mserd,406,298,108,169,237,105,64,193,44,117,202,0,0,1,1,0,.0084419772565247,.0084419772565247,.0132900994662966,.0132900994662966,24,34,1
prov_subset,bc,2019,3,vraem_prov_subset_0967,VRAEM provinces: APURIMAC / ANDAHUAYLAS + APURIMAC / CHINCHEROS + AYACUCHO / HUANTA + HUANCAVELICA / TAYACAJA + JUNIN / HUANCAYO + JUNIN / CONCEPCION + JUNIN / SATIPO,7,948,53,54,55,.178176031923776,.1554020458169576,.1285258083070706,.2266199729782545,-.0965039095487997,.4073080011827149,1.46195086301381,bounded_vraem_province_subset,0,treat_19,drop_rounding_band,adjacent_categories,p1_mserd,455,339,116,195,260,125,70,214,46,123,222,0,0,1,1,0,.007634297304501,.007634297304501,.0129514192515836,.0129514192515836,21,32,1
prov_subset,bc,2019,4,vraem_prov_subset_0645,VRAEM provinces: APURIMAC / ANDAHUAYLAS + AYACUCHO / HUANTA + JUNIN / HUANCAYO + JUNIN / SATIPO,4,710,54,34,37,.2097799493387651,.1662427361524269,.1375010445153746,.2266517438824305,-.1032543589343459,.4357398312391997,1.461750873177066,bounded_vraem_province_subset,0,treat_19,drop_rounding_band,adjacent_categories,p1_mserd,361,256,105,149,212,86,63,170,42,108,181,0,0,1,1,0,.0082397200256167,.0082397200256167,.0134738000284222,.0134738000284222,22,32,1
prov_subset,bc,2019,5,vraem_prov_subset_0709,VRAEM provinces: APURIMAC / ANDAHUAYLAS + AYACUCHO / HUANTA + HUANCAVELICA / TAYACAJA + JUNIN / HUANCAYO + JUNIN / SATIPO,5,757,58,40,42,.2147104603015733,.1703880328726067,.1416466954011729,.2290116788371897,-.1072343886428074,.4480104543880209,1.446989181700244,bounded_vraem_province_subset,0,treat_19,drop_rounding_band,adjacent_categories,p1_mserd,383,277,106,161,222,97,64,180,42,113,190,0,0,1,1,0,.0086044334263259,.0086044334263259,.0139049906295058,.0139049906295058,23,35,1
prov_subset,bc,2019,6,vraem_prov_subset_0679,VRAEM provinces: APURIMAC / ANDAHUAYLAS + APURIMAC / CHINCHEROS + AYACUCHO / HUANTA + HUANCAVELICA / CHURCAMPA + JUNIN / HUANCAYO + JUNIN / SATIPO,6,895,66,47,52,.1643403456433665,.1540932326328233,.1328105982973355,.2459478443766471,-.1062107567951709,.4143972220608175,1.346175449102007,bounded_vraem_province_subset,0,treat_19,drop_rounding_band,adjacent_categories,p1_mserd,448,331,117,204,244,131,73,200,44,131,207,0,0,1,1,0,.0084031016254201,.0084031016254201,.0132071979374819,.0132071979374819,30,36,1
prov_subset,bc,2019,7,vraem_prov_subset_0239,VRAEM provinces: APURIMAC / ANDAHUAYLAS + APURIMAC / CHINCHEROS + AYACUCHO / HUANTA + AYACUCHO / LA MAR + HUANCAVELICA / CHURCAMPA + HUANCAVELICA / TAYACAJA + JUNIN / HUANCAYO,7,1008,57,55,59,.2886582093249046,.2477924577129028,.2142194582691666,.2473857723466689,-.1720699652823446,.6676548807081502,1.338006838279448,bounded_vraem_province_subset,0,treat_19,drop_rounding_band,adjacent_categories,p1_mserd,487,349,138,198,289,122,76,227,62,125,251,0,2,1,1,0,.0084078514725896,.0084078514725896,.0136355158040046,.0136355158040046,29,28,1
prov_subset,bc,2019,8,vraem_prov_subset_0237,VRAEM provinces: APURIMAC / ANDAHUAYLAS + AYACUCHO / HUANTA + AYACUCHO / LA MAR + HUANCAVELICA / CHURCAMPA + HUANCAVELICA / TAYACAJA + JUNIN / HUANCAYO,6,930,55,50,53,.3010331236970296,.2483606019779705,.2175232806394859,.2535514591923632,-.1779771938744205,.6746983978303616,1.303628716256014,bounded_vraem_province_subset,0,treat_19,drop_rounding_band,adjacent_categories,p1_mserd,464,328,136,190,274,114,76,214,60,121,239,0,2,1,1,0,.0085155998935525,.0085155998935525,.013922931310361,.013922931310361,28,27,1
prov_subset,bc,2019,9,vraem_prov_subset_0965,VRAEM provinces: APURIMAC / ANDAHUAYLAS + AYACUCHO / HUANTA + HUANCAVELICA / TAYACAJA + JUNIN / HUANCAYO + JUNIN / CONCEPCION + JUNIN / SATIPO,6,870,55,49,49,.1957920639269314,.1525004242466392,.1353370014225133,.2598186417632127,-.1127552243171328,.4177560728104112,1.269723051024648,bounded_vraem_province_subset,0,treat_19,drop_rounding_band,adjacent_categories,p1_mserd,432,318,114,187,245,117,70,201,44,119,210,0,0,1,1,0,.0079570194473086,.0079570194473086,.0134353788312858,.0134353788312858,21,34,1
prov_subset,bc,2019,10,vraem_prov_subset_0743,VRAEM provinces: APURIMAC / ANDAHUAYLAS + APURIMAC / CHINCHEROS + AYACUCHO / HUANTA + HUANCAVELICA / CHURCAMPA + HUANCAVELICA / TAYACAJA + JUNIN / HUANCAYO + JUNIN / SATIPO,7,942,71,53,57,.1601643961569994,.1459944385804717,.1296252247102926,.2600465619303269,-.1080663333396132,.4000552105005566,1.268509079829008,bounded_vraem_province_subset,0,treat_19,drop_rounding_band,adjacent_categories,p1_mserd,470,352,118,216,254,142,74,210,44,134,216,0,0,1,1,0,.0088364630214294,.0088364630214294,.0135094263997691,.0135094263997691,33,38,1
prov_subset,bc,2020,1,vraem_prov_subset_0647,VRAEM provinces: APURIMAC / ANDAHUAYLAS + APURIMAC / CHINCHEROS + AYACUCHO / HUANTA + JUNIN / HUANCAYO + JUNIN / SATIPO,5,788,60,39,43,.1819472762542327,.1919334038850364,.1396645909846685,.1693655501951992,-.0818041643604313,.4656709721305041,1.888550068766413,bounded_vraem_province_subset,0,treat_20,drop_rounding_band,adjacent_categories,p1_mserd,384,296,88,157,227,110,47,186,41,112,193,0,0,1,1,0,.0086619934568239,.0086619934568239,.0131680272246188,.0131680272246188,24,36,1
prov_subset,bc,2020,2,vraem_prov_subset_0333,VRAEM provinces: APURIMAC / ANDAHUAYLAS + AYACUCHO / HUANTA + AYACUCHO / LA MAR + HUANCAVELICA / TAYACAJA + JUNIN / CONCEPCION,5,785,57,38,38,.5130095244136292,.5924552904366869,.432309563752633,.1705488915548544,-.2548558846906961,1.43976646556407,1.878111955455988,bounded_vraem_province_subset,0,treat_20,drop_rounding_band,adjacent_categories,p1_mserd,380,294,86,127,253,89,38,205,48,88,219,0,2,1,1,0,.0118503292167696,.0118503292167696,.0224687928202776,.0224687928202776,25,32,1
prov_subset,bc,2020,3,vraem_prov_subset_0679,VRAEM provinces: APURIMAC / ANDAHUAYLAS + APURIMAC / CHINCHEROS + AYACUCHO / HUANTA + HUANCAVELICA / CHURCAMPA + JUNIN / HUANCAYO + JUNIN / SATIPO,6,895,70,47,52,.1635867193245126,.1731208699691357,.1298478486068357,.1824466790207468,-.0813762367702717,.427617976708543,1.777580735383727,bounded_vraem_province_subset,0,treat_20,drop_rounding_band,adjacent_categories,p1_mserd,448,354,94,204,244,151,53,203,41,131,207,0,0,1,1,0,.0087386748349232,.0087386748349232,.0132255253262347,.0132255253262347,32,38,1
prov_subset,bc,2020,4,vraem_prov_subset_0581,VRAEM provinces: APURIMAC / ANDAHUAYLAS + AYACUCHO / HUANTA + HUANCAVELICA / TAYACAJA + JUNIN / SATIPO,4,606,54,27,29,.2813129142548296,.2314312743342728,.1803688607515083,.1994570649494289,-.1220851966712036,.5849477453397491,1.646345454977219,bounded_vraem_province_subset,0,treat_20,drop_rounding_band,adjacent_categories,p1_mserd,314,251,63,119,195,87,32,164,31,89,172,0,0,1,1,0,.0097583281000719,.0097583281000719,.014208868261315,.014208868261315,22,32,1
prov_subset,bc,2020,5,vraem_prov_subset_0677,VRAEM provinces: APURIMAC / ANDAHUAYLAS + AYACUCHO / HUANTA + HUANCAVELICA / CHURCAMPA + JUNIN / HUANCAYO + JUNIN / SATIPO,5,817,68,42,46,.1747428381911966,.165410933957663,.1300295412523821,.2033366225709803,-.0894422838232711,.4202641517385972,1.618245346865851,bounded_vraem_province_subset,0,treat_20,drop_rounding_band,adjacent_categories,p1_mserd,425,333,92,196,229,143,53,190,39,127,195,0,0,1,1,0,.0089656951242714,.0089656951242714,.0134438762090404,.0134438762090404,31,37,1
prov_subset,bc,2020,6,vraem_prov_subset_0645,VRAEM provinces: APURIMAC / ANDAHUAYLAS + AYACUCHO / HUANTA + JUNIN / HUANCAYO + JUNIN / SATIPO,4,710,63,34,37,.2032180522646372,.1829944084761246,.1439499866522466,.2036446949276832,-.0991423809373001,.4651311978895493,1.6160410249969,bounded_vraem_province_subset,0,treat_20,drop_rounding_band,adjacent_categories,p1_mserd,361,275,86,149,212,102,47,173,39,108,181,0,0,1,1,0,.0091104410320675,.0091104410320675,.0136321808667344,.0136321808667344,24,39,1
prov_subset,bc,2020,7,vraem_prov_subset_0751,VRAEM provinces: APURIMAC / ANDAHUAYLAS + APURIMAC / CHINCHEROS + AYACUCHO / HUANTA + AYACUCHO / LA MAR + HUANCAVELICA / CHURCAMPA + HUANCAVELICA / TAYACAJA + JUNIN / HUANCAYO + JUNIN / SATIPO,8,1237,70,60,65,.1948229157507717,.1801622081282762,.1419461453048892,.204359290046114,-.0980471244135959,.4583715406701483,1.61094304253965,bounded_vraem_province_subset,0,treat_20,drop_rounding_band,adjacent_categories,p1_mserd,603,468,135,244,359,177,67,291,68,145,293,0,2,1,1,0,.0080703639309119,.0080703639309119,.0128571554611215,.0128571554611215,36,34,1
prov_subset,bc,2020,8,vraem_prov_subset_0903,VRAEM provinces: APURIMAC / ANDAHUAYLAS + APURIMAC / CHINCHEROS + AYACUCHO / HUANTA + JUNIN / HUANCAYO + JUNIN / CONCEPCION + JUNIN / SATIPO,6,901,55,48,50,.1704543468678033,.1607409370867633,.129259219254777,.213663418999408,-.0926024773223658,.4140843514958923,1.546428820336899,bounded_vraem_province_subset,0,treat_20,drop_rounding_band,adjacent_categories,p1_mserd,433,340,93,183,250,132,51,208,42,118,213,0,0,1,1,0,.0079561739174711,.0079561739174711,.0129876982879534,.0129876982879534,21,34,1
prov_subset,bc,2020,9,vraem_prov_subset_0583,VRAEM provinces: APURIMAC / ANDAHUAYLAS + APURIMAC / CHINCHEROS + AYACUCHO / HUANTA + HUANCAVELICA / TAYACAJA + JUNIN / SATIPO,5,684,55,32,35,.2384667465465375,.2080903429332203,.1677212919497287,.2147198200518927,-.1206373487287755,.536818034595216,1.539314830680497,bounded_vraem_province_subset,0,treat_20,drop_rounding_band,adjacent_categories,p1_mserd,337,272,65,127,210,95,32,177,33,93,184,0,0,1,1,0,.0094112080231038,.0094112080231038,.0135325448508144,.0135325448508144,22,33,1
prov_subset,bc,2020,10,vraem_prov_subset_0519,VRAEM provinces: APURIMAC / ANDAHUAYLAS + APURIMAC / CHINCHEROS + AYACUCHO / HUANTA + JUNIN / SATIPO,4,637,51,26,30,.2254810835707093,.1931910373954077,.1567082341036398,.21764770899678,-.1139514575285978,.5003335323194131,1.519813562369942,bounded_vraem_province_subset,0,treat_20,drop_rounding_band,adjacent_categories,p1_mserd,315,250,65,115,200,83,32,167,33,86,175,0,0,1,1,0,.0086516707136873,.0086516707136873,.0131770712741967,.0131770712741967,20,31,1
prov_subset,bc,2021,1,vraem_prov_subset_0647,VRAEM provinces: APURIMAC / ANDAHUAYLAS + APURIMAC / CHINCHEROS + AYACUCHO / HUANTA + JUNIN / HUANCAYO + JUNIN / SATIPO,5,788,51,39,43,.1890620211200846,.2131772007138463,.1339320918499369,.1114563411432978,-.0493248756861406,.4756792771138331,2.533449233523203,bounded_vraem_province_subset,0,treat_21,drop_rounding_band,adjacent_categories,p1_mserd,384,301,83,157,227,113,44,188,39,112,193,0,0,1,1,0,.007937151264459,.007937151264459,.012715390692997,.012715390692997,21,30,1
prov_subset,bc,2021,2,vraem_prov_subset_0679,VRAEM provinces: APURIMAC / ANDAHUAYLAS + APURIMAC / CHINCHEROS + AYACUCHO / HUANTA + HUANCAVELICA / CHURCAMPA + JUNIN / HUANCAYO + JUNIN / SATIPO,6,895,60,47,52,.1795721628397304,.1988661481005136,.1333556401164817,.1358967568825008,-.0625061036630754,.4602383998641026,2.223816493266016,bounded_vraem_province_subset,0,treat_21,drop_rounding_band,adjacent_categories,p1_mserd,448,360,88,204,244,155,49,205,39,131,207,0,0,1,1,0,.0079937466480594,.0079937466480594,.0127344052559905,.0127344052559905,28,32,1
prov_subset,bc,2021,3,vraem_prov_subset_0645,VRAEM provinces: APURIMAC / ANDAHUAYLAS + AYACUCHO / HUANTA + JUNIN / HUANCAYO + JUNIN / SATIPO,4,710,54,34,37,.2046849217110658,.2054789369526303,.1389085134196209,.1390763602107173,-.0667767464958253,.4777346204010859,2.188149008847139,bounded_vraem_province_subset,0,treat_21,drop_rounding_band,adjacent_categories,p1_mserd,361,280,81,149,212,105,44,175,37,108,181,0,0,1,1,0,.008237105271573,.008237105271573,.0130262666991424,.0130262666991424,22,32,1
prov_subset,bc,2021,4,vraem_prov_subset_0711,VRAEM provinces: APURIMAC / ANDAHUAYLAS + APURIMAC / CHINCHEROS + AYACUCHO / HUANTA + HUANCAVELICA / TAYACAJA + JUNIN / HUANCAYO + JUNIN / SATIPO,6,835,61,45,48,.182998504279547,.2063581224249661,.1423701206554485,.1472124420357306,-.0726821865343348,.485398431384267,2.10090023326904,bounded_vraem_province_subset,0,treat_21,drop_rounding_band,adjacent_categories,p1_mserd,406,323,83,169,237,125,44,198,39,117,202,0,0,1,1,0,.0086815513515775,.0086815513515775,.0131042866022812,.0131042866022812,25,36,1
prov_subset,bc,2021,5,vraem_prov_subset_0743,VRAEM provinces: APURIMAC / ANDAHUAYLAS + APURIMAC / CHINCHEROS + AYACUCHO / HUANTA + HUANCAVELICA / CHURCAMPA + HUANCAVELICA / TAYACAJA + JUNIN / HUANCAYO + JUNIN / SATIPO,7,942,70,53,57,.1678758272548906,.1899505012811884,.1319775353781822,.1500757689694966,-.0687207148284095,.4486217173907863,2.071480552041148,bounded_vraem_province_subset,0,treat_21,drop_rounding_band,adjacent_categories,p1_mserd,470,382,88,216,254,167,49,215,39,134,216,0,0,1,1,0,.0086618768515785,.0086618768515785,.0131368897024611,.0131368897024611,32,38,1
prov_subset,bc,2021,6,vraem_prov_subset_0677,VRAEM provinces: APURIMAC / ANDAHUAYLAS + AYACUCHO / HUANTA + HUANCAVELICA / CHURCAMPA + JUNIN / HUANCAYO + JUNIN / SATIPO,5,817,60,42,46,.1850133757991941,.1899248244775534,.1346566899145896,.1584105842093033,-.07399743803242,.4538470869875268,1.989333509783447,bounded_vraem_province_subset,0,treat_21,drop_rounding_band,adjacent_categories,p1_mserd,425,339,86,196,229,147,49,192,37,127,195,0,0,1,1,0,.0080537941383861,.0080537941383861,.0128578935943827,.0128578935943827,28,32,1
prov_subset,bc,2021,7,vraem_prov_subset_0581,VRAEM provinces: APURIMAC / ANDAHUAYLAS + AYACUCHO / HUANTA + HUANCAVELICA / TAYACAJA + JUNIN / SATIPO,4,606,50,27,29,.2716980552910275,.2358832473920229,.1696333079417202,.1643625515182049,-.0965919267521408,.5683584215361868,1.933623581279496,bounded_vraem_province_subset,0,treat_21,drop_rounding_band,adjacent_categories,p1_mserd,314,255,59,119,195,90,29,165,30,89,172,0,0,1,1,0,.0089227937874264,.0089227937874264,.0133814198698018,.0133814198698018,20,30,1
prov_subset,bc,2021,8,vraem_prov_subset_0741,VRAEM provinces: APURIMAC / ANDAHUAYLAS + AYACUCHO / HUANTA + HUANCAVELICA / CHURCAMPA + HUANCAVELICA / TAYACAJA + JUNIN / HUANCAYO + JUNIN / SATIPO,6,864,69,48,51,.1762471472497991,.1805973474318716,.1317140190626243,.1703337140243359,-.077557386189894,.4387520810536372,1.880003816005356,bounded_vraem_province_subset,0,treat_21,drop_rounding_band,adjacent_categories,p1_mserd,447,361,86,208,239,159,49,202,37,130,204,0,0,1,1,0,.0089603880203003,.0089603880203003,.0133568113794801,.0133568113794801,32,37,1
prov_subset,bc,2021,9,vraem_prov_subset_0903,VRAEM provinces: APURIMAC / ANDAHUAYLAS + APURIMAC / CHINCHEROS + AYACUCHO / HUANTA + JUNIN / HUANCAYO + JUNIN / CONCEPCION + JUNIN / SATIPO,6,901,52,48,50,.1661324265412796,.1639171063969429,.1238769387734481,.1857604462068751,-.0788772321140886,.4067114449079745,1.750925342510451,bounded_vraem_province_subset,0,treat_21,drop_rounding_band,adjacent_categories,p1_mserd,433,348,85,183,250,138,45,210,40,118,213,0,0,1,1,0,.0075930143682686,.0075930143682686,.0127269433645677,.0127269433645677,20,32,1
prov_subset,bc,2021,10,vraem_prov_subset_0709,VRAEM provinces: APURIMAC / ANDAHUAYLAS + AYACUCHO / HUANTA + HUANCAVELICA / TAYACAJA + JUNIN / HUANCAYO + JUNIN / SATIPO,5,757,64,40,42,.1982576969144294,.1912788302023545,.146244163768022,.1908931073815441,-.0953544637321461,.4779121241368551,1.710711312238243,bounded_vraem_province_subset,0,treat_21,drop_rounding_band,adjacent_categories,p1_mserd,383,302,81,161,222,117,44,185,37,113,190,0,0,1,1,0,.0091647014657252,.0091647014657252,.0135423467339875,.0135423467339875,25,39,1
prov_subset,bc,2022,1,vraem_prov_subset_0360,VRAEM provinces: AYACUCHO / LA MAR + HUANCAVELICA / CHURCAMPA + HUANCAVELICA / TAYACAJA + JUNIN / CONCEPCION,4,562,59,30,29,.0931990759413504,.1419943226852403,.1087226030942629,.1915444157646221,-.0710980636849579,.3550867090554385,1.705698537259079,bounded_vraem_province_subset,0,treat_22,drop_rounding_band,adjacent_categories,p1_mserd,268,236,32,113,155,100,13,136,19,84,139,0,2,1,1,0,.0170029004939542,.0170029004939542,.0274830370594558,.0274830370594558,30,29,1
prov_subset,bc,2022,2,vraem_prov_subset_0840,VRAEM provinces: AYACUCHO / LA MAR + HUANCAVELICA / TAYACAJA + JUNIN / CONCEPCION + JUNIN / SATIPO,4,684,61,27,26,.1481324405644924,.168189686029061,.2006934619246721,.4020067354401838,-.2251622712759569,.561541643334079,.7023155279831887,bounded_vraem_province_subset,0,treat_22,drop_rounding_band,adjacent_categories,p1_mserd,320,273,47,112,208,94,18,179,29,78,179,0,2,1,1,0,.0156272901792167,.0156272901792167,.0193184931592648,.0193184931592648,26,35,1
prov_subset,bc,2022,3,vraem_prov_subset_0776,VRAEM provinces: AYACUCHO / LA MAR + JUNIN / CONCEPCION + JUNIN / SATIPO,3,637,59,21,21,.1473550603330316,.1627282243855989,.2003640668907237,.4166982712486612,-.2299781305161938,.5554345792873916,.6596082742676272,bounded_vraem_province_subset,0,treat_22,drop_rounding_band,adjacent_categories,p1_mserd,298,251,47,100,198,82,18,169,29,72,170,0,2,1,1,0,.0154205880698301,.0154205880698301,.0186056401121409,.0186056401121409,24,35,1
prov_subset,bc,2022,4,vraem_prov_subset_0842,VRAEM provinces: APURIMAC / CHINCHEROS + AYACUCHO / LA MAR + HUANCAVELICA / TAYACAJA + JUNIN / CONCEPCION + JUNIN / SATIPO,5,762,63,32,32,.1435373994614482,.1437518726771803,.1926959832256761,.455665317204854,-.2339253144106792,.5214290597650397,.5565211814003568,bounded_vraem_province_subset,0,treat_22,drop_rounding_band,adjacent_categories,p1_mserd,343,294,49,120,223,102,18,192,31,84,192,0,2,1,1,0,.0150357158887131,.0150357158887131,.0184680726553872,.0184680726553872,28,35,1
prov_subset,bc,2022,5,vraem_prov_subset_0872,VRAEM provinces: AYACUCHO / LA MAR + HUANCAVELICA / CHURCAMPA + HUANCAVELICA / TAYACAJA + JUNIN / CONCEPCION + JUNIN / SATIPO,5,791,69,35,35,.0887112769314358,.1079626745338249,.1565941775343719,.4905448730291343,-.1989562736222151,.4148816226898649,.4753309017134938,bounded_vraem_province_subset,0,treat_22,drop_rounding_band,adjacent_categories,p1_mserd,384,335,49,159,225,139,20,196,29,105,191,0,2,1,1,0,.0143730017023093,.0143730017023093,.0178738152082262,.0178738152082262,35,34,1
prov_subset,bc,2022,6,vraem_prov_subset_0778,VRAEM provinces: APURIMAC / CHINCHEROS + AYACUCHO / LA MAR + JUNIN / CONCEPCION + JUNIN / SATIPO,4,715,61,26,27,.1395384248966292,.1235814395648382,.1913576495464174,.5183998524075581,-.2514726617123771,.4986355408420536,.4170756583423104,bounded_vraem_province_subset,0,treat_22,drop_rounding_band,adjacent_categories,p1_mserd,321,272,49,108,213,90,18,182,31,79,183,0,2,1,1,0,.0150453422273372,.0150453422273372,.0182471084322042,.0182471084322042,26,35,1
prov_subset,bc,2022,7,vraem_prov_subset_0808,VRAEM provinces: AYACUCHO / LA MAR + HUANCAVELICA / CHURCAMPA + JUNIN / CONCEPCION + JUNIN / SATIPO,4,744,64,29,30,.0861430241834127,.0960416444314833,.1577595442857025,.542666956265048,-.2131613805859452,.4052446694489119,.3706191782587547,bounded_vraem_province_subset,0,treat_22,drop_rounding_band,adjacent_categories,p1_mserd,362,313,49,147,215,127,20,186,29,101,182,0,2,1,1,0,.0140514425118148,.0140514425118148,.0175613350753979,.0175613350753979,31,33,1
prov_subset,bc,2022,8,vraem_prov_subset_0836,VRAEM provinces: AYACUCHO / HUANTA + HUANCAVELICA / TAYACAJA + JUNIN / CONCEPCION + JUNIN / SATIPO,4,626,77,28,26,.1086666673809464,.1046037038763579,.1754769615913217,.5511012405043401,-.2393248209591509,.4485322287118667,.3553480309836694,bounded_vraem_province_subset,0,treat_22,drop_rounding_band,adjacent_categories,p1_mserd,309,267,42,120,189,103,17,164,25,85,170,0,0,1,1,0,.0145226451213713,.0145226451213713,.0198253253063641,.0198253253063641,30,47,1
prov_subset,bc,2022,9,vraem_prov_subset_0844,VRAEM provinces: AYACUCHO / HUANTA + AYACUCHO / LA MAR + HUANCAVELICA / TAYACAJA + JUNIN / CONCEPCION + JUNIN / SATIPO,5,921,94,35,34,.0981723660315548,.0989237738458288,.1793253602861784,.5811922277817387,-.2525474738297501,.4503950215214078,.3043111937682057,bounded_vraem_province_subset,0,treat_22,drop_rounding_band,adjacent_categories,p1_mserd,442,372,70,148,294,121,27,251,43,98,247,0,2,1,1,0,.0143105893211817,.0143105893211817,.0201057365707011,.0201057365707011,41,53,1
prov_subset,bc,2022,10,vraem_prov_subset_0780,VRAEM provinces: AYACUCHO / HUANTA + AYACUCHO / LA MAR + JUNIN / CONCEPCION + JUNIN / SATIPO,4,874,92,29,29,.0999439921917502,.0958582336734979,.1814404546340034,.5972787338815715,-.2597585227477222,.4514749900947179,.2791197668079592,bounded_vraem_province_subset,0,treat_22,drop_rounding_band,adjacent_categories,p1_mserd,420,350,70,136,284,109,27,241,43,93,239,0,2,1,1,0,.0143253396420209,.0143253396420209,.0198104989544814,.0198104989544814,39,53,1
prov_subset,bc,2023,1,vraem_prov_subset_0360,VRAEM provinces: AYACUCHO / LA MAR + HUANCAVELICA / CHURCAMPA + HUANCAVELICA / TAYACAJA + JUNIN / CONCEPCION,4,562,59,30,29,.0931990759413504,.1419943226852403,.1087226030942629,.1915444157646221,-.0710980636849579,.3550867090554385,1.705698537259079,bounded_vraem_province_subset,0,treat_23,drop_rounding_band,adjacent_categories,p1_mserd,268,236,32,113,155,100,13,136,19,84,139,0,2,1,1,0,.0170029004939542,.0170029004939542,.0274830370594558,.0274830370594558,30,29,1
prov_subset,bc,2023,2,vraem_prov_subset_0843,VRAEM provinces: APURIMAC / ANDAHUAYLAS + APURIMAC / CHINCHEROS + AYACUCHO / LA MAR + HUANCAVELICA / TAYACAJA + JUNIN / CONCEPCION + JUNIN / SATIPO,6,855,67,40,42,.1618751588941636,.1828423842172175,.1687173509559073,.2784889214248937,-.1478375472233651,.5135223156578002,1.174449252157779,bounded_vraem_province_subset,0,treat_23,drop_rounding_band,adjacent_categories,p1_mserd,397,343,54,145,252,122,23,221,31,95,214,0,2,1,1,0,.0142470721818734,.0142470721818734,.0192826406512699,.0192826406512699,31,36,1
prov_subset,bc,2023,3,vraem_prov_subset_0777,VRAEM provinces: APURIMAC / ANDAHUAYLAS + AYACUCHO / LA MAR + JUNIN / CONCEPCION + JUNIN / SATIPO,4,730,66,29,31,.1690951490104144,.1880750423794628,.1748499015759449,.2820895849706503,-.1546244674097624,.530774552168688,1.156995187051313,bounded_vraem_province_subset,0,treat_23,drop_rounding_band,adjacent_categories,p1_mserd,352,300,52,125,227,102,23,198,29,85,192,0,2,1,1,0,.0150094734849864,.0150094734849864,.0196090970239678,.0196090970239678,28,38,1
prov_subset,bc,2023,4,vraem_prov_subset_0779,VRAEM provinces: APURIMAC / ANDAHUAYLAS + APURIMAC / CHINCHEROS + AYACUCHO / LA MAR + JUNIN / CONCEPCION + JUNIN / SATIPO,5,808,62,34,37,.1603150670527194,.1810685229480635,.1683901900566669,.2822442860255628,-.1489701849128582,.5111072308089852,1.156251591539291,bounded_vraem_province_subset,0,treat_23,drop_rounding_band,adjacent_categories,p1_mserd,375,321,54,133,242,110,23,211,31,90,205,0,2,1,1,0,.0138320079185493,.0138320079185493,.0182867157609425,.0182867157609425,27,35,1
prov_subset,bc,2023,5,vraem_prov_subset_0845,VRAEM provinces: APURIMAC / ANDAHUAYLAS + AYACUCHO / HUANTA + AYACUCHO / LA MAR + HUANCAVELICA / TAYACAJA + JUNIN / CONCEPCION + JUNIN / SATIPO,6,1014,89,43,44,.148948789473466,.1822613401937125,.1711816737025379,.2870005714668932,-.1532485750765489,.517771255463974,1.133638487944908,bounded_vraem_province_subset,0,treat_23,drop_rounding_band,adjacent_categories,p1_mserd,496,427,69,173,323,145,28,282,41,111,267,0,2,1,1,0,.0129356580075739,.0129356580075739,.0196789195469075,.0196789195469075,40,49,1
prov_subset,bc,2023,6,vraem_prov_subset_0781,VRAEM provinces: APURIMAC / ANDAHUAYLAS + AYACUCHO / HUANTA + AYACUCHO / LA MAR + JUNIN / CONCEPCION + JUNIN / SATIPO,5,967,86,37,39,.1530202778256462,.1856273620377771,.1748335169673946,.2883547122564296,-.1570400345087887,.5282947585843429,1.127287257566491,bounded_vraem_province_subset,0,treat_23,drop_rounding_band,adjacent_categories,p1_mserd,474,405,69,161,313,133,28,272,41,106,259,0,2,1,1,0,.0128412127135923,.0128412127135923,.0191616979275417,.0191616979275417,38,48,1
prov_subset,bc,2023,7,vraem_prov_subset_0873,VRAEM provinces: APURIMAC / ANDAHUAYLAS + AYACUCHO / LA MAR + HUANCAVELICA / CHURCAMPA + HUANCAVELICA / TAYACAJA + JUNIN / CONCEPCION + JUNIN / SATIPO,6,884,73,43,45,.1109480246784094,.1433016701840697,.1363796934339238,.2933710427123002,-.1239976171690347,.4106009575371741,1.104086461572871,bounded_vraem_province_subset,0,treat_23,drop_rounding_band,adjacent_categories,p1_mserd,438,384,54,184,254,159,25,225,29,116,213,0,2,1,1,0,.0132042906558943,.0132042906558943,.01759449501738,.01759449501738,37,36,1
prov_subset,bc,2023,8,vraem_prov_subset_0844,VRAEM provinces: AYACUCHO / HUANTA + AYACUCHO / LA MAR + HUANCAVELICA / TAYACAJA + JUNIN / CONCEPCION + JUNIN / SATIPO,5,921,103,35,34,.1268963581830862,.1671569563586133,.1601164170297656,.2964986326169458,-.146665454353323,.4809793670705496,1.089876235887599,bounded_vraem_province_subset,0,treat_23,drop_rounding_band,adjacent_categories,p1_mserd,442,379,63,148,294,126,22,253,41,98,247,0,2,1,1,0,.015417695762629,.015417695762629,.0240004618861608,.0240004618861608,43,60,1
prov_subset,bc,2023,9,vraem_prov_subset_0772,VRAEM provinces: AYACUCHO / HUANTA + JUNIN / CONCEPCION + JUNIN / SATIPO,3,579,71,22,21,.1477882229043797,.1860545045867172,.1786945858548921,.2977887034916675,-.1641804479211718,.5362894570946063,1.084070658252041,bounded_vraem_province_subset,0,treat_23,drop_rounding_band,adjacent_categories,p1_mserd,287,252,35,108,179,96,12,156,23,79,161,0,0,1,1,0,.0140410220551442,.0140410220551442,.0196729774615199,.0196729774615199,26,45,1
prov_subset,bc,2023,10,vraem_prov_subset_0780,VRAEM provinces: AYACUCHO / HUANTA + AYACUCHO / LA MAR + JUNIN / CONCEPCION + JUNIN / SATIPO,4,874,99,29,29,.1315129782689262,.1695879267381901,.1639963819032638,.3010915021269159,-.1518390753870832,.4910149288634634,1.069353581256006,bounded_vraem_province_subset,0,treat_23,drop_rounding_band,adjacent_categories,p1_mserd,420,357,63,136,284,114,22,243,41,93,239,0,2,1,1,0,.0152605637629121,.0152605637629121,.0234385466444193,.0234385466444193,41,58,1
prov_subset,cd,2007,1,vraem_prov_subset_0607,VRAEM provinces: APURIMAC / ANDAHUAYLAS + APURIMAC / CHINCHEROS + AYACUCHO / HUANTA + AYACUCHO / LA MAR + CUSCO / LA CONVENCION + HUANCAVELICA / TAYACAJA + JUNIN / SATIPO,7,1083,51,36,42,.0271804172048117,.0449393922504886,.0378825948251685,.2355114539312015,-.029309129247765,.1191879137487422,1.40726197080733,bounded_vraem_province_subset,0,treat_07,drop_rounding_band,adjacent_categories,p1_mserd,296,11,285,115,181,3,112,8,173,39,121,0,0,1,1,0,.0036359988800956,.0036359988800956,.0067505585321031,.0067505585321031,26,25,1
prov_subset,cd,2007,2,vraem_prov_subset_0827,VRAEM provinces: APURIMAC / ANDAHUAYLAS + APURIMAC / CHINCHEROS + AYACUCHO / LA MAR + CUSCO / LA CONVENCION + HUANCAVELICA / CHURCAMPA + JUNIN / CONCEPCION + JUNIN / SATIPO,7,1019,80,42,45,.0180488157392893,.0256252909009136,.0269660168279198,.3419695382643674,-.0272271308883102,.0784777126901375,.9030338002001157,bounded_vraem_province_subset,0,treat_07,drop_rounding_band,adjacent_categories,p1_mserd,348,13,335,142,206,3,139,10,196,44,132,0,0,1,1,0,.003784083168736,.003784083168736,.0060847021114218,.0060847021114218,45,35,1
prov_subset,cd,2007,3,vraem_prov_subset_0883,VRAEM provinces: APURIMAC / ANDAHUAYLAS + APURIMAC / CHINCHEROS + CUSCO / LA CONVENCION + HUANCAVELICA / CHURCAMPA + HUANCAVELICA / TAYACAJA + JUNIN / CONCEPCION + JUNIN / SATIPO,7,771,71,43,44,.0213983879668544,.0310474409852434,.0335999416547487,.3554693500558812,-.0348072345407111,.0969021165111979,.8538362204604909,bounded_vraem_province_subset,0,treat_07,drop_rounding_band,adjacent_categories,p1_mserd,326,13,313,138,188,3,135,10,178,45,120,0,0,1,1,0,.0035952218920232,.0035952218920232,.0060699405638778,.0060699405638778,37,34,1
prov_subset,cd,2007,4,vraem_prov_subset_0891,VRAEM provinces: APURIMAC / ANDAHUAYLAS + APURIMAC / CHINCHEROS + AYACUCHO / LA MAR + CUSCO / LA CONVENCION + HUANCAVELICA / CHURCAMPA + HUANCAVELICA / TAYACAJA + JUNIN / CONCEPCION + JUNIN / SATIPO,8,1066,79,49,51,.0165854861692356,.0242799619707106,.0264343280780679,.3583565327830865,-.0275303690178184,.0760902929592396,.843644448133968,bounded_vraem_province_subset,0,treat_07,drop_rounding_band,adjacent_categories,p1_mserd,373,14,359,155,218,3,152,11,207,45,134,0,0,1,1,0,.0037081885424839,.0037081885424839,.0060761543050727,.0060761543050727,42,37,1
prov_subset,cd,2007,5,vraem_prov_subset_0889,VRAEM provinces: APURIMAC / ANDAHUAYLAS + AYACUCHO / LA MAR + CUSCO / LA CONVENCION + HUANCAVELICA / CHURCAMPA + HUANCAVELICA / TAYACAJA + JUNIN / CONCEPCION + JUNIN / SATIPO,7,988,77,46,46,.0165004178427787,.0233523347379059,.0266090477196695,.3801560459272681,-.0288004404555541,.0755051099313659,.7701972255936793,bounded_vraem_province_subset,0,treat_07,drop_rounding_band,adjacent_categories,p1_mserd,358,13,345,148,210,3,145,10,200,45,130,0,0,1,1,0,.0037215943701955,.0037215943701955,.0060795822250391,.0060795822250391,40,37,1
prov_subset,cd,2007,6,vraem_prov_subset_0875,VRAEM provinces: APURIMAC / ANDAHUAYLAS + APURIMAC / CHINCHEROS + AYACUCHO / LA MAR + HUANCAVELICA / CHURCAMPA + HUANCAVELICA / TAYACAJA + JUNIN / CONCEPCION + JUNIN / SATIPO,7,962,76,46,48,.0177366474373134,.0249666242264992,.0286424940535044,.3833918329144871,-.031171632545772,.0811048809987704,.7597977204818825,bounded_vraem_province_subset,0,treat_07,drop_rounding_band,adjacent_categories,p1_mserd,331,14,317,137,194,3,134,11,183,42,121,0,0,1,1,0,.0037336342185664,.0037336342185664,.0059722746916147,.0059722746916147,44,32,1
prov_subset,cd,2007,7,vraem_prov_subset_0882,VRAEM provinces: APURIMAC / CHINCHEROS + CUSCO / LA CONVENCION + HUANCAVELICA / CHURCAMPA + HUANCAVELICA / TAYACAJA + JUNIN / CONCEPCION + JUNIN / SATIPO,6,678,64,36,36,.0224626390497791,.0303466661119931,.0352307393072163,.3890348530152539,-.0387043140788703,.0993976463028566,.7419565260772685,bounded_vraem_province_subset,0,treat_07,drop_rounding_band,adjacent_categories,p1_mserd,289,13,276,126,163,3,123,10,153,44,108,0,0,1,1,0,.0037106774770687,.0037106774770687,.0059991074161699,.0059991074161699,34,30,1
prov_subset,cd,2007,8,vraem_prov_subset_0825,VRAEM provinces: APURIMAC / ANDAHUAYLAS + AYACUCHO / LA MAR + CUSCO / LA CONVENCION + HUANCAVELICA / CHURCAMPA + JUNIN / CONCEPCION + JUNIN / SATIPO,6,941,78,39,40,.0176659834782498,.0232451598358003,.0270777760198414,.3906390747612321,-.0298263059445312,.0763166256161317,.7369518110306258,bounded_vraem_province_subset,0,treat_07,drop_rounding_band,adjacent_categories,p1_mserd,333,12,321,135,198,3,132,9,189,44,127,0,0,1,1,0,.0037743803139941,.0037743803139941,.0060322266531623,.0060322266531623,43,35,1
prov_subset,cd,2007,9,vraem_prov_subset_0881,VRAEM provinces: APURIMAC / ANDAHUAYLAS + CUSCO / LA CONVENCION + HUANCAVELICA / CHURCAMPA + HUANCAVELICA / TAYACAJA + JUNIN / CONCEPCION + JUNIN / SATIPO,6,693,69,40,39,.0216598650782576,.0291118451261298,.0343172120955282,.3962619276862966,-.0381486546309277,.0963723448831873,.7196402845425431,bounded_vraem_province_subset,0,treat_07,drop_rounding_band,adjacent_categories,p1_mserd,311,12,299,131,180,3,128,9,171,45,116,0,0,1,1,0,.0035849627592917,.0035849627592917,.0060014399229305,.0060014399229305,35,34,1
prov_subset,cd,2007,10,vraem_prov_subset_0890,VRAEM provinces: APURIMAC / CHINCHEROS + AYACUCHO / LA MAR + CUSCO / LA CONVENCION + HUANCAVELICA / CHURCAMPA + HUANCAVELICA / TAYACAJA + JUNIN / CONCEPCION + JUNIN / SATIPO,7,973,77,42,43,.0179715949047639,.0229224465230351,.027138632111553,.3983103808399195,-.0302682950052909,.0761131880513611,.7134212297878305,bounded_vraem_province_subset,0,treat_07,drop_rounding_band,adjacent_categories,p1_mserd,336,14,322,143,193,3,140,11,182,44,123,0,0,1,1,0,.0037595635941647,.0037595635941647,.0059470050134354,.0059470050134354,44,33,1
prov_subset,cd,2008,1,vraem_prov_subset_0583,VRAEM provinces: APURIMAC / ANDAHUAYLAS + APURIMAC / CHINCHEROS + AYACUCHO / HUANTA + HUANCAVELICA / TAYACAJA + JUNIN / SATIPO,5,684,53,27,32,.1991179076737623,.2471485555561321,.1379988363423012,.0733018544093142,-.0233241935832153,.5176213046954794,3.207489952592069,bounded_vraem_province_subset,0,treat_08,drop_rounding_band,adjacent_categories,p1_mserd,207,18,189,80,127,6,74,12,115,34,93,0,0,1,1,0,.005029541256016,.005029541256016,.0079584333712491,.0079584333712491,31,22,1
prov_subset,cd,2008,2,vraem_prov_subset_0581,VRAEM provinces: APURIMAC / ANDAHUAYLAS + AYACUCHO / HUANTA + HUANCAVELICA / TAYACAJA + JUNIN / SATIPO,4,606,51,24,27,.1912554625278331,.2385723962000785,.1345682540583923,.0762497881531574,-.0251765352168064,.5023213276169634,3.143077934321804,bounded_vraem_province_subset,0,treat_08,drop_rounding_band,adjacent_categories,p1_mserd,192,17,175,73,119,6,67,11,108,32,89,0,0,1,1,0,.0052403701638942,.0052403701638942,.0082985992047713,.0082985992047713,30,21,1
prov_subset,cd,2008,3,vraem_prov_subset_0595,VRAEM provinces: APURIMAC / ANDAHUAYLAS + APURIMAC / CHINCHEROS + CUSCO / LA CONVENCION + HUANCAVELICA / TAYACAJA + JUNIN / SATIPO,5,551,63,26,27,.1704161220129453,.2059860547417459,.1276718824280346,.1066572256414993,-.0442462366556341,.456218346139126,2.603065616510782,bounded_vraem_province_subset,0,treat_08,drop_rounding_band,adjacent_categories,p1_mserd,203,18,185,88,115,7,81,11,104,39,86,0,0,1,1,0,.0053020586081246,.0053020586081246,.0081058801529976,.0081058801529976,36,27,1
prov_subset,cd,2008,4,vraem_prov_subset_0599,VRAEM provinces: APURIMAC / ANDAHUAYLAS + APURIMAC / CHINCHEROS + AYACUCHO / HUANTA + CUSCO / LA CONVENCION + HUANCAVELICA / TAYACAJA + JUNIN / SATIPO,6,788,64,30,35,.1698700750080387,.2057716985499629,.1289531963884327,.1105539125699357,-.0469719220626856,.4585153191626115,2.546285294516499,bounded_vraem_province_subset,0,treat_08,drop_rounding_band,adjacent_categories,p1_mserd,249,19,230,98,151,7,91,12,139,39,107,0,0,1,1,0,.0051277054762824,.0051277054762824,.0080709609364048,.0080709609364048,36,28,1
prov_subset,cd,2008,5,vraem_prov_subset_0535,VRAEM provinces: APURIMAC / ANDAHUAYLAS + APURIMAC / CHINCHEROS + AYACUCHO / HUANTA + CUSCO / LA CONVENCION + JUNIN / SATIPO,5,741,57,23,29,.1674294397632823,.2021220139039041,.1366843313093352,.1392070282294571,-.0657743527133333,.4700183805211416,2.186702838681684,bounded_vraem_province_subset,0,treat_08,drop_rounding_band,adjacent_categories,p1_mserd,224,15,209,85,139,5,80,10,129,37,102,0,0,1,1,0,.0049999274282244,.0049999274282244,.0077514066351729,.0077514066351729,33,24,1
prov_subset,cd,2008,6,vraem_prov_subset_0597,VRAEM provinces: APURIMAC / ANDAHUAYLAS + AYACUCHO / HUANTA + CUSCO / LA CONVENCION + HUANCAVELICA / TAYACAJA + JUNIN / SATIPO,5,710,60,27,30,.1677492656020355,.1968525093415457,.1364731939768901,.1491821796718379,-.0706300357083075,.464335054391399,2.080593316056952,bounded_vraem_province_subset,0,treat_08,drop_rounding_band,adjacent_categories,p1_mserd,234,18,216,91,143,7,84,11,132,37,103,0,0,1,1,0,.0049759868641383,.0049759868641383,.007613733852213,.007613733852213,34,26,1
prov_subset,cd,2008,7,vraem_prov_subset_0586,VRAEM provinces: APURIMAC / CHINCHEROS + AYACUCHO / LA MAR + HUANCAVELICA / TAYACAJA + JUNIN / SATIPO,4,649,58,22,23,.1535098942034765,.1936658384236305,.1384723881993534,.1619365279816468,-.0777350553003513,.4650667321476123,1.956048756473194,bounded_vraem_province_subset,0,treat_08,drop_rounding_band,adjacent_categories,p1_mserd,171,17,154,75,96,5,70,12,84,32,73,0,0,1,1,0,.0058154773245502,.0058154773245502,.0084045850575315,.0084045850575315,39,19,1
prov_subset,cd,2008,8,vraem_prov_subset_0590,VRAEM provinces: APURIMAC / CHINCHEROS + AYACUCHO / HUANTA + AYACUCHO / LA MAR + HUANCAVELICA / TAYACAJA + JUNIN / SATIPO,5,886,62,26,31,.1529213196754124,.1928523489629727,.1385875906604175,.164056987652164,-.0787743374356251,.4644790353615705,1.936427210579498,bounded_vraem_province_subset,0,treat_08,drop_rounding_band,adjacent_categories,p1_mserd,217,18,199,85,132,5,80,13,119,33,96,0,0,1,1,0,.0055789620120959,.0055789620120959,.0083067698584541,.0083067698584541,41,21,1
prov_subset,cd,2008,9,vraem_prov_subset_0798,VRAEM provinces: APURIMAC / CHINCHEROS + AYACUCHO / HUANTA + AYACUCHO / LA MAR + CUSCO / LA CONVENCION + JUNIN / CONCEPCION + JUNIN / SATIPO,6,1056,62,31,37,.1583323035492516,.2010668550575694,.14449824470628,.1640790027674785,-.0821445003959949,.4842782105111336,1.936225016691848,bounded_vraem_province_subset,0,treat_08,drop_rounding_band,adjacent_categories,p1_mserd,283,19,264,113,170,4,109,15,155,37,114,0,0,1,1,0,.0040663842291561,.0040663842291561,.006313543688114,.006313543688114,38,24,1
prov_subset,cd,2008,10,vraem_prov_subset_0606,VRAEM provinces: APURIMAC / CHINCHEROS + AYACUCHO / HUANTA + AYACUCHO / LA MAR + CUSCO / LA CONVENCION + HUANCAVELICA / TAYACAJA + JUNIN / SATIPO,6,990,55,29,34,.1815142014369399,.2196519585069809,.1602795494529414,.1705526045137153,-.0944901858790907,.5337941028930524,1.878079334835932,bounded_vraem_province_subset,0,treat_08,drop_rounding_band,adjacent_categories,p1_mserd,259,19,240,103,156,6,97,13,143,38,108,0,0,1,1,0,.004319680652664,.004319680652664,.0068200479743431,.0068200479743431,32,23,1
prov_subset,cd,2009,1,vraem_prov_subset_0726,VRAEM provinces: APURIMAC / CHINCHEROS + AYACUCHO / HUANTA + CUSCO / LA CONVENCION + HUANCAVELICA / TAYACAJA + JUNIN / HUANCAYO + JUNIN / SATIPO,6,846,55,41,40,.0450090968126595,.0665869911106922,.2827526119634466,.8138241069673364,-.4875979448722921,.6207719270936766,.0554581694652381,bounded_vraem_province_subset,0,treat_09,drop_rounding_band,adjacent_categories,p1_mserd,306,48,258,138,168,16,122,32,136,41,116,0,0,1,1,0,.0036415644543228,.0036415644543228,.0058834953786977,.0058834953786977,32,23,1
prov_subset,cd,2009,2,vraem_prov_subset_0722,VRAEM provinces: APURIMAC / CHINCHEROS + CUSCO / LA CONVENCION + HUANCAVELICA / TAYACAJA + JUNIN / HUANCAYO + JUNIN / SATIPO,5,609,58,37,32,.0346276568042563,.0513072948038281,.269209232662307,.8488505882178357,-.4763331055199574,.5789476951276137,.0363227175458423,bounded_vraem_province_subset,0,treat_09,drop_rounding_band,adjacent_categories,p1_mserd,260,43,217,128,132,16,112,27,105,41,95,0,0,1,1,0,.0038795697002324,.0038795697002324,.0060692218953195,.0060692218953195,35,23,1
prov_subset,cd,2009,3,vraem_prov_subset_0710,VRAEM provinces: APURIMAC / CHINCHEROS + AYACUCHO / HUANTA + HUANCAVELICA / TAYACAJA + JUNIN / HUANCAYO + JUNIN / SATIPO,5,742,51,38,37,.0313251950461228,.0474222427669564,.2891826779128791,.869741260806572,-.5193653908951331,.6142098764290459,.0268917848963309,bounded_vraem_province_subset,0,treat_09,drop_rounding_band,adjacent_categories,p1_mserd,264,46,218,120,144,14,106,32,112,39,105,0,0,1,1,0,.0037405537325633,.0037405537325633,.0061331416713858,.0061331416713858,33,18,1
prov_subset,cd,2009,4,vraem_prov_subset_0706,VRAEM provinces: APURIMAC / CHINCHEROS + HUANCAVELICA / TAYACAJA + JUNIN / HUANCAYO + JUNIN / SATIPO,4,505,53,34,29,.0285495721220037,.0340488277905644,.2801403002910422,.9032617065024428,-.5150160713981138,.5831137269792426,.0147724711378523,bounded_vraem_province_subset,0,treat_09,drop_rounding_band,adjacent_categories,p1_mserd,218,41,177,110,108,14,96,27,81,38,81,0,0,1,1,0,.0039658131735418,.0039658131735418,.0062702509484132,.0062702509484132,35,18,1
prov_subset,cd,2009,5,vraem_prov_subset_0724,VRAEM provinces: AYACUCHO / HUANTA + CUSCO / LA CONVENCION + HUANCAVELICA / TAYACAJA + JUNIN / HUANCAYO + JUNIN / SATIPO,5,768,53,38,35,.0117606155285913,.0313223841714488,.2881213259528848,.9134305421301694,-.5333850378741308,.5960298062170285,.0118184035237423,bounded_vraem_province_subset,0,treat_09,drop_rounding_band,adjacent_categories,p1_mserd,291,46,245,131,160,16,115,30,130,39,112,0,0,1,1,0,.0036942822109784,.0036942822109784,.0059328806066622,.0059328806066622,30,23,1
prov_subset,cd,2009,6,vraem_prov_subset_0712,VRAEM provinces: AYACUCHO / LA MAR + HUANCAVELICA / TAYACAJA + JUNIN / HUANCAYO + JUNIN / SATIPO,4,722,50,37,31,.0124334920507324,.0249883234526139,.3509440800850491,.9432360756316054,-.6628494341016227,.7128260810068505,.00506988835758,bounded_vraem_province_subset,0,treat_09,drop_rounding_band,adjacent_categories,p1_mserd,250,45,205,120,130,15,105,30,100,36,89,0,0,1,1,0,.0035986605462365,.0035986605462365,.0057224436412375,.0057224436412375,31,19,1
prov_subset,cd,2009,7,vraem_prov_subset_0720,VRAEM provinces: CUSCO / LA CONVENCION + HUANCAVELICA / TAYACAJA + JUNIN / HUANCAYO + JUNIN / SATIPO,4,531,56,34,27,.0054627679684284,.0196409225085232,.2786216518185997,.9438011393174623,-.5264474803689909,.5657293253860374,.00496928653148,bounded_vraem_province_subset,0,treat_09,drop_rounding_band,adjacent_categories,p1_mserd,245,41,204,121,124,16,105,25,99,39,91,0,0,1,1,0,.003905714209277,.003905714209277,.0060585918193572,.0060585918193572,33,23,1
prov_subset,cd,2010,1,vraem_prov_subset_0660,VRAEM provinces: AYACUCHO / HUANTA + CUSCO / LA CONVENCION + JUNIN / HUANCAYO + JUNIN / SATIPO,4,721,55,31,29,.0773819448576672,.1119155846624981,.2653853667980501,.6732369200177322,-.4082301762856319,.632061345610628,.1778390750330483,bounded_vraem_province_subset,0,treat_10,drop_rounding_band,adjacent_categories,p1_mserd,266,44,222,118,148,13,105,31,117,38,109,0,0,1,1,0,.0038921439742152,.0038921439742152,.0064249162400243,.0064249162400243,32,23,1
prov_subset,cd,2010,2,vraem_prov_subset_0670,VRAEM provinces: APURIMAC / CHINCHEROS + AYACUCHO / HUANTA + AYACUCHO / LA MAR + CUSCO / LA CONVENCION + JUNIN / HUANCAYO + JUNIN / SATIPO,6,1094,59,40,41,.0804970912435214,.1235234338099905,.3087540324823779,.6891044634235066,-.48162334993698,.728670217556961,.1600565440251934,bounded_vraem_province_subset,0,treat_10,drop_rounding_band,adjacent_categories,p1_mserd,328,55,273,142,186,15,127,40,146,40,126,0,0,1,1,0,.0036845495861114,.0036845495861114,.006231130200186,.006231130200186,35,24,1
prov_subset,cd,2010,3,vraem_prov_subset_0666,VRAEM provinces: APURIMAC / CHINCHEROS + AYACUCHO / LA MAR + CUSCO / LA CONVENCION + JUNIN / HUANCAYO + JUNIN / SATIPO,5,857,60,36,33,.0727373763316745,.1118829034396244,.3091322442372805,.717407555285936,-.494005161725485,.7177709686047338,.1309902112702439,bounded_vraem_province_subset,0,treat_10,drop_rounding_band,adjacent_categories,p1_mserd,282,49,233,132,150,15,117,34,116,40,106,0,0,1,1,0,.0038447005920186,.0038447005920186,.006322541976825,.006322541976825,38,22,1
prov_subset,cd,2010,4,vraem_prov_subset_0664,VRAEM provinces: AYACUCHO / LA MAR + CUSCO / LA CONVENCION + JUNIN / HUANCAYO + JUNIN / SATIPO,4,779,53,33,28,.0814547952998458,.1115449474347344,.3423138425598127,.7445334663753922,-.5593778553920127,.7824677502614815,.1061819955709022,bounded_vraem_province_subset,0,treat_10,drop_rounding_band,adjacent_categories,p1_mserd,267,45,222,125,142,14,111,31,111,38,101,0,0,1,1,0,.0035405103881683,.0035405103881683,.0057300054071962,.0057300054071962,32,21,1
prov_subset,cd,2010,5,vraem_prov_subset_0542,VRAEM provinces: APURIMAC / CHINCHEROS + AYACUCHO / HUANTA + AYACUCHO / LA MAR + CUSCO / LA CONVENCION + JUNIN / SATIPO,5,943,50,22,28,.0421955509286009,.0866955832899409,.3322885332641213,.7941661320834771,-.5645779743833765,.7379691409632583,.0680711732944274,bounded_vraem_province_subset,0,treat_10,drop_rounding_band,adjacent_categories,p1_mserd,234,39,195,90,144,13,77,26,118,36,105,0,0,1,1,0,.0043876109245846,.0043876109245846,.0077194209131306,.0077194209131306,30,20,1
prov_subset,cd,2010,6,vraem_prov_subset_0662,VRAEM provinces: APURIMAC / CHINCHEROS + AYACUCHO / HUANTA + CUSCO / LA CONVENCION + JUNIN / HUANCAYO + JUNIN / SATIPO,5,799,70,34,34,.0187747243224671,.0517328196835801,.2121046032396011,.8073064180347327,-.3639845636211957,.4674502029883559,.0594883759016193,bounded_vraem_province_subset,0,treat_10,drop_rounding_band,adjacent_categories,p1_mserd,281,48,233,125,156,14,111,34,122,40,113,0,0,1,1,0,.0048799023704566,.0048799023704566,.0081285466694313,.0081285466694313,44,26,1
prov_subset,cd,2010,7,vraem_prov_subset_0658,VRAEM provinces: APURIMAC / CHINCHEROS + CUSCO / LA CONVENCION + JUNIN / HUANCAYO + JUNIN / SATIPO,4,562,69,30,26,.0170804867524347,.0463600201781033,.214742424678407,.8290761125600962,-.3745273981443796,.4672474385005861,.0466070406244052,bounded_vraem_province_subset,0,treat_10,drop_rounding_band,adjacent_categories,p1_mserd,235,42,193,115,120,14,101,28,92,40,91,0,0,1,1,0,.0049607785909714,.0049607785909714,.0080039594926855,.0080039594926855,45,24,1
prov_subset,cd,2010,8,vraem_prov_subset_0718,VRAEM provinces: APURIMAC / CHINCHEROS + AYACUCHO / HUANTA + AYACUCHO / LA MAR + HUANCAVELICA / TAYACAJA + JUNIN / HUANCAYO + JUNIN / SATIPO,6,1037,59,44,44,.0304926629857353,.0619213872650476,.3098818535503663,.8416193517894529,-.5454358851561857,.6692786596862809,.0399290580527734,bounded_vraem_province_subset,0,treat_10,drop_rounding_band,adjacent_categories,p1_mserd,311,61,250,137,174,18,119,43,131,39,117,0,0,1,1,0,.0038266399816473,.0038266399816473,.0062565648010055,.0062565648010055,38,21,1
prov_subset,cd,2010,9,vraem_prov_subset_0533,VRAEM provinces: APURIMAC / ANDAHUAYLAS + AYACUCHO / HUANTA + CUSCO / LA CONVENCION + JUNIN / SATIPO,4,663,50,20,24,.0072660643343935,.0455139701560203,.2523315444303555,.8568592129199012,-.4490467690908448,.5400747094028855,.0325346657334886,bounded_vraem_province_subset,0,treat_10,drop_rounding_band,adjacent_categories,p1_mserd,209,41,168,78,131,17,61,24,107,35,97,0,0,1,1,0,.0048913286293304,.0048913286293304,.0072205099721962,.0072205099721962,28,22,1
prov_subset,cd,2010,10,vraem_prov_subset_0714,VRAEM provinces: APURIMAC / CHINCHEROS + AYACUCHO / LA MAR + HUANCAVELICA / TAYACAJA + JUNIN / HUANCAYO + JUNIN / SATIPO,5,800,61,40,36,.0263450264022646,.0523313977619554,.3087346366214497,.8654011385644881,-.5527773707961466,.6574401663200574,.0287312128210483,bounded_vraem_province_subset,0,treat_10,drop_rounding_band,adjacent_categories,p1_mserd,265,55,210,127,138,18,109,37,101,38,94,0,0,1,1,0,.0040308869690268,.0040308869690268,.0064306418029088,.0064306418029088,40,21,1
prov_subset,cd,2011,1,vraem_prov_subset_0662,VRAEM provinces: APURIMAC / CHINCHEROS + AYACUCHO / HUANTA + CUSCO / LA CONVENCION + JUNIN / HUANCAYO + JUNIN / SATIPO,5,799,69,34,34,.0986358286929745,.1426213782963328,.2165929192950949,.5102319011019358,-.2818929428284438,.5671356994211093,.4335914887765974,bounded_vraem_province_subset,0,treat_11,drop_rounding_band,adjacent_categories,p1_mserd,281,56,225,125,156,15,110,41,115,40,113,0,0,1,1,0,.0047989589855889,.0047989589855889,.0079729667375274,.0079729667375274,43,26,1
prov_subset,cd,2011,2,vraem_prov_subset_0660,VRAEM provinces: AYACUCHO / HUANTA + CUSCO / LA CONVENCION + JUNIN / HUANCAYO + JUNIN / SATIPO,4,721,59,31,29,.1433492826674906,.1686537919608934,.256409112065735,.510697037095907,-.3338988329958417,.6712064169176286,.4326386461409756,bounded_vraem_province_subset,0,treat_11,drop_rounding_band,adjacent_categories,p1_mserd,266,51,215,118,148,14,104,37,111,38,109,0,0,1,1,0,.0039660429712434,.0039660429712434,.0063239582122987,.0063239582122987,36,23,1
prov_subset,cd,2011,3,vraem_prov_subset_0658,VRAEM provinces: APURIMAC / CHINCHEROS + CUSCO / LA CONVENCION + JUNIN / HUANCAYO + JUNIN / SATIPO,4,562,71,30,26,.093453085185988,.1324414154912447,.2173522111358351,.5422990405219963,-.2935610902951377,.558443921277627,.3712953430162069,bounded_vraem_province_subset,0,treat_11,drop_rounding_band,adjacent_categories,p1_mserd,235,47,188,115,120,15,100,32,88,40,91,0,0,1,1,0,.00502048423651,.00502048423651,.0080960473154179,.0080960473154179,45,26,1
prov_subset,cd,2011,4,vraem_prov_subset_0670,VRAEM provinces: APURIMAC / CHINCHEROS + AYACUCHO / HUANTA + AYACUCHO / LA MAR + CUSCO / LA CONVENCION + JUNIN / HUANCAYO + JUNIN / SATIPO,6,1094,59,40,41,.1206771149787975,.1549225373620906,.3060621520828977,.6127303002126301,-.4449482577512094,.7547933324753906,.2562181832071553,bounded_vraem_province_subset,0,treat_11,drop_rounding_band,adjacent_categories,p1_mserd,328,63,265,142,186,16,126,47,139,40,126,0,0,1,1,0,.0036923769006883,.0036923769006883,.0061265355535386,.0061265355535386,35,24,1
prov_subset,cd,2011,5,vraem_prov_subset_0710,VRAEM provinces: APURIMAC / CHINCHEROS + AYACUCHO / HUANTA + HUANCAVELICA / TAYACAJA + JUNIN / HUANCAYO + JUNIN / SATIPO,5,742,66,38,37,.0701147194495679,.1111353142110532,.2431728103786087,.6476552620360012,-.3654746361504077,.5877452645725141,.2088690711445901,bounded_vraem_province_subset,0,treat_11,drop_rounding_band,adjacent_categories,p1_mserd,264,64,200,120,144,18,102,46,98,39,105,0,0,1,1,0,.0048366682183782,.0048366682183782,.0077794871080464,.0077794871080464,42,24,1
prov_subset,cd,2011,6,vraem_prov_subset_0666,VRAEM provinces: APURIMAC / CHINCHEROS + AYACUCHO / LA MAR + CUSCO / LA CONVENCION + JUNIN / HUANCAYO + JUNIN / SATIPO,5,857,60,36,33,.1123152266934466,.1402048859029205,.3073522355330859,.6482676976232702,-.4621944263097995,.7426041981156406,.208091118233959,bounded_vraem_province_subset,0,treat_11,drop_rounding_band,adjacent_categories,p1_mserd,282,54,228,132,150,16,116,38,112,40,106,0,0,1,1,0,.0038362339824343,.0038362339824343,.0062154660639041,.0062154660639041,38,22,1
prov_subset,cd,2011,7,vraem_prov_subset_0706,VRAEM provinces: APURIMAC / CHINCHEROS + HUANCAVELICA / TAYACAJA + JUNIN / HUANCAYO + JUNIN / SATIPO,4,505,67,34,29,.0748728933132485,.1096941734059862,.2432045905645152,.6519631652589368,-.3669780649752733,.5863664117872457,.2034340211172082,bounded_vraem_province_subset,0,treat_11,drop_rounding_band,adjacent_categories,p1_mserd,218,55,163,110,108,18,92,37,71,38,81,0,0,1,1,0,.0050613990113881,.0050613990113881,.0079286347195688,.0079286347195688,43,24,1
prov_subset,cd,2011,8,vraem_prov_subset_0708,VRAEM provinces: AYACUCHO / HUANTA + HUANCAVELICA / TAYACAJA + JUNIN / HUANCAYO + JUNIN / SATIPO,4,664,55,35,32,.1039923536296575,.1140395426307908,.2723106549821513,.6753734696262776,-.4196795337407384,.6477586190023199,.1753806454919991,bounded_vraem_province_subset,0,treat_11,drop_rounding_band,adjacent_categories,p1_mserd,249,59,190,113,136,17,96,42,94,37,100,0,0,1,1,0,.0041585121670286,.0041585121670286,.0065607283971409,.0065607283971409,35,20,1
prov_subset,cd,2011,9,vraem_prov_subset_0643,VRAEM provinces: APURIMAC / ANDAHUAYLAS + APURIMAC / CHINCHEROS + JUNIN / HUANCAYO + JUNIN / SATIPO,4,551,75,34,31,.078535460876926,.0934078787148815,.2272660114500813,.6810675401367221,-.3520253186373452,.5388410760671083,.1689265990504268,bounded_vraem_province_subset,0,treat_11,drop_rounding_band,adjacent_categories,p1_mserd,230,59,171,109,121,19,90,40,81,39,87,0,0,1,1,0,.0052095853705658,.0052095853705658,.0076261065590188,.0076261065590188,48,27,1
prov_subset,cd,2011,10,vraem_prov_subset_0647,VRAEM provinces: APURIMAC / ANDAHUAYLAS + APURIMAC / CHINCHEROS + AYACUCHO / HUANTA + JUNIN / HUANCAYO + JUNIN / SATIPO,5,788,75,38,39,.0700628954539968,.0930366549910455,.2269705136049669,.6818746464172036,-.3518173772272478,.5378906872093389,.168023216498527,bounded_vraem_province_subset,0,treat_11,drop_rounding_band,adjacent_categories,p1_mserd,276,68,208,119,157,19,100,49,108,39,112,0,0,1,1,0,.0050798371709016,.0050798371709016,.0076560578923068,.0076560578923068,46,29,1
prov_subset,cd,2012,1,vraem_prov_subset_0662,VRAEM provinces: APURIMAC / CHINCHEROS + AYACUCHO / HUANTA + CUSCO / LA CONVENCION + JUNIN / HUANCAYO + JUNIN / SATIPO,5,799,69,34,34,.0983167717279522,.1422412966664919,.2164628244955282,.5111060011557607,-.2820180433365579,.5665006366695416,.4318021131135624,bounded_vraem_province_subset,0,treat_12,drop_rounding_band,adjacent_categories,p1_mserd,281,61,220,125,156,15,110,46,110,40,113,0,0,1,1,0,.0048069503458499,.0048069503458499,.0079932828956397,.0079932828956397,43,26,1
prov_subset,cd,2012,2,vraem_prov_subset_0660,VRAEM provinces: AYACUCHO / HUANTA + CUSCO / LA CONVENCION + JUNIN / HUANCAYO + JUNIN / SATIPO,4,721,59,31,29,.1432301464702367,.1684974656518846,.2565320921700114,.5112915065540035,-.3342961958800473,.6712911271838166,.4314230452219361,bounded_vraem_province_subset,0,treat_12,drop_rounding_band,adjacent_categories,p1_mserd,266,56,210,118,148,14,104,42,106,38,109,0,0,1,1,0,.0039640471498376,.0039640471498376,.0063203436667705,.0063203436667705,36,23,1
prov_subset,cd,2012,3,vraem_prov_subset_0658,VRAEM provinces: APURIMAC / CHINCHEROS + CUSCO / LA CONVENCION + JUNIN / HUANCAYO + JUNIN / SATIPO,4,562,71,30,26,.0932622316855365,.1321798658498634,.2175718796275429,.5435040519128607,-.2942531822688044,.5586129139685312,.3690838873885309,bounded_vraem_province_subset,0,treat_12,drop_rounding_band,adjacent_categories,p1_mserd,235,49,186,115,120,15,100,34,86,40,91,0,0,1,1,0,.004997823241274,.004997823241274,.0080488897010588,.0080488897010588,45,26,1
prov_subset,cd,2012,4,vraem_prov_subset_0670,VRAEM provinces: APURIMAC / CHINCHEROS + AYACUCHO / HUANTA + AYACUCHO / LA MAR + CUSCO / LA CONVENCION + JUNIN / HUANCAYO + JUNIN / SATIPO,6,1094,59,40,41,.1205992291233315,.154949483342717,.306238905281269,.612873619466072,-.445267741673543,.7551667083589769,.2560115374536527,bounded_vraem_province_subset,0,treat_12,drop_rounding_band,adjacent_categories,p1_mserd,328,72,256,142,186,16,126,56,130,40,126,0,0,1,1,0,.0036937573621629,.0036937573621629,.0061006730010527,.0061006730010527,35,24,1
prov_subset,cd,2012,5,vraem_prov_subset_0706,VRAEM provinces: APURIMAC / CHINCHEROS + HUANCAVELICA / TAYACAJA + JUNIN / HUANCAYO + JUNIN / SATIPO,4,505,67,34,29,.0760129387866971,.1111149024390338,.2423170434941474,.6465560978670108,-.3638177756497208,.5860475805277884,.2102697001991096,bounded_vraem_province_subset,0,treat_12,drop_rounding_band,adjacent_categories,p1_mserd,218,56,162,110,108,19,91,37,71,38,81,0,0,1,1,0,.0051075666048798,.0051075666048798,.0080724145623158,.0080724145623158,43,24,1
prov_subset,cd,2012,6,vraem_prov_subset_0666,VRAEM provinces: APURIMAC / CHINCHEROS + AYACUCHO / LA MAR + CUSCO / LA CONVENCION + JUNIN / HUANCAYO + JUNIN / SATIPO,5,857,60,36,33,.1123138586409647,.1403921706188373,.3066324733192851,.6470590564429918,-.4605964335774004,.7413807748150749,.2096280938868036,bounded_vraem_province_subset,0,treat_12,drop_rounding_band,adjacent_categories,p1_mserd,282,60,222,132,150,16,116,44,106,40,106,0,0,1,1,0,.0038552778538838,.0038552778538838,.0062155402355326,.0062155402355326,38,22,1
prov_subset,cd,2012,7,vraem_prov_subset_0710,VRAEM provinces: APURIMAC / CHINCHEROS + AYACUCHO / HUANTA + HUANCAVELICA / TAYACAJA + JUNIN / HUANCAYO + JUNIN / SATIPO,5,742,66,38,37,.0677352243071194,.1086262724547403,.2418927194608053,.6533826254133519,-.3654747458108889,.5827272907203696,.2016620415636943,bounded_vraem_province_subset,0,treat_12,drop_rounding_band,adjacent_categories,p1_mserd,264,68,196,120,144,19,101,49,95,39,105,0,0,1,1,0,.0049158982078362,.0049158982078362,.0080060979393491,.0080060979393491,42,24,1
prov_subset,cd,2012,8,vraem_prov_subset_0206,VRAEM provinces: APURIMAC / CHINCHEROS + AYACUCHO / HUANTA + AYACUCHO / LA MAR + HUANCAVELICA / TAYACAJA + JUNIN / HUANCAYO,5,808,52,38,39,.086843714449768,.1440017358488148,.3487787892196409,.6796988427937216,-.539592129593168,.8275956012907977,.1704650393803074,bounded_vraem_province_subset,0,treat_12,drop_rounding_band,adjacent_categories,p1_mserd,227,61,166,99,128,12,87,49,79,33,92,0,0,1,1,0,.0050917591339222,.0050917591339222,.008055031608954,.008055031608954,32,20,1
prov_subset,cd,2012,9,vraem_prov_subset_0643,VRAEM provinces: APURIMAC / ANDAHUAYLAS + APURIMAC / CHINCHEROS + JUNIN / HUANCAYO + JUNIN / SATIPO,4,551,75,34,31,.078535460876926,.0934078787148815,.2272660114500813,.6810675401367221,-.3520253186373452,.5388410760671083,.1689265990504268,bounded_vraem_province_subset,0,treat_12,drop_rounding_band,adjacent_categories,p1_mserd,230,59,171,109,121,19,90,40,81,39,87,0,0,1,1,0,.0052095853705658,.0052095853705658,.0076261065590188,.0076261065590188,48,27,1
prov_subset,cd,2012,10,vraem_prov_subset_0647,VRAEM provinces: APURIMAC / ANDAHUAYLAS + APURIMAC / CHINCHEROS + AYACUCHO / HUANTA + JUNIN / HUANCAYO + JUNIN / SATIPO,5,788,75,38,39,.0700477562971444,.0930144790949241,.2269730470200367,.6819496782916212,-.3518445185256639,.5378734767155121,.167939378120615,bounded_vraem_province_subset,0,treat_12,drop_rounding_band,adjacent_categories,p1_mserd,276,71,205,119,157,19,100,52,105,39,112,0,0,1,1,0,.005079312177309,.005079312177309,.0076550828722314,.0076550828722314,46,29,1
prov_subset,cd,2013,1,vraem_prov_subset_0662,VRAEM provinces: APURIMAC / CHINCHEROS + AYACUCHO / HUANTA + CUSCO / LA CONVENCION + JUNIN / HUANCAYO + JUNIN / SATIPO,5,799,69,34,34,.0983167717279522,.1422412966664919,.2164628244955282,.5111060011557607,-.2820180433365579,.5665006366695416,.4318021131135624,bounded_vraem_province_subset,0,treat_13,drop_rounding_band,adjacent_categories,p1_mserd,281,61,220,125,156,15,110,46,110,40,113,0,0,1,1,0,.0048069503458499,.0048069503458499,.0079932828956397,.0079932828956397,43,26,1
prov_subset,cd,2013,2,vraem_prov_subset_0660,VRAEM provinces: AYACUCHO / HUANTA + CUSCO / LA CONVENCION + JUNIN / HUANCAYO + JUNIN / SATIPO,4,721,59,31,29,.1432301464702367,.1684974656518846,.2565320921700114,.5112915065540035,-.3342961958800473,.6712911271838166,.4314230452219361,bounded_vraem_province_subset,0,treat_13,drop_rounding_band,adjacent_categories,p1_mserd,266,56,210,118,148,14,104,42,106,38,109,0,0,1,1,0,.0039640471498376,.0039640471498376,.0063203436667705,.0063203436667705,36,23,1
prov_subset,cd,2013,3,vraem_prov_subset_0658,VRAEM provinces: APURIMAC / CHINCHEROS + CUSCO / LA CONVENCION + JUNIN / HUANCAYO + JUNIN / SATIPO,4,562,71,30,26,.0932622316855365,.1321798658498634,.2175718796275429,.5435040519128607,-.2942531822688044,.5586129139685312,.3690838873885309,bounded_vraem_province_subset,0,treat_13,drop_rounding_band,adjacent_categories,p1_mserd,235,49,186,115,120,15,100,34,86,40,91,0,0,1,1,0,.004997823241274,.004997823241274,.0080488897010588,.0080488897010588,45,26,1
prov_subset,cd,2013,4,vraem_prov_subset_0670,VRAEM provinces: APURIMAC / CHINCHEROS + AYACUCHO / HUANTA + AYACUCHO / LA MAR + CUSCO / LA CONVENCION + JUNIN / HUANCAYO + JUNIN / SATIPO,6,1094,59,40,41,.1205992291233315,.154949483342717,.306238905281269,.612873619466072,-.445267741673543,.7551667083589769,.2560115374536527,bounded_vraem_province_subset,0,treat_13,drop_rounding_band,adjacent_categories,p1_mserd,328,72,256,142,186,16,126,56,130,40,126,0,0,1,1,0,.0036937573621629,.0036937573621629,.0061006730010527,.0061006730010527,35,24,1
prov_subset,cd,2013,5,vraem_prov_subset_0710,VRAEM provinces: APURIMAC / CHINCHEROS + AYACUCHO / HUANTA + HUANCAVELICA / TAYACAJA + JUNIN / HUANCAYO + JUNIN / SATIPO,5,742,65,38,37,.0706577157177614,.1209482295332699,.2425609204293998,.6180398406756056,-.3544624385652393,.5963588976317791,.2486321966813856,bounded_vraem_province_subset,0,treat_13,drop_rounding_band,adjacent_categories,p1_mserd,264,69,195,120,144,19,101,50,94,39,105,0,0,1,1,0,.0048167428896709,.0048167428896709,.0080152035689084,.0080152035689084,41,24,1
prov_subset,cd,2013,6,vraem_prov_subset_0706,VRAEM provinces: APURIMAC / CHINCHEROS + HUANCAVELICA / TAYACAJA + JUNIN / HUANCAYO + JUNIN / SATIPO,4,505,67,34,29,.073563041493,.1191574827199903,.2429921794513234,.6238680028146408,-.3570984375294973,.5954134029694779,.2404684184764151,bounded_vraem_province_subset,0,treat_13,drop_rounding_band,adjacent_categories,p1_mserd,218,57,161,110,108,19,91,38,70,38,81,0,0,1,1,0,.0050123269707889,.0050123269707889,.0080600741532212,.0080600741532212,43,24,1
prov_subset,cd,2013,7,vraem_prov_subset_0206,VRAEM provinces: APURIMAC / CHINCHEROS + AYACUCHO / HUANTA + AYACUCHO / LA MAR + HUANCAVELICA / TAYACAJA + JUNIN / HUANCAYO,5,808,55,38,39,.0837069940075756,.1616014035353082,.3431847751680461,.6377211108842431,-.5110283958365379,.8342312029071542,.2217349902316198,bounded_vraem_province_subset,0,treat_13,drop_rounding_band,adjacent_categories,p1_mserd,227,62,165,99,128,12,87,50,78,33,92,0,0,1,1,0,.0051348214916338,.0051348214916338,.0081157268285671,.0081157268285671,35,20,1
prov_subset,cd,2013,8,vraem_prov_subset_0666,VRAEM provinces: APURIMAC / CHINCHEROS + AYACUCHO / LA MAR + CUSCO / LA CONVENCION + JUNIN / HUANCAYO + JUNIN / SATIPO,5,857,60,36,33,.1123138586409647,.1403921706188373,.3066324733192851,.6470590564429918,-.4605964335774004,.7413807748150749,.2096280938868036,bounded_vraem_province_subset,0,treat_13,drop_rounding_band,adjacent_categories,p1_mserd,282,60,222,132,150,16,116,44,106,40,106,0,0,1,1,0,.0038552778538838,.0038552778538838,.0062155402355326,.0062155402355326,38,22,1
prov_subset,cd,2013,9,vraem_prov_subset_0202,VRAEM provinces: APURIMAC / CHINCHEROS + AYACUCHO / LA MAR + HUANCAVELICA / TAYACAJA + JUNIN / HUANCAYO,4,571,51,34,31,.0930685135737656,.1463221981720018,.3470521379729399,.6733064533357085,-.533887493012586,.8265318893565895,.177758749063309,bounded_vraem_province_subset,0,treat_13,drop_rounding_band,adjacent_categories,p1_mserd,181,50,131,89,92,12,77,38,54,32,67,0,0,1,1,0,.0052255570744216,.0052255570744216,.0080350561784961,.0080350561784961,33,18,1
prov_subset,cd,2013,10,vraem_prov_subset_0643,VRAEM provinces: APURIMAC / ANDAHUAYLAS + APURIMAC / CHINCHEROS + JUNIN / HUANCAYO + JUNIN / SATIPO,4,551,75,34,31,.078535460876926,.0934078787148815,.2272660114500813,.6810675401367221,-.3520253186373452,.5388410760671083,.1689265990504268,bounded_vraem_province_subset,0,treat_13,drop_rounding_band,adjacent_categories,p1_mserd,230,59,171,109,121,19,90,40,81,39,87,0,0,1,1,0,.0052095853705658,.0052095853705658,.0076261065590188,.0076261065590188,48,27,1
prov_subset,cd,2014,1,vraem_prov_subset_0660,VRAEM provinces: AYACUCHO / HUANTA + CUSCO / LA CONVENCION + JUNIN / HUANCAYO + JUNIN / SATIPO,4,721,59,31,29,.144599839632165,.1703316871064726,.2552368120848659,.5045500954163409,-.329923272108682,.6705866463216272,.4453528878856459,bounded_vraem_province_subset,0,treat_14,drop_rounding_band,adjacent_categories,p1_mserd,266,57,209,118,148,14,104,43,105,38,109,0,0,1,1,0,.003987835851566,.003987835851566,.0063506552574105,.0063506552574105,36,23,1
prov_subset,cd,2014,2,vraem_prov_subset_0662,VRAEM provinces: APURIMAC / CHINCHEROS + AYACUCHO / HUANTA + CUSCO / LA CONVENCION + JUNIN / HUANCAYO + JUNIN / SATIPO,5,799,69,34,34,.097793044188025,.14173727961258,.2163633257444557,.512410320257507,-.282327046421861,.5658016056470211,.4291418698954896,bounded_vraem_province_subset,0,treat_14,drop_rounding_band,adjacent_categories,p1_mserd,281,62,219,125,156,15,110,47,109,40,113,0,0,1,1,0,.0048202775702261,.0048202775702261,.0080110357008723,.0080110357008723,43,26,1
prov_subset,cd,2014,3,vraem_prov_subset_0658,VRAEM provinces: APURIMAC / CHINCHEROS + CUSCO / LA CONVENCION + JUNIN / HUANCAYO + JUNIN / SATIPO,4,562,71,30,26,.0932818166514071,.1322741433146578,.2176346974388952,.5433330089327102,-.2942820254518482,.5588303120811638,.3693972372070825,bounded_vraem_province_subset,0,treat_14,drop_rounding_band,adjacent_categories,p1_mserd,235,50,185,115,120,15,100,35,85,40,91,0,0,1,1,0,.0050001088800196,.0050001088800196,.008042817788397,.008042817788397,45,26,1
prov_subset,cd,2014,4,vraem_prov_subset_0670,VRAEM provinces: APURIMAC / CHINCHEROS + AYACUCHO / HUANTA + AYACUCHO / LA MAR + CUSCO / LA CONVENCION + JUNIN / HUANCAYO + JUNIN / SATIPO,6,1094,59,40,41,.1199106157822303,.1543906343024767,.3055780443418517,.6133893982740077,-.444531327073736,.7533125956786895,.2552687246916816,bounded_vraem_province_subset,0,treat_14,drop_rounding_band,adjacent_categories,p1_mserd,328,73,255,142,186,16,126,57,129,40,126,0,0,1,1,0,.0037060635279982,.0037060635279982,.0061141710772541,.0061141710772541,35,24,1
prov_subset,cd,2014,5,vraem_prov_subset_0710,VRAEM provinces: APURIMAC / CHINCHEROS + AYACUCHO / HUANTA + HUANCAVELICA / TAYACAJA + JUNIN / HUANCAYO + JUNIN / SATIPO,5,742,65,38,37,.0706577157177614,.1209482295332699,.2425609204293998,.6180398406756056,-.3544624385652393,.5963588976317791,.2486321966813856,bounded_vraem_province_subset,0,treat_14,drop_rounding_band,adjacent_categories,p1_mserd,264,69,195,120,144,19,101,50,94,39,105,0,0,1,1,0,.0048167428896709,.0048167428896709,.0080152035689084,.0080152035689084,41,24,1
prov_subset,cd,2014,6,vraem_prov_subset_0706,VRAEM provinces: APURIMAC / CHINCHEROS + HUANCAVELICA / TAYACAJA + JUNIN / HUANCAYO + JUNIN / SATIPO,4,505,67,34,29,.073563041493,.1191574827199903,.2429921794513234,.6238680028146408,-.3570984375294973,.5954134029694779,.2404684184764151,bounded_vraem_province_subset,0,treat_14,drop_rounding_band,adjacent_categories,p1_mserd,218,57,161,110,108,19,91,38,70,38,81,0,0,1,1,0,.0050123269707889,.0050123269707889,.0080600741532212,.0080600741532212,43,24,1
prov_subset,cd,2014,7,vraem_prov_subset_0206,VRAEM provinces: APURIMAC / CHINCHEROS + AYACUCHO / HUANTA + AYACUCHO / LA MAR + HUANCAVELICA / TAYACAJA + JUNIN / HUANCAYO,5,808,55,38,39,.0837069940075756,.1616014035353082,.3431847751680461,.6377211108842431,-.5110283958365379,.8342312029071542,.2217349902316198,bounded_vraem_province_subset,0,treat_14,drop_rounding_band,adjacent_categories,p1_mserd,227,62,165,99,128,12,87,50,78,33,92,0,0,1,1,0,.0051348214916338,.0051348214916338,.0081157268285671,.0081157268285671,35,20,1
prov_subset,cd,2014,8,vraem_prov_subset_0666,VRAEM provinces: APURIMAC / CHINCHEROS + AYACUCHO / LA MAR + CUSCO / LA CONVENCION + JUNIN / HUANCAYO + JUNIN / SATIPO,5,857,62,36,33,.1122758204916077,.1406498822462825,.3055595046288395,.6452989229203556,-.4582357419601427,.7395355064527077,.2118786276139402,bounded_vraem_province_subset,0,treat_14,drop_rounding_band,adjacent_categories,p1_mserd,282,61,221,132,150,16,116,45,105,40,106,0,0,1,1,0,.0038753284176552,.0038753284176552,.0062358027232628,.0062358027232628,38,24,1
prov_subset,cd,2014,9,vraem_prov_subset_0668,VRAEM provinces: AYACUCHO / HUANTA + AYACUCHO / LA MAR + CUSCO / LA CONVENCION + JUNIN / HUANCAYO + JUNIN / SATIPO,5,1016,56,37,36,.1178908379369928,.1432388908701736,.3278197878534204,.6621519577446444,-.4992760867420912,.7857538684824384,.1909200630982449,bounded_vraem_province_subset,0,treat_14,drop_rounding_band,adjacent_categories,p1_mserd,313,68,245,135,178,15,120,53,125,38,122,0,0,1,1,0,.0035330886693247,.0035330886693247,.0058103526513565,.0058103526513565,33,23,1
prov_subset,cd,2014,10,vraem_prov_subset_0202,VRAEM provinces: APURIMAC / CHINCHEROS + AYACUCHO / LA MAR + HUANCAVELICA / TAYACAJA + JUNIN / HUANCAYO,4,571,51,34,31,.0930685135737656,.1463221981720018,.3470521379729399,.6733064533357085,-.533887493012586,.8265318893565895,.177758749063309,bounded_vraem_province_subset,0,treat_14,drop_rounding_band,adjacent_categories,p1_mserd,181,50,131,89,92,12,77,38,54,32,67,0,0,1,1,0,.0052255570744216,.0052255570744216,.0080350561784961,.0080350561784961,33,18,1
prov_subset,cd,2015,1,vraem_prov_subset_0660,VRAEM provinces: AYACUCHO / HUANTA + CUSCO / LA CONVENCION + JUNIN / HUANCAYO + JUNIN / SATIPO,4,721,59,31,29,.144599839632165,.1703316871064726,.2552368120848659,.5045500954163409,-.329923272108682,.6705866463216272,.4453528878856459,bounded_vraem_province_subset,0,treat_15,drop_rounding_band,adjacent_categories,p1_mserd,266,57,209,118,148,14,104,43,105,38,109,0,0,1,1,0,.003987835851566,.003987835851566,.0063506552574105,.0063506552574105,36,23,1
prov_subset,cd,2015,2,vraem_prov_subset_0662,VRAEM provinces: APURIMAC / CHINCHEROS + AYACUCHO / HUANTA + CUSCO / LA CONVENCION + JUNIN / HUANCAYO + JUNIN / SATIPO,5,799,69,34,34,.097793044188025,.14173727961258,.2163633257444557,.512410320257507,-.282327046421861,.5658016056470211,.4291418698954896,bounded_vraem_province_subset,0,treat_15,drop_rounding_band,adjacent_categories,p1_mserd,281,62,219,125,156,15,110,47,109,40,113,0,0,1,1,0,.0048202775702261,.0048202775702261,.0080110357008723,.0080110357008723,43,26,1
prov_subset,cd,2015,3,vraem_prov_subset_0658,VRAEM provinces: APURIMAC / CHINCHEROS + CUSCO / LA CONVENCION + JUNIN / HUANCAYO + JUNIN / SATIPO,4,562,71,30,26,.0932818166514071,.1322741433146578,.2176346974388952,.5433330089327102,-.2942820254518482,.5588303120811638,.3693972372070825,bounded_vraem_province_subset,0,treat_15,drop_rounding_band,adjacent_categories,p1_mserd,235,50,185,115,120,15,100,35,85,40,91,0,0,1,1,0,.0050001088800196,.0050001088800196,.008042817788397,.008042817788397,45,26,1
prov_subset,cd,2015,4,vraem_prov_subset_0670,VRAEM provinces: APURIMAC / CHINCHEROS + AYACUCHO / HUANTA + AYACUCHO / LA MAR + CUSCO / LA CONVENCION + JUNIN / HUANCAYO + JUNIN / SATIPO,6,1094,59,40,41,.1199106157822303,.1543906343024767,.3055780443418517,.6133893982740077,-.444531327073736,.7533125956786895,.2552687246916816,bounded_vraem_province_subset,0,treat_15,drop_rounding_band,adjacent_categories,p1_mserd,328,73,255,142,186,16,126,57,129,40,126,0,0,1,1,0,.0037060635279982,.0037060635279982,.0061141710772541,.0061141710772541,35,24,1
prov_subset,cd,2015,5,vraem_prov_subset_0710,VRAEM provinces: APURIMAC / CHINCHEROS + AYACUCHO / HUANTA + HUANCAVELICA / TAYACAJA + JUNIN / HUANCAYO + JUNIN / SATIPO,5,742,65,38,37,.0706577157177614,.1209482295332699,.2425609204293998,.6180398406756056,-.3544624385652393,.5963588976317791,.2486321966813856,bounded_vraem_province_subset,0,treat_15,drop_rounding_band,adjacent_categories,p1_mserd,264,69,195,120,144,19,101,50,94,39,105,0,0,1,1,0,.0048167428896709,.0048167428896709,.0080152035689084,.0080152035689084,41,24,1
prov_subset,cd,2015,6,vraem_prov_subset_0706,VRAEM provinces: APURIMAC / CHINCHEROS + HUANCAVELICA / TAYACAJA + JUNIN / HUANCAYO + JUNIN / SATIPO,4,505,67,34,29,.073563041493,.1191574827199903,.2429921794513234,.6238680028146408,-.3570984375294973,.5954134029694779,.2404684184764151,bounded_vraem_province_subset,0,treat_15,drop_rounding_band,adjacent_categories,p1_mserd,218,57,161,110,108,19,91,38,70,38,81,0,0,1,1,0,.0050123269707889,.0050123269707889,.0080600741532212,.0080600741532212,43,24,1
prov_subset,cd,2015,7,vraem_prov_subset_0206,VRAEM provinces: APURIMAC / CHINCHEROS + AYACUCHO / HUANTA + AYACUCHO / LA MAR + HUANCAVELICA / TAYACAJA + JUNIN / HUANCAYO,5,808,55,38,39,.0837069940075756,.1616014035353082,.3431847751680461,.6377211108842431,-.5110283958365379,.8342312029071542,.2217349902316198,bounded_vraem_province_subset,0,treat_15,drop_rounding_band,adjacent_categories,p1_mserd,227,62,165,99,128,12,87,50,78,33,92,0,0,1,1,0,.0051348214916338,.0051348214916338,.0081157268285671,.0081157268285671,35,20,1
prov_subset,cd,2015,8,vraem_prov_subset_0666,VRAEM provinces: APURIMAC / CHINCHEROS + AYACUCHO / LA MAR + CUSCO / LA CONVENCION + JUNIN / HUANCAYO + JUNIN / SATIPO,5,857,62,36,33,.1122758204916077,.1406498822462825,.3055595046288395,.6452989229203556,-.4582357419601427,.7395355064527077,.2118786276139402,bounded_vraem_province_subset,0,treat_15,drop_rounding_band,adjacent_categories,p1_mserd,282,61,221,132,150,16,116,45,105,40,106,0,0,1,1,0,.0038753284176552,.0038753284176552,.0062358027232628,.0062358027232628,38,24,1
prov_subset,cd,2015,9,vraem_prov_subset_0668,VRAEM provinces: AYACUCHO / HUANTA + AYACUCHO / LA MAR + CUSCO / LA CONVENCION + JUNIN / HUANCAYO + JUNIN / SATIPO,5,1016,56,37,36,.1178908379369928,.1432388908701736,.3278197878534204,.6621519577446444,-.4992760867420912,.7857538684824384,.1909200630982449,bounded_vraem_province_subset,0,treat_15,drop_rounding_band,adjacent_categories,p1_mserd,313,68,245,135,178,15,120,53,125,38,122,0,0,1,1,0,.0035330886693247,.0035330886693247,.0058103526513565,.0058103526513565,33,23,1
prov_subset,cd,2015,10,vraem_prov_subset_0202,VRAEM provinces: APURIMAC / CHINCHEROS + AYACUCHO / LA MAR + HUANCAVELICA / TAYACAJA + JUNIN / HUANCAYO,4,571,51,34,31,.0930685135737656,.1463221981720018,.3470521379729399,.6733064533357085,-.533887493012586,.8265318893565895,.177758749063309,bounded_vraem_province_subset,0,treat_15,drop_rounding_band,adjacent_categories,p1_mserd,181,50,131,89,92,12,77,38,54,32,67,0,0,1,1,0,.0052255570744216,.0052255570744216,.0080350561784961,.0080350561784961,33,18,1
prov_subset,cd,2016,1,vraem_prov_subset_0660,VRAEM provinces: AYACUCHO / HUANTA + CUSCO / LA CONVENCION + JUNIN / HUANCAYO + JUNIN / SATIPO,4,721,59,31,29,.144599839632165,.1703316871064726,.2552368120848659,.5045500954163409,-.329923272108682,.6705866463216272,.4453528878856459,bounded_vraem_province_subset,0,treat_16,drop_rounding_band,adjacent_categories,p1_mserd,266,57,209,118,148,14,104,43,105,38,109,0,0,1,1,0,.003987835851566,.003987835851566,.0063506552574105,.0063506552574105,36,23,1
prov_subset,cd,2016,2,vraem_prov_subset_0662,VRAEM provinces: APURIMAC / CHINCHEROS + AYACUCHO / HUANTA + CUSCO / LA CONVENCION + JUNIN / HUANCAYO + JUNIN / SATIPO,5,799,69,34,34,.097793044188025,.14173727961258,.2163633257444557,.512410320257507,-.282327046421861,.5658016056470211,.4291418698954896,bounded_vraem_province_subset,0,treat_16,drop_rounding_band,adjacent_categories,p1_mserd,281,62,219,125,156,15,110,47,109,40,113,0,0,1,1,0,.0048202775702261,.0048202775702261,.0080110357008723,.0080110357008723,43,26,1
prov_subset,cd,2016,3,vraem_prov_subset_0658,VRAEM provinces: APURIMAC / CHINCHEROS + CUSCO / LA CONVENCION + JUNIN / HUANCAYO + JUNIN / SATIPO,4,562,71,30,26,.0932818166514071,.1322741433146578,.2176346974388952,.5433330089327102,-.2942820254518482,.5588303120811638,.3693972372070825,bounded_vraem_province_subset,0,treat_16,drop_rounding_band,adjacent_categories,p1_mserd,235,50,185,115,120,15,100,35,85,40,91,0,0,1,1,0,.0050001088800196,.0050001088800196,.008042817788397,.008042817788397,45,26,1
prov_subset,cd,2016,4,vraem_prov_subset_0670,VRAEM provinces: APURIMAC / CHINCHEROS + AYACUCHO / HUANTA + AYACUCHO / LA MAR + CUSCO / LA CONVENCION + JUNIN / HUANCAYO + JUNIN / SATIPO,6,1094,59,40,41,.1199106157822303,.1543906343024767,.3055780443418517,.6133893982740077,-.444531327073736,.7533125956786895,.2552687246916816,bounded_vraem_province_subset,0,treat_16,drop_rounding_band,adjacent_categories,p1_mserd,328,73,255,142,186,16,126,57,129,40,126,0,0,1,1,0,.0037060635279982,.0037060635279982,.0061141710772541,.0061141710772541,35,24,1
prov_subset,cd,2016,5,vraem_prov_subset_0710,VRAEM provinces: APURIMAC / CHINCHEROS + AYACUCHO / HUANTA + HUANCAVELICA / TAYACAJA + JUNIN / HUANCAYO + JUNIN / SATIPO,5,742,65,38,37,.0706577157177614,.1209482295332699,.2425609204293998,.6180398406756056,-.3544624385652393,.5963588976317791,.2486321966813856,bounded_vraem_province_subset,0,treat_16,drop_rounding_band,adjacent_categories,p1_mserd,264,69,195,120,144,19,101,50,94,39,105,0,0,1,1,0,.0048167428896709,.0048167428896709,.0080152035689084,.0080152035689084,41,24,1
prov_subset,cd,2016,6,vraem_prov_subset_0706,VRAEM provinces: APURIMAC / CHINCHEROS + HUANCAVELICA / TAYACAJA + JUNIN / HUANCAYO + JUNIN / SATIPO,4,505,67,34,29,.073563041493,.1191574827199903,.2429921794513234,.6238680028146408,-.3570984375294973,.5954134029694779,.2404684184764151,bounded_vraem_province_subset,0,treat_16,drop_rounding_band,adjacent_categories,p1_mserd,218,57,161,110,108,19,91,38,70,38,81,0,0,1,1,0,.0050123269707889,.0050123269707889,.0080600741532212,.0080600741532212,43,24,1
prov_subset,cd,2016,7,vraem_prov_subset_0206,VRAEM provinces: APURIMAC / CHINCHEROS + AYACUCHO / HUANTA + AYACUCHO / LA MAR + HUANCAVELICA / TAYACAJA + JUNIN / HUANCAYO,5,808,55,38,39,.0837069940075756,.1616014035353082,.3431847751680461,.6377211108842431,-.5110283958365379,.8342312029071542,.2217349902316198,bounded_vraem_province_subset,0,treat_16,drop_rounding_band,adjacent_categories,p1_mserd,227,62,165,99,128,12,87,50,78,33,92,0,0,1,1,0,.0051348214916338,.0051348214916338,.0081157268285671,.0081157268285671,35,20,1
prov_subset,cd,2016,8,vraem_prov_subset_0666,VRAEM provinces: APURIMAC / CHINCHEROS + AYACUCHO / LA MAR + CUSCO / LA CONVENCION + JUNIN / HUANCAYO + JUNIN / SATIPO,5,857,62,36,33,.1122758204916077,.1406498822462825,.3055595046288395,.6452989229203556,-.4582357419601427,.7395355064527077,.2118786276139402,bounded_vraem_province_subset,0,treat_16,drop_rounding_band,adjacent_categories,p1_mserd,282,61,221,132,150,16,116,45,105,40,106,0,0,1,1,0,.0038753284176552,.0038753284176552,.0062358027232628,.0062358027232628,38,24,1
prov_subset,cd,2016,9,vraem_prov_subset_0668,VRAEM provinces: AYACUCHO / HUANTA + AYACUCHO / LA MAR + CUSCO / LA CONVENCION + JUNIN / HUANCAYO + JUNIN / SATIPO,5,1016,56,37,36,.1178908379369928,.1432388908701736,.3278197878534204,.6621519577446444,-.4992760867420912,.7857538684824384,.1909200630982449,bounded_vraem_province_subset,0,treat_16,drop_rounding_band,adjacent_categories,p1_mserd,313,68,245,135,178,15,120,53,125,38,122,0,0,1,1,0,.0035330886693247,.0035330886693247,.0058103526513565,.0058103526513565,33,23,1
prov_subset,cd,2016,10,vraem_prov_subset_0202,VRAEM provinces: APURIMAC / CHINCHEROS + AYACUCHO / LA MAR + HUANCAVELICA / TAYACAJA + JUNIN / HUANCAYO,4,571,51,34,31,.0930685135737656,.1463221981720018,.3470521379729399,.6733064533357085,-.533887493012586,.8265318893565895,.177758749063309,bounded_vraem_province_subset,0,treat_16,drop_rounding_band,adjacent_categories,p1_mserd,181,50,131,89,92,12,77,38,54,32,67,0,0,1,1,0,.0052255570744216,.0052255570744216,.0080350561784961,.0080350561784961,33,18,1
prov_subset,cd,2017,1,vraem_prov_subset_0660,VRAEM provinces: AYACUCHO / HUANTA + CUSCO / LA CONVENCION + JUNIN / HUANCAYO + JUNIN / SATIPO,4,721,59,31,29,.144599839632165,.1703316871064726,.2552368120848659,.5045500954163409,-.329923272108682,.6705866463216272,.4453528878856459,bounded_vraem_province_subset,0,treat_17,drop_rounding_band,adjacent_categories,p1_mserd,266,57,209,118,148,14,104,43,105,38,109,0,0,1,1,0,.003987835851566,.003987835851566,.0063506552574105,.0063506552574105,36,23,1
prov_subset,cd,2017,2,vraem_prov_subset_0662,VRAEM provinces: APURIMAC / CHINCHEROS + AYACUCHO / HUANTA + CUSCO / LA CONVENCION + JUNIN / HUANCAYO + JUNIN / SATIPO,5,799,69,34,34,.097793044188025,.14173727961258,.2163633257444557,.512410320257507,-.282327046421861,.5658016056470211,.4291418698954896,bounded_vraem_province_subset,0,treat_17,drop_rounding_band,adjacent_categories,p1_mserd,281,62,219,125,156,15,110,47,109,40,113,0,0,1,1,0,.0048202775702261,.0048202775702261,.0080110357008723,.0080110357008723,43,26,1
prov_subset,cd,2017,3,vraem_prov_subset_0658,VRAEM provinces: APURIMAC / CHINCHEROS + CUSCO / LA CONVENCION + JUNIN / HUANCAYO + JUNIN / SATIPO,4,562,71,30,26,.0932818166514071,.1322741433146578,.2176346974388952,.5433330089327102,-.2942820254518482,.5588303120811638,.3693972372070825,bounded_vraem_province_subset,0,treat_17,drop_rounding_band,adjacent_categories,p1_mserd,235,50,185,115,120,15,100,35,85,40,91,0,0,1,1,0,.0050001088800196,.0050001088800196,.008042817788397,.008042817788397,45,26,1
prov_subset,cd,2017,4,vraem_prov_subset_0670,VRAEM provinces: APURIMAC / CHINCHEROS + AYACUCHO / HUANTA + AYACUCHO / LA MAR + CUSCO / LA CONVENCION + JUNIN / HUANCAYO + JUNIN / SATIPO,6,1094,59,40,41,.1199106157822303,.1543906343024767,.3055780443418517,.6133893982740077,-.444531327073736,.7533125956786895,.2552687246916816,bounded_vraem_province_subset,0,treat_17,drop_rounding_band,adjacent_categories,p1_mserd,328,73,255,142,186,16,126,57,129,40,126,0,0,1,1,0,.0037060635279982,.0037060635279982,.0061141710772541,.0061141710772541,35,24,1
prov_subset,cd,2017,5,vraem_prov_subset_0710,VRAEM provinces: APURIMAC / CHINCHEROS + AYACUCHO / HUANTA + HUANCAVELICA / TAYACAJA + JUNIN / HUANCAYO + JUNIN / SATIPO,5,742,65,38,37,.0706577157177614,.1209482295332699,.2425609204293998,.6180398406756056,-.3544624385652393,.5963588976317791,.2486321966813856,bounded_vraem_province_subset,0,treat_17,drop_rounding_band,adjacent_categories,p1_mserd,264,69,195,120,144,19,101,50,94,39,105,0,0,1,1,0,.0048167428896709,.0048167428896709,.0080152035689084,.0080152035689084,41,24,1
prov_subset,cd,2017,6,vraem_prov_subset_0706,VRAEM provinces: APURIMAC / CHINCHEROS + HUANCAVELICA / TAYACAJA + JUNIN / HUANCAYO + JUNIN / SATIPO,4,505,67,34,29,.073563041493,.1191574827199903,.2429921794513234,.6238680028146408,-.3570984375294973,.5954134029694779,.2404684184764151,bounded_vraem_province_subset,0,treat_17,drop_rounding_band,adjacent_categories,p1_mserd,218,57,161,110,108,19,91,38,70,38,81,0,0,1,1,0,.0050123269707889,.0050123269707889,.0080600741532212,.0080600741532212,43,24,1
prov_subset,cd,2017,7,vraem_prov_subset_0206,VRAEM provinces: APURIMAC / CHINCHEROS + AYACUCHO / HUANTA + AYACUCHO / LA MAR + HUANCAVELICA / TAYACAJA + JUNIN / HUANCAYO,5,808,55,38,39,.0837069940075756,.1616014035353082,.3431847751680461,.6377211108842431,-.5110283958365379,.8342312029071542,.2217349902316198,bounded_vraem_province_subset,0,treat_17,drop_rounding_band,adjacent_categories,p1_mserd,227,62,165,99,128,12,87,50,78,33,92,0,0,1,1,0,.0051348214916338,.0051348214916338,.0081157268285671,.0081157268285671,35,20,1
prov_subset,cd,2017,8,vraem_prov_subset_0666,VRAEM provinces: APURIMAC / CHINCHEROS + AYACUCHO / LA MAR + CUSCO / LA CONVENCION + JUNIN / HUANCAYO + JUNIN / SATIPO,5,857,62,36,33,.1122758204916077,.1406498822462825,.3055595046288395,.6452989229203556,-.4582357419601427,.7395355064527077,.2118786276139402,bounded_vraem_province_subset,0,treat_17,drop_rounding_band,adjacent_categories,p1_mserd,282,61,221,132,150,16,116,45,105,40,106,0,0,1,1,0,.0038753284176552,.0038753284176552,.0062358027232628,.0062358027232628,38,24,1
prov_subset,cd,2017,9,vraem_prov_subset_0668,VRAEM provinces: AYACUCHO / HUANTA + AYACUCHO / LA MAR + CUSCO / LA CONVENCION + JUNIN / HUANCAYO + JUNIN / SATIPO,5,1016,56,37,36,.1178908379369928,.1432388908701736,.3278197878534204,.6621519577446444,-.4992760867420912,.7857538684824384,.1909200630982449,bounded_vraem_province_subset,0,treat_17,drop_rounding_band,adjacent_categories,p1_mserd,313,68,245,135,178,15,120,53,125,38,122,0,0,1,1,0,.0035330886693247,.0035330886693247,.0058103526513565,.0058103526513565,33,23,1
prov_subset,cd,2017,10,vraem_prov_subset_0202,VRAEM provinces: APURIMAC / CHINCHEROS + AYACUCHO / LA MAR + HUANCAVELICA / TAYACAJA + JUNIN / HUANCAYO,4,571,51,34,31,.0930685135737656,.1463221981720018,.3470521379729399,.6733064533357085,-.533887493012586,.8265318893565895,.177758749063309,bounded_vraem_province_subset,0,treat_17,drop_rounding_band,adjacent_categories,p1_mserd,181,50,131,89,92,12,77,38,54,32,67,0,0,1,1,0,.0052255570744216,.0052255570744216,.0080350561784961,.0080350561784961,33,18,1
prov_subset,cd,2018,1,vraem_prov_subset_0660,VRAEM provinces: AYACUCHO / HUANTA + CUSCO / LA CONVENCION + JUNIN / HUANCAYO + JUNIN / SATIPO,4,721,59,31,29,.1449199104449499,.1707722475471617,.2548980949433068,.5028814891626452,-.3288188382695907,.6703633333639142,.4488501856825341,bounded_vraem_province_subset,0,treat_18,drop_rounding_band,adjacent_categories,p1_mserd,266,63,203,118,148,14,104,49,99,38,109,0,0,1,1,0,.0039936717300603,.0039936717300603,.0063615750245145,.0063615750245145,36,23,1
prov_subset,cd,2018,2,vraem_prov_subset_0662,VRAEM provinces: APURIMAC / CHINCHEROS + AYACUCHO / HUANTA + CUSCO / LA CONVENCION + JUNIN / HUANCAYO + JUNIN / SATIPO,5,799,69,34,34,.0980160980819297,.1420057076554055,.2164546013927381,.5117899729392352,-.2822375153623344,.5662489306731454,.4304056421500569,bounded_vraem_province_subset,0,treat_18,drop_rounding_band,adjacent_categories,p1_mserd,281,68,213,125,156,15,110,53,103,40,113,0,0,1,1,0,.0048145693789667,.0048145693789667,.007996064839637,.007996064839637,43,26,1
prov_subset,cd,2018,3,vraem_prov_subset_0658,VRAEM provinces: APURIMAC / CHINCHEROS + CUSCO / LA CONVENCION + JUNIN / HUANCAYO + JUNIN / SATIPO,4,562,71,30,26,.0936232504074866,.1327302848188006,.2172338082397253,.5411982760244776,-.2930401555555413,.5585007251931424,.3733234075336007,bounded_vraem_province_subset,0,treat_18,drop_rounding_band,adjacent_categories,p1_mserd,235,53,182,115,120,15,100,38,82,40,91,0,0,1,1,0,.0050414393419082,.0050414393419082,.0081305403443828,.0081305403443828,45,26,1
prov_subset,cd,2018,4,vraem_prov_subset_0670,VRAEM provinces: APURIMAC / CHINCHEROS + AYACUCHO / HUANTA + AYACUCHO / LA MAR + CUSCO / LA CONVENCION + JUNIN / HUANCAYO + JUNIN / SATIPO,6,1094,59,40,41,.119662592698294,.1541748706960329,.3053062384704723,.6135698318992107,-.4442143609614898,.7525641023535556,.2550091881578768,bounded_vraem_province_subset,0,treat_18,drop_rounding_band,adjacent_categories,p1_mserd,328,79,249,142,186,16,126,63,123,40,126,0,0,1,1,0,.0037105413714922,.0037105413714922,.0061231118715147,.0061231118715147,35,24,1
prov_subset,cd,2018,5,vraem_prov_subset_0710,VRAEM provinces: APURIMAC / CHINCHEROS + AYACUCHO / HUANTA + HUANCAVELICA / TAYACAJA + JUNIN / HUANCAYO + JUNIN / SATIPO,5,742,65,38,37,.0710202299602076,.1213518072973304,.2427343672260417,.6171196822057043,-.354398810275831,.5971024248704918,.2499366577471745,bounded_vraem_province_subset,0,treat_18,drop_rounding_band,adjacent_categories,p1_mserd,264,75,189,120,144,19,101,56,88,39,105,0,0,1,1,0,.0048025061261807,.0048025061261807,.0079755349191831,.0079755349191831,41,24,1
prov_subset,cd,2018,6,vraem_prov_subset_0706,VRAEM provinces: APURIMAC / CHINCHEROS + HUANCAVELICA / TAYACAJA + JUNIN / HUANCAYO + JUNIN / SATIPO,4,505,67,34,29,.073709950766438,.1193033050598447,.2429598359106777,.6233972623513203,-.3568892230148447,.595495833134534,.2411215234884581,bounded_vraem_province_subset,0,treat_18,drop_rounding_band,adjacent_categories,p1_mserd,218,60,158,110,108,19,91,41,67,38,81,0,0,1,1,0,.0050176321458916,.0050176321458916,.0080689723256029,.0080689723256029,43,24,1
prov_subset,cd,2018,7,vraem_prov_subset_0666,VRAEM provinces: APURIMAC / CHINCHEROS + AYACUCHO / LA MAR + CUSCO / LA CONVENCION + JUNIN / HUANCAYO + JUNIN / SATIPO,5,857,62,36,33,.1122640646439836,.1407814359313384,.305276338683877,.6446833482965113,-.4575491932213122,.739112065083989,.2126691485957548,bounded_vraem_province_subset,0,treat_18,drop_rounding_band,adjacent_categories,p1_mserd,282,64,218,132,150,16,116,48,102,40,106,0,0,1,1,0,.0038795049388067,.0038795049388067,.0062421823340241,.0062421823340241,38,24,1
prov_subset,cd,2018,8,vraem_prov_subset_0206,VRAEM provinces: APURIMAC / CHINCHEROS + AYACUCHO / HUANTA + AYACUCHO / LA MAR + HUANCAVELICA / TAYACAJA + JUNIN / HUANCAYO,5,808,55,38,39,.0797460230417328,.1523202517284964,.3438787298380772,.6578036499927302,-.5216696738035139,.8263101772605067,.1962025600015974,bounded_vraem_province_subset,0,treat_18,drop_rounding_band,adjacent_categories,p1_mserd,227,66,161,99,128,12,87,54,74,33,92,0,0,1,1,0,.0052170496177612,.0052170496177612,.0081847284225031,.0081847284225031,35,20,1
prov_subset,cd,2018,9,vraem_prov_subset_0668,VRAEM provinces: AYACUCHO / HUANTA + AYACUCHO / LA MAR + CUSCO / LA CONVENCION + JUNIN / HUANCAYO + JUNIN / SATIPO,5,1016,56,37,36,.1184384423326301,.1434650425457475,.3274303923173176,.6612744160647605,-.4982867338400152,.7852168189315103,.191979212557603,bounded_vraem_province_subset,0,treat_18,drop_rounding_band,adjacent_categories,p1_mserd,313,74,239,135,178,15,120,59,119,38,122,0,0,1,1,0,.0035395770529093,.0035395770529093,.0058220988776561,.0058220988776561,33,23,1
prov_subset,cd,2018,10,vraem_prov_subset_0202,VRAEM provinces: APURIMAC / CHINCHEROS + AYACUCHO / LA MAR + HUANCAVELICA / TAYACAJA + JUNIN / HUANCAYO,4,571,51,34,31,.092905318455045,.1457333461127411,.3470306131670997,.6745265271715974,-.5344341572276256,.8259008494531078,.1763527750779894,bounded_vraem_province_subset,0,treat_18,drop_rounding_band,adjacent_categories,p1_mserd,181,51,130,89,92,12,77,39,53,32,67,0,0,1,1,0,.0052375325844809,.0052375325844809,.0080530269839344,.0080530269839344,33,18,1
prov_subset,cd,2019,1,vraem_prov_subset_0444,VRAEM provinces: AYACUCHO / HUANTA + AYACUCHO / LA MAR + CUSCO / LA CONVENCION + HUANCAVELICA / CHURCAMPA + JUNIN / HUANCAYO + JUNIN / CONCEPCION,6,1007,51,48,48,.4872074758556463,.5945771800883843,.2526609235238151,.0186095503804198,.0993708696810778,1.089783490495691,5.53783887158321,bounded_vraem_province_subset,0,treat_19,drop_rounding_band,adjacent_categories,p1_mserd,352,138,214,147,205,18,129,120,85,40,129,0,0,1,1,0,.0030790209122061,.0030790209122061,.0054621415385425,.0054621415385425,27,24,1
prov_subset,cd,2019,2,vraem_prov_subset_0510,VRAEM provinces: APURIMAC / CHINCHEROS + AYACUCHO / HUANTA + AYACUCHO / LA MAR + CUSCO / LA CONVENCION + HUANCAVELICA / CHURCAMPA + HUANCAVELICA / TAYACAJA + JUNIN / HUANCAYO + JUNIN / CONCEPCION,8,1132,53,58,59,.4569711094366076,.5670891399833691,.2494387559612106,.0229984484242436,.0781981619509207,1.055980118015817,5.168622301203424,bounded_vraem_province_subset,0,treat_19,drop_rounding_band,adjacent_categories,p1_mserd,392,166,226,167,225,27,140,139,86,41,134,0,0,1,1,0,.0027986826152478,.0027986826152478,.0052908094949313,.0052908094949313,30,23,1
prov_subset,cd,2019,3,vraem_prov_subset_0948,VRAEM provinces: AYACUCHO / HUANTA + CUSCO / LA CONVENCION + HUANCAVELICA / CHURCAMPA + JUNIN / HUANCAYO + JUNIN / CONCEPCION + JUNIN / SATIPO,6,941,85,48,46,.4613761186177234,.5459381183244277,.2582398805798582,.0345089801854718,.0397972530159812,1.052078983632874,4.469307257003695,bounded_vraem_province_subset,0,treat_19,drop_rounding_band,adjacent_categories,p1_mserd,389,164,225,168,221,26,142,138,83,45,134,0,0,1,1,0,.003796197733772,.003796197733772,.0057609569258236,.0057609569258236,50,35,1
prov_subset,cd,2019,4,vraem_prov_subset_0900,VRAEM provinces: AYACUCHO / HUANTA + JUNIN / HUANCAYO + JUNIN / CONCEPCION + JUNIN / SATIPO,4,730,89,37,35,.5095851166124585,.5700006234595931,.276459975582758,.0392283501064219,.0281490281505649,1.111852218768621,4.250951311138224,bounded_vraem_province_subset,0,treat_19,drop_rounding_band,adjacent_categories,p1_mserd,273,110,163,123,150,16,107,94,56,36,103,0,0,1,1,0,.0057140144933305,.0057140144933305,.0090767717644339,.0090767717644339,57,32,1
prov_subset,cd,2019,5,vraem_prov_subset_0932,VRAEM provinces: AYACUCHO / HUANTA + HUANCAVELICA / CHURCAMPA + JUNIN / HUANCAYO + JUNIN / CONCEPCION + JUNIN / SATIPO,5,837,84,45,43,.4815006717642427,.5388989964926624,.2631540258381032,.0405750626393543,.0231265834632575,1.054671409522067,4.193674442743294,bounded_vraem_province_subset,0,treat_19,drop_rounding_band,adjacent_categories,p1_mserd,347,154,193,150,197,23,127,131,66,43,122,0,0,1,1,0,.0041596778141511,.0041596778141511,.0060766119007677,.0060766119007677,52,32,1
prov_subset,cd,2019,6,vraem_prov_subset_0928,VRAEM provinces: HUANCAVELICA / CHURCAMPA + JUNIN / HUANCAYO + JUNIN / CONCEPCION + JUNIN / SATIPO,4,600,89,41,35,.4600652278798991,.5078114595674197,.2548115719761841,.0462734824532226,.0083899556500631,1.007232963484776,3.971610957101347,bounded_vraem_province_subset,0,treat_19,drop_rounding_band,adjacent_categories,p1_mserd,301,136,165,140,161,23,117,113,48,43,104,0,0,1,1,0,.0046734476840199,.0046734476840199,.0065904334877434,.0065904334877434,56,33,1
prov_subset,cd,2019,7,vraem_prov_subset_0944,VRAEM provinces: CUSCO / LA CONVENCION + HUANCAVELICA / CHURCAMPA + JUNIN / HUANCAYO + JUNIN / CONCEPCION + JUNIN / SATIPO,5,704,91,44,38,.429517979095223,.4992296770585612,.2506745890027265,.0464210238469737,.0079165107738371,.9905428433432854,3.966250735502093,bounded_vraem_province_subset,0,treat_19,drop_rounding_band,adjacent_categories,p1_mserd,343,146,197,158,185,26,132,120,65,45,117,0,0,1,1,0,.0042957868356806,.0042957868356806,.0060666291199955,.0060666291199955,55,36,1
prov_subset,cd,2019,8,vraem_prov_subset_0440,VRAEM provinces: AYACUCHO / LA MAR + CUSCO / LA CONVENCION + HUANCAVELICA / CHURCAMPA + JUNIN / HUANCAYO + JUNIN / CONCEPCION,5,770,66,44,40,.4017883363401249,.5007225931907442,.2521748920212803,.0470759375954725,.0064688870237579,.9949762993577305,3.942672360785378,bounded_vraem_province_subset,0,treat_19,drop_rounding_band,adjacent_categories,p1_mserd,306,120,186,137,169,18,119,102,67,40,112,0,0,1,1,0,.0035370366103826,.0035370366103826,.0056927746645997,.0056927746645997,39,27,1
prov_subset,cd,2019,9,vraem_prov_subset_0508,VRAEM provinces: AYACUCHO / HUANTA + AYACUCHO / LA MAR + CUSCO / LA CONVENCION + HUANCAVELICA / CHURCAMPA + HUANCAVELICA / TAYACAJA + JUNIN / HUANCAYO + JUNIN / CONCEPCION,7,1054,58,55,54,.3996282779114754,.4902576732056199,.250937213294168,.0507359331502855,-.0015702272317949,.9820855736430346,3.816969220512396,bounded_vraem_province_subset,0,treat_19,drop_rounding_band,adjacent_categories,p1_mserd,377,156,221,160,217,25,135,131,86,41,130,0,0,1,1,0,.0033428108285292,.0033428108285292,.0056510109290987,.0056510109290987,33,25,1
prov_subset,cd,2019,10,vraem_prov_subset_0492,VRAEM provinces: AYACUCHO / HUANTA + AYACUCHO / LA MAR + HUANCAVELICA / CHURCAMPA + HUANCAVELICA / TAYACAJA + JUNIN / HUANCAYO + JUNIN / CONCEPCION,6,950,54,52,51,.4010101665112876,.4773598894912074,.2538408508160506,.0600334389900015,-.0201590359132565,.9748788148956713,3.536460560583258,bounded_vraem_province_subset,0,treat_19,drop_rounding_band,adjacent_categories,p1_mserd,335,146,189,142,193,22,120,124,69,39,118,0,0,1,1,0,.0034141287288042,.0034141287288042,.0056385849567472,.0056385849567472,31,23,1
prov_subset,cd,2020,1,vraem_prov_subset_1008,VRAEM provinces: CUSCO / LA CONVENCION + HUANCAVELICA / CHURCAMPA + HUANCAVELICA / TAYACAJA + JUNIN / HUANCAYO + JUNIN / CONCEPCION + JUNIN / SATIPO,6,751,51,51,44,.8056227462504275,.9063500442375765,.2144025286747494,.000023648168473,.4861288098407515,1.326571278634401,17.87031114845562,bounded_vraem_province_subset,0,treat_20,drop_rounding_band,adjacent_categories,p1_mserd,368,196,172,171,197,44,127,152,45,46,120,0,0,1,1,0,.0025310367730154,.0025310367730154,.0048208841228831,.0048208841228831,28,23,1
prov_subset,cd,2020,2,vraem_prov_subset_0956,VRAEM provinces: AYACUCHO / HUANTA + AYACUCHO / LA MAR + CUSCO / LA CONVENCION + HUANCAVELICA / CHURCAMPA + JUNIN / HUANCAYO + JUNIN / CONCEPCION + JUNIN / SATIPO,7,1236,60,54,53,.7134113382512628,.8024982239250495,.2352554987862733,.000646830094545,.3414059191389475,1.263590528711152,11.63613076822267,bounded_vraem_province_subset,0,treat_20,drop_rounding_band,adjacent_categories,p1_mserd,436,220,216,185,251,39,146,181,70,45,147,0,0,1,1,0,.0027740318496203,.0027740318496203,.005280480004643,.005280480004643,31,29,1
prov_subset,cd,2020,3,vraem_prov_subset_0958,VRAEM provinces: APURIMAC / CHINCHEROS + AYACUCHO / HUANTA + AYACUCHO / LA MAR + CUSCO / LA CONVENCION + HUANCAVELICA / CHURCAMPA + JUNIN / HUANCAYO + JUNIN / CONCEPCION + JUNIN / SATIPO,8,1314,51,57,58,.712410655236364,.8089157368333109,.2422753182799005,.0008413248952483,.3340648386617274,1.283766635004894,11.14777573349924,bounded_vraem_province_subset,0,treat_20,drop_rounding_band,adjacent_categories,p1_mserd,451,230,221,192,259,41,151,189,70,45,151,0,0,1,1,0,.002466486921439,.002466486921439,.0048619177840351,.0048619177840351,28,23,1
prov_subset,cd,2020,4,vraem_prov_subset_0908,VRAEM provinces: AYACUCHO / HUANTA + AYACUCHO / LA MAR + JUNIN / HUANCAYO + JUNIN / CONCEPCION + JUNIN / SATIPO,5,1025,75,43,42,.5799652215467741,.6635808872439732,.1994965680598501,.0008801434929191,.2725747988073235,1.054586975680623,11.06412005886713,bounded_vraem_province_subset,0,treat_20,drop_rounding_band,adjacent_categories,p1_mserd,320,148,172,140,180,24,116,124,56,36,116,0,0,1,1,0,.0041312396926254,.0041312396926254,.00702632018803,.00702632018803,48,27,1
prov_subset,cd,2020,5,vraem_prov_subset_1020,VRAEM provinces: AYACUCHO / HUANTA + AYACUCHO / LA MAR + CUSCO / LA CONVENCION + HUANCAVELICA / CHURCAMPA + HUANCAVELICA / TAYACAJA + JUNIN / HUANCAYO + JUNIN / CONCEPCION + JUNIN / SATIPO,8,1283,56,61,59,.6866295576222051,.777176052623143,.2372409652865709,.0010532840240212,.312192305003947,1.242159800242339,10.7314759175541,bounded_vraem_province_subset,0,treat_20,drop_rounding_band,adjacent_categories,p1_mserd,461,239,222,198,263,46,152,193,70,46,148,0,0,1,1,0,.002653218501576,.002653218501576,.0051857377933414,.0051857377933414,29,27,1
prov_subset,cd,2020,6,vraem_prov_subset_0954,VRAEM provinces: APURIMAC / CHINCHEROS + AYACUCHO / LA MAR + CUSCO / LA CONVENCION + HUANCAVELICA / CHURCAMPA + JUNIN / HUANCAYO + JUNIN / CONCEPCION + JUNIN / SATIPO,7,1077,54,53,50,.6827738815859239,.7743243682919017,.239275504824436,.0012116621923524,.3053529964533673,1.243295740130436,10.47247594412378,bounded_vraem_province_subset,0,treat_20,drop_rounding_band,adjacent_categories,p1_mserd,405,204,201,182,223,40,142,164,59,45,136,0,0,1,1,0,.0026868243849514,.0026868243849514,.0051194340068454,.0051194340068454,29,25,1
prov_subset,cd,2020,7,vraem_prov_subset_1022,VRAEM provinces: APURIMAC / CHINCHEROS + AYACUCHO / HUANTA + AYACUCHO / LA MAR + CUSCO / LA CONVENCION + HUANCAVELICA / CHURCAMPA + HUANCAVELICA / TAYACAJA + JUNIN / HUANCAYO + JUNIN / CONCEPCION + JUNIN / SATIPO,9,1361,54,64,64,.6773339563286083,.7744274012813415,.2416928650471452,.0013544784998744,.3007180904686373,1.248136712094046,10.26676833107321,bounded_vraem_province_subset,0,treat_20,drop_rounding_band,adjacent_categories,p1_mserd,476,249,227,205,271,48,157,201,70,46,152,0,0,1,1,0,.0024345219284343,.0024345219284343,.0048510249450131,.0048510249450131,30,24,1
prov_subset,cd,2020,8,vraem_prov_subset_0924,VRAEM provinces: AYACUCHO / HUANTA + AYACUCHO / LA MAR + CUSCO / LA CONVENCION + JUNIN / HUANCAYO + JUNIN / CONCEPCION + JUNIN / SATIPO,6,1129,57,46,45,.6305939528212045,.7126290874844838,.226401584395527,.001645982338611,.2688901360264455,1.156368038942522,9.907593202076528,bounded_vraem_province_subset,0,treat_20,drop_rounding_band,adjacent_categories,p1_mserd,362,167,195,158,204,27,131,140,64,38,130,0,0,1,1,0,.0034389981689303,.0034389981689303,.005802472131797,.005802472131797,30,27,1
prov_subset,cd,2020,9,vraem_prov_subset_1018,VRAEM provinces: APURIMAC / CHINCHEROS + AYACUCHO / LA MAR + CUSCO / LA CONVENCION + HUANCAVELICA / CHURCAMPA + HUANCAVELICA / TAYACAJA + JUNIN / HUANCAYO + JUNIN / CONCEPCION + JUNIN / SATIPO,8,1124,57,60,56,.6523550186122811,.7442031225800805,.2395403727787232,.0018912672678567,.2747126190904844,1.213693626069676,9.65218269797097,bounded_vraem_province_subset,0,treat_20,drop_rounding_band,adjacent_categories,p1_mserd,430,223,207,195,235,47,148,176,59,46,137,0,0,1,1,0,.0026184431468391,.0026184431468391,.0050661199215101,.0050661199215101,31,26,1
prov_subset,cd,2020,10,vraem_prov_subset_0920,VRAEM provinces: AYACUCHO / LA MAR + CUSCO / LA CONVENCION + JUNIN / HUANCAYO + JUNIN / CONCEPCION + JUNIN / SATIPO,5,892,78,42,37,.5394389553295958,.616863013056133,.2021631596905993,.0022784316461669,.2206305010617388,1.013095525050527,9.31050908511553,bounded_vraem_province_subset,0,treat_20,drop_rounding_band,adjacent_categories,p1_mserd,316,141,175,148,168,26,122,115,53,38,111,0,0,1,1,0,.004033321624242,.004033321624242,.0064459988430881,.0064459988430881,49,29,1
prov_subset,cd,2021,1,vraem_prov_subset_0752,VRAEM provinces: CUSCO / LA CONVENCION + HUANCAVELICA / CHURCAMPA + HUANCAVELICA / TAYACAJA + JUNIN / HUANCAYO + JUNIN / SATIPO,5,638,50,42,35,.7107903976803016,.7972660240513796,.2514790403633025,.0015227740991106,.3043761620726123,1.290155886030147,10.05085308099739,bounded_vraem_province_subset,0,treat_21,drop_rounding_band,adjacent_categories,p1_mserd,319,172,147,148,171,39,109,133,38,46,111,0,0,1,1,0,.0029402262485305,.0029402262485305,.0052217376215982,.0052217376215982,27,23,1
prov_subset,cd,2021,2,vraem_prov_subset_0900,VRAEM provinces: AYACUCHO / HUANTA + JUNIN / HUANCAYO + JUNIN / CONCEPCION + JUNIN / SATIPO,4,730,61,37,35,.5769637938718564,.6699270137001737,.2225524323753184,.002610769446212,.2337322615727638,1.106121765827584,9.061295431207915,bounded_vraem_province_subset,0,treat_21,drop_rounding_band,adjacent_categories,p1_mserd,273,142,131,123,150,29,94,113,37,36,103,0,0,1,1,0,.0038858022412809,.0038858022412809,.006452456467209,.006452456467209,38,23,1
prov_subset,cd,2021,3,vraem_prov_subset_0754,VRAEM provinces: APURIMAC / CHINCHEROS + CUSCO / LA CONVENCION + HUANCAVELICA / CHURCAMPA + HUANCAVELICA / TAYACAJA + JUNIN / HUANCAYO + JUNIN / SATIPO,6,716,50,45,40,.6669215209645809,.7605353860939033,.2635782830385994,.0039088549626775,.2439314442313439,1.277139327956462,8.325677841301065,bounded_vraem_province_subset,0,treat_21,drop_rounding_band,adjacent_categories,p1_mserd,334,183,151,155,179,42,113,141,38,46,115,0,0,1,1,0,.0028439347293794,.0028439347293794,.0051372674020549,.0051372674020549,28,22,1
prov_subset,cd,2021,4,vraem_prov_subset_0898,VRAEM provinces: APURIMAC / CHINCHEROS + JUNIN / HUANCAYO + JUNIN / CONCEPCION + JUNIN / SATIPO,4,571,65,36,32,.4687353482216735,.557735243764949,.1961262561028671,.0044585157988501,.1733348453806505,.9421356421492475,8.086948947747683,bounded_vraem_province_subset,0,treat_21,drop_rounding_band,adjacent_categories,p1_mserd,242,127,115,120,122,31,89,96,26,38,87,0,0,1,1,0,.0043535018260029,.0043535018260029,.0071056608025735,.0071056608025735,43,22,1
prov_subset,cd,2021,5,vraem_prov_subset_0912,VRAEM provinces: CUSCO / LA CONVENCION + JUNIN / HUANCAYO + JUNIN / CONCEPCION + JUNIN / SATIPO,4,597,70,36,30,.5251344199472144,.6080200120892839,.2208809877266568,.0059105281848957,.175101231275403,1.040938792903165,7.57738015033867,bounded_vraem_province_subset,0,treat_21,drop_rounding_band,adjacent_categories,p1_mserd,269,135,134,131,138,31,100,104,34,38,97,0,0,1,1,0,.0039645292643215,.0039645292643215,.00621899015072,.00621899015072,44,26,1
prov_subset,cd,2021,6,vraem_prov_subset_0700,VRAEM provinces: AYACUCHO / HUANTA + AYACUCHO / LA MAR + CUSCO / LA CONVENCION + HUANCAVELICA / CHURCAMPA + JUNIN / HUANCAYO + JUNIN / SATIPO,6,1123,61,45,44,.5918213811968541,.6650455249235244,.2543533019400704,.0089318248460063,.1665222137721447,1.163568836074904,6.836408273936255,bounded_vraem_province_subset,0,treat_21,drop_rounding_band,adjacent_categories,p1_mserd,387,197,190,162,225,35,127,162,63,45,140,0,0,1,1,0,.0032305866599858,.0032305866599858,.0055547162670031,.0055547162670031,33,28,1
prov_subset,cd,2021,7,vraem_prov_subset_0916,VRAEM provinces: AYACUCHO / HUANTA + CUSCO / LA CONVENCION + JUNIN / HUANCAYO + JUNIN / CONCEPCION + JUNIN / SATIPO,5,834,51,40,38,.6005199321966472,.691718907856526,.2669333130771987,.0095598888948585,.1685392279512621,1.21489858776179,6.715119422498475,bounded_vraem_province_subset,0,treat_21,drop_rounding_band,adjacent_categories,p1_mserd,315,161,154,141,174,32,109,129,45,38,117,0,0,1,1,0,.0033063192599515,.0033063192599515,.0055528444024274,.0055528444024274,28,23,1
prov_subset,cd,2021,8,vraem_prov_subset_0960,VRAEM provinces: HUANCAVELICA / TAYACAJA + JUNIN / HUANCAYO + JUNIN / CONCEPCION + JUNIN / SATIPO,4,540,66,40,33,.4758103628642216,.5367235203152114,.2094070893674301,.0103753280647614,.1262931670476881,.9471538735827347,6.569290904535453,bounded_vraem_province_subset,0,treat_21,drop_rounding_band,adjacent_categories,p1_mserd,252,135,117,126,126,35,91,100,26,37,87,0,0,1,1,0,.0040732060613427,.0040732060613427,.0064154175184285,.0064154175184285,43,23,1
prov_subset,cd,2021,9,vraem_prov_subset_0928,VRAEM provinces: HUANCAVELICA / CHURCAMPA + JUNIN / HUANCAYO + JUNIN / CONCEPCION + JUNIN / SATIPO,4,600,80,41,35,.4704559000204005,.5158731927873879,.2040803749746132,.0114781604680597,.1158830078857166,.915863377689059,6.389743631327344,bounded_vraem_province_subset,0,treat_21,drop_rounding_band,adjacent_categories,p1_mserd,301,170,131,140,161,40,100,130,31,43,104,0,0,1,1,0,.004050019566615,.004050019566615,.0063247679495382,.0063247679495382,50,30,1
prov_subset,cd,2021,10,vraem_prov_subset_0948,VRAEM provinces: AYACUCHO / HUANTA + CUSCO / LA CONVENCION + HUANCAVELICA / CHURCAMPA + JUNIN / HUANCAYO + JUNIN / CONCEPCION + JUNIN / SATIPO,6,941,58,48,46,.5761760149846209,.652712053528036,.2584019659868463,.011538385873531,.1462535066594732,1.159170600396599,6.380454830896021,bounded_vraem_province_subset,0,treat_21,drop_rounding_band,adjacent_categories,p1_mserd,389,215,174,168,221,44,124,171,50,45,134,0,0,1,1,0,.0030529327133662,.0030529327133662,.0053445093162396,.0053445093162396,30,28,1
prov_subset,cd,2022,1,vraem_prov_subset_0660,VRAEM provinces: AYACUCHO / HUANTA + CUSCO / LA CONVENCION + JUNIN / HUANCAYO + JUNIN / SATIPO,4,721,75,31,29,.4659325449794316,.5959634466869245,.2252982342130359,.0081637764932424,.1543870218489045,1.037539871524944,6.997190059643636,bounded_vraem_province_subset,0,treat_22,drop_rounding_band,adjacent_categories,p1_mserd,266,166,100,118,148,55,63,111,37,38,109,0,0,1,1,0,.0051858755930439,.0051858755930439,.0086748772074119,.0086748772074119,47,28,1
prov_subset,cd,2022,2,vraem_prov_subset_0916,VRAEM provinces: AYACUCHO / HUANTA + CUSCO / LA CONVENCION + JUNIN / HUANCAYO + JUNIN / CONCEPCION + JUNIN / SATIPO,5,834,88,40,38,.3894845062143759,.4934932481403511,.186937255485711,.0082933651597209,.1271029600195949,.8598835362611073,6.969003868950327,bounded_vraem_province_subset,0,treat_22,drop_rounding_band,adjacent_categories,p1_mserd,315,205,110,141,174,69,72,136,38,38,117,0,0,1,1,0,.0050774482329797,.0050774482329797,.0087069538813921,.0087069538813921,55,33,1
prov_subset,cd,2022,3,vraem_prov_subset_0912,VRAEM provinces: CUSCO / LA CONVENCION + JUNIN / HUANCAYO + JUNIN / CONCEPCION + JUNIN / SATIPO,4,597,77,36,30,.4114868216531986,.5153931908546356,.1958112334741363,.0084860867610542,.1316102254769647,.8991761562323066,6.927908557701737,bounded_vraem_province_subset,0,treat_22,drop_rounding_band,adjacent_categories,p1_mserd,269,177,92,131,138,68,63,109,29,38,97,0,0,1,1,0,.0047325833574934,.0047325833574934,.007667813877977,.007667813877977,49,28,1
prov_subset,cd,2022,4,vraem_prov_subset_0396,VRAEM provinces: AYACUCHO / HUANTA + AYACUCHO / LA MAR + JUNIN / HUANCAYO + JUNIN / CONCEPCION,4,796,50,37,37,.4402238857456987,.5534824286987121,.2206402998884886,.0121235268401637,.1210353873791576,.9859294700182666,6.292714056994304,bounded_vraem_province_subset,0,treat_22,drop_rounding_band,adjacent_categories,p1_mserd,236,135,101,102,134,35,67,100,34,31,94,0,0,1,1,0,.0040812830147453,.0040812830147453,.0075885875642446,.0075885875642446,32,18,1
prov_subset,cd,2022,5,vraem_prov_subset_0914,VRAEM provinces: APURIMAC / CHINCHEROS + CUSCO / LA CONVENCION + JUNIN / HUANCAYO + JUNIN / CONCEPCION + JUNIN / SATIPO,5,675,80,39,35,.3515875186368604,.4541346268797155,.1882051645973677,.0158228426008329,.0852592825644421,.823009971194989,5.822455269736133,bounded_vraem_province_subset,0,treat_22,drop_rounding_band,adjacent_categories,p1_mserd,284,189,95,138,146,72,66,117,29,40,102,0,0,1,1,0,.0047442121256994,.0047442121256994,.0076950646095365,.0076950646095365,51,29,1
prov_subset,cd,2022,6,vraem_prov_subset_0956,VRAEM provinces: AYACUCHO / HUANTA + AYACUCHO / LA MAR + CUSCO / LA CONVENCION + HUANCAVELICA / CHURCAMPA + JUNIN / HUANCAYO + JUNIN / CONCEPCION + JUNIN / SATIPO,7,1236,112,54,53,.3041845879744407,.3808328975201509,.1611589713372739,.018123345441938,.0649671179135712,.6966986771267307,5.584186838916826,bounded_vraem_province_subset,0,treat_22,drop_rounding_band,adjacent_categories,p1_mserd,436,300,136,185,251,99,86,201,50,45,147,0,0,1,1,0,.0045236355193325,.0045236355193325,.0077028587587174,.0077028587587174,68,44,1
prov_subset,cd,2022,7,vraem_prov_subset_0918,VRAEM provinces: APURIMAC / CHINCHEROS + AYACUCHO / HUANTA + CUSCO / LA CONVENCION + JUNIN / HUANCAYO + JUNIN / CONCEPCION + JUNIN / SATIPO,6,912,91,43,43,.3226569718298873,.4254120980511598,.1813273994209174,.0189710487556916,.0700169257758527,.7808072703264668,5.504182267008315,bounded_vraem_province_subset,0,treat_22,drop_rounding_band,adjacent_categories,p1_mserd,330,217,113,148,182,73,75,144,38,40,121,0,0,1,1,0,.0051005796519777,.0051005796519777,.0087482206536501,.0087482206536501,57,34,1
prov_subset,cd,2022,8,vraem_prov_subset_0940,VRAEM provinces: AYACUCHO / HUANTA + AYACUCHO / LA MAR + HUANCAVELICA / CHURCAMPA + JUNIN / HUANCAYO + JUNIN / CONCEPCION + JUNIN / SATIPO,6,1132,94,51,50,.2928851060991187,.3604225287925493,.1546140385071695,.0197474927977119,.0573845818142081,.6634604757708905,5.434079787142876,bounded_vraem_province_subset,0,treat_22,drop_rounding_band,adjacent_categories,p1_mserd,394,271,123,167,227,87,80,184,43,43,135,0,0,1,1,0,.0043735798270052,.0043735798270052,.007455723514957,.007455723514957,57,37,1
prov_subset,cd,2022,9,vraem_prov_subset_0700,VRAEM provinces: AYACUCHO / HUANTA + AYACUCHO / LA MAR + CUSCO / LA CONVENCION + HUANCAVELICA / CHURCAMPA + JUNIN / HUANCAYO + JUNIN / SATIPO,6,1123,86,45,44,.3900133209456507,.4756831428453758,.2058702363172705,.0208551271498293,.0721848941747759,.8791813915159757,5.338858326291243,bounded_vraem_province_subset,0,treat_22,drop_rounding_band,adjacent_categories,p1_mserd,387,261,126,162,225,85,77,176,49,45,140,0,0,1,1,0,.0040789726494126,.0040789726494126,.0067268893441425,.0067268893441425,50,36,1
prov_subset,cd,2022,10,vraem_prov_subset_0996,VRAEM provinces: AYACUCHO / HUANTA + HUANCAVELICA / CHURCAMPA + HUANCAVELICA / TAYACAJA + JUNIN / HUANCAYO + JUNIN / CONCEPCION + JUNIN / SATIPO,6,884,97,52,49,.2958246065043817,.3653250959424517,.1606756861977308,.0229852328745097,.0504065378036399,.6802436540812634,5.169620791882174,bounded_vraem_province_subset,0,treat_22,drop_rounding_band,adjacent_categories,p1_mserd,372,267,105,163,209,91,72,176,33,44,125,0,0,1,1,0,.0044900403855781,.0044900403855781,.0078425823560196,.0078425823560196,59,38,1
prov_subset,cd,2023,1,vraem_prov_subset_0964,VRAEM provinces: AYACUCHO / HUANTA + HUANCAVELICA / TAYACAJA + JUNIN / HUANCAYO + JUNIN / CONCEPCION + JUNIN / SATIPO,5,777,70,44,41,.3772814213925857,.4763643814282088,.1834580252742711,.0094155569116179,.1167932592157985,.8359355036406191,6.74225436626339,bounded_vraem_province_subset,0,treat_23,drop_rounding_band,adjacent_categories,p1_mserd,298,225,73,136,162,89,47,136,26,37,108,0,0,1,1,0,.0040797059871341,.0040797059871341,.0075723214698687,.0075723214698687,45,25,1
prov_subset,cd,2023,2,vraem_prov_subset_0960,VRAEM provinces: HUANCAVELICA / TAYACAJA + JUNIN / HUANCAYO + JUNIN / CONCEPCION + JUNIN / SATIPO,4,540,66,40,33,.3675797439797051,.4651823479034514,.1807243057734637,.010053351314934,.1109692174564585,.8193954783504442,6.62541859760463,bounded_vraem_province_subset,0,treat_23,drop_rounding_band,adjacent_categories,p1_mserd,252,189,63,126,126,84,42,105,21,37,87,0,0,1,1,0,.0042638402598712,.0042638402598712,.0078698328905098,.0078698328905098,43,23,1
prov_subset,cd,2023,3,vraem_prov_subset_0708,VRAEM provinces: AYACUCHO / HUANTA + HUANCAVELICA / TAYACAJA + JUNIN / HUANCAYO + JUNIN / SATIPO,4,664,55,35,32,.4809333634628881,.5957648102127511,.2354760530956081,.0114048175314879,.1342402269237178,1.057289393501784,6.401123392635617,bounded_vraem_province_subset,0,treat_23,drop_rounding_band,adjacent_categories,p1_mserd,249,183,66,113,136,72,41,111,25,37,100,0,0,1,1,0,.0039622119232501,.0039622119232501,.0069548044154897,.0069548044154897,35,20,1
prov_subset,cd,2023,4,vraem_prov_subset_0920,VRAEM provinces: AYACUCHO / LA MAR + CUSCO / LA CONVENCION + JUNIN / HUANCAYO + JUNIN / CONCEPCION + JUNIN / SATIPO,5,892,79,42,37,.3688591637686829,.469560755126303,.1857336995451297,.0114668687233515,.1055293933024654,.8335921169501407,6.39149076953317,bounded_vraem_province_subset,0,treat_23,drop_rounding_band,adjacent_categories,p1_mserd,316,222,94,148,168,92,56,130,38,38,111,0,0,1,1,0,.0041251946022565,.0041251946022565,.0073256784932665,.0073256784932665,49,30,1
prov_subset,cd,2023,5,vraem_prov_subset_0962,VRAEM provinces: APURIMAC / CHINCHEROS + HUANCAVELICA / TAYACAJA + JUNIN / HUANCAYO + JUNIN / CONCEPCION + JUNIN / SATIPO,5,618,68,43,38,.3290771168626629,.4285281470710907,.1734103754641133,.0134668242746375,.0886500566158605,.7684062375263208,6.106727612104259,bounded_vraem_province_subset,0,treat_23,drop_rounding_band,adjacent_categories,p1_mserd,267,201,66,133,134,88,45,113,21,39,92,0,0,1,1,0,.0041068146082541,.0041068146082541,.0074789306511355,.0074789306511355,45,23,1
prov_subset,cd,2023,6,vraem_prov_subset_0924,VRAEM provinces: AYACUCHO / HUANTA + AYACUCHO / LA MAR + CUSCO / LA CONVENCION + JUNIN / HUANCAYO + JUNIN / CONCEPCION + JUNIN / SATIPO,6,1129,77,46,45,.3805563955609574,.476486253503468,.1933778996730353,.0137389949182594,.0974725347383191,.8554999722686168,6.071375221919828,bounded_vraem_province_subset,0,treat_23,drop_rounding_band,adjacent_categories,p1_mserd,362,258,104,158,204,97,61,161,43,38,130,0,0,1,1,0,.0038802159730857,.0038802159730857,.0068532135047137,.0068532135047137,46,31,1
prov_subset,cd,2023,7,vraem_prov_subset_0922,VRAEM provinces: APURIMAC / CHINCHEROS + AYACUCHO / LA MAR + CUSCO / LA CONVENCION + JUNIN / HUANCAYO + JUNIN / CONCEPCION + JUNIN / SATIPO,6,970,83,45,42,.3298554760716563,.4304814452013821,.1751386300303909,.0139733849945598,.0872160380401308,.7737468523626334,6.041502751243846,bounded_vraem_province_subset,0,treat_23,drop_rounding_band,adjacent_categories,p1_mserd,331,234,97,155,176,96,59,138,38,40,116,0,0,1,1,0,.0041807484810682,.0041807484810682,.0074821913593104,.0074821913593104,53,30,1
prov_subset,cd,2023,8,vraem_prov_subset_0668,VRAEM provinces: AYACUCHO / HUANTA + AYACUCHO / LA MAR + CUSCO / LA CONVENCION + JUNIN / HUANCAYO + JUNIN / SATIPO,5,1016,75,37,36,.4245318941521123,.5338848771876374,.2176479131166655,.0141680207558791,.1073028061686703,.9604669482066046,6.017086069097296,bounded_vraem_province_subset,0,treat_23,drop_rounding_band,adjacent_categories,p1_mserd,313,216,97,135,178,80,55,136,42,38,122,0,0,1,1,0,.0044356954607793,.0044356954607793,.007722220663675,.007722220663675,47,28,1
prov_subset,cd,2023,9,vraem_prov_subset_0966,VRAEM provinces: APURIMAC / CHINCHEROS + AYACUCHO / HUANTA + HUANCAVELICA / TAYACAJA + JUNIN / HUANCAYO + JUNIN / CONCEPCION + JUNIN / SATIPO,6,855,72,47,46,.3423245817643035,.4378299560841175,.1785173348740805,.0141831616550136,.0879424091148435,.7877175030533914,6.015201163245698,bounded_vraem_province_subset,0,treat_23,drop_rounding_band,adjacent_categories,p1_mserd,313,237,76,143,170,93,50,144,26,39,113,0,0,1,1,0,.0039504989012817,.0039504989012817,.0071526276657336,.0071526276657336,47,25,1
prov_subset,cd,2023,10,vraem_prov_subset_0710,VRAEM provinces: APURIMAC / CHINCHEROS + AYACUCHO / HUANTA + HUANCAVELICA / TAYACAJA + JUNIN / HUANCAYO + JUNIN / SATIPO,5,742,57,38,37,.4114207280204869,.5279923011264431,.2156682358040385,.014358426797532,.1052903263412359,.9506942759116503,5.993531723779209,bounded_vraem_province_subset,0,treat_23,drop_rounding_band,adjacent_categories,p1_mserd,264,195,69,120,144,76,44,119,25,39,105,0,0,1,1,0,.0040605228927203,.0040605228927203,.0071765867600595,.0071765867600595,37,20,1
prov_subset,de,2011,1,vraem_prov_subset_0844,VRAEM provinces: AYACUCHO / HUANTA + AYACUCHO / LA MAR + HUANCAVELICA / TAYACAJA + JUNIN / CONCEPCION + JUNIN / SATIPO,5,921,59,21,32,.0918635164256779,.1201356792158381,.1156662533946712,.2989718663848398,-.1065660116644011,.3468373700960774,1.078774518488094,bounded_vraem_province_subset,0,treat_11,drop_rounding_band,adjacent_categories,p1_mserd,150,20,130,54,96,4,50,16,80,9,30,5,5,1,1,0,.0033509926655239,.0033509926655239,.0054726233831436,.0054726233831436,24,35,1
prov_subset,de,2011,2,vraem_prov_subset_0965,VRAEM provinces: APURIMAC / ANDAHUAYLAS + AYACUCHO / HUANTA + HUANCAVELICA / TAYACAJA + JUNIN / HUANCAYO + JUNIN / CONCEPCION + JUNIN / SATIPO,6,870,57,34,50,.0409602346242131,.0969033472864262,.2343138617913484,.6791947888588847,-.3623433829031125,.5561500774759649,.1710336618996312,bounded_vraem_province_subset,0,treat_11,drop_rounding_band,adjacent_categories,p1_mserd,219,30,189,78,141,5,73,25,116,10,37,7,7,1,1,0,.0020793106866246,.0020793106866246,.0038276097725269,.0038276097725269,25,32,1
prov_subset,de,2011,3,vraem_prov_subset_0725,VRAEM provinces: APURIMAC / ANDAHUAYLAS + AYACUCHO / HUANTA + CUSCO / LA CONVENCION + HUANCAVELICA / TAYACAJA + JUNIN / HUANCAYO + JUNIN / SATIPO,6,861,52,33,44,.0215819195840878,.0669549514466737,.2141243353500174,.7545147281015633,-.352721034052937,.4866309369462845,.0977762424040109,bounded_vraem_province_subset,0,treat_11,drop_rounding_band,adjacent_categories,p1_mserd,207,27,180,70,137,2,68,25,112,10,39,6,6,1,1,0,.0020279605261551,.0020279605261551,.0037364063586909,.0037364063586909,22,30,1
prov_subset,de,2011,4,vraem_prov_subset_0981,VRAEM provinces: APURIMAC / ANDAHUAYLAS + AYACUCHO / HUANTA + CUSCO / LA CONVENCION + HUANCAVELICA / TAYACAJA + JUNIN / HUANCAYO + JUNIN / CONCEPCION + JUNIN / SATIPO,7,974,62,39,53,.0198584339279098,.0685075043556043,.2251062187253967,.7608733485309969,-.3726925770421691,.5097075857533777,.0926192603094164,bounded_vraem_province_subset,0,treat_11,drop_rounding_band,adjacent_categories,p1_mserd,251,33,218,93,158,5,88,28,130,10,39,8,8,1,1,0,.0019853356505335,.0019853356505335,.0035972226984784,.0035972226984784,27,35,1
prov_subset,de,2011,5,vraem_prov_subset_0973,VRAEM provinces: APURIMAC / ANDAHUAYLAS + AYACUCHO / HUANTA + AYACUCHO / LA MAR + HUANCAVELICA / TAYACAJA + JUNIN / HUANCAYO + JUNIN / CONCEPCION + JUNIN / SATIPO,7,1165,60,36,56,.0214437901811818,.0625733845757706,.2242633590715077,.7802314537297437,-.3769747222563584,.5021214914078995,.0778507224727126,bounded_vraem_province_subset,0,treat_11,drop_rounding_band,adjacent_categories,p1_mserd,239,31,208,81,158,5,76,26,132,10,37,7,7,1,1,0,.0020320207638702,.0020320207638702,.003770622268134,.003770622268134,27,33,1
prov_subset,de,2011,6,vraem_prov_subset_0964,VRAEM provinces: AYACUCHO / HUANTA + HUANCAVELICA / TAYACAJA + JUNIN / HUANCAYO + JUNIN / CONCEPCION + JUNIN / SATIPO,5,777,54,31,43,.0199453652883828,.0534130214274938,.2044063706816787,.7938549920080441,-.3472161033191403,.4540421461741279,.0682818747436272,bounded_vraem_province_subset,0,treat_11,drop_rounding_band,adjacent_categories,p1_mserd,204,22,182,75,129,4,71,18,111,10,36,7,7,1,1,0,.0021211035918721,.0021211035918721,.0040776268556936,.0040776268556936,24,30,1
prov_subset,de,2011,7,vraem_prov_subset_0717,VRAEM provinces: APURIMAC / ANDAHUAYLAS + AYACUCHO / HUANTA + AYACUCHO / LA MAR + HUANCAVELICA / TAYACAJA + JUNIN / HUANCAYO + JUNIN / SATIPO,6,1052,50,30,47,.0146362238828914,.0488513183287019,.2196302130854166,.8239828103726859,-.3816159892355723,.4793186258929761,.0494730187267098,bounded_vraem_province_subset,0,treat_11,drop_rounding_band,adjacent_categories,p1_mserd,195,25,170,58,137,2,56,23,114,9,37,5,5,1,1,0,.0020432732236184,.0020432732236184,.0039383068330038,.0039383068330038,22,28,1
prov_subset,de,2011,8,vraem_prov_subset_0980,VRAEM provinces: AYACUCHO / HUANTA + CUSCO / LA CONVENCION + HUANCAVELICA / TAYACAJA + JUNIN / HUANCAYO + JUNIN / CONCEPCION + JUNIN / SATIPO,6,881,59,36,46,.0096321443491149,.0412901673532732,.1913804224953318,.8291832713811558,-.3338085680836362,.4163889027901826,.0465477044586279,bounded_vraem_province_subset,0,treat_11,drop_rounding_band,adjacent_categories,p1_mserd,236,25,211,90,146,4,86,21,125,10,38,8,8,1,1,0,.0020605409193107,.0020605409193107,.0038061162167955,.0038061162167955,26,33,1
prov_subset,de,2011,9,vraem_prov_subset_0989,VRAEM provinces: APURIMAC / ANDAHUAYLAS + AYACUCHO / HUANTA + AYACUCHO / LA MAR + CUSCO / LA CONVENCION + HUANCAVELICA / TAYACAJA + JUNIN / HUANCAYO + JUNIN / CONCEPCION + JUNIN / SATIPO,8,1269,65,41,59,.0087912665239051,.046035124571511,.2144284420396966,.8300109019237123,-.3742368990873287,.4663071482303508,.0460907595429949,bounded_vraem_province_subset,0,treat_11,drop_rounding_band,adjacent_categories,p1_mserd,271,34,237,96,175,5,91,29,146,10,39,8,8,1,1,0,.0019748219722291,.0019748219722291,.0035509746224886,.0035509746224886,29,36,1
prov_subset,de,2011,10,vraem_prov_subset_0733,VRAEM provinces: APURIMAC / ANDAHUAYLAS + AYACUCHO / HUANTA + AYACUCHO / LA MAR + CUSCO / LA CONVENCION + HUANCAVELICA / TAYACAJA + JUNIN / HUANCAYO + JUNIN / SATIPO,7,1156,55,35,50,.0119077446278111,.0416509460800273,.201117416682648,.8359335907001501,-.3525319472816977,.4358338394417522,.0428894401592349,bounded_vraem_province_subset,0,treat_11,drop_rounding_band,adjacent_categories,p1_mserd,227,28,199,73,154,2,71,26,128,10,39,6,6,1,1,0,.00197742098242,.00197742098242,.0036769099517208,.0036769099517208,24,31,1
prov_subset,de,2012,1,vraem_prov_subset_0965,VRAEM provinces: APURIMAC / ANDAHUAYLAS + AYACUCHO / HUANTA + HUANCAVELICA / TAYACAJA + JUNIN / HUANCAYO + JUNIN / CONCEPCION + JUNIN / SATIPO,6,870,57,34,50,.0228052223306811,.0535621876927876,.2392914846834895,.8228844648681972,-.4154405040939695,.5225648794795448,.0501028148044819,bounded_vraem_province_subset,0,treat_12,drop_rounding_band,adjacent_categories,p1_mserd,219,33,186,78,141,6,72,27,114,10,37,7,7,1,1,0,.0021311647487561,.0021311647487561,.003883609437939,.003883609437939,25,32,1
prov_subset,de,2012,2,vraem_prov_subset_0901,VRAEM provinces: APURIMAC / ANDAHUAYLAS + AYACUCHO / HUANTA + JUNIN / HUANCAYO + JUNIN / CONCEPCION + JUNIN / SATIPO,5,823,51,27,43,.0156229824763502,.0178568406935394,.2211271825389749,.9356378206914084,-.4155444730856656,.4512581544727445,.0065211619137062,bounded_vraem_province_subset,0,treat_12,drop_rounding_band,adjacent_categories,p1_mserd,198,25,173,69,129,4,65,21,108,10,36,6,6,1,1,0,.002119906143228,.002119906143228,.0039107417185974,.0039107417185974,23,28,1
prov_subset,de,2013,1,vraem_prov_subset_0965,VRAEM provinces: APURIMAC / ANDAHUAYLAS + AYACUCHO / HUANTA + HUANCAVELICA / TAYACAJA + JUNIN / HUANCAYO + JUNIN / CONCEPCION + JUNIN / SATIPO,6,870,57,34,50,.0228052223306811,.0535621876927876,.2392914846834895,.8228844648681972,-.4154405040939695,.5225648794795448,.0501028148044819,bounded_vraem_province_subset,0,treat_13,drop_rounding_band,adjacent_categories,p1_mserd,219,33,186,78,141,6,72,27,114,10,37,7,7,1,1,0,.0021311647487561,.0021311647487561,.003883609437939,.003883609437939,25,32,1
prov_subset,de,2013,2,vraem_prov_subset_0901,VRAEM provinces: APURIMAC / ANDAHUAYLAS + AYACUCHO / HUANTA + JUNIN / HUANCAYO + JUNIN / CONCEPCION + JUNIN / SATIPO,5,823,51,27,43,.0156229824763502,.0178568406935394,.2211271825389749,.9356378206914084,-.4155444730856656,.4512581544727445,.0065211619137062,bounded_vraem_province_subset,0,treat_13,drop_rounding_band,adjacent_categories,p1_mserd,198,25,173,69,129,4,65,21,108,10,36,6,6,1,1,0,.002119906143228,.002119906143228,.0039107417185974,.0039107417185974,23,28,1
prov_subset,de,2014,1,vraem_prov_subset_0965,VRAEM provinces: APURIMAC / ANDAHUAYLAS + AYACUCHO / HUANTA + HUANCAVELICA / TAYACAJA + JUNIN / HUANCAYO + JUNIN / CONCEPCION + JUNIN / SATIPO,6,870,57,34,50,.0228052223306811,.0535621876927876,.2392914846834895,.8228844648681972,-.4154405040939695,.5225648794795448,.0501028148044819,bounded_vraem_province_subset,0,treat_14,drop_rounding_band,adjacent_categories,p1_mserd,219,33,186,78,141,6,72,27,114,10,37,7,7,1,1,0,.0021311647487561,.0021311647487561,.003883609437939,.003883609437939,25,32,1
prov_subset,de,2014,2,vraem_prov_subset_0901,VRAEM provinces: APURIMAC / ANDAHUAYLAS + AYACUCHO / HUANTA + JUNIN / HUANCAYO + JUNIN / CONCEPCION + JUNIN / SATIPO,5,823,51,27,43,.0156229824763502,.0178568406935394,.2211271825389749,.9356378206914084,-.4155444730856656,.4512581544727445,.0065211619137062,bounded_vraem_province_subset,0,treat_14,drop_rounding_band,adjacent_categories,p1_mserd,198,25,173,69,129,4,65,21,108,10,36,6,6,1,1,0,.002119906143228,.002119906143228,.0039107417185974,.0039107417185974,23,28,1
prov_subset,de,2015,1,vraem_prov_subset_0965,VRAEM provinces: APURIMAC / ANDAHUAYLAS + AYACUCHO / HUANTA + HUANCAVELICA / TAYACAJA + JUNIN / HUANCAYO + JUNIN / CONCEPCION + JUNIN / SATIPO,6,870,57,34,50,.0228052223306811,.0535621876927876,.2392914846834895,.8228844648681972,-.4154405040939695,.5225648794795448,.0501028148044819,bounded_vraem_province_subset,0,treat_15,drop_rounding_band,adjacent_categories,p1_mserd,219,33,186,78,141,6,72,27,114,10,37,7,7,1,1,0,.0021311647487561,.0021311647487561,.003883609437939,.003883609437939,25,32,1
prov_subset,de,2015,2,vraem_prov_subset_0901,VRAEM provinces: APURIMAC / ANDAHUAYLAS + AYACUCHO / HUANTA + JUNIN / HUANCAYO + JUNIN / CONCEPCION + JUNIN / SATIPO,5,823,51,27,43,.0156229824763502,.0178568406935394,.2211271825389749,.9356378206914084,-.4155444730856656,.4512581544727445,.0065211619137062,bounded_vraem_province_subset,0,treat_15,drop_rounding_band,adjacent_categories,p1_mserd,198,25,173,69,129,4,65,21,108,10,36,6,6,1,1,0,.002119906143228,.002119906143228,.0039107417185974,.0039107417185974,23,28,1
prov_subset,de,2016,1,vraem_prov_subset_0965,VRAEM provinces: APURIMAC / ANDAHUAYLAS + AYACUCHO / HUANTA + HUANCAVELICA / TAYACAJA + JUNIN / HUANCAYO + JUNIN / CONCEPCION + JUNIN / SATIPO,6,870,57,34,50,.0228052223306811,.0535621876927876,.2392914846834895,.8228844648681972,-.4154405040939695,.5225648794795448,.0501028148044819,bounded_vraem_province_subset,0,treat_16,drop_rounding_band,adjacent_categories,p1_mserd,219,33,186,78,141,6,72,27,114,10,37,7,7,1,1,0,.0021311647487561,.0021311647487561,.003883609437939,.003883609437939,25,32,1
prov_subset,de,2016,2,vraem_prov_subset_0901,VRAEM provinces: APURIMAC / ANDAHUAYLAS + AYACUCHO / HUANTA + JUNIN / HUANCAYO + JUNIN / CONCEPCION + JUNIN / SATIPO,5,823,51,27,43,.0156229824763502,.0178568406935394,.2211271825389749,.9356378206914084,-.4155444730856656,.4512581544727445,.0065211619137062,bounded_vraem_province_subset,0,treat_16,drop_rounding_band,adjacent_categories,p1_mserd,198,25,173,69,129,4,65,21,108,10,36,6,6,1,1,0,.002119906143228,.002119906143228,.0039107417185974,.0039107417185974,23,28,1
prov_subset,de,2017,1,vraem_prov_subset_0965,VRAEM provinces: APURIMAC / ANDAHUAYLAS + AYACUCHO / HUANTA + HUANCAVELICA / TAYACAJA + JUNIN / HUANCAYO + JUNIN / CONCEPCION + JUNIN / SATIPO,6,870,57,34,50,.0228052223306811,.0535621876927876,.2392914846834895,.8228844648681972,-.4154405040939695,.5225648794795448,.0501028148044819,bounded_vraem_province_subset,0,treat_17,drop_rounding_band,adjacent_categories,p1_mserd,219,33,186,78,141,6,72,27,114,10,37,7,7,1,1,0,.0021311647487561,.0021311647487561,.003883609437939,.003883609437939,25,32,1
prov_subset,de,2017,2,vraem_prov_subset_0901,VRAEM provinces: APURIMAC / ANDAHUAYLAS + AYACUCHO / HUANTA + JUNIN / HUANCAYO + JUNIN / CONCEPCION + JUNIN / SATIPO,5,823,51,27,43,.0156229824763502,.0178568406935394,.2211271825389749,.9356378206914084,-.4155444730856656,.4512581544727445,.0065211619137062,bounded_vraem_province_subset,0,treat_17,drop_rounding_band,adjacent_categories,p1_mserd,198,25,173,69,129,4,65,21,108,10,36,6,6,1,1,0,.002119906143228,.002119906143228,.0039107417185974,.0039107417185974,23,28,1
prov_subset,de,2018,1,vraem_prov_subset_0965,VRAEM provinces: APURIMAC / ANDAHUAYLAS + AYACUCHO / HUANTA + HUANCAVELICA / TAYACAJA + JUNIN / HUANCAYO + JUNIN / CONCEPCION + JUNIN / SATIPO,6,870,57,34,50,.0228052223306811,.0535621876927876,.2392914846834895,.8228844648681972,-.4154405040939695,.5225648794795448,.0501028148044819,bounded_vraem_province_subset,0,treat_18,drop_rounding_band,adjacent_categories,p1_mserd,219,33,186,78,141,6,72,27,114,10,37,7,7,1,1,0,.0021311647487561,.0021311647487561,.003883609437939,.003883609437939,25,32,1
prov_subset,de,2018,2,vraem_prov_subset_0901,VRAEM provinces: APURIMAC / ANDAHUAYLAS + AYACUCHO / HUANTA + JUNIN / HUANCAYO + JUNIN / CONCEPCION + JUNIN / SATIPO,5,823,51,27,43,.0156229824763502,.0178568406935394,.2211271825389749,.9356378206914084,-.4155444730856656,.4512581544727445,.0065211619137062,bounded_vraem_province_subset,0,treat_18,drop_rounding_band,adjacent_categories,p1_mserd,198,25,173,69,129,4,65,21,108,10,36,6,6,1,1,0,.002119906143228,.002119906143228,.0039107417185974,.0039107417185974,23,28,1
prov_subset,de,2019,1,vraem_prov_subset_0965,VRAEM provinces: APURIMAC / ANDAHUAYLAS + AYACUCHO / HUANTA + HUANCAVELICA / TAYACAJA + JUNIN / HUANCAYO + JUNIN / CONCEPCION + JUNIN / SATIPO,6,870,57,34,50,.0228052223306811,.0535621876927876,.2392914846834895,.8228844648681972,-.4154405040939695,.5225648794795448,.0501028148044819,bounded_vraem_province_subset,0,treat_19,drop_rounding_band,adjacent_categories,p1_mserd,219,34,185,78,141,6,72,28,113,10,37,7,7,1,1,0,.0021311647487561,.0021311647487561,.003883609437939,.003883609437939,25,32,1
prov_subset,de,2019,2,vraem_prov_subset_0909,VRAEM provinces: APURIMAC / ANDAHUAYLAS + AYACUCHO / HUANTA + AYACUCHO / LA MAR + JUNIN / HUANCAYO + JUNIN / CONCEPCION + JUNIN / SATIPO,6,1118,55,29,49,.0130787743678737,.03859910848257,.2039316956879675,.849877531222714,-.3610996703720284,.4382978873371684,.0358249082746993,bounded_vraem_province_subset,0,treat_19,drop_rounding_band,adjacent_categories,p1_mserd,218,27,191,72,146,4,68,23,123,10,36,6,6,1,1,0,.0022255742347792,.0022255742347792,.0044163999645197,.0044163999645197,26,29,1
prov_subset,de,2019,3,vraem_prov_subset_0901,VRAEM provinces: APURIMAC / ANDAHUAYLAS + AYACUCHO / HUANTA + JUNIN / HUANCAYO + JUNIN / CONCEPCION + JUNIN / SATIPO,5,823,51,27,43,.0205561222290389,.0292486136801029,.2201243555053113,.8942937119420407,-.4021871952303983,.460684422590604,.0176552705772783,bounded_vraem_province_subset,0,treat_19,drop_rounding_band,adjacent_categories,p1_mserd,198,26,172,69,129,4,65,22,107,10,36,6,6,1,1,0,.0021567731956983,.0021567731956983,.0040497725640304,.0040497725640304,23,28,1
prov_subset,de,2020,1,vraem_prov_subset_0901,VRAEM provinces: APURIMAC / ANDAHUAYLAS + AYACUCHO / HUANTA + JUNIN / HUANCAYO + JUNIN / CONCEPCION + JUNIN / SATIPO,5,823,52,27,43,.0286726651737766,.1068391729303669,.2120701475673644,.6144077848283926,-.3088106784977618,.5224890243584956,.2538060426290883,bounded_vraem_province_subset,0,treat_20,drop_rounding_band,adjacent_categories,p1_mserd,198,33,165,69,129,4,65,29,100,10,36,6,6,1,1,0,.002272151709248,.002272151709248,.0046629980903736,.0046629980903736,24,28,1
prov_subset,de,2020,2,vraem_prov_subset_0909,VRAEM provinces: APURIMAC / ANDAHUAYLAS + AYACUCHO / HUANTA + AYACUCHO / LA MAR + JUNIN / HUANCAYO + JUNIN / CONCEPCION + JUNIN / SATIPO,6,1118,55,29,49,.0136746360576532,.0841851326459504,.1997138924717815,.6733690760856326,-.3072469038110463,.4756171691029471,.1776864245785068,bounded_vraem_province_subset,0,treat_20,drop_rounding_band,adjacent_categories,p1_mserd,218,34,184,72,146,4,68,30,116,10,36,6,6,1,1,0,.0022485025713054,.0022485025713054,.0046478399958292,.0046478399958292,26,29,1
prov_subset,de,2020,3,vraem_prov_subset_0908,VRAEM provinces: AYACUCHO / HUANTA + AYACUCHO / LA MAR + JUNIN / HUANCAYO + JUNIN / CONCEPCION + JUNIN / SATIPO,5,1025,55,26,42,.0307789819181758,.0443575598578972,.1213834813200961,.7147880263284867,-.1935496918475816,.282264811563376,.1335414588976524,bounded_vraem_province_subset,0,treat_20,drop_rounding_band,adjacent_categories,p1_mserd,203,26,177,69,134,3,66,23,111,10,35,6,6,1,1,0,.0028529988508594,.0028529988508594,.0051147314693684,.0051147314693684,25,30,1
prov_subset,de,2020,4,vraem_prov_subset_0900,VRAEM provinces: AYACUCHO / HUANTA + JUNIN / HUANCAYO + JUNIN / CONCEPCION + JUNIN / SATIPO,4,730,51,24,36,.0337476702003391,.0478080915321502,.1335601497332525,.7203794097956611,-.2139649917148015,.309581174779102,.1281294671465166,bounded_vraem_province_subset,0,treat_20,drop_rounding_band,adjacent_categories,p1_mserd,183,25,158,66,117,3,63,22,95,10,35,6,6,1,1,0,.0028750153396286,.0028750153396286,.0050920057954869,.0050920057954869,23,28,1
prov_subset,de,2020,5,vraem_prov_subset_0916,VRAEM provinces: AYACUCHO / HUANTA + CUSCO / LA CONVENCION + JUNIN / HUANCAYO + JUNIN / CONCEPCION + JUNIN / SATIPO,5,834,58,29,39,.0106076511287346,.0525286080921739,.1499830684976233,.7261659038488738,-.2414328044539716,.3464900206383194,.1226612304271798,bounded_vraem_province_subset,0,treat_20,drop_rounding_band,adjacent_categories,p1_mserd,215,28,187,81,134,3,78,25,109,10,37,7,7,1,1,0,.0024722855164599,.0024722855164599,.0049838975045492,.0049838975045492,25,33,1
prov_subset,de,2020,6,vraem_prov_subset_0924,VRAEM provinces: AYACUCHO / HUANTA + AYACUCHO / LA MAR + CUSCO / LA CONVENCION + JUNIN / HUANCAYO + JUNIN / CONCEPCION + JUNIN / SATIPO,6,1129,62,31,45,.0012123483385014,.0424601710603132,.141086896819467,.763452246696127,-.2340650653963606,.3189854075169871,.0905711988387149,bounded_vraem_province_subset,0,treat_20,drop_rounding_band,adjacent_categories,p1_mserd,235,29,206,84,151,3,81,26,125,10,37,7,7,1,1,0,.0024547446184341,.0024547446184341,.0049951898999387,.0049951898999387,27,35,1
prov_subset,de,2020,7,vraem_prov_subset_0965,VRAEM provinces: APURIMAC / ANDAHUAYLAS + AYACUCHO / HUANTA + HUANCAVELICA / TAYACAJA + JUNIN / HUANCAYO + JUNIN / CONCEPCION + JUNIN / SATIPO,6,870,57,34,50,.0223836063549809,.0679853550863529,.2373363807870671,.7745323583073449,-.3971854034773826,.5331561136500885,.0820544444851279,bounded_vraem_province_subset,0,treat_20,drop_rounding_band,adjacent_categories,p1_mserd,219,41,178,78,141,6,72,35,106,10,37,7,7,1,1,0,.0021289648745022,.0021289648745022,.0039007546941634,.0039007546941634,25,32,1
prov_subset,de,2020,8,vraem_prov_subset_0925,VRAEM provinces: APURIMAC / ANDAHUAYLAS + AYACUCHO / HUANTA + AYACUCHO / LA MAR + CUSCO / LA CONVENCION + JUNIN / HUANCAYO + JUNIN / CONCEPCION + JUNIN / SATIPO,7,1222,59,34,52,.0089003106168027,.0530025787936268,.186042604820796,.7757247066093031,-.3116342262451511,.4176393838324047,.0811650718800671,bounded_vraem_province_subset,0,treat_20,drop_rounding_band,adjacent_categories,p1_mserd,250,37,213,87,163,4,83,33,130,10,38,7,7,1,1,0,.0022107853250449,.0022107853250449,.0044517646531387,.0044517646531387,27,32,1
prov_subset,de,2020,9,vraem_prov_subset_0917,VRAEM provinces: APURIMAC / ANDAHUAYLAS + AYACUCHO / HUANTA + CUSCO / LA CONVENCION + JUNIN / HUANCAYO + JUNIN / CONCEPCION + JUNIN / SATIPO,6,927,56,32,46,.0174521322829514,.0547705331033996,.1991586312015496,.7833088721075904,-.3355732112619326,.4451142774687319,.0756302734643609,bounded_vraem_province_subset,0,treat_20,drop_rounding_band,adjacent_categories,p1_mserd,230,36,194,84,146,4,80,32,114,10,38,7,7,1,1,0,.0021752077612991,.0021752077612991,.0041425558791547,.0041425558791547,25,31,1
prov_subset,de,2021,1,vraem_prov_subset_0669,VRAEM provinces: APURIMAC / ANDAHUAYLAS + AYACUCHO / HUANTA + AYACUCHO / LA MAR + CUSCO / LA CONVENCION + JUNIN / HUANCAYO + JUNIN / SATIPO,6,1109,56,28,43,.0107283729319944,.0301896006534499,.1314823102491059,.8183951465065458,-.2275109920389192,.2878901933458189,.0527205683775019,bounded_vraem_province_subset,0,treat_21,drop_rounding_band,adjacent_categories,p1_mserd,206,30,176,64,142,1,63,29,113,10,38,5,5,1,1,0,.0027756349719546,.0027756349719546,.0051511519240002,.0051511519240002,23,33,1
prov_subset,de,2021,2,vraem_prov_subset_0653,VRAEM provinces: APURIMAC / ANDAHUAYLAS + AYACUCHO / HUANTA + AYACUCHO / LA MAR + JUNIN / HUANCAYO + JUNIN / SATIPO,5,1005,55,23,40,.0188249660992674,.0289068755456036,.1363626145054964,.8321184694229715,-.2383589377228884,.2961726888140956,.0449377854518197,bounded_vraem_province_subset,0,treat_21,drop_rounding_band,adjacent_categories,p1_mserd,174,27,147,49,125,1,48,26,99,9,36,4,4,1,1,0,.0029239474035639,.0029239474035639,.0055057892492811,.0055057892492811,21,34,1
prov_subset,de,2022,1,vraem_prov_subset_0728,VRAEM provinces: AYACUCHO / LA MAR + CUSCO / LA CONVENCION + HUANCAVELICA / TAYACAJA + JUNIN / HUANCAYO + JUNIN / SATIPO,5,826,61,30,39,.3698365528995486,.4116362776227631,.3178184312416843,.195253582808011,-.2112764012339575,1.034548956479484,1.677525479477223,bounded_vraem_province_subset,0,treat_22,drop_rounding_band,adjacent_categories,p1_mserd,200,74,126,68,132,4,64,70,62,10,38,6,6,1,1,0,.0030096632740464,.0030096632740464,.005139643867299,.005139643867299,22,39,1
prov_subset,de,2022,2,vraem_prov_subset_0744,VRAEM provinces: AYACUCHO / LA MAR + HUANCAVELICA / CHURCAMPA + HUANCAVELICA / TAYACAJA + JUNIN / HUANCAYO + JUNIN / SATIPO,5,829,50,29,44,.3283665301159281,.4408544981656162,.3705284635090066,.2341252936514174,-.2853679455590002,1.167076941890233,1.415622320671544,bounded_vraem_province_subset,0,treat_22,drop_rounding_band,adjacent_categories,p1_mserd,202,87,115,63,139,8,55,79,60,10,43,8,8,1,1,0,.0025504308508539,.0025504308508539,.0041409725740632,.0041409725740632,24,26,1
prov_subset,de,2022,3,vraem_prov_subset_0745,VRAEM provinces: APURIMAC / ANDAHUAYLAS + AYACUCHO / LA MAR + HUANCAVELICA / CHURCAMPA + HUANCAVELICA / TAYACAJA + JUNIN / HUANCAYO + JUNIN / SATIPO,6,922,54,32,51,.3085648960731581,.4193259157757985,.3764333626617737,.2653029494371482,-.3184699176205825,1.157121749172179,1.240872596601475,bounded_vraem_province_subset,0,treat_22,drop_rounding_band,adjacent_categories,p1_mserd,217,96,121,66,151,9,57,87,64,10,44,8,8,1,1,0,.0024884154273714,.0024884154273714,.0039601265441097,.0039601265441097,25,29,1
prov_subset,de,2022,4,vraem_prov_subset_0748,VRAEM provinces: AYACUCHO / HUANTA + AYACUCHO / LA MAR + HUANCAVELICA / CHURCAMPA + HUANCAVELICA / TAYACAJA + JUNIN / HUANCAYO + JUNIN / SATIPO,6,1066,56,31,48,.2753999398728728,.423439487714687,.3837536984020539,.2698470980577511,-.3287039400873846,1.175582915516759,1.217524090567494,bounded_vraem_province_subset,0,treat_22,drop_rounding_band,adjacent_categories,p1_mserd,214,89,125,65,149,9,56,80,69,10,43,8,8,1,1,0,.0025576763275729,.0025576763275729,.0042373371725664,.0042373371725664,26,30,1
prov_subset,de,2022,5,vraem_prov_subset_0749,VRAEM provinces: APURIMAC / ANDAHUAYLAS + AYACUCHO / HUANTA + AYACUCHO / LA MAR + HUANCAVELICA / CHURCAMPA + HUANCAVELICA / TAYACAJA + JUNIN / HUANCAYO + JUNIN / SATIPO,7,1159,60,34,55,.2507724156202691,.4136876703637107,.389734851196154,.2884812338572431,-.3501786015008282,1.17755394222825,1.12669578034093,bounded_vraem_province_subset,0,treat_22,drop_rounding_band,adjacent_categories,p1_mserd,229,98,131,68,161,10,58,88,73,10,44,8,8,1,1,0,.0024722731174183,.0024722731174183,.004041578444409,.004041578444409,27,33,1
prov_subset,de,2022,6,vraem_prov_subset_0716,VRAEM provinces: AYACUCHO / HUANTA + AYACUCHO / LA MAR + HUANCAVELICA / TAYACAJA + JUNIN / HUANCAYO + JUNIN / SATIPO,5,959,51,27,40,.2902058813700465,.4143805406711261,.4093592005339798,.3114107230935899,-.3879487491155839,1.216709830457836,1.024683148048883,bounded_vraem_province_subset,0,treat_22,drop_rounding_band,adjacent_categories,p1_mserd,180,63,117,55,125,4,51,59,66,9,36,5,5,1,1,0,.0023932073886184,.0023932073886184,.0042054886473079,.0042054886473079,22,29,1
prov_subset,de,2022,7,vraem_prov_subset_0765,VRAEM provinces: APURIMAC / ANDAHUAYLAS + AYACUCHO / HUANTA + AYACUCHO / LA MAR + CUSCO / LA CONVENCION + HUANCAVELICA / CHURCAMPA + HUANCAVELICA / TAYACAJA + JUNIN / HUANCAYO + JUNIN / SATIPO,8,1263,59,39,58,.2535461659404019,.3984466807193248,.4016872011459242,.3212303432871016,-.3888457665773828,1.185739128016032,.9839305343289046,bounded_vraem_province_subset,0,treat_22,drop_rounding_band,adjacent_categories,p1_mserd,261,111,150,83,178,11,72,100,78,11,46,9,9,1,1,0,.0020190808278923,.0020190808278923,.0033177123639123,.0033177123639123,28,31,1
prov_subset,de,2022,8,vraem_prov_subset_0717,VRAEM provinces: APURIMAC / ANDAHUAYLAS + AYACUCHO / HUANTA + AYACUCHO / LA MAR + HUANCAVELICA / TAYACAJA + JUNIN / HUANCAYO + JUNIN / SATIPO,6,1052,51,30,47,.277073778370552,.4108663952900313,.4145804550718759,.321665364390509,-.4016963653450712,1.223429155925134,.9821630597791595,bounded_vraem_province_subset,0,treat_22,drop_rounding_band,adjacent_categories,p1_mserd,195,72,123,58,137,5,53,67,70,9,37,5,5,1,1,0,.0023279470793449,.0023279470793449,.0040120425052748,.0040120425052748,23,28,1
prov_subset,de,2022,9,vraem_prov_subset_0764,VRAEM provinces: AYACUCHO / HUANTA + AYACUCHO / LA MAR + CUSCO / LA CONVENCION + HUANCAVELICA / CHURCAMPA + HUANCAVELICA / TAYACAJA + JUNIN / HUANCAYO + JUNIN / SATIPO,7,1170,56,36,51,.2543655851112402,.3982615284122097,.4035545403962849,.3236994974228835,-.3926908365621228,1.189213893386542,.9739400752733262,bounded_vraem_province_subset,0,treat_22,drop_rounding_band,adjacent_categories,p1_mserd,246,102,144,80,166,10,70,92,74,11,45,9,9,1,1,0,.0020787967724786,.0020787967724786,.0033853588448646,.0033853588448646,27,29,1
prov_subset,de,2022,10,vraem_prov_subset_0760,VRAEM provinces: AYACUCHO / LA MAR + CUSCO / LA CONVENCION + HUANCAVELICA / CHURCAMPA + HUANCAVELICA / TAYACAJA + JUNIN / HUANCAYO + JUNIN / SATIPO,6,933,50,34,47,.2640685845377029,.3485776770406357,.3906218228224395,.3721967291929053,-.4170270272667316,1.114182381348003,.7963172766864993,bounded_vraem_province_subset,0,treat_22,drop_rounding_band,adjacent_categories,p1_mserd,234,100,134,78,156,9,69,91,65,11,45,9,9,1,1,0,.0021980551529704,.0021980551529704,.0034735058309544,.0034735058309544,25,25,1
prov_subset,de,2023,1,vraem_prov_subset_0729,VRAEM provinces: APURIMAC / ANDAHUAYLAS + AYACUCHO / LA MAR + CUSCO / LA CONVENCION + HUANCAVELICA / TAYACAJA + JUNIN / HUANCAYO + JUNIN / SATIPO,6,919,56,33,46,.6830986141710395,.7842088241200242,.362884013283547,.0306918333388413,.0729692275189177,1.495448420721131,4.670117178937486,bounded_vraem_province_subset,0,treat_23,drop_rounding_band,adjacent_categories,p1_mserd,215,102,113,71,144,8,63,94,50,10,39,6,6,1,1,0,.0028349452567538,.0028349452567538,.0053014254655589,.0053014254655589,23,33,1
prov_subset,de,2023,2,vraem_prov_subset_0728,VRAEM provinces: AYACUCHO / LA MAR + CUSCO / LA CONVENCION + HUANCAVELICA / TAYACAJA + JUNIN / HUANCAYO + JUNIN / SATIPO,5,826,61,30,39,.6642757789717477,.7643515138464101,.3660522150229112,.0367893364827752,.0469023559403926,1.481800671752428,4.360137465195654,bounded_vraem_province_subset,0,treat_23,drop_rounding_band,adjacent_categories,p1_mserd,200,91,109,68,132,7,61,84,48,10,38,6,6,1,1,0,.0028933265751124,.0028933265751124,.0054929891801556,.0054929891801556,22,39,1
prov_subset,de,2023,3,vraem_prov_subset_0921,VRAEM provinces: APURIMAC / ANDAHUAYLAS + AYACUCHO / LA MAR + CUSCO / LA CONVENCION + JUNIN / HUANCAYO + JUNIN / CONCEPCION + JUNIN / SATIPO,6,985,70,32,48,.5704716215143659,.6635195259437212,.3316073425636671,.0454010892098936,.0135810775098977,1.313457974377545,4.003677974953561,bounded_vraem_province_subset,0,treat_23,drop_rounding_band,adjacent_categories,p1_mserd,238,110,128,85,153,11,74,99,54,10,38,7,7,1,1,0,.0030952807156768,.0030952807156768,.0052146043854276,.0052146043854276,26,44,1
prov_subset,de,2023,4,vraem_prov_subset_0505,VRAEM provinces: APURIMAC / ANDAHUAYLAS + AYACUCHO / LA MAR + CUSCO / LA CONVENCION + HUANCAVELICA / CHURCAMPA + HUANCAVELICA / TAYACAJA + JUNIN / HUANCAYO + JUNIN / CONCEPCION,7,910,51,39,57,.8756294569061303,1.339645586249273,.6994208800939324,.055446096750255,-.0311941487701417,2.710485321268688,3.66861931640732,bounded_vraem_province_subset,0,treat_23,drop_rounding_band,adjacent_categories,p1_mserd,240,120,120,87,153,19,68,101,52,8,41,9,9,1,1,0,.0018975872301562,.0018975872301562,.0032418837335804,.0032418837335804,24,27,1
prov_subset,de,2023,5,vraem_prov_subset_0721,VRAEM provinces: APURIMAC / ANDAHUAYLAS + CUSCO / LA CONVENCION + HUANCAVELICA / TAYACAJA + JUNIN / HUANCAYO + JUNIN / SATIPO,5,624,69,31,40,.5962032721087358,.6647734895154365,.3509377901570285,.0581882124745666,-.0230519400064144,1.352598919037287,3.58828648831089,bounded_vraem_province_subset,0,treat_23,drop_rounding_band,adjacent_categories,p1_mserd,195,95,100,68,127,8,60,87,40,10,39,6,6,1,1,0,.0031417303632494,.0031417303632494,.0054571698655176,.0054571698655176,33,36,1
prov_subset,de,2023,6,vraem_prov_subset_0968,VRAEM provinces: AYACUCHO / LA MAR + HUANCAVELICA / TAYACAJA + JUNIN / HUANCAYO + JUNIN / CONCEPCION + JUNIN / SATIPO,5,835,51,31,45,.6306533828186867,.8484875328179267,.4607892714854727,.0655660873262909,-.0546428437560489,1.751617909391902,3.390675381872495,bounded_vraem_province_subset,0,treat_23,drop_rounding_band,adjacent_categories,p1_mserd,212,98,114,76,136,11,65,87,49,10,36,7,7,1,1,0,.0021949706265993,.0021949706265993,.0038393006706048,.0038393006706048,24,27,1
prov_subset,de,2023,7,vraem_prov_subset_0984,VRAEM provinces: AYACUCHO / LA MAR + CUSCO / LA CONVENCION + HUANCAVELICA / TAYACAJA + JUNIN / HUANCAYO + JUNIN / CONCEPCION + JUNIN / SATIPO,6,939,56,36,48,.6089101800287996,.7950966557935719,.4338548995821832,.0668572187642369,-.0552433219037487,1.645436633490893,3.358542442153196,bounded_vraem_province_subset,0,treat_23,drop_rounding_band,adjacent_categories,p1_mserd,244,112,132,91,153,13,78,99,54,10,38,8,8,1,1,0,.0022085516150701,.0022085516150701,.0038569201658069,.0038569201658069,26,30,1
prov_subset,de,2023,8,vraem_prov_subset_0985,VRAEM provinces: APURIMAC / ANDAHUAYLAS + AYACUCHO / LA MAR + CUSCO / LA CONVENCION + HUANCAVELICA / TAYACAJA + JUNIN / HUANCAYO + JUNIN / CONCEPCION + JUNIN / SATIPO,7,1032,59,39,55,.6069557866048845,.7970794763103166,.437973732941623,.0687703818198848,-.0613332664298281,1.655492219050461,3.312128089223002,bounded_vraem_province_subset,0,treat_23,drop_rounding_band,adjacent_categories,p1_mserd,259,123,136,94,165,14,80,109,56,10,39,8,8,1,1,0,.0021661848968498,.0021661848968498,.0037447859429093,.0037447859429093,27,32,1
prov_subset,de,2023,9,vraem_prov_subset_0969,VRAEM provinces: APURIMAC / ANDAHUAYLAS + AYACUCHO / LA MAR + HUANCAVELICA / TAYACAJA + JUNIN / HUANCAYO + JUNIN / CONCEPCION + JUNIN / SATIPO,6,928,54,34,52,.6272495540814945,.8383570553172186,.4655652539210723,.0717455362499885,-.0741340748213282,1.750848185455765,3.242626487773786,bounded_vraem_province_subset,0,treat_23,drop_rounding_band,adjacent_categories,p1_mserd,227,109,118,79,148,12,67,97,51,10,37,7,7,1,1,0,.0021523673185867,.0021523673185867,.0037132061358918,.0037132061358918,25,29,1
prov_subset,de,2023,10,vraem_prov_subset_0920,VRAEM provinces: AYACUCHO / LA MAR + CUSCO / LA CONVENCION + JUNIN / HUANCAYO + JUNIN / CONCEPCION + JUNIN / SATIPO,5,892,78,29,41,.4569270843293124,.5731534684395148,.3204613384867183,.0736911683760186,-.0549392134319525,1.201246150310982,3.198825616130685,bounded_vraem_province_subset,0,treat_23,drop_rounding_band,adjacent_categories,p1_mserd,223,99,124,82,141,10,72,89,52,10,37,7,7,1,1,0,.0032135228749086,.0032135228749086,.0053880714711598,.0053880714711598,37,41,1
