grid_scope,candidate_id,candidate_label,candidate_type,team_review_eligible,subset_size,cutoff,treatment_var,treatment_year,tie_rule,support_rule,specification,candidate_n,analysis_n,treated_n,untreated_n,n_left,n_right,treated_left,untreated_left,treated_right,untreated_right,unique_left,unique_right,clusters_left,clusters_right,sign_conflicts,rounding_band_n,support_ok,attempted,estimation_rc,tau_cl,tau_bc,se_rb,p_rb,ci_left,ci_right,h_left,h_right,b_left,b_right,effective_left,effective_right
support_sensitivity,conflict_belt7_departments,Combined conflict and VRAEM department belt,derived_official_envelope,1,0,ab,treat_07,2007,score_as_recorded,full_score_support,p1_mserd,4614,4614,255,4359,3494,1120,104,3390,151,969,967,919,496,267,0,10,1,1,0,-.0118467629924257,-.0102372636060663,.063922602949264,.8727621912283386,-.1355232631846776,.1150487359725449,.0520366135152954,.0520366135152954,.0762735305473311,.0762735305473311,519,267
support_sensitivity,conflict_belt7_departments,Combined conflict and VRAEM department belt,derived_official_envelope,1,0,ab,treat_08,2008,score_as_recorded,full_score_support,p1_mserd,4614,4614,579,4035,3494,1120,273,3221,306,814,967,919,496,267,0,10,1,1,0,.0525870838516006,.0511257091371245,.081407737235407,.5299906612587543,-.1084305239071734,.2106819421814225,.066113486204181,.066113486204181,.0920915143345014,.0920915143345014,693,336
support_sensitivity,conflict_belt7_departments,Combined conflict and VRAEM department belt,derived_official_envelope,1,0,ab,treat_09,2009,score_as_recorded,full_score_support,p1_mserd,4614,4614,1039,3575,3494,1120,564,2930,475,645,967,919,496,267,0,10,1,1,0,.0802874486951491,.0758120304226345,.0878797021148368,.3883136256027699,-.096429020694554,.248053081539823,.0739648237718553,.0739648237718553,.1058615611547463,.1058615611547463,798,362
support_sensitivity,conflict_belt7_departments,Combined conflict and VRAEM department belt,derived_official_envelope,1,0,ab,treat_10,2010,score_as_recorded,full_score_support,p1_mserd,4614,4614,1279,3335,3494,1120,731,2763,548,572,967,919,496,267,0,10,1,1,0,.0513509800993127,.0255575645711079,.0994054953369189,.7970983802884614,-.1692736261546174,.2203887552968332,.0534445655545265,.0534445655545265,.0824639047210242,.0824639047210242,537,273
support_sensitivity,conflict_belt7_departments,Combined conflict and VRAEM department belt,derived_official_envelope,1,0,ab,treat_11,2011,score_as_recorded,full_score_support,p1_mserd,4614,4614,1433,3181,3494,1120,845,2649,588,532,967,919,496,267,0,10,1,1,0,.0110148570974435,-.01872173030212,.0967106688031591,.8465008808578894,-.2082711580770931,.1708276974728531,.0558564836384396,.0558564836384396,.0894106399011779,.0894106399011779,568,284
support_sensitivity,conflict_belt7_departments,Combined conflict and VRAEM department belt,derived_official_envelope,1,0,ab,treat_12,2012,score_as_recorded,full_score_support,p1_mserd,4614,4614,1589,3025,3494,1120,939,2555,650,470,967,919,496,267,0,10,1,1,0,.0116979334851062,-.0184913850076126,.0982956379497959,.850782506726776,-.2111472952266011,.1741645252113759,.0487504394145109,.0487504394145109,.0767668689792544,.0767668689792544,475,258
support_sensitivity,conflict_belt7_departments,Combined conflict and VRAEM department belt,derived_official_envelope,1,0,ab,treat_13,2013,score_as_recorded,full_score_support,p1_mserd,4614,4614,1697,2917,3494,1120,988,2506,709,411,967,919,496,267,0,10,1,1,0,-.0672511007492729,-.1030904573511573,.0966227238928098,.2859998265790059,-.2924675162692222,.0862866015669077,.046934909347944,.046934909347944,.0811210890103516,.0811210890103516,452,247
support_sensitivity,conflict_belt7_departments,Combined conflict and VRAEM department belt,derived_official_envelope,1,0,ab,treat_14,2014,score_as_recorded,full_score_support,p1_mserd,4614,4614,1786,2828,3494,1120,1018,2476,768,352,967,919,496,267,0,10,1,1,0,-.1920935241098055,-.2288311100938206,.1007317820332156,.0231054037110665,-.426261774977462,-.0314004452101792,.0381247781338362,.0381247781338362,.0670493724280854,.0670493724280854,350,206
support_sensitivity,conflict_belt7_departments,Combined conflict and VRAEM department belt,derived_official_envelope,1,0,ab,treat_15,2015,score_as_recorded,full_score_support,p1_mserd,4614,4614,1859,2755,3494,1120,1038,2456,821,299,967,919,496,267,0,10,1,1,0,-.126638131010349,-.160986908087265,.0966899760664696,.0959166805527161,-.3504957788435853,.0285219626690552,.0441723107811653,.0441723107811653,.0758110796373487,.0758110796373487,424,236
support_sensitivity,conflict_belt7_departments,Combined conflict and VRAEM department belt,derived_official_envelope,1,0,ab,treat_16,2016,score_as_recorded,full_score_support,p1_mserd,4614,4614,1954,2660,3494,1120,1064,2430,890,230,967,919,496,267,0,10,1,1,0,-.0566291987847485,-.0890184455237163,.0875671162465436,.3093561720645834,-.260646839596974,.0826099485495414,.0460153668243574,.0460153668243574,.0806252447360567,.0806252447360567,445,242
support_sensitivity,conflict_belt7_departments,Combined conflict and VRAEM department belt,derived_official_envelope,1,0,ab,treat_17,2017,score_as_recorded,full_score_support,p1_mserd,4614,4614,2156,2458,3494,1120,1194,2300,962,158,967,919,496,267,0,10,1,1,0,-.0341450437829243,-.0594553198361538,.0796991531232239,.4556692977400728,-.2156627895560155,.0967521498837079,.0518314473307613,.0518314473307613,.084015272291272,.084015272291272,517,267
support_sensitivity,conflict_belt7_departments,Combined conflict and VRAEM department belt,derived_official_envelope,1,0,ab,treat_18,2018,score_as_recorded,full_score_support,p1_mserd,4614,4614,2273,2341,3494,1120,1294,2200,979,141,967,919,496,267,0,10,1,1,0,-.0303647791494364,-.0297719341164977,.0883369467419528,.7360965638799835,-.202909168234958,.1433653000019626,.0442689361663917,.0442689361663917,.0618167644752607,.0618167644752607,424,237
support_sensitivity,conflict_belt7_departments,Combined conflict and VRAEM department belt,derived_official_envelope,1,0,ab,treat_19,2019,score_as_recorded,full_score_support,p1_mserd,4614,4614,2690,1924,3494,1120,1697,1797,993,127,967,919,496,267,0,10,1,1,0,.0039098336434702,.0216645381443197,.0751745913064234,.7732015812870037,-.1256749533687881,.1690040296574274,.0404022418895898,.0404022418895898,.0614120379874855,.0614120379874855,377,221
support_sensitivity,conflict_belt7_departments,Combined conflict and VRAEM department belt,derived_official_envelope,1,0,ab,treat_20,2020,score_as_recorded,full_score_support,p1_mserd,4614,4614,2927,1687,3494,1120,1925,1569,1002,118,967,919,496,267,0,10,1,1,0,.0429782720738778,.049206466509405,.0755500422232587,.5148466634489157,-.0988688952786625,.1972818282974724,.0381565156682729,.0381565156682729,.0537519227232797,.0537519227232797,350,206
support_sensitivity,conflict_belt7_departments,Combined conflict and VRAEM department belt,derived_official_envelope,1,0,ab,treat_21,2021,score_as_recorded,full_score_support,p1_mserd,4614,4614,3014,1600,3494,1120,2006,1488,1008,112,967,919,496,267,0,10,1,1,0,.025295554565465,.0279830729462407,.0750982735126804,.7094317386154289,-.1192068384397512,.1751729843322326,.0383667659824045,.0383667659824045,.0533587142842274,.0533587142842274,355,206
support_sensitivity,conflict_belt7_departments,Combined conflict and VRAEM department belt,derived_official_envelope,1,0,ab,treat_22,2022,score_as_recorded,full_score_support,p1_mserd,4614,4614,3476,1138,3494,1120,2452,1042,1024,96,967,919,496,267,0,10,1,1,0,.0422828759552543,.053648608765948,.0710684564759903,.4503171677081632,-.0856430063638453,.1929402238957413,.0385740453041839,.0385740453041839,.0533749454209369,.0533749454209369,358,208
support_sensitivity,conflict_belt7_departments,Combined conflict and VRAEM department belt,derived_official_envelope,1,0,ab,treat_23,2023,score_as_recorded,full_score_support,p1_mserd,4614,4614,3605,1009,3494,1120,2577,917,1028,92,967,919,496,267,0,10,1,1,0,.0315150505888788,.0449339640596487,.070415287379802,.5233903837389252,-.0930774631658011,.1829453912850984,.0387444733011413,.0387444733011413,.0544020613658257,.0544020613658257,358,209
support_sensitivity,conflict_belt7_departments,Combined conflict and VRAEM department belt,derived_official_envelope,1,0,bc,treat_07,2007,score_as_recorded,full_score_support,p1_mserd,4614,4614,255,4359,2418,2196,40,2378,215,1981,365,1521,451,365,0,5,1,1,0,.0184582656778304,.0142389951521011,.0429844010467807,.7404484107459267,-.0700088827966149,.0984868731008171,.0200914674827615,.0200914674827615,.0311976339813871,.0311976339813871,459,323
support_sensitivity,conflict_belt7_departments,Combined conflict and VRAEM department belt,derived_official_envelope,1,0,bc,treat_08,2008,score_as_recorded,full_score_support,p1_mserd,4614,4614,579,4035,2418,2196,126,2292,453,1743,365,1521,451,365,0,5,1,1,0,.0194829905256217,.0158675134232414,.0680608500825315,.8156548988456576,-.1175293014957002,.1492643283421831,.0178329904325605,.0178329904325605,.0289762423331447,.0289762423331447,397,284
support_sensitivity,conflict_belt7_departments,Combined conflict and VRAEM department belt,derived_official_envelope,1,0,bc,treat_09,2009,score_as_recorded,full_score_support,p1_mserd,4614,4614,1039,3575,2418,2196,282,2136,757,1439,365,1521,451,365,0,5,1,1,0,.0130575071200519,.0047544263734478,.0911538613354487,.9584025950548481,-.1739038588957897,.1834127116426853,.0146658894305566,.0146658894305566,.0249835998970859,.0249835998970859,315,232
support_sensitivity,conflict_belt7_departments,Combined conflict and VRAEM department belt,derived_official_envelope,1,0,bc,treat_10,2010,score_as_recorded,full_score_support,p1_mserd,4614,4614,1279,3335,2418,2196,385,2033,894,1302,365,1521,451,365,0,5,1,1,0,-.0193000845942578,-.0269690415440244,.0866924856206425,.7557332887466497,-.1968831910907402,.1429451080026914,.0169854884584186,.0169854884584186,.0267714401695222,.0267714401695222,380,271
support_sensitivity,conflict_belt7_departments,Combined conflict and VRAEM department belt,derived_official_envelope,1,0,bc,treat_11,2011,score_as_recorded,full_score_support,p1_mserd,4614,4614,1433,3181,2418,2196,445,1973,988,1208,365,1521,451,365,0,5,1,1,0,-.007959167697481,-.0150641374597814,.0895957056600261,.8664773958427077,-.190668493722884,.1605402188033213,.0165069436676702,.0165069436676702,.0260226727127758,.0260226727127758,354,262
support_sensitivity,conflict_belt7_departments,Combined conflict and VRAEM department belt,derived_official_envelope,1,0,bc,treat_12,2012,score_as_recorded,full_score_support,p1_mserd,4614,4614,1589,3025,2418,2196,482,1936,1107,1089,365,1521,451,365,0,5,1,1,0,.030813421042444,.0191435590675958,.101780818103751,.8508091423222849,-.1803431787327785,.2186302968679701,.0155952769769587,.0155952769769587,.0249954556715409,.0249954556715409,330,250
support_sensitivity,conflict_belt7_departments,Combined conflict and VRAEM department belt,derived_official_envelope,1,0,bc,treat_13,2013,score_as_recorded,full_score_support,p1_mserd,4614,4614,1697,2917,2418,2196,496,1922,1201,995,365,1521,451,365,0,5,1,1,0,.0663310103366196,.0639098306483618,.099868281084507,.5222108078371319,-.1318284034751947,.2596480647719182,.016649478675501,.016649478675501,.0259683330419835,.0259683330419835,364,269
support_sensitivity,conflict_belt7_departments,Combined conflict and VRAEM department belt,derived_official_envelope,1,0,bc,treat_14,2014,score_as_recorded,full_score_support,p1_mserd,4614,4614,1786,2828,2418,2196,501,1917,1285,911,365,1521,451,365,0,5,1,1,0,.070097526566877,.0646889394593401,.1004877120233553,.5197377236884566,-.1322633569952688,.2616412359139489,.0163896652539914,.0163896652539914,.0256743432955066,.0256743432955066,351,261
support_sensitivity,conflict_belt7_departments,Combined conflict and VRAEM department belt,derived_official_envelope,1,0,bc,treat_15,2015,score_as_recorded,full_score_support,p1_mserd,4614,4614,1859,2755,2418,2196,501,1917,1358,838,365,1521,451,365,0,5,1,1,0,.1039307866919461,.0974245952340107,.1002108631089636,.3309530751527657,-.0989850873192314,.2938342777872528,.0168419922434671,.0168419922434671,.0261301306385441,.0261301306385441,377,271
support_sensitivity,conflict_belt7_departments,Combined conflict and VRAEM department belt,derived_official_envelope,1,0,bc,treat_16,2016,score_as_recorded,full_score_support,p1_mserd,4614,4614,1954,2660,2418,2196,502,1916,1452,744,365,1521,451,365,0,5,1,1,0,.1300457651755723,.1266967058768609,.0994246065867755,.2025573669969295,-.068171942210283,.3215653539640048,.0171073133231587,.0171073133231587,.02641464523013,.02641464523013,380,275
support_sensitivity,conflict_belt7_departments,Combined conflict and VRAEM department belt,derived_official_envelope,1,0,bc,treat_17,2017,score_as_recorded,full_score_support,p1_mserd,4614,4614,2156,2458,2418,2196,503,1915,1653,543,365,1521,451,365,0,5,1,1,0,.2895712307154031,.3013136974509519,.0986239961464839,.0022492824643129,.1080142169924265,.4946131779094773,.0181987570748723,.0181987570748723,.0274055160525609,.0274055160525609,417,293
support_sensitivity,conflict_belt7_departments,Combined conflict and VRAEM department belt,derived_official_envelope,1,0,bc,treat_18,2018,score_as_recorded,full_score_support,p1_mserd,4614,4614,2273,2341,2418,2196,528,1890,1745,451,365,1521,451,365,0,5,1,1,0,.2331430039172963,.2308379917291361,.0936733006948378,.0137285747324731,.0472416960542632,.414434287404009,.0204695505603228,.0204695505603228,.0302898263266273,.0302898263266273,471,323
support_sensitivity,conflict_belt7_departments,Combined conflict and VRAEM department belt,derived_official_envelope,1,0,bc,treat_19,2019,score_as_recorded,full_score_support,p1_mserd,4614,4614,2690,1924,2418,2196,833,1585,1857,339,365,1521,451,365,0,5,1,1,0,.2250705388258487,.257767331361997,.1013891355458111,.0110107792857685,.0590482772685575,.4564863854554366,.0127802196217581,.0127802196217581,.0202014920547913,.0202014920547913,263,202
support_sensitivity,conflict_belt7_departments,Combined conflict and VRAEM department belt,derived_official_envelope,1,0,bc,treat_20,2020,score_as_recorded,full_score_support,p1_mserd,4614,4614,2927,1687,2418,2196,1035,1383,1892,304,365,1521,451,365,0,5,1,1,0,.1184883935215573,.1394899743593774,.0946289700580759,.1404620380285983,-.0459793988485705,.3249593475673253,.0140888040501546,.0140888040501546,.0207615474988343,.0207615474988343,291,221
support_sensitivity,conflict_belt7_departments,Combined conflict and VRAEM department belt,derived_official_envelope,1,0,bc,treat_21,2021,score_as_recorded,full_score_support,p1_mserd,4614,4614,3014,1600,2418,2196,1109,1309,1905,291,365,1521,451,365,0,5,1,1,0,.0938693412202563,.1103529751963357,.0934456311302233,.2376295714826484,-.0727970963315167,.2935030467241881,.0138677263400336,.0138677263400336,.0202198390906299,.0202198390906299,286,218
support_sensitivity,conflict_belt7_departments,Combined conflict and VRAEM department belt,derived_official_envelope,1,0,bc,treat_22,2022,score_as_recorded,full_score_support,p1_mserd,4614,4614,3476,1138,2418,2196,1523,895,1953,243,365,1521,451,365,0,5,1,1,0,.0007317483029396,.0054726360343309,.0811021215923466,.9462009098127029,-.1534846013564567,.1644298734251185,.0166438448721321,.0166438448721321,.026103767328287,.026103767328287,364,269
support_sensitivity,conflict_belt7_departments,Combined conflict and VRAEM department belt,derived_official_envelope,1,0,bc,treat_23,2023,score_as_recorded,full_score_support,p1_mserd,4614,4614,3605,1009,2418,2196,1637,781,1968,228,365,1521,451,365,0,5,1,1,0,.0375368544947312,.0527060825586922,.0869671914335086,.5444844821128203,-.1177464804875848,.2231586456049693,.0132861275416977,.0132861275416977,.0207196980763001,.0207196980763001,281,208
support_sensitivity,conflict_belt7_departments,Combined conflict and VRAEM department belt,derived_official_envelope,1,0,cd,treat_07,2007,score_as_recorded,full_score_support,p1_mserd,4614,4614,255,4359,1381,3233,5,1376,250,2983,74,1812,344,457,4,3,1,1,0,.0225163396443337,.0245049782997586,.0243995706842226,.3152243675098789,-.023317301479557,.0723272580790743,.0171324454441594,.0171324454441594,.0243532012054627,.0243532012054627,1237,616
support_sensitivity,conflict_belt7_departments,Combined conflict and VRAEM department belt,derived_official_envelope,1,0,cd,treat_08,2008,score_as_recorded,full_score_support,p1_mserd,4614,4614,579,4035,1381,3233,33,1348,546,2687,74,1812,344,457,4,3,1,1,0,.0228581087644124,-.004270475080892,.0384041494644056,.9114591214091385,-.0795412248880202,.0710002747262362,.0221798620173077,.0221798620173077,.0276826970138201,.0276826970138201,1381,761
support_sensitivity,conflict_belt7_departments,Combined conflict and VRAEM department belt,derived_official_envelope,1,0,cd,treat_09,2009,score_as_recorded,full_score_support,p1_mserd,4614,4614,1039,3575,1381,3233,96,1285,943,2290,74,1812,344,457,4,3,1,1,0,-.0019917017994895,-.0522546341361859,.0501975674200874,.2978851041968772,-.1506400583910783,.0461307901187066,.0233426200336037,.0233426200336037,.0310074073392384,.0310074073392384,1381,788
support_sensitivity,conflict_belt7_departments,Combined conflict and VRAEM department belt,derived_official_envelope,1,0,cd,treat_10,2010,score_as_recorded,full_score_support,p1_mserd,4614,4614,1279,3335,1381,3233,128,1253,1151,2082,74,1812,344,457,4,3,1,1,0,-.0094482390117149,-.0623728766477935,.0601860748602727,.3000463421411196,-.1803354157447594,.0555896624491724,.0209591746456131,.0209591746456131,.0275880123812323,.0275880123812323,1381,731
support_sensitivity,conflict_belt7_departments,Combined conflict and VRAEM department belt,derived_official_envelope,1,0,cd,treat_11,2011,score_as_recorded,full_score_support,p1_mserd,4614,4614,1433,3181,1381,3233,147,1234,1286,1947,74,1812,344,457,4,3,1,1,0,.0131576435347775,-.0330581674056393,.0602762456720121,.5833868192562386,-.1511974380460712,.0850811032347926,.0207772756904824,.0207772756904824,.0276864821747206,.0276864821747206,1381,730
support_sensitivity,conflict_belt7_departments,Combined conflict and VRAEM department belt,derived_official_envelope,1,0,cd,treat_12,2012,score_as_recorded,full_score_support,p1_mserd,4614,4614,1589,3025,1381,3233,156,1225,1433,1800,74,1812,344,457,4,3,1,1,0,.0142709701915107,-.0408963222727629,.0606682872450381,.5002495225536863,-.1598039802767682,.0780113357312425,.020479615097616,.020479615097616,.0280752864143721,.0280752864143721,1381,721
support_sensitivity,conflict_belt7_departments,Combined conflict and VRAEM department belt,derived_official_envelope,1,0,cd,treat_13,2013,score_as_recorded,full_score_support,p1_mserd,4614,4614,1697,2917,1381,3233,163,1218,1534,1699,74,1812,344,457,4,3,1,1,0,.0101471131600031,-.0446167707525088,.0610050944023686,.4645584408925357,-.1641845586546174,.0749510171495998,.0202688661523436,.0202688661523436,.0277096058722798,.0277096058722798,1381,715
support_sensitivity,conflict_belt7_departments,Combined conflict and VRAEM department belt,derived_official_envelope,1,0,cd,treat_14,2014,score_as_recorded,full_score_support,p1_mserd,4614,4614,1786,2828,1381,3233,166,1215,1620,1613,74,1812,344,457,4,3,1,1,0,.0107867215628861,-.0424803928642938,.0625413947694985,.4969880766646773,-.1650592741554125,.080098488426825,.0203420056942177,.0203420056942177,.0271634391880314,.0271634391880314,1381,716
support_sensitivity,conflict_belt7_departments,Combined conflict and VRAEM department belt,derived_official_envelope,1,0,cd,treat_15,2015,score_as_recorded,full_score_support,p1_mserd,4614,4614,1859,2755,1381,3233,166,1215,1693,1540,74,1812,344,457,4,3,1,1,0,.0108111699944973,-.0424787360673836,.062540892597099,.4970014043118652,-.1650566331186852,.080099160983918,.0203466739711124,.0203466739711124,.0271647999270038,.0271647999270038,1381,716
support_sensitivity,conflict_belt7_departments,Combined conflict and VRAEM department belt,derived_official_envelope,1,0,cd,treat_16,2016,score_as_recorded,full_score_support,p1_mserd,4614,4614,1954,2660,1381,3233,167,1214,1787,1446,74,1812,344,457,4,3,1,1,0,.0069940828203039,-.04570035802344,.0625784753763632,.4652136890792484,-.1683519159685385,.0769511999216585,.0201544785857486,.0201544785857486,.0267928454541897,.0267928454541897,1381,714
support_sensitivity,conflict_belt7_departments,Combined conflict and VRAEM department belt,derived_official_envelope,1,0,cd,treat_17,2017,score_as_recorded,full_score_support,p1_mserd,4614,4614,2156,2458,1381,3233,167,1214,1989,1244,74,1812,344,457,4,3,1,1,0,.0074314113371055,-.0456669497013978,.0625734037965115,.4655038507105096,-.1683085675326422,.0769746681298465,.0202352707738227,.0202352707738227,.026809466344035,.026809466344035,1381,715
support_sensitivity,conflict_belt7_departments,Combined conflict and VRAEM department belt,derived_official_envelope,1,0,cd,treat_18,2018,score_as_recorded,full_score_support,p1_mserd,4614,4614,2273,2341,1381,3233,167,1214,2106,1127,74,1812,344,457,4,3,1,1,0,.0081435599080962,-.0440338079393621,.0623810534115892,.4802600746834378,-.1662984259437464,.0782308100650221,.0207247188732722,.0207247188732722,.026944733809711,.026944733809711,1381,722
support_sensitivity,conflict_belt7_departments,Combined conflict and VRAEM department belt,derived_official_envelope,1,0,cd,treat_19,2019,score_as_recorded,full_score_support,p1_mserd,4614,4614,2690,1924,1381,3233,187,1194,2503,730,74,1812,344,457,4,3,1,1,0,.1947975616792726,.0912614241905461,.06376151535084,.1523461981782015,-.0337088494967982,.2162316978778903,.0195682243095743,.0195682243095743,.0273006739012364,.0273006739012364,1381,702
support_sensitivity,conflict_belt7_departments,Combined conflict and VRAEM department belt,derived_official_envelope,1,0,cd,treat_20,2020,score_as_recorded,full_score_support,p1_mserd,4614,4614,2927,1687,1381,3233,277,1104,2650,583,74,1812,344,457,4,3,1,1,0,.1691244266242281,.0795242190077969,.0609565019791198,.1920270397539199,-.0399483294948223,.1989967675104162,.0215577302143763,.0215577302143763,.0257528094715687,.0257528094715687,1381,751
support_sensitivity,conflict_belt7_departments,Combined conflict and VRAEM department belt,derived_official_envelope,1,0,cd,treat_21,2021,score_as_recorded,full_score_support,p1_mserd,4614,4614,3014,1600,1381,3233,309,1072,2705,528,74,1812,344,457,4,3,1,1,0,.2102946026402535,.1380972443886507,.057685040077273,.0166663329159844,.025036643390446,.2511578453868554,.0236890679878398,.0236890679878398,.0251560497910737,.0251560497910737,1381,799
support_sensitivity,conflict_belt7_departments,Combined conflict and VRAEM department belt,derived_official_envelope,1,0,cd,treat_22,2022,score_as_recorded,full_score_support,p1_mserd,4614,4614,3476,1138,1381,3233,646,735,2830,403,74,1812,344,457,4,3,1,1,0,-.0240916087901357,.0815372844546334,.051826439618708,.1156549649752184,-.0200406706449741,.1831152395542408,.0239286969039108,.0239286969039108,.0290433836685143,.0290433836685143,1381,802
support_sensitivity,conflict_belt7_departments,Combined conflict and VRAEM department belt,derived_official_envelope,1,0,cd,treat_23,2023,score_as_recorded,full_score_support,p1_mserd,4614,4614,3605,1009,1381,3233,738,643,2867,366,74,1812,344,457,4,3,1,1,0,-.074265446832092,.0597653095308588,.0482235247394633,.2152198693370612,-.0347510621660656,.1542816812277832,.0210028052794685,.0210028052794685,.0299478611567663,.0299478611567663,1381,733
support_sensitivity,conflict_belt7_departments,Combined conflict and VRAEM department belt,derived_official_envelope,1,0,de,treat_07,2007,score_as_recorded,full_score_support,p1_mserd,4614,4614,255,4359,574,4040,0,574,255,3785,14,1872,217,508,54,54,0,0,,,,,,,,,,,,,
support_sensitivity,conflict_belt7_departments,Combined conflict and VRAEM department belt,derived_official_envelope,1,0,de,treat_08,2008,score_as_recorded,full_score_support,p1_mserd,4614,4614,579,4035,574,4040,1,573,578,3462,14,1872,217,508,54,54,1,1,0,-.0041817644378578,-.0099488348548303,.0107167843364213,.3532304917325536,-.030953346184299,.0110556764746385,.0154276158518141,.0154276158518141,.0273447699515037,.0273447699515037,574,975
support_sensitivity,conflict_belt7_departments,Combined conflict and VRAEM department belt,derived_official_envelope,1,0,de,treat_09,2009,score_as_recorded,full_score_support,p1_mserd,4614,4614,1039,3575,574,4040,9,565,1030,3010,14,1872,217,508,54,54,1,1,0,-.03771450950829,-.0701171849106239,.026357439291752,.0078084367503697,-.1217768166471587,-.0184575531740892,.0142498763555051,.0142498763555051,.0264179849235013,.0264179849235013,574,915
support_sensitivity,conflict_belt7_departments,Combined conflict and VRAEM department belt,derived_official_envelope,1,0,de,treat_10,2010,score_as_recorded,full_score_support,p1_mserd,4614,4614,1279,3335,574,4040,14,560,1265,2775,14,1872,217,508,54,54,1,1,0,-.0452814532479184,-.0862160220443989,.0290608458768685,.0030097373580646,-.1431742333233304,-.0292578107654674,.0143827318527669,.0143827318527669,.0280484270539505,.0280484270539505,574,916
support_sensitivity,conflict_belt7_departments,Combined conflict and VRAEM department belt,derived_official_envelope,1,0,de,treat_11,2011,score_as_recorded,full_score_support,p1_mserd,4614,4614,1433,3181,574,4040,18,556,1415,2625,14,1872,217,508,54,54,1,1,0,-.0240582533504229,-.0588440688760353,.0314202537823828,.0610950513432043,-.1204266346746141,.0027384969225435,.0163989858410368,.0163989858410368,.0298414168072632,.0298414168072632,574,1012
support_sensitivity,conflict_belt7_departments,Combined conflict and VRAEM department belt,derived_official_envelope,1,0,de,treat_12,2012,score_as_recorded,full_score_support,p1_mserd,4614,4614,1589,3025,574,4040,23,551,1566,2474,14,1872,217,508,54,54,1,1,0,-.0208754273846166,-.0534990045827465,.0316710804747743,.0911798058326422,-.1155731816647738,.0085751724992808,.0169936714060898,.0169936714060898,.0303719274044816,.0303719274044816,574,1043
support_sensitivity,conflict_belt7_departments,Combined conflict and VRAEM department belt,derived_official_envelope,1,0,de,treat_13,2013,score_as_recorded,full_score_support,p1_mserd,4614,4614,1697,2917,574,4040,25,549,1672,2368,14,1872,217,508,54,54,1,1,0,-.0266907091339779,-.0581778823897013,.0318235037975435,.0675282500026036,-.1205508036947602,.0041950389153576,.0170066420526042,.0170066420526042,.0304930253699078,.0304930253699078,574,1043
support_sensitivity,conflict_belt7_departments,Combined conflict and VRAEM department belt,derived_official_envelope,1,0,de,treat_14,2014,score_as_recorded,full_score_support,p1_mserd,4614,4614,1786,2828,574,4040,25,549,1761,2279,14,1872,217,508,54,54,1,1,0,-.0243013306899538,-.0560182291565719,.0321494264448266,.0814326644464026,-.1190299471120516,.0069934887989078,.0169742521093343,.0169742521093343,.0304919041984127,.0304919041984127,574,1029
support_sensitivity,conflict_belt7_departments,Combined conflict and VRAEM department belt,derived_official_envelope,1,0,de,treat_15,2015,score_as_recorded,full_score_support,p1_mserd,4614,4614,1859,2755,574,4040,25,549,1834,2206,14,1872,217,508,54,54,1,1,0,-.0243069212266839,-.0560186444122365,.0321496166408797,.0814322084091139,-.1190307351451302,.0069934463206573,.0169722992113988,.0169722992113988,.0304919295927926,.0304919295927926,574,1029
support_sensitivity,conflict_belt7_departments,Combined conflict and VRAEM department belt,derived_official_envelope,1,0,de,treat_16,2016,score_as_recorded,full_score_support,p1_mserd,4614,4614,1954,2660,574,4040,25,549,1929,2111,14,1872,217,508,54,54,1,1,0,-.0248586099593206,-.0567219611452303,.0321674204567622,.0778438861110079,-.1197689467160411,.0063250244255806,.0168628532388166,.0168628532388166,.0304904720237243,.0304904720237243,574,1027
support_sensitivity,conflict_belt7_departments,Combined conflict and VRAEM department belt,derived_official_envelope,1,0,de,treat_17,2017,score_as_recorded,full_score_support,p1_mserd,4614,4614,2156,2458,574,4040,25,549,2131,1909,14,1872,217,508,54,54,1,1,0,-.0248940498893312,-.0567303046215981,.0321692902606578,.0778174479369272,-.1197809549407026,.0063203456975064,.0168517935089662,.0168517935089662,.0304876946579783,.0304876946579783,574,1027
support_sensitivity,conflict_belt7_departments,Combined conflict and VRAEM department belt,derived_official_envelope,1,0,de,treat_18,2018,score_as_recorded,full_score_support,p1_mserd,4614,4614,2273,2341,574,4040,25,549,2248,1792,14,1872,217,508,54,54,1,1,0,-.024457601543873,-.0559200348197877,.032152532581614,.0819976745575655,-.1189378406915019,.0070977710519264,.0169899641753774,.0169899641753774,.0304836883232755,.0304836883232755,574,1043
support_sensitivity,conflict_belt7_departments,Combined conflict and VRAEM department belt,derived_official_envelope,1,0,de,treat_19,2019,score_as_recorded,full_score_support,p1_mserd,4614,4614,2690,1924,574,4040,25,549,2665,1375,14,1872,217,508,54,54,1,1,0,-.0775569344876581,-.11105091767951,.0327009544154188,.0006838999927408,-.1751436105938169,-.0469582247652032,.0159900869368908,.0159900869368908,.0305050536408929,.0305050536408929,574,994
support_sensitivity,conflict_belt7_departments,Combined conflict and VRAEM department belt,derived_official_envelope,1,0,de,treat_20,2020,score_as_recorded,full_score_support,p1_mserd,4614,4614,2927,1687,574,4040,26,548,2901,1139,14,1872,217,508,54,54,1,1,0,.0065639276386189,-.0396845357818729,.0411226647031687,.3345306303211599,-.1202834775484,.0409144059846543,.0168872782352022,.0168872782352022,.0304036915375554,.0304036915375554,574,1029
support_sensitivity,conflict_belt7_departments,Combined conflict and VRAEM department belt,derived_official_envelope,1,0,de,treat_21,2021,score_as_recorded,full_score_support,p1_mserd,4614,4614,3014,1600,574,4040,30,544,2984,1056,14,1872,217,508,54,54,1,1,0,.0192975953818197,-.038894838244238,.0474313733615273,.4122027412332995,-.1318586217701041,.0540689452816281,.0170318482362051,.0170318482362051,.0301736130827666,.0301736130827666,574,1043
support_sensitivity,conflict_belt7_departments,Combined conflict and VRAEM department belt,derived_official_envelope,1,0,de,treat_22,2022,score_as_recorded,full_score_support,p1_mserd,4614,4614,3476,1138,574,4040,130,444,3346,694,14,1872,217,508,54,54,1,1,0,.0261919988477204,-.0573387393014182,.0755913090816029,.4481300902171773,-.2054949826455953,.0908175040427589,.0197432832159081,.0197432832159081,.0260862051566706,.0260862051566706,574,1135
support_sensitivity,conflict_belt7_departments,Combined conflict and VRAEM department belt,derived_official_envelope,1,0,de,treat_23,2023,score_as_recorded,full_score_support,p1_mserd,4614,4614,3605,1009,574,4040,151,423,3454,586,14,1872,217,508,54,54,1,1,0,.0608563154219242,-.0271114234884395,.0736038486126198,.7126178877512976,-.1713723158927128,.1171494689158337,.019963461568234,.019963461568234,.0246143475171726,.0246143475171726,574,1146
support_sensitivity,cvr5_no_ayacucho,CVR high-burden departments excluding Ayacucho,predeclared_exclusion,1,0,ab,treat_07,2007,score_as_recorded,full_score_support,p1_mserd,3080,3080,155,2925,2495,585,82,2413,73,512,727,518,378,177,0,9,1,1,0,-.0289958013739667,-.0301527074727387,.090534256431217,.7390942617227246,-.2075965894450377,.1472911744995603,.054791356278154,.054791356278154,.079642586140852,.079642586140852,279,145
support_sensitivity,cvr5_no_ayacucho,CVR high-burden departments excluding Ayacucho,predeclared_exclusion,1,0,ab,treat_08,2008,score_as_recorded,full_score_support,p1_mserd,3080,3080,371,2709,2495,585,212,2283,159,426,727,518,378,177,0,9,1,1,0,.0900691152151014,.0924239099994758,.11305876433872,.413650984303897,-.1291671962410169,.3140150162399684,.0669754590968405,.0669754590968405,.0940561681062826,.0940561681062826,351,174
support_sensitivity,cvr5_no_ayacucho,CVR high-burden departments excluding Ayacucho,predeclared_exclusion,1,0,ab,treat_09,2009,score_as_recorded,full_score_support,p1_mserd,3080,3080,648,2432,2495,585,417,2078,231,354,727,518,378,177,0,9,1,1,0,.0672204010160325,.0876477120507337,.1199571895557862,.4649879133534745,-.1474640591652516,.322759483266719,.0740630080425428,.0740630080425428,.1099080379271802,.1099080379271802,405,186
support_sensitivity,cvr5_no_ayacucho,CVR high-burden departments excluding Ayacucho,predeclared_exclusion,1,0,ab,treat_10,2010,score_as_recorded,full_score_support,p1_mserd,3080,3080,802,2278,2495,585,536,1959,266,319,727,518,378,177,0,9,1,1,0,.0533883288487107,.0395520629111025,.1299391543097088,.7608314670479015,-.2151239997175193,.2942281255397242,.0648434481807146,.0648434481807146,.0922585904323673,.0922585904323673,340,168
support_sensitivity,cvr5_no_ayacucho,CVR high-burden departments excluding Ayacucho,predeclared_exclusion,1,0,ab,treat_11,2011,score_as_recorded,full_score_support,p1_mserd,3080,3080,876,2204,2495,585,593,1902,283,302,727,518,378,177,0,9,1,1,0,.0434231657650669,.0271165122289567,.1303409303793173,.8351954283138027,-.2283470170259478,.2825800414838613,.066973362844938,.066973362844938,.095631006639839,.095631006639839,351,174
support_sensitivity,cvr5_no_ayacucho,CVR high-burden departments excluding Ayacucho,predeclared_exclusion,1,0,ab,treat_12,2012,score_as_recorded,full_score_support,p1_mserd,3080,3080,958,2122,2495,585,646,1849,312,273,727,518,378,177,0,9,1,1,0,.0506481399991706,.0315002513477516,.131080704384972,.8100884809182817,-.2254132083149351,.2884137110104383,.0666561896779329,.0666561896779329,.0963715910897658,.0963715910897658,350,174
support_sensitivity,cvr5_no_ayacucho,CVR high-burden departments excluding Ayacucho,predeclared_exclusion,1,0,ab,treat_13,2013,score_as_recorded,full_score_support,p1_mserd,3080,3080,1028,2052,2495,585,683,1812,345,240,727,518,378,177,0,9,1,1,0,-.0780585482276426,-.1099029589753288,.1298049441982087,.3971747600643363,-.3643159746190491,.1445100566683916,.0622958122059701,.0622958122059701,.0956489540103051,.0956489540103051,321,162
support_sensitivity,cvr5_no_ayacucho,CVR high-burden departments excluding Ayacucho,predeclared_exclusion,1,0,ab,treat_14,2014,score_as_recorded,full_score_support,p1_mserd,3080,3080,1066,2014,2495,585,695,1800,371,214,727,518,378,177,0,9,1,1,0,-.1656099748257639,-.2057199127729062,.1409005903514204,.1442802222553064,-.4818799952621221,.0704401697163096,.0463833913001645,.0463833913001645,.0728200514226801,.0728200514226801,229,127
support_sensitivity,cvr5_no_ayacucho,CVR high-burden departments excluding Ayacucho,predeclared_exclusion,1,0,ab,treat_15,2015,score_as_recorded,full_score_support,p1_mserd,3080,3080,1103,1977,2495,585,700,1795,403,182,727,518,378,177,0,9,1,1,0,-.1270112482874787,-.1638056597696913,.1386257321895143,.2373487192646216,-.4355071021916341,.1078957826522515,.0520644560652807,.0520644560652807,.0817695929520311,.0817695929520311,261,143
support_sensitivity,cvr5_no_ayacucho,CVR high-burden departments excluding Ayacucho,predeclared_exclusion,1,0,ab,treat_16,2016,score_as_recorded,full_score_support,p1_mserd,3080,3080,1163,1917,2495,585,715,1780,448,137,727,518,378,177,0,9,1,1,0,-.0623549894454651,-.1005568920237963,.1273057644459356,.4295950319211563,-.3500716053621697,.1489578213145772,.0534102211918129,.0534102211918129,.085674288195229,.085674288195229,269,144
support_sensitivity,cvr5_no_ayacucho,CVR high-burden departments excluding Ayacucho,predeclared_exclusion,1,0,ab,treat_17,2017,score_as_recorded,full_score_support,p1_mserd,3080,3080,1286,1794,2495,585,784,1711,502,83,727,518,378,177,0,9,1,1,0,-.0668026673132236,-.086933415845446,.1050804740772478,.40806521223708,-.2928873605152463,.1190205288243543,.0674425003549594,.0674425003549594,.1009473786280263,.1009473786280263,355,175
support_sensitivity,cvr5_no_ayacucho,CVR high-burden departments excluding Ayacucho,predeclared_exclusion,1,0,ab,treat_18,2018,score_as_recorded,full_score_support,p1_mserd,3080,3080,1325,1755,2495,585,818,1677,507,78,727,518,378,177,0,9,1,1,0,-.045195577465998,-.0656166916992049,.121287754205329,.5885074879546435,-.3033363217073963,.1721029383089864,.0507399892066255,.0507399892066255,.0742617567856181,.0742617567856181,249,141
support_sensitivity,cvr5_no_ayacucho,CVR high-burden departments excluding Ayacucho,predeclared_exclusion,1,0,ab,treat_19,2019,score_as_recorded,full_score_support,p1_mserd,3080,3080,1624,1456,2495,585,1107,1388,517,68,727,518,378,177,0,9,1,1,0,.0377762770034504,.0593936677098374,.0903110443124322,.5107587208663764,-.1176127265487306,.2364000619684055,.0434938398645384,.0434938398645384,.0669684513683678,.0669684513683678,201,122
support_sensitivity,cvr5_no_ayacucho,CVR high-burden departments excluding Ayacucho,predeclared_exclusion,1,0,ab,treat_20,2020,score_as_recorded,full_score_support,p1_mserd,3080,3080,1776,1304,2495,585,1256,1239,520,65,727,518,378,177,0,9,1,1,0,.0438848442120081,.0663688471229886,.0921728509334736,.4714956417083924,-.1142866210589987,.247024315304976,.0415370109487548,.0415370109487548,.0636647579349874,.0636647579349874,195,117
support_sensitivity,cvr5_no_ayacucho,CVR high-burden departments excluding Ayacucho,predeclared_exclusion,1,0,ab,treat_21,2021,score_as_recorded,full_score_support,p1_mserd,3080,3080,1848,1232,2495,585,1325,1170,523,62,727,518,378,177,0,9,1,1,0,.0123745486761757,.0310417549623503,.0909726639073815,.7329374501476527,-.1472613898737843,.2093448997984849,.0429270617244533,.0429270617244533,.0631195568409516,.0631195568409516,200,122
support_sensitivity,cvr5_no_ayacucho,CVR high-burden departments excluding Ayacucho,predeclared_exclusion,1,0,ab,treat_22,2022,score_as_recorded,full_score_support,p1_mserd,3080,3080,2205,875,2495,585,1668,827,537,48,727,518,378,177,0,9,1,1,0,.0461534206387746,.0685683852564685,.0842590939816792,.4157708602010154,-.0965764043175983,.2337131748305352,.041454011176114,.041454011176114,.0595274394371841,.0595274394371841,195,117
support_sensitivity,cvr5_no_ayacucho,CVR high-burden departments excluding Ayacucho,predeclared_exclusion,1,0,ab,treat_23,2023,score_as_recorded,full_score_support,p1_mserd,3080,3080,2313,767,2495,585,1773,722,540,45,727,518,378,177,0,9,1,1,0,.0265425849366523,.0489250331350781,.0800092926601386,.5408739894798433,-.1078902989073184,.2057403651774747,.0431080967185895,.0431080967185895,.0622037681539229,.0622037681539229,201,122
support_sensitivity,cvr5_no_ayacucho,CVR high-burden departments excluding Ayacucho,predeclared_exclusion,1,0,bc,treat_07,2007,score_as_recorded,full_score_support,p1_mserd,3080,3080,155,2925,1918,1162,35,1883,120,1042,330,915,348,259,0,2,1,1,0,.0316657703422173,.0278874496262295,.0572122902911898,.6259479045943802,-.0842465788175531,.1400214780700121,.0247992863716973,.0247992863716973,.0370244337601853,.0370244337601853,411,227
support_sensitivity,cvr5_no_ayacucho,CVR high-burden departments excluding Ayacucho,predeclared_exclusion,1,0,bc,treat_08,2008,score_as_recorded,full_score_support,p1_mserd,3080,3080,371,2709,1918,1162,112,1806,259,903,330,915,348,259,0,2,1,1,0,-.0134962782618898,-.0288817808450916,.0836329332526679,.729838925284052,-.1927993179417629,.1350357562515797,.0199501691349517,.0199501691349517,.0332161523664395,.0332161523664395,303,199
support_sensitivity,cvr5_no_ayacucho,CVR high-burden departments excluding Ayacucho,predeclared_exclusion,1,0,bc,treat_09,2009,score_as_recorded,full_score_support,p1_mserd,3080,3080,648,2432,1918,1162,245,1673,403,759,330,915,348,259,0,2,1,1,0,-.0244909753823567,-.0291905747442653,.1183524234904839,.8051859752578249,-.261157062268646,.2027759127801154,.0155391057868068,.0155391057868068,.0261021919000999,.0261021919000999,216,158
support_sensitivity,cvr5_no_ayacucho,CVR high-burden departments excluding Ayacucho,predeclared_exclusion,1,0,bc,treat_10,2010,score_as_recorded,full_score_support,p1_mserd,3080,3080,802,2278,1918,1162,329,1589,473,689,330,915,348,259,0,2,1,1,0,-.0401682756423484,-.0429077450976167,.1123265067577517,.7024678392200754,-.2630636528520049,.1772481626567715,.0176119423893232,.0176119423893232,.0276953652241047,.0276953652241047,255,174
support_sensitivity,cvr5_no_ayacucho,CVR high-burden departments excluding Ayacucho,predeclared_exclusion,1,0,bc,treat_11,2011,score_as_recorded,full_score_support,p1_mserd,3080,3080,876,2204,1918,1162,365,1553,511,651,330,915,348,259,0,2,1,1,0,-.0362826084496434,-.0480614408244635,.1159825911954613,.6785922054839184,-.2753831424012,.179260260752273,.0167025709722392,.0167025709722392,.0265421216436023,.0265421216436023,239,170
support_sensitivity,cvr5_no_ayacucho,CVR high-burden departments excluding Ayacucho,predeclared_exclusion,1,0,bc,treat_12,2012,score_as_recorded,full_score_support,p1_mserd,3080,3080,958,2122,1918,1162,385,1533,573,589,330,915,348,259,0,2,1,1,0,.0174681968454551,.0029332816757791,.1258579339707405,.9814059533195193,-.2437437360754924,.2496102994270506,.0166244021002611,.0166244021002611,.0260857254854241,.0260857254854241,239,169
support_sensitivity,cvr5_no_ayacucho,CVR high-burden departments excluding Ayacucho,predeclared_exclusion,1,0,bc,treat_13,2013,score_as_recorded,full_score_support,p1_mserd,3080,3080,1028,2052,1918,1162,394,1524,634,528,330,915,348,259,0,2,1,1,0,.086207714506202,.0918631499222655,.1215053709081832,.449624082236306,-.1462830009859543,.3300093008304853,.0179418630962693,.0179418630962693,.0273298912051844,.0273298912051844,262,178
support_sensitivity,cvr5_no_ayacucho,CVR high-burden departments excluding Ayacucho,predeclared_exclusion,1,0,bc,treat_14,2014,score_as_recorded,full_score_support,p1_mserd,3080,3080,1066,2014,1918,1162,398,1520,668,494,330,915,348,259,0,2,1,1,0,.0909755841489133,.0893917252672882,.1217113352492248,.4626703425980545,-.1491581083314728,.3279415588660493,.0177765212201492,.0177765212201492,.0271132380610965,.0271132380610965,259,175
support_sensitivity,cvr5_no_ayacucho,CVR high-burden departments excluding Ayacucho,predeclared_exclusion,1,0,bc,treat_15,2015,score_as_recorded,full_score_support,p1_mserd,3080,3080,1103,1977,1918,1162,398,1520,705,457,330,915,348,259,0,2,1,1,0,.090991469653529,.0894109319788754,.1217312973361098,.4626475931530159,-.1491780265912364,.3279998905489872,.0177738369641441,.0177738369641441,.0271024906566706,.0271024906566706,259,175
support_sensitivity,cvr5_no_ayacucho,CVR high-burden departments excluding Ayacucho,predeclared_exclusion,1,0,bc,treat_16,2016,score_as_recorded,full_score_support,p1_mserd,3080,3080,1163,1917,1918,1162,399,1519,764,398,330,915,348,259,0,2,1,1,0,.1158408005512648,.1193231846032902,.1205916539176341,.3224277223083462,-.1170321139113911,.3556784831179715,.0179527973102356,.0179527973102356,.0273633605701226,.0273633605701226,262,178
support_sensitivity,cvr5_no_ayacucho,CVR high-burden departments excluding Ayacucho,predeclared_exclusion,1,0,bc,treat_17,2017,score_as_recorded,full_score_support,p1_mserd,3080,3080,1286,1794,1918,1162,399,1519,887,275,330,915,348,259,0,2,1,1,0,.2343018592527306,.2429647632152412,.1216540615294672,.045805896549575,.0045271840444658,.4814023423860165,.018414413535813,.018414413535813,.0276663702242287,.0276663702242287,280,184
support_sensitivity,cvr5_no_ayacucho,CVR high-burden departments excluding Ayacucho,predeclared_exclusion,1,0,bc,treat_18,2018,score_as_recorded,full_score_support,p1_mserd,3080,3080,1325,1755,1918,1162,410,1508,915,247,330,915,348,259,0,2,1,1,0,.1934151052990242,.1872455055485374,.1222185202695792,.1255088418904474,-.0522983924236164,.4267894035206911,.0180375583339009,.0180375583339009,.0271516915672883,.0271516915672883,275,178
support_sensitivity,cvr5_no_ayacucho,CVR high-burden departments excluding Ayacucho,predeclared_exclusion,1,0,bc,treat_19,2019,score_as_recorded,full_score_support,p1_mserd,3080,3080,1624,1456,1918,1162,643,1275,981,181,330,915,348,259,0,2,1,1,0,.1739240311560895,.2011965012817121,.1181688042190072,.0886393127989674,-.0304100990837068,.4328031016471309,.013390604549008,.013390604549008,.0200091697716581,.0200091697716581,183,133
support_sensitivity,cvr5_no_ayacucho,CVR high-burden departments excluding Ayacucho,predeclared_exclusion,1,0,bc,treat_20,2020,score_as_recorded,full_score_support,p1_mserd,3080,3080,1776,1304,1918,1162,780,1138,996,166,330,915,348,259,0,2,1,1,0,.1556427828730107,.1706079983636704,.1135298042474515,.132901058412133,-.0519063291332169,.3931223258605576,.0145191867304674,.0145191867304674,.0209347762579733,.0209347762579733,198,142
support_sensitivity,cvr5_no_ayacucho,CVR high-burden departments excluding Ayacucho,predeclared_exclusion,1,0,bc,treat_21,2021,score_as_recorded,full_score_support,p1_mserd,3080,3080,1848,1232,1918,1162,843,1075,1005,157,330,915,348,259,0,2,1,1,0,.1142539273077505,.1237536698545427,.1105752318647897,.263063040206692,-.0929698021826108,.3404771418916963,.0141676770049724,.0141676770049724,.0203058181173587,.0203058181173587,192,140
support_sensitivity,cvr5_no_ayacucho,CVR high-burden departments excluding Ayacucho,predeclared_exclusion,1,0,bc,treat_22,2022,score_as_recorded,full_score_support,p1_mserd,3080,3080,2205,875,1918,1162,1172,746,1033,129,330,915,348,259,0,2,1,1,0,.0436974250260846,.0398163395854914,.0890059015573245,.6546260247416932,-.1346320218783821,.2142647010493648,.0187110260297296,.0187110260297296,.0290690132207578,.0290690132207578,282,187
support_sensitivity,cvr5_no_ayacucho,CVR high-burden departments excluding Ayacucho,predeclared_exclusion,1,0,bc,treat_23,2023,score_as_recorded,full_score_support,p1_mserd,3080,3080,2313,767,1918,1162,1268,650,1045,117,330,915,348,259,0,2,1,1,0,.0620321628361136,.0629949570628006,.0942195290796792,.5037521630054353,-.121671926573695,.2476618406992961,.0155467429797234,.0155467429797234,.0245568882076193,.0245568882076193,216,158
support_sensitivity,cvr5_no_ayacucho,CVR high-burden departments excluding Ayacucho,predeclared_exclusion,1,0,cd,treat_07,2007,score_as_recorded,full_score_support,p1_mserd,3080,3080,155,2925,1160,1920,5,1155,150,1770,72,1173,275,341,2,1,1,1,0,.0257645924363504,.031201133658537,.0309378388719855,.3132094757817461,-.0294359162900579,.0918381836071319,.0135750508843616,.0135750508843616,.0192583312589977,.0192583312589977,842,419
support_sensitivity,cvr5_no_ayacucho,CVR high-burden departments excluding Ayacucho,predeclared_exclusion,1,0,cd,treat_08,2008,score_as_recorded,full_score_support,p1_mserd,3080,3080,371,2709,1160,1920,29,1131,342,1578,72,1173,275,341,2,1,1,1,0,.0128796051396548,-.013114432778005,.0455962954203284,.7736371923388927,-.1024815296302972,.0762526640742872,.0176045931747647,.0176045931747647,.0227905264803334,.0227905264803334,1033,499
support_sensitivity,cvr5_no_ayacucho,CVR high-burden departments excluding Ayacucho,predeclared_exclusion,1,0,cd,treat_09,2009,score_as_recorded,full_score_support,p1_mserd,3080,3080,648,2432,1160,1920,86,1074,562,1358,72,1173,275,341,2,1,1,1,0,-.0279855882576949,-.0632864971581617,.0625211198067563,.3114224064437368,-.1858256402525179,.0592526459361945,.0168750481851722,.0168750481851722,.0214636740546638,.0214636740546638,1033,478
support_sensitivity,cvr5_no_ayacucho,CVR high-burden departments excluding Ayacucho,predeclared_exclusion,1,0,cd,treat_10,2010,score_as_recorded,full_score_support,p1_mserd,3080,3080,802,2278,1160,1920,115,1045,687,1233,72,1173,275,341,2,1,1,1,0,-.043828629057581,-.0650410951172574,.0764936939339664,.3951691640921047,-.2149659802722616,.0848837900377468,.0157904703922376,.0157904703922376,.0191612133211006,.0191612133211006,929,462
support_sensitivity,cvr5_no_ayacucho,CVR high-burden departments excluding Ayacucho,predeclared_exclusion,1,0,cd,treat_11,2011,score_as_recorded,full_score_support,p1_mserd,3080,3080,876,2204,1160,1920,127,1033,749,1171,72,1173,275,341,2,1,1,1,0,-.0120999945707627,-.0269314034557561,.0770131381158654,.7265647399957159,-.1778743804992611,.1240115735877489,.0156763101697149,.0156763101697149,.019017513077185,.019017513077185,929,460
support_sensitivity,cvr5_no_ayacucho,CVR high-burden departments excluding Ayacucho,predeclared_exclusion,1,0,cd,treat_12,2012,score_as_recorded,full_score_support,p1_mserd,3080,3080,958,2122,1160,1920,135,1025,823,1097,72,1173,275,341,2,1,1,1,0,-.0186666130462137,-.0453355466391407,.0753744726618856,.5475264347114418,-.1930667984101352,.1023957051318539,.0161455183546598,.0161455183546598,.0197324855446717,.0197324855446717,939,463
support_sensitivity,cvr5_no_ayacucho,CVR high-burden departments excluding Ayacucho,predeclared_exclusion,1,0,cd,treat_13,2013,score_as_recorded,full_score_support,p1_mserd,3080,3080,1028,2052,1160,1920,140,1020,888,1032,72,1173,275,341,2,1,1,1,0,-.0248279031639505,-.056030428929455,.0752576885572715,.4565653642226661,-.2035327880614392,.0914719302025291,.0160271020693858,.0160271020693858,.0199570951891073,.0199570951891073,939,463
support_sensitivity,cvr5_no_ayacucho,CVR high-burden departments excluding Ayacucho,predeclared_exclusion,1,0,cd,treat_14,2014,score_as_recorded,full_score_support,p1_mserd,3080,3080,1066,2014,1160,1920,143,1017,923,997,72,1173,275,341,2,1,1,1,0,-.021517725182929,-.045106281068701,.07892092387915,.5676352318154327,-.1997884494984621,.1095758873610602,.0158204261442147,.0158204261442147,.0193491568560322,.0193491568560322,929,462
support_sensitivity,cvr5_no_ayacucho,CVR high-burden departments excluding Ayacucho,predeclared_exclusion,1,0,cd,treat_15,2015,score_as_recorded,full_score_support,p1_mserd,3080,3080,1103,1977,1160,1920,143,1017,960,960,72,1173,275,341,2,1,1,1,0,-.0215177250863951,-.0451062825122016,.0789209232381118,.5676352162749346,-.199788449685551,.1095758846611477,.0158204263250651,.0158204263250651,.0193491570751371,.0193491570751371,929,462
support_sensitivity,cvr5_no_ayacucho,CVR high-burden departments excluding Ayacucho,predeclared_exclusion,1,0,cd,treat_16,2016,score_as_recorded,full_score_support,p1_mserd,3080,3080,1163,1917,1160,1920,144,1016,1019,901,72,1173,275,341,2,1,1,1,0,-.0252823319256832,-.0473435762666382,.0793549357039313,.5507709230879936,-.202876392241835,.1081892397085587,.0156036518094004,.0156036518094004,.0191237760428996,.0191237760428996,929,459
support_sensitivity,cvr5_no_ayacucho,CVR high-burden departments excluding Ayacucho,predeclared_exclusion,1,0,cd,treat_17,2017,score_as_recorded,full_score_support,p1_mserd,3080,3080,1286,1794,1160,1920,144,1016,1142,778,72,1173,275,341,2,1,1,1,0,-.0252689769669396,-.0474311610429826,.0793163268636573,.5498399534520777,-.2028883050817577,.1080259829957926,.0156281728857758,.0156281728857758,.0191457700472127,.0191457700472127,929,459
support_sensitivity,cvr5_no_ayacucho,CVR high-burden departments excluding Ayacucho,predeclared_exclusion,1,0,cd,treat_18,2018,score_as_recorded,full_score_support,p1_mserd,3080,3080,1325,1755,1160,1920,144,1016,1181,739,72,1173,275,341,2,1,1,1,0,-.0261448737952173,-.0505337087190562,.078866071224278,.5216828688778504,-.2051083679208117,.1040409504826993,.0156662798748175,.0156662798748175,.0191956524016625,.0191956524016625,929,459
support_sensitivity,cvr5_no_ayacucho,CVR high-burden departments excluding Ayacucho,predeclared_exclusion,1,0,cd,treat_19,2019,score_as_recorded,full_score_support,p1_mserd,3080,3080,1624,1456,1160,1920,161,999,1463,457,72,1173,275,341,2,1,1,1,0,.1886034029715925,.1086817440103629,.074355133469145,.1438350687317426,-.03705163965483,.2544151276755559,.0174752425068143,.0174752425068143,.0228995469266071,.0228995469266071,1033,497
support_sensitivity,cvr5_no_ayacucho,CVR high-burden departments excluding Ayacucho,predeclared_exclusion,1,0,cd,treat_20,2020,score_as_recorded,full_score_support,p1_mserd,3080,3080,1776,1304,1160,1920,235,925,1541,379,72,1173,275,341,2,1,1,1,0,.1247552778123011,.0899166265883407,.0736085957471874,.221877607767211,-.0543535700287148,.2341868232053961,.0180822784909214,.0180822784909214,.0196299598799538,.0196299598799538,1047,507
support_sensitivity,cvr5_no_ayacucho,CVR high-burden departments excluding Ayacucho,predeclared_exclusion,1,0,cd,treat_21,2021,score_as_recorded,full_score_support,p1_mserd,3080,3080,1848,1232,1160,1920,261,899,1587,333,72,1173,275,341,2,1,1,1,0,.177930173406931,.1552794625573336,.0677889402650884,.0219847520182883,.0224155810876232,.288143344027044,.0190857833545257,.0190857833545257,.0199570086918908,.0199570086918908,1047,527
support_sensitivity,cvr5_no_ayacucho,CVR high-burden departments excluding Ayacucho,predeclared_exclusion,1,0,cd,treat_22,2022,score_as_recorded,full_score_support,p1_mserd,3080,3080,2205,875,1160,1920,529,631,1676,244,72,1173,275,341,2,1,1,1,0,.0463610239309482,.1313846572633957,.0614605504988444,.0325405201401091,.0109241918156553,.251845122711136,.0162887813440002,.0162887813440002,.0211367497286809,.0211367497286809,939,470
support_sensitivity,cvr5_no_ayacucho,CVR high-burden departments excluding Ayacucho,predeclared_exclusion,1,0,cd,treat_23,2023,score_as_recorded,full_score_support,p1_mserd,3080,3080,2313,767,1160,1920,612,548,1701,219,72,1173,275,341,2,1,1,1,0,-.0154390598457721,.0812057980582683,.0566532438721339,.1517484068854828,-.0298325195384786,.1922441156550153,.0163235175445552,.0163235175445552,.0232424299098601,.0232424299098601,939,470
support_sensitivity,cvr5_no_ayacucho,CVR high-burden departments excluding Ayacucho,predeclared_exclusion,1,0,de,treat_07,2007,score_as_recorded,full_score_support,p1_mserd,3080,3080,155,2925,490,2590,0,490,155,2435,13,1232,177,386,49,49,0,0,,,,,,,,,,,,,
support_sensitivity,cvr5_no_ayacucho,CVR high-burden departments excluding Ayacucho,predeclared_exclusion,1,0,de,treat_08,2008,score_as_recorded,full_score_support,p1_mserd,3080,3080,371,2709,490,2590,0,490,371,2219,13,1232,177,386,49,49,0,0,,,,,,,,,,,,,
support_sensitivity,cvr5_no_ayacucho,CVR high-burden departments excluding Ayacucho,predeclared_exclusion,1,0,de,treat_09,2009,score_as_recorded,full_score_support,p1_mserd,3080,3080,648,2432,490,2590,8,482,640,1950,13,1232,177,386,49,49,1,1,0,-.0424859431997497,-.07686427859707,.0308500117905373,.0127187856530645,-.1373291906291592,-.0163993665649808,.0135540051221279,.0135540051221279,.0225641731782417,.0225641731782417,490,732
support_sensitivity,cvr5_no_ayacucho,CVR high-burden departments excluding Ayacucho,predeclared_exclusion,1,0,de,treat_10,2010,score_as_recorded,full_score_support,p1_mserd,3080,3080,802,2278,490,2590,13,477,789,1801,13,1232,177,386,49,49,1,1,0,-.0560380881200581,-.1006797853060449,.0341498135599602,.0031965124833686,-.1676121899623245,-.0337473806497654,.0131402601487209,.0131402601487209,.0233306406526587,.0233306406526587,490,723
support_sensitivity,cvr5_no_ayacucho,CVR high-burden departments excluding Ayacucho,predeclared_exclusion,1,0,de,treat_11,2011,score_as_recorded,full_score_support,p1_mserd,3080,3080,876,2204,490,2590,17,473,859,1731,13,1232,177,386,49,49,1,1,0,-.0356003611579659,-.0726604983163044,.036480130981467,.0463948915656007,-.1441602411912835,-.0011607554413253,.0148200675132224,.0148200675132224,.0242710706991794,.0242710706991794,490,781
support_sensitivity,cvr5_no_ayacucho,CVR high-burden departments excluding Ayacucho,predeclared_exclusion,1,0,de,treat_12,2012,score_as_recorded,full_score_support,p1_mserd,3080,3080,958,2122,490,2590,22,468,936,1654,13,1232,177,386,49,49,1,1,0,-.0302332949126517,-.065106092343647,.0367358136677561,.0763483401682802,-.1371069640752233,.0068947793879292,.0152800811772308,.0152800811772308,.0248886773476566,.0248886773476566,490,803
support_sensitivity,cvr5_no_ayacucho,CVR high-burden departments excluding Ayacucho,predeclared_exclusion,1,0,de,treat_13,2013,score_as_recorded,full_score_support,p1_mserd,3080,3080,1028,2052,490,2590,24,466,1004,1586,13,1232,177,386,49,49,1,1,0,-.0357787330744193,-.0685438175214871,.0370506889897889,.0643133827448637,-.1411618335438679,.0040741985008938,.0154283993239952,.0154283993239952,.0245148016699316,.0245148016699316,490,805
support_sensitivity,cvr5_no_ayacucho,CVR high-burden departments excluding Ayacucho,predeclared_exclusion,1,0,de,treat_14,2014,score_as_recorded,full_score_support,p1_mserd,3080,3080,1066,2014,490,2590,24,466,1042,1548,13,1232,177,386,49,49,1,1,0,-.0334527488525111,-.0667667385870824,.037539249234157,.0753078557483271,-.1403423150927029,.0068088379185381,.015292792717248,.015292792717248,.0245180420080073,.0245180420080073,490,803
support_sensitivity,cvr5_no_ayacucho,CVR high-burden departments excluding Ayacucho,predeclared_exclusion,1,0,de,treat_15,2015,score_as_recorded,full_score_support,p1_mserd,3080,3080,1103,1977,490,2590,24,466,1079,1511,13,1232,177,386,49,49,1,1,0,-.0334527488525184,-.0667667385870753,.0375392492341662,.0753078557484294,-.1403423150927137,.0068088379185632,.0152927927172447,.0152927927172447,.0245180420079742,.0245180420079742,490,803
support_sensitivity,cvr5_no_ayacucho,CVR high-burden departments excluding Ayacucho,predeclared_exclusion,1,0,de,treat_16,2016,score_as_recorded,full_score_support,p1_mserd,3080,3080,1163,1917,490,2590,24,466,1139,1451,13,1232,177,386,49,49,1,1,0,-.0345476920603056,-.0682002093169895,.0376283189822817,.0699135642430597,-.1419503593210464,.0055499406870674,.0151515309764765,.0151515309764765,.0245219657912003,.0245219657912003,490,788
support_sensitivity,cvr5_no_ayacucho,CVR high-burden departments excluding Ayacucho,predeclared_exclusion,1,0,de,treat_17,2017,score_as_recorded,full_score_support,p1_mserd,3080,3080,1286,1794,490,2590,24,466,1262,1328,13,1232,177,386,49,49,1,1,0,-.0345476920602777,-.0682002093169876,.0376283189822613,.0699135642429163,-.1419503593210047,.0055499406870295,.0151515309764845,.0151515309764845,.0245219657912728,.0245219657912728,490,788
support_sensitivity,cvr5_no_ayacucho,CVR high-burden departments excluding Ayacucho,predeclared_exclusion,1,0,de,treat_18,2018,score_as_recorded,full_score_support,p1_mserd,3080,3080,1325,1755,490,2590,24,466,1301,1289,13,1232,177,386,49,49,1,1,0,-.0342134151090774,-.0675894786380125,.0375945410066138,.0722002202464462,-.1412734250262896,.0060944677502647,.0152470165849737,.0152470165849737,.0245202528572618,.0245202528572618,490,798
support_sensitivity,cvr5_no_ayacucho,CVR high-burden departments excluding Ayacucho,predeclared_exclusion,1,0,de,treat_19,2019,score_as_recorded,full_score_support,p1_mserd,3080,3080,1624,1456,490,2590,24,466,1600,990,13,1232,177,386,49,49,1,1,0,-.0890503328713309,-.1135600681462924,.0376472642990894,.0025577630025728,-.1873473502889682,-.0397727860036167,.0179649214532382,.0179649214532382,.0242229215485394,.0242229215485394,490,892
support_sensitivity,cvr5_no_ayacucho,CVR high-burden departments excluding Ayacucho,predeclared_exclusion,1,0,de,treat_20,2020,score_as_recorded,full_score_support,p1_mserd,3080,3080,1776,1304,490,2590,25,465,1751,839,13,1232,177,386,49,49,1,1,0,.0013677977976084,-.0418308314569384,.0466375680219013,.3697540100203197,-.1332387851064018,.0495771221925251,.0173411454122815,.0173411454122815,.0245518673913133,.0245518673913133,490,875
support_sensitivity,cvr5_no_ayacucho,CVR high-burden departments excluding Ayacucho,predeclared_exclusion,1,0,de,treat_21,2021,score_as_recorded,full_score_support,p1_mserd,3080,3080,1848,1232,490,2590,28,462,1820,770,13,1232,177,386,49,49,1,1,0,.0157734740789495,-.0338837579824504,.0529843570813559,.5224945024109868,-.1377311896059178,.069963673641017,.0179304786022233,.0179304786022233,.024509842325886,.024509842325886,490,892
support_sensitivity,cvr5_no_ayacucho,CVR high-burden departments excluding Ayacucho,predeclared_exclusion,1,0,de,treat_22,2022,score_as_recorded,full_score_support,p1_mserd,3080,3080,2205,875,490,2590,104,386,2101,489,13,1232,177,386,49,49,1,1,0,.0140503088919164,-.0795219169553368,.0844476455532528,.3463609969323312,-.2450362608189164,.0859924269082427,.0171737612543355,.0171737612543355,.0217676320852844,.0217676320852844,490,861
support_sensitivity,cvr5_no_ayacucho,CVR high-burden departments excluding Ayacucho,predeclared_exclusion,1,0,de,treat_23,2023,score_as_recorded,full_score_support,p1_mserd,3080,3080,2313,767,490,2590,122,368,2191,399,13,1232,177,386,49,49,1,1,0,.0572828277886597,-.042609631505652,.0818231630577817,.6025390706175533,-.2029800842000523,.1177608211887483,.0168707578035054,.0168707578035054,.0204843043335349,.0204843043335349,490,850
support_sensitivity,cvr6_departments,CVR six high-burden departments,official_conflict_envelope,1,0,ab,treat_07,2007,score_as_recorded,full_score_support,p1_mserd,4468,4468,250,4218,3388,1080,101,3287,149,931,952,892,479,254,0,9,1,1,0,-.0165421751962055,-.0155646441078442,.0661446608187775,.8139664448796009,-.1452057970822656,.1140765088665773,.0521268781245366,.0521268781245366,.0766807225980532,.0766807225980532,499,257
support_sensitivity,cvr6_departments,CVR six high-burden departments,official_conflict_envelope,1,0,ab,treat_08,2008,score_as_recorded,full_score_support,p1_mserd,4468,4468,572,3896,3388,1080,269,3119,303,777,952,892,479,254,0,9,1,1,0,.0588519639116472,.0609797202116275,.0855167766597583,.4758004722280691,-.1066300821154542,.2285895225387092,.0669097845739213,.0669097845739213,.0926627004456161,.0926627004456161,674,325
support_sensitivity,cvr6_departments,CVR six high-burden departments,official_conflict_envelope,1,0,ab,treat_09,2009,score_as_recorded,full_score_support,p1_mserd,4468,4468,1026,3442,3388,1080,555,2833,471,609,952,892,479,254,0,9,1,1,0,.1073937667986791,.1109343594445754,.0926175912480574,.2310074641900881,-.0705927837364691,.2924615026256199,.073377342259808,.073377342259808,.1044089837696965,.1044089837696965,760,346
support_sensitivity,cvr6_departments,CVR six high-burden departments,official_conflict_envelope,1,0,ab,treat_10,2010,score_as_recorded,full_score_support,p1_mserd,4468,4468,1263,3205,3388,1080,720,2668,543,537,952,892,479,254,0,9,1,1,0,.0887329443884057,.0683652927359668,.1033059653405215,.5081155078013841,-.1341106787195985,.2708412641915321,.0560226892654445,.0560226892654445,.0827199822836998,.0827199822836998,545,274
support_sensitivity,cvr6_departments,CVR six high-burden departments,official_conflict_envelope,1,0,ab,treat_11,2011,score_as_recorded,full_score_support,p1_mserd,4468,4468,1416,3052,3388,1080,833,2555,583,497,952,892,479,254,0,9,1,1,0,.0528971198183898,.0277375006436644,.0999791599028064,.7814477807244835,-.1682180519704071,.223693053257736,.0591422565494842,.0591422565494842,.0895803123624181,.0895803123624181,585,283
support_sensitivity,cvr6_departments,CVR six high-burden departments,official_conflict_envelope,1,0,ab,treat_12,2012,score_as_recorded,full_score_support,p1_mserd,4468,4468,1569,2899,3388,1080,924,2464,645,435,952,892,479,254,0,9,1,1,0,.0624323561966675,.0356950205275964,.1000631032255177,.7212976129245852,-.1604250579757319,.2318150990309248,.0515704751557701,.0515704751557701,.0790461527843058,.0790461527843058,490,257
support_sensitivity,cvr6_departments,CVR six high-burden departments,official_conflict_envelope,1,0,ab,treat_13,2013,score_as_recorded,full_score_support,p1_mserd,4468,4468,1675,2793,3388,1080,973,2415,702,378,952,892,479,254,0,9,1,1,0,-.0119783176503386,-.0452777354742382,.0963386664788815,.6383656801572899,-.2340980520914621,.1435425811429857,.0515586438616907,.0515586438616907,.086038868743611,.086038868743611,490,257
support_sensitivity,cvr6_departments,CVR six high-burden departments,official_conflict_envelope,1,0,ab,treat_14,2014,score_as_recorded,full_score_support,p1_mserd,4468,4468,1757,2711,3388,1080,1001,2387,756,324,952,892,479,254,0,9,1,1,0,-.1672628142670033,-.2046111431424571,.1067837264964009,.055348978055708,-.4139034012103783,.0046811149254641,.0382417616561023,.0382417616561023,.0661321714697698,.0661321714697698,335,197
support_sensitivity,cvr6_departments,CVR six high-burden departments,official_conflict_envelope,1,0,ab,treat_15,2015,score_as_recorded,full_score_support,p1_mserd,4468,4468,1830,2638,3388,1080,1021,2367,809,271,952,892,479,254,0,9,1,1,0,-.0941422338085751,-.1270493234752526,.1012379263782021,.2094940864894363,-.3254720130460462,.0713733660955411,.045703589840701,.045703589840701,.0759560735365213,.0759560735365213,423,231
support_sensitivity,cvr6_departments,CVR six high-burden departments,official_conflict_envelope,1,0,ab,treat_16,2016,score_as_recorded,full_score_support,p1_mserd,4468,4468,1923,2545,3388,1080,1046,2342,877,203,952,892,479,254,0,9,1,1,0,-.0136942278379635,-.0435001856787205,.0896335229990597,.6274553502449391,-.2191786625643201,.1321782912068791,.0485338833318465,.0485338833318465,.0812829760339081,.0812829760339081,451,246
support_sensitivity,cvr6_departments,CVR six high-burden departments,official_conflict_envelope,1,0,ab,treat_17,2017,score_as_recorded,full_score_support,p1_mserd,4468,4468,2120,2348,3388,1080,1172,2216,948,132,952,892,479,254,0,9,1,1,0,-.0030336863864013,-.0245288314775298,.0800839433632541,.7593846085355698,-.1814904762094534,.1324328132543937,.0542828716843635,.0542828716843635,.0845233816652263,.0845233816652263,523,267
support_sensitivity,cvr6_departments,CVR six high-burden departments,official_conflict_envelope,1,0,ab,treat_18,2018,score_as_recorded,full_score_support,p1_mserd,4468,4468,2231,2237,3388,1080,1268,2120,963,117,952,892,479,254,0,9,1,1,0,-.0012593683476834,.0011894248511763,.0900095642686464,.9894567192553729,-.1752260793795139,.1776049290818666,.0441125485024269,.0441125485024269,.0618534917385318,.0618534917385318,404,226
support_sensitivity,cvr6_departments,CVR six high-burden departments,official_conflict_envelope,1,0,ab,treat_19,2019,score_as_recorded,full_score_support,p1_mserd,4468,4468,2638,1830,3388,1080,1665,1723,973,107,952,892,479,254,0,9,1,1,0,.0287697698779601,.0491354451700421,.0749586463941578,.5121454359675341,-.0977808020923804,.1960516924324645,.0392771857340741,.0392771857340741,.0616000043646994,.0616000043646994,349,206
support_sensitivity,cvr6_departments,CVR six high-burden departments,official_conflict_envelope,1,0,ab,treat_20,2020,score_as_recorded,full_score_support,p1_mserd,4468,4468,2856,1612,3388,1080,1878,1510,978,102,952,892,479,254,0,9,1,1,0,.036529644881881,.04378716495819,.0768435674688734,.5687983472368483,-.1068234597243755,.1943977896407555,.0384210126455516,.0384210126455516,.0547612159559969,.0547612159559969,340,197
support_sensitivity,cvr6_departments,CVR six high-burden departments,official_conflict_envelope,1,0,ab,treat_21,2021,score_as_recorded,full_score_support,p1_mserd,4468,4468,2942,1526,3388,1080,1958,1430,984,96,952,892,479,254,0,9,1,1,0,.0181569322782056,.021226672982789,.0762558964314059,.780735200015517,-.1282321376315829,.170685483597161,.0387623821563936,.0387623821563936,.054366471197227,.054366471197227,343,202
support_sensitivity,cvr6_departments,CVR six high-burden departments,official_conflict_envelope,1,0,ab,treat_22,2022,score_as_recorded,full_score_support,p1_mserd,4468,4468,3389,1079,3388,1080,2390,998,999,81,952,892,479,254,0,9,1,1,0,.0362474784019451,.0451997140569467,.072437279857611,.5326379983403455,-.0967747456020195,.1871741737159129,.0386552153994352,.0386552153994352,.0535526030249247,.0535526030249247,343,200
support_sensitivity,cvr6_departments,CVR six high-burden departments,official_conflict_envelope,1,0,ab,treat_23,2023,score_as_recorded,full_score_support,p1_mserd,4468,4468,3516,952,3388,1080,2514,874,1002,78,952,892,479,254,0,9,1,1,0,.0248881125087042,.0364180982604274,.0716914540694118,.6114646945456608,-.1040945697149271,.176930766235782,.038712487036638,.038712487036638,.0544977264706121,.0544977264706121,343,200
support_sensitivity,cvr6_departments,CVR six high-burden departments,official_conflict_envelope,1,0,bc,treat_07,2007,score_as_recorded,full_score_support,p1_mserd,4468,4468,250,4218,2351,2117,40,2311,210,1907,364,1480,439,350,0,4,1,1,0,.0216194468217199,.018114434595502,.0446627432759199,.685049265573776,-.0694229336760595,.1056518028670635,.0200752858186803,.0200752858186803,.0310639717961311,.0310639717961311,444,312
support_sensitivity,cvr6_departments,CVR six high-burden departments,official_conflict_envelope,1,0,bc,treat_08,2008,score_as_recorded,full_score_support,p1_mserd,4468,4468,572,3896,2351,2117,125,2226,447,1670,364,1480,439,350,0,4,1,1,0,.0211570482659294,.0174275947426104,.0723568455443313,.8096665714625736,-.1243892165592063,.1592444060444271,.0172064891545998,.0172064891545998,.0281757368341112,.0281757368341112,370,267
support_sensitivity,cvr6_departments,CVR six high-burden departments,official_conflict_envelope,1,0,bc,treat_09,2009,score_as_recorded,full_score_support,p1_mserd,4468,4468,1026,3442,2351,2117,280,2071,746,1371,364,1480,439,350,0,4,1,1,0,.0137583815162054,.003500160440097,.0960360585186569,.9709264846619517,-.1847270554736516,.1917273763538455,.0142198614376858,.0142198614376858,.0245144730871877,.0245144730871877,287,213
support_sensitivity,cvr6_departments,CVR six high-burden departments,official_conflict_envelope,1,0,bc,treat_10,2010,score_as_recorded,full_score_support,p1_mserd,4468,4468,1263,3205,2351,2117,381,1970,882,1235,364,1480,439,350,0,4,1,1,0,-.0138076287287062,-.0217069025399484,.0918790598639088,.8132346745691245,-.2017865508066092,.1583727457267123,.0163411150388973,.0163411150388973,.0258915811553979,.0258915811553979,343,253
support_sensitivity,cvr6_departments,CVR six high-burden departments,official_conflict_envelope,1,0,bc,treat_11,2011,score_as_recorded,full_score_support,p1_mserd,4468,4468,1416,3052,2351,2117,441,1910,975,1142,364,1480,439,350,0,4,1,1,0,-.0036284221054033,-.0117072286781142,.0939917230765441,.9008751008544986,-.195927620753003,.1725131633967745,.0160870684952082,.0160870684952082,.0255938500761435,.0255938500761435,332,250
support_sensitivity,cvr6_departments,CVR six high-burden departments,official_conflict_envelope,1,0,bc,treat_12,2012,score_as_recorded,full_score_support,p1_mserd,4468,4468,1569,2899,2351,2117,476,1875,1093,1024,364,1480,439,350,0,4,1,1,0,.0348496327780065,.0206756076435421,.1058421336687852,.845123787464121,-.1867711623941511,.2281223776812354,.0153395836867531,.0153395836867531,.02483847919227,.02483847919227,315,238
support_sensitivity,cvr6_departments,CVR six high-burden departments,official_conflict_envelope,1,0,bc,treat_13,2013,score_as_recorded,full_score_support,p1_mserd,4468,4468,1675,2793,2351,2117,490,1861,1185,932,364,1480,439,350,0,4,1,1,0,.0721737589096235,.0683319859290034,.1035548846652449,.5093420656455954,-.1346318584380757,.2712958302960824,.0164611654932616,.0164611654932616,.0258035624442929,.0258035624442929,346,253
support_sensitivity,cvr6_departments,CVR six high-burden departments,official_conflict_envelope,1,0,bc,treat_14,2014,score_as_recorded,full_score_support,p1_mserd,4468,4468,1757,2711,2351,2117,494,1857,1263,854,364,1480,439,350,0,4,1,1,0,.075702566652898,.0687915371582956,.1041560871542501,.5089549355958746,-.1353506424346497,.2729337167512408,.0162255645305635,.0162255645305635,.0255551605665616,.0255551605665616,342,252
support_sensitivity,cvr6_departments,CVR six high-burden departments,official_conflict_envelope,1,0,bc,treat_15,2015,score_as_recorded,full_score_support,p1_mserd,4468,4468,1830,2638,2351,2117,494,1857,1336,781,364,1480,439,350,0,4,1,1,0,.1107304033786046,.1031496553876369,.1038691343020077,.320674274821046,-.1004301069496521,.3067294177249258,.0166682865362023,.0166682865362023,.0259849213187371,.0259849213187371,354,261
support_sensitivity,cvr6_departments,CVR six high-burden departments,official_conflict_envelope,1,0,bc,treat_16,2016,score_as_recorded,full_score_support,p1_mserd,4468,4468,1923,2545,2351,2117,495,1856,1428,689,364,1480,439,350,0,4,1,1,0,.1381788828223944,.1340571872127582,.1027985179633102,.1922073157438506,-.0674242056594236,.3355385800849399,.0169865493383736,.0169865493383736,.0263225736077646,.0263225736077646,368,263
support_sensitivity,cvr6_departments,CVR six high-burden departments,official_conflict_envelope,1,0,bc,treat_17,2017,score_as_recorded,full_score_support,p1_mserd,4468,4468,2120,2348,2351,2117,496,1855,1624,493,364,1480,439,350,0,4,1,1,0,.2926914243024712,.3061412502542201,.1012329500328063,.0024935212451403,.1077283141411769,.5045541863672633,.0180186281914973,.0180186281914973,.0272375480181721,.0272375480181721,386,277
support_sensitivity,cvr6_departments,CVR six high-burden departments,official_conflict_envelope,1,0,bc,treat_18,2018,score_as_recorded,full_score_support,p1_mserd,4468,4468,2231,2237,2351,2117,521,1830,1710,407,364,1480,439,350,0,4,1,1,0,.2358012543868946,.2407071789347205,.0969733870464445,.0130574578741426,.0506428328648263,.4307715250046146,.0196781029185104,.0196781029185104,.029201365970171,.029201365970171,435,308
support_sensitivity,cvr6_departments,CVR six high-burden departments,official_conflict_envelope,1,0,bc,treat_19,2019,score_as_recorded,full_score_support,p1_mserd,4468,4468,2638,1830,2351,2117,821,1530,1817,300,364,1480,439,350,0,4,1,1,0,.2402251231711008,.2764244948928072,.1013474611276681,.0063817603812499,.0777871211580045,.4750618686276098,.0122509584634844,.0122509584634844,.0196394687310057,.0196394687310057,246,184
support_sensitivity,cvr6_departments,CVR six high-burden departments,official_conflict_envelope,1,0,bc,treat_20,2020,score_as_recorded,full_score_support,p1_mserd,4468,4468,2856,1612,2351,2117,1013,1338,1843,274,364,1480,439,350,0,4,1,1,0,.1362204826177074,.1572479411508894,.0911038927525073,.0843422346456435,-.0213124074954245,.3358082897972032,.0141633845695772,.0141633845695772,.0203765272328493,.0203765272328493,287,213
support_sensitivity,cvr6_departments,CVR six high-burden departments,official_conflict_envelope,1,0,bc,treat_21,2021,score_as_recorded,full_score_support,p1_mserd,4468,4468,2942,1526,2351,2117,1086,1265,1856,261,364,1480,439,350,0,4,1,1,0,.111224982332599,.1284810461616765,.089296720523116,.1502042617079503,-.0465373100011694,.3034994023245225,.0138372530339573,.0138372530339573,.0197698720800173,.0197698720800173,279,210
support_sensitivity,cvr6_departments,CVR six high-burden departments,official_conflict_envelope,1,0,bc,treat_22,2022,score_as_recorded,full_score_support,p1_mserd,4468,4468,3389,1079,2351,2117,1489,862,1900,217,364,1480,439,350,0,4,1,1,0,.0138227661393928,.0176362675115702,.0766606012400795,.8180478875330081,-.1326157499521722,.1678882849753126,.017023771425865,.017023771425865,.0264847742796717,.0264847742796717,368,263
support_sensitivity,cvr6_departments,CVR six high-burden departments,official_conflict_envelope,1,0,bc,treat_23,2023,score_as_recorded,full_score_support,p1_mserd,4468,4468,3516,952,2351,2117,1602,749,1914,203,364,1480,439,350,0,4,1,1,0,.0464938034980606,.0611688170923279,.0799742339324065,.4443569662577683,-.0955778011063699,.2179154352910257,.013968870799174,.013968870799174,.0215634716342812,.0215634716342812,281,211
support_sensitivity,cvr6_departments,CVR six high-burden departments,official_conflict_envelope,1,0,cd,treat_07,2007,score_as_recorded,full_score_support,p1_mserd,4468,4468,250,4218,1345,3123,5,1340,245,2878,74,1770,336,440,4,3,1,1,0,.0234620298245435,.0257038030072506,.0250756657967623,.3053397506237442,-.0234435988427663,.0748512048572674,.0171296423511699,.0171296423511699,.0244015418811301,.0244015418811301,1206,598
support_sensitivity,cvr6_departments,CVR six high-burden departments,official_conflict_envelope,1,0,cd,treat_08,2008,score_as_recorded,full_score_support,p1_mserd,4468,4468,572,3896,1345,3123,32,1313,540,2583,74,1770,336,440,4,3,1,1,0,.0255880652596784,-.0027891191559586,.0392429142714724,.9433395043865136,-.0797038177764373,.0741255794645202,.0223556812330957,.0223556812330957,.0279193162092736,.0279193162092736,1345,739
support_sensitivity,cvr6_departments,CVR six high-burden departments,official_conflict_envelope,1,0,cd,treat_09,2009,score_as_recorded,full_score_support,p1_mserd,4468,4468,1026,3442,1345,3123,94,1251,932,2191,74,1770,336,440,4,3,1,1,0,.001443360958421,-.0509245921692115,.0514526490742428,.3223026695700154,-.1517699312639054,.0499207469254825,.0231464033081066,.0231464033081066,.0308107369618196,.0308107369618196,1345,760
support_sensitivity,cvr6_departments,CVR six high-burden departments,official_conflict_envelope,1,0,cd,treat_10,2010,score_as_recorded,full_score_support,p1_mserd,4468,4468,1263,3205,1345,3123,125,1220,1138,1985,74,1770,336,440,4,3,1,1,0,-.0061422976625609,-.0594782422296145,.0615483030091119,.3338606252888025,-.1801106994370319,.061154214977803,.0209901496652276,.0209901496652276,.0275720635098046,.0275720635098046,1345,710
support_sensitivity,cvr6_departments,CVR six high-burden departments,official_conflict_envelope,1,0,cd,treat_11,2011,score_as_recorded,full_score_support,p1_mserd,4468,4468,1416,3052,1345,3123,144,1201,1272,1851,74,1770,336,440,4,3,1,1,0,.0172259218494465,-.029226376366838,.0616308947735051,.6353456538037145,-.1500207104578858,.0915679577242098,.0208239035666633,.0208239035666633,.0276842734171621,.0276842734171621,1345,707
support_sensitivity,cvr6_departments,CVR six high-burden departments,official_conflict_envelope,1,0,cd,treat_12,2012,score_as_recorded,full_score_support,p1_mserd,4468,4468,1569,2899,1345,3123,153,1192,1416,1707,74,1770,336,440,4,3,1,1,0,.020514351196634,-.0353439715999355,.0618895091113026,.567944202320837,-.1566451804789522,.0859572372790811,.020651163505509,.020651163505509,.028170870033812,.028170870033812,1345,699
support_sensitivity,cvr6_departments,CVR six high-burden departments,official_conflict_envelope,1,0,cd,treat_13,2013,score_as_recorded,full_score_support,p1_mserd,4468,4468,1675,2793,1345,3123,160,1185,1515,1608,74,1770,336,440,4,3,1,1,0,.0164536038199879,-.0390025877102927,.0622327824242045,.5308421771908619,-.1609765999194508,.0829714244988653,.0204270702744049,.0204270702744049,.0277998269544407,.0277998269544407,1345,695
support_sensitivity,cvr6_departments,CVR six high-burden departments,official_conflict_envelope,1,0,cd,treat_14,2014,score_as_recorded,full_score_support,p1_mserd,4468,4468,1757,2711,1345,3123,163,1182,1594,1529,74,1770,336,440,4,3,1,1,0,.0185966463661484,-.0347442751200072,.0637066020714295,.585492533067522,-.1596069207574337,.0901183705174194,.0206790866592262,.0206790866592262,.0272274304431436,.0272274304431436,1345,699
support_sensitivity,cvr6_departments,CVR six high-burden departments,official_conflict_envelope,1,0,cd,treat_15,2015,score_as_recorded,full_score_support,p1_mserd,4468,4468,1830,2638,1345,3123,163,1182,1667,1456,74,1770,336,440,4,3,1,1,0,.0186161314462875,-.0347455893528985,.0637060158785695,.5854748969845813,-.1596070860734316,.0901159073676346,.0206837852626861,.0206837852626861,.0272287424483321,.0272287424483321,1345,699
support_sensitivity,cvr6_departments,CVR six high-burden departments,official_conflict_envelope,1,0,cd,treat_16,2016,score_as_recorded,full_score_support,p1_mserd,4468,4468,1923,2545,1345,3123,164,1181,1759,1364,74,1770,336,440,4,3,1,1,0,.0149676821738091,-.0378208571441304,.0637521911681717,.5530152224804161,-.1627728557692593,.0871311414809985,.0204905813204741,.0204905813204741,.0268588336927872,.0268588336927872,1345,698
support_sensitivity,cvr6_departments,CVR six high-burden departments,official_conflict_envelope,1,0,cd,treat_17,2017,score_as_recorded,full_score_support,p1_mserd,4468,4468,2120,2348,1345,3123,164,1181,1956,1167,74,1770,336,440,4,3,1,1,0,.0153340524759542,-.0378341270184134,.0637467196652323,.5528418716921877,-.1627754016948399,.0871071476580131,.0205763496050601,.0205763496050601,.0268782466648693,.0268782466648693,1345,699
support_sensitivity,cvr6_departments,CVR six high-burden departments,official_conflict_envelope,1,0,cd,treat_18,2018,score_as_recorded,full_score_support,p1_mserd,4468,4468,2231,2237,1345,3123,164,1181,2067,1056,74,1770,336,440,4,3,1,1,0,.0159653860065864,-.0359005163798811,.063546976077598,.5721114957676028,-.1604503008184015,.0886492680586394,.0210591548810009,.0210591548810009,.0270168655846146,.0270168655846146,1345,710
support_sensitivity,cvr6_departments,CVR six high-burden departments,official_conflict_envelope,1,0,cd,treat_19,2019,score_as_recorded,full_score_support,p1_mserd,4468,4468,2638,1830,1345,3123,184,1161,2454,669,74,1770,336,440,4,3,1,1,0,.2126853141661073,.1057523010141995,.0644292056557935,.1007201963747998,-.0205266216236802,.2320312236520792,.0199306207300366,.0199306207300366,.027391065853451,.027391065853451,1345,685
support_sensitivity,cvr6_departments,CVR six high-burden departments,official_conflict_envelope,1,0,cd,treat_20,2020,score_as_recorded,full_score_support,p1_mserd,4468,4468,2856,1612,1345,3123,274,1071,2582,541,74,1770,336,440,4,3,1,1,0,.1663485656732879,.0760813471062841,.0615763467049872,.2166217007955512,-.0446060747350424,.1967687689476106,.0214380503115369,.0214380503115369,.0256849196317411,.0256849196317411,1345,725
support_sensitivity,cvr6_departments,CVR six high-burden departments,official_conflict_envelope,1,0,cd,treat_21,2021,score_as_recorded,full_score_support,p1_mserd,4468,4468,2942,1526,1345,3123,306,1039,2636,487,74,1770,336,440,4,3,1,1,0,.2103017674398786,.1367744228152695,.0580644076581441,.0184946156004065,.0229702750216554,.2505785706088837,.0235243677288718,.0235243677288718,.0251701361063933,.0251701361063933,1345,770
support_sensitivity,cvr6_departments,CVR six high-burden departments,official_conflict_envelope,1,0,cd,treat_22,2022,score_as_recorded,full_score_support,p1_mserd,4468,4468,3389,1079,1345,3123,633,712,2756,367,74,1770,336,440,4,3,1,1,0,-.0168726738532874,.0845214747761387,.0515276004845363,.100939773926105,-.016470766383321,.1855137159355984,.0254070194855907,.0254070194855907,.0298110268686443,.0298110268686443,1345,805
support_sensitivity,cvr6_departments,CVR six high-burden departments,official_conflict_envelope,1,0,cd,treat_23,2023,score_as_recorded,full_score_support,p1_mserd,4468,4468,3516,952,1345,3123,724,621,2792,331,74,1770,336,440,4,3,1,1,0,-.0743765126963221,.0617949763447914,.04778559122559,.1959516659858761,-.0318630614373182,.1554530141269009,.0217336293868027,.0217336293868027,.0306245432915056,.0306245432915056,1345,729
support_sensitivity,cvr6_departments,CVR six high-burden departments,official_conflict_envelope,1,0,de,treat_07,2007,score_as_recorded,full_score_support,p1_mserd,4468,4468,250,4218,557,3911,0,557,250,3661,14,1830,211,491,53,53,0,0,,,,,,,,,,,,,
support_sensitivity,cvr6_departments,CVR six high-burden departments,official_conflict_envelope,1,0,de,treat_08,2008,score_as_recorded,full_score_support,p1_mserd,4468,4468,572,3896,557,3911,1,556,571,3340,14,1830,211,491,53,53,1,1,0,-.0054444698876073,-.0111379967221165,.0109361688486849,.3084617377427625,-.0325724937943879,.0102965003501548,.0155240406948884,.0155240406948884,.0275397755061659,.0275397755061659,557,951
support_sensitivity,cvr6_departments,CVR six high-burden departments,official_conflict_envelope,1,0,de,treat_09,2009,score_as_recorded,full_score_support,p1_mserd,4468,4468,1026,3442,557,3911,9,548,1017,2894,14,1830,211,491,53,53,1,1,0,-.0392207758162054,-.0717466809189803,.0268210868519578,.0074726976483296,-.1243150451750384,-.0191783166629222,.0143920560320352,.0143920560320352,.0265943341434683,.0265943341434683,557,892
support_sensitivity,cvr6_departments,CVR six high-burden departments,official_conflict_envelope,1,0,de,treat_10,2010,score_as_recorded,full_score_support,p1_mserd,4468,4468,1263,3205,557,3911,14,543,1249,2662,14,1830,211,491,53,53,1,1,0,-.0448821212512577,-.0859310408652312,.0295219607484371,.0036056263667644,-.1437930206851732,-.0280690610452893,.0146563666101578,.0146563666101578,.0282261563083349,.0282261563083349,557,910
support_sensitivity,cvr6_departments,CVR six high-burden departments,official_conflict_envelope,1,0,de,treat_11,2011,score_as_recorded,full_score_support,p1_mserd,4468,4468,1416,3052,557,3911,18,539,1398,2513,14,1830,211,491,53,53,1,1,0,-.0245846906231797,-.0591722766386206,.0318924029756517,.0635430999434201,-.1216802378513359,.0033356845740947,.0167537348863905,.0167537348863905,.0299980328114751,.0299980328114751,557,998
support_sensitivity,cvr6_departments,CVR six high-burden departments,official_conflict_envelope,1,0,de,treat_12,2012,score_as_recorded,full_score_support,p1_mserd,4468,4468,1569,2899,557,3911,23,534,1546,2365,14,1830,211,491,53,53,1,1,0,-.0210685190592336,-.0536840873116709,.0321073949833471,.0945211106763801,-.1166134251164333,.0092452504930914,.0173050137526059,.0173050137526059,.0305477392525178,.0305477392525178,557,1033
support_sensitivity,cvr6_departments,CVR six high-burden departments,official_conflict_envelope,1,0,de,treat_13,2013,score_as_recorded,full_score_support,p1_mserd,4468,4468,1675,2793,557,3911,25,532,1650,2261,14,1830,211,491,53,53,1,1,0,-.0267851258075969,-.0581910777189506,.0322571834269907,.0712355895088699,-.1214139954785548,.0050318400406535,.0173197711764683,.0173197711764683,.0306686789683184,.0306686789683184,557,1033
support_sensitivity,cvr6_departments,CVR six high-burden departments,official_conflict_envelope,1,0,de,treat_14,2014,score_as_recorded,full_score_support,p1_mserd,4468,4468,1757,2711,557,3911,25,532,1732,2179,14,1830,211,491,53,53,1,1,0,-.0245679065075968,-.0563321386180125,.0325749440518055,.0837538358578004,-.1201778557579585,.0075135785219335,.0172103826759952,.0172103826759952,.0306665828937881,.0306665828937881,557,1027
support_sensitivity,cvr6_departments,CVR six high-burden departments,official_conflict_envelope,1,0,de,treat_15,2015,score_as_recorded,full_score_support,p1_mserd,4468,4468,1830,2638,557,3911,25,532,1805,2106,14,1830,211,491,53,53,1,1,0,-.0245760780874161,-.0563336653330498,.0325753448670493,.0837492585637944,-.1201801680564381,.0075128373903386,.0172082338650692,.0172082338650692,.0306666085983158,.0306666085983158,557,1027
support_sensitivity,cvr6_departments,CVR six high-burden departments,official_conflict_envelope,1,0,de,treat_16,2016,score_as_recorded,full_score_support,p1_mserd,4468,4468,1923,2545,557,3911,25,532,1898,2013,14,1830,211,491,53,53,1,1,0,-.025144534884418,-.0570367312981574,.0325996092956466,.0801849503686022,-.1209307914277019,.006857328831387,.0170957822536013,.0170957822536013,.0306651668651798,.0306651668651798,557,1016
support_sensitivity,cvr6_departments,CVR six high-burden departments,official_conflict_envelope,1,0,de,treat_17,2017,score_as_recorded,full_score_support,p1_mserd,4468,4468,2120,2348,557,3911,25,532,2095,1816,14,1830,211,491,53,53,1,1,0,-.0251747447646525,-.0570432881842295,.0326016293123302,.0801689425768427,-.1209413074737221,.0068547311052631,.0170867975076577,.0170867975076577,.0306627405793753,.0306627405793753,557,1016
support_sensitivity,cvr6_departments,CVR six high-burden departments,official_conflict_envelope,1,0,de,treat_18,2018,score_as_recorded,full_score_support,p1_mserd,4468,4468,2231,2237,557,3911,25,532,2206,1705,14,1830,211,491,53,53,1,1,0,-.0246596439951959,-.0561608574040144,.0325744536418439,.0846939929261729,-.1200056133580981,.0076838985500692,.0172320965727058,.0172320965727058,.0306583890955604,.0306583890955604,557,1027
support_sensitivity,cvr6_departments,CVR six high-burden departments,official_conflict_envelope,1,0,de,treat_19,2019,score_as_recorded,full_score_support,p1_mserd,4468,4468,2638,1830,557,3911,25,532,2613,1298,14,1830,211,491,53,53,1,1,0,-.0802634850007949,-.1139707955433411,.0332310647473543,.0006043686997446,-.1791024856160742,-.0488391054706081,.0161386408423726,.0161386408423726,.0306807603218211,.0306807603218211,557,969
support_sensitivity,cvr6_departments,CVR six high-burden departments,official_conflict_envelope,1,0,de,treat_20,2020,score_as_recorded,full_score_support,p1_mserd,4468,4468,2856,1612,557,3911,26,531,2830,1081,14,1830,211,491,53,53,1,1,0,.0091890462217017,-.037237640646731,.0417549133213105,.3724923234553461,-.1190757669340912,.0446004856406293,.0171171099283038,.0171171099283038,.0305799204408556,.0305799204408556,557,1016
support_sensitivity,cvr6_departments,CVR six high-burden departments,official_conflict_envelope,1,0,de,treat_21,2021,score_as_recorded,full_score_support,p1_mserd,4468,4468,2942,1526,557,3911,30,527,2912,999,14,1830,211,491,53,53,1,1,0,.022135867919269,-.036416663857632,.0481751048126831,.4496954365662887,-.1308381342419332,.0580048065266691,.017234205211231,.017234205211231,.0303438034571802,.0303438034571802,557,1027
support_sensitivity,cvr6_departments,CVR six high-burden departments,official_conflict_envelope,1,0,de,treat_22,2022,score_as_recorded,full_score_support,p1_mserd,4468,4468,3389,1079,557,3911,129,428,3260,651,14,1830,211,491,53,53,1,1,0,.0201179182891211,-.0639762149461487,.0766035389328979,.4036276031590022,-.2141163923429403,.086163962450643,.0201515317638095,.0201515317638095,.0263104046323299,.0263104046323299,557,1131
support_sensitivity,cvr6_departments,CVR six high-burden departments,official_conflict_envelope,1,0,de,treat_23,2023,score_as_recorded,full_score_support,p1_mserd,4468,4468,3516,952,557,3911,149,408,3367,544,14,1830,211,491,53,53,1,1,0,.0578332066488688,-.0327744660469056,.0743107408339676,.6591795879932888,-.1784208417459721,.1128719096521609,.0203793421941349,.0203793421941349,.0247919150472034,.0247919150472034,557,1136
support_sensitivity,legacy_department_core,Legacy two-department core,historical_component,1,0,ab,treat_07,2007,score_as_recorded,full_score_support,p1_mserd,907,907,70,837,648,259,25,623,45,214,369,234,138,88,0,6,1,1,0,.1105768928693336,.1373530003476381,.2398553171019989,.5668821131291655,-.3327547826727137,.60746078336799,.0484807316707593,.0484807316707593,.0715329962758111,.0715329962758111,95,52
support_sensitivity,legacy_department_core,Legacy two-department core,historical_component,1,0,ab,treat_08,2008,score_as_recorded,full_score_support,p1_mserd,907,907,153,754,648,259,77,571,76,183,369,234,138,88,0,6,1,1,0,.127594704976327,.1775037439574259,.2375342502959256,.4548967235788687,-.288054831717311,.6430623196321628,.0517017331221036,.0517017331221036,.0764641543333323,.0764641543333323,102,54
support_sensitivity,legacy_department_core,Legacy two-department core,historical_component,1,0,ab,treat_09,2009,score_as_recorded,full_score_support,p1_mserd,907,907,255,652,648,259,145,503,110,149,369,234,138,88,0,6,1,1,0,.0161966693398864,.0459683542508542,.2065154336455804,.8238543039236252,-.3587944579461546,.450731166447863,.0721476922448595,.0721476922448595,.1081397750757999,.1081397750757999,150,73
support_sensitivity,legacy_department_core,Legacy two-department core,historical_component,1,0,ab,treat_10,2010,score_as_recorded,full_score_support,p1_mserd,907,907,309,598,648,259,186,462,123,136,369,234,138,88,0,6,1,1,0,-.042808886964723,-.0275613853837774,.2136079721505763,.8973355822935744,-.4462253176095417,.3911025468419869,.0678233040158254,.0678233040158254,.1022528879939972,.1022528879939972,140,71
support_sensitivity,legacy_department_core,Legacy two-department core,historical_component,1,0,ab,treat_11,2011,score_as_recorded,full_score_support,p1_mserd,907,907,335,572,648,259,208,440,127,132,369,234,138,88,0,6,1,1,0,-.0795077041122348,-.0819003334472166,.2283281723166254,.7198227460198112,-.5294153278436577,.3656146609492246,.0565163332380106,.0565163332380106,.083503000865077,.083503000865077,114,55
support_sensitivity,legacy_department_core,Legacy two-department core,historical_component,1,0,ab,treat_12,2012,score_as_recorded,full_score_support,p1_mserd,907,907,362,545,648,259,220,428,142,117,369,234,138,88,0,6,1,1,0,-.0438326465691397,-.0397131988871406,.2305994978407881,.8632667795046525,-.4916799095081072,.4122535117338259,.0541132431006569,.0541132431006569,.0763946348824023,.0763946348824023,108,54
support_sensitivity,legacy_department_core,Legacy two-department core,historical_component,1,0,ab,treat_13,2013,score_as_recorded,full_score_support,p1_mserd,907,907,391,516,648,259,234,414,157,102,369,234,138,88,0,6,1,1,0,-.2369492702565997,-.2503717357492656,.2233379156356185,.2622689328115391,-.6881060067773228,.1873625352787915,.0495021564276451,.0495021564276451,.0701483773536807,.0701483773536807,97,53
support_sensitivity,legacy_department_core,Legacy two-department core,historical_component,1,0,ab,treat_14,2014,score_as_recorded,full_score_support,p1_mserd,907,907,405,502,648,259,238,410,167,92,369,234,138,88,0,6,1,1,0,-.2861547075144624,-.2933072795540225,.2245319518247794,.1914487541632357,-.7333818185090726,.1467672594010276,.0472914693573087,.0472914693573087,.0664290731106241,.0664290731106241,94,50
support_sensitivity,legacy_department_core,Legacy two-department core,historical_component,1,0,ab,treat_15,2015,score_as_recorded,full_score_support,p1_mserd,907,907,422,485,648,259,241,407,181,78,369,234,138,88,0,6,1,1,0,-.2688019101034118,-.2477629053321706,.2224947617339643,.2654648338875559,-.6838446250795611,.18831881441522,.0485790127254476,.0485790127254476,.0677229289950153,.0677229289950153,95,52
support_sensitivity,legacy_department_core,Legacy two-department core,historical_component,1,0,ab,treat_16,2016,score_as_recorded,full_score_support,p1_mserd,907,907,461,446,648,259,250,398,211,48,369,234,138,88,0,6,1,1,0,-.249084633064163,-.2426629752506412,.2260734620436926,.2831001730787348,-.6857588187165615,.2004328682152792,.0455557517797555,.0455557517797555,.0634747118532637,.0634747118532637,90,44
support_sensitivity,legacy_department_core,Legacy two-department core,historical_component,1,0,ab,treat_17,2017,score_as_recorded,full_score_support,p1_mserd,907,907,505,402,648,259,276,372,229,30,369,234,138,88,0,6,1,1,0,-.045238583943352,-.024116816975847,.1844301519028725,.8959620340168222,-.3855932723687284,.3373596384170344,.0386749648494366,.0386749648494366,.0608299475819291,.0608299475819291,69,36
support_sensitivity,legacy_department_core,Legacy two-department core,historical_component,1,0,ab,treat_18,2018,score_as_recorded,full_score_support,p1_mserd,907,907,516,391,648,259,285,363,231,28,369,234,138,88,0,6,1,1,0,-.0439181362731971,-.0239729820285628,.181847429047145,.8951186028373739,-.3803873936421699,.3324414295850443,.0392223977271163,.0392223977271163,.0613027313873297,.0613027313873297,69,37
support_sensitivity,legacy_department_core,Legacy two-department core,historical_component,1,0,ab,treat_19,2019,score_as_recorded,full_score_support,p1_mserd,907,907,612,295,648,259,377,271,235,24,369,234,138,88,0,6,1,1,0,-.0788089362850692,-.060446095430684,.1473172107574179,.6815767117860168,-.3491825228181197,.2282903319567517,.0524959654908305,.0524959654908305,.0784882045085541,.0784882045085541,104,54
support_sensitivity,legacy_department_core,Legacy two-department core,historical_component,1,0,ab,treat_20,2020,score_as_recorded,full_score_support,p1_mserd,907,907,650,257,648,259,413,235,237,22,369,234,138,88,0,6,1,1,0,-.0516493698996101,-.0173997488850939,.157109479130631,.911815231178745,-.3253286696109778,.29052917184079,.0455187442277299,.0455187442277299,.0692967057004773,.0692967057004773,89,43
support_sensitivity,legacy_department_core,Legacy two-department core,historical_component,1,0,ab,treat_21,2021,score_as_recorded,full_score_support,p1_mserd,907,907,667,240,648,259,428,220,239,20,369,234,138,88,0,6,1,1,0,-.0501961269365541,-.0134060228142925,.161931510427463,.9340199296459947,-.3307859512142921,.3039739055857071,.0438273585568116,.0438273585568116,.0678895416733381,.0678895416733381,83,42
support_sensitivity,legacy_department_core,Legacy two-department core,historical_component,1,0,ab,treat_22,2022,score_as_recorded,full_score_support,p1_mserd,907,907,757,150,648,259,512,136,245,14,369,234,138,88,0,6,1,1,0,.1078777341859467,.1450651700321546,.0630941568876404,.0214944085888852,.0214028948974596,.2687274451668495,.0322287454271008,.0322287454271008,.0639415513112463,.0639415513112463,62,28
support_sensitivity,legacy_department_core,Legacy two-department core,historical_component,1,0,ab,treat_23,2023,score_as_recorded,full_score_support,p1_mserd,907,907,777,130,648,259,530,118,247,12,369,234,138,88,0,6,1,1,0,.1129975404987007,.1486646016920514,.0628026903730692,.017924730320404,.0255735904286154,.2717556129554874,.0331855469569741,.0331855469569741,.0647493496939194,.0647493496939194,63,29
support_sensitivity,legacy_department_core,Legacy two-department core,historical_component,1,0,bc,treat_07,2007,score_as_recorded,full_score_support,p1_mserd,907,907,70,837,447,460,7,440,63,397,194,409,116,122,0,0,1,1,0,-.0112323070330105,-.0237929565661744,.0629215628451868,.7053289938477081,-.1471169535937141,.0995310404613654,.0345921112053947,.0345921112053947,.0479340323955775,.0479340323955775,220,86
support_sensitivity,legacy_department_core,Legacy two-department core,historical_component,1,0,bc,treat_08,2008,score_as_recorded,full_score_support,p1_mserd,907,907,153,754,447,460,33,414,120,340,194,409,116,122,0,0,1,1,0,-.012254011777129,.0030199548864889,.1372845526941459,.9824497293253384,-.2660528240277282,.272092733800706,.0303915528764932,.0303915528764932,.0386944706206037,.0386944706206037,178,77
support_sensitivity,legacy_department_core,Legacy two-department core,historical_component,1,0,bc,treat_09,2009,score_as_recorded,full_score_support,p1_mserd,907,907,255,652,447,460,73,374,182,278,194,409,116,122,0,0,1,1,0,.1573059656583377,.1752119415673349,.1584740696894723,.2688914649244989,-.1353915275075213,.4858154106421912,.0303434917389187,.0303434917389187,.0402267065822084,.0402267065822084,178,77
support_sensitivity,legacy_department_core,Legacy two-department core,historical_component,1,0,bc,treat_10,2010,score_as_recorded,full_score_support,p1_mserd,907,907,309,598,447,460,99,348,210,250,194,409,116,122,0,0,1,1,0,.1819922104731999,.2154951538895159,.1615979729472122,.1823591365604829,-.101231053061698,.5322213608407298,.0318061216397866,.0318061216397866,.0396509843151966,.0396509843151966,191,77
support_sensitivity,legacy_department_core,Legacy two-department core,historical_component,1,0,bc,treat_11,2011,score_as_recorded,full_score_support,p1_mserd,907,907,335,572,447,460,113,334,222,238,194,409,116,122,0,0,1,1,0,.233217528860147,.253954382169722,.1603250307962923,.113194381406526,-.0602769040112858,.5681856683507298,.0346122359495262,.0346122359495262,.0430000501441926,.0430000501441926,220,86
support_sensitivity,legacy_department_core,Legacy two-department core,historical_component,1,0,bc,treat_12,2012,score_as_recorded,full_score_support,p1_mserd,907,907,362,545,447,460,115,332,247,213,194,409,116,122,0,0,1,1,0,.3254291886002101,.3850267112389235,.1686643002911167,.0224422055944749,.0544507571906863,.7156026652871608,.0332461828689765,.0332461828689765,.0442704125560871,.0442704125560871,209,82
support_sensitivity,legacy_department_core,Legacy two-department core,historical_component,1,0,bc,treat_13,2013,score_as_recorded,full_score_support,p1_mserd,907,907,391,516,447,460,116,331,275,185,194,409,116,122,0,0,1,1,0,.2932385055735837,.3545972215773958,.1690986517274694,.0359949632069226,.023169954357274,.6860244887975177,.0346920085478938,.0346920085478938,.0462100123174426,.0462100123174426,220,86
support_sensitivity,legacy_department_core,Legacy two-department core,historical_component,1,0,bc,treat_14,2014,score_as_recorded,full_score_support,p1_mserd,907,907,405,502,447,460,117,330,288,172,194,409,116,122,0,0,1,1,0,.3184766138387636,.3672587962456551,.1681740785138192,.028976841124697,.0376436592253582,.6968739332659519,.0361316800634516,.0361316800634516,.0456621247237731,.0456621247237731,236,89
support_sensitivity,legacy_department_core,Legacy two-department core,historical_component,1,0,bc,treat_15,2015,score_as_recorded,full_score_support,p1_mserd,907,907,422,485,447,460,117,330,305,155,194,409,116,122,0,0,1,1,0,.3206681379047479,.3724745490935568,.167941320105366,.0265626686860656,.043315610170927,.7016334880161866,.0351431497931639,.0351431497931639,.0453145224731704,.0453145224731704,223,87
support_sensitivity,legacy_department_core,Legacy two-department core,historical_component,1,0,bc,treat_16,2016,score_as_recorded,full_score_support,p1_mserd,907,907,461,446,447,460,117,330,344,116,194,409,116,122,0,0,1,1,0,.3355916954443708,.3662820887160478,.1685783555131623,.0297975897599041,.0358745833372605,.6966895940948352,.0367851544887331,.0367851544887331,.0452706833207628,.0452706833207628,243,91
support_sensitivity,legacy_department_core,Legacy two-department core,historical_component,1,0,bc,treat_17,2017,score_as_recorded,full_score_support,p1_mserd,907,907,505,402,447,460,117,330,388,72,194,409,116,122,0,0,1,1,0,.5348572940782408,.5678222390209759,.1135354284028096,5.69515238128e-07,.3452968883821433,.7903475896598087,.0356758644358258,.0356758644358258,.0434792827401506,.0434792827401506,233,88
support_sensitivity,legacy_department_core,Legacy two-department core,historical_component,1,0,bc,treat_18,2018,score_as_recorded,full_score_support,p1_mserd,907,907,516,391,447,460,125,322,391,69,194,409,116,122,0,0,1,1,0,.4024945580872943,.4164574910772514,.1310596855477757,.0014849073925918,.1595852275784664,.6733297545760364,.0384280509627738,.0384280509627738,.0478557756054669,.0478557756054669,264,96
support_sensitivity,legacy_department_core,Legacy two-department core,historical_component,1,0,bc,treat_19,2019,score_as_recorded,full_score_support,p1_mserd,907,907,612,295,447,460,201,246,411,49,194,409,116,122,0,0,1,1,0,.2553117913170577,.3190881628672233,.130793338525133,.0147020595497077,.0627379299402075,.5754383957942391,.0372517412735131,.0372517412735131,.0435564095876892,.0435564095876892,247,93
support_sensitivity,legacy_department_core,Legacy two-department core,historical_component,1,0,bc,treat_20,2020,score_as_recorded,full_score_support,p1_mserd,907,907,650,257,447,460,237,210,413,47,194,409,116,122,0,0,1,1,0,.2272095263155012,.3064767527557761,.1337534316243133,.0219428215284429,.0443248439634814,.5686286615480709,.0342185474763921,.0342185474763921,.0408692354135229,.0408692354135229,217,86
support_sensitivity,legacy_department_core,Legacy two-department core,historical_component,1,0,bc,treat_21,2021,score_as_recorded,full_score_support,p1_mserd,907,907,667,240,447,460,251,196,416,44,194,409,116,122,0,0,1,1,0,.2083074850063333,.290996029646418,.1321733233901419,.0276918424350236,.0319410760847745,.5500509832080616,.0340852108933009,.0340852108933009,.0415622147759332,.0415622147759332,217,86
support_sensitivity,legacy_department_core,Legacy two-department core,historical_component,1,0,bc,treat_22,2022,score_as_recorded,full_score_support,p1_mserd,907,907,757,150,447,460,327,120,430,30,194,409,116,122,0,0,1,1,0,.0807153471853015,.0806865988874259,.1039087009055581,.4374453424923611,-.1229707125678125,.2843439103426643,.0352917300691131,.0352917300691131,.0397137695089547,.0397137695089547,228,88
support_sensitivity,legacy_department_core,Legacy two-department core,historical_component,1,0,bc,treat_23,2023,score_as_recorded,full_score_support,p1_mserd,907,907,777,130,447,460,343,104,434,26,194,409,116,122,0,0,1,1,0,.0623807176620328,.0764768937904812,.1036435702344803,.4605851676647672,-.1266607710982477,.27961455867921,.0354639025808841,.0354639025808841,.0389951253165258,.0389951253165258,229,88
support_sensitivity,legacy_department_core,Legacy two-department core,historical_component,1,0,cd,treat_07,2007,score_as_recorded,full_score_support,p1_mserd,907,907,70,837,219,688,0,219,70,618,56,547,82,143,2,1,0,0,,,,,,,,,,,,,
support_sensitivity,legacy_department_core,Legacy two-department core,historical_component,1,0,cd,treat_08,2008,score_as_recorded,full_score_support,p1_mserd,907,907,153,754,219,688,10,209,143,545,56,547,82,143,2,1,1,1,0,-.0701989610657824,-.133023912877038,.0793950584849096,.0938423629412755,-.2886353680579121,.022587542303836,.0384796173342577,.0384796173342577,.0486108610620131,.0486108610620131,219,240
support_sensitivity,legacy_department_core,Legacy two-department core,historical_component,1,0,cd,treat_09,2009,score_as_recorded,full_score_support,p1_mserd,907,907,255,652,219,688,30,189,225,463,56,547,82,143,2,1,1,1,0,-.1505799115185501,-.2523991603348083,.1090401925241714,.0206274339212436,-.4661140105494979,-.0386843101201188,.0410803193114161,.0410803193114161,.0485448463436392,.0485448463436392,219,241
support_sensitivity,legacy_department_core,Legacy two-department core,historical_component,1,0,cd,treat_10,2010,score_as_recorded,full_score_support,p1_mserd,907,907,309,598,219,688,36,183,273,415,56,547,82,143,2,1,1,1,0,-.1634012660275556,-.2983210284054907,.1149510602136573,.0094535802771351,-.5236209664089541,-.0730210904020273,.0363184440985845,.0363184440985845,.0486779289074308,.0486779289074308,219,231
support_sensitivity,legacy_department_core,Legacy two-department core,historical_component,1,0,cd,treat_11,2011,score_as_recorded,full_score_support,p1_mserd,907,907,335,572,219,688,40,179,295,393,56,547,82,143,2,1,1,1,0,-.1305088346308098,-.2555264785660784,.116046677402842,.0276703641622446,-.4829737868011869,-.0280791703309699,.0361188686107969,.0361188686107969,.0467575464715983,.0467575464715983,219,231
support_sensitivity,legacy_department_core,Legacy two-department core,historical_component,1,0,cd,treat_12,2012,score_as_recorded,full_score_support,p1_mserd,907,907,362,545,219,688,42,177,320,368,56,547,82,143,2,1,1,1,0,-.1261473515437178,-.2435156409312244,.1154334211766175,.0348948440794772,-.4697609890496378,-.0172702928128109,.0368277376494647,.0368277376494647,.0465653111284443,.0465653111284443,219,231
support_sensitivity,legacy_department_core,Legacy two-department core,historical_component,1,0,cd,treat_13,2013,score_as_recorded,full_score_support,p1_mserd,907,907,391,516,219,688,42,177,349,339,56,547,82,143,2,1,1,1,0,-.1170647814119137,-.2355092386256664,.1155829474531383,.0415921820054171,-.4620476528608031,-.0089708243905298,.0367621828820569,.0367621828820569,.0465052456691458,.0465052456691458,219,231
support_sensitivity,legacy_department_core,Legacy two-department core,historical_component,1,0,cd,treat_14,2014,score_as_recorded,full_score_support,p1_mserd,907,907,405,502,219,688,43,176,362,326,56,547,82,143,2,1,1,1,0,-.1273998324153463,-.2435989899096478,.1158705468997066,.0355237263729737,-.4707010887020319,-.0164968911172637,.0371072460461583,.0371072460461583,.0466538455869144,.0466538455869144,219,232
support_sensitivity,legacy_department_core,Legacy two-department core,historical_component,1,0,cd,treat_15,2015,score_as_recorded,full_score_support,p1_mserd,907,907,422,485,219,688,43,176,379,309,56,547,82,143,2,1,1,1,0,-.1274291734481562,-.2435994628999137,.1158699497991211,.0355224207176571,-.4707003913966551,-.0164985344031723,.0370947761756187,.0370947761756187,.0466544069170561,.0466544069170561,219,232
support_sensitivity,legacy_department_core,Legacy two-department core,historical_component,1,0,cd,treat_16,2016,score_as_recorded,full_score_support,p1_mserd,907,907,461,446,219,688,43,176,418,270,56,547,82,143,2,1,1,1,0,-.1268340561809452,-.2415673832186929,.11599709100694,.0372941160424372,-.4689175039037101,-.0142172625336756,.0373530232797835,.0373530232797835,.0466178745995856,.0466178745995856,219,232
support_sensitivity,legacy_department_core,Legacy two-department core,historical_component,1,0,cd,treat_17,2017,score_as_recorded,full_score_support,p1_mserd,907,907,505,402,219,688,43,176,462,226,56,547,82,143,2,1,1,1,0,-.1278010937736934,-.2292104470521786,.1160287787124752,.0482157391498843,-.4566226744987977,-.0017982196055596,.0395101775199621,.0395101775199621,.0465776927092182,.0465776927092182,219,241
support_sensitivity,legacy_department_core,Legacy two-department core,historical_component,1,0,cd,treat_18,2018,score_as_recorded,full_score_support,p1_mserd,907,907,516,391,219,688,43,176,473,215,56,547,82,143,2,1,1,1,0,-.1381671197401784,-.2339909377944809,.1169358132489312,.0453902007291938,-.4631809202652877,-.0048009553236741,.0401217644076769,.0401217644076769,.0467075200492999,.0467075200492999,219,241
support_sensitivity,legacy_department_core,Legacy two-department core,historical_component,1,0,cd,treat_19,2019,score_as_recorded,full_score_support,p1_mserd,907,907,612,295,219,688,48,171,564,124,56,547,82,143,2,1,1,1,0,.1342640267798159,-.0491143754017898,.1297828320435878,.70510741827074,-.3034840520188327,.2052553012152532,.0365365174859473,.0365365174859473,.0438237783691943,.0438237783691943,219,231
support_sensitivity,legacy_department_core,Legacy two-department core,historical_component,1,0,cd,treat_20,2020,score_as_recorded,full_score_support,p1_mserd,907,907,650,257,219,688,62,157,588,100,56,547,82,143,2,1,1,1,0,.0767976062484157,-.0859281519938524,.1159223439438195,.4585381352888517,-.3131317711272034,.1412754671394986,.0334362993235412,.0334362993235412,.0479069215594255,.0479069215594255,219,215
support_sensitivity,legacy_department_core,Legacy two-department core,historical_component,1,0,cd,treat_21,2021,score_as_recorded,full_score_support,p1_mserd,907,907,667,240,219,688,67,152,600,88,56,547,82,143,2,1,1,1,0,.1397073254917203,.0087608898130946,.1073526902980666,.9349580582152808,-.2016465168145983,.2191682964407876,.0363986579364742,.0363986579364742,.0483115092674729,.0483115092674729,219,231
support_sensitivity,legacy_department_core,Legacy two-department core,historical_component,1,0,cd,treat_22,2022,score_as_recorded,full_score_support,p1_mserd,907,907,757,150,219,688,127,92,630,58,56,547,82,143,2,1,1,1,0,-.09326794470141,.0233079595729655,.0850008294577803,.7839243092841434,-.1432906048203151,.1899065239662461,.0436388233703452,.0436388233703452,.045412631677467,.045412631677467,219,247
support_sensitivity,legacy_department_core,Legacy two-department core,historical_component,1,0,cd,treat_23,2023,score_as_recorded,full_score_support,p1_mserd,907,907,777,130,219,688,139,80,638,50,56,547,82,143,2,1,1,1,0,-.1416525830405235,.0281845561729372,.076981425778079,.7142744043760797,-.1226962658306409,.1790653781765154,.0397984622131345,.0397984622131345,.0470209291946577,.0470209291946577,219,241
support_sensitivity,legacy_department_core,Legacy two-department core,historical_component,1,0,de,treat_07,2007,score_as_recorded,full_score_support,p1_mserd,907,907,70,837,82,825,0,82,70,755,11,592,47,151,10,10,0,0,,,,,,,,,,,,,
support_sensitivity,legacy_department_core,Legacy two-department core,historical_component,1,0,de,treat_08,2008,score_as_recorded,full_score_support,p1_mserd,907,907,153,754,82,825,0,82,153,672,11,592,47,151,10,10,0,0,,,,,,,,,,,,,
support_sensitivity,legacy_department_core,Legacy two-department core,historical_component,1,0,de,treat_09,2009,score_as_recorded,full_score_support,p1_mserd,907,907,255,652,82,825,3,79,252,573,11,592,47,151,10,10,1,1,0,.0624280429458128,-.005375408232807,.0944437854132622,.9546117230003835,-.1904818262064301,.1797310097408162,.0358741433008871,.0358741433008871,.0467568416696198,.0467568416696198,82,310
support_sensitivity,legacy_department_core,Legacy two-department core,historical_component,1,0,de,treat_10,2010,score_as_recorded,full_score_support,p1_mserd,907,907,309,598,82,825,3,79,306,519,11,592,47,151,10,10,1,1,0,.0606281369491066,-.0155261740606535,.0966894284907044,.8724259544407497,-.205033971588195,.1739816234668879,.0329662858005193,.0329662858005193,.0467587309895547,.0467587309895547,82,300
support_sensitivity,legacy_department_core,Legacy two-department core,historical_component,1,0,de,treat_11,2011,score_as_recorded,full_score_support,p1_mserd,907,907,335,572,82,825,5,77,330,495,11,592,47,151,10,10,1,1,0,.0181748123468883,-.0526909632040367,.1002582719941325,.5991993216438867,-.2491935654647571,.1438116390566838,.0336907591401425,.0336907591401425,.0468303357388489,.0468303357388489,82,301
support_sensitivity,legacy_department_core,Legacy two-department core,historical_component,1,0,de,treat_12,2012,score_as_recorded,full_score_support,p1_mserd,907,907,362,545,82,825,6,76,356,469,11,592,47,151,10,10,1,1,0,.0366607599863274,-.0137077465964903,.1034283409531134,.8945621243712384,-.2164235698453217,.1890080766523411,.0351113380550588,.0351113380550588,.0462376319251747,.0462376319251747,82,307
support_sensitivity,legacy_department_core,Legacy two-department core,historical_component,1,0,de,treat_13,2013,score_as_recorded,full_score_support,p1_mserd,907,907,391,516,82,825,6,76,385,440,11,592,47,151,10,10,1,1,0,.033121558054208,-.0188500813773794,.1034849673504264,.8554627768387073,-.2216768903255184,.1839767275707596,.0346795221037464,.0346795221037464,.0462376349193585,.0462376349193585,82,306
support_sensitivity,legacy_department_core,Legacy two-department core,historical_component,1,0,de,treat_14,2014,score_as_recorded,full_score_support,p1_mserd,907,907,405,502,82,825,6,76,399,426,11,592,47,151,10,10,1,1,0,.0401106987519396,-.0122926491088895,.1037003895053376,.905639765366972,-.2155416777221265,.1909563795043474,.0346600241787774,.0346600241787774,.0462278995729834,.0462278995729834,82,306
support_sensitivity,legacy_department_core,Legacy two-department core,historical_component,1,0,de,treat_15,2015,score_as_recorded,full_score_support,p1_mserd,907,907,422,485,82,825,6,76,416,409,11,592,47,151,10,10,1,1,0,.0401114825191432,-.0122924694497069,.1037003799194669,.905641129329153,-.2155414792749827,.1909565403755689,.0346601924528517,.0346601924528517,.0462278971534329,.0462278971534329,82,306
support_sensitivity,legacy_department_core,Legacy two-department core,historical_component,1,0,de,treat_16,2016,score_as_recorded,full_score_support,p1_mserd,907,907,461,446,82,825,6,76,455,370,11,592,47,151,10,10,1,1,0,.0400261332662486,-.0123129303158799,.1037014582865516,.9054857829199182,-.2155640537018038,.190938193070044,.0346419027327509,.0346419027327509,.0462279000634744,.0462279000634744,82,306
support_sensitivity,legacy_department_core,Legacy two-department core,historical_component,1,0,de,treat_17,2017,score_as_recorded,full_score_support,p1_mserd,907,907,505,402,82,825,6,76,499,326,11,592,47,151,10,10,1,1,0,.03954659984345,-.0124383151212058,.1037079567401465,.9045338645876938,-.2157021752421309,.1908255449997193,.0345404291686438,.0345404291686438,.0462248683803018,.0462248683803018,82,306
support_sensitivity,legacy_department_core,Legacy two-department core,historical_component,1,0,de,treat_18,2018,score_as_recorded,full_score_support,p1_mserd,907,907,516,391,82,825,6,76,510,315,11,592,47,151,10,10,1,1,0,.040851607157593,-.0067521936682943,.1043944015249256,.9484290634286814,-.2113614608447617,.197857073508173,.0355833338524892,.0355833338524892,.0462052879476465,.0462052879476465,82,309
support_sensitivity,legacy_department_core,Legacy two-department core,historical_component,1,0,de,treat_19,2019,score_as_recorded,full_score_support,p1_mserd,907,907,612,295,82,825,6,76,606,219,11,592,47,151,10,10,1,1,0,-.0543115153445279,-.1303381966112194,.1023174498882551,.2027127251492988,-.3308767133821811,.0702003201597424,.0277765819932202,.0277765819932202,.0462097100041721,.0462097100041721,82,267
support_sensitivity,legacy_department_core,Legacy two-department core,historical_component,1,0,de,treat_20,2020,score_as_recorded,full_score_support,p1_mserd,907,907,650,257,82,825,6,76,644,181,11,592,47,151,10,10,1,1,0,.0374769752671521,-.0409992220070088,.1108086611966002,.7113823736385718,-.2581802071274462,.1761817631134286,.0274434546476341,.0274434546476341,.0462566031047736,.0462566031047736,82,267
support_sensitivity,legacy_department_core,Legacy two-department core,historical_component,1,0,de,treat_21,2021,score_as_recorded,full_score_support,p1_mserd,907,907,667,240,82,825,7,75,660,165,11,592,47,151,10,10,1,1,0,.0439924858938983,-.0469567235653247,.1173176603179251,.6889703191848263,-.2768951125389616,.1829816654083122,.0275445806549543,.0275445806549543,.046586293038673,.046586293038673,82,267
support_sensitivity,legacy_department_core,Legacy two-department core,historical_component,1,0,de,treat_22,2022,score_as_recorded,full_score_support,p1_mserd,907,907,757,150,82,825,26,56,731,94,11,592,47,151,10,10,1,1,0,-.0069411745234311,-.0973660594378705,.1622933569218967,.5485471147714078,-.4154551939348922,.2207230750591513,.0394382564670421,.0394382564670421,.0454600387156841,.0454600387156841,82,325
support_sensitivity,legacy_department_core,Legacy two-department core,historical_component,1,0,de,treat_23,2023,score_as_recorded,full_score_support,p1_mserd,907,907,777,130,82,825,29,53,748,77,11,592,47,151,10,10,1,1,0,-.0181898369905604,-.1201931740038882,.1485254630872466,.4183754526946116,-.4112977324420247,.1709113844342483,.0391087816853543,.0391087816853543,.045111527135864,.045111527135864,82,323
support_sensitivity,legacy_historical,Legacy restricted geography,historical_benchmark,1,0,ab,treat_07,2007,score_as_recorded,full_score_support,p1_mserd,1162,1162,82,1080,877,285,35,842,47,238,432,259,166,96,0,7,1,1,0,.0726082964840025,.1050851153579381,.1943584688896142,.5887303708745644,-.2758504837560543,.4860207144719304,.0466250510001054,.0466250510001054,.0682939311188519,.0682939311188519,115,58
support_sensitivity,legacy_historical,Legacy restricted geography,historical_benchmark,1,0,ab,treat_08,2008,score_as_recorded,full_score_support,p1_mserd,1162,1162,172,990,877,285,92,785,80,205,432,259,166,96,0,7,1,1,0,.0419189967664774,.0692068898535158,.2058765950799375,.7367523623962589,-.3343038217628977,.4727176014699292,.0502640742570983,.0502640742570983,.0733140667224282,.0733140667224282,122,64
support_sensitivity,legacy_historical,Legacy restricted geography,historical_benchmark,1,0,ab,treat_09,2009,score_as_recorded,full_score_support,p1_mserd,1162,1162,290,872,877,285,175,702,115,170,432,259,166,96,0,7,1,1,0,-.107353275761354,-.1032458283322483,.159130369777004,.5164593522861727,-.4151356219417172,.2086439652772206,.0822986776182351,.0822986776182351,.1205788179073777,.1205788179073777,221,95
support_sensitivity,legacy_historical,Legacy restricted geography,historical_benchmark,1,0,ab,treat_10,2010,score_as_recorded,full_score_support,p1_mserd,1162,1162,352,810,877,285,222,655,130,155,432,259,166,96,0,7,1,1,0,-.1858441056853293,-.2022617781846194,.1748724734587043,.2474258290745104,-.5450055280511162,.1404819716818774,.0672351157578256,.0672351157578256,.1051974095277814,.1051974095277814,168,84
support_sensitivity,legacy_historical,Legacy restricted geography,historical_benchmark,1,0,ab,treat_11,2011,score_as_recorded,full_score_support,p1_mserd,1162,1162,384,778,877,285,249,628,135,150,432,259,166,96,0,7,1,1,0,-.2365752311347459,-.2621681336276306,.1807375037554438,.1469062126069974,-.6164071316439732,.092070864388712,.0635031190182486,.0635031190182486,.1002021330026226,.1002021330026226,161,77
support_sensitivity,legacy_historical,Legacy restricted geography,historical_benchmark,1,0,ab,treat_12,2012,score_as_recorded,full_score_support,p1_mserd,1162,1162,415,747,877,285,265,612,150,135,432,259,166,96,0,7,1,1,0,-.2084444309941381,-.2302890328909095,.1833828486257188,.209194717913189,-.5897128115796788,.1291347457978598,.0620594774749724,.0620594774749724,.0960742677184666,.0960742677184666,155,76
support_sensitivity,legacy_historical,Legacy restricted geography,historical_benchmark,1,0,ab,treat_13,2013,score_as_recorded,full_score_support,p1_mserd,1162,1162,446,716,877,285,281,596,165,120,432,259,166,96,0,7,1,1,0,-.3638935108871968,-.3939943855918348,.1915692476931975,.0397181501556305,-.7694632116159346,-.0185255595677349,.0495953428045468,.0495953428045468,.0768596518659972,.0768596518659972,120,64
support_sensitivity,legacy_historical,Legacy restricted geography,historical_benchmark,1,0,ab,treat_14,2014,score_as_recorded,full_score_support,p1_mserd,1162,1162,463,699,877,285,287,590,176,109,432,259,166,96,0,7,1,1,0,-.3566831755859659,-.3623178945867479,.1671926118471159,.0302296076525622,-.6900093922882797,-.0346263968852161,.0465826154506744,.0465826154506744,.0680384109751609,.0680384109751609,115,58
support_sensitivity,legacy_historical,Legacy restricted geography,historical_benchmark,1,0,ab,treat_15,2015,score_as_recorded,full_score_support,p1_mserd,1162,1162,480,682,877,285,290,587,190,95,432,259,166,96,0,7,1,1,0,-.3549020386341453,-.3563603024801344,.1675467529255141,.0334258564918009,-.6847459039407729,-.0279747010194958,.0490378161059082,.0490378161059082,.0712689497399523,.0712689497399523,117,64
support_sensitivity,legacy_historical,Legacy restricted geography,historical_benchmark,1,0,ab,treat_16,2016,score_as_recorded,full_score_support,p1_mserd,1162,1162,521,641,877,285,300,577,221,64,432,259,166,96,0,7,1,1,0,-.3523621502950098,-.3870038053039225,.1652674659834794,.019197077653281,-.7109220864477406,-.0630855241601044,.0480108184879179,.0480108184879179,.0727020212209237,.0727020212209237,117,63
support_sensitivity,legacy_historical,Legacy restricted geography,historical_benchmark,1,0,ab,treat_17,2017,score_as_recorded,full_score_support,p1_mserd,1162,1162,567,595,877,285,327,550,240,45,432,259,166,96,0,7,1,1,0,-.1538070438810752,-.1216014359522939,.1661682246945301,.4642923789403136,-.447285171728532,.2040822998239443,.0420472826546986,.0420472826546986,.0615911315776196,.0615911315776196,98,53
support_sensitivity,legacy_historical,Legacy restricted geography,historical_benchmark,1,0,ab,treat_18,2018,score_as_recorded,full_score_support,p1_mserd,1162,1162,581,581,877,285,339,538,242,43,432,259,166,96,0,7,1,1,0,-.1508388704207377,-.1234839312340459,.1606172520059021,.4420069184302315,-.4382879604614076,.1913200979933158,.0450924646859666,.0450924646859666,.0657800609165091,.0657800609165091,107,54
support_sensitivity,legacy_historical,Legacy restricted geography,historical_benchmark,1,0,ab,treat_19,2019,score_as_recorded,full_score_support,p1_mserd,1162,1162,693,469,877,285,445,432,248,37,432,259,166,96,0,7,1,1,0,-.1151917323899547,-.0863082952010512,.1479724998976773,.5597098481217448,-.3763290657028555,.203712475300753,.04710456728446,.04710456728446,.0709096775891835,.0709096775891835,116,59
support_sensitivity,legacy_historical,Legacy restricted geography,historical_benchmark,1,0,ab,treat_20,2020,score_as_recorded,full_score_support,p1_mserd,1162,1162,754,408,877,285,503,374,251,34,432,259,166,96,0,7,1,1,0,-.0448661070551803,.0007610983948478,.1628192232016193,.9962703025171029,-.3183587150711143,.31988091186081,.0415925744045095,.0415925744045095,.0641157947982563,.0641157947982563,98,53
support_sensitivity,legacy_historical,Legacy restricted geography,historical_benchmark,1,0,ab,treat_21,2021,score_as_recorded,full_score_support,p1_mserd,1162,1162,772,390,877,285,519,358,253,32,432,259,166,96,0,7,1,1,0,-.0449536390888141,-.003525815134247,.1635138383214832,.9827967130917825,-.3240070492182592,.3169554189497653,.0419073675391641,.0419073675391641,.0632773675480917,.0632773675480917,98,53
support_sensitivity,legacy_historical,Legacy restricted geography,historical_benchmark,1,0,ab,treat_22,2022,score_as_recorded,full_score_support,p1_mserd,1162,1162,883,279,877,285,623,254,260,25,432,259,166,96,0,7,1,1,0,.0668568439814823,.1156239073934446,.1234058253302086,.3487891994814445,-.1262470657362049,.3574948805230942,.0365459109213428,.0365459109213428,.0605028804152889,.0605028804152889,84,41
support_sensitivity,legacy_historical,Legacy restricted geography,historical_benchmark,1,0,ab,treat_23,2023,score_as_recorded,full_score_support,p1_mserd,1162,1162,919,243,877,285,656,221,263,22,432,259,166,96,0,7,1,1,0,.0204465729671459,.0642689225757231,.122429857257653,.5996215326401791,-.1756891882816565,.3042270334331028,.0413338320835672,.0413338320835672,.0643459042293771,.0643459042293771,97,52
support_sensitivity,legacy_historical,Legacy restricted geography,historical_benchmark,1,0,bc,treat_07,2007,score_as_recorded,full_score_support,p1_mserd,1162,1162,82,1080,622,540,9,613,73,467,220,471,143,140,0,0,1,1,0,.015028665220942,-.0024982265887559,.0522880036750187,.9618930122433013,-.1049808306152905,.0999843774377788,.0285400205095892,.0285400205095892,.0395769474791131,.0395769474791131,201,96
support_sensitivity,legacy_historical,Legacy restricted geography,historical_benchmark,1,0,bc,treat_08,2008,score_as_recorded,full_score_support,p1_mserd,1162,1162,172,990,622,540,40,582,132,408,220,471,143,140,0,0,1,1,0,-.0206747615073764,-.010402509615836,.1162546928292702,.9287001761131232,-.2382575205949724,.2174525013633004,.0230170329782783,.0230170329782783,.0329346591493359,.0329346591493359,149,84
support_sensitivity,legacy_historical,Legacy restricted geography,historical_benchmark,1,0,bc,treat_09,2009,score_as_recorded,full_score_support,p1_mserd,1162,1162,290,872,622,540,87,535,203,337,220,471,143,140,0,0,1,1,0,.0723476128307516,.0775022274560634,.1409058576020104,.5822998748107835,-.1986681786546063,.3536726335667332,.0249889042952334,.0249889042952334,.035355250017926,.035355250017926,170,87
support_sensitivity,legacy_historical,Legacy restricted geography,historical_benchmark,1,0,bc,treat_10,2010,score_as_recorded,full_score_support,p1_mserd,1162,1162,352,810,622,540,119,503,233,307,220,471,143,140,0,0,1,1,0,.094282801784936,.1173058191744153,.1455345451791161,.4202231357358038,-.1679366478830696,.4025482862319002,.0241672413057135,.0241672413057135,.0339924707024547,.0339924707024547,165,87
support_sensitivity,legacy_historical,Legacy restricted geography,historical_benchmark,1,0,bc,treat_11,2011,score_as_recorded,full_score_support,p1_mserd,1162,1162,384,778,622,540,137,485,247,293,220,471,143,140,0,0,1,1,0,.1237695168650235,.1118284143139577,.1384433291291584,.4192311233517453,-.1595155246790175,.383172353306933,.0305929600217036,.0305929600217036,.0409930678762664,.0409930678762664,232,103
support_sensitivity,legacy_historical,Legacy restricted geography,historical_benchmark,1,0,bc,treat_12,2012,score_as_recorded,full_score_support,p1_mserd,1162,1162,415,747,622,540,141,481,274,266,220,471,143,140,0,0,1,1,0,.199746797284472,.2365844083413013,.1459644455050731,.1050528444075232,-.0495006478720013,.5226694645546039,.0335205796722066,.0335205796722066,.0485401474917525,.0485401474917525,272,111
support_sensitivity,legacy_historical,Legacy restricted geography,historical_benchmark,1,0,bc,treat_13,2013,score_as_recorded,full_score_support,p1_mserd,1162,1162,446,716,622,540,142,480,304,236,220,471,143,140,0,0,1,1,0,.224561637443951,.2699143468287182,.1444529899937429,.0616886167564092,-.0132083110181427,.553037004675579,.0337910182563137,.0337910182563137,.0508044436345581,.0508044436345581,277,112
support_sensitivity,legacy_historical,Legacy restricted geography,historical_benchmark,1,0,bc,treat_14,2014,score_as_recorded,full_score_support,p1_mserd,1162,1162,463,699,622,540,144,478,319,221,220,471,143,140,0,0,1,1,0,.2433280198680304,.2838936393750116,.1443567453562731,.0492280135768445,.0009596175512966,.5668276611987264,.0342330785291114,.0342330785291114,.0495692581658919,.0495692581658919,282,114
support_sensitivity,legacy_historical,Legacy restricted geography,historical_benchmark,1,0,bc,treat_15,2015,score_as_recorded,full_score_support,p1_mserd,1162,1162,480,682,622,540,144,478,336,204,220,471,143,140,0,0,1,1,0,.244318262794918,.2866402788474196,.1444709692710805,.0472482199174289,.0034823822645091,.5697981754303301,.0337904547732184,.0337904547732184,.0495439982786269,.0495439982786269,277,112
support_sensitivity,legacy_historical,Legacy restricted geography,historical_benchmark,1,0,bc,treat_16,2016,score_as_recorded,full_score_support,p1_mserd,1162,1162,521,641,622,540,144,478,377,163,220,471,143,140,0,0,1,1,0,.2912470658453251,.3306786397960138,.1429188081216382,.0206813444320462,.0505629231642125,.6107943564278151,.0346191646885115,.0346191646885115,.049263855324638,.049263855324638,286,114
support_sensitivity,legacy_historical,Legacy restricted geography,historical_benchmark,1,0,bc,treat_17,2017,score_as_recorded,full_score_support,p1_mserd,1162,1162,567,595,622,540,144,478,423,117,220,471,143,140,0,0,1,1,0,.4726239728895344,.5082476412205853,.1183942843085198,.0000176402652835,.2761991080004909,.7402961744406797,.0311237072214839,.0311237072214839,.0464770045644395,.0464770045644395,244,103
support_sensitivity,legacy_historical,Legacy restricted geography,historical_benchmark,1,0,bc,treat_18,2018,score_as_recorded,full_score_support,p1_mserd,1162,1162,581,581,622,540,153,469,428,112,220,471,143,140,0,0,1,1,0,.3700887335861389,.3862230512841595,.1399914632468167,.0057995514378228,.1118448251773361,.6606012773909828,.028650508893683,.028650508893683,.0408479767678158,.0408479767678158,204,96
support_sensitivity,legacy_historical,Legacy restricted geography,historical_benchmark,1,0,bc,treat_19,2019,score_as_recorded,full_score_support,p1_mserd,1162,1162,693,469,622,540,239,383,454,86,220,471,143,140,0,0,1,1,0,.2444505138587438,.2928915385650767,.1561118343845313,.0606326450991684,-.0130820343890863,.5988651115192396,.0193548068244673,.0193548068244673,.0267673223210492,.0267673223210492,120,72
support_sensitivity,legacy_historical,Legacy restricted geography,historical_benchmark,1,0,bc,treat_20,2020,score_as_recorded,full_score_support,p1_mserd,1162,1162,754,408,622,540,291,331,463,77,220,471,143,140,0,0,1,1,0,.2141986155956441,.2527668863990911,.1601016049356278,.1143841276778458,-.0610264931417995,.5665602659399815,.0175082682093897,.0175082682093897,.0257456895006866,.0257456895006866,108,62
support_sensitivity,legacy_historical,Legacy restricted geography,historical_benchmark,1,0,bc,treat_21,2021,score_as_recorded,full_score_support,p1_mserd,1162,1162,772,390,622,540,305,317,467,73,220,471,143,140,0,0,1,1,0,.198438487487512,.2375380693433262,.1585246836101301,.1340216853185393,-.0731646011931358,.5482407398797882,.0178022335385008,.0178022335385008,.026204881973779,.026204881973779,109,63
support_sensitivity,legacy_historical,Legacy restricted geography,historical_benchmark,1,0,bc,treat_22,2022,score_as_recorded,full_score_support,p1_mserd,1162,1162,883,279,622,540,398,224,485,55,220,471,143,140,0,0,1,1,0,-.0012683744264732,.0089040148334611,.1156113073623389,.938610167145314,-.2176899838023134,.2354980134692357,.0286198000948564,.0286198000948564,.0378451389059536,.0378451389059536,201,96
support_sensitivity,legacy_historical,Legacy restricted geography,historical_benchmark,1,0,bc,treat_23,2023,score_as_recorded,full_score_support,p1_mserd,1162,1162,919,243,622,540,429,193,490,50,220,471,143,140,0,0,1,1,0,.0063585780402013,.030522478546092,.1289347037492669,.8128676670253329,-.2221848971598124,.2832298542519965,.0211806603480192,.0211806603480192,.0304957623127182,.0304957623127182,132,75
support_sensitivity,legacy_historical,Legacy restricted geography,historical_benchmark,1,0,cd,treat_07,2007,score_as_recorded,full_score_support,p1_mserd,1162,1162,82,1080,328,834,1,327,81,753,61,630,108,164,2,1,1,1,0,-.0211732708664295,-.0425361507223938,.0295966779366577,.1506630427418446,-.100544573540274,.0154722720954865,.0255545690595441,.0255545690595441,.0361873501622964,.0361873501622964,328,235
support_sensitivity,legacy_historical,Legacy restricted geography,historical_benchmark,1,0,cd,treat_08,2008,score_as_recorded,full_score_support,p1_mserd,1162,1162,172,990,328,834,12,316,160,674,61,630,108,164,2,1,1,1,0,-.0534664542742792,-.1102167907759657,.0668633880015644,.0992731248855795,-.2412666231433595,.020833041591428,.0275231914966501,.0275231914966501,.0334718843402734,.0334718843402734,328,244
support_sensitivity,legacy_historical,Legacy restricted geography,historical_benchmark,1,0,cd,treat_09,2009,score_as_recorded,full_score_support,p1_mserd,1162,1162,290,872,328,834,33,295,257,577,61,630,108,164,2,1,1,1,0,-.0843746010138041,-.1777123842329513,.09570268362741,.0633223033147291,-.3652861973665059,.0098614289006032,.0285370668187194,.0285370668187194,.034598771726606,.034598771726606,328,253
support_sensitivity,legacy_historical,Legacy restricted geography,historical_benchmark,1,0,cd,treat_10,2010,score_as_recorded,full_score_support,p1_mserd,1162,1162,352,810,328,834,41,287,311,523,61,630,108,164,2,1,1,1,0,-.1189824594938549,-.2331967586967563,.1016662299708755,.0218049512889244,-.4324589078836389,-.0339346095098737,.0272344226753593,.0272344226753593,.0381205168862488,.0381205168862488,328,242
support_sensitivity,legacy_historical,Legacy restricted geography,historical_benchmark,1,0,cd,treat_11,2011,score_as_recorded,full_score_support,p1_mserd,1162,1162,384,778,328,834,46,282,338,496,61,630,108,164,2,1,1,1,0,-.0743311880653429,-.1814271299604887,.1025306575613873,.0768118832824225,-.3823835260920171,.0195292661710397,.0266266005513787,.0266266005513787,.0362796568666734,.0362796568666734,328,238
support_sensitivity,legacy_historical,Legacy restricted geography,historical_benchmark,1,0,cd,treat_12,2012,score_as_recorded,full_score_support,p1_mserd,1162,1162,415,747,328,834,48,280,367,467,61,630,108,164,2,1,1,1,0,-.0794441775447066,-.1863762464244619,.1026937388745269,.0695432004640476,-.3876522760562954,.0148997832073715,.0261065922882413,.0261065922882413,.0364498254209451,.0364498254209451,328,238
support_sensitivity,legacy_historical,Legacy restricted geography,historical_benchmark,1,0,cd,treat_13,2013,score_as_recorded,full_score_support,p1_mserd,1162,1162,446,716,328,834,48,280,398,436,61,630,108,164,2,1,1,1,0,-.0742650621542292,-.182285094103126,.102725565191395,.0759827687291788,-.3836235021697816,.0190533139635296,.0259443179352447,.0259443179352447,.0364018031811231,.0364018031811231,328,238
support_sensitivity,legacy_historical,Legacy restricted geography,historical_benchmark,1,0,cd,treat_14,2014,score_as_recorded,full_score_support,p1_mserd,1162,1162,463,699,328,834,49,279,414,420,61,630,108,164,2,1,1,1,0,-.0860673470440375,-.1948901872615859,.1036728063210839,.0601273899954074,-.3980851538271069,.008304779303935,.0254062358741724,.0254062358741724,.0362129856014357,.0362129856014357,328,232
support_sensitivity,legacy_historical,Legacy restricted geography,historical_benchmark,1,0,cd,treat_15,2015,score_as_recorded,full_score_support,p1_mserd,1162,1162,480,682,328,834,49,279,431,403,61,630,108,164,2,1,1,1,0,-.0860673448427111,-.1948901844410027,.1036728059335889,.060127392746454,-.3980851502470473,.0083047813650418,.0254062362038022,.0254062362038022,.0362129860902859,.0362129860902859,328,232
support_sensitivity,legacy_historical,Legacy restricted geography,historical_benchmark,1,0,cd,treat_16,2016,score_as_recorded,full_score_support,p1_mserd,1162,1162,521,641,328,834,49,279,472,362,61,630,108,164,2,1,1,1,0,-.0862509158133726,-.1949910010913104,.1036829957043888,.0600201030736687,-.3982059384811335,.0082239362985127,.0253788358183048,.0253788358183048,.0362065590604947,.0362065590604947,328,232
support_sensitivity,legacy_historical,Legacy restricted geography,historical_benchmark,1,0,cd,treat_17,2017,score_as_recorded,full_score_support,p1_mserd,1162,1162,567,595,328,834,49,279,518,316,61,630,108,164,2,1,1,1,0,-.08611378341729,-.194907482431995,.1036740297540085,.0601076750140253,-.3981048468819854,.0082898820179955,.0253992880546399,.0253992880546399,.0362134558999386,.0362134558999386,328,232
support_sensitivity,legacy_historical,Legacy restricted geography,historical_benchmark,1,0,cd,treat_18,2018,score_as_recorded,full_score_support,p1_mserd,1162,1162,581,581,328,834,49,279,532,302,61,630,108,164,2,1,1,1,0,-.0812799396175535,-.1862501714197587,.1037228487532117,.0725498332940495,-.3895432193499488,.0170428765104313,.026478402431895,.026478402431895,.036378172560755,.036378172560755,328,238
support_sensitivity,legacy_historical,Legacy restricted geography,historical_benchmark,1,0,cd,treat_19,2019,score_as_recorded,full_score_support,p1_mserd,1162,1162,693,469,328,834,54,274,639,195,61,630,108,164,2,1,1,1,0,.170151814055934,.0146082438543869,.1197863807370675,.9029366682502331,-.2201687482286679,.2493852359374416,.0277124858948791,.0277124858948791,.0327697392050735,.0327697392050735,328,246
support_sensitivity,legacy_historical,Legacy restricted geography,historical_benchmark,1,0,cd,treat_20,2020,score_as_recorded,full_score_support,p1_mserd,1162,1162,754,408,328,834,73,255,681,153,61,630,108,164,2,1,1,1,0,.0912481136373466,-.053047314559507,.1087506539444283,.6256996826422325,-.2661946795857651,.1601000504667513,.0250616220813344,.0250616220813344,.0358855585774559,.0358855585774559,328,229
support_sensitivity,legacy_historical,Legacy restricted geography,historical_benchmark,1,0,cd,treat_21,2021,score_as_recorded,full_score_support,p1_mserd,1162,1162,772,390,328,834,78,250,694,140,61,630,108,164,2,1,1,1,0,.1493643276462598,.0253899885069734,.1012908224774083,.8020736992263984,-.1731363755131869,.2239163525271337,.027535013608445,.027535013608445,.0363970734848585,.0363970734848585,328,244
support_sensitivity,legacy_historical,Legacy restricted geography,historical_benchmark,1,0,cd,treat_22,2022,score_as_recorded,full_score_support,p1_mserd,1162,1162,883,279,328,834,153,175,730,104,61,630,108,164,2,1,1,1,0,-.0421609028231891,.0237368398974107,.0942966757296302,.8012535564837507,-.1610812483945166,.208554928189338,.0405040933552056,.0405040933552056,.0379395409410839,.0379395409410839,328,313
support_sensitivity,legacy_historical,Legacy restricted geography,historical_benchmark,1,0,cd,treat_23,2023,score_as_recorded,full_score_support,p1_mserd,1162,1162,919,243,328,834,180,148,739,95,61,630,108,164,2,1,1,1,0,-.1432263482641116,-.0152830337683987,.0879538481533963,.8620525345927561,-.1876694084507602,.1571033409139628,.0366242584560338,.0366242584560338,.0381853495343967,.0381853495343967,328,299
support_sensitivity,legacy_historical,Legacy restricted geography,historical_benchmark,1,0,de,treat_07,2007,score_as_recorded,full_score_support,p1_mserd,1162,1162,82,1080,124,1038,0,124,82,956,11,680,65,175,13,13,0,0,,,,,,,,,,,,,
support_sensitivity,legacy_historical,Legacy restricted geography,historical_benchmark,1,0,de,treat_08,2008,score_as_recorded,full_score_support,p1_mserd,1162,1162,172,990,124,1038,0,124,172,866,11,680,65,175,13,13,0,0,,,,,,,,,,,,,
support_sensitivity,legacy_historical,Legacy restricted geography,historical_benchmark,1,0,de,treat_09,2009,score_as_recorded,full_score_support,p1_mserd,1162,1162,290,872,124,1038,3,121,287,751,11,680,65,175,13,13,1,1,0,.0061587439762105,-.053321117642888,.0668119165379866,.4248252541484747,-.1842700677954377,.0776278325096617,.024926375588507,.024926375588507,.0355707916198994,.0355707916198994,124,357
support_sensitivity,legacy_historical,Legacy restricted geography,historical_benchmark,1,0,de,treat_10,2010,score_as_recorded,full_score_support,p1_mserd,1162,1162,352,810,124,1038,3,121,349,689,11,680,65,175,13,13,1,1,0,.0225818806090082,-.0365236135158232,.0692001861895936,.5976406122744486,-.1721534861708927,.0991062591392462,.0251091267264156,.0251091267264156,.0355279514368837,.0355279514368837,124,358
support_sensitivity,legacy_historical,Legacy restricted geography,historical_benchmark,1,0,de,treat_11,2011,score_as_recorded,full_score_support,p1_mserd,1162,1162,384,778,124,1038,5,119,379,659,11,680,65,175,13,13,1,1,0,-.001225546170612,-.0561826604216226,.0744287945923323,.4503383053868112,-.2020604172353233,.0896950963920781,.0260672705511478,.0260672705511478,.0356730690213888,.0356730690213888,124,366
support_sensitivity,legacy_historical,Legacy restricted geography,historical_benchmark,1,0,de,treat_12,2012,score_as_recorded,full_score_support,p1_mserd,1162,1162,415,747,124,1038,6,118,409,629,11,680,65,175,13,13,1,1,0,.0102087588782591,-.0273781825367155,.077262891212254,.7230758536958042,-.1788106666541694,.1240543015807385,.0278109460613606,.0278109460613606,.0351315149145197,.0351315149145197,124,378
support_sensitivity,legacy_historical,Legacy restricted geography,historical_benchmark,1,0,de,treat_13,2013,score_as_recorded,full_score_support,p1_mserd,1162,1162,446,716,124,1038,6,118,440,598,11,680,65,175,13,13,1,1,0,.0076915956054838,-.0306520842357632,.0773368750100827,.6918505294927308,-.1822295739324009,.1209254054608745,.0276248798629525,.0276248798629525,.0351340534982073,.0351340534982073,124,378
support_sensitivity,legacy_historical,Legacy restricted geography,historical_benchmark,1,0,de,treat_14,2014,score_as_recorded,full_score_support,p1_mserd,1162,1162,463,699,124,1038,6,118,457,581,11,680,65,175,13,13,1,1,0,.0099156496174351,-.0287966419203107,.0772052050156266,.7091571157450187,-.18011606316997,.1225227793293486,.0275298343216788,.0275298343216788,.0351333596711545,.0351333596711545,124,378
support_sensitivity,legacy_historical,Legacy restricted geography,historical_benchmark,1,0,de,treat_15,2015,score_as_recorded,full_score_support,p1_mserd,1162,1162,480,682,124,1038,6,118,474,564,11,680,65,175,13,13,1,1,0,.0099156496173915,-.0287966419194755,.0772052050157093,.7091571157533676,-.1801160631692968,.1225227793303458,.0275298343216534,.0275298343216534,.0351333596705551,.0351333596705551,124,378
support_sensitivity,legacy_historical,Legacy restricted geography,historical_benchmark,1,0,de,treat_16,2016,score_as_recorded,full_score_support,p1_mserd,1162,1162,521,641,124,1038,6,118,515,523,11,680,65,175,13,13,1,1,0,.0098306699721286,-.0287448471727629,.0772103684939424,.7096750236533574,-.1800743886539561,.1225846943084303,.0274813991978103,.0274813991978103,.0351334018461829,.0351334018461829,124,378
support_sensitivity,legacy_historical,Legacy restricted geography,historical_benchmark,1,0,de,treat_17,2017,score_as_recorded,full_score_support,p1_mserd,1162,1162,567,595,124,1038,6,118,561,477,11,680,65,175,13,13,1,1,0,.0096815963757095,-.0286540336456828,.0772194977786856,.7105835179307822,-.1800014681961772,.1226934009048117,.0273978996362527,.0273978996362527,.0351334953310478,.0351334953310478,124,378
support_sensitivity,legacy_historical,Legacy restricted geography,historical_benchmark,1,0,de,treat_18,2018,score_as_recorded,full_score_support,p1_mserd,1162,1162,581,581,124,1038,6,118,575,463,11,680,65,175,13,13,1,1,0,.0076486483444689,-.0291873531830061,.077270619978771,.705631930218156,-.1806349854044784,.1222602790384663,.0275534737849312,.0275534737849312,.0351213889485422,.0351213889485422,124,378
support_sensitivity,legacy_historical,Legacy restricted geography,historical_benchmark,1,0,de,treat_19,2019,score_as_recorded,full_score_support,p1_mserd,1162,1162,693,469,124,1038,6,118,687,351,11,680,65,175,13,13,1,1,0,-.0729743501535157,-.1269412234503042,.0780314915402524,.1037806897455648,-.2798801365291409,.0259976896285325,.0233396509087122,.0233396509087122,.0351511460323798,.0351511460323798,124,340
support_sensitivity,legacy_historical,Legacy restricted geography,historical_benchmark,1,0,de,treat_20,2020,score_as_recorded,full_score_support,p1_mserd,1162,1162,754,408,124,1038,6,118,748,290,11,680,65,175,13,13,1,1,0,.0044453619251487,-.0523125557755381,.083236509259396,.529688958757027,-.215453116122789,.1108280045717127,.0242501948895486,.0242501948895486,.0351601445395387,.0351601445395387,124,349
support_sensitivity,legacy_historical,Legacy restricted geography,historical_benchmark,1,0,de,treat_21,2021,score_as_recorded,full_score_support,p1_mserd,1162,1162,772,390,124,1038,7,117,765,273,11,680,65,175,13,13,1,1,0,.0056629365834829,-.061657457091025,.088786055796158,.4874001834090596,-.2356749287808583,.1123600145988084,.0244157049259442,.0244157049259442,.0354351589652007,.0354351589652007,124,349
support_sensitivity,legacy_historical,Legacy restricted geography,historical_benchmark,1,0,de,treat_22,2022,score_as_recorded,full_score_support,p1_mserd,1162,1162,883,279,124,1038,27,97,856,182,11,680,65,175,13,13,1,1,0,.0402500815825977,-.0422745854463511,.1508162192707591,.7792432856194859,-.3378689435015346,.2533197726088324,.0337923726346576,.0337923726346576,.0351060270046213,.0351060270046213,124,422
support_sensitivity,legacy_historical,Legacy restricted geography,historical_benchmark,1,0,de,treat_23,2023,score_as_recorded,full_score_support,p1_mserd,1162,1162,919,243,124,1038,33,91,886,152,11,680,65,175,13,13,1,1,0,.0681860970923099,.0119089047077933,.1370140669881954,.9307371788623513,-.2566337319644281,.2804515413800146,.0339968523482337,.0339968523482337,.0349763238727079,.0349763238727079,124,422
support_sensitivity,national_full,National RUV universe,national_baseline,1,0,ab,treat_07,2007,score_as_recorded,full_score_support,p1_mserd,5712,5712,260,5452,4428,1284,107,4321,153,1131,1035,1037,661,316,0,10,1,1,0,-.0221389637346166,-.0232866244639542,.0579206230445956,.6876518290995992,-.1368089595934823,.0902357106655739,.0511527901019959,.0511527901019959,.0753476628826769,.0753476628826769,576,306
support_sensitivity,national_full,National RUV universe,national_baseline,1,0,ab,treat_08,2008,score_as_recorded,full_score_support,p1_mserd,5712,5712,613,5099,4428,1284,296,4132,317,967,1035,1037,661,316,0,10,1,1,0,.019159001076991,.0142434669461237,.0754206173737571,.8502074378550308,-.133578226798216,.1620651606904633,.0626622856979018,.0626622856979018,.0888716574964257,.0888716574964257,743,365
support_sensitivity,national_full,National RUV universe,national_baseline,1,0,ab,treat_09,2009,score_as_recorded,full_score_support,p1_mserd,5712,5712,1101,4611,4428,1284,603,3825,498,786,1035,1037,661,316,0,10,1,1,0,.0533627043345268,.0467034148005233,.0819134646101608,.5685722149952288,-.1138440256842881,.2072508552853346,.0702352419438571,.0702352419438571,.1029975628649181,.1029975628649181,863,402
support_sensitivity,national_full,National RUV universe,national_baseline,1,0,ab,treat_10,2010,score_as_recorded,full_score_support,p1_mserd,5712,5712,1360,4352,4428,1284,780,3648,580,704,1035,1037,661,316,0,10,1,1,0,.0335276286273253,.0107895815068439,.0860787064239669,.9002500047205915,-.1579215829199277,.1795007459336156,.0585096031280247,.0585096031280247,.0942761631064392,.0942761631064392,688,337
support_sensitivity,national_full,National RUV universe,national_baseline,1,0,ab,treat_11,2011,score_as_recorded,full_score_support,p1_mserd,5712,5712,1525,4187,4428,1284,902,3526,623,661,1035,1037,661,316,0,10,1,1,0,-.0054512770365216,-.031855472802764,.087367576778981,.7153992965101941,-.2030927767061048,.1393818311005767,.0558725272341469,.0558725272341469,.092574715904847,.092574715904847,650,326
support_sensitivity,national_full,National RUV universe,national_baseline,1,0,ab,treat_12,2012,score_as_recorded,full_score_support,p1_mserd,5712,5712,1713,3999,4428,1284,1010,3418,703,581,1035,1037,661,316,0,10,1,1,0,-.0134227505647281,-.0445246773640969,.0889233275563899,.6165761989750456,-.2188111967600793,.1297618420318854,.0471768516085948,.0471768516085948,.0821607883394623,.0821607883394623,519,288
support_sensitivity,national_full,National RUV universe,national_baseline,1,0,ab,treat_13,2013,score_as_recorded,full_score_support,p1_mserd,5712,5712,1830,3882,4428,1284,1063,3365,767,517,1035,1037,661,316,0,10,1,1,0,-.1029379425450602,-.1382534512516335,.0891041264512189,.1207593371738108,-.3128943299699252,.0363874274666583,.0440471188513339,.0440471188513339,.0832073687827294,.0832073687827294,473,272
support_sensitivity,national_full,National RUV universe,national_baseline,1,0,ab,treat_14,2014,score_as_recorded,full_score_support,p1_mserd,5712,5712,1943,3769,4428,1284,1099,3329,844,440,1035,1037,661,316,0,10,1,1,0,-.2866718207296651,-.324888223675165,.1013521564952623,.0013481008503917,-.5235348001613463,-.1262416471889837,.0314183553135927,.0314183553135927,.0607666075017855,.0607666075017855,322,198
support_sensitivity,national_full,National RUV universe,national_baseline,1,0,ab,treat_15,2015,score_as_recorded,full_score_support,p1_mserd,5712,5712,2036,3676,4428,1284,1120,3308,916,368,1035,1037,661,316,0,10,1,1,0,-.1694331101094346,-.2018905731286439,.094817741359162,.0332336716721363,-.3877299312880352,-.0160512149692526,.0390380395002328,.0390380395002328,.06985763954895,.06985763954895,407,247
support_sensitivity,national_full,National RUV universe,national_baseline,1,0,ab,treat_16,2016,score_as_recorded,full_score_support,p1_mserd,5712,5712,2161,3551,4428,1284,1154,3274,1007,277,1035,1037,661,316,0,10,1,1,0,-.114597138678739,-.1462746636775224,.0875078397179569,.0946109846412292,-.3177868778896216,.0252375505345768,.0395135228946071,.0395135228946071,.073364200681468,.073364200681468,414,250
support_sensitivity,national_full,National RUV universe,national_baseline,1,0,ab,treat_17,2017,score_as_recorded,full_score_support,p1_mserd,5712,5712,2409,3303,4428,1284,1315,3113,1094,190,1035,1037,661,316,0,10,1,1,0,-.0621952081597716,-.0873249067159014,.0774154887407832,.2593186348796567,-.2390564764934024,.0644066630615996,.0461050734430287,.0461050734430287,.0790286705858744,.0790286705858744,505,280
support_sensitivity,national_full,National RUV universe,national_baseline,1,0,ab,treat_18,2018,score_as_recorded,full_score_support,p1_mserd,5712,5712,2551,3161,4428,1284,1438,2990,1113,171,1035,1037,661,316,0,10,1,1,0,-.0678335412315525,-.0720077882789685,.0875275363052682,.4106858668121665,-.2435586070928162,.0995430305348792,.0396250879963491,.0396250879963491,.0577361182751868,.0577361182751868,415,251
support_sensitivity,national_full,National RUV universe,national_baseline,1,0,ab,treat_19,2019,score_as_recorded,full_score_support,p1_mserd,5712,5712,3084,2628,4428,1284,1949,2479,1135,149,1035,1037,661,316,0,10,1,1,0,-.0364486752504769,-.0245212431685338,.0719561588480352,.7332689635210997,-.1655527229765258,.1165102366394583,.040571730425337,.040571730425337,.0621818209453147,.0621818209453147,431,255
support_sensitivity,national_full,National RUV universe,national_baseline,1,0,ab,treat_20,2020,score_as_recorded,full_score_support,p1_mserd,5712,5712,3376,2336,4428,1284,2232,2196,1144,140,1035,1037,661,316,0,10,1,1,0,-.0035317782427644,-.0010880784390637,.074604515314207,.9883635701286718,-.1473102415389763,.145134084660849,.0368420296886241,.0368420296886241,.0537920996670796,.0537920996670796,386,229
support_sensitivity,national_full,National RUV universe,national_baseline,1,0,ab,treat_21,2021,score_as_recorded,full_score_support,p1_mserd,5712,5712,3497,2215,4428,1284,2347,2081,1150,134,1035,1037,661,316,0,10,1,1,0,-.0206835144628015,-.0218572884700219,.0744541959944015,.769088861927562,-.1677848311169351,.1240702541768913,.0367046112928711,.0367046112928711,.0532570816012556,.0532570816012556,386,228
support_sensitivity,national_full,National RUV universe,national_baseline,1,0,ab,treat_22,2022,score_as_recorded,full_score_support,p1_mserd,5712,5712,4053,1659,4428,1284,2885,1543,1168,116,1035,1037,661,316,0,10,1,1,0,-.0056983722995643,.001760636568142,.0721096846874098,.9805207140002463,-.1395717483557206,.1430930214920046,.0360809912809117,.0360809912809117,.0519432029174565,.0519432029174565,382,224
support_sensitivity,national_full,National RUV universe,national_baseline,1,0,ab,treat_23,2023,score_as_recorded,full_score_support,p1_mserd,5712,5712,4221,1491,4428,1284,3049,1379,1172,112,1035,1037,661,316,0,10,1,1,0,-.0125721768983695,-.0024472530015116,.071635738979334,.9727476023701633,-.1428507214069183,.1379562154038951,.0360859968584423,.0360859968584423,.0525666290180124,.0525666290180124,382,224
support_sensitivity,national_full,National RUV universe,national_baseline,1,0,bc,treat_07,2007,score_as_recorded,full_score_support,p1_mserd,5712,5712,260,5452,3160,2552,42,3118,218,2334,386,1686,607,431,1,6,1,1,0,.0178378466207037,.0162254577520049,.0351184918137994,.6440667297426739,-.0526055213944066,.0850564368984164,.0212876396853592,.0212876396853592,.0325225637175972,.0325225637175972,636,409
support_sensitivity,national_full,National RUV universe,national_baseline,1,0,bc,treat_08,2008,score_as_recorded,full_score_support,p1_mserd,5712,5712,613,5099,3160,2552,138,3022,475,2077,386,1686,607,431,1,6,1,1,0,.0136936556652326,.0175031785611697,.0568268040398052,.7580753303816139,-.0938753107133637,.1288816678357032,.0183403611727537,.0183403611727537,.0294836541911648,.0294836541911648,539,358
support_sensitivity,national_full,National RUV universe,national_baseline,1,0,bc,treat_09,2009,score_as_recorded,full_score_support,p1_mserd,5712,5712,1101,4611,3160,2552,301,2859,800,1752,386,1686,607,431,1,6,1,1,0,.0380930556830448,.0362640414043066,.0794443756992595,.6480514305683627,-.1194440737405111,.1919721565491243,.0151291144329759,.0151291144329759,.0251724796429034,.0251724796429034,413,297
support_sensitivity,national_full,National RUV universe,national_baseline,1,0,bc,treat_10,2010,score_as_recorded,full_score_support,p1_mserd,5712,5712,1360,4352,3160,2552,408,2752,952,1600,386,1686,607,431,1,6,1,1,0,-.0010987157932869,-.0064481998486353,.0804053860819426,.9360812774227902,-.1640398607322809,.1511434610350104,.0160192613926781,.0160192613926781,.0255103047862453,.0255103047862453,440,315
support_sensitivity,national_full,National RUV universe,national_baseline,1,0,bc,treat_11,2011,score_as_recorded,full_score_support,p1_mserd,5712,5712,1525,4187,3160,2552,471,2689,1054,1498,386,1686,607,431,1,6,1,1,0,.003593494529031,-.0028651946510861,.0806293412134447,.971652831342809,-.1608957995266286,.1551654102244565,.0163563030494096,.0163563030494096,.0259509810581034,.0259509810581034,453,320
support_sensitivity,national_full,National RUV universe,national_baseline,1,0,bc,treat_12,2012,score_as_recorded,full_score_support,p1_mserd,5712,5712,1713,3999,3160,2552,516,2644,1197,1355,386,1686,607,431,1,6,1,1,0,.0299661591397965,.0181579385461859,.0930086559632719,.8452140840619922,-.1641356773923034,.2004515544846753,.0152865873136463,.0152865873136463,.0247871700681418,.0247871700681418,414,300
support_sensitivity,national_full,National RUV universe,national_baseline,1,0,bc,treat_13,2013,score_as_recorded,full_score_support,p1_mserd,5712,5712,1830,3882,3160,2552,531,2629,1299,1253,386,1686,607,431,1,6,1,1,0,.068851787581993,.0656340213673757,.0915774735067059,.4735562194860695,-.1138545285009388,.2451225712356902,.0161800503672268,.0161800503672268,.0254555936676304,.0254555936676304,440,319
support_sensitivity,national_full,National RUV universe,national_baseline,1,0,bc,treat_14,2014,score_as_recorded,full_score_support,p1_mserd,5712,5712,1943,3769,3160,2552,537,2623,1406,1146,386,1686,607,431,1,6,1,1,0,.0790793672882402,.0725586343678936,.0922179610801575,.4313891598178338,-.1081852480769315,.2533025168127188,.0159301466813406,.0159301466813406,.0252388632007708,.0252388632007708,440,313
support_sensitivity,national_full,National RUV universe,national_baseline,1,0,bc,treat_15,2015,score_as_recorded,full_score_support,p1_mserd,5712,5712,2036,3676,3160,2552,537,2623,1499,1053,386,1686,607,431,1,6,1,1,0,.1076679135419043,.1012230714363447,.0925709365151951,.2741897243595803,-.0802126301485815,.2826587730212708,.0162438762810867,.0162438762810867,.0254764214809932,.0254764214809932,452,319
support_sensitivity,national_full,National RUV universe,national_baseline,1,0,bc,treat_16,2016,score_as_recorded,full_score_support,p1_mserd,5712,5712,2161,3551,3160,2552,538,2622,1623,929,386,1686,607,431,1,6,1,1,0,.1356185241665538,.1292005077692043,.0929386406180531,.1644772683606474,-.0529558806142912,.3113568961526998,.016263318280637,.016263318280637,.0255439396887707,.0255439396887707,452,319
support_sensitivity,national_full,National RUV universe,national_baseline,1,0,bc,treat_17,2017,score_as_recorded,full_score_support,p1_mserd,5712,5712,2409,3303,3160,2552,541,2619,1868,684,386,1686,607,431,1,6,1,1,0,.2914197378813166,.3037592403554177,.0958055693604746,.0015213483480147,.1159837748905335,.4915347058203019,.0170095045692398,.0170095045692398,.0253424784141248,.0253424784141248,488,331
support_sensitivity,national_full,National RUV universe,national_baseline,1,0,bc,treat_18,2018,score_as_recorded,full_score_support,p1_mserd,5712,5712,2551,3161,3160,2552,570,2590,1981,571,386,1686,607,431,1,6,1,1,0,.254544656659244,.2559589238633529,.0921979739381011,.005500036757823,.0752542154971124,.4366636322295935,.0182277428801146,.0182277428801146,.0268849032349557,.0268849032349557,538,357
support_sensitivity,national_full,National RUV universe,national_baseline,1,0,bc,treat_19,2019,score_as_recorded,full_score_support,p1_mserd,5712,5712,3084,2628,3160,2552,953,2207,2131,421,386,1686,607,431,1,6,1,1,0,.1718138604729365,.2002665057263415,.1045929125056848,.0555277771587963,-.0047318358229497,.4052648472756327,.0124501857790034,.0124501857790034,.019882079103648,.019882079103648,334,242
support_sensitivity,national_full,National RUV universe,national_baseline,1,0,bc,treat_20,2020,score_as_recorded,full_score_support,p1_mserd,5712,5712,3376,2336,3160,2552,1207,1953,2169,383,386,1686,607,431,1,6,1,1,0,.0699569777684257,.0808136974569202,.0972849941937342,.4061486281222337,-.1098613873989871,.2714887823128276,.0138390460154995,.0138390460154995,.0201816923093194,.0201816923093194,368,264
support_sensitivity,national_full,National RUV universe,national_baseline,1,0,bc,treat_21,2021,score_as_recorded,full_score_support,p1_mserd,5712,5712,3497,2215,3160,2552,1314,1846,2183,369,386,1686,607,431,1,6,1,1,0,.0404131977044311,.0459487274974844,.0964369992306255,.6337440770448037,-.1430643177716584,.2349617727666271,.013727308373936,.013727308373936,.0199336610173913,.0199336610173913,367,261
support_sensitivity,national_full,National RUV universe,national_baseline,1,0,bc,treat_22,2022,score_as_recorded,full_score_support,p1_mserd,5712,5712,4053,1659,3160,2552,1812,1348,2241,311,386,1686,607,431,1,6,1,1,0,-.0307704214034479,-.0356861184237036,.0780029950026523,.6473140219128197,-.1885691793151598,.1171969424677526,.0174555355590006,.0174555355590006,.0266256969261682,.0266256969261682,499,340
support_sensitivity,national_full,National RUV universe,national_baseline,1,0,bc,treat_23,2023,score_as_recorded,full_score_support,p1_mserd,5712,5712,4221,1491,3160,2552,1959,1201,2262,290,386,1686,607,431,1,6,1,1,0,-.0014749696260208,.0088152205258696,.0813817638744001,.913742366424753,-.1506901056662975,.1683205467180367,.0152331687898094,.0152331687898094,.0234939910369129,.0234939910369129,414,299
support_sensitivity,national_full,National RUV universe,national_baseline,1,0,cd,treat_07,2007,score_as_recorded,full_score_support,p1_mserd,5712,5712,260,5452,1851,3861,5,1846,255,3606,81,1991,476,566,4,3,1,1,0,.023538301517652,.0283116024462721,.0214264967611391,.1863893410870371,-.0136835595204247,.0703067644129689,.0140446380038246,.0140446380038246,.0209837599528739,.0209837599528739,1344,668
support_sensitivity,national_full,National RUV universe,national_baseline,1,0,cd,treat_08,2008,score_as_recorded,full_score_support,p1_mserd,5712,5712,613,5099,1851,3861,34,1817,579,3282,81,1991,476,566,4,3,1,1,0,.0275274390956221,.0107722063012122,.0323145468615236,.7388665482861642,-.052563141724106,.0741075543265303,.0202756066999906,.0202756066999906,.0248130419754388,.0248130419754388,1851,897
support_sensitivity,national_full,National RUV universe,national_baseline,1,0,cd,treat_09,2009,score_as_recorded,full_score_support,p1_mserd,5712,5712,1101,4611,1851,3861,100,1751,1001,2860,81,1991,476,566,4,3,1,1,0,.011803764987554,-.0218183410666604,.0432289078902375,.6137580032171844,-.1065454436225251,.0629087614892044,.021429586159238,.021429586159238,.0281466246246092,.0281466246246092,1851,936
support_sensitivity,national_full,National RUV universe,national_baseline,1,0,cd,treat_10,2010,score_as_recorded,full_score_support,p1_mserd,5712,5712,1360,4352,1851,3861,133,1718,1227,2634,81,1991,476,566,4,3,1,1,0,.0097689069579334,-.0210116533411252,.0533183893149812,.6935227728740309,-.1255137761121737,.0834904694299232,.0195616306193764,.0195616306193764,.0243918166359851,.0243918166359851,1851,874
support_sensitivity,national_full,National RUV universe,national_baseline,1,0,cd,treat_11,2011,score_as_recorded,full_score_support,p1_mserd,5712,5712,1525,4187,1851,3861,153,1698,1372,2489,81,1991,476,566,4,3,1,1,0,.0280802887967209,.0009852792900601,.0536492727436469,.9853475190975362,-.1041653630842542,.1061359216643744,.0195662384812949,.0195662384812949,.0245350431755975,.0245350431755975,1851,874
support_sensitivity,national_full,National RUV universe,national_baseline,1,0,cd,treat_12,2012,score_as_recorded,full_score_support,p1_mserd,5712,5712,1713,3999,1851,3861,164,1687,1549,2312,81,1991,476,566,4,3,1,1,0,.0315716178317633,-.0005830897862197,.0541727495479698,.991412114785066,-.1067597278437489,.1055935482713095,.0196890600237728,.0196890600237728,.0250729244306435,.0250729244306435,1851,881
support_sensitivity,national_full,National RUV universe,national_baseline,1,0,cd,treat_13,2013,score_as_recorded,full_score_support,p1_mserd,5712,5712,1830,3882,1851,3861,171,1680,1659,2202,81,1991,476,566,4,3,1,1,0,.027504676669014,-.0040007187144461,.0545299252990895,.9415137605434206,-.110877408380321,.1028759709514288,.0194149496246137,.0194149496246137,.0245846971046901,.0245846971046901,1851,869
support_sensitivity,national_full,National RUV universe,national_baseline,1,0,cd,treat_14,2014,score_as_recorded,full_score_support,p1_mserd,5712,5712,1943,3769,1851,3861,174,1677,1769,2092,81,1991,476,566,4,3,1,1,0,.0303034304967958,.0026369834283617,.0557187219702936,.9622528456900961,-.1065697048980144,.1118436717547378,.0191713484447416,.0191713484447416,.0238666311397004,.0238666311397004,1662,869
support_sensitivity,national_full,National RUV universe,national_baseline,1,0,cd,treat_15,2015,score_as_recorded,full_score_support,p1_mserd,5712,5712,2036,3676,1851,3861,174,1677,1862,1999,81,1991,476,566,4,3,1,1,0,.0303067485883488,.0026280096608873,.0557161277069613,.9623794551699745,-.1065735940027911,.1118296133245656,.0191738103228025,.0191738103228025,.0238707132816091,.0238707132816091,1662,869
support_sensitivity,national_full,National RUV universe,national_baseline,1,0,cd,treat_16,2016,score_as_recorded,full_score_support,p1_mserd,5712,5712,2161,3551,1851,3861,175,1676,1986,1875,81,1991,476,566,4,3,1,1,0,.0278609203200424,.002092507646736,.0560399987002069,.9702142808981482,-.107743871499341,.1119288867928129,.0189232210929919,.0189232210929919,.0233198107671706,.0233198107671706,1662,852
support_sensitivity,national_full,National RUV universe,national_baseline,1,0,cd,treat_17,2017,score_as_recorded,full_score_support,p1_mserd,5712,5712,2409,3303,1851,3861,175,1676,2234,1627,81,1991,476,566,4,3,1,1,0,.03135345254332,.0041858920300845,.0559505976735168,.9403626455404809,-.105475264323499,.1138470483836679,.0188858011899647,.0188858011899647,.0234627608536081,.0234627608536081,1662,852
support_sensitivity,national_full,National RUV universe,national_baseline,1,0,cd,treat_18,2018,score_as_recorded,full_score_support,p1_mserd,5712,5712,2551,3161,1851,3861,175,1676,2376,1485,81,1991,476,566,4,3,1,1,0,.0308032173019036,.0056213972341753,.0556533700558752,.9195446568542429,-.10345720369362,.1146999981619706,.0193313760173381,.0193313760173381,.0237261093519147,.0237261093519147,1851,869
support_sensitivity,national_full,National RUV universe,national_baseline,1,0,cd,treat_19,2019,score_as_recorded,full_score_support,p1_mserd,5712,5712,3084,2628,1851,3861,200,1651,2884,977,81,1991,476,566,4,3,1,1,0,.2082718430848653,.1299676872082467,.0638734818134476,.0418742690456437,.0047779632867153,.2551574111297781,.0179377004062035,.0179377004062035,.0227187362901279,.0227187362901279,1662,810
support_sensitivity,national_full,National RUV universe,national_baseline,1,0,cd,treat_20,2020,score_as_recorded,full_score_support,p1_mserd,5712,5712,3376,2336,1851,3861,303,1548,3073,788,81,1991,476,566,4,3,1,1,0,.2090362655735882,.1597128890348719,.0610781867930967,.0089255557725767,.0400018426793925,.2794239353903514,.0198559073708675,.0198559073708675,.020251503508832,.020251503508832,1851,884
support_sensitivity,national_full,National RUV universe,national_baseline,1,0,cd,treat_21,2021,score_as_recorded,full_score_support,p1_mserd,5712,5712,3497,2215,1851,3861,351,1500,3146,715,81,1991,476,566,4,3,1,1,0,.2351731451205147,.1952361551059678,.0586709764019531,.000875835368407,.0802431544203403,.3102291557915953,.0210961510536333,.0210961510536333,.0208156991906284,.0208156991906284,1851,921
support_sensitivity,national_full,National RUV universe,national_baseline,1,0,cd,treat_22,2022,score_as_recorded,full_score_support,p1_mserd,5712,5712,4053,1659,1851,3861,742,1109,3311,550,81,1991,476,566,4,3,1,1,0,.0453429938291805,.1285627110676453,.0561633323337396,.0220743423231736,.0184846024417618,.2386408196935287,.0205247627650957,.0205247627650957,.0236689247356436,.0236689247356436,1851,903
support_sensitivity,national_full,National RUV universe,national_baseline,1,0,cd,treat_23,2023,score_as_recorded,full_score_support,p1_mserd,5712,5712,4221,1491,1851,3861,859,992,3362,499,81,1991,476,566,4,3,1,1,0,-.0102040586667844,.1011417225409981,.0530079887934378,.0563851698215151,-.0027520263870428,.2050354714690389,.0203922707673757,.0203922707673757,.0267273444601617,.0267273444601617,1851,899
support_sensitivity,national_full,National RUV universe,national_baseline,1,0,de,treat_07,2007,score_as_recorded,full_score_support,p1_mserd,5712,5712,260,5452,790,4922,0,790,260,4662,14,2058,297,651,68,68,0,0,,,,,,,,,,,,,
support_sensitivity,national_full,National RUV universe,national_baseline,1,0,de,treat_08,2008,score_as_recorded,full_score_support,p1_mserd,5712,5712,613,5099,790,4922,1,789,612,4310,14,2058,297,651,68,68,1,1,0,-.0030110822839118,-.0069911980481975,.0080780248024555,.386786992853007,-.0228238357272317,.0088414396308366,.0150293169786257,.0150293169786257,.0259709130018756,.0259709130018756,790,1233
support_sensitivity,national_full,National RUV universe,national_baseline,1,0,de,treat_09,2009,score_as_recorded,full_score_support,p1_mserd,5712,5712,1101,4611,790,4922,9,781,1092,3830,14,2058,297,651,68,68,1,1,0,-.0276616733954954,-.0521108319841615,.0205410626786962,.0111835628602825,-.0923705750385858,-.0118510889297371,.0137278993315137,.0137278993315137,.0244175009357163,.0244175009357163,790,1165
support_sensitivity,national_full,National RUV universe,national_baseline,1,0,de,treat_10,2010,score_as_recorded,full_score_support,p1_mserd,5712,5712,1360,4352,790,4922,14,776,1346,3576,14,2058,297,651,68,68,1,1,0,-.0380835668624109,-.0697777420234277,.0227439901427075,.0021552261035556,-.1143551435678683,-.025200340478987,.013374584057049,.013374584057049,.025737600606352,.025737600606352,790,1146
support_sensitivity,national_full,National RUV universe,national_baseline,1,0,de,treat_11,2011,score_as_recorded,full_score_support,p1_mserd,5712,5712,1525,4187,790,4922,18,772,1507,3415,14,2058,297,651,68,68,1,1,0,-.0189942856412546,-.0455107632933644,.0245517176235868,.0637864976595952,-.0936312455941919,.0026097190074631,.0154199900194093,.0154199900194093,.0273532339792378,.0273532339792378,790,1264
support_sensitivity,national_full,National RUV universe,national_baseline,1,0,de,treat_12,2012,score_as_recorded,full_score_support,p1_mserd,5712,5712,1713,3999,790,4922,23,767,1690,3232,14,2058,297,651,68,68,1,1,0,-.0147462456973437,-.0392500509141215,.0248819126626032,.1146912995165008,-.0880177035992949,.0095176017710519,.01598805460068,.01598805460068,.0279695707341249,.0279695707341249,790,1289
support_sensitivity,national_full,National RUV universe,national_baseline,1,0,de,treat_13,2013,score_as_recorded,full_score_support,p1_mserd,5712,5712,1830,3882,790,4922,25,765,1805,3117,14,2058,297,651,68,68,1,1,0,-.0197180170084478,-.0433945342362389,.0250278792234604,.0829450854171473,-.0924482761236397,.0056592076511618,.0159989012596276,.0159989012596276,.0279343659727268,.0279343659727268,790,1289
support_sensitivity,national_full,National RUV universe,national_baseline,1,0,de,treat_14,2014,score_as_recorded,full_score_support,p1_mserd,5712,5712,1943,3769,790,4922,25,765,1918,3004,14,2058,297,651,68,68,1,1,0,-.0183016637035636,-.0422259320414969,.0253032418649174,.0951579471164642,-.091819374788841,.0073675107058473,.0159208316231869,.0159208316231869,.027932586553787,.027932586553787,790,1282
support_sensitivity,national_full,National RUV universe,national_baseline,1,0,de,treat_15,2015,score_as_recorded,full_score_support,p1_mserd,5712,5712,2036,3676,790,4922,25,765,2011,2911,14,2058,297,651,68,68,1,1,0,-.0183016637035336,-.042225932041426,.0253032418648895,.0951579471166558,-.0918193747887156,.0073675107058636,.0159208316232387,.0159208316232387,.027932586553947,.027932586553947,790,1282
support_sensitivity,national_full,National RUV universe,national_baseline,1,0,de,treat_16,2016,score_as_recorded,full_score_support,p1_mserd,5712,5712,2161,3551,790,4922,25,765,2136,2786,14,2058,297,651,68,68,1,1,0,-.0186862405905753,-.0427789639722108,.0253215445515684,.0911371545385571,-.0924082793262113,.0068503513817896,.0158172820706046,.0158172820706046,.027930813379907,.027930813379907,790,1281
support_sensitivity,national_full,National RUV universe,national_baseline,1,0,de,treat_17,2017,score_as_recorded,full_score_support,p1_mserd,5712,5712,2409,3303,790,4922,25,765,2384,2538,14,2058,297,651,68,68,1,1,0,-.0189659951722005,-.043029003649287,.0253090172630117,.0891036212496384,-.0926337659688924,.0065757586703185,.0158345996190164,.0158345996190164,.0279313634991172,.0279313634991172,790,1281
support_sensitivity,national_full,National RUV universe,national_baseline,1,0,de,treat_18,2018,score_as_recorded,full_score_support,p1_mserd,5712,5712,2551,3161,790,4922,25,765,2526,2396,14,2058,297,651,68,68,1,1,0,-.0189291905843748,-.042797131355029,.0253026791981454,.0907590763662478,-.0923894712957649,.0067952085857069,.0158883543928841,.0158883543928841,.027920722461322,.027920722461322,790,1282
support_sensitivity,national_full,National RUV universe,national_baseline,1,0,de,treat_19,2019,score_as_recorded,full_score_support,p1_mserd,5712,5712,3084,2628,790,4922,25,765,3059,1863,14,2058,297,651,68,68,1,1,0,-.0688665525570842,-.0913847311580358,.025804889553187,.0003980508970328,-.1419613853073161,-.0408080770087555,.0169800549768682,.0169800549768682,.0279647413037668,.0279647413037668,790,1351
support_sensitivity,national_full,National RUV universe,national_baseline,1,0,de,treat_20,2020,score_as_recorded,full_score_support,p1_mserd,5712,5712,3376,2336,790,4922,26,764,3350,1572,14,2058,297,651,68,68,1,1,0,-.0061659283717222,-.0405933026784283,.0319269209155715,.203570619280436,-.1031689178102071,.0219823124533504,.0169092517108248,.0169092517108248,.0279172917777992,.0279172917777992,790,1329
support_sensitivity,national_full,National RUV universe,national_baseline,1,0,de,treat_21,2021,score_as_recorded,full_score_support,p1_mserd,5712,5712,3497,2215,790,4922,30,760,3467,1455,14,2058,297,651,68,68,1,1,0,.0176162249744083,-.0262776063320478,.0375050224356702,.4835262540716563,-.099786099545328,.0472308868812324,.0169281136507738,.0169281136507738,.0277347382801293,.0277347382801293,790,1329
support_sensitivity,national_full,National RUV universe,national_baseline,1,0,de,treat_22,2022,score_as_recorded,full_score_support,p1_mserd,5712,5712,4053,1659,790,4922,144,646,3909,1013,14,2058,297,651,68,68,1,1,0,.0035461456773275,-.0659483097721721,.0671055081620658,.3257277694349127,-.1974726889340797,.0655760693897355,.0184179233859945,.0184179233859945,.0234327443358023,.0234327443358023,790,1408
support_sensitivity,national_full,National RUV universe,national_baseline,1,0,de,treat_23,2023,score_as_recorded,full_score_support,p1_mserd,5712,5712,4221,1491,790,4922,173,617,4048,874,14,2058,297,651,68,68,1,1,0,.0230549775689648,-.062805634174341,.0697447005359918,.3678501728758629,-.1995027353374164,.0738914669887343,.01878005821238,.01878005821238,.0225295805138984,.0225295805138984,790,1431
support_sensitivity,vraem10_provinces,Official VRAEM ten-province study envelope,official_province_envelope,1,0,ab,treat_07,2007,score_as_recorded,full_score_support,p1_mserd,1454,1454,92,1362,1033,421,45,988,47,374,546,374,105,55,0,4,1,1,0,-.0565664322478573,-.0777457717792113,.0752111119553759,.3012761511259487,-.225156842448958,.0696652988905354,.0487316667759326,.0487316667759326,.0772286460066476,.0772286460066476,190,100
support_sensitivity,vraem10_provinces,Official VRAEM ten-province study envelope,official_province_envelope,1,0,ab,treat_08,2008,score_as_recorded,full_score_support,p1_mserd,1454,1454,222,1232,1033,421,107,926,115,306,546,374,105,55,0,4,1,1,0,.0514964533330609,.0753000336902962,.1201128292898976,.5307176867747994,-.1601167857991108,.3107168531797032,.0782028813995904,.0782028813995904,.111236119665966,.111236119665966,336,151
support_sensitivity,vraem10_provinces,Official VRAEM ten-province study envelope,official_province_envelope,1,0,ab,treat_09,2009,score_as_recorded,full_score_support,p1_mserd,1454,1454,409,1045,1033,421,213,820,196,225,546,374,105,55,0,4,1,1,0,.0760212197394214,.0921192130550421,.1523615859919275,.5454387078595813,-.2065040081165381,.3907424342266223,.0750723097869457,.0750723097869457,.1069584278936205,.1069584278936205,315,143
support_sensitivity,vraem10_provinces,Official VRAEM ten-province study envelope,official_province_envelope,1,0,ab,treat_10,2010,score_as_recorded,full_score_support,p1_mserd,1454,1454,489,965,1033,421,267,766,222,199,546,374,105,55,0,4,1,1,0,-.0182637047745836,-.0451478564463256,.1620281571259456,.7805195456817458,-.3627172088945757,.2724214960019246,.0609369560926819,.0609369560926819,.0872325927593649,.0872325927593649,234,121
support_sensitivity,vraem10_provinces,Official VRAEM ten-province study envelope,official_province_envelope,1,0,ab,treat_11,2011,score_as_recorded,full_score_support,p1_mserd,1454,1454,558,896,1033,421,320,713,238,183,546,374,105,55,0,4,1,1,0,-.0855041010126216,-.1304825651596213,.1646855295653161,.4281779131911617,-.453260271882547,.1922951415633044,.0549822225005842,.0549822225005842,.0822598568443363,.0822598568443363,217,113
support_sensitivity,vraem10_provinces,Official VRAEM ten-province study envelope,official_province_envelope,1,0,ab,treat_12,2012,score_as_recorded,full_score_support,p1_mserd,1454,1454,615,839,1033,421,353,680,262,159,546,374,105,55,0,4,1,1,0,-.0297831798546001,-.0766751281559052,.1526333310573905,.6154223836790309,-.3758309598687695,.2224807035569591,.0503599100807367,.0503599100807367,.0745909647686656,.0745909647686656,197,104
support_sensitivity,vraem10_provinces,Official VRAEM ten-province study envelope,official_province_envelope,1,0,ab,treat_13,2013,score_as_recorded,full_score_support,p1_mserd,1454,1454,649,805,1033,421,366,667,283,138,546,374,105,55,0,4,1,1,0,-.0356524759281899,-.0763807409290815,.1525396328611229,.6165631374809899,-.3753529275518449,.2225914456936818,.048760816247608,.048760816247608,.071871779422019,.071871779422019,190,101
support_sensitivity,vraem10_provinces,Official VRAEM ten-province study envelope,official_province_envelope,1,0,ab,treat_14,2014,score_as_recorded,full_score_support,p1_mserd,1454,1454,672,782,1033,421,372,661,300,121,546,374,105,55,0,4,1,1,0,-.1092703916711985,-.1610336563981153,.143324233446842,.2611989021710324,-.4419439920657366,.119876679269506,.0376189821205325,.0376189821205325,.062483105561368,.062483105561368,141,74
support_sensitivity,vraem10_provinces,Official VRAEM ten-province study envelope,official_province_envelope,1,0,ab,treat_15,2015,score_as_recorded,full_score_support,p1_mserd,1454,1454,681,773,1033,421,374,659,307,114,546,374,105,55,0,4,1,1,0,-.1204418493287701,-.1729548870659796,.1460004778699434,.2361682649810716,-.4591105654167059,.1132007912847466,.0361548711066703,.0361548711066703,.0604742623245853,.0604742623245853,139,72
support_sensitivity,vraem10_provinces,Official VRAEM ten-province study envelope,official_province_envelope,1,0,ab,treat_16,2016,score_as_recorded,full_score_support,p1_mserd,1454,1454,717,737,1033,421,381,652,336,85,546,374,105,55,0,4,1,1,0,-.0259325171133202,-.0627327140451405,.1374742291278836,.6481574060166069,-.3321772519381995,.2067118238479186,.0398012622355463,.0398012622355463,.0623722833267824,.0623722833267824,154,82
support_sensitivity,vraem10_provinces,Official VRAEM ten-province study envelope,official_province_envelope,1,0,ab,treat_17,2017,score_as_recorded,full_score_support,p1_mserd,1454,1454,761,693,1033,421,405,628,356,65,546,374,105,55,0,4,1,1,0,.0317946909387588,.005709664443089,.1191483580588529,.9617794975035465,-.2278168261693454,.2392361550555233,.0455667475979823,.0455667475979823,.0702793659574531,.0702793659574531,176,92
support_sensitivity,vraem10_provinces,Official VRAEM ten-province study envelope,official_province_envelope,1,0,ab,treat_18,2018,score_as_recorded,full_score_support,p1_mserd,1454,1454,802,652,1033,421,436,597,366,55,546,374,105,55,0,4,1,1,0,.0503372122723909,.0440210680006787,.1098354947462438,.6885740711595743,-.1712525459260974,.2592946819274549,.0515923269755674,.0515923269755674,.0725294019584372,.0725294019584372,201,105
support_sensitivity,vraem10_provinces,Official VRAEM ten-province study envelope,official_province_envelope,1,0,ab,treat_19,2019,score_as_recorded,full_score_support,p1_mserd,1454,1454,922,532,1033,421,551,482,371,50,546,374,105,55,0,4,1,1,0,.022264337420054,.0489218589610798,.1130586216235843,.6652237751488794,-.1726689675628867,.2705126854850463,.0417536191106466,.0417536191106466,.0649193743894084,.0649193743894084,163,86
support_sensitivity,vraem10_provinces,Official VRAEM ten-province study envelope,official_province_envelope,1,0,ab,treat_20,2020,score_as_recorded,full_score_support,p1_mserd,1454,1454,984,470,1033,421,610,423,374,47,546,374,105,55,0,4,1,1,0,.0284604911841779,.0445512801459049,.1167401716602594,.7027375543980583,-.1842552518572269,.2733578121490368,.0402677395365934,.0402677395365934,.0603714677552575,.0603714677552575,154,84
support_sensitivity,vraem10_provinces,Official VRAEM ten-province study envelope,official_province_envelope,1,0,ab,treat_21,2021,score_as_recorded,full_score_support,p1_mserd,1454,1454,1005,449,1033,421,629,404,376,45,546,374,105,55,0,4,1,1,0,.0104939951956484,.025233730859306,.1157449817906534,.8274201932207326,-.201622264841619,.2520897265602311,.0423478457904543,.0423478457904543,.0621400702129311,.0621400702129311,166,86
support_sensitivity,vraem10_provinces,Official VRAEM ten-province study envelope,official_province_envelope,1,0,ab,treat_22,2022,score_as_recorded,full_score_support,p1_mserd,1454,1454,1110,344,1033,421,730,303,380,41,546,374,105,55,0,4,1,1,0,.0564174732784939,.0805875075367803,.1091274775436996,.4602281160865282,-.1332984181725744,.2944734332461351,.0393289741878221,.0393289741878221,.058002764807801,.058002764807801,150,80
support_sensitivity,vraem10_provinces,Official VRAEM ten-province study envelope,official_province_envelope,1,0,ab,treat_23,2023,score_as_recorded,full_score_support,p1_mserd,1454,1454,1151,303,1033,421,768,265,383,38,546,374,105,55,0,4,1,1,0,.0415924996977322,.0659261228774137,.1076436991739904,.5402416712134968,-.1450516506662714,.2769038964210989,.0396808126809218,.0396808126809218,.0582827938969444,.0582827938969444,154,82
support_sensitivity,vraem10_provinces,Official VRAEM ten-province study envelope,official_province_envelope,1,0,bc,treat_07,2007,score_as_recorded,full_score_support,p1_mserd,1454,1454,92,1362,624,830,17,607,75,755,220,700,99,85,0,2,1,1,0,-.0273080135457295,-.0504468141821378,.1105718779139795,.6482206518825678,-.2671637125964973,.1662700842322218,.0174898328432635,.0174898328432635,.0300427398323195,.0300427398323195,92,102
support_sensitivity,vraem10_provinces,Official VRAEM ten-province study envelope,official_province_envelope,1,0,bc,treat_08,2008,score_as_recorded,full_score_support,p1_mserd,1454,1454,222,1232,624,830,41,583,181,649,220,700,99,85,0,2,1,1,0,-.0447426282117756,-.0755557147540533,.1554939757676867,.6270326333000075,-.380318307071663,.2292068775635564,.0163105098872328,.0163105098872328,.0280457079292037,.0280457079292037,85,94
support_sensitivity,vraem10_provinces,Official VRAEM ten-province study envelope,official_province_envelope,1,0,bc,treat_09,2009,score_as_recorded,full_score_support,p1_mserd,1454,1454,409,1045,624,830,91,533,318,512,220,700,99,85,0,2,1,1,0,-.1000538236232205,-.1493146876574274,.1540590582767196,.3324433116577893,-.451264893371955,.1526355180571001,.0153870096463765,.0153870096463765,.0273970006474263,.0273970006474263,79,90
support_sensitivity,vraem10_provinces,Official VRAEM ten-province study envelope,official_province_envelope,1,0,bc,treat_10,2010,score_as_recorded,full_score_support,p1_mserd,1454,1454,489,965,624,830,115,509,374,456,220,700,99,85,0,2,1,1,0,-.097616964288823,-.1611358281632347,.1440334867650996,.2632516524427666,-.4434362747905564,.1211646184640869,.0168632666859253,.0168632666859253,.0278587533109649,.0278587533109649,91,97
support_sensitivity,vraem10_provinces,Official VRAEM ten-province study envelope,official_province_envelope,1,0,bc,treat_11,2011,score_as_recorded,full_score_support,p1_mserd,1454,1454,558,896,624,830,140,484,418,412,220,700,99,85,0,2,1,1,0,-.0203241065734529,-.0940881710933336,.1504980111376155,.5318536921063828,-.3890588526679679,.2008825104813007,.0157451685010786,.0157451685010786,.026305574563267,.026305574563267,82,91
support_sensitivity,vraem10_provinces,Official VRAEM ten-province study envelope,official_province_envelope,1,0,bc,treat_12,2012,score_as_recorded,full_score_support,p1_mserd,1454,1454,615,839,624,830,152,472,463,367,220,700,99,85,0,2,1,1,0,-.054831758529179,-.1270411291381213,.1847435356772893,.4916655871453212,-.4891318054421988,.2350495471659562,.0137531804644312,.0137531804644312,.0239097402545367,.0239097402545367,68,78
support_sensitivity,vraem10_provinces,Official VRAEM ten-province study envelope,official_province_envelope,1,0,bc,treat_13,2013,score_as_recorded,full_score_support,p1_mserd,1454,1454,649,805,624,830,153,471,496,334,220,700,99,85,0,2,1,1,0,.0064101660187322,-.0611961391253638,.1910615243602702,.7487443632671622,-.4356698457028156,.313277567452088,.0139509832075556,.0139509832075556,.0238175599196319,.0238175599196319,70,78
support_sensitivity,vraem10_provinces,Official VRAEM ten-province study envelope,official_province_envelope,1,0,bc,treat_14,2014,score_as_recorded,full_score_support,p1_mserd,1454,1454,672,782,624,830,154,470,518,312,220,700,99,85,0,2,1,1,0,.0060737597319169,-.0616668411603292,.1908350978684567,.746587679963569,-.4356967599686807,.3123630776480223,.0139356013636076,.0139356013636076,.0239080036153827,.0239080036153827,70,78
support_sensitivity,vraem10_provinces,Official VRAEM ten-province study envelope,official_province_envelope,1,0,bc,treat_15,2015,score_as_recorded,full_score_support,p1_mserd,1454,1454,681,773,624,830,154,470,527,303,220,700,99,85,0,2,1,1,0,.0077411808509612,-.0608819548654995,.1894971144001513,.7479969239667374,-.4322894742640624,.3105255645330635,.0140132089709428,.0140132089709428,.024229636139881,.024229636139881,70,78
support_sensitivity,vraem10_provinces,Official VRAEM ten-province study envelope,official_province_envelope,1,0,bc,treat_16,2016,score_as_recorded,full_score_support,p1_mserd,1454,1454,717,737,624,830,154,470,563,267,220,700,99,85,0,2,1,1,0,.0663048492769249,.0013716668746189,.1929056194736784,.9943266422074338,-.3767163997091791,.379459733458417,.0143341133395883,.0143341133395883,.0243991023706649,.0243991023706649,73,80
support_sensitivity,vraem10_provinces,Official VRAEM ten-province study envelope,official_province_envelope,1,0,bc,treat_17,2017,score_as_recorded,full_score_support,p1_mserd,1454,1454,761,693,624,830,154,470,607,223,220,700,99,85,0,2,1,1,0,.3537455554145523,.312580815116497,.1893072082627524,.0987012445152184,-.0584544950923209,.683616125325315,.0176111921292636,.0176111921292636,.0265978275970173,.0265978275970173,93,102
support_sensitivity,vraem10_provinces,Official VRAEM ten-province study envelope,official_province_envelope,1,0,bc,treat_18,2018,score_as_recorded,full_score_support,p1_mserd,1454,1454,802,652,624,830,160,464,642,188,220,700,99,85,0,2,1,1,0,.3283213901297113,.3143798421893601,.1753891128195569,.0730576018539585,-.0293765022174036,.6581361865961238,.0227721894882058,.0227721894882058,.0315941285585956,.0315941285585956,153,132
support_sensitivity,vraem10_provinces,Official VRAEM ten-province study envelope,official_province_envelope,1,0,bc,treat_19,2019,score_as_recorded,full_score_support,p1_mserd,1454,1454,922,532,624,830,233,391,689,141,220,700,99,85,0,2,1,1,0,.2620469628256012,.2355235256274119,.1564821729665178,.1322947434030341,-.0711758976095302,.542222948864354,.0211270234308681,.0211270234308681,.0266934192996931,.0266934192996931,132,122
support_sensitivity,vraem10_provinces,Official VRAEM ten-province study envelope,official_province_envelope,1,0,bc,treat_20,2020,score_as_recorded,full_score_support,p1_mserd,1454,1454,984,470,624,830,280,344,704,126,220,700,99,85,0,2,1,1,0,.1656526021982583,.1566717593475671,.1570424047245396,.3184540355155834,-.1511256979580934,.4644692166532275,.0195853598773202,.0195853598773202,.0252174252527098,.0252174252527098,117,118
support_sensitivity,vraem10_provinces,Official VRAEM ten-province study envelope,official_province_envelope,1,0,bc,treat_21,2021,score_as_recorded,full_score_support,p1_mserd,1454,1454,1005,449,624,830,296,328,709,121,220,700,99,85,0,2,1,1,0,.1701706819093347,.1616942585043817,.1575038033910595,.3046063000269683,-.1470075235701726,.470396040578936,.0192715457248554,.0192715457248554,.0247617345501348,.0247617345501348,114,115
support_sensitivity,vraem10_provinces,Official VRAEM ten-province study envelope,official_province_envelope,1,0,bc,treat_22,2022,score_as_recorded,full_score_support,p1_mserd,1454,1454,1110,344,624,830,380,244,730,100,220,700,99,85,0,2,1,1,0,.0263695706950864,.0133552681194757,.114715322592024,.907318923721962,-.2114826326357852,.2381931688747367,.0227818663709152,.0227818663709152,.0297387339523192,.0297387339523192,153,132
support_sensitivity,vraem10_provinces,Official VRAEM ten-province study envelope,official_province_envelope,1,0,bc,treat_23,2023,score_as_recorded,full_score_support,p1_mserd,1454,1454,1151,303,624,830,416,208,735,95,220,700,99,85,0,2,1,1,0,-.0180643022748115,.0006539966626011,.1064349772581345,.9950973771048385,-.2079547254586821,.2092627187838844,.0272913291026996,.0272913291026996,.0356593962716544,.0356593962716544,196,156
support_sensitivity,vraem10_provinces,Official VRAEM ten-province study envelope,official_province_envelope,1,0,cd,treat_07,2007,score_as_recorded,full_score_support,p1_mserd,1454,1454,92,1362,328,1126,4,324,88,1038,58,862,85,95,0,0,1,1,0,-.0519561044190056,-.0857610757256357,.0366550426358213,.019300260832383,-.1576036391436255,-.0139185123076458,.0250641818554089,.0250641818554089,.0398660560926707,.0398660560926707,328,241
support_sensitivity,vraem10_provinces,Official VRAEM ten-province study envelope,official_province_envelope,1,0,cd,treat_08,2008,score_as_recorded,full_score_support,p1_mserd,1454,1454,222,1232,328,1126,10,318,212,914,58,862,85,95,0,0,1,1,0,.0243715196847489,-.0060330700832001,.0653855421556916,.9264841780288329,-.134186377817981,.1221202376515809,.0293224833105189,.0293224833105189,.0398583943031024,.0398583943031024,328,266
support_sensitivity,vraem10_provinces,Official VRAEM ten-province study envelope,official_province_envelope,1,0,cd,treat_09,2009,score_as_recorded,full_score_support,p1_mserd,1454,1454,409,1045,328,1126,30,298,379,747,58,862,85,95,0,0,1,1,0,-.0182273198049549,-.1283476674306163,.0938017685180624,.171222501900542,-.3121957554121818,.0555004205509491,.0276115625903179,.0276115625903179,.0363405028037106,.0363405028037106,328,256
support_sensitivity,vraem10_provinces,Official VRAEM ten-province study envelope,official_province_envelope,1,0,cd,treat_10,2010,score_as_recorded,full_score_support,p1_mserd,1454,1454,489,965,328,1126,39,289,450,676,58,862,85,95,0,0,1,1,0,-.0537413623536216,-.1982894580860999,.0989451112885409,.0450663200068946,-.3922183126579476,-.0043606035142523,.0288512503060114,.0288512503060114,.0422375286114589,.0422375286114589,328,263
support_sensitivity,vraem10_provinces,Official VRAEM ten-province study envelope,official_province_envelope,1,0,cd,treat_11,2011,score_as_recorded,full_score_support,p1_mserd,1454,1454,558,896,328,1126,46,282,512,614,58,862,85,95,0,0,1,1,0,-.05485716016249,-.1926596238080159,.0995897683669736,.0530477145206059,-.3878519830359704,.0025327354199385,.0248560806356604,.0248560806356604,.0385700702244241,.0385700702244241,328,241
support_sensitivity,vraem10_provinces,Official VRAEM ten-province study envelope,official_province_envelope,1,0,cd,treat_12,2012,score_as_recorded,full_score_support,p1_mserd,1454,1454,615,839,328,1126,49,279,566,560,58,862,85,95,0,0,1,1,0,-.0768749112192257,-.217712617925634,.1011187197823801,.0313155587402246,-.4159016668618969,-.0195235689893712,.0235021390670945,.0235021390670945,.0378968357507576,.0378968357507576,328,240
support_sensitivity,vraem10_provinces,Official VRAEM ten-province study envelope,official_province_envelope,1,0,cd,treat_13,2013,score_as_recorded,full_score_support,p1_mserd,1454,1454,649,805,328,1126,49,279,600,526,58,862,85,95,0,0,1,1,0,-.069740861788739,-.2114222643027432,.1011291091814018,.0365623844698192,-.4096316760869095,-.0132128525185769,.0235927031282359,.0235927031282359,.0378518303759065,.0378518303759065,328,240
support_sensitivity,vraem10_provinces,Official VRAEM ten-province study envelope,official_province_envelope,1,0,cd,treat_14,2014,score_as_recorded,full_score_support,p1_mserd,1454,1454,672,782,328,1126,49,279,623,503,58,862,85,95,0,0,1,1,0,-.0744261930954486,-.2160761716378782,.1016406305686876,.0335129347149836,-.4152881469184467,-.0168641963573098,.0231880660857504,.0231880660857504,.0377610619641253,.0377610619641253,328,239
support_sensitivity,vraem10_provinces,Official VRAEM ten-province study envelope,official_province_envelope,1,0,cd,treat_15,2015,score_as_recorded,full_score_support,p1_mserd,1454,1454,681,773,328,1126,49,279,632,494,58,862,85,95,0,0,1,1,0,-.0744746080945195,-.2160901624428389,.101640943578352,.0335020173152138,-.4153027512110764,-.0168775736746013,.0231832899381832,.0231832899381832,.0377616133436074,.0377616133436074,328,239
support_sensitivity,vraem10_provinces,Official VRAEM ten-province study envelope,official_province_envelope,1,0,cd,treat_16,2016,score_as_recorded,full_score_support,p1_mserd,1454,1454,717,737,328,1126,49,279,668,458,58,862,85,95,0,0,1,1,0,-.0739097199295696,-.2153756182794052,.1016148932097503,.0340458642847674,-.4145371492633995,-.0162140872954109,.0232394101081669,.0232394101081669,.037789495659353,.037789495659353,328,239
support_sensitivity,vraem10_provinces,Official VRAEM ten-province study envelope,official_province_envelope,1,0,cd,treat_17,2017,score_as_recorded,full_score_support,p1_mserd,1454,1454,761,693,328,1126,49,279,712,414,58,862,85,95,0,0,1,1,0,-.0685205704188264,-.2094680845705332,.1014963185068219,.0390366994954552,-.4083972134073101,-.0105389557337562,.0237995189920198,.0237995189920198,.0380014728853307,.0380014728853307,328,240
support_sensitivity,vraem10_provinces,Official VRAEM ten-province study envelope,official_province_envelope,1,0,cd,treat_18,2018,score_as_recorded,full_score_support,p1_mserd,1454,1454,802,652,328,1126,49,279,753,373,58,862,85,95,0,0,1,1,0,-.0639633848703228,-.2021975571618244,.1013408444157936,.0460185920591011,-.4008219623796568,-.003573151943992,.025007161116563,.025007161116563,.0383475266134492,.0383475266134492,328,241
support_sensitivity,vraem10_provinces,Official VRAEM ten-province study envelope,official_province_envelope,1,0,cd,treat_19,2019,score_as_recorded,full_score_support,p1_mserd,1454,1454,922,532,328,1126,51,277,871,255,58,862,85,95,0,0,1,1,0,.2850834484369963,.1353046616725532,.1205011297406096,.2615013181589572,-.10087321271543,.3714825360605363,.0330158989430121,.0330158989430121,.0385521400980593,.0385521400980593,328,285
support_sensitivity,vraem10_provinces,Official VRAEM ten-province study envelope,official_province_envelope,1,0,cd,treat_20,2020,score_as_recorded,full_score_support,p1_mserd,1454,1454,984,470,328,1126,63,265,921,205,58,862,85,95,0,0,1,1,0,.2895804416611275,.1389831796898463,.1110982933365469,.2109370562554413,-.0787654739936518,.3567318333733444,.0313623292486466,.0313623292486466,.0400600326205945,.0400600326205945,328,275
support_sensitivity,vraem10_provinces,Official VRAEM ten-province study envelope,official_province_envelope,1,0,cd,treat_21,2021,score_as_recorded,full_score_support,p1_mserd,1454,1454,1005,449,328,1126,72,256,933,193,58,862,85,95,0,0,1,1,0,.2615419675777343,.0985181597118361,.111627642382574,.3774737209075245,-.1202679990371258,.317304318460798,.0310620709269945,.0310620709269945,.0389049155793063,.0389049155793063,328,274
support_sensitivity,vraem10_provinces,Official VRAEM ten-province study envelope,official_province_envelope,1,0,cd,treat_22,2022,score_as_recorded,full_score_support,p1_mserd,1454,1454,1110,344,328,1126,141,187,969,157,58,862,85,95,0,0,1,1,0,-.0297492413492827,-.0558375111903175,.1129565531994376,.6210750277580367,-.2772282872789979,.1655532648983628,.0436822769956829,.0436822769956829,.0398401883962622,.0398401883962622,328,341
support_sensitivity,vraem10_provinces,Official VRAEM ten-province study envelope,official_province_envelope,1,0,cd,treat_23,2023,score_as_recorded,full_score_support,p1_mserd,1454,1454,1151,303,328,1126,171,157,980,146,58,862,85,95,0,0,1,1,0,-.1395172366689892,-.0634774319883937,.1033478123256051,.539075465329794,-.2660354220275844,.1390805580507969,.0418501478129353,.0418501478129353,.0392657625977293,.0392657625977293,328,329
support_sensitivity,vraem10_provinces,Official VRAEM ten-province study envelope,official_province_envelope,1,0,de,treat_07,2007,score_as_recorded,full_score_support,p1_mserd,1454,1454,92,1362,123,1331,0,123,92,1239,12,908,51,104,12,12,0,0,,,,,,,,,,,,,
support_sensitivity,vraem10_provinces,Official VRAEM ten-province study envelope,official_province_envelope,1,0,de,treat_08,2008,score_as_recorded,full_score_support,p1_mserd,1454,1454,222,1232,123,1331,0,123,222,1109,12,908,51,104,12,12,0,0,,,,,,,,,,,,,
support_sensitivity,vraem10_provinces,Official VRAEM ten-province study envelope,official_province_envelope,1,0,de,treat_09,2009,score_as_recorded,full_score_support,p1_mserd,1454,1454,409,1045,123,1331,4,119,405,926,12,908,51,104,12,12,1,1,0,-.045140368580498,-.1205054582957813,.070851502741248,.0889773084038796,-.2593718519191681,.0183609353276056,.024189153075057,.024189153075057,.0375511282833269,.0375511282833269,123,348
support_sensitivity,vraem10_provinces,Official VRAEM ten-province study envelope,official_province_envelope,1,0,de,treat_10,2010,score_as_recorded,full_score_support,p1_mserd,1454,1454,489,965,123,1331,6,117,483,848,12,908,51,104,12,12,1,1,0,-.0157265543789319,-.1129285870909677,.0728713881367395,.1212142074294895,-.2557538833424164,.029896709160481,.0240834753549637,.0240834753549637,.0399923851356182,.0399923851356182,123,346
support_sensitivity,vraem10_provinces,Official VRAEM ten-province study envelope,official_province_envelope,1,0,de,treat_11,2011,score_as_recorded,full_score_support,p1_mserd,1454,1454,558,896,123,1331,9,114,549,782,12,908,51,104,12,12,1,1,0,-.0371528417555008,-.1196554202016556,.0773821337773188,.1220339202936122,-.2713216154520608,.0320107750487496,.0266914812997694,.0266914812997694,.0392116920267525,.0392116920267525,123,379
support_sensitivity,vraem10_provinces,Official VRAEM ten-province study envelope,official_province_envelope,1,0,de,treat_12,2012,score_as_recorded,full_score_support,p1_mserd,1454,1454,615,839,123,1331,10,113,605,726,12,908,51,104,12,12,1,1,0,-.0263082977751689,-.0937788164135272,.079522201023362,.2382873242173351,-.2496394663906709,.0620818335636166,.0284655400252546,.0284655400252546,.0391796971751118,.0391796971751118,123,393
support_sensitivity,vraem10_provinces,Official VRAEM ten-province study envelope,official_province_envelope,1,0,de,treat_13,2013,score_as_recorded,full_score_support,p1_mserd,1454,1454,649,805,123,1331,10,113,639,692,12,908,51,104,12,12,1,1,0,-.0288499969046747,-.0971676252873486,.0796602086018113,.22254973195617,-.2532987651478465,.0589635145731493,.0281323877116693,.0281323877116693,.0391783364303946,.0391783364303946,123,389
support_sensitivity,vraem10_provinces,Official VRAEM ten-province study envelope,official_province_envelope,1,0,de,treat_14,2014,score_as_recorded,full_score_support,p1_mserd,1454,1454,672,782,123,1331,10,113,662,669,12,908,51,104,12,12,1,1,0,-.0305727438808601,-.0988912444126576,.0794229411895385,.213086940652872,-.2545573486903958,.0567748598650806,.0281633420326496,.0281633420326496,.0391797673077008,.0391797673077008,123,389
support_sensitivity,vraem10_provinces,Official VRAEM ten-province study envelope,official_province_envelope,1,0,de,treat_15,2015,score_as_recorded,full_score_support,p1_mserd,1454,1454,681,773,123,1331,10,113,671,660,12,908,51,104,12,12,1,1,0,-.0305727438808817,-.098891244412851,.0794229411895074,.2130869406517978,-.2545573486905284,.0567748598648262,.0281633420326394,.0281633420326394,.0391797673078355,.0391797673078355,123,389
support_sensitivity,vraem10_provinces,Official VRAEM ten-province study envelope,official_province_envelope,1,0,de,treat_16,2016,score_as_recorded,full_score_support,p1_mserd,1454,1454,717,737,123,1331,10,113,707,624,12,908,51,104,12,12,1,1,0,-.0306246842698922,-.098877219093225,.0794247897208833,.2131625012687932,-.2545469464258234,.0567925082393734,.0281390172376732,.0281390172376732,.0391787986966449,.0391787986966449,123,389
support_sensitivity,vraem10_provinces,Official VRAEM ten-province study envelope,official_province_envelope,1,0,de,treat_17,2017,score_as_recorded,full_score_support,p1_mserd,1454,1454,761,693,123,1331,10,113,751,580,12,908,51,104,12,12,1,1,0,-.030686340914502,-.0988544562022631,.0794279531700212,.2132861098511589,-.2545303837812386,.0568214713767124,.0281103416268301,.0281103416268301,.0391735062890421,.0391735062890421,123,389
support_sensitivity,vraem10_provinces,Official VRAEM ten-province study envelope,official_province_envelope,1,0,de,treat_18,2018,score_as_recorded,full_score_support,p1_mserd,1454,1454,802,652,123,1331,10,113,792,539,12,908,51,104,12,12,1,1,0,-.0296121430190495,-.0947383483165353,.0795097696954558,.2334452292652701,-.2505746333387028,.0610979367056322,.0288456318070174,.0288456318070174,.039174245805303,.039174245805303,123,394
support_sensitivity,vraem10_provinces,Official VRAEM ten-province study envelope,official_province_envelope,1,0,de,treat_19,2019,score_as_recorded,full_score_support,p1_mserd,1454,1454,922,532,123,1331,10,113,912,419,12,908,51,104,12,12,1,1,0,-.1095346114980767,-.1911172662449106,.0837196393111334,.0224406923584134,-.3552047440934157,-.0270297883964055,.0236982179772675,.0236982179772675,.0391644396923561,.0391644396923561,123,343
support_sensitivity,vraem10_provinces,Official VRAEM ten-province study envelope,official_province_envelope,1,0,de,treat_20,2020,score_as_recorded,full_score_support,p1_mserd,1454,1454,984,470,123,1331,10,113,974,357,12,908,51,104,12,12,1,1,0,-.0892035852968518,-.1761460670919025,.0852097933258761,.0387148895971904,-.3431541931407212,-.0091379410430839,.0229840106803653,.0229840106803653,.0391625538728601,.0391625538728601,123,331
support_sensitivity,vraem10_provinces,Official VRAEM ten-province study envelope,official_province_envelope,1,0,de,treat_21,2021,score_as_recorded,full_score_support,p1_mserd,1454,1454,1005,449,123,1331,11,112,994,337,12,908,51,104,12,12,1,1,0,-.0707698004445051,-.1688568386033791,.0920744204408352,.0666663258427535,-.3493193865648146,.0116057093580565,.0236920152643777,.0236920152643777,.0392657362783655,.0392657362783655,123,343
support_sensitivity,vraem10_provinces,Official VRAEM ten-province study envelope,official_province_envelope,1,0,de,treat_22,2022,score_as_recorded,full_score_support,p1_mserd,1454,1454,1110,344,123,1331,24,99,1086,245,12,908,51,104,12,12,1,1,0,.0591708281926435,-.0754441304353288,.1393870020584662,.588330751683167,-.3486376343829329,.1977493735122752,.0293756326163022,.0293756326163022,.0384816876517629,.0384816876517629,123,406
support_sensitivity,vraem10_provinces,Official VRAEM ten-province study envelope,official_province_envelope,1,0,de,treat_23,2023,score_as_recorded,full_score_support,p1_mserd,1454,1454,1151,303,123,1331,31,92,1120,211,12,908,51,104,12,12,1,1,0,.0999113163104745,-.0202919953926343,.1378741560443512,.8829917948351631,-.290520375638418,.2499363848531495,.0318119758847844,.0318119758847844,.0394117359255375,.0394117359255375,123,422
support_sensitivity,vraem4_no_ayacucho,VRAEM departments excluding Ayacucho,predeclared_exclusion,1,0,ab,treat_07,2007,score_as_recorded,full_score_support,p1_mserd,1811,1811,118,1693,1373,438,57,1316,61,377,575,387,251,142,0,10,1,1,0,-.0323306442488819,-.0425553646986378,.1193827322138186,.7214948735343911,-.276541220213712,.1914304908164363,.0506773079473502,.0506773079473502,.0717384315240965,.0717384315240965,192,95
support_sensitivity,vraem4_no_ayacucho,VRAEM departments excluding Ayacucho,predeclared_exclusion,1,0,ab,treat_08,2008,score_as_recorded,full_score_support,p1_mserd,1811,1811,272,1539,1373,438,142,1231,130,308,575,387,251,142,0,10,1,1,0,.1383688313180195,.1402097801577868,.1424000634934421,.3248113497689208,-.1388892156855766,.4193087760011502,.056824711382323,.056824711382323,.0796914411892599,.0796914411892599,218,101
support_sensitivity,vraem4_no_ayacucho,VRAEM departments excluding Ayacucho,predeclared_exclusion,1,0,ab,treat_09,2009,score_as_recorded,full_score_support,p1_mserd,1811,1811,441,1370,1373,438,259,1114,182,256,575,387,251,142,0,10,1,1,0,.0142993891641277,.0106336034806953,.1511199536750531,.9439028956368813,-.28555606306777,.3068232700291607,.0646240971620204,.0646240971620204,.0928625720019905,.0928625720019905,253,116
support_sensitivity,vraem4_no_ayacucho,VRAEM departments excluding Ayacucho,predeclared_exclusion,1,0,ab,treat_10,2010,score_as_recorded,full_score_support,p1_mserd,1811,1811,541,1270,1373,438,337,1036,204,234,575,387,251,142,0,10,1,1,0,-.0521739049761599,-.08091624946238,.1495934919797662,.5885713056901574,-.3741141060643031,.2122816071395431,.0631406932354929,.0631406932354929,.0931705691163149,.0931705691163149,246,115
support_sensitivity,vraem4_no_ayacucho,VRAEM departments excluding Ayacucho,predeclared_exclusion,1,0,ab,treat_11,2011,score_as_recorded,full_score_support,p1_mserd,1811,1811,594,1217,1373,438,378,995,216,222,575,387,251,142,0,10,1,1,0,-.0818673650122811,-.1164143283967812,.1571337265808278,.4587774211657566,-.4243907732517678,.1915621164582054,.0567980761011165,.0567980761011165,.0849670843868165,.0849670843868165,218,101
support_sensitivity,vraem4_no_ayacucho,VRAEM departments excluding Ayacucho,predeclared_exclusion,1,0,ab,treat_12,2012,score_as_recorded,full_score_support,p1_mserd,1811,1811,635,1176,1373,438,401,972,234,204,575,387,251,142,0,10,1,1,0,-.0568961318874044,-.0896760788289629,.1611239691147446,.5778241765047247,-.4054732553400063,.2261210976820806,.0543046159161397,.0543046159161397,.0775470927366204,.0775470927366204,207,99
support_sensitivity,vraem4_no_ayacucho,VRAEM departments excluding Ayacucho,predeclared_exclusion,1,0,ab,treat_13,2013,score_as_recorded,full_score_support,p1_mserd,1811,1811,686,1125,1373,438,424,949,262,176,575,387,251,142,0,10,1,1,0,-.1549415609152504,-.1764634772019452,.1633008196181051,.2798734160594539,-.496527202299303,.1436002478954126,.0511074242313112,.0511074242313112,.0716193039690952,.0716193039690952,193,96
support_sensitivity,vraem4_no_ayacucho,VRAEM departments excluding Ayacucho,predeclared_exclusion,1,0,ab,treat_14,2014,score_as_recorded,full_score_support,p1_mserd,1811,1811,715,1096,1373,438,433,940,282,156,575,387,251,142,0,10,1,1,0,-.1501027066263436,-.1646912030389837,.1516780086297573,.2775697583554861,-.4619746372000634,.1325922311220961,.0508521880898446,.0508521880898446,.0703406418994496,.0703406418994496,193,96
support_sensitivity,vraem4_no_ayacucho,VRAEM departments excluding Ayacucho,predeclared_exclusion,1,0,ab,treat_15,2015,score_as_recorded,full_score_support,p1_mserd,1811,1811,732,1079,1373,438,436,937,296,142,575,387,251,142,0,10,1,1,0,-.1561168090110269,-.165438761883692,.1509167040449194,.2729800375418882,-.4612300664772241,.1303525427098401,.0525771916676604,.0525771916676604,.0721853898766582,.0721853898766582,200,96
support_sensitivity,vraem4_no_ayacucho,VRAEM departments excluding Ayacucho,predeclared_exclusion,1,0,ab,treat_16,2016,score_as_recorded,full_score_support,p1_mserd,1811,1811,782,1029,1373,438,448,925,334,104,575,387,251,142,0,10,1,1,0,-.0962967766035194,-.1160487403277949,.1385727896723224,.4023357878094296,-.3876464173227907,.1555489366672009,.0516125059420286,.0516125059420286,.0716789109469704,.0716789109469704,196,96
support_sensitivity,vraem4_no_ayacucho,VRAEM departments excluding Ayacucho,predeclared_exclusion,1,0,ab,treat_17,2017,score_as_recorded,full_score_support,p1_mserd,1811,1811,871,940,1373,438,504,869,367,71,575,387,251,142,0,10,1,1,0,-.059470753878641,-.0615837978888614,.1232754524851979,.6173831416949523,-.3031992449377279,.1800316491600051,.0509572602291448,.0509572602291448,.072834245639574,.072834245639574,193,96
support_sensitivity,vraem4_no_ayacucho,VRAEM departments excluding Ayacucho,predeclared_exclusion,1,0,ab,treat_18,2018,score_as_recorded,full_score_support,p1_mserd,1811,1811,895,916,1373,438,524,849,371,67,575,387,251,142,0,10,1,1,0,-.0491758599103584,-.0459561618897351,.1227364553759555,.7080847243081099,-.2865151940167153,.1946028702372452,.0507949802021887,.0507949802021887,.0718515471134528,.0718515471134528,192,95
support_sensitivity,vraem4_no_ayacucho,VRAEM departments excluding Ayacucho,predeclared_exclusion,1,0,ab,treat_19,2019,score_as_recorded,full_score_support,p1_mserd,1811,1811,1061,750,1373,438,681,692,380,58,575,387,251,142,0,10,1,1,0,.0328427140231526,.0718224709256823,.112803898835539,.5243189536701349,-.1492691081076738,.2929140499590384,.040120423312412,.040120423312412,.066199719797787,.066199719797787,144,76
support_sensitivity,vraem4_no_ayacucho,VRAEM departments excluding Ayacucho,predeclared_exclusion,1,0,ab,treat_20,2020,score_as_recorded,full_score_support,p1_mserd,1811,1811,1140,671,1373,438,754,619,386,52,575,387,251,142,0,10,1,1,0,.1200657099406219,.151777451845778,.1044824293954928,.1463181622991438,-.053004346786637,.3565592504781929,.0365216740502552,.0365216740502552,.0573368325985056,.0573368325985056,131,65
support_sensitivity,vraem4_no_ayacucho,VRAEM departments excluding Ayacucho,predeclared_exclusion,1,0,ab,treat_21,2021,score_as_recorded,full_score_support,p1_mserd,1811,1811,1175,636,1373,438,787,586,388,50,575,387,251,142,0,10,1,1,0,.0797315295029115,.1067523938902715,.1023793413322674,.2970806751730351,-.0939074278819055,.3074122156624484,.0377248891626559,.0377248891626559,.0556380986503321,.0556380986503321,133,69
support_sensitivity,vraem4_no_ayacucho,VRAEM departments excluding Ayacucho,predeclared_exclusion,1,0,ab,treat_22,2022,score_as_recorded,full_score_support,p1_mserd,1811,1811,1353,458,1373,438,954,419,399,39,575,387,251,142,0,10,1,1,0,.1374311839878011,.1726079299715051,.0757075692799671,.0226118627470051,.0242238208256987,.3209920391173116,.0325455679246668,.0325455679246668,.0505071063973418,.0505071063973418,109,58
support_sensitivity,vraem4_no_ayacucho,VRAEM departments excluding Ayacucho,predeclared_exclusion,1,0,ab,treat_23,2023,score_as_recorded,full_score_support,p1_mserd,1811,1811,1407,404,1373,438,1004,369,403,35,575,387,251,142,0,10,1,1,0,.1211482372934978,.1571687725320041,.0749034495898436,.0358799911483883,.0103607090180992,.3039768360459091,.0320869437992922,.0320869437992922,.0518179139977992,.0518179139977992,108,57
support_sensitivity,vraem4_no_ayacucho,VRAEM departments excluding Ayacucho,predeclared_exclusion,1,0,bc,treat_07,2007,score_as_recorded,full_score_support,p1_mserd,1811,1811,118,1693,962,849,19,943,99,750,264,698,218,200,0,1,1,1,0,.0358707578333625,.0234812052032993,.0804915970480976,.7704988494365541,-.1342794260690824,.1812418364756811,.0205384100600032,.0205384100600032,.0329008295310092,.0329008295310092,181,129
support_sensitivity,vraem4_no_ayacucho,VRAEM departments excluding Ayacucho,predeclared_exclusion,1,0,bc,treat_08,2008,score_as_recorded,full_score_support,p1_mserd,1811,1811,272,1539,962,849,63,899,209,640,264,698,218,200,0,1,1,1,0,-.0307396547641859,-.0483782897578529,.1184902488370373,.6830613620296657,-.2806149099976351,.1838583304819293,.0187682547431486,.0187682547431486,.0320398993400335,.0320398993400335,164,117
support_sensitivity,vraem4_no_ayacucho,VRAEM departments excluding Ayacucho,predeclared_exclusion,1,0,bc,treat_09,2009,score_as_recorded,full_score_support,p1_mserd,1811,1811,441,1370,962,849,130,832,311,538,264,698,218,200,0,1,1,1,0,-.0082714387528695,-.0213454642380824,.133633282788138,.8730924709476869,-.283261885638689,.2405709571625243,.0192494131332372,.0192494131332372,.0316245848810912,.0316245848810912,169,120
support_sensitivity,vraem4_no_ayacucho,VRAEM departments excluding Ayacucho,predeclared_exclusion,1,0,bc,treat_10,2010,score_as_recorded,full_score_support,p1_mserd,1811,1811,541,1270,962,849,180,782,361,488,264,698,218,200,0,1,1,1,0,-.0180725705698028,-.0479412484352194,.1263273414785167,.7043164729569606,-.295538287995805,.1996557911253663,.0215971355102601,.0215971355102601,.0345384196221848,.0345384196221848,196,135
support_sensitivity,vraem4_no_ayacucho,VRAEM departments excluding Ayacucho,predeclared_exclusion,1,0,bc,treat_11,2011,score_as_recorded,full_score_support,p1_mserd,1811,1811,594,1217,962,849,206,756,388,461,264,698,218,200,0,1,1,1,0,.0043631924202676,-.0205206052700929,.1361854796860493,.8802271243614878,-.2874392406720606,.2463980301318749,.0194086402071701,.0194086402071701,.0301911780186638,.0301911780186638,169,123
support_sensitivity,vraem4_no_ayacucho,VRAEM departments excluding Ayacucho,predeclared_exclusion,1,0,bc,treat_12,2012,score_as_recorded,full_score_support,p1_mserd,1811,1811,635,1176,962,849,211,751,424,425,264,698,218,200,0,1,1,1,0,.0698840248760653,.0506806429449854,.1477674033241941,.7316166681270293,-.2389381456594391,.3402994315494099,.0207531118061606,.0207531118061606,.0316977846350469,.0316977846350469,183,129
support_sensitivity,vraem4_no_ayacucho,VRAEM departments excluding Ayacucho,predeclared_exclusion,1,0,bc,treat_13,2013,score_as_recorded,full_score_support,p1_mserd,1811,1811,686,1125,962,849,212,750,474,375,264,698,218,200,0,1,1,1,0,.1093298572074997,.1047068829290889,.1475876934595783,.4780419324477505,-.1845596808130221,.3939734466711999,.0208744827192425,.0208744827192425,.0311730193067061,.0311730193067061,183,129
support_sensitivity,vraem4_no_ayacucho,VRAEM departments excluding Ayacucho,predeclared_exclusion,1,0,bc,treat_14,2014,score_as_recorded,full_score_support,p1_mserd,1811,1811,715,1096,962,849,215,747,500,349,264,698,218,200,0,1,1,1,0,.1072134249226038,.0920636882158909,.1489485088565681,.5365155518506168,-.1998700246939278,.3839974011257096,.0203005788068399,.0203005788068399,.0305669668083894,.0305669668083894,175,127
support_sensitivity,vraem4_no_ayacucho,VRAEM departments excluding Ayacucho,predeclared_exclusion,1,0,bc,treat_15,2015,score_as_recorded,full_score_support,p1_mserd,1811,1811,732,1079,962,849,215,747,517,332,264,698,218,200,0,1,1,1,0,.1066976018131144,.0912519204704148,.1487069571307439,.5394559860477357,-.200208359756385,.3827122006972146,.0203814205640359,.0203814205640359,.0306728667562142,.0306728667562142,176,127
support_sensitivity,vraem4_no_ayacucho,VRAEM departments excluding Ayacucho,predeclared_exclusion,1,0,bc,treat_16,2016,score_as_recorded,full_score_support,p1_mserd,1811,1811,782,1029,962,849,216,746,566,283,264,698,218,200,0,1,1,1,0,.1390212731556364,.1264315101181354,.1475049747750238,.3913709036175722,-.1626729279814002,.415535948217671,.0206945948585563,.0206945948585563,.0310018990974807,.0310018990974807,182,129
support_sensitivity,vraem4_no_ayacucho,VRAEM departments excluding Ayacucho,predeclared_exclusion,1,0,bc,treat_17,2017,score_as_recorded,full_score_support,p1_mserd,1811,1811,871,940,962,849,216,746,655,194,264,698,218,200,0,1,1,1,0,.3327095659164743,.3194409550248201,.1491830357113528,.0322523810606515,.027047577926216,.6118343321234242,.0195039555014122,.0195039555014122,.0297491644710314,.0297491644710314,169,124
support_sensitivity,vraem4_no_ayacucho,VRAEM departments excluding Ayacucho,predeclared_exclusion,1,0,bc,treat_18,2018,score_as_recorded,full_score_support,p1_mserd,1811,1811,895,916,962,849,227,735,668,181,264,698,218,200,0,1,1,1,0,.2139311209958471,.1875985299426837,.1555576252065365,.2278273212006526,-.117288812982708,.4924858728680753,.0199256886006744,.0199256886006744,.0311803737844527,.0311803737844527,173,127
support_sensitivity,vraem4_no_ayacucho,VRAEM departments excluding Ayacucho,predeclared_exclusion,1,0,bc,treat_19,2019,score_as_recorded,full_score_support,p1_mserd,1811,1811,1061,750,962,849,354,608,707,142,264,698,218,200,0,1,1,1,0,.1781758830167558,.2067376511640904,.1479408603667597,.1622829730588453,-.0832211069966276,.4966964093248084,.0165005401416417,.0165005401416417,.0228924572220104,.0228924572220104,132,100
support_sensitivity,vraem4_no_ayacucho,VRAEM departments excluding Ayacucho,predeclared_exclusion,1,0,bc,treat_20,2020,score_as_recorded,full_score_support,p1_mserd,1811,1811,1140,671,962,849,417,545,723,126,264,698,218,200,0,1,1,1,0,.1600751563719743,.1746043377173009,.1494726671194873,.2427520884899141,-.1183567065100386,.4675653819446404,.0159312960089858,.0159312960089858,.0224080943548903,.0224080943548903,126,97
support_sensitivity,vraem4_no_ayacucho,VRAEM departments excluding Ayacucho,predeclared_exclusion,1,0,bc,treat_21,2021,score_as_recorded,full_score_support,p1_mserd,1811,1811,1175,636,962,849,445,517,730,119,264,698,218,200,0,1,1,1,0,.154106532025905,.1672842414728187,.1501792273046159,.2653232316933077,-.1270616352702826,.46163011821592,.0157097432728556,.0157097432728556,.0221729600649665,.0221729600649665,123,96
support_sensitivity,vraem4_no_ayacucho,VRAEM departments excluding Ayacucho,predeclared_exclusion,1,0,bc,treat_22,2022,score_as_recorded,full_score_support,p1_mserd,1811,1811,1353,458,962,849,599,363,754,95,264,698,218,200,0,1,1,1,0,.0341650594799678,.0239532436382053,.117549010134614,.8385313637292855,-.206438582643972,.2543450699203825,.0208245344002287,.0208245344002287,.0314969193546369,.0314969193546369,183,129
support_sensitivity,vraem4_no_ayacucho,VRAEM departments excluding Ayacucho,predeclared_exclusion,1,0,bc,treat_23,2023,score_as_recorded,full_score_support,p1_mserd,1811,1811,1407,404,962,849,643,319,764,85,264,698,218,200,0,1,1,1,0,.0693123061255769,.0871137749201438,.1306332853538859,.5048632148062132,-.1689227595556163,.3431503093959039,.0163906034365655,.0163906034365655,.0261921885430443,.0261921885430443,131,100
support_sensitivity,vraem4_no_ayacucho,VRAEM departments excluding Ayacucho,predeclared_exclusion,1,0,cd,treat_07,2007,score_as_recorded,full_score_support,p1_mserd,1811,1811,118,1693,520,1291,4,516,114,1177,66,896,162,241,2,1,1,1,0,-.017343681345598,-.0346510100513918,.0292730293043021,.2365247335474361,-.0920250932062095,.0227230731034259,.0224124890686026,.0224124890686026,.0327234104407398,.0327234104407398,520,344
support_sensitivity,vraem4_no_ayacucho,VRAEM departments excluding Ayacucho,predeclared_exclusion,1,0,cd,treat_08,2008,score_as_recorded,full_score_support,p1_mserd,1811,1811,272,1539,520,1291,17,503,255,1036,66,896,162,241,2,1,1,1,0,-.0209279829485235,-.069424872326271,.0572580279466606,.2253242934730814,-.1816485449275136,.0427988002749716,.0225375312323494,.0225375312323494,.0308520237201716,.0308520237201716,520,344
support_sensitivity,vraem4_no_ayacucho,VRAEM departments excluding Ayacucho,predeclared_exclusion,1,0,cd,treat_09,2009,score_as_recorded,full_score_support,p1_mserd,1811,1811,441,1370,520,1291,47,473,394,897,66,896,162,241,2,1,1,1,0,-.076437240107869,-.161189822392323,.0723508091812739,.025887686975927,-.3029948026399498,-.0193848421446963,.0248061405777585,.0248061405777585,.0339831310906377,.0339831310906377,520,356
support_sensitivity,vraem4_no_ayacucho,VRAEM departments excluding Ayacucho,predeclared_exclusion,1,0,cd,treat_10,2010,score_as_recorded,full_score_support,p1_mserd,1811,1811,541,1270,520,1291,63,457,478,813,66,896,162,241,2,1,1,1,0,-.096344010711606,-.1950305368085296,.085105816450709,.0219273457608933,-.3618348719267956,-.0282262016902635,.0229119362555534,.0229119362555534,.0333060248955374,.0333060248955374,520,350
support_sensitivity,vraem4_no_ayacucho,VRAEM departments excluding Ayacucho,predeclared_exclusion,1,0,cd,treat_11,2011,score_as_recorded,full_score_support,p1_mserd,1811,1811,594,1217,520,1291,71,449,523,768,66,896,162,241,2,1,1,1,0,-.0811360477817338,-.1715531581040677,.0857978775196253,.0455539013960384,-.339713907992512,-.0033924082156235,.0221755702914665,.0221755702914665,.0324257881956099,.0324257881956099,520,342
support_sensitivity,vraem4_no_ayacucho,VRAEM departments excluding Ayacucho,predeclared_exclusion,1,0,cd,treat_12,2012,score_as_recorded,full_score_support,p1_mserd,1811,1811,635,1176,520,1291,74,446,561,730,66,896,162,241,2,1,1,1,0,-.092418661847374,-.1832580684361265,.0866641519177913,.0344659703170229,-.3531166849457052,-.0133994519265478,.0218356012149095,.0218356012149095,.032316123940494,.032316123940494,520,342
support_sensitivity,vraem4_no_ayacucho,VRAEM departments excluding Ayacucho,predeclared_exclusion,1,0,cd,treat_13,2013,score_as_recorded,full_score_support,p1_mserd,1811,1811,686,1125,520,1291,74,446,612,679,66,896,162,241,2,1,1,1,0,-.0908190786392147,-.1821543727761665,.0866750221313848,.035590204969575,-.3520342945128928,-.0122744510394403,.0216408258638645,.0216408258638645,.0322099266602477,.0322099266602477,520,341
support_sensitivity,vraem4_no_ayacucho,VRAEM departments excluding Ayacucho,predeclared_exclusion,1,0,cd,treat_14,2014,score_as_recorded,full_score_support,p1_mserd,1811,1811,715,1096,520,1291,76,444,639,652,66,896,162,241,2,1,1,1,0,-.1106863055851556,-.2041672983240129,.0876026403719374,.0197741092407792,-.3758653184036247,-.0324692782444012,.0210510921102313,.0210510921102313,.0318001967784396,.0318001967784396,520,334
support_sensitivity,vraem4_no_ayacucho,VRAEM departments excluding Ayacucho,predeclared_exclusion,1,0,cd,treat_15,2015,score_as_recorded,full_score_support,p1_mserd,1811,1811,732,1079,520,1291,76,444,656,635,66,896,162,241,2,1,1,1,0,-.110686305802136,-.204167298494436,.0876026403993937,.0197741091766559,-.3758653186278611,-.032469278361011,.0210510920862844,.0210510920862844,.031800196734595,.031800196734595,520,334
support_sensitivity,vraem4_no_ayacucho,VRAEM departments excluding Ayacucho,predeclared_exclusion,1,0,cd,treat_16,2016,score_as_recorded,full_score_support,p1_mserd,1811,1811,782,1029,520,1291,77,443,705,586,66,896,162,241,2,1,1,1,0,-.1199412227364713,-.2126887895794929,.0873262727766085,.014868564259579,-.3838451391257662,-.0415324400332196,.0207115149091139,.0207115149091139,.0313941852432448,.0313941852432448,520,330
support_sensitivity,vraem4_no_ayacucho,VRAEM departments excluding Ayacucho,predeclared_exclusion,1,0,cd,treat_17,2017,score_as_recorded,full_score_support,p1_mserd,1811,1811,871,940,520,1291,77,443,794,497,66,896,162,241,2,1,1,1,0,-.1185238636735013,-.212526350425609,.0872860487525248,.0148989477569672,-.3836038623333649,-.0414488385178532,.0208718207055816,.0208718207055816,.0314029197622502,.0314029197622502,520,333
support_sensitivity,vraem4_no_ayacucho,VRAEM departments excluding Ayacucho,predeclared_exclusion,1,0,cd,treat_18,2018,score_as_recorded,full_score_support,p1_mserd,1811,1811,895,916,520,1291,77,443,818,473,66,896,162,241,2,1,1,1,0,-.1110813080329615,-.2046970209612841,.087055730687601,.0187062795671056,-.3753231177568003,-.0340709241657678,.0216013401180958,.0216013401180958,.0313184903199308,.0313184903199308,520,341
support_sensitivity,vraem4_no_ayacucho,VRAEM departments excluding Ayacucho,predeclared_exclusion,1,0,cd,treat_19,2019,score_as_recorded,full_score_support,p1_mserd,1811,1811,1061,750,520,1291,83,437,978,313,66,896,162,241,2,1,1,1,0,.2241283035361804,.0898857580608822,.093506084267251,.3364101681554595,-.0933827994382971,.2731543155600614,.0262935322350514,.0262935322350514,.0327373921715618,.0327373921715618,520,366
support_sensitivity,vraem4_no_ayacucho,VRAEM departments excluding Ayacucho,predeclared_exclusion,1,0,cd,treat_20,2020,score_as_recorded,full_score_support,p1_mserd,1811,1811,1140,671,520,1291,104,416,1036,255,66,896,162,241,2,1,1,1,0,.1983303229529451,.0740191203299003,.0875303554755762,.3977539194419379,-.0975372239562173,.245575464616018,.0243728587198764,.0243728587198764,.0339352735895779,.0339352735895779,520,356
support_sensitivity,vraem4_no_ayacucho,VRAEM departments excluding Ayacucho,predeclared_exclusion,1,0,cd,treat_21,2021,score_as_recorded,full_score_support,p1_mserd,1811,1811,1175,636,520,1291,115,405,1060,231,66,896,162,241,2,1,1,1,0,.2059669924761078,.0843786567827701,.0826636948108296,.3073746743206131,-.0776392078754665,.2463965214410067,.0247326625114101,.0247326625114101,.0335770694948311,.0335770694948311,520,356
support_sensitivity,vraem4_no_ayacucho,VRAEM departments excluding Ayacucho,predeclared_exclusion,1,0,cd,treat_22,2022,score_as_recorded,full_score_support,p1_mserd,1811,1811,1353,458,520,1291,233,287,1120,171,66,896,162,241,2,1,1,1,0,-.0216505165376703,.0119214123689642,.0765425459379566,.8762310019585096,-.1380992209544334,.1619420456923618,.0332063623675652,.0332063623675652,.0323187126387952,.0323187126387952,520,420
support_sensitivity,vraem4_no_ayacucho,VRAEM departments excluding Ayacucho,predeclared_exclusion,1,0,cd,treat_23,2023,score_as_recorded,full_score_support,p1_mserd,1811,1811,1407,404,520,1291,269,251,1138,153,66,896,162,241,2,1,1,1,0,-.0818756695770242,.0339944636090241,.0701873133965958,.6281451967035185,-.1035701428199292,.1715590700379775,.0288465978634659,.0288465978634659,.0315514493063101,.0315514493063101,520,390
support_sensitivity,vraem4_no_ayacucho,VRAEM departments excluding Ayacucho,predeclared_exclusion,1,0,de,treat_07,2007,score_as_recorded,full_score_support,p1_mserd,1811,1811,118,1693,201,1610,0,201,118,1492,12,950,95,265,20,20,0,0,,,,,,,,,,,,,
support_sensitivity,vraem4_no_ayacucho,VRAEM departments excluding Ayacucho,predeclared_exclusion,1,0,de,treat_08,2008,score_as_recorded,full_score_support,p1_mserd,1811,1811,272,1539,201,1610,0,201,272,1338,12,950,95,265,20,20,0,0,,,,,,,,,,,,,
support_sensitivity,vraem4_no_ayacucho,VRAEM departments excluding Ayacucho,predeclared_exclusion,1,0,de,treat_09,2009,score_as_recorded,full_score_support,p1_mserd,1811,1811,441,1370,201,1610,4,197,437,1173,12,950,95,265,20,20,1,1,0,-.0301757986780795,-.0875499261008683,.0493211010400174,.0758812443019431,-.1842175078171635,.0091176556154268,.019798231068473,.019798231068473,.0319490347788092,.0319490347788092,201,482
support_sensitivity,vraem4_no_ayacucho,VRAEM departments excluding Ayacucho,predeclared_exclusion,1,0,de,treat_10,2010,score_as_recorded,full_score_support,p1_mserd,1811,1811,541,1270,201,1610,7,194,534,1076,12,950,95,265,20,20,1,1,0,-.018509138995716,-.0866267425922154,.0517310823880005,.0940208158544384,-.1880178009539706,.0147643157695397,.0202893464438486,.0202893464438486,.0338696906812968,.0338696906812968,201,491
support_sensitivity,vraem4_no_ayacucho,VRAEM departments excluding Ayacucho,predeclared_exclusion,1,0,de,treat_11,2011,score_as_recorded,full_score_support,p1_mserd,1811,1811,594,1217,201,1610,10,191,584,1026,12,950,95,265,20,20,1,1,0,-.022295990391138,-.080899291128603,.0554004117365718,.144217213198501,-.1894821028609738,.0276835206037678,.0221499149313909,.0221499149313909,.0324444786698278,.0324444786698278,201,518
support_sensitivity,vraem4_no_ayacucho,VRAEM departments excluding Ayacucho,predeclared_exclusion,1,0,de,treat_12,2012,score_as_recorded,full_score_support,p1_mserd,1811,1811,635,1176,201,1610,11,190,624,986,12,950,95,265,20,20,1,1,0,-.0097017996310805,-.0589139247129835,.0571366679528581,.3024914134378226,-.1708997360972093,.0530718866712423,.0231187530483903,.0231187530483903,.032833247874837,.032833247874837,201,534
support_sensitivity,vraem4_no_ayacucho,VRAEM departments excluding Ayacucho,predeclared_exclusion,1,0,de,treat_13,2013,score_as_recorded,full_score_support,p1_mserd,1811,1811,686,1125,201,1610,11,190,675,935,12,950,95,265,20,20,1,1,0,-.0114857559905122,-.0608868506792699,.0571617256362506,.2867998348836674,-.172921774220481,.0511480728619412,.0230536786430033,.0230536786430033,.0328331595098563,.0328331595098563,201,527
support_sensitivity,vraem4_no_ayacucho,VRAEM departments excluding Ayacucho,predeclared_exclusion,1,0,de,treat_14,2014,score_as_recorded,full_score_support,p1_mserd,1811,1811,715,1096,201,1610,11,190,704,906,12,950,95,265,20,20,1,1,0,-.0099281834934026,-.0602718832696331,.0573209255877303,.2930375781961981,-.1726188329820849,.0520750664428186,.0227420695499487,.0227420695499487,.0328338411342436,.0328338411342436,201,525
support_sensitivity,vraem4_no_ayacucho,VRAEM departments excluding Ayacucho,predeclared_exclusion,1,0,de,treat_15,2015,score_as_recorded,full_score_support,p1_mserd,1811,1811,732,1079,201,1610,11,190,721,889,12,950,95,265,20,20,1,1,0,-.0099281834933556,-.0602718832695882,.0573209255877247,.2930375781965114,-.172618832982029,.0520750664428527,.0227420695499603,.0227420695499603,.0328338411342868,.0328338411342868,201,525
support_sensitivity,vraem4_no_ayacucho,VRAEM departments excluding Ayacucho,predeclared_exclusion,1,0,de,treat_16,2016,score_as_recorded,full_score_support,p1_mserd,1811,1811,782,1029,201,1610,11,190,771,839,12,950,95,265,20,20,1,1,0,-.0096476570994255,-.0605797589653956,.0573150010028336,.2905290827481637,-.1729150967048265,.0517555787740353,.0224885666231919,.0224885666231919,.032834468017003,.032834468017003,201,522
support_sensitivity,vraem4_no_ayacucho,VRAEM departments excluding Ayacucho,predeclared_exclusion,1,0,de,treat_17,2017,score_as_recorded,full_score_support,p1_mserd,1811,1811,871,940,201,1610,11,190,860,750,12,950,95,265,20,20,1,1,0,-.0097979749582465,-.0606412243378159,.0573140482976595,.2900318879110342,-.1729746948094178,.0516922461337859,.022459261252921,.022459261252921,.0328349137552919,.0328349137552919,201,521
support_sensitivity,vraem4_no_ayacucho,VRAEM departments excluding Ayacucho,predeclared_exclusion,1,0,de,treat_18,2018,score_as_recorded,full_score_support,p1_mserd,1811,1811,895,916,201,1610,11,190,884,726,12,950,95,265,20,20,1,1,0,-.0109585815755771,-.0615449376897266,.0573253818431999,.2829988083533341,-.1739006215024048,.0508107461229516,.0224257726089158,.0224257726089158,.032836802144448,.032836802144448,201,521
support_sensitivity,vraem4_no_ayacucho,VRAEM departments excluding Ayacucho,predeclared_exclusion,1,0,de,treat_19,2019,score_as_recorded,full_score_support,p1_mserd,1811,1811,1061,750,201,1610,11,190,1050,560,12,950,95,265,20,20,1,1,0,-.1067886284283661,-.1677429595506965,.0583020461142715,.0040130164295703,-.2820128701596619,-.0534730489417311,.019347519807455,.019347519807455,.0328325194134492,.0328325194134492,201,471
support_sensitivity,vraem4_no_ayacucho,VRAEM departments excluding Ayacucho,predeclared_exclusion,1,0,de,treat_20,2020,score_as_recorded,full_score_support,p1_mserd,1811,1811,1140,671,201,1610,11,190,1129,481,12,950,95,265,20,20,1,1,0,-.0584588064427447,-.1216969103269147,.0625686381353564,.0517732295059402,-.2443291876339327,.0009353669801033,.0194660179234706,.0194660179234706,.0328303774643133,.0328303774643133,201,472
support_sensitivity,vraem4_no_ayacucho,VRAEM departments excluding Ayacucho,predeclared_exclusion,1,0,de,treat_21,2021,score_as_recorded,full_score_support,p1_mserd,1811,1811,1175,636,201,1610,12,189,1163,447,12,950,95,265,20,20,1,1,0,-.0428005396929254,-.1128933480374137,.0671568398574963,.0927551049276455,-.2445183354736305,.0187316393988031,.0198775023480256,.0198775023480256,.0327697434298362,.0327697434298362,201,482
support_sensitivity,vraem4_no_ayacucho,VRAEM departments excluding Ayacucho,predeclared_exclusion,1,0,de,treat_22,2022,score_as_recorded,full_score_support,p1_mserd,1811,1811,1353,458,201,1610,37,164,1316,294,12,950,95,265,20,20,1,1,0,.0237345834590143,-.092810306046092,.1105084652849907,.4009936545710702,-.3094029179914686,.1237823058992847,.0227059596424602,.0227059596424602,.031109639615339,.031109639615339,201,525
support_sensitivity,vraem4_no_ayacucho,VRAEM departments excluding Ayacucho,predeclared_exclusion,1,0,de,treat_23,2023,score_as_recorded,full_score_support,p1_mserd,1811,1811,1407,404,201,1610,45,156,1362,248,12,950,95,265,20,20,1,1,0,.075735436006349,-.0297799802243344,.1105411629411038,.7876205571585023,-.2464366783980714,.1868767179494027,.0236305894038467,.0236305894038467,.0309665009725211,.0309665009725211,201,544
support_sensitivity,vraem5_departments,VRAEM five-department envelope,official_department_envelope,1,0,ab,treat_07,2007,score_as_recorded,full_score_support,p1_mserd,3199,3199,213,2986,2266,933,76,2190,137,796,853,776,352,219,0,10,1,1,0,-.0279976489527014,-.0343071296415491,.0803831763004465,.6695287219136686,-.1918552601533578,.1232410008702595,.0452509532241874,.0452509532241874,.0671413259214152,.0671413259214152,366,187
support_sensitivity,vraem5_departments,VRAEM five-department envelope,official_department_envelope,1,0,ab,treat_08,2008,score_as_recorded,full_score_support,p1_mserd,3199,3199,473,2726,2266,933,199,2067,274,659,853,776,352,219,0,10,1,1,0,.0782194391642234,.0862166420074637,.104698830637244,.4102391636725566,-.1189892952649932,.2914225792799206,.0532361462028347,.0532361462028347,.0752684781824269,.0752684781824269,449,215
support_sensitivity,vraem5_departments,VRAEM five-department envelope,official_department_envelope,1,0,ab,treat_09,2009,score_as_recorded,full_score_support,p1_mserd,3199,3199,819,2380,2266,933,397,1869,422,511,853,776,352,219,0,10,1,1,0,.0861276963966741,.0711842136951552,.1130980571572337,.5290855019825869,-.1504839050544754,.2928523324447858,.058398690038423,.058398690038423,.0847532806490912,.0847532806490912,499,234
support_sensitivity,vraem5_departments,VRAEM five-department envelope,official_department_envelope,1,0,ab,treat_10,2010,score_as_recorded,full_score_support,p1_mserd,3199,3199,1002,2197,2266,933,521,1745,481,452,853,776,352,219,0,10,1,1,0,.0382804926329668,.011689441787974,.1113047384405906,.9163583835199655,-.2064638368642344,.2298427204401825,.0562839352344087,.0562839352344087,.0869496019195886,.0869496019195886,479,229
support_sensitivity,vraem5_departments,VRAEM five-department envelope,official_department_envelope,1,0,ab,treat_11,2011,score_as_recorded,full_score_support,p1_mserd,3199,3199,1134,2065,2266,933,618,1648,516,417,853,776,352,219,0,10,1,1,0,-.0256887963887639,-.0592516833847601,.1158012394316531,.6088840213916225,-.2862179420358997,.1677145752663796,.049680917105242,.049680917105242,.0790379689266355,.0790379689266355,414,206
support_sensitivity,vraem5_departments,VRAEM five-department envelope,official_department_envelope,1,0,ab,treat_12,2012,score_as_recorded,full_score_support,p1_mserd,3199,3199,1246,1953,2266,933,679,1587,567,366,853,776,352,219,0,10,1,1,0,.0156356696307947,-.015998648053781,.1059612630217845,.8799869026415282,-.2236789073328545,.1916816112252924,.051797801439783,.051797801439783,.0832846924130922,.0832846924130922,433,210
support_sensitivity,vraem5_departments,VRAEM five-department envelope,official_department_envelope,1,0,ab,treat_13,2013,score_as_recorded,full_score_support,p1_mserd,3199,3199,1333,1866,2266,933,714,1552,619,314,853,776,352,219,0,10,1,1,0,-.0529437961888293,-.0848871753601415,.1096975340892892,.4390316927947495,-.2998903913680032,.1301160406477203,.046354641009534,.046354641009534,.0746974135126455,.0746974135126455,381,192
support_sensitivity,vraem5_departments,VRAEM five-department envelope,official_department_envelope,1,0,ab,treat_14,2014,score_as_recorded,full_score_support,p1_mserd,3199,3199,1406,1793,2266,933,739,1527,667,266,853,776,352,219,0,10,1,1,0,-.1516273052055468,-.1867749903275933,.1141748517663848,.1018672093392975,-.4105535877299068,.0370036070747203,.0356010491293416,.0356010491293416,.0581568244020936,.0581568244020936,283,147
support_sensitivity,vraem5_departments,VRAEM five-department envelope,official_department_envelope,1,0,ab,treat_15,2015,score_as_recorded,full_score_support,p1_mserd,3199,3199,1459,1740,2266,933,757,1509,702,231,853,776,352,219,0,10,1,1,0,-.103259526909111,-.1302633292974208,.1073988141466274,.225170520763237,-.3407611370071213,.0802344784122797,.0411733613369655,.0411733613369655,.0627313787091066,.0627313787091066,326,175
support_sensitivity,vraem5_departments,VRAEM five-department envelope,official_department_envelope,1,0,ab,treat_16,2016,score_as_recorded,full_score_support,p1_mserd,3199,3199,1542,1657,2266,933,779,1487,763,170,853,776,352,219,0,10,1,1,0,-.0225163949904879,-.0394334883209237,.09548481707242,.6796199735384374,-.2265802908532623,.1477133142114148,.0439669653024437,.0439669653024437,.0653602386401168,.0653602386401168,352,184
support_sensitivity,vraem5_departments,VRAEM five-department envelope,official_department_envelope,1,0,ab,treat_17,2017,score_as_recorded,full_score_support,p1_mserd,3199,3199,1705,1494,2266,933,892,1374,813,120,853,776,352,219,0,10,1,1,0,-.0082900948358562,-.0086295964029475,.0916287050077031,.9249661287913153,-.1882185581680905,.1709593653621955,.0419893103675226,.0419893103675226,.0625334585959676,.0625334585959676,336,181
support_sensitivity,vraem5_departments,VRAEM five-department envelope,official_department_envelope,1,0,ab,treat_18,2018,score_as_recorded,full_score_support,p1_mserd,3199,3199,1801,1398,2266,933,974,1292,827,106,853,776,352,219,0,10,1,1,0,.0041522861769863,.0130113129128644,.0883152495795013,.8828730986493913,-.1600833955486242,.1861060213743529,.0412020821303947,.0412020821303947,.0605497595195851,.0605497595195851,326,175
support_sensitivity,vraem5_departments,VRAEM five-department envelope,official_department_envelope,1,0,ab,treat_19,2019,score_as_recorded,full_score_support,p1_mserd,3199,3199,2075,1124,2266,933,1239,1027,836,97,853,776,352,219,0,10,1,1,0,.0254758836964029,.0443000006723417,.0859927996620696,.6064416243686183,-.1242427895950828,.2128427909397663,.0369847362385977,.0369847362385977,.057051989361986,.057051989361986,292,155
support_sensitivity,vraem5_departments,VRAEM five-department envelope,official_department_envelope,1,0,ab,treat_20,2020,score_as_recorded,full_score_support,p1_mserd,3199,3199,2220,979,2266,933,1376,890,844,89,853,776,352,219,0,10,1,1,0,.072542237328618,.0795752838036508,.0815715109567972,.32929847513678,-.0803019398361862,.2394525074434877,.034247229712961,.034247229712961,.0490603866901894,.0490603866901894,267,143
support_sensitivity,vraem5_departments,VRAEM five-department envelope,official_department_envelope,1,0,ab,treat_21,2021,score_as_recorded,full_score_support,p1_mserd,3199,3199,2269,930,2266,933,1420,846,849,84,853,776,352,219,0,10,1,1,0,.0513632478323656,.0575996603363873,.0803726279017864,.4735853501261903,-.0999277956939531,.2151271163667277,.0350543532807313,.0350543532807313,.04973742391898,.04973742391898,277,147
support_sensitivity,vraem5_departments,VRAEM five-department envelope,official_department_envelope,1,0,ab,treat_22,2022,score_as_recorded,full_score_support,p1_mserd,3199,3199,2537,662,2266,933,1676,590,861,72,853,776,352,219,0,10,1,1,0,.0772595625648462,.1000648165308018,.072924699527442,.1700116677782655,-.0428649681263895,.2429946011879931,.0332931212292289,.0332931212292289,.0495045162423916,.0495045162423916,255,141
support_sensitivity,vraem5_departments,VRAEM five-department envelope,official_department_envelope,1,0,ab,treat_23,2023,score_as_recorded,full_score_support,p1_mserd,3199,3199,2610,589,2266,933,1745,521,865,68,853,776,352,219,0,10,1,1,0,.0663935038660739,.0920725312944548,.0723637208618158,.2032460863297895,-.0497577553820139,.2339028179709235,.0322954904795627,.0322954904795627,.0492250344853021,.0492250344853021,251,136
support_sensitivity,vraem5_departments,VRAEM five-department envelope,official_department_envelope,1,0,bc,treat_07,2007,score_as_recorded,full_score_support,p1_mserd,3199,3199,213,2986,1395,1804,24,1371,189,1615,320,1309,309,291,0,3,1,1,0,.0175864119960705,.0070400878388704,.0504958706540749,.8891189958091742,-.0919300000111094,.1060101756888502,.0186455766752697,.0186455766752697,.0292939354336962,.0292939354336962,292,217
support_sensitivity,vraem5_departments,VRAEM five-department envelope,official_department_envelope,1,0,bc,treat_08,2008,score_as_recorded,full_score_support,p1_mserd,3199,3199,473,2726,1395,1804,76,1319,397,1407,320,1309,309,291,0,3,1,1,0,.021363626478375,.0188656850939063,.0849363896932799,.8242240046944747,-.1476065796817812,.1853379498695938,.0183178359228876,.0183178359228876,.0287156918191303,.0287156918191303,289,213
support_sensitivity,vraem5_departments,VRAEM five-department envelope,official_department_envelope,1,0,bc,treat_09,2009,score_as_recorded,full_score_support,p1_mserd,3199,3199,819,2380,1395,1804,165,1230,654,1150,320,1309,309,291,0,3,1,1,0,.0236727442519766,.0119137402586784,.0961749058155648,.9014136399881725,-.1765856113563603,.2004130918737171,.0179793635954357,.0179793635954357,.0284574318974653,.0284574318974653,273,207
support_sensitivity,vraem5_departments,VRAEM five-department envelope,official_department_envelope,1,0,bc,treat_10,2010,score_as_recorded,full_score_support,p1_mserd,3199,3199,1002,2197,1395,1804,232,1163,770,1034,320,1309,309,291,0,3,1,1,0,.003178657351876,-.0212802147996903,.0900386968457605,.8131648071967538,-.1977528178323011,.1551923882329205,.0209785954255255,.0209785954255255,.0322525457586107,.0322525457586107,331,245
support_sensitivity,vraem5_departments,VRAEM five-department envelope,official_department_envelope,1,0,bc,treat_11,2011,score_as_recorded,full_score_support,p1_mserd,3199,3199,1134,2065,1395,1804,282,1113,852,952,320,1309,309,291,0,3,1,1,0,.0186589761023704,-.0065312664572199,.095029112316355,.9452052453521924,-.1927849040800874,.1797223711656477,.0199985231289556,.0199985231289556,.0301872231260115,.0301872231260115,314,240
support_sensitivity,vraem5_departments,VRAEM five-department envelope,official_department_envelope,1,0,bc,treat_12,2012,score_as_recorded,full_score_support,p1_mserd,3199,3199,1246,1953,1395,1804,302,1093,944,860,320,1309,309,291,0,3,1,1,0,.0545050155242794,.0291596639017249,.1096399123554568,.7902711896099466,-.1857306155830986,.2440499433865483,.0188027263317223,.0188027263317223,.029049837643472,.029049837643472,297,220
support_sensitivity,vraem5_departments,VRAEM five-department envelope,official_department_envelope,1,0,bc,treat_13,2013,score_as_recorded,full_score_support,p1_mserd,3199,3199,1333,1866,1395,1804,308,1087,1025,779,320,1309,309,291,0,3,1,1,0,.0727614843492354,.0516490631477639,.108269701397759,.633333080778961,-.1605556522087498,.2638537785042775,.0196573837137551,.0196573837137551,.0296234460074952,.0296234460074952,307,237
support_sensitivity,vraem5_departments,VRAEM five-department envelope,official_department_envelope,1,0,bc,treat_14,2014,score_as_recorded,full_score_support,p1_mserd,3199,3199,1406,1793,1395,1804,311,1084,1095,709,320,1309,309,291,0,3,1,1,0,.0670763178098029,.0425060611160993,.109298971360345,.697352212542822,-.1717159862974518,.2567281085296503,.0191823425945479,.0191823425945479,.0292914596040769,.0292914596040769,300,229
support_sensitivity,vraem5_departments,VRAEM five-department envelope,official_department_envelope,1,0,bc,treat_15,2015,score_as_recorded,full_score_support,p1_mserd,3199,3199,1459,1740,1395,1804,311,1084,1148,656,320,1309,309,291,0,3,1,1,0,.1200287520229004,.0983821200477171,.1092600794460955,.3678862680834178,-.115763700614615,.3125279407100493,.0202376624879394,.0202376624879394,.0300995099364027,.0300995099364027,316,240
support_sensitivity,vraem5_departments,VRAEM five-department envelope,official_department_envelope,1,0,bc,treat_16,2016,score_as_recorded,full_score_support,p1_mserd,3199,3199,1542,1657,1395,1804,312,1083,1230,574,320,1309,309,291,0,3,1,1,0,.1524944293155269,.1336676883185288,.1084321504601929,.2176760902017079,-.0788554213496776,.3461907979867351,.0208170181545113,.0208170181545113,.0306208169453921,.0306208169453921,330,244
support_sensitivity,vraem5_departments,VRAEM five-department envelope,official_department_envelope,1,0,bc,treat_17,2017,score_as_recorded,full_score_support,p1_mserd,3199,3199,1705,1494,1395,1804,313,1082,1392,412,320,1309,309,291,0,3,1,1,0,.3575232858101213,.3592454553727578,.1109967749323238,.0012098844649204,.1416957741053049,.5767951366402108,.0210457631678428,.0210457631678428,.0296305513725845,.0296305513725845,340,246
support_sensitivity,vraem5_departments,VRAEM five-department envelope,official_department_envelope,1,0,bc,treat_18,2018,score_as_recorded,full_score_support,p1_mserd,3199,3199,1801,1398,1395,1804,338,1057,1463,341,320,1309,309,291,0,3,1,1,0,.2498907890459016,.2242432361652602,.1053863842050346,.0333520261225154,.0176897186624916,.4307967536680288,.0260528041442888,.0260528041442888,.0381151358270787,.0381151358270787,440,302
support_sensitivity,vraem5_departments,VRAEM five-department envelope,official_department_envelope,1,0,bc,treat_19,2019,score_as_recorded,full_score_support,p1_mserd,3199,3199,2075,1124,1395,1804,532,863,1543,261,320,1309,309,291,0,3,1,1,0,.2317419513789944,.2685996171490563,.1095560603906643,.0142179455155062,.0538736844952592,.4833255498028535,.0177138952223594,.0177138952223594,.0253057121981114,.0253057121981114,269,203
support_sensitivity,vraem5_departments,VRAEM five-department envelope,official_department_envelope,1,0,bc,treat_20,2020,score_as_recorded,full_score_support,p1_mserd,3199,3199,2220,979,1395,1804,650,745,1570,234,320,1309,309,291,0,3,1,1,0,.1312479242429432,.1580443802521507,.1052157598354442,.1330718066491847,-.0481747196313358,.3642634801356373,.0171498564627626,.0171498564627626,.0240075126749586,.0240075126749586,261,197
support_sensitivity,vraem5_departments,VRAEM five-department envelope,official_department_envelope,1,0,bc,treat_21,2021,score_as_recorded,full_score_support,p1_mserd,3199,3199,2269,930,1395,1804,688,707,1581,223,320,1309,309,291,0,3,1,1,0,.1339394101302611,.1611992749182463,.1055857845365312,.126832192963173,-.0457450600527611,.3681436098892536,.0169962667187065,.0169962667187065,.0239153472602845,.0239153472602845,259,194
support_sensitivity,vraem5_departments,VRAEM five-department envelope,official_department_envelope,1,0,bc,treat_22,2022,score_as_recorded,full_score_support,p1_mserd,3199,3199,2537,662,1395,1804,916,479,1621,183,320,1309,309,291,0,3,1,1,0,-.0020330607359329,.0017738442852275,.0855624210341403,.9834597762201766,-.1659254193717398,.1694731079421948,.0209787015943842,.0209787015943842,.0298716836085111,.0298716836085111,331,245
support_sensitivity,vraem5_departments,VRAEM five-department envelope,official_department_envelope,1,0,bc,treat_23,2023,score_as_recorded,full_score_support,p1_mserd,3199,3199,2610,589,1395,1804,977,418,1633,171,320,1309,309,291,0,3,1,1,0,.0370863686169376,.0641328520250195,.0959316162105838,.5037974097159119,-.1238896607264436,.2521553647764826,.015645556991982,.015645556991982,.0244167038683586,.0244167038683586,229,178
support_sensitivity,vraem5_departments,VRAEM five-department envelope,official_department_envelope,1,0,cd,treat_07,2007,score_as_recorded,full_score_support,p1_mserd,3199,3199,213,2986,705,2494,4,701,209,2285,69,1560,223,340,4,3,1,1,0,-.0027876646741388,-.0166501244192059,.0234032290233105,.4768081473110685,-.062519610426837,.0292193615884253,.0242224142904202,.0242224142904202,.0363262317474703,.0363262317474703,705,536
support_sensitivity,vraem5_departments,VRAEM five-department envelope,official_department_envelope,1,0,cd,treat_08,2008,score_as_recorded,full_score_support,p1_mserd,3199,3199,473,2726,705,2494,20,685,453,2041,69,1560,223,340,4,3,1,1,0,-.0024569242113272,-.0487415951739049,.0461686932888276,.2910923728412766,-.1392305712332831,.0417473808854733,.0248625772634298,.0248625772634298,.0329003234852781,.0329003234852781,705,537
support_sensitivity,vraem5_departments,VRAEM five-department envelope,official_department_envelope,1,0,cd,treat_09,2009,score_as_recorded,full_score_support,p1_mserd,3199,3199,819,2380,705,2494,55,650,764,1730,69,1560,223,340,4,3,1,1,0,-.0510844289485726,-.1385787914409218,.0604729825279267,.0219297816393424,-.2571036592333781,-.0200539236484656,.025003868784845,.025003868784845,.0338993967210764,.0338993967210764,705,538
support_sensitivity,vraem5_departments,VRAEM five-department envelope,official_department_envelope,1,0,cd,treat_10,2010,score_as_recorded,full_score_support,p1_mserd,3199,3199,1002,2197,705,2494,73,632,929,1565,69,1560,223,340,4,3,1,1,0,-.0336654244249117,-.1303353282522636,.0671700858988112,.0523338201134927,-.2619862774523953,.0013156209478682,.0267996329982143,.0267996329982143,.0387668238613307,.0387668238613307,705,562
support_sensitivity,vraem5_departments,VRAEM five-department envelope,official_department_envelope,1,0,cd,treat_11,2011,score_as_recorded,full_score_support,p1_mserd,3199,3199,1134,2065,705,2494,88,617,1046,1448,69,1560,223,340,4,3,1,1,0,-.016403815287634,-.0995765144344612,.0686448590257011,.1468901309983477,-.2341179658486646,.0349649369797422,.0260773302727236,.0260773302727236,.0381617045018889,.0381617045018889,705,556
support_sensitivity,vraem5_departments,VRAEM five-department envelope,official_department_envelope,1,0,cd,treat_12,2012,score_as_recorded,full_score_support,p1_mserd,3199,3199,1246,1953,705,2494,92,613,1154,1340,69,1560,223,340,4,3,1,1,0,-.0116687824901901,-.0971713164452067,.0693676440722349,.1612690564543749,-.2331294005191804,.0387867676287671,.025674654263791,.025674654263791,.0378523329688659,.0378523329688659,705,549
support_sensitivity,vraem5_departments,VRAEM five-department envelope,official_department_envelope,1,0,cd,treat_13,2013,score_as_recorded,full_score_support,p1_mserd,3199,3199,1333,1866,705,2494,94,611,1239,1255,69,1560,223,340,4,3,1,1,0,-.0082438807869267,-.0942769453875905,.0693870927751159,.1742384629181904,-.2302731482187571,.041719257443576,.026016653635672,.026016653635672,.0373807358672046,.0373807358672046,705,555
support_sensitivity,vraem5_departments,VRAEM five-department envelope,official_department_envelope,1,0,cd,treat_14,2014,score_as_recorded,full_score_support,p1_mserd,3199,3199,1406,1793,705,2494,96,609,1310,1184,69,1560,223,340,4,3,1,1,0,-.0198163977750895,-.1087820989687058,.0698411616574852,.1193365707219392,-.2456682604558166,.028104062518405,.0254304218895626,.0254304218895626,.0369989690243447,.0369989690243447,705,545
support_sensitivity,vraem5_departments,VRAEM five-department envelope,official_department_envelope,1,0,cd,treat_15,2015,score_as_recorded,full_score_support,p1_mserd,3199,3199,1459,1740,705,2494,96,609,1363,1131,69,1560,223,340,4,3,1,1,0,-.0198768984176823,-.1088539898864188,.0698576599945221,.1191797929564904,-.2457724875199267,.0280645077470891,.0254166573719777,.0254166573719777,.0369630378911235,.0369630378911235,705,545
support_sensitivity,vraem5_departments,VRAEM five-department envelope,official_department_envelope,1,0,cd,treat_16,2016,score_as_recorded,full_score_support,p1_mserd,3199,3199,1542,1657,705,2494,97,608,1445,1049,69,1560,223,340,4,3,1,1,0,-.0254729958030509,-.1148816391232805,.0696337854541254,.0989843780120137,-.2513613507205554,.0215980724739944,.0251429969607368,.0251429969607368,.0366581231442812,.0366581231442812,705,539
support_sensitivity,vraem5_departments,VRAEM five-department envelope,official_department_envelope,1,0,cd,treat_17,2017,score_as_recorded,full_score_support,p1_mserd,3199,3199,1705,1494,705,2494,97,608,1608,886,69,1560,223,340,4,3,1,1,0,-.0246848894114473,-.1141476452194677,.0696981777200495,.1014754885533355,-.2507535633388368,.0224582728999013,.0253362773965537,.0253362773965537,.0363953244614453,.0363953244614453,705,545
support_sensitivity,vraem5_departments,VRAEM five-department envelope,official_department_envelope,1,0,cd,treat_18,2018,score_as_recorded,full_score_support,p1_mserd,3199,3199,1801,1398,705,2494,97,608,1704,790,69,1560,223,340,4,3,1,1,0,-.0242892702721577,-.1076965870986167,.0696072353143317,.1218140818636078,-.2441242613781115,.028731087180878,.0274889669066527,.0274889669066527,.036622804787901,.036622804787901,705,571
support_sensitivity,vraem5_departments,VRAEM five-department envelope,official_department_envelope,1,0,cd,treat_19,2019,score_as_recorded,full_score_support,p1_mserd,3199,3199,2075,1124,705,2494,106,599,1969,525,69,1560,223,340,4,3,1,1,0,.2387553076154963,.1009082462806595,.0775518699581746,.1931999201031935,-.0510906257710964,.2529071183324154,.0275025815402702,.0275025815402702,.0357102923753799,.0357102923753799,705,571
support_sensitivity,vraem5_departments,VRAEM five-department envelope,official_department_envelope,1,0,cd,treat_20,2020,score_as_recorded,full_score_support,p1_mserd,3199,3199,2220,979,705,2494,143,562,2077,417,69,1560,223,340,4,3,1,1,0,.2238285397153776,.1006153334797956,.0713098636641343,.1582565401007349,-.039149431044369,.2403800980039602,.0274375714036271,.0274375714036271,.0369597107371722,.0369597107371722,705,571
support_sensitivity,vraem5_departments,VRAEM five-department envelope,official_department_envelope,1,0,cd,treat_21,2021,score_as_recorded,full_score_support,p1_mserd,3199,3199,2269,930,705,2494,160,545,2109,385,69,1560,223,340,4,3,1,1,0,.2228793376787532,.1060103200221627,.068171904479786,.1199355591414562,-.0276041575157226,.239624797560048,.02778854590663,.02778854590663,.0358170053752276,.0358170053752276,705,580
support_sensitivity,vraem5_departments,VRAEM five-department envelope,official_department_envelope,1,0,cd,treat_22,2022,score_as_recorded,full_score_support,p1_mserd,3199,3199,2537,662,705,2494,337,368,2200,294,69,1560,223,340,4,3,1,1,0,-.025378564716337,.0373701267609312,.062708969511648,.5512223045043685,-.0855371949895192,.1602774485113816,.0378261377925037,.0378261377925037,.0387865863512046,.0387865863512046,705,711
support_sensitivity,vraem5_departments,VRAEM five-department envelope,official_department_envelope,1,0,cd,treat_23,2023,score_as_recorded,full_score_support,p1_mserd,3199,3199,2610,589,705,2494,381,324,2229,265,69,1560,223,340,4,3,1,1,0,-.0722506128628331,.0514941468081622,.0577198054423814,.3723179011404137,-.0616345930535644,.1646228866698888,.0304145731144152,.0304145731144152,.0385790998725261,.0385790998725261,705,613
support_sensitivity,vraem5_departments,VRAEM five-department envelope,official_department_envelope,1,0,de,treat_07,2007,score_as_recorded,full_score_support,p1_mserd,3199,3199,213,2986,268,2931,0,268,213,2718,13,1616,129,370,24,24,0,0,,,,,,,,,,,,,
support_sensitivity,vraem5_departments,VRAEM five-department envelope,official_department_envelope,1,0,de,treat_08,2008,score_as_recorded,full_score_support,p1_mserd,3199,3199,473,2726,268,2931,1,267,472,2459,13,1616,129,370,24,24,1,1,0,-.0028132668528947,-.0076528402816296,.0145656654638025,.5993032617217329,-.0362010200015415,.0208953394382822,.0193142086855049,.0193142086855049,.0339133659456262,.0339133659456262,268,638
support_sensitivity,vraem5_departments,VRAEM five-department envelope,official_department_envelope,1,0,de,treat_09,2009,score_as_recorded,full_score_support,p1_mserd,3199,3199,819,2380,268,2931,5,263,814,2117,13,1616,129,370,24,24,1,1,0,-.0346282123255419,-.075870897539791,.0389550426456799,.0514565224459821,-.1522213781415454,.0004795830619634,.0192799574184051,.0192799574184051,.0337021294228781,.0337021294228781,268,636
support_sensitivity,vraem5_departments,VRAEM five-department envelope,official_department_envelope,1,0,de,treat_10,2010,score_as_recorded,full_score_support,p1_mserd,3199,3199,1002,2197,268,2931,8,260,994,1937,13,1616,129,370,24,24,1,1,0,-.0328955335097189,-.084907377606544,.0406639854776983,.0367956698171668,-.1646073246106924,-.0052074306023957,.0189900048085725,.0189900048085725,.0358621156018274,.0358621156018274,268,630
support_sensitivity,vraem5_departments,VRAEM five-department envelope,official_department_envelope,1,0,de,treat_11,2011,score_as_recorded,full_score_support,p1_mserd,3199,3199,1134,2065,268,2931,11,257,1123,1808,13,1616,129,370,24,24,1,1,0,-.0127186898704928,-.0600343273170372,.0442022981095918,.1744090865871542,-.1466692396457399,.0266005850116656,.0207143898516256,.0207143898516256,.0363764002402624,.0363764002402624,268,677
support_sensitivity,vraem5_departments,VRAEM five-department envelope,official_department_envelope,1,0,de,treat_12,2012,score_as_recorded,full_score_support,p1_mserd,3199,3199,1246,1953,268,2931,12,256,1234,1697,13,1616,129,370,24,24,1,1,0,-.008325569025387,-.0499410141978539,.0453068661480093,.2703384096205812,-.1387408401003289,.0388588117046212,.0210722190711755,.0210722190711755,.0360069988311769,.0360069988311769,268,687
support_sensitivity,vraem5_departments,VRAEM five-department envelope,official_department_envelope,1,0,de,treat_13,2013,score_as_recorded,full_score_support,p1_mserd,3199,3199,1333,1866,268,2931,12,256,1321,1610,13,1616,129,370,24,24,1,1,0,-.0098402823886373,-.052391892336394,.0452413123345342,.2468419135826775,-.1410632351254086,.0362794504526207,.0207472990491743,.0207472990491743,.0360025380086966,.0360025380086966,268,677
support_sensitivity,vraem5_departments,VRAEM five-department envelope,official_department_envelope,1,0,de,treat_14,2014,score_as_recorded,full_score_support,p1_mserd,3199,3199,1406,1793,268,2931,12,256,1394,1537,13,1616,129,370,24,24,1,1,0,-.0094168473967921,-.0523330677527589,.0452628960850531,.2475983904167415,-.1410467139154419,.0363805784099242,.0205652164783856,.0205652164783856,.0359975594654212,.0359975594654212,268,676
support_sensitivity,vraem5_departments,VRAEM five-department envelope,official_department_envelope,1,0,de,treat_15,2015,score_as_recorded,full_score_support,p1_mserd,3199,3199,1459,1740,268,2931,12,256,1447,1484,13,1616,129,370,24,24,1,1,0,-.0094587814717177,-.0523414701311265,.0452624204902385,.2475175176802393,-.1410541841451017,.0363712438828487,.0205560277578438,.0205560277578438,.035998018562474,.035998018562474,268,676
support_sensitivity,vraem5_departments,VRAEM five-department envelope,official_department_envelope,1,0,de,treat_16,2016,score_as_recorded,full_score_support,p1_mserd,3199,3199,1542,1657,268,2931,12,256,1530,1401,13,1616,129,370,24,24,1,1,0,-.0095274025203517,-.052374071614457,.0452571031329526,.2471676267346521,-.1410763637996589,.0363282205707449,.020396859709346,.020396859709346,.0359958729948163,.0359958729948163,268,675
support_sensitivity,vraem5_departments,VRAEM five-department envelope,official_department_envelope,1,0,de,treat_17,2017,score_as_recorded,full_score_support,p1_mserd,3199,3199,1705,1494,268,2931,12,256,1693,1238,13,1616,129,370,24,24,1,1,0,-.0096128906913907,-.0524035721937715,.0452574115837516,.2469047093743907,-.1411064689314304,.0362993245438874,.0203792049769752,.0203792049769752,.0359851679721445,.0359851679721445,268,668
support_sensitivity,vraem5_departments,VRAEM five-department envelope,official_department_envelope,1,0,de,treat_18,2018,score_as_recorded,full_score_support,p1_mserd,3199,3199,1801,1398,268,2931,12,256,1789,1142,13,1616,129,370,24,24,1,1,0,-.0076064268438581,-.0491277226890049,.0453317224951585,.2784808604420206,-.1379762661366798,.0397208207586699,.0208610200348601,.0208610200348601,.0360035803878776,.0360035803878776,268,677
support_sensitivity,vraem5_departments,VRAEM five-department envelope,official_department_envelope,1,0,de,treat_19,2019,score_as_recorded,full_score_support,p1_mserd,3199,3199,2075,1124,268,2931,12,256,2063,868,13,1616,129,370,24,24,1,1,0,-.096326768117945,-.1458344195912407,.0461580514762853,.0015806294428407,-.2363025380813058,-.0553663011011755,.0175187280758778,.0175187280758778,.0359599833546009,.0359599833546009,268,594
support_sensitivity,vraem5_departments,VRAEM five-department envelope,official_department_envelope,1,0,de,treat_20,2020,score_as_recorded,full_score_support,p1_mserd,3199,3199,2220,979,268,2931,12,256,2208,723,13,1616,129,370,24,24,1,1,0,-.0283003365056204,-.0818345857663985,.0510778354233904,.1091214405622469,-.1819453036045079,.0182761320717109,.018191791610048,.018191791610048,.0359609816018439,.0359609816018439,268,610
support_sensitivity,vraem5_departments,VRAEM five-department envelope,official_department_envelope,1,0,de,treat_21,2021,score_as_recorded,full_score_support,p1_mserd,3199,3199,2269,930,268,2931,14,254,2255,676,13,1616,129,370,24,24,1,1,0,-.014042736119398,-.0842781251866419,.0584830459343137,.1495650905676509,-.1989027889240984,.0303465385508145,.0187731744954165,.0187731744954165,.0357595552314302,.0357595552314302,268,623
support_sensitivity,vraem5_departments,VRAEM five-department envelope,official_department_envelope,1,0,de,treat_22,2022,score_as_recorded,full_score_support,p1_mserd,3199,3199,2537,662,268,2931,62,206,2475,456,13,1616,129,370,24,24,1,1,0,.0203403672287883,-.0575488431496152,.097818178176735,.5563144188578658,-.2492689494093376,.1341712631101073,.0248385830940688,.0248385830940688,.033213403880267,.033213403880267,268,757
support_sensitivity,vraem5_departments,VRAEM five-department envelope,official_department_envelope,1,0,de,treat_23,2023,score_as_recorded,full_score_support,p1_mserd,3199,3199,2610,589,268,2931,72,196,2538,393,13,1616,129,370,24,24,1,1,0,.0585117137675768,-.0163426542153653,.0970319334172494,.8662485297911413,-.2065217490634626,.173836440632732,.0260270381192123,.0260270381192123,.0326088978309553,.0326088978309553,268,787
support_sensitivity,vraem6_direct_provinces,VRAEM direct-intervention province envelope,official_province_envelope,1,0,ab,treat_07,2007,score_as_recorded,full_score_support,p1_mserd,1063,1063,72,991,733,330,36,697,36,294,443,300,61,32,0,4,1,1,0,-.0216270428725558,-.0266202054033701,.0730457812952463,.7155355943640775,-.1697873059646423,.1165468951579022,.0693290163952975,.0693290163952975,.0979214687088877,.0979214687088877,224,111
support_sensitivity,vraem6_direct_provinces,VRAEM direct-intervention province envelope,official_province_envelope,1,0,ab,treat_08,2008,score_as_recorded,full_score_support,p1_mserd,1063,1063,164,899,733,330,73,660,91,239,443,300,61,32,0,4,1,1,0,.1234519886627694,.1707657724646737,.1364658337707269,.2108088113953335,-.0967023468461809,.4382338917755282,.0659045316621145,.0659045316621145,.0982436487762399,.0982436487762399,212,107
support_sensitivity,vraem6_direct_provinces,VRAEM direct-intervention province envelope,official_province_envelope,1,0,ab,treat_09,2009,score_as_recorded,full_score_support,p1_mserd,1063,1063,311,752,733,330,148,585,163,167,443,300,61,32,0,4,1,1,0,.1868026638535825,.2290497879082591,.186865771066008,.2202946435416717,-.1372003933244235,.5952999691409417,.0576998128549868,.0576998128549868,.0800081148013628,.0800081148013628,183,95
support_sensitivity,vraem6_direct_provinces,VRAEM direct-intervention province envelope,official_province_envelope,1,0,ab,treat_10,2010,score_as_recorded,full_score_support,p1_mserd,1063,1063,364,699,733,330,180,553,184,146,443,300,61,32,0,4,1,1,0,.041389187928015,.0447746500883694,.1692879793732676,.7914038602456193,-.2870236924987946,.3765729926755335,.0726681037365476,.0726681037365476,.1015973785021236,.1015973785021236,240,111
support_sensitivity,vraem6_direct_provinces,VRAEM direct-intervention province envelope,official_province_envelope,1,0,ab,treat_11,2011,score_as_recorded,full_score_support,p1_mserd,1063,1063,407,656,733,330,212,521,195,135,443,300,61,32,0,4,1,1,0,-.0143343596063877,-.0204239242913516,.1678135759558044,.9031318366368317,-.349332489281605,.3084846406989017,.0719555441619551,.0719555441619551,.0951991988514721,.0951991988514721,234,111
support_sensitivity,vraem6_direct_provinces,VRAEM direct-intervention province envelope,official_province_envelope,1,0,ab,treat_12,2012,score_as_recorded,full_score_support,p1_mserd,1063,1063,455,608,733,330,237,496,218,112,443,300,61,32,0,4,1,1,0,.0823141605624307,.0768117543528626,.1360420912612485,.5723339151080568,-.1898258449006956,.3434493536064208,.0799581433151895,.0799581433151895,.1091981274389983,.1091981274389983,277,123
support_sensitivity,vraem6_direct_provinces,VRAEM direct-intervention province envelope,official_province_envelope,1,0,ab,treat_13,2013,score_as_recorded,full_score_support,p1_mserd,1063,1063,480,583,733,330,248,485,232,98,443,300,61,32,0,4,1,1,0,.0916329221047434,.0671962983024799,.1393582014858272,.629675225195557,-.2059407575600177,.3403333541649774,.0687667127592956,.0687667127592956,.0971263123064332,.0971263123064332,222,110
support_sensitivity,vraem6_direct_provinces,VRAEM direct-intervention province envelope,official_province_envelope,1,0,ab,treat_14,2014,score_as_recorded,full_score_support,p1_mserd,1063,1063,499,564,733,330,254,479,245,85,443,300,61,32,0,4,1,1,0,.0869714118965621,.0516575905982305,.1309023566064979,.6931182614886725,-.2049063138419241,.3082214950383851,.051486137212569,.051486137212569,.0784186502622431,.0784186502622431,164,84
support_sensitivity,vraem6_direct_provinces,VRAEM direct-intervention province envelope,official_province_envelope,1,0,ab,treat_15,2015,score_as_recorded,full_score_support,p1_mserd,1063,1063,505,558,733,330,255,478,250,80,443,300,61,32,0,4,1,1,0,.0795728910312805,.0477124268327013,.1325853624539193,.7189503742089701,-.2121501084541697,.3075749621195722,.0501375927104219,.0501375927104219,.0751535164371393,.0751535164371393,158,83
support_sensitivity,vraem6_direct_provinces,VRAEM direct-intervention province envelope,official_province_envelope,1,0,ab,treat_16,2016,score_as_recorded,full_score_support,p1_mserd,1063,1063,526,537,733,330,259,474,267,63,443,300,61,32,0,4,1,1,0,.0812562292269607,.0514964534533208,.1340825109553481,.7009299739194228,-.2113004389758587,.3142933458825002,.0503347577406775,.0503347577406775,.0762237094417733,.0762237094417733,160,83
support_sensitivity,vraem6_direct_provinces,VRAEM direct-intervention province envelope,official_province_envelope,1,0,ab,treat_17,2017,score_as_recorded,full_score_support,p1_mserd,1063,1063,553,510,733,330,273,460,280,50,443,300,61,32,0,4,1,1,0,.0796039423333641,.0496288898318162,.122968189181199,.6865132932985657,-.1913843322074417,.2906421118710741,.0523573489247057,.0523573489247057,.0796548089860781,.0796548089860781,171,85
support_sensitivity,vraem6_direct_provinces,VRAEM direct-intervention province envelope,official_province_envelope,1,0,ab,treat_18,2018,score_as_recorded,full_score_support,p1_mserd,1063,1063,593,470,733,330,303,430,290,40,443,300,61,32,0,4,1,1,0,.0661954300573351,.0578988362749928,.1075658598952033,.5903947610611591,-.152926375085687,.2687240476356727,.0659124709669462,.0659124709669462,.0854359898905425,.0854359898905425,212,107
support_sensitivity,vraem6_direct_provinces,VRAEM direct-intervention province envelope,official_province_envelope,1,0,ab,treat_19,2019,score_as_recorded,full_score_support,p1_mserd,1063,1063,666,397,733,330,374,359,292,38,443,300,61,32,0,4,1,1,0,.0639037431281853,.09849499071824,.1232363165129246,.4241531574802764,-.143043751234471,.3400337326709509,.0402045866253734,.0402045866253734,.0639002371474839,.0639002371474839,125,68
support_sensitivity,vraem6_direct_provinces,VRAEM direct-intervention province envelope,official_province_envelope,1,0,ab,treat_20,2020,score_as_recorded,full_score_support,p1_mserd,1063,1063,709,354,733,330,416,317,293,37,443,300,61,32,0,4,1,1,0,.0751157520727879,.1029206754745642,.1235509186471912,.4048321295554004,-.1392346753307687,.3450760262798971,.0397917331366977,.0397917331366977,.0587392481296499,.0587392481296499,125,68
support_sensitivity,vraem6_direct_provinces,VRAEM direct-intervention province envelope,official_province_envelope,1,0,ab,treat_21,2021,score_as_recorded,full_score_support,p1_mserd,1063,1063,717,346,733,330,422,311,295,35,443,300,61,32,0,4,1,1,0,.0493539719568616,.076986842669361,.1243512777019728,.5358453626721948,-.1667371830580444,.3207108683967663,.0421664911645117,.0421664911645117,.0617988521987357,.0617988521987357,134,72
support_sensitivity,vraem6_direct_provinces,VRAEM direct-intervention province envelope,official_province_envelope,1,0,ab,treat_22,2022,score_as_recorded,full_score_support,p1_mserd,1063,1063,786,277,733,330,490,243,296,34,443,300,61,32,0,4,1,1,0,.0566989520614141,.0857938502641478,.1233488174949598,.4867178986100873,-.1559653895615775,.3275530900898731,.042872681085717,.042872681085717,.0624976323474568,.0624976323474568,137,73
support_sensitivity,vraem6_direct_provinces,VRAEM direct-intervention province envelope,official_province_envelope,1,0,ab,treat_23,2023,score_as_recorded,full_score_support,p1_mserd,1063,1063,816,247,733,330,519,214,297,33,443,300,61,32,0,4,1,1,0,.0398620077440799,.0672163111836928,.1213765082612745,.5797270013749407,-.1706772735776335,.305109895945019,.0434919505764898,.0434919505764898,.0620548640923219,.0620548640923219,138,73
support_sensitivity,vraem6_direct_provinces,VRAEM direct-intervention province envelope,official_province_envelope,1,0,bc,treat_07,2007,score_as_recorded,full_score_support,p1_mserd,1063,1063,72,991,408,655,12,396,60,595,173,570,59,47,0,2,1,1,0,-.0168821124229779,-.0445171063411239,.1276815014070942,.7273464940283594,-.2947682505910287,.2057340379087809,.0202781541055828,.0202781541055828,.0330124705003733,.0330124705003733,84,94
support_sensitivity,vraem6_direct_provinces,VRAEM direct-intervention province envelope,official_province_envelope,1,0,bc,treat_08,2008,score_as_recorded,full_score_support,p1_mserd,1063,1063,164,899,408,655,24,384,140,515,173,570,59,47,0,2,1,1,0,-.0880552210585415,-.127969362927541,.1589843002410645,.4208668627724513,-.43957286550733,.1836341396522479,.018366156462405,.018366156462405,.0309517104696884,.0309517104696884,74,83
support_sensitivity,vraem6_direct_provinces,VRAEM direct-intervention province envelope,official_province_envelope,1,0,bc,treat_09,2009,score_as_recorded,full_score_support,p1_mserd,1063,1063,311,752,408,655,52,356,259,396,173,570,59,47,0,2,1,1,0,-.1808287747301844,-.2539820588910173,.1615197456533995,.1158457458388002,-.5705549431637502,.0625908253817156,.0155342450489813,.0155342450489813,.02786991560679,.02786991560679,58,68
support_sensitivity,vraem6_direct_provinces,VRAEM direct-intervention province envelope,official_province_envelope,1,0,bc,treat_10,2010,score_as_recorded,full_score_support,p1_mserd,1063,1063,364,699,408,655,61,347,303,352,173,570,59,47,0,2,1,1,0,-.1478047690010359,-.2137741321949113,.1477323979965089,.1478867767938827,-.5033243116178059,.0757760472279834,.0183227199324076,.0183227199324076,.0304003616840492,.0304003616840492,74,83
support_sensitivity,vraem6_direct_provinces,VRAEM direct-intervention province envelope,official_province_envelope,1,0,bc,treat_11,2011,score_as_recorded,full_score_support,p1_mserd,1063,1063,407,656,408,655,71,337,336,319,173,570,59,47,0,2,1,1,0,-.1346494775133489,-.2252257222861208,.1552994360395557,.1469839429457706,-.5296070237430316,.07915557917079,.0152482775135276,.0152482775135276,.0273547666824211,.0273547666824211,57,67
support_sensitivity,vraem6_direct_provinces,VRAEM direct-intervention province envelope,official_province_envelope,1,0,bc,treat_12,2012,score_as_recorded,full_score_support,p1_mserd,1063,1063,455,608,408,655,82,326,373,282,173,570,59,47,0,2,1,1,0,-.2496171200786204,-.3374834957440703,.1895764756945581,.0750437068387711,-.7090465604214369,.0340795689332964,.0131031045888209,.0131031045888209,.0242498320526768,.0242498320526768,49,53
support_sensitivity,vraem6_direct_provinces,VRAEM direct-intervention province envelope,official_province_envelope,1,0,bc,treat_13,2013,score_as_recorded,full_score_support,p1_mserd,1063,1063,480,583,408,655,83,325,397,258,173,570,59,47,0,2,1,1,0,-.1694629687339732,-.2586337360940181,.2002789544508706,.1965762687958148,-.6511732736790623,.1339058014910261,.0134062374820479,.0134062374820479,.0239796867574316,.0239796867574316,51,57
support_sensitivity,vraem6_direct_provinces,VRAEM direct-intervention province envelope,official_province_envelope,1,0,bc,treat_14,2014,score_as_recorded,full_score_support,p1_mserd,1063,1063,499,564,408,655,84,324,415,240,173,570,59,47,0,2,1,1,0,-.1687793372377821,-.2580368127512802,.1995486489116963,.1959756869093383,-.6491449777818327,.1330713522792722,.0134214536239952,.0134214536239952,.024182130016645,.024182130016645,51,57
support_sensitivity,vraem6_direct_provinces,VRAEM direct-intervention province envelope,official_province_envelope,1,0,bc,treat_15,2015,score_as_recorded,full_score_support,p1_mserd,1063,1063,505,558,408,655,84,324,421,234,173,570,59,47,0,2,1,1,0,-.163700318752823,-.2534490355263846,.1979672199126157,.2004545583642255,-.6414576566746319,.1345595856218626,.0135326780724978,.0135326780724978,.0246139547839441,.0246139547839441,51,59
support_sensitivity,vraem6_direct_provinces,VRAEM direct-intervention province envelope,official_province_envelope,1,0,bc,treat_16,2016,score_as_recorded,full_score_support,p1_mserd,1063,1063,526,537,408,655,84,324,442,213,173,570,59,47,0,2,1,1,0,-.0677762638662324,-.1545155566926463,.2043544546515833,.4495799905212275,-.555042927890073,.2460118145047805,.0140470325080661,.0140470325080661,.024922954323855,.024922954323855,53,59
support_sensitivity,vraem6_direct_provinces,VRAEM direct-intervention province envelope,official_province_envelope,1,0,bc,treat_17,2017,score_as_recorded,full_score_support,p1_mserd,1063,1063,553,510,408,655,84,324,469,186,173,570,59,47,0,2,1,1,0,.275142704020309,.2095928990535477,.2213499513798832,.3436974965489406,-.2242450336307153,.6434308317378108,.018098445583753,.018098445583753,.0273476668272184,.0273476668272184,72,81
support_sensitivity,vraem6_direct_provinces,VRAEM direct-intervention province envelope,official_province_envelope,1,0,bc,treat_18,2018,score_as_recorded,full_score_support,p1_mserd,1063,1063,593,470,408,655,90,318,503,152,173,570,59,47,0,2,1,1,0,.2801972686957555,.25641757715354,.2054116526454338,.2119172736224964,-.1461818640363619,.6590170183434418,.0249856605578274,.0249856605578274,.0339928523587729,.0339928523587729,120,112
support_sensitivity,vraem6_direct_provinces,VRAEM direct-intervention province envelope,official_province_envelope,1,0,bc,treat_19,2019,score_as_recorded,full_score_support,p1_mserd,1063,1063,666,397,408,655,130,278,536,119,173,570,59,47,0,2,1,1,0,.2599495450750715,.2370130701595179,.1744062229975966,.1741556496101616,-.1048168455954328,.5788429859144686,.0267469404369142,.0267469404369142,.0310942678103132,.0310942678103132,129,118
support_sensitivity,vraem6_direct_provinces,VRAEM direct-intervention province envelope,official_province_envelope,1,0,bc,treat_20,2020,score_as_recorded,full_score_support,p1_mserd,1063,1063,709,354,408,655,161,247,548,107,173,570,59,47,0,2,1,1,0,.1219303029007515,.1003275345981884,.1698778359927403,.5547975992173795,-.2326269057191846,.4332819749155615,.0259221888835759,.0259221888835759,.0303981695579475,.0303981695579475,124,117
support_sensitivity,vraem6_direct_provinces,VRAEM direct-intervention province envelope,official_province_envelope,1,0,bc,treat_21,2021,score_as_recorded,full_score_support,p1_mserd,1063,1063,717,346,408,655,164,244,553,102,173,570,59,47,0,2,1,1,0,.1195762104082085,.1105642538533842,.1706611440968565,.5170765462681344,-.2239254421368548,.4450539498436232,.0258085288152199,.0258085288152199,.0302261496632112,.0302261496632112,122,117
support_sensitivity,vraem6_direct_provinces,VRAEM direct-intervention province envelope,official_province_envelope,1,0,bc,treat_22,2022,score_as_recorded,full_score_support,p1_mserd,1063,1063,786,277,408,655,221,187,565,90,173,570,59,47,0,2,1,1,0,.0057353466022447,-.0045669300695586,.1298135431587457,.9719356595400646,-.2589967993662361,.249862939227119,.0310421247562049,.0310421247562049,.0373007731063851,.0373007731063851,159,136
support_sensitivity,vraem6_direct_provinces,VRAEM direct-intervention province envelope,official_province_envelope,1,0,bc,treat_23,2023,score_as_recorded,full_score_support,p1_mserd,1063,1063,816,247,408,655,248,160,568,87,173,570,59,47,0,2,1,1,0,-.0445184162733032,-.0525070100900413,.1261340481144116,.6772055402757708,-.2997252016185303,.1947111814384477,.0343749730585614,.0343749730585614,.0402687688810566,.0402687688810566,184,143
support_sensitivity,vraem6_direct_provinces,VRAEM direct-intervention province envelope,official_province_envelope,1,0,cd,treat_07,2007,score_as_recorded,full_score_support,p1_mserd,1063,1063,72,991,218,845,4,214,68,777,49,694,52,52,0,0,1,1,0,-.0538301043093696,-.1002204626378089,.0529767831752278,.0585201890082035,-.2040530496780429,.0036121244024251,.0313879035831342,.0313879035831342,.0445408914755315,.0445408914755315,218,176
support_sensitivity,vraem6_direct_provinces,VRAEM direct-intervention province envelope,official_province_envelope,1,0,cd,treat_08,2008,score_as_recorded,full_score_support,p1_mserd,1063,1063,164,899,218,845,7,211,157,688,49,694,52,52,0,0,1,1,0,.0336686241707467,.0300598925154086,.0773652905940203,.6976128007276057,-.1215732907023466,.1816930757331637,.0317984276301415,.0317984276301415,.0437070608319546,.0437070608319546,218,177
support_sensitivity,vraem6_direct_provinces,VRAEM direct-intervention province envelope,official_province_envelope,1,0,cd,treat_09,2009,score_as_recorded,full_score_support,p1_mserd,1063,1063,311,752,218,845,17,201,294,551,49,694,52,52,0,0,1,1,0,.0222437054717432,-.0321704307539716,.1087165580062843,.767298012655164,-.2452509689694485,.1809101074615053,.0383265067065628,.0383265067065628,.0437527158370825,.0437527158370825,218,201
support_sensitivity,vraem6_direct_provinces,VRAEM direct-intervention province envelope,official_province_envelope,1,0,cd,treat_10,2010,score_as_recorded,full_score_support,p1_mserd,1063,1063,364,699,218,845,20,198,344,501,49,694,52,52,0,0,1,1,0,-.0038473187523435,-.0759097826977644,.1131948064563649,.5024678082664505,-.2977675265892215,.1459479611936927,.0382778395377527,.0382778395377527,.0450418015263677,.0450418015263677,218,201
support_sensitivity,vraem6_direct_provinces,VRAEM direct-intervention province envelope,official_province_envelope,1,0,cd,treat_11,2011,score_as_recorded,full_score_support,p1_mserd,1063,1063,407,656,218,845,22,196,385,460,49,694,52,52,0,0,1,1,0,.0567249144682341,-.0127910660815533,.1102232467659351,.9076153721309266,-.228824660001857,.2032425278387505,.0363164948269772,.0363164948269772,.0429688649222377,.0429688649222377,218,193
support_sensitivity,vraem6_direct_provinces,VRAEM direct-intervention province envelope,official_province_envelope,1,0,cd,treat_12,2012,score_as_recorded,full_score_support,p1_mserd,1063,1063,455,608,218,845,24,194,431,414,49,694,52,52,0,0,1,1,0,.0608309004465378,-.0193071012838369,.1108764869767114,.8617620308153381,-.2366210224905155,.1980068199228416,.0329203374117495,.0329203374117495,.0421909853383217,.0421909853383217,218,181
support_sensitivity,vraem6_direct_provinces,VRAEM direct-intervention province envelope,official_province_envelope,1,0,cd,treat_13,2013,score_as_recorded,full_score_support,p1_mserd,1063,1063,480,583,218,845,24,194,456,389,49,694,52,52,0,0,1,1,0,.0760906249394565,-.0029630912309775,.1112443336630557,.9787501516542103,-.2209979786947233,.2150717962327683,.0338400879832657,.0338400879832657,.0421899566056659,.0421899566056659,218,184
support_sensitivity,vraem6_direct_provinces,VRAEM direct-intervention province envelope,official_province_envelope,1,0,cd,treat_14,2014,score_as_recorded,full_score_support,p1_mserd,1063,1063,499,564,218,845,24,194,475,370,49,694,52,52,0,0,1,1,0,.0756322048067232,-.0060305724595328,.1115501337053995,.9568861308744487,-.2246648169927433,.2126036720736778,.0326383035534882,.0326383035534882,.0421829374163748,.0421829374163748,218,181
support_sensitivity,vraem6_direct_provinces,VRAEM direct-intervention province envelope,official_province_envelope,1,0,cd,treat_15,2015,score_as_recorded,full_score_support,p1_mserd,1063,1063,505,558,218,845,24,194,481,364,49,694,52,52,0,0,1,1,0,.0755958611482184,-.0060336991046829,.1115506870979311,.9568640133820527,-.2246690282673247,.2126016300579589,.0326274194046655,.0326274194046655,.0421848006068279,.0421848006068279,218,181
support_sensitivity,vraem6_direct_provinces,VRAEM direct-intervention province envelope,official_province_envelope,1,0,cd,treat_16,2016,score_as_recorded,full_score_support,p1_mserd,1063,1063,526,537,218,845,24,194,502,343,49,694,52,52,0,0,1,1,0,.0776331576666416,-.0017272577010717,.1114264713235325,.9876322291740852,-.2201191284195806,.2166646130174371,.0332188562411712,.0332188562411712,.0421828515007349,.0421828515007349,218,183
support_sensitivity,vraem6_direct_provinces,VRAEM direct-intervention province envelope,official_province_envelope,1,0,cd,treat_17,2017,score_as_recorded,full_score_support,p1_mserd,1063,1063,553,510,218,845,24,194,529,316,49,694,52,52,0,0,1,1,0,.0842425304284948,.0175667082766359,.111096027259238,.8743607910609157,-.2001775039769507,.2353109205302224,.0352649734322917,.0352649734322917,.0421720901473116,.0421720901473116,218,188
support_sensitivity,vraem6_direct_provinces,VRAEM direct-intervention province envelope,official_province_envelope,1,0,cd,treat_18,2018,score_as_recorded,full_score_support,p1_mserd,1063,1063,593,470,218,845,24,194,569,276,49,694,52,52,0,0,1,1,0,.0604598172366675,-.0059296150046865,.1118350624211974,.9577151175293721,-.225122309559022,.2132630795496491,.0354972066405648,.0354972066405648,.0421790856289986,.0421790856289986,218,190
support_sensitivity,vraem6_direct_provinces,VRAEM direct-intervention province envelope,official_province_envelope,1,0,cd,treat_19,2019,score_as_recorded,full_score_support,p1_mserd,1063,1063,666,397,218,845,25,193,641,204,49,694,52,52,0,0,1,1,0,.3139752809073914,.2498330389048951,.1587768082179637,.1156063944773621,-.0613637867825371,.5610298645923273,.037984317797972,.037984317797972,.041822234911663,.041822234911663,218,201
support_sensitivity,vraem6_direct_provinces,VRAEM direct-intervention province envelope,official_province_envelope,1,0,cd,treat_20,2020,score_as_recorded,full_score_support,p1_mserd,1063,1063,709,354,218,845,31,187,678,167,49,694,52,52,0,0,1,1,0,.3638888476344883,.2785323861315968,.1420453445527725,.0498942461008517,.0001286266365799,.5569361456266138,.0357369131021962,.0357369131021962,.0421904887432144,.0421904887432144,218,190
support_sensitivity,vraem6_direct_provinces,VRAEM direct-intervention province envelope,official_province_envelope,1,0,cd,treat_21,2021,score_as_recorded,full_score_support,p1_mserd,1063,1063,717,346,218,845,32,186,685,160,49,694,52,52,0,0,1,1,0,.3622988481345402,.278799553096427,.1415066832697118,.0488129554461194,.0014515503160752,.5561475558767788,.0361229721440242,.0361229721440242,.0422277944334847,.0422277944334847,218,191
support_sensitivity,vraem6_direct_provinces,VRAEM direct-intervention province envelope,official_province_envelope,1,0,cd,treat_22,2022,score_as_recorded,full_score_support,p1_mserd,1063,1063,786,277,218,845,78,140,708,137,49,694,52,52,0,0,1,1,0,-.0191143990090508,-.0147520484058833,.1693827543970693,.9305976073745053,-.3467361466263325,.3172320498145659,.0468991150964278,.0468991150964278,.0404973507655449,.0404973507655449,218,238
support_sensitivity,vraem6_direct_provinces,VRAEM direct-intervention province envelope,official_province_envelope,1,0,cd,treat_23,2023,score_as_recorded,full_score_support,p1_mserd,1063,1063,816,247,218,845,100,118,716,129,49,694,52,52,0,0,1,1,0,-.1449163254864827,-.0607434214405715,.1562802105828013,.6975108472129645,-.3670470056791973,.2455601627980543,.0437584348984849,.0437584348984849,.0400797420304373,.0400797420304373,218,223
support_sensitivity,vraem6_direct_provinces,VRAEM direct-intervention province envelope,official_province_envelope,1,0,de,treat_07,2007,score_as_recorded,full_score_support,p1_mserd,1063,1063,72,991,76,987,0,76,72,915,11,732,33,57,6,6,0,0,,,,,,,,,,,,,
support_sensitivity,vraem6_direct_provinces,VRAEM direct-intervention province envelope,official_province_envelope,1,0,de,treat_08,2008,score_as_recorded,full_score_support,p1_mserd,1063,1063,164,899,76,987,0,76,164,823,11,732,33,57,6,6,0,0,,,,,,,,,,,,,
support_sensitivity,vraem6_direct_provinces,VRAEM direct-intervention province envelope,official_province_envelope,1,0,de,treat_09,2009,score_as_recorded,full_score_support,p1_mserd,1063,1063,311,752,76,987,2,74,309,678,11,732,33,57,6,6,1,1,0,-.051167086973274,-.1655743646082957,.09649142868246,.0861713885110891,-.3546940896427324,.0235453604261409,.027057244568046,.027057244568046,.0412244635418176,.0412244635418176,76,249
support_sensitivity,vraem6_direct_provinces,VRAEM direct-intervention province envelope,official_province_envelope,1,0,de,treat_10,2010,score_as_recorded,full_score_support,p1_mserd,1063,1063,364,699,76,987,2,74,362,625,11,732,33,57,6,6,1,1,0,-.0301107703925886,-.1407023549313101,.0983776991187206,.1526521309910255,-.3335191020859203,.0521143922233001,.0277103353386341,.0277103353386341,.0412068326722584,.0412068326722584,76,255
support_sensitivity,vraem6_direct_provinces,VRAEM direct-intervention province envelope,official_province_envelope,1,0,de,treat_11,2011,score_as_recorded,full_score_support,p1_mserd,1063,1063,407,656,76,987,3,73,404,583,11,732,33,57,6,6,1,1,0,-.0559714794164736,-.1609642286171242,.1003695497694309,.1087767207675231,-.3576849313097091,.0357564740754607,.0284791752239579,.0284791752239579,.0418246246105019,.0418246246105019,76,257
support_sensitivity,vraem6_direct_provinces,VRAEM direct-intervention province envelope,official_province_envelope,1,0,de,treat_12,2012,score_as_recorded,full_score_support,p1_mserd,1063,1063,455,608,76,987,4,72,451,536,11,732,33,57,6,6,1,1,0,-.0496378353491914,-.129272320285928,.1041758662869255,.214640962745338,-.3334532662665624,.0749086256947064,.0308781679732176,.0308781679732176,.0413511038628072,.0413511038628072,76,271
support_sensitivity,vraem6_direct_provinces,VRAEM direct-intervention province envelope,official_province_envelope,1,0,de,treat_13,2013,score_as_recorded,full_score_support,p1_mserd,1063,1063,480,583,76,987,4,72,476,511,11,732,33,57,6,6,1,1,0,-.0527472933967436,-.1338166251300645,.1045016868563839,.200361894780415,-.3386361676922596,.0710029174321306,.0303245833125733,.0303245833125733,.0413530022728805,.0413530022728805,76,270
support_sensitivity,vraem6_direct_provinces,VRAEM direct-intervention province envelope,official_province_envelope,1,0,de,treat_14,2014,score_as_recorded,full_score_support,p1_mserd,1063,1063,499,564,76,987,4,72,495,492,11,732,33,57,6,6,1,1,0,-.0554996346870862,-.1370215397706117,.1040621803047427,.1879299653008169,-.3409796653206207,.0669365857793974,.0303215905827622,.0303215905827622,.0413657306481752,.0413657306481752,76,270
support_sensitivity,vraem6_direct_provinces,VRAEM direct-intervention province envelope,official_province_envelope,1,0,de,treat_15,2015,score_as_recorded,full_score_support,p1_mserd,1063,1063,505,558,76,987,4,72,501,486,11,732,33,57,6,6,1,1,0,-.055506531494785,-.1370187153299369,.1040624837692245,.1879403541842005,-.3409774356594008,.066940004999527,.0303180077477027,.0303180077477027,.041365731512563,.041365731512563,76,270
support_sensitivity,vraem6_direct_provinces,VRAEM direct-intervention province envelope,official_province_envelope,1,0,de,treat_16,2016,score_as_recorded,full_score_support,p1_mserd,1063,1063,526,537,76,987,4,72,522,465,11,732,33,57,6,6,1,1,0,-.0555615631236795,-.1369961701107031,.1040649109376262,.1880233138480044,-.3409596476028187,.0669673073814125,.0302895321843255,.0302895321843255,.0413657317499755,.0413657317499755,76,270
support_sensitivity,vraem6_direct_provinces,VRAEM direct-intervention province envelope,official_province_envelope,1,0,de,treat_17,2017,score_as_recorded,full_score_support,p1_mserd,1063,1063,553,510,76,987,4,72,549,438,11,732,33,57,6,6,1,1,0,-.0555988135579196,-.1369755192881743,.1040673624532821,.1881002918559763,-.3409438016626831,.0669927630863345,.0302682771257916,.0302682771257916,.0413646894205966,.0413646894205966,76,269
support_sensitivity,vraem6_direct_provinces,VRAEM direct-intervention province envelope,official_province_envelope,1,0,de,treat_18,2018,score_as_recorded,full_score_support,p1_mserd,1063,1063,593,470,76,987,4,72,589,398,11,732,33,57,6,6,1,1,0,-.0531046350818232,-.1259411199001337,.1042322992746078,.2269420971765221,-.3302326725041653,.0783504327038979,.0318446646702451,.0318446646702451,.0413450552523014,.0413450552523014,76,275
support_sensitivity,vraem6_direct_provinces,VRAEM direct-intervention province envelope,official_province_envelope,1,0,de,treat_19,2019,score_as_recorded,full_score_support,p1_mserd,1063,1063,666,397,76,987,4,72,662,325,11,732,33,57,6,6,1,1,0,-.111950198987266,-.2026341180806212,.1091577276797594,.0634047692995228,-.4165793329671805,.0113110968059381,.0269671991215876,.0269671991215876,.0413837646466928,.0413837646466928,76,248
support_sensitivity,vraem6_direct_provinces,VRAEM direct-intervention province envelope,official_province_envelope,1,0,de,treat_20,2020,score_as_recorded,full_score_support,p1_mserd,1063,1063,709,354,76,987,4,72,705,282,11,732,33,57,6,6,1,1,0,-.1088582974093978,-.2061246453592837,.1086456076504937,.057798877188151,-.4190661234327206,.0068168327141533,.0258942324490241,.0258942324490241,.0413732315281229,.0413732315281229,76,241
support_sensitivity,vraem6_direct_provinces,VRAEM direct-intervention province envelope,official_province_envelope,1,0,de,treat_21,2021,score_as_recorded,full_score_support,p1_mserd,1063,1063,717,346,76,987,4,72,713,274,11,732,33,57,6,6,1,1,0,-.0967990351287091,-.1935655395564171,.1095473834907131,.0772353940180684,-.4082744657988124,.0211433866859782,.026432218155649,.026432218155649,.04139545278328,.04139545278328,76,246
support_sensitivity,vraem6_direct_provinces,VRAEM direct-intervention province envelope,official_province_envelope,1,0,de,treat_22,2022,score_as_recorded,full_score_support,p1_mserd,1063,1063,786,277,76,987,7,69,779,208,11,732,33,57,6,6,1,1,0,.1989303683353491,.100661860653357,.1518946771559168,.5075174040348982,-.1970462360155788,.3983699573222929,.0350870146754535,.0350870146754535,.0446124352757052,.0446124352757052,76,290
support_sensitivity,vraem6_direct_provinces,VRAEM direct-intervention province envelope,official_province_envelope,1,0,de,treat_23,2023,score_as_recorded,full_score_support,p1_mserd,1063,1063,816,247,76,987,11,65,805,182,11,732,33,57,6,6,1,1,0,.2686136541559456,.2316488968568258,.1413562787494644,.1012634273984926,-.045404318480729,.5087021121943804,.0393813762888478,.0393813762888478,.0445249839083395,.0445249839083395,76,302
support_sensitivity,vraem8_no_ayacucho,VRAEM province envelope excluding Ayacucho,predeclared_exclusion,1,0,ab,treat_07,2007,score_as_recorded,full_score_support,p1_mserd,922,922,59,863,744,178,37,707,22,156,377,162,89,39,0,4,1,1,0,-.1761453018136664,-.2035029609539316,.1192673166102415,.087956702746751,-.4372626060427406,.0302566841348775,.0401695437184866,.0401695437184866,.0645969815990493,.0645969815990493,76,40
support_sensitivity,vraem8_no_ayacucho,VRAEM province envelope excluding Ayacucho,predeclared_exclusion,1,0,ab,treat_08,2008,score_as_recorded,full_score_support,p1_mserd,922,922,143,779,744,178,86,658,57,121,377,162,89,39,0,4,1,1,0,.0259234730491542,.0074540580232319,.1844537393761639,.9677650372803933,-.3540686279677868,.3689767440142506,.0572703192994972,.0572703192994972,.0858403210018598,.0858403210018598,110,56
support_sensitivity,vraem8_no_ayacucho,VRAEM province envelope excluding Ayacucho,predeclared_exclusion,1,0,ab,treat_09,2009,score_as_recorded,full_score_support,p1_mserd,922,922,231,691,744,178,155,589,76,102,377,162,89,39,0,4,1,1,0,-.1172836422857559,-.1286594963719512,.2553203793504289,.6143218595850182,-.6290782444178959,.3717592516739934,.050824117041788,.050824117041788,.0753083331709615,.0753083331709615,96,52
support_sensitivity,vraem8_no_ayacucho,VRAEM province envelope excluding Ayacucho,predeclared_exclusion,1,0,ab,treat_10,2010,score_as_recorded,full_score_support,p1_mserd,922,922,278,644,744,178,191,553,87,91,377,162,89,39,0,4,1,1,0,-.1713145283863702,-.20079645387546,.2383297930110457,.3994996806315026,-.6679142646199953,.2663213568690753,.0513940788427819,.0513940788427819,.07565150726286,.07565150726286,97,52
support_sensitivity,vraem8_no_ayacucho,VRAEM province envelope excluding Ayacucho,predeclared_exclusion,1,0,ab,treat_11,2011,score_as_recorded,full_score_support,p1_mserd,922,922,319,603,744,178,225,519,94,84,377,162,89,39,0,4,1,1,0,-.2552044532815574,-.2855940135032818,.2405277047363786,.2350839491747727,-.757019652070668,.1858316250641043,.050414835788778,.050414835788778,.074153240471801,.074153240471801,96,51
support_sensitivity,vraem8_no_ayacucho,VRAEM province envelope excluding Ayacucho,predeclared_exclusion,1,0,ab,treat_12,2012,score_as_recorded,full_score_support,p1_mserd,922,922,338,584,744,178,242,502,96,82,377,162,89,39,0,4,1,1,0,-.2226823322438868,-.2648776975608197,.2322312160421161,.254045788863868,-.7200425170893077,.1902871219676683,.051568996490334,.051568996490334,.0764890458947429,.0764890458947429,98,52
support_sensitivity,vraem8_no_ayacucho,VRAEM province envelope excluding Ayacucho,predeclared_exclusion,1,0,ab,treat_13,2013,score_as_recorded,full_score_support,p1_mserd,922,922,362,560,744,178,253,491,109,69,377,162,89,39,0,4,1,1,0,-.22924580086827,-.2608472877075598,.2379108950412377,.2729004868399882,-.7271440735180745,.2054494981029549,.0503884397039595,.0503884397039595,.075760824806881,.075760824806881,96,51
support_sensitivity,vraem8_no_ayacucho,VRAEM province envelope excluding Ayacucho,predeclared_exclusion,1,0,ab,treat_14,2014,score_as_recorded,full_score_support,p1_mserd,922,922,370,552,744,178,255,489,115,63,377,162,89,39,0,4,1,1,0,-.1515765213196802,-.1713872475130592,.2050389222899336,.4032242995866366,-.573256150630236,.2304816556041175,.0545964415736375,.0545964415736375,.0790712765570235,.0790712765570235,106,56
support_sensitivity,vraem8_no_ayacucho,VRAEM province envelope excluding Ayacucho,predeclared_exclusion,1,0,ab,treat_15,2015,score_as_recorded,full_score_support,p1_mserd,922,922,373,549,744,178,256,488,117,61,377,162,89,39,0,4,1,1,0,-.1615460567177457,-.1724209308427427,.2082461244402289,.407689156506171,-.5805758346656374,.2357339729801521,.0529405897936927,.0529405897936927,.0766877733578706,.0766877733578706,101,53
support_sensitivity,vraem8_no_ayacucho,VRAEM province envelope excluding Ayacucho,predeclared_exclusion,1,0,ab,treat_16,2016,score_as_recorded,full_score_support,p1_mserd,922,922,390,532,744,178,260,484,130,48,377,162,89,39,0,4,1,1,0,-.0515403465613906,-.0390790656246272,.1867208705308976,.8342207932643173,-.4050452470271527,.3268871157778984,.0505548308393215,.0505548308393215,.0756251320920567,.0756251320920567,96,52
support_sensitivity,vraem8_no_ayacucho,VRAEM province envelope excluding Ayacucho,predeclared_exclusion,1,0,ab,treat_17,2017,score_as_recorded,full_score_support,p1_mserd,922,922,420,502,744,178,278,466,142,36,377,162,89,39,0,4,1,1,0,-.0393437927142201,-.0498191994972016,.1510621107925075,.7415565130385791,-.3458954960791156,.2462570970847124,.05760897127182,.05760897127182,.1002759955242633,.1002759955242633,110,56
support_sensitivity,vraem8_no_ayacucho,VRAEM province envelope excluding Ayacucho,predeclared_exclusion,1,0,ab,treat_18,2018,score_as_recorded,full_score_support,p1_mserd,922,922,429,493,744,178,287,457,142,36,377,162,89,39,0,4,1,1,0,-.0241798681905006,-.0337163294163988,.1516035555430685,.824004059004032,-.3308538382090307,.2634211793762332,.0565274031138456,.0565274031138456,.093966403061831,.093966403061831,109,56
support_sensitivity,vraem8_no_ayacucho,VRAEM province envelope excluding Ayacucho,predeclared_exclusion,1,0,ab,treat_19,2019,score_as_recorded,full_score_support,p1_mserd,922,922,520,402,744,178,373,371,147,31,377,162,89,39,0,4,1,1,0,.053286259135771,.1051817798663983,.1528397448269681,.4913372770664051,-.1943786154007511,.4047421751335478,.03766550887272,.03766550887272,.0663823257530534,.0663823257530534,69,35
support_sensitivity,vraem8_no_ayacucho,VRAEM province envelope excluding Ayacucho,predeclared_exclusion,1,0,ab,treat_20,2020,score_as_recorded,full_score_support,p1_mserd,922,922,567,355,744,178,417,327,150,28,377,162,89,39,0,4,1,1,0,.1022575442122777,.1502754482788451,.1623119019391416,.3545272245634454,-.1678500337840694,.4684009303417596,.0358513529259204,.0358513529259204,.0611387945469868,.0611387945469868,67,33
support_sensitivity,vraem8_no_ayacucho,VRAEM province envelope excluding Ayacucho,predeclared_exclusion,1,0,ab,treat_21,2021,score_as_recorded,full_score_support,p1_mserd,922,922,584,338,744,178,434,310,150,28,377,162,89,39,0,4,1,1,0,.0541031204178692,.1006865220171691,.1622480086709756,.5348814669284248,-.2173137315412854,.4186867755756236,.0377203870715596,.0377203870715596,.0618998390717733,.0618998390717733,69,35
support_sensitivity,vraem8_no_ayacucho,VRAEM province envelope excluding Ayacucho,predeclared_exclusion,1,0,ab,treat_22,2022,score_as_recorded,full_score_support,p1_mserd,922,922,669,253,744,178,515,229,154,24,377,162,89,39,0,4,1,1,0,.1540418576367655,.2072087249613459,.1123486538961603,.0651341128647696,-.0129905903866838,.4274080403093756,.0305377989551063,.0305377989551063,.0516602996872396,.0516602996872396,53,31
support_sensitivity,vraem8_no_ayacucho,VRAEM province envelope excluding Ayacucho,predeclared_exclusion,1,0,ab,treat_23,2023,score_as_recorded,full_score_support,p1_mserd,922,922,699,223,744,178,542,202,157,21,377,162,89,39,0,4,1,1,0,.1461945892325716,.1973799729005918,.1145320334506205,.0848233683662191,-.027098687738761,.4218586335399447,.0321949597429426,.0321949597429426,.0537931617722781,.0537931617722781,54,32
support_sensitivity,vraem8_no_ayacucho,VRAEM province envelope excluding Ayacucho,predeclared_exclusion,1,0,bc,treat_07,2007,score_as_recorded,full_score_support,p1_mserd,922,922,59,863,526,396,15,511,44,352,192,347,83,69,0,0,1,1,0,-.0415479805652473,-.0652648571681458,.1639274340296084,.6905324377136859,-.3865567239442438,.2560270096079521,.0155505004520008,.0155505004520008,.0296683110499979,.0296683110499979,50,56
support_sensitivity,vraem8_no_ayacucho,VRAEM province envelope excluding Ayacucho,predeclared_exclusion,1,0,bc,treat_08,2008,score_as_recorded,full_score_support,p1_mserd,922,922,143,779,526,396,38,488,105,291,192,347,83,69,0,0,1,1,0,-.1626545668091672,-.192143415111729,.2326749436052189,.4089164649087958,-.6481779246828461,.2638910944593881,.0122904745431993,.0122904745431993,.0248952022718957,.0248952022718957,35,47
support_sensitivity,vraem8_no_ayacucho,VRAEM province envelope excluding Ayacucho,predeclared_exclusion,1,0,bc,treat_09,2009,score_as_recorded,full_score_support,p1_mserd,922,922,231,691,526,396,80,446,151,245,192,347,83,69,0,0,1,1,0,-.1513294485802547,-.1825451589755527,.2263933024324931,.4200590963724141,-.6262678780843233,.2611775601332178,.0134080982259306,.0134080982259306,.0267921853454376,.0267921853454376,41,49
support_sensitivity,vraem8_no_ayacucho,VRAEM province envelope excluding Ayacucho,predeclared_exclusion,1,0,bc,treat_10,2010,score_as_recorded,full_score_support,p1_mserd,922,922,278,644,526,396,102,424,176,220,192,347,83,69,0,0,1,1,0,-.1646354810697276,-.2141548039115842,.1990788459728476,.2820486624903745,-.6043421721021622,.1760325642789939,.015324308529534,.015324308529534,.0278581893543514,.0278581893543514,49,55
support_sensitivity,vraem8_no_ayacucho,VRAEM province envelope excluding Ayacucho,predeclared_exclusion,1,0,bc,treat_11,2011,score_as_recorded,full_score_support,p1_mserd,922,922,319,603,526,396,124,402,195,201,192,347,83,69,0,0,1,1,0,-.1003577786659992,-.1584089249043382,.2071820360399485,.4445168413186183,-.5644782537863167,.2476604039776403,.0153665482977351,.0153665482977351,.0267191042567204,.0267191042567204,49,55
support_sensitivity,vraem8_no_ayacucho,VRAEM province envelope excluding Ayacucho,predeclared_exclusion,1,0,bc,treat_12,2012,score_as_recorded,full_score_support,p1_mserd,922,922,338,584,526,396,129,397,209,187,192,347,83,69,0,0,1,1,0,-.0836979221437677,-.1483287467693452,.2201741670155395,.5005095408593307,-.5798621844459093,.2832046909072188,.0146111151065408,.0146111151065408,.0253970082278126,.0253970082278126,44,50
support_sensitivity,vraem8_no_ayacucho,VRAEM province envelope excluding Ayacucho,predeclared_exclusion,1,0,bc,treat_13,2013,score_as_recorded,full_score_support,p1_mserd,922,922,362,560,526,396,130,396,232,164,192,347,83,69,0,0,1,1,0,.0027843687435904,-.0462144013054794,.2291786811436242,.8401885789122636,-.4953963623713716,.4029675597604128,.0148730547860728,.0148730547860728,.0247028806365337,.0247028806365337,46,52
support_sensitivity,vraem8_no_ayacucho,VRAEM province envelope excluding Ayacucho,predeclared_exclusion,1,0,bc,treat_14,2014,score_as_recorded,full_score_support,p1_mserd,922,922,370,552,526,396,131,395,239,157,192,347,83,69,0,0,1,1,0,.0039618396200839,-.0443457931786244,.2301985258094399,.847239728169257,-.4955266130593407,.4068350267020919,.0147170649448645,.0147170649448645,.0245137571700222,.0245137571700222,45,51
support_sensitivity,vraem8_no_ayacucho,VRAEM province envelope excluding Ayacucho,predeclared_exclusion,1,0,bc,treat_15,2015,score_as_recorded,full_score_support,p1_mserd,922,922,373,549,526,396,131,395,242,154,192,347,83,69,0,0,1,1,0,.0039790283163708,-.043768232277252,.2305242530986005,.8494157864595816,-.4955874659135047,.4080510013590008,.0147138242591178,.0147138242591178,.0244294255516499,.0244294255516499,45,51
support_sensitivity,vraem8_no_ayacucho,VRAEM province envelope excluding Ayacucho,predeclared_exclusion,1,0,bc,treat_16,2016,score_as_recorded,full_score_support,p1_mserd,922,922,390,532,526,396,131,395,259,137,192,347,83,69,0,0,1,1,0,.0747533813939315,.0334905138610181,.2341553372184172,.8862689301963825,-.4254455138749108,.492426541596947,.0149035872456505,.0149035872456505,.0246289253742995,.0246289253742995,46,54
support_sensitivity,vraem8_no_ayacucho,VRAEM province envelope excluding Ayacucho,predeclared_exclusion,1,0,bc,treat_17,2017,score_as_recorded,full_score_support,p1_mserd,922,922,420,502,526,396,131,395,289,107,192,347,83,69,0,0,1,1,0,.2778925166229088,.2384191614092053,.2511964054629621,.342552236544252,-.2539167463441209,.7307550691625314,.0160105757475819,.0160105757475819,.0260633721576823,.0260633721576823,51,57
support_sensitivity,vraem8_no_ayacucho,VRAEM province envelope excluding Ayacucho,predeclared_exclusion,1,0,bc,treat_18,2018,score_as_recorded,full_score_support,p1_mserd,922,922,429,493,526,396,134,392,295,101,192,347,83,69,0,0,1,1,0,.2516226689429775,.2078648056305511,.2532992455873204,.411857401167253,-.288592593031763,.7043222042928652,.0176172546619321,.0176172546619321,.0272884209041146,.0272884209041146,61,62
support_sensitivity,vraem8_no_ayacucho,VRAEM province envelope excluding Ayacucho,predeclared_exclusion,1,0,bc,treat_19,2019,score_as_recorded,full_score_support,p1_mserd,922,922,520,402,526,396,201,325,319,77,192,347,83,69,0,0,1,1,0,.038474712731793,-.0087132638144503,.1787288690617931,.9611174969723913,-.3590154101731398,.3415888825442392,.0123872353524242,.0123872353524242,.0200370804890638,.0200370804890638,36,47
support_sensitivity,vraem8_no_ayacucho,VRAEM province envelope excluding Ayacucho,predeclared_exclusion,1,0,bc,treat_20,2020,score_as_recorded,full_score_support,p1_mserd,922,922,567,355,526,396,237,289,330,66,192,347,83,69,0,0,1,1,0,.0357902954079634,.0063132403704393,.1960778635000491,.974314454848625,-.3779923102552176,.3906187909960963,.0126357017414309,.0126357017414309,.0200820148668546,.0200820148668546,37,47
support_sensitivity,vraem8_no_ayacucho,VRAEM province envelope excluding Ayacucho,predeclared_exclusion,1,0,bc,treat_21,2021,score_as_recorded,full_score_support,p1_mserd,922,922,584,338,526,396,252,274,332,64,192,347,83,69,0,0,1,1,0,.029352649037832,.0005589100071355,.1964408767491687,.9977298764325802,-.3844581335127067,.3855759535269777,.0124962222718452,.0124962222718452,.0199960252787743,.0199960252787743,37,47
support_sensitivity,vraem8_no_ayacucho,VRAEM province envelope excluding Ayacucho,predeclared_exclusion,1,0,bc,treat_22,2022,score_as_recorded,full_score_support,p1_mserd,922,922,669,253,526,396,324,202,345,51,192,347,83,69,0,0,1,1,0,-.0221273966587843,-.0419054395890639,.1634471490591268,.7976533694304754,-.3622559651207022,.2784450859425744,.0161787167206673,.0161787167206673,.0253879808235586,.0253879808235586,51,57
support_sensitivity,vraem8_no_ayacucho,VRAEM province envelope excluding Ayacucho,predeclared_exclusion,1,0,bc,treat_23,2023,score_as_recorded,full_score_support,p1_mserd,922,922,699,223,526,396,351,175,348,48,192,347,83,69,0,0,1,1,0,-.0080293728017118,.0090145964547139,.1467651887799373,.9510232132030876,-.2786398877381852,.296669080647613,.0218407020410157,.0218407020410157,.0313083524411794,.0313083524411794,98,80
support_sensitivity,vraem8_no_ayacucho,VRAEM province envelope excluding Ayacucho,predeclared_exclusion,1,0,cd,treat_07,2007,score_as_recorded,full_score_support,p1_mserd,922,922,59,863,296,626,4,292,55,571,58,481,74,79,0,0,1,1,0,-.0720123708184315,-.1043065463969996,.0409897705039138,.0109372595220554,-.1846450203192329,-.0239680724747664,.0192727923293624,.0192727923293624,.0300019030159455,.0300019030159455,296,179
support_sensitivity,vraem8_no_ayacucho,VRAEM province envelope excluding Ayacucho,predeclared_exclusion,1,0,cd,treat_08,2008,score_as_recorded,full_score_support,p1_mserd,922,922,143,779,296,626,10,286,133,493,58,481,74,79,0,0,1,1,0,-.0366384022111258,-.0821603069222553,.0807323330029122,.3088263671673792,-.2403927719958575,.0760721581513469,.0173213191409476,.0173213191409476,.0278535692319007,.0278535692319007,265,160
support_sensitivity,vraem8_no_ayacucho,VRAEM province envelope excluding Ayacucho,predeclared_exclusion,1,0,cd,treat_09,2009,score_as_recorded,full_score_support,p1_mserd,922,922,231,691,296,626,29,267,202,424,58,481,74,79,0,0,1,1,0,-.0845361834834639,-.1778193937272955,.1035688015182464,.0859937071031197,-.3808105146250357,.0251717271704446,.0193291616647562,.0193291616647562,.0292360923342054,.0292360923342054,296,179
support_sensitivity,vraem8_no_ayacucho,VRAEM province envelope excluding Ayacucho,predeclared_exclusion,1,0,cd,treat_10,2010,score_as_recorded,full_score_support,p1_mserd,922,922,278,644,296,626,38,258,240,386,58,481,74,79,0,0,1,1,0,-.1420389370133527,-.2578043146198276,.1099220508150929,.0190098599995523,-.4732475753241914,-.0423610539154638,.0192939136694236,.0192939136694236,.0303632886011134,.0303632886011134,296,179
support_sensitivity,vraem8_no_ayacucho,VRAEM province envelope excluding Ayacucho,predeclared_exclusion,1,0,cd,treat_11,2011,score_as_recorded,full_score_support,p1_mserd,922,922,319,603,296,626,45,251,274,352,58,481,74,79,0,0,1,1,0,-.1422258646205615,-.2467291231456455,.1113842367086733,.0267520306365764,-.4650382155401294,-.0284200307511616,.0175462960552116,.0175462960552116,.0283088379853945,.0283088379853945,265,166
support_sensitivity,vraem8_no_ayacucho,VRAEM province envelope excluding Ayacucho,predeclared_exclusion,1,0,cd,treat_12,2012,score_as_recorded,full_score_support,p1_mserd,922,922,338,584,296,626,48,248,290,336,58,481,74,79,0,0,1,1,0,-.1570812211202718,-.2619664435512006,.1127142953110972,.020116736330084,-.482882402903763,-.0410504841986382,.0175301367734544,.0175301367734544,.0283385283788242,.0283385283788242,265,166
support_sensitivity,vraem8_no_ayacucho,VRAEM province envelope excluding Ayacucho,predeclared_exclusion,1,0,cd,treat_13,2013,score_as_recorded,full_score_support,p1_mserd,922,922,362,560,296,626,48,248,314,312,58,481,74,79,0,0,1,1,0,-.1568039688220668,-.2620187156628705,.1130976250093708,.0205174539534116,-.4836859874182537,-.0403514439074873,.0171853925469719,.0171853925469719,.0280397453925797,.0280397453925797,265,160
support_sensitivity,vraem8_no_ayacucho,VRAEM province envelope excluding Ayacucho,predeclared_exclusion,1,0,cd,treat_14,2014,score_as_recorded,full_score_support,p1_mserd,922,922,370,552,296,626,48,248,322,304,58,481,74,79,0,0,1,1,0,-.1647153435104037,-.270301146970088,.1145070918035342,.0182472432370754,-.4947309228794367,-.0458713710607394,.0169134789275702,.0169134789275702,.0280148292672556,.0280148292672556,265,157
support_sensitivity,vraem8_no_ayacucho,VRAEM province envelope excluding Ayacucho,predeclared_exclusion,1,0,cd,treat_15,2015,score_as_recorded,full_score_support,p1_mserd,922,922,373,549,296,626,48,248,325,301,58,481,74,79,0,0,1,1,0,-.164715343582456,-.2703011470053128,.1145070918261507,.0182472432448789,-.494730922958989,-.0458713710516366,.0169134789215878,.0169134789215878,.028014829244089,.028014829244089,265,157
support_sensitivity,vraem8_no_ayacucho,VRAEM province envelope excluding Ayacucho,predeclared_exclusion,1,0,cd,treat_16,2016,score_as_recorded,full_score_support,p1_mserd,922,922,390,532,296,626,48,248,342,284,58,481,74,79,0,0,1,1,0,-.1651058001176184,-.2702987592107108,.1145364226263628,.0182780312577925,-.4947860224764403,-.0458114959449812,.0168813185781485,.0168813185781485,.0280118935678237,.0280118935678237,265,157
support_sensitivity,vraem8_no_ayacucho,VRAEM province envelope excluding Ayacucho,predeclared_exclusion,1,0,cd,treat_17,2017,score_as_recorded,full_score_support,p1_mserd,922,922,420,502,296,626,48,248,372,254,58,481,74,79,0,0,1,1,0,-.1647783246578264,-.2702873909927416,.1145053658761764,.018251403440888,-.494713784146629,-.0458609978388541,.0169082564888661,.0169082564888661,.028022848793289,.028022848793289,265,157
support_sensitivity,vraem8_no_ayacucho,VRAEM province envelope excluding Ayacucho,predeclared_exclusion,1,0,cd,treat_18,2018,score_as_recorded,full_score_support,p1_mserd,922,922,429,493,296,626,48,248,381,245,58,481,74,79,0,0,1,1,0,-.1601450698376952,-.2639662988261283,.1144562523778379,.0210959027720586,-.4882964312921175,-.0396361663601391,.0173083516071905,.0173083516071905,.0279074183674875,.0279074183674875,265,160
support_sensitivity,vraem8_no_ayacucho,VRAEM province envelope excluding Ayacucho,predeclared_exclusion,1,0,cd,treat_19,2019,score_as_recorded,full_score_support,p1_mserd,922,922,520,402,296,626,50,246,470,156,58,481,74,79,0,0,1,1,0,.2851798336641351,.1608664761673656,.1325685055264014,.2249542941860988,-.0989630201486802,.4206959724834114,.0250193143150468,.0250193143150468,.02944613600293,.02944613600293,296,196
support_sensitivity,vraem8_no_ayacucho,VRAEM province envelope excluding Ayacucho,predeclared_exclusion,1,0,cd,treat_20,2020,score_as_recorded,full_score_support,p1_mserd,922,922,567,355,296,626,61,235,506,120,58,481,74,79,0,0,1,1,0,.2834607529788187,.1765438421878405,.1192889567873195,.1388817791456845,-.0572582168686606,.4103459012443416,.0250637241112028,.0250637241112028,.0290396033724419,.0290396033724419,296,196
support_sensitivity,vraem8_no_ayacucho,VRAEM province envelope excluding Ayacucho,predeclared_exclusion,1,0,cd,treat_21,2021,score_as_recorded,full_score_support,p1_mserd,922,922,584,338,296,626,69,227,515,111,58,481,74,79,0,0,1,1,0,.2542536639838007,.1287125343288466,.1185046422980373,.2774174230466674,-.1035522965761083,.3609773652338014,.0256999989446149,.0256999989446149,.0291410628076556,.0291410628076556,296,198
support_sensitivity,vraem8_no_ayacucho,VRAEM province envelope excluding Ayacucho,predeclared_exclusion,1,0,cd,treat_22,2022,score_as_recorded,full_score_support,p1_mserd,922,922,669,253,296,626,132,164,537,89,58,481,74,79,0,0,1,1,0,-.0577324313784026,-.0041451958570571,.1181022512783321,.9720013055946095,-.2356213548556875,.2273309631415733,.0270409063907532,.0270409063907532,.0275100276007423,.0275100276007423,296,201
support_sensitivity,vraem8_no_ayacucho,VRAEM province envelope excluding Ayacucho,predeclared_exclusion,1,0,cd,treat_23,2023,score_as_recorded,full_score_support,p1_mserd,922,922,699,223,296,626,157,139,542,84,58,481,74,79,0,0,1,1,0,-.1498311113244157,-.0257942598016911,.1107998107153317,.8159162653035192,-.2429578982975963,.1913693786942141,.0225287453825245,.0225287453825245,.0254974181146134,.0254974181146134,296,190
support_sensitivity,vraem8_no_ayacucho,VRAEM province envelope excluding Ayacucho,predeclared_exclusion,1,0,de,treat_07,2007,score_as_recorded,full_score_support,p1_mserd,922,922,59,863,118,804,0,118,59,745,12,527,47,88,12,12,0,0,,,,,,,,,,,,,
support_sensitivity,vraem8_no_ayacucho,VRAEM province envelope excluding Ayacucho,predeclared_exclusion,1,0,de,treat_08,2008,score_as_recorded,full_score_support,p1_mserd,922,922,143,779,118,804,0,118,143,661,12,527,47,88,12,12,0,0,,,,,,,,,,,,,
support_sensitivity,vraem8_no_ayacucho,VRAEM province envelope excluding Ayacucho,predeclared_exclusion,1,0,de,treat_09,2009,score_as_recorded,full_score_support,p1_mserd,922,922,231,691,118,804,4,114,227,577,12,527,47,88,12,12,1,1,0,-.0498401128634591,-.1212496304380366,.0752240945167803,.1069955289363585,-.2686861464605628,.0261868855844897,.0218187661945046,.0218187661945046,.0284215025268071,.0284215025268071,118,277
support_sensitivity,vraem8_no_ayacucho,VRAEM province envelope excluding Ayacucho,predeclared_exclusion,1,0,de,treat_10,2010,score_as_recorded,full_score_support,p1_mserd,922,922,278,644,118,804,6,112,272,532,12,527,47,88,12,12,1,1,0,-.019717761127961,-.1170351613069314,.0784180781888954,.1355808798626933,-.2707317702940123,.0366614476801495,.0215040547315234,.0215040547315234,.0302148015229038,.0302148015229038,118,277
support_sensitivity,vraem8_no_ayacucho,VRAEM province envelope excluding Ayacucho,predeclared_exclusion,1,0,de,treat_11,2011,score_as_recorded,full_score_support,p1_mserd,922,922,319,603,118,804,9,109,310,494,12,527,47,88,12,12,1,1,0,-.0326991432866984,-.1022337536833365,.0853745762132333,.2311222279924895,-.2695648482566437,.0650973408899707,.0249475720638107,.0249475720638107,.0293895150456379,.0293895150456379,118,309
support_sensitivity,vraem8_no_ayacucho,VRAEM province envelope excluding Ayacucho,predeclared_exclusion,1,0,de,treat_12,2012,score_as_recorded,full_score_support,p1_mserd,922,922,338,584,118,804,10,108,328,476,12,527,47,88,12,12,1,1,0,-.0154067933144309,-.0674898685339392,.0888705394524191,.4476026757637462,-.2416729251473266,.1066931880794483,.0257987724863888,.0257987724863888,.0295070381771973,.0295070381771973,118,315
support_sensitivity,vraem8_no_ayacucho,VRAEM province envelope excluding Ayacucho,predeclared_exclusion,1,0,de,treat_13,2013,score_as_recorded,full_score_support,p1_mserd,922,922,362,560,118,804,10,108,352,452,12,527,47,88,12,12,1,1,0,-.0182587353473439,-.0701620204534811,.0888537986125172,.4297412827480878,-.2443122656235898,.1039882247166276,.0258397419126401,.0258397419126401,.0295077712443018,.0295077712443018,118,315
support_sensitivity,vraem8_no_ayacucho,VRAEM province envelope excluding Ayacucho,predeclared_exclusion,1,0,de,treat_14,2014,score_as_recorded,full_score_support,p1_mserd,922,922,370,552,118,804,10,108,360,444,12,527,47,88,12,12,1,1,0,-.0198045502179669,-.0687314168190926,.0891544826031721,.4407514056566434,-.2434709917816126,.1060081581434274,.0260321167926542,.0260321167926542,.0295088057420179,.0295088057420179,118,316
support_sensitivity,vraem8_no_ayacucho,VRAEM province envelope excluding Ayacucho,predeclared_exclusion,1,0,de,treat_15,2015,score_as_recorded,full_score_support,p1_mserd,922,922,373,549,118,804,10,108,363,441,12,527,47,88,12,12,1,1,0,-.019804550217967,-.0687314168190924,.0891544826031712,.4407514056566405,-.2434709917816108,.106008158143426,.0260321167926551,.0260321167926551,.0295088057420189,.0295088057420189,118,316
support_sensitivity,vraem8_no_ayacucho,VRAEM province envelope excluding Ayacucho,predeclared_exclusion,1,0,de,treat_16,2016,score_as_recorded,full_score_support,p1_mserd,922,922,390,532,118,804,10,108,380,424,12,527,47,88,12,12,1,1,0,-.0198014460109851,-.0686822495019587,.089156888602398,.4410907055277415,-.2434265401363083,.1060620411323909,.0260062054097341,.0260062054097341,.0295089567094103,.0295089567094103,118,316
support_sensitivity,vraem8_no_ayacucho,VRAEM province envelope excluding Ayacucho,predeclared_exclusion,1,0,de,treat_17,2017,score_as_recorded,full_score_support,p1_mserd,922,922,420,502,118,804,10,108,410,394,12,527,47,88,12,12,1,1,0,-.0197970068492924,-.0686123491697498,.0891603465319741,.4415734996823419,-.2433634172215298,.1061387188820301,.0259696750925468,.0259696750925468,.0295091401711632,.0295091401711632,118,316
support_sensitivity,vraem8_no_ayacucho,VRAEM province envelope excluding Ayacucho,predeclared_exclusion,1,0,de,treat_18,2018,score_as_recorded,full_score_support,p1_mserd,922,922,429,493,118,804,10,108,419,385,12,527,47,88,12,12,1,1,0,-.0197996245600831,-.0686563542466273,.0891591695530403,.4412746530972149,-.2434051154620865,.1060924069688318,.025991142711861,.025991142711861,.0295071732159367,.0295071732159367,118,316
support_sensitivity,vraem8_no_ayacucho,VRAEM province envelope excluding Ayacucho,predeclared_exclusion,1,0,de,treat_19,2019,score_as_recorded,full_score_support,p1_mserd,922,922,520,402,118,804,10,108,510,294,12,527,47,88,12,12,1,1,0,-.1059729169168808,-.1760894100289309,.0930111581224621,.0583302977240438,-.3583879301093166,.0062091100514549,.0233841603441694,.0233841603441694,.0295155723959053,.0295155723959053,118,291
support_sensitivity,vraem8_no_ayacucho,VRAEM province envelope excluding Ayacucho,predeclared_exclusion,1,0,de,treat_20,2020,score_as_recorded,full_score_support,p1_mserd,922,922,567,355,118,804,10,108,557,247,12,527,47,88,12,12,1,1,0,-.0832678405072231,-.1650203454342344,.093975339193397,.0790890448430736,-.3492086256882278,.0191679348197591,.0221315550521213,.0221315550521213,.0295114943518124,.0295114943518124,118,282
support_sensitivity,vraem8_no_ayacucho,VRAEM province envelope excluding Ayacucho,predeclared_exclusion,1,0,de,treat_21,2021,score_as_recorded,full_score_support,p1_mserd,922,922,584,338,118,804,11,107,573,231,12,527,47,88,12,12,1,1,0,-.0718022810642556,-.1648280278982172,.1004744229639447,.100901792224419,-.361754278274993,.0320982224785586,.0227798645540591,.0227798645540591,.0294804993006505,.0294804993006505,118,286
support_sensitivity,vraem8_no_ayacucho,VRAEM province envelope excluding Ayacucho,predeclared_exclusion,1,0,de,treat_22,2022,score_as_recorded,full_score_support,p1_mserd,922,922,669,253,118,804,23,95,646,158,12,527,47,88,12,12,1,1,0,.0699799178984643,-.0649694437057907,.1471701191874026,.6588813762859249,-.353417576913567,.2234786895019855,.0246010458360419,.0246010458360419,.0288119946787509,.0288119946787509,118,302
support_sensitivity,vraem8_no_ayacucho,VRAEM province envelope excluding Ayacucho,predeclared_exclusion,1,0,de,treat_23,2023,score_as_recorded,full_score_support,p1_mserd,922,922,699,223,118,804,29,89,670,134,12,527,47,88,12,12,1,1,0,.12574977290511,.0120592643087479,.1424291994465269,.9325249525719809,-.2670968369533169,.2912153655708127,.0255542818637027,.0255542818637027,.0296293262883466,.0296293262883466,118,310
