grid_scope,candidate_id,candidate_label,candidate_type,team_review_eligible,subset_size,cutoff,treatment_var,treatment_year,tie_rule,support_rule,specification,candidate_n,analysis_n,treated_n,untreated_n,n_left,n_right,treated_left,untreated_left,treated_right,untreated_right,unique_left,unique_right,clusters_left,clusters_right,sign_conflicts,rounding_band_n,support_ok,attempted,estimation_rc,tau_cl,tau_bc,se_rb,p_rb,ci_left,ci_right,h_left,h_right,b_left,b_right,effective_left,effective_right
dept_subset,conflict_dept_subset_001,Conflict-belt departments: APURIMAC,bounded_department_subset,0,1,ab,treat_12,2012,drop_rounding_band,adjacent_categories,p1_mserd,486,306,135,171,121,185,49,72,86,99,113,171,50,56,0,1,1,1,0,-.0687001663677456,-.0221682035669483,.3112306072430803,.9432166299798368,-.6321689846499166,.5878325775160198,.0553538911844182,.0553538911844182,.0824959645958706,.0824959645958706,71,36
dept_subset,conflict_dept_subset_001,Conflict-belt departments: APURIMAC,bounded_department_subset,0,1,ab,treat_16,2016,drop_rounding_band,adjacent_categories,p1_mserd,486,306,210,96,121,185,67,54,143,42,113,171,50,56,0,1,1,1,0,-.4160495986620343,-.5345907458630077,.270057661774961,.0477549066861606,-1.063894036691031,-.005287455034985,.0579389189649847,.0579389189649847,.0821913352111492,.0821913352111492,75,37
dept_subset,conflict_dept_subset_001,Conflict-belt departments: APURIMAC,bounded_department_subset,0,1,ab,treat_23,2023,drop_rounding_band,adjacent_categories,p1_mserd,486,306,286,20,121,185,109,12,177,8,113,171,50,56,0,1,1,1,0,.0981779534426068,.1522580188735405,.0837982746090676,.0692234104189322,-.0119835813268293,.3164996190739103,.0459604682205684,.0459604682205684,.0726985009477211,.0726985009477211,62,28
dept_subset,conflict_dept_subset_001,Conflict-belt departments: APURIMAC,bounded_department_subset,0,1,bc,treat_12,2012,drop_rounding_band,adjacent_categories,p1_mserd,486,219,77,142,98,121,28,70,49,72,78,113,43,50,0,0,1,1,0,.8533611388168488,.9797400384099213,.1700173366112967,8.28333238136e-09,.6465121819043567,1.312967894915486,.010989132287836,.010989132287836,.0171212512946918,.0171212512946918,23,18
dept_subset,conflict_dept_subset_001,Conflict-belt departments: APURIMAC,bounded_department_subset,0,1,bc,treat_16,2016,drop_rounding_band,adjacent_categories,p1_mserd,486,219,95,124,98,121,28,70,67,54,78,113,43,50,0,0,1,1,0,.8321441486926289,.9664333447304362,.1694639540754166,1.17796854481e-08,.63429009806487,1.298576591396002,.0107515028093409,.0107515028093409,.0170133813618907,.0170133813618907,23,18
dept_subset,conflict_dept_subset_001,Conflict-belt departments: APURIMAC,bounded_department_subset,0,1,bc,treat_23,2023,drop_rounding_band,adjacent_categories,p1_mserd,486,219,189,30,98,121,80,18,109,12,78,113,43,50,0,0,1,1,0,.3004764120722796,.3368254882842685,.2623819064277766,.1992391603552879,-.177433598509132,.851084575077669,.012182192297043,.012182192297043,.020374197404418,.020374197404418,25,18
dept_subset,conflict_dept_subset_001,Conflict-belt departments: APURIMAC,bounded_department_subset,0,1,cd,treat_12,2012,drop_rounding_band,adjacent_categories,p1_mserd,486,156,44,112,59,97,16,43,28,69,35,77,31,42,1,1,1,1,0,-.2694979022103428,-.2963576911635153,.4064039911522234,.4658674410912134,-1.092894876995208,.5001794946681772,.0051282986803891,.0051282986803891,.007528929509474,.007528929509474,24,19
dept_subset,conflict_dept_subset_001,Conflict-belt departments: APURIMAC,bounded_department_subset,0,1,cd,treat_16,2016,drop_rounding_band,adjacent_categories,p1_mserd,486,156,44,112,59,97,16,43,28,69,35,77,31,42,1,1,1,1,0,-.2694979022103428,-.2963576911635153,.4064039911522234,.4658674410912134,-1.092894876995208,.5001794946681772,.0051282986803891,.0051282986803891,.007528929509474,.007528929509474,24,19
dept_subset,conflict_dept_subset_001,Conflict-belt departments: APURIMAC,bounded_department_subset,0,1,cd,treat_23,2023,drop_rounding_band,adjacent_categories,p1_mserd,486,156,118,38,59,97,39,20,79,18,35,77,31,42,1,1,1,1,0,-.6970268243758526,-.7984846721805758,.3153841737211081,.0113483805975408,-1.416626293967871,-.1803430503932805,.0031835036079876,.0031835036079876,.0049836549281461,.0049836549281461,18,11
dept_subset,conflict_dept_subset_001,Conflict-belt departments: APURIMAC,bounded_department_subset,0,1,de,treat_12,2012,drop_rounding_band,adjacent_categories,p1_mserd,486,78,18,60,22,56,2,20,16,40,8,34,15,31,3,3,1,1,0,-.4249737199594298,-.4553324049371359,.5419346848711672,.4007974141771549,-1.517504869257687,.6068400593834153,.003539632120962,.003539632120962,.005588915767288,.005588915767288,11,15
dept_subset,conflict_dept_subset_001,Conflict-belt departments: APURIMAC,bounded_department_subset,0,1,de,treat_16,2016,drop_rounding_band,adjacent_categories,p1_mserd,486,78,18,60,22,56,2,20,16,40,8,34,15,31,3,3,1,1,0,-.4249737199594298,-.4553324049371359,.5419346848711672,.4007974141771549,-1.517504869257687,.6068400593834153,.003539632120962,.003539632120962,.005588915767288,.005588915767288,11,15
dept_subset,conflict_dept_subset_001,Conflict-belt departments: APURIMAC,bounded_department_subset,0,1,de,treat_23,2023,drop_rounding_band,adjacent_categories,p1_mserd,486,78,44,34,22,56,5,17,39,17,8,34,15,31,3,3,1,1,0,-.3961688022124696,-.0871394999348887,1.1542653475984,.9398220904544009,-2.349458009830358,2.175179009960581,.0022771763907214,.0022771763907214,.0036924110164541,.0036924110164541,7,8
dept_subset,conflict_dept_subset_002,Conflict-belt departments: AYACUCHO,bounded_department_subset,0,1,ab,treat_12,2012,drop_rounding_band,adjacent_categories,p1_mserd,1388,955,520,435,460,495,187,273,333,162,353,439,78,77,0,0,1,1,0,-.0190124653853556,-.0544270854551429,.2006556896273429,.7862017120546636,-.4477050104177822,.3388508395074965,.0255720545105207,.0255720545105207,.0397393356112194,.0397393356112194,112,64
dept_subset,conflict_dept_subset_002,Conflict-belt departments: AYACUCHO,bounded_department_subset,0,1,ab,treat_16,2016,drop_rounding_band,adjacent_categories,p1_mserd,1388,955,664,291,460,495,235,225,429,66,353,439,78,77,0,0,1,1,0,-.2213196967894249,-.3040827558441075,.1796814586469088,.0905804906428524,-.6562519434816718,.0480864317934568,.0176297447931299,.0176297447931299,.0313836543020505,.0313836543020505,76,42
dept_subset,conflict_dept_subset_002,Conflict-belt departments: AYACUCHO,bounded_department_subset,0,1,ab,treat_23,2023,drop_rounding_band,adjacent_categories,p1_mserd,1388,955,869,86,460,495,407,53,462,33,353,439,78,77,0,0,1,1,0,.021533064914786,.038756696087757,.1156745780086339,.7375878340131379,-.1879613107360343,.2654747029115483,.0388254210636759,.0388254210636759,.0574589310222388,.0574589310222388,169,94
dept_subset,conflict_dept_subset_002,Conflict-belt departments: AYACUCHO,bounded_department_subset,0,1,bc,treat_12,2012,drop_rounding_band,adjacent_categories,p1_mserd,1388,708,260,448,248,460,73,175,187,273,151,353,74,78,0,2,1,1,0,.0777678499082579,.0673043781491471,.1694145264833606,.6911637139908924,-.2647419922161467,.399350748514441,.0142907132024084,.0142907132024084,.0235409406753883,.0235409406753883,95,75
dept_subset,conflict_dept_subset_002,Conflict-belt departments: AYACUCHO,bounded_department_subset,0,1,bc,treat_16,2016,drop_rounding_band,adjacent_categories,p1_mserd,1388,708,311,397,248,460,76,172,235,225,151,353,74,78,0,2,1,1,0,.205982845284735,.1989312790615869,.1817332859705421,.2736773869588336,-.1572594162327939,.5551219743559677,.0159468602012907,.0159468602012907,.0255190220898301,.0255190220898301,107,85
dept_subset,conflict_dept_subset_002,Conflict-belt departments: AYACUCHO,bounded_department_subset,0,1,bc,treat_23,2023,drop_rounding_band,adjacent_categories,p1_mserd,1388,708,629,79,248,460,222,26,407,53,151,353,74,78,0,2,1,1,0,.0041606463244301,.0474534744140156,.1401130349472296,.7348508532721392,-.2271630278471563,.3220699766751874,.014742009242763,.014742009242763,.0240171165937052,.0240171165937052,101,79
dept_subset,conflict_dept_subset_002,Conflict-belt departments: AYACUCHO,bounded_department_subset,0,1,cd,treat_12,2012,drop_rounding_band,adjacent_categories,p1_mserd,1388,368,89,279,120,248,16,104,73,175,37,151,52,74,2,2,1,1,0,.1255635824736815,.1409846950614785,.3674140157279934,.7011847992859399,-.5791335431806214,.8611029333035783,.0037790203524404,.0037790203524404,.0059880337635802,.0059880337635802,34,27
dept_subset,conflict_dept_subset_002,Conflict-belt departments: AYACUCHO,bounded_department_subset,0,1,cd,treat_16,2016,drop_rounding_band,adjacent_categories,p1_mserd,1388,368,94,274,120,248,18,102,76,172,37,151,52,74,2,2,1,1,0,.3471834131050779,.3970044946392086,.3855592221222728,.3031579637759199,-.3586776946277248,1.152686683906142,.0034274900353666,.0034274900353666,.0058398170747314,.0058398170747314,27,24
dept_subset,conflict_dept_subset_002,Conflict-belt departments: AYACUCHO,bounded_department_subset,0,1,cd,treat_23,2023,drop_rounding_band,adjacent_categories,p1_mserd,1388,368,307,61,120,248,85,35,222,26,37,151,52,74,2,2,1,1,0,.0390252242240288,.0537529771946059,.0959105832434183,.5751733114644277,-.1342283116987246,.2417342660879365,.0040591039748821,.0040591039748821,.0061435009930584,.0061435009930584,37,28
dept_subset,conflict_dept_subset_002,Conflict-belt departments: AYACUCHO,bounded_department_subset,0,1,de,treat_12,2012,drop_rounding_band,adjacent_categories,p1_mserd,1388,179,17,162,63,116,1,62,16,100,10,36,34,51,4,4,1,1,0,-.1348920841088136,-.2189348233612183,.151623004446534,.1487552927197841,-.5161104513041812,.0782408045817446,.0022960119104098,.0022960119104098,.0040224704866525,.0040224704866525,27,17
dept_subset,conflict_dept_subset_002,Conflict-belt departments: AYACUCHO,bounded_department_subset,0,1,de,treat_16,2016,drop_rounding_band,adjacent_categories,p1_mserd,1388,179,19,160,63,116,1,62,18,98,10,36,34,51,4,4,1,1,0,-.1348920841088136,-.2189348233612183,.151623004446534,.1487552927197841,-.5161104513041812,.0782408045817446,.0022960119104098,.0022960119104098,.0040224704866525,.0040224704866525,27,17
dept_subset,conflict_dept_subset_002,Conflict-belt departments: AYACUCHO,bounded_department_subset,0,1,de,treat_23,2023,drop_rounding_band,adjacent_categories,p1_mserd,1388,179,108,71,63,116,25,38,83,33,10,36,34,51,4,4,1,1,0,.1956008523647421,.1957106713823844,.5858596924641716,.7383363665146812,-.9525532258411038,1.343974568605873,.0024792219321666,.0024792219321666,.0040532678809932,.0040532678809932,27,22
dept_subset,conflict_dept_subset_004,Conflict-belt departments: CUSCO,bounded_department_subset,0,1,ab,treat_12,2012,drop_rounding_band,adjacent_categories,p1_mserd,146,78,13,65,38,40,8,30,5,35,37,40,11,13,0,1,1,1,0,-.198640635209094,.0810814740804448,.4654679494601982,.8617134226891874,-.8312189428192535,.9933818909801432,.0447133842020752,.0447133842020752,.0621214815647225,.0621214815647225,16,10
dept_subset,conflict_dept_subset_004,Conflict-belt departments: CUSCO,bounded_department_subset,0,1,ab,treat_16,2016,drop_rounding_band,adjacent_categories,p1_mserd,146,78,23,55,38,40,10,28,13,27,37,40,11,13,0,1,1,1,0,-.2170654657602107,.0553698480261263,.4067243209811044,.8917137182824637,-.7417951727333467,.8525348687855994,.0461559646754874,.0461559646754874,.0641830412637472,.0641830412637472,17,10
dept_subset,conflict_dept_subset_004,Conflict-belt departments: CUSCO,bounded_department_subset,0,1,ab,treat_23,2023,drop_rounding_band,adjacent_categories,p1_mserd,146,78,53,25,38,40,27,11,26,14,37,40,11,13,0,1,1,1,0,.2193648538127733,.4033168887091404,.2781914172318813,.147119341159041,-.1419282698735022,.948562047291783,.0879899578844089,.0879899578844089,.0799504623963755,.0799504623963755,35,16
dept_subset,conflict_dept_subset_004,Conflict-belt departments: CUSCO,bounded_department_subset,0,1,bc,treat_12,2012,drop_rounding_band,adjacent_categories,p1_mserd,146,69,12,57,30,39,3,27,9,30,29,38,7,11,0,1,0,0,,,,,,,,,,,,,
dept_subset,conflict_dept_subset_004,Conflict-belt departments: CUSCO,bounded_department_subset,0,1,bc,treat_16,2016,drop_rounding_band,adjacent_categories,p1_mserd,146,69,15,54,30,39,4,26,11,28,29,38,7,11,0,1,0,0,,,,,,,,,,,,,
dept_subset,conflict_dept_subset_004,Conflict-belt departments: CUSCO,bounded_department_subset,0,1,bc,treat_23,2023,drop_rounding_band,adjacent_categories,p1_mserd,146,69,49,20,30,39,21,9,28,11,29,38,7,11,0,1,0,0,,,,,,,,,,,,,
dept_subset,conflict_dept_subset_004,Conflict-belt departments: CUSCO,bounded_department_subset,0,1,cd,treat_12,2012,drop_rounding_band,adjacent_categories,p1_mserd,146,51,6,45,20,31,3,17,3,28,15,30,5,8,0,0,0,0,,,,,,,,,,,,,
dept_subset,conflict_dept_subset_004,Conflict-belt departments: CUSCO,bounded_department_subset,0,1,cd,treat_16,2016,drop_rounding_band,adjacent_categories,p1_mserd,146,51,7,44,20,31,3,17,4,27,15,30,5,8,0,0,0,0,,,,,,,,,,,,,
dept_subset,conflict_dept_subset_004,Conflict-belt departments: CUSCO,bounded_department_subset,0,1,cd,treat_23,2023,drop_rounding_band,adjacent_categories,p1_mserd,146,51,33,18,20,31,12,8,21,10,15,30,5,8,0,0,0,0,,,,,,,,,,,,,
dept_subset,conflict_dept_subset_004,Conflict-belt departments: CUSCO,bounded_department_subset,0,1,de,treat_12,2012,drop_rounding_band,adjacent_categories,p1_mserd,146,35,3,32,16,19,0,16,3,16,6,14,6,5,1,1,0,0,,,,,,,,,,,,,
dept_subset,conflict_dept_subset_004,Conflict-belt departments: CUSCO,bounded_department_subset,0,1,de,treat_16,2016,drop_rounding_band,adjacent_categories,p1_mserd,146,35,3,32,16,19,0,16,3,16,6,14,6,5,1,1,0,0,,,,,,,,,,,,,
dept_subset,conflict_dept_subset_004,Conflict-belt departments: CUSCO,bounded_department_subset,0,1,de,treat_23,2023,drop_rounding_band,adjacent_categories,p1_mserd,146,35,14,21,16,19,2,14,12,7,6,14,6,5,1,1,0,0,,,,,,,,,,,,,
dept_subset,conflict_dept_subset_008,Conflict-belt departments: HUANCAVELICA,bounded_department_subset,0,1,ab,treat_12,2012,drop_rounding_band,adjacent_categories,p1_mserd,421,148,107,41,75,73,52,23,55,18,74,64,39,32,0,5,1,1,0,.0195849178949674,.0363925675520931,.3185212199411833,.9090358388597169,-.5878975518443873,.6606826869485735,.0810546854838682,.0810546854838682,.1061271924178446,.1061271924178446,67,22
dept_subset,conflict_dept_subset_008,Conflict-belt departments: HUANCAVELICA,bounded_department_subset,0,1,ab,treat_16,2016,drop_rounding_band,adjacent_categories,p1_mserd,421,148,128,20,75,73,61,14,67,6,74,64,39,32,0,5,1,1,0,.0468057463016618,.1860048928742128,.2195786534830225,.3969398534097127,-.2443613597263117,.6163711454747374,.0838509248583258,.0838509248583258,.1242093180503833,.1242093180503833,71,22
dept_subset,conflict_dept_subset_008,Conflict-belt departments: HUANCAVELICA,bounded_department_subset,0,1,ab,treat_23,2023,drop_rounding_band,adjacent_categories,p1_mserd,421,148,142,6,75,73,73,2,69,4,74,64,39,32,0,5,1,1,0,-.1341742512112183,-.0853425124322311,.0854319129391159,.3178171949608675,-.2527859849232596,.0821009600587974,.0671215149691638,.0671215149691638,.0954552341541289,.0954552341541289,46,21
dept_subset,conflict_dept_subset_008,Conflict-belt departments: HUANCAVELICA,bounded_department_subset,0,1,bc,treat_12,2012,drop_rounding_band,adjacent_categories,p1_mserd,421,210,100,110,130,80,44,86,56,24,95,75,46,40,0,0,1,1,0,1.255181283884758,1.699862998838414,.4567568977190034,.000197970398979,.8046359296189218,2.595090068057905,.006926609788706,.006926609788706,.0128150157032082,.0128150157032082,20,4
dept_subset,conflict_dept_subset_008,Conflict-belt departments: HUANCAVELICA,bounded_department_subset,0,1,bc,treat_16,2016,drop_rounding_band,adjacent_categories,p1_mserd,421,210,111,99,130,80,45,85,66,14,95,75,46,40,0,0,1,1,0,1.279397672054539,1.767894232574765,.4718656396608411,.0001792438929617,.8430545732975622,2.692733891851968,.006791702911667,.006791702911667,.0129038940126462,.0129038940126462,20,4
dept_subset,conflict_dept_subset_008,Conflict-belt departments: HUANCAVELICA,bounded_department_subset,0,1,bc,treat_23,2023,drop_rounding_band,adjacent_categories,p1_mserd,421,210,202,8,130,80,124,6,78,2,95,75,46,40,0,0,1,1,0,.1122410566825101,.1302484759685618,.1448077063840352,.3684086618551438,-.1535694132279981,.4140663651651217,.0116079601883847,.0116079601883847,.0186133732405689,.0186133732405689,32,10
dept_subset,conflict_dept_subset_008,Conflict-belt departments: HUANCAVELICA,bounded_department_subset,0,1,cd,treat_12,2012,drop_rounding_band,adjacent_categories,p1_mserd,421,218,66,152,87,131,21,66,45,86,36,95,39,46,1,0,1,1,0,-.375927995116109,-.3915501770452575,.2386153471244879,.1008127336910133,-.8592276635677769,.0761273094772618,.0062679390823685,.0062679390823685,.0089748025178035,.0089748025178035,44,40
dept_subset,conflict_dept_subset_008,Conflict-belt departments: HUANCAVELICA,bounded_department_subset,0,1,cd,treat_16,2016,drop_rounding_band,adjacent_categories,p1_mserd,421,218,68,150,87,131,22,65,46,85,36,95,39,46,1,0,1,1,0,-.3581239717650658,-.3421582157993934,.2651293656387478,.1968656353188033,-.8618022236952904,.1774857920965035,.0050709347856349,.0050709347856349,.0074098467927862,.0074098467927862,33,31
dept_subset,conflict_dept_subset_008,Conflict-belt departments: HUANCAVELICA,bounded_department_subset,0,1,cd,treat_23,2023,drop_rounding_band,adjacent_categories,p1_mserd,421,218,202,16,87,131,77,10,125,6,36,95,39,46,1,0,1,1,0,-.0337199764035614,-.0616489160342204,.0355874879573621,.0832166084592873,-.1313991107309029,.0081012786624621,.0039413857076553,.0039413857076553,.0070738673670323,.0070738673670323,24,25
dept_subset,conflict_dept_subset_008,Conflict-belt departments: HUANCAVELICA,bounded_department_subset,0,1,de,treat_12,2012,drop_rounding_band,adjacent_categories,p1_mserd,421,131,24,107,50,81,3,47,21,60,9,36,29,39,7,7,1,1,0,.0392441213490202,.0772765477198114,.2209005342729849,.7264699735556814,-.3556805436208949,.5102336390605177,.0023455476415737,.0023455476415737,.0040400420309495,.0040400420309495,17,11
dept_subset,conflict_dept_subset_008,Conflict-belt departments: HUANCAVELICA,bounded_department_subset,0,1,de,treat_16,2016,drop_rounding_band,adjacent_categories,p1_mserd,421,131,25,106,50,81,3,47,22,59,9,36,29,39,7,7,1,1,0,.0410627126563131,.07972019700736,.2185236773185301,.7152512780296183,-.3485783403062112,.5080187343209311,.0023632598501082,.0023632598501082,.0040758053284013,.0040758053284013,17,11
dept_subset,conflict_dept_subset_008,Conflict-belt departments: HUANCAVELICA,bounded_department_subset,0,1,de,treat_23,2023,drop_rounding_band,adjacent_categories,p1_mserd,421,131,88,43,50,81,17,33,71,10,9,36,29,39,7,7,1,1,0,-.1559791310264602,-.127775059305451,.3331662723468016,.7013361785778722,-.7807689539686449,.5252188353577429,.0028260690872189,.0028260690872189,.0046673128856224,.0046673128856224,17,14
dept_subset,conflict_dept_subset_016,Conflict-belt departments: HUANUCO,bounded_department_subset,0,1,ab,treat_12,2012,drop_rounding_band,adjacent_categories,p1_mserd,858,306,135,171,152,154,64,88,71,83,138,148,44,36,0,0,1,1,0,.1444169188062118,.0876281431369843,.2451965061762054,.7208079096255771,-.3929481781034311,.5682044643773998,.0530457083653084,.0530457083653084,.067793859640657,.067793859640657,63,45
dept_subset,conflict_dept_subset_016,Conflict-belt departments: HUANUCO,bounded_department_subset,0,1,ab,treat_16,2016,drop_rounding_band,adjacent_categories,p1_mserd,858,306,173,133,152,154,72,80,101,53,138,148,44,36,0,0,1,1,0,-.466491239274577,-.5983797057541203,.3004810938141421,.0464363240207209,-1.18731182766504,-.0094475838432007,.0276027044073485,.0276027044073485,.0453595508485366,.0453595508485366,24,26
dept_subset,conflict_dept_subset_016,Conflict-belt departments: HUANUCO,bounded_department_subset,0,1,ab,treat_23,2023,drop_rounding_band,adjacent_categories,p1_mserd,858,306,255,51,152,154,125,27,130,24,138,148,44,36,0,0,1,1,0,-.0690008512447291,-.1571263286595173,.1889598645975342,.4056726967798838,-.5274808577942494,.2132282004752149,.0453945615667227,.0453945615667227,.0539024336060611,.0539024336060611,49,42
dept_subset,conflict_dept_subset_016,Conflict-belt departments: HUANUCO,bounded_department_subset,0,1,bc,treat_12,2012,drop_rounding_band,adjacent_categories,p1_mserd,858,371,152,219,219,152,88,131,64,88,149,138,60,44,0,1,1,1,0,-.2484559727061988,-.3142515079436953,.347291224944086,.3655371648533339,-.9949298009809021,.3664267850935116,.009056108494832,.009056108494832,.0154696533105839,.0154696533105839,36,32
dept_subset,conflict_dept_subset_016,Conflict-belt departments: HUANUCO,bounded_department_subset,0,1,bc,treat_16,2016,drop_rounding_band,adjacent_categories,p1_mserd,858,371,161,210,219,152,89,130,72,80,149,138,60,44,0,1,1,1,0,-.2949812560642652,-.3900667131875947,.3556981678950683,.2728063257981169,-1.08722231162881,.3070888852536203,.008735807932903,.008735807932903,.0152703388454123,.0152703388454123,36,31
dept_subset,conflict_dept_subset_016,Conflict-belt departments: HUANUCO,bounded_department_subset,0,1,bc,treat_23,2023,drop_rounding_band,adjacent_categories,p1_mserd,858,371,317,54,219,152,192,27,125,27,149,138,60,44,0,1,1,1,0,.064422959690807,.034229504923456,.2213279133794223,.8770931778986346,-.3995652340736123,.4680242439205243,.0142127311760178,.0142127311760178,.0241472400600468,.0241472400600468,65,49
dept_subset,conflict_dept_subset_016,Conflict-belt departments: HUANUCO,bounded_department_subset,0,1,cd,treat_12,2012,drop_rounding_band,adjacent_categories,p1_mserd,858,433,124,309,213,220,36,177,88,132,42,150,54,60,0,0,1,1,0,.088470414470413,.0686136878845045,.2124370872526789,.746707688443905,-.347755352111339,.484982727880348,.0058648323812353,.0058648323812353,.0088496863009003,.0088496863009003,74,63
dept_subset,conflict_dept_subset_016,Conflict-belt departments: HUANUCO,bounded_department_subset,0,1,cd,treat_16,2016,drop_rounding_band,adjacent_categories,p1_mserd,858,433,126,307,213,220,37,176,89,131,42,150,54,60,0,0,1,1,0,.1634129510111424,.1624469421197008,.2610216519476558,.5337114555558382,-.3491460948828538,.6740399791222553,.0050871749719072,.0050871749719072,.0078925717623223,.0078925717623223,61,55
dept_subset,conflict_dept_subset_016,Conflict-belt departments: HUANUCO,bounded_department_subset,0,1,cd,treat_23,2023,drop_rounding_band,adjacent_categories,p1_mserd,858,433,344,89,213,220,151,62,193,27,42,150,54,60,0,0,1,1,0,.10492746953883,.0957319489047108,.162688041263504,.5562378293113819,-.2231307526871231,.4145946504965448,.0062379545391724,.0062379545391724,.0083639973988807,.0083639973988807,85,63
dept_subset,conflict_dept_subset_016,Conflict-belt departments: HUANUCO,bounded_department_subset,0,1,de,treat_12,2012,drop_rounding_band,adjacent_categories,p1_mserd,858,319,36,283,119,200,1,118,35,165,9,41,36,54,13,13,1,1,0,-.0550629457337959,-.052516919408961,.1808973254773279,.7715764807620824,-.4070691622441435,.3020353234262215,.0028745124302692,.0028745124302692,.00473065391113,.00473065391113,34,60
dept_subset,conflict_dept_subset_016,Conflict-belt departments: HUANUCO,bounded_department_subset,0,1,de,treat_16,2016,drop_rounding_band,adjacent_categories,p1_mserd,858,319,37,282,119,200,1,118,36,164,9,41,36,54,13,13,1,1,0,-.0551649007768724,-.0527766789815346,.1807896455012008,.7703453990698033,-.4071178729416519,.3015645149785826,.0028794139903818,.0028794139903818,.0047474941449324,.0047474941449324,34,60
dept_subset,conflict_dept_subset_016,Conflict-belt departments: HUANUCO,bounded_department_subset,0,1,de,treat_23,2023,drop_rounding_band,adjacent_categories,p1_mserd,858,319,172,147,119,200,27,92,145,55,9,41,36,54,13,13,1,1,0,-.2095970408344177,-.2414805686519785,.28974879209304,.4046115368840987,-.8093777657183208,.3264166284143637,.0039974561335874,.0039974561335874,.0057942957595503,.0057942957595503,56,93
dept_subset,conflict_dept_subset_032,Conflict-belt departments: JUNIN,bounded_department_subset,0,1,ab,treat_12,2012,drop_rounding_band,adjacent_categories,p1_mserd,758,307,161,146,168,139,74,94,87,52,144,130,44,41,0,3,1,1,0,.1611652543026284,.1161349735173097,.299124000895995,.6978308365361339,-.4701372951503672,.7024072421849866,.0471472563720557,.0471472563720557,.0605122283372405,.0605122283372405,64,29
dept_subset,conflict_dept_subset_032,Conflict-belt departments: JUNIN,bounded_department_subset,0,1,ab,treat_16,2016,drop_rounding_band,adjacent_categories,p1_mserd,758,307,196,111,168,139,86,82,110,29,144,130,44,41,0,3,1,1,0,.2991552518878722,.321904320291902,.2242911570169694,.151228015711988,-.1176982695121761,.76150691009598,.0494116461395866,.0494116461395866,.0661061216710877,.0661061216710877,67,31
dept_subset,conflict_dept_subset_032,Conflict-belt departments: JUNIN,bounded_department_subset,0,1,ab,treat_23,2023,drop_rounding_band,adjacent_categories,p1_mserd,758,307,274,33,168,139,144,24,130,9,144,130,44,41,0,3,1,1,0,.0427892864993977,.0845843893944045,.0735816107320741,.2503368293288659,-.0596329175649065,.2288016963537155,.0414969050557441,.0414969050557441,.0641365987934555,.0641365987934555,53,27
dept_subset,conflict_dept_subset_032,Conflict-belt departments: JUNIN,bounded_department_subset,0,1,bc,treat_12,2012,drop_rounding_band,adjacent_categories,p1_mserd,758,354,137,217,183,171,61,122,76,95,112,145,57,44,0,0,1,1,0,-.5389025983878813,-.6255450326121813,.2589615647842382,.0157097285116909,-1.133100372969424,-.1179896922549386,.0096665902265958,.0096665902265958,.0158819150602009,.0158819150602009,25,33
dept_subset,conflict_dept_subset_032,Conflict-belt departments: JUNIN,bounded_department_subset,0,1,bc,treat_16,2016,drop_rounding_band,adjacent_categories,p1_mserd,758,354,149,205,183,171,61,122,88,83,112,145,57,44,0,0,1,1,0,-.2449107826973761,-.2664021092200923,.3086454363222016,.3880642607325171,-.871336048404258,.3385318299640734,.0104731001681723,.0104731001681723,.01662521305777,.01662521305777,25,38
dept_subset,conflict_dept_subset_032,Conflict-belt departments: JUNIN,bounded_department_subset,0,1,bc,treat_23,2023,drop_rounding_band,adjacent_categories,p1_mserd,758,354,295,59,183,171,149,34,146,25,112,145,57,44,0,0,1,1,0,.1415843025654355,.1402453690904033,.1810144273288489,.4384728980389664,-.2145363891562834,.49502712733709,.0132268393760679,.0132268393760679,.0217626786587983,.0217626786587983,29,41
dept_subset,conflict_dept_subset_032,Conflict-belt departments: JUNIN,bounded_department_subset,0,1,cd,treat_12,2012,drop_rounding_band,adjacent_categories,p1_mserd,758,355,86,269,172,183,25,147,61,122,41,112,64,57,0,0,1,1,0,.1019008899545752,.1437188830583893,.2341400185493741,.5393369415983388,-.3151871206379241,.6026248867547026,.0047209128373029,.0047209128373029,.0067746941475166,.0067746941475166,64,40
dept_subset,conflict_dept_subset_032,Conflict-belt departments: JUNIN,bounded_department_subset,0,1,cd,treat_16,2016,drop_rounding_band,adjacent_categories,p1_mserd,758,355,88,267,172,183,27,145,61,122,41,112,64,57,0,0,1,1,0,.0929897825555892,.1310417106543761,.2305234819121765,.5697275706792237,-.3207760114842603,.5828594327930126,.0051175602568546,.0051175602568546,.0074289578661336,.0074289578661336,69,44
dept_subset,conflict_dept_subset_032,Conflict-belt departments: JUNIN,bounded_department_subset,0,1,cd,treat_23,2023,drop_rounding_band,adjacent_categories,p1_mserd,758,355,254,101,172,183,105,67,149,34,41,112,64,57,0,0,1,1,0,.5162107507709124,.5958409827344668,.2222235784601175,.0073343738476299,.1602907724370257,1.031391193031908,.0033574438657275,.0033574438657275,.006604038474433,.006604038474433,41,28
dept_subset,conflict_dept_subset_032,Conflict-belt departments: JUNIN,bounded_department_subset,0,1,de,treat_12,2012,drop_rounding_band,adjacent_categories,p1_mserd,758,256,28,228,93,163,4,89,24,139,10,40,39,62,9,9,1,1,0,-.0030649014644001,-.0054109624508915,.1762186555736953,.9755040404492112,-.3507931807794027,.3399712558776198,.002055543633246,.002055543633246,.0038087802900057,.0038087802900057,28,33
dept_subset,conflict_dept_subset_032,Conflict-belt departments: JUNIN,bounded_department_subset,0,1,de,treat_16,2016,drop_rounding_band,adjacent_categories,p1_mserd,758,256,30,226,93,163,4,89,26,137,10,40,39,62,9,9,1,1,0,-.0030649014644001,-.0054109624508915,.1762186555736953,.9755040404492112,-.3507931807794027,.3399712558776198,.002055543633246,.002055543633246,.0038087802900057,.0038087802900057,28,33
dept_subset,conflict_dept_subset_032,Conflict-belt departments: JUNIN,bounded_department_subset,0,1,de,treat_23,2023,drop_rounding_band,adjacent_categories,p1_mserd,758,256,113,143,93,163,11,82,102,61,10,40,39,62,9,9,1,1,0,.1923273565071673,.3395986468064969,.3596352814427569,.3450233967941423,-.3652735523912325,1.044470846004226,.0025059742718293,.0025059742718293,.0040823584920998,.0040823584920998,29,38
dept_subset,conflict_dept_subset_064,Conflict-belt departments: SAN MARTIN,bounded_department_subset,0,1,ab,treat_12,2012,drop_rounding_band,adjacent_categories,p1_mserd,557,86,28,58,53,33,16,37,12,21,52,32,16,12,0,0,1,1,0,-.0673437281514047,.1322463533324909,.4918032363357269,.7880059123586179,-.831670277365774,1.096162984030756,.0179429143672968,.0179429143672968,.0310865717797998,.0310865717797998,5,5
dept_subset,conflict_dept_subset_064,Conflict-belt departments: SAN MARTIN,bounded_department_subset,0,1,ab,treat_16,2016,drop_rounding_band,adjacent_categories,p1_mserd,557,86,49,37,53,33,23,30,26,7,52,32,16,12,0,0,1,1,0,.1895245016056364,.4128593943422008,.5793101919742965,.4760474205990042,-.7225677178044048,1.548286506488806,.0140262196083002,.0140262196083002,.0295193331703913,.0295193331703913,3,3
dept_subset,conflict_dept_subset_064,Conflict-belt departments: SAN MARTIN,bounded_department_subset,0,1,ab,treat_23,2023,drop_rounding_band,adjacent_categories,p1_mserd,557,86,80,6,53,33,47,6,33,0,52,32,16,12,0,0,0,0,,,,,,,,,,,,,
dept_subset,conflict_dept_subset_064,Conflict-belt departments: SAN MARTIN,bounded_department_subset,0,1,bc,treat_12,2012,drop_rounding_band,adjacent_categories,p1_mserd,557,179,43,136,126,53,27,99,16,37,92,52,40,16,0,1,1,1,0,.0882635463983956,.1154381306906869,.3778237000316063,.7599591879940012,-.6250827138769263,.8559589752583,.0142841366720475,.0142841366720475,.0246727347208719,.0246727347208719,28,16
dept_subset,conflict_dept_subset_064,Conflict-belt departments: SAN MARTIN,bounded_department_subset,0,1,bc,treat_16,2016,drop_rounding_band,adjacent_categories,p1_mserd,557,179,53,126,126,53,30,96,23,30,92,52,40,16,0,1,1,1,0,.3691737210452013,.4312932617404701,.2788168320856095,.1218947100128971,-.1151776874308761,.9777642109118163,.016839972469954,.016839972469954,.0285809370658753,.0285809370658753,40,19
dept_subset,conflict_dept_subset_064,Conflict-belt departments: SAN MARTIN,bounded_department_subset,0,1,bc,treat_23,2023,drop_rounding_band,adjacent_categories,p1_mserd,557,179,156,23,126,53,109,17,47,6,92,52,40,16,0,1,1,1,0,-.0256559878874236,-.0453558484961553,.224646421663272,.8399958209470416,-.4856547442119669,.3949430472196563,.0181370950041033,.0181370950041033,.0233744605403761,.0233744605403761,46,20
dept_subset,conflict_dept_subset_064,Conflict-belt departments: SAN MARTIN,bounded_department_subset,0,1,cd,treat_12,2012,drop_rounding_band,adjacent_categories,p1_mserd,557,314,47,267,187,127,19,168,28,99,43,93,54,40,0,0,1,1,0,-.4365511869915818,-.5051593307978233,.3779909648159434,.1814080179796232,-1.246008008318619,.2356893467229723,.0022114077192668,.0022114077192668,.0045308621933396,.0045308621933396,18,12
dept_subset,conflict_dept_subset_064,Conflict-belt departments: SAN MARTIN,bounded_department_subset,0,1,cd,treat_16,2016,drop_rounding_band,adjacent_categories,p1_mserd,557,314,53,261,187,127,22,165,31,96,43,93,54,40,0,0,1,1,0,-.492295473389033,-.5697032478524457,.3660029160889294,.119576448255697,-1.287055781623383,.1476492859184912,.0023437966698844,.0023437966698844,.0046693822866342,.0046693822866342,18,14
dept_subset,conflict_dept_subset_064,Conflict-belt departments: SAN MARTIN,bounded_department_subset,0,1,cd,treat_23,2023,drop_rounding_band,adjacent_categories,p1_mserd,557,314,252,62,187,127,142,45,110,17,43,93,54,40,0,0,1,1,0,-.0583912816601564,-.0093111281731906,.1880333096147803,.9605060913183512,-.3778496429120289,.3592273865656478,.0045772002114831,.0045772002114831,.0070867433136314,.0070867433136314,41,28
dept_subset,conflict_dept_subset_064,Conflict-belt departments: SAN MARTIN,bounded_department_subset,0,1,de,treat_12,2012,drop_rounding_band,adjacent_categories,p1_mserd,557,327,26,301,157,170,8,149,18,152,11,42,51,52,17,17,1,1,0,-.0625,0,,,,,.0010823652648358,.0010823652648358,.0028403430583128,.0028403430583128,21,13
dept_subset,conflict_dept_subset_064,Conflict-belt departments: SAN MARTIN,bounded_department_subset,0,1,de,treat_16,2016,drop_rounding_band,adjacent_categories,p1_mserd,557,327,31,296,157,170,10,147,21,149,11,42,51,52,17,17,1,1,0,-.4349175476111623,-.6120267613494659,.2933100037355225,.0369224235014617,-1.186903804976398,-.0371497177225332,.0015263384266533,.0015263384266533,.003180803842691,.003180803842691,25,23
dept_subset,conflict_dept_subset_064,Conflict-belt departments: SAN MARTIN,bounded_department_subset,0,1,de,treat_23,2023,drop_rounding_band,adjacent_categories,p1_mserd,557,327,170,157,157,170,37,120,133,37,11,42,51,52,17,17,1,1,1,,,,,,,,,,,,
dept_subset,conflict_dept_subset_003,Conflict-belt departments: APURIMAC + AYACUCHO,bounded_department_subset,0,2,ab,treat_12,2012,drop_rounding_band,adjacent_categories,p1_mserd,1874,1261,655,606,581,680,236,345,419,261,421,589,128,133,0,1,1,1,0,-.0083974031453692,-.0452257925878154,.1794819714931592,.8010568440256691,-.397003992588652,.3065524074130211,.027071352493061,.027071352493061,.0413928322629189,.0413928322629189,157,80
dept_subset,conflict_dept_subset_003,Conflict-belt departments: APURIMAC + AYACUCHO,bounded_department_subset,0,2,ab,treat_16,2016,drop_rounding_band,adjacent_categories,p1_mserd,1874,1261,874,387,581,680,302,279,572,108,421,589,128,133,0,1,1,1,0,-.2862958456795945,-.3646785446112422,.1670126665552258,.0289961957935727,-.6920173560214818,-.0373397332010025,.0185800867988441,.0185800867988441,.0323596099128903,.0323596099128903,104,56
dept_subset,conflict_dept_subset_003,Conflict-belt departments: APURIMAC + AYACUCHO,bounded_department_subset,0,2,ab,treat_23,2023,drop_rounding_band,adjacent_categories,p1_mserd,1874,1261,1155,106,581,680,516,65,639,41,421,589,128,133,0,1,1,1,0,.042564908608014,.0617977385422963,.1019010802833827,.5442170928127406,-.1379247087988584,.2615201858834511,.0355102434012995,.0355102434012995,.0526069578490028,.0526069578490028,202,104
dept_subset,conflict_dept_subset_003,Conflict-belt departments: APURIMAC + AYACUCHO,bounded_department_subset,0,2,bc,treat_12,2012,drop_rounding_band,adjacent_categories,p1_mserd,1874,927,337,590,346,581,101,245,236,345,184,421,117,128,0,2,1,1,0,.3150657522773993,.3546838355986141,.1656258970582907,.0322356951895222,.0300630424572258,.6793046287400023,.012973542323814,.012973542323814,.0223658428075706,.0223658428075706,109,84
dept_subset,conflict_dept_subset_003,Conflict-belt departments: APURIMAC + AYACUCHO,bounded_department_subset,0,2,bc,treat_16,2016,drop_rounding_band,adjacent_categories,p1_mserd,1874,927,406,521,346,581,104,242,302,279,184,421,117,128,0,2,1,1,0,.3774609612458236,.4140198958829995,.1754413001801068,.0182809933404202,.0701612661291098,.7578785256368892,.0126877295912781,.0126877295912781,.0207813754791833,.0207813754791833,106,82
dept_subset,conflict_dept_subset_003,Conflict-belt departments: APURIMAC + AYACUCHO,bounded_department_subset,0,2,bc,treat_23,2023,drop_rounding_band,adjacent_categories,p1_mserd,1874,927,818,109,346,581,302,44,516,65,184,421,117,128,0,2,1,1,0,.0923255557314868,.1317434766317074,.1197390135308671,.2712209299185052,-.1029406774331462,.366427630696561,.0139291431513376,.0139291431513376,.0239774519095393,.0239774519095393,119,91
dept_subset,conflict_dept_subset_003,Conflict-belt departments: APURIMAC + AYACUCHO,bounded_department_subset,0,2,cd,treat_12,2012,drop_rounding_band,adjacent_categories,p1_mserd,1874,524,133,391,179,345,32,147,101,244,45,184,83,116,3,3,1,1,0,-.0660141348516293,-.0692885767562016,.2818856634088667,.8058340891665607,-.6217743247957606,.4831971712833572,.0038973645621857,.0038973645621857,.0057947062602701,.0057947062602701,54,41
dept_subset,conflict_dept_subset_003,Conflict-belt departments: APURIMAC + AYACUCHO,bounded_department_subset,0,2,cd,treat_16,2016,drop_rounding_band,adjacent_categories,p1_mserd,1874,524,138,386,179,345,34,145,104,241,45,184,83,116,3,3,1,1,0,.0583792727984287,.0769485614850874,.2894349641792044,.7903486768239945,-.4903335441727937,.6442306671429686,.0037914308756459,.0037914308756459,.0058167776760968,.0058167776760968,54,40
dept_subset,conflict_dept_subset_003,Conflict-belt departments: APURIMAC + AYACUCHO,bounded_department_subset,0,2,cd,treat_23,2023,drop_rounding_band,adjacent_categories,p1_mserd,1874,524,425,99,179,345,124,55,301,44,45,184,83,116,3,3,1,1,0,-.2876142251982834,-.3263840847834918,.1872319425611668,.0812974147796938,-.6933519489588507,.0405837793918671,.0029913174127749,.0029913174127749,.0049535990527634,.0049535990527634,35,33
dept_subset,conflict_dept_subset_003,Conflict-belt departments: APURIMAC + AYACUCHO,bounded_department_subset,0,2,de,treat_12,2012,drop_rounding_band,adjacent_categories,p1_mserd,1874,257,35,222,85,172,3,82,32,140,11,44,49,82,7,7,1,1,0,-.2501854191879999,-.3538026847561768,.2884112048841133,.2199240785404279,-.9190782590668413,.2114728895544876,.0016973371608861,.0016973371608861,.0031375630848486,.0031375630848486,16,18
dept_subset,conflict_dept_subset_003,Conflict-belt departments: APURIMAC + AYACUCHO,bounded_department_subset,0,2,de,treat_16,2016,drop_rounding_band,adjacent_categories,p1_mserd,1874,257,37,220,85,172,3,82,34,138,11,44,49,82,7,7,1,1,0,-.2501854191879999,-.3538026847561768,.2884112048841133,.2199240785404279,-.9190782590668413,.2114728895544876,.0016973371608861,.0016973371608861,.0031375630848486,.0031375630848486,16,18
dept_subset,conflict_dept_subset_003,Conflict-belt departments: APURIMAC + AYACUCHO,bounded_department_subset,0,2,de,treat_23,2023,drop_rounding_band,adjacent_categories,p1_mserd,1874,257,152,105,85,172,30,55,122,50,11,44,49,82,7,7,1,1,0,-.0162396970708318,-.0773617439320837,.5451934854701347,.8871607497998364,-1.145921340059409,.9911978521952414,.0021139755358225,.0021139755358225,.0033387618410935,.0033387618410935,31,25
dept_subset,conflict_dept_subset_005,Conflict-belt departments: APURIMAC + CUSCO,bounded_department_subset,0,2,ab,treat_12,2012,drop_rounding_band,adjacent_categories,p1_mserd,632,384,148,236,159,225,57,102,91,134,146,210,61,69,0,2,1,1,0,-.1964278014000078,-.184935228459955,.2188129957215488,.3980132537107318,-.6138008194235076,.2439303625035975,.0568500201941961,.0568500201941961,.0769780845425061,.0769780845425061,96,49
dept_subset,conflict_dept_subset_005,Conflict-belt departments: APURIMAC + CUSCO,bounded_department_subset,0,2,ab,treat_16,2016,drop_rounding_band,adjacent_categories,p1_mserd,632,384,233,151,159,225,77,82,156,69,146,210,61,69,0,2,1,1,0,-.4389934853296761,-.544469803927733,.1801725085412353,.0025116357981022,-.8976014316727894,-.1913381761826767,.0559304580908461,.0559304580908461,.079826955821819,.079826955821819,94,48
dept_subset,conflict_dept_subset_005,Conflict-belt departments: APURIMAC + CUSCO,bounded_department_subset,0,2,ab,treat_23,2023,drop_rounding_band,adjacent_categories,p1_mserd,632,384,339,45,159,225,136,23,203,22,146,210,61,69,0,2,1,1,0,.0374736403976359,.0784959098586804,.1543071994336439,.61096326064469,-.223940643586501,.3809324633038617,.0633146896855907,.0633146896855907,.080017669392153,.080017669392153,105,56
dept_subset,conflict_dept_subset_005,Conflict-belt departments: APURIMAC + CUSCO,bounded_department_subset,0,2,bc,treat_12,2012,drop_rounding_band,adjacent_categories,p1_mserd,632,288,89,199,128,160,31,97,58,102,99,147,50,61,0,1,1,1,0,.6740847803743046,.7890228078823027,.1991583878807668,.0000743913671812,.3986795404169415,1.179366075347664,.0112277681591082,.0112277681591082,.0179915439707918,.0179915439707918,28,26
dept_subset,conflict_dept_subset_005,Conflict-belt departments: APURIMAC + CUSCO,bounded_department_subset,0,2,bc,treat_16,2016,drop_rounding_band,adjacent_categories,p1_mserd,632,288,110,178,128,160,32,96,78,82,99,147,50,61,0,1,1,1,0,.6603976821131563,.7820508171540645,.2016202277451664,.000104959580029,.3868824322187751,1.177219202089354,.0108466241297474,.0108466241297474,.0174969705304393,.0174969705304393,28,24
dept_subset,conflict_dept_subset_005,Conflict-belt departments: APURIMAC + CUSCO,bounded_department_subset,0,2,bc,treat_23,2023,drop_rounding_band,adjacent_categories,p1_mserd,632,288,238,50,128,160,101,27,137,23,99,147,50,61,0,1,1,1,0,.0711144080308239,.0971978847856179,.2821875250467047,.7305121774492742,-.4558795011924176,.6502752707636533,.0127813682382649,.0127813682382649,.018905577807254,.018905577807254,32,27
dept_subset,conflict_dept_subset_005,Conflict-belt departments: APURIMAC + CUSCO,bounded_department_subset,0,2,cd,treat_12,2012,drop_rounding_band,adjacent_categories,p1_mserd,632,207,50,157,79,128,19,60,31,97,36,99,36,50,1,1,1,1,0,-.2874968517873083,-.259364017791583,.3222741090928464,.4209390151393981,-.8910096647632941,.3722816291801282,.0060179794438294,.0060179794438294,.0093845536430183,.0093845536430183,39,29
dept_subset,conflict_dept_subset_005,Conflict-belt departments: APURIMAC + CUSCO,bounded_department_subset,0,2,cd,treat_16,2016,drop_rounding_band,adjacent_categories,p1_mserd,632,207,51,156,79,128,19,60,32,96,36,99,36,50,1,1,1,1,0,-.2874213211611059,-.259123250461657,.3221416266650168,.4211793962540822,-.8905092366462377,.3722627357229237,.006027395092937,.006027395092937,.0093879670597738,.0093879670597738,39,29
dept_subset,conflict_dept_subset_005,Conflict-belt departments: APURIMAC + CUSCO,bounded_department_subset,0,2,cd,treat_23,2023,drop_rounding_band,adjacent_categories,p1_mserd,632,207,151,56,79,128,51,28,100,28,36,99,36,50,1,1,1,1,0,-.4232984627296394,-.5027928131054069,.3369782702983942,.1356826271565183,-1.163258086462863,.1576724602520491,.0043208618985348,.0043208618985348,.0069861101585856,.0069861101585856,26,19
dept_subset,conflict_dept_subset_005,Conflict-belt departments: APURIMAC + CUSCO,bounded_department_subset,0,2,de,treat_12,2012,drop_rounding_band,adjacent_categories,p1_mserd,632,113,21,92,38,75,2,36,19,56,8,35,21,36,4,4,1,1,0,-.3164721810238411,-.2840668268253183,.378334993176023,.4527524842008634,-1.02558978754153,.4574561338908937,.0037437006323125,.0037437006323125,.0056807712764147,.0056807712764147,19,25
dept_subset,conflict_dept_subset_005,Conflict-belt departments: APURIMAC + CUSCO,bounded_department_subset,0,2,de,treat_16,2016,drop_rounding_band,adjacent_categories,p1_mserd,632,113,21,92,38,75,2,36,19,56,8,35,21,36,4,4,1,1,0,-.3164721810238411,-.2840668268253183,.378334993176023,.4527524842008634,-1.02558978754153,.4574561338908937,.0037437006323125,.0037437006323125,.0056807712764147,.0056807712764147,19,25
dept_subset,conflict_dept_subset_005,Conflict-belt departments: APURIMAC + CUSCO,bounded_department_subset,0,2,de,treat_23,2023,drop_rounding_band,adjacent_categories,p1_mserd,632,113,58,55,38,75,7,31,51,24,8,35,21,36,4,4,1,1,0,-.3913737017922849,-.2854600843841713,1.105934974575273,.7963169841683698,-2.453052803794926,1.882132635026584,.0021668375965459,.0021668375965459,.0040249041145539,.0040249041145539,8,11
dept_subset,conflict_dept_subset_006,Conflict-belt departments: AYACUCHO + CUSCO,bounded_department_subset,0,2,ab,treat_12,2012,drop_rounding_band,adjacent_categories,p1_mserd,1534,1033,533,500,498,535,195,303,338,197,375,472,89,90,0,1,1,1,0,-.0667758489052163,-.1018941560625466,.1818909139878461,.5753472788832261,-.4583937965937975,.2546054844687043,.0281891979157403,.0281891979157403,.0429259873489859,.0429259873489859,133,77
dept_subset,conflict_dept_subset_006,Conflict-belt departments: AYACUCHO + CUSCO,bounded_department_subset,0,2,ab,treat_16,2016,drop_rounding_band,adjacent_categories,p1_mserd,1534,1033,687,346,498,535,245,253,442,93,375,472,89,90,0,1,1,1,0,-.2424225817979615,-.3097457781421398,.1782248276914866,.0822196848101583,-.6590600215683102,.0395684652840307,.0192222404548761,.0192222404548761,.0325466607752419,.0325466607752419,91,54
dept_subset,conflict_dept_subset_006,Conflict-belt departments: AYACUCHO + CUSCO,bounded_department_subset,0,2,ab,treat_23,2023,drop_rounding_band,adjacent_categories,p1_mserd,1534,1033,922,111,498,535,434,64,488,47,375,472,89,90,0,1,1,1,0,.0432103158067454,.0637924275829185,.114317522582315,.5768249711577651,-.1602657994802631,.2878506546461001,.0384881295889688,.0384881295889688,.0557561226304732,.0557561226304732,181,100
dept_subset,conflict_dept_subset_006,Conflict-belt departments: AYACUCHO + CUSCO,bounded_department_subset,0,2,bc,treat_12,2012,drop_rounding_band,adjacent_categories,p1_mserd,1534,777,272,505,278,499,76,202,196,303,163,376,81,89,0,3,1,1,0,.0607732307194306,.0592209333059435,.1532905871600786,.6992514118417459,-.2412230966968086,.3596649633086955,.0144084389874055,.0144084389874055,.0233553191725327,.0233553191725327,104,83
dept_subset,conflict_dept_subset_006,Conflict-belt departments: AYACUCHO + CUSCO,bounded_department_subset,0,2,bc,treat_16,2016,drop_rounding_band,adjacent_categories,p1_mserd,1534,777,326,451,278,499,80,198,246,253,163,376,81,89,0,3,1,1,0,.1676936551548445,.16150359743394,.1643306113207563,.3257074616482329,-.1605784823121922,.4835856771800723,.016010296337712,.016010296337712,.0252315307766744,.0252315307766744,114,93
dept_subset,conflict_dept_subset_006,Conflict-belt departments: AYACUCHO + CUSCO,bounded_department_subset,0,2,bc,treat_23,2023,drop_rounding_band,adjacent_categories,p1_mserd,1534,777,678,99,278,499,243,35,435,64,163,376,81,89,0,3,1,1,0,-.0815915596329189,-.0532427113562908,.1703880226804527,.7546763756293776,-.387197099206972,.2807116764943904,.0131228904132934,.0131228904132934,.0202792184322715,.0202792184322715,91,74
dept_subset,conflict_dept_subset_006,Conflict-belt departments: AYACUCHO + CUSCO,bounded_department_subset,0,2,cd,treat_12,2012,drop_rounding_band,adjacent_categories,p1_mserd,1534,419,95,324,140,279,19,121,76,203,39,163,57,82,2,2,1,1,0,.0910776343664222,.1046555836968917,.3298375848907928,.7510203064387069,-.5418142034367348,.7511253708305183,.0039637200161858,.0039637200161858,.0063994108778883,.0063994108778883,40,34
dept_subset,conflict_dept_subset_006,Conflict-belt departments: AYACUCHO + CUSCO,bounded_department_subset,0,2,cd,treat_16,2016,drop_rounding_band,adjacent_categories,p1_mserd,1534,419,101,318,140,279,21,119,80,199,39,163,57,82,2,2,1,1,0,.3233030881029331,.3839980454540169,.3552213954481026,.2796924590771278,-.3122230961623242,1.080219187070358,.003498724148016,.003498724148016,.0061805592891491,.0061805592891491,29,33
dept_subset,conflict_dept_subset_006,Conflict-belt departments: AYACUCHO + CUSCO,bounded_department_subset,0,2,cd,treat_23,2023,drop_rounding_band,adjacent_categories,p1_mserd,1534,419,340,79,140,279,97,43,243,36,39,163,57,82,2,2,1,1,0,.0377538941942386,.0404689061638441,.1704950899968742,.8123766467033821,-.2936953297709445,.3746331420986328,.0057822605316295,.0057822605316295,.0088607441710281,.0088607441710281,56,48
dept_subset,conflict_dept_subset_006,Conflict-belt departments: AYACUCHO + CUSCO,bounded_department_subset,0,2,de,treat_12,2012,drop_rounding_band,adjacent_categories,p1_mserd,1534,214,20,194,79,135,1,78,19,116,10,38,40,56,5,5,1,1,0,-.1211010451032052,-.1891186170557722,.137116022823632,.1678146689014738,-.4578610834934629,.0796238493819186,.0023813371153717,.0023813371153717,.0042031642269454,.0042031642269454,29,27
dept_subset,conflict_dept_subset_006,Conflict-belt departments: AYACUCHO + CUSCO,bounded_department_subset,0,2,de,treat_16,2016,drop_rounding_band,adjacent_categories,p1_mserd,1534,214,22,192,79,135,1,78,21,114,10,38,40,56,5,5,1,1,0,-.1211010451032052,-.1891186170557722,.137116022823632,.1678146689014738,-.4578610834934629,.0796238493819186,.0023813371153717,.0023813371153717,.0042031642269454,.0042031642269454,29,27
dept_subset,conflict_dept_subset_006,Conflict-belt departments: AYACUCHO + CUSCO,bounded_department_subset,0,2,de,treat_23,2023,drop_rounding_band,adjacent_categories,p1_mserd,1534,214,122,92,79,135,27,52,95,40,10,38,40,56,5,5,1,1,0,.1810115695515364,.2104759091651789,.5559418049157895,.7049898092495906,-.8791500059699611,1.300101824300319,.0025412453368337,.0025412453368337,.004181599722392,.004181599722392,29,27
dept_subset,conflict_dept_subset_009,Conflict-belt departments: APURIMAC + HUANCAVELICA,bounded_department_subset,0,2,ab,treat_12,2012,drop_rounding_band,adjacent_categories,p1_mserd,907,454,242,212,196,258,101,95,141,117,174,233,89,88,0,6,1,1,0,-.0420380724804454,-.0486180565029248,.2734785521585089,.8588985131780971,-.5846261692777608,.4873900562719111,.0537729101609438,.0537729101609438,.0732688095772411,.0732688095772411,102,53
dept_subset,conflict_dept_subset_009,Conflict-belt departments: APURIMAC + HUANCAVELICA,bounded_department_subset,0,2,ab,treat_16,2016,drop_rounding_band,adjacent_categories,p1_mserd,907,454,338,116,196,258,128,68,210,48,174,233,89,88,0,6,1,1,0,-.2751749937049204,-.3667631319540836,.2357251952566172,.1197335879287203,-.8287760249057252,.0952497609975579,.0557114937067956,.0557114937067956,.0823016005864464,.0823016005864464,108,53
dept_subset,conflict_dept_subset_009,Conflict-belt departments: APURIMAC + HUANCAVELICA,bounded_department_subset,0,2,ab,treat_23,2023,drop_rounding_band,adjacent_categories,p1_mserd,907,454,428,26,196,258,182,14,246,12,174,233,89,88,0,6,1,1,0,.1567694563828077,.2167259687021548,.0858559598458219,.0115929835788115,.0484513795462267,.3850005578580828,.0338357430584429,.0338357430584429,.0629866108597512,.0629866108597512,59,29
dept_subset,conflict_dept_subset_009,Conflict-belt departments: APURIMAC + HUANCAVELICA,bounded_department_subset,0,2,bc,treat_12,2012,drop_rounding_band,adjacent_categories,p1_mserd,907,429,177,252,228,201,72,156,105,96,139,175,89,90,0,0,1,1,0,.8996067647636535,1.019114243931496,.1527953688679055,2.56155768805e-11,.7196408239458886,1.318587663917103,.007052661407159,.007052661407159,.0119899832638898,.0119899832638898,34,16
dept_subset,conflict_dept_subset_009,Conflict-belt departments: APURIMAC + HUANCAVELICA,bounded_department_subset,0,2,bc,treat_16,2016,drop_rounding_band,adjacent_categories,p1_mserd,907,429,206,223,228,201,73,155,133,68,139,175,89,90,0,0,1,1,0,.8907008503754626,1.000566133413034,.1507745993113052,3.21934752739e-11,.7050533489794183,1.29607891784665,.0067461229786748,.0067461229786748,.0120647711171241,.0120647711171241,33,15
dept_subset,conflict_dept_subset_009,Conflict-belt departments: APURIMAC + HUANCAVELICA,bounded_department_subset,0,2,bc,treat_23,2023,drop_rounding_band,adjacent_categories,p1_mserd,907,429,391,38,228,201,204,24,187,14,139,175,89,90,0,0,1,1,0,.1240776343145791,.1501168097582237,.1272106871328985,.237974581764328,-.0992115554708501,.3994451749872975,.0155035380163283,.0155035380163283,.0248120354190993,.0248120354190993,79,36
dept_subset,conflict_dept_subset_009,Conflict-belt departments: APURIMAC + HUANCAVELICA,bounded_department_subset,0,2,cd,treat_12,2012,drop_rounding_band,adjacent_categories,p1_mserd,907,374,110,264,146,228,37,109,73,155,45,138,70,88,2,1,1,1,0,-.3455527021558846,-.3550626391463901,.2383059387988021,.1362388115289209,-.8221336964940484,.1120084182012682,.0047506908535367,.0047506908535367,.0071324922897845,.0071324922897845,55,48
dept_subset,conflict_dept_subset_009,Conflict-belt departments: APURIMAC + HUANCAVELICA,bounded_department_subset,0,2,cd,treat_16,2016,drop_rounding_band,adjacent_categories,p1_mserd,907,374,112,262,146,228,38,108,74,154,45,138,70,88,2,1,1,1,0,-.3593434234817696,-.3758555615948255,.2498990147234434,.132573697546385,-.865648630224819,.1139375070351681,.0043353995211913,.0043353995211913,.0064869728488011,.0064869728488011,47,40
dept_subset,conflict_dept_subset_009,Conflict-belt departments: APURIMAC + HUANCAVELICA,bounded_department_subset,0,2,cd,treat_23,2023,drop_rounding_band,adjacent_categories,p1_mserd,907,374,320,54,146,228,116,30,204,24,45,138,70,88,2,1,1,1,0,-.3493022182134031,-.4052807189358367,.2033885258420673,.0463005548860071,-.8039149044549826,-.0066465334166909,.0029379411609942,.0029379411609942,.0051315395289266,.0051315395289266,35,27
dept_subset,conflict_dept_subset_009,Conflict-belt departments: APURIMAC + HUANCAVELICA,bounded_department_subset,0,2,de,treat_12,2012,drop_rounding_band,adjacent_categories,p1_mserd,907,209,42,167,72,137,5,67,37,100,10,45,44,70,10,10,1,1,0,-.3414662965711178,-.4033532892051024,.4896306982573754,.4100584074053729,-1.363011823514757,.5563052451045518,.0022816455385988,.0022816455385988,.0042620948017561,.0042620948017561,24,19
dept_subset,conflict_dept_subset_009,Conflict-belt departments: APURIMAC + HUANCAVELICA,bounded_department_subset,0,2,de,treat_16,2016,drop_rounding_band,adjacent_categories,p1_mserd,907,209,43,166,72,137,5,67,38,99,10,45,44,70,10,10,1,1,0,-.3413576418905823,-.4030727905601525,.4891813862699111,.4099542767742828,-1.361850689556555,.5557051084362494,.0022839136428851,.0022839136428851,.0042655707399204,.0042655707399204,24,19
dept_subset,conflict_dept_subset_009,Conflict-belt departments: APURIMAC + HUANCAVELICA,bounded_department_subset,0,2,de,treat_23,2023,drop_rounding_band,adjacent_categories,p1_mserd,907,209,132,77,72,137,22,50,110,27,10,45,44,70,10,10,1,1,0,-.0233602156688262,.1106851114494569,.6427712754240626,.8632804228506965,-1.149123438678581,1.370493661577495,.0022796717957742,.0022796717957742,.0041259948486951,.0041259948486951,24,19
dept_subset,conflict_dept_subset_010,Conflict-belt departments: AYACUCHO + HUANCAVELICA,bounded_department_subset,0,2,ab,treat_12,2012,drop_rounding_band,adjacent_categories,p1_mserd,1809,1103,627,476,535,568,239,296,388,180,396,496,117,109,0,5,1,1,0,-.0240856268740897,-.0592871599816122,.1907706810588353,.7559700759747419,-.4331908241631067,.3146165041998824,.0251860678009344,.0251860678009344,.0391443281437417,.0391443281437417,123,69
dept_subset,conflict_dept_subset_010,Conflict-belt departments: AYACUCHO + HUANCAVELICA,bounded_department_subset,0,2,ab,treat_16,2016,drop_rounding_band,adjacent_categories,p1_mserd,1809,1103,792,311,535,568,296,239,496,72,396,496,117,109,0,5,1,1,0,-.1965231444451518,-.2701494923013708,.1706517110098441,.1134110018352336,-.6046206997808025,.064321715178061,.0175596470174449,.0175596470174449,.0322266699914077,.0322266699914077,83,44
dept_subset,conflict_dept_subset_010,Conflict-belt departments: AYACUCHO + HUANCAVELICA,bounded_department_subset,0,2,ab,treat_23,2023,drop_rounding_band,adjacent_categories,p1_mserd,1809,1103,1011,92,535,568,480,55,531,37,396,496,117,109,0,5,1,1,0,.0261768769788948,.0464068327431326,.1117168693121664,.677851430996778,-.1725542075742816,.2653678730605468,.0356926345147328,.0356926345147328,.0544193556290827,.0544193556290827,171,95
dept_subset,conflict_dept_subset_010,Conflict-belt departments: AYACUCHO + HUANCAVELICA,bounded_department_subset,0,2,bc,treat_12,2012,drop_rounding_band,adjacent_categories,p1_mserd,1809,918,360,558,378,540,117,261,243,297,191,397,120,118,0,2,1,1,0,.0620118288541165,.0866506910890629,.1976770957874221,.6611364864682938,-.3007892972227588,.4740906794008845,.0103409415267383,.0103409415267383,.0170813417443977,.0170813417443977,96,60
dept_subset,conflict_dept_subset_010,Conflict-belt departments: AYACUCHO + HUANCAVELICA,bounded_department_subset,0,2,bc,treat_16,2016,drop_rounding_band,adjacent_categories,p1_mserd,1809,918,422,496,378,540,121,257,301,239,191,397,120,118,0,2,1,1,0,.1402102363118961,.139453757230095,.2056260531541072,.4976505408278236,-.2635659012350737,.5424734156952637,.0107942702954802,.0107942702954802,.0167208153968874,.0167208153968874,97,62
dept_subset,conflict_dept_subset_010,Conflict-belt departments: AYACUCHO + HUANCAVELICA,bounded_department_subset,0,2,bc,treat_23,2023,drop_rounding_band,adjacent_categories,p1_mserd,1809,918,831,87,378,540,346,32,485,55,191,397,120,118,0,2,1,1,0,.0320999864144933,.074357599278684,.1272769049127487,.5590729104617007,-.1751005504140324,.3238157489714004,.0121115496729691,.0121115496729691,.0196527374437602,.0196527374437602,108,68
dept_subset,conflict_dept_subset_010,Conflict-belt departments: AYACUCHO + HUANCAVELICA,bounded_department_subset,0,2,cd,treat_12,2012,drop_rounding_band,adjacent_categories,p1_mserd,1809,586,155,431,207,379,37,170,118,261,46,191,91,120,3,2,1,1,0,-.1293782371528851,-.1379895004577031,.2528257807589925,.5852110659276382,-.633518925108548,.3575399241931418,.0039646940951998,.0039646940951998,.0060619974454729,.0060619974454729,61,53
dept_subset,conflict_dept_subset_010,Conflict-belt departments: AYACUCHO + HUANCAVELICA,bounded_department_subset,0,2,cd,treat_16,2016,drop_rounding_band,adjacent_categories,p1_mserd,1809,586,162,424,207,379,40,167,122,257,46,191,91,120,3,2,1,1,0,-.0230876503003902,-.0063613268614833,.2790857010419453,.9818150302705213,-.5533592495038087,.5406365957808419,.0036854345019328,.0036854345019328,.005882662027505,.005882662027505,54,51
dept_subset,conflict_dept_subset_010,Conflict-belt departments: AYACUCHO + HUANCAVELICA,bounded_department_subset,0,2,cd,treat_23,2023,drop_rounding_band,adjacent_categories,p1_mserd,1809,586,509,77,207,379,162,45,347,32,46,191,91,120,3,2,1,1,0,-.0192770197218584,-.0176651707273989,.0528178266725458,.7380364637166,-.1211862087472678,.0858558672924699,.003636991895099,.003636991895099,.0057302262259937,.0057302262259937,54,51
dept_subset,conflict_dept_subset_010,Conflict-belt departments: AYACUCHO + HUANCAVELICA,bounded_department_subset,0,2,de,treat_12,2012,drop_rounding_band,adjacent_categories,p1_mserd,1809,310,41,269,113,197,4,109,37,160,11,46,63,90,11,11,1,1,0,-.1677601845075627,-.2445875375024369,.1872685746368534,.1915257211592986,-.6116271992268205,.1224521242219467,.0016580993359438,.0016580993359438,.0032551917557238,.0032551917557238,16,20
dept_subset,conflict_dept_subset_010,Conflict-belt departments: AYACUCHO + HUANCAVELICA,bounded_department_subset,0,2,de,treat_16,2016,drop_rounding_band,adjacent_categories,p1_mserd,1809,310,44,266,113,197,4,109,40,157,11,46,63,90,11,11,1,1,0,-.1677601845075627,-.2445875375024369,.1872685746368534,.1915257211592986,-.6116271992268205,.1224521242219467,.0016580993359438,.0016580993359438,.0032551917557238,.0032551917557238,16,20
dept_subset,conflict_dept_subset_010,Conflict-belt departments: AYACUCHO + HUANCAVELICA,bounded_department_subset,0,2,de,treat_23,2023,drop_rounding_band,adjacent_categories,p1_mserd,1809,310,196,114,113,197,42,71,154,43,11,46,63,90,11,11,1,1,0,.3055918997551244,.3351826705123884,.5087201425883819,.509976436515037,-.6618904871709209,1.332255828195698,.0019718600038199,.0019718600038199,.003372785261581,.003372785261581,41,28
dept_subset,conflict_dept_subset_012,Conflict-belt departments: CUSCO + HUANCAVELICA,bounded_department_subset,0,2,ab,treat_12,2012,drop_rounding_band,adjacent_categories,p1_mserd,567,226,120,106,113,113,60,53,60,53,110,102,50,45,0,6,1,1,0,-.3502651429367627,-.4478161831243128,.2544820523095666,.0784559422786946,-.9465918403629013,.0509594741142757,.0582203556248306,.0582203556248306,.0864969780672341,.0864969780672341,60,29
dept_subset,conflict_dept_subset_012,Conflict-belt departments: CUSCO + HUANCAVELICA,bounded_department_subset,0,2,ab,treat_16,2016,drop_rounding_band,adjacent_categories,p1_mserd,567,226,151,75,113,113,71,42,80,33,110,102,50,45,0,6,1,1,0,-.3146882004853311,-.3870801721687172,.2316306988153469,.0947001272486948,-.8410679995606415,.0669076552232072,.0573366794080622,.0573366794080622,.0748291915502475,.0748291915502475,58,29
dept_subset,conflict_dept_subset_012,Conflict-belt departments: CUSCO + HUANCAVELICA,bounded_department_subset,0,2,ab,treat_23,2023,drop_rounding_band,adjacent_categories,p1_mserd,567,226,195,31,113,113,100,13,95,18,110,102,50,45,0,6,1,1,0,.0367282096708579,.0899552260780629,.232130869812899,.6983716915213896,-.365012918455175,.5449233706113009,.0642872095069129,.0642872095069129,.0778340159963973,.0778340159963973,67,32
dept_subset,conflict_dept_subset_012,Conflict-belt departments: CUSCO + HUANCAVELICA,bounded_department_subset,0,2,bc,treat_12,2012,drop_rounding_band,adjacent_categories,p1_mserd,567,279,112,167,160,119,47,113,65,54,111,111,53,51,0,1,1,1,0,.2954513851863607,.4360746896279801,.4257139235327003,.3056759429876206,-.3983092682133509,1.270458647469311,.0082000249684687,.0082000249684687,.0134426805361017,.0134426805361017,28,11
dept_subset,conflict_dept_subset_012,Conflict-belt departments: CUSCO + HUANCAVELICA,bounded_department_subset,0,2,bc,treat_16,2016,drop_rounding_band,adjacent_categories,p1_mserd,567,279,126,153,160,119,49,111,77,42,111,111,53,51,0,1,1,1,0,.2918494510287944,.4454715711059815,.4385917572258636,.3097788678508093,-.4141524769728461,1.305095619184809,.0078738984575005,.0078738984575005,.0132229864911284,.0132229864911284,28,10
dept_subset,conflict_dept_subset_012,Conflict-belt departments: CUSCO + HUANCAVELICA,bounded_department_subset,0,2,bc,treat_23,2023,drop_rounding_band,adjacent_categories,p1_mserd,567,279,251,28,160,119,145,15,106,13,111,111,53,51,0,1,1,1,0,-.3431542313404139,-.4200785049594558,.2620746728862801,.1089575663307829,-.9337354250766805,.093578415157769,.0191291805336023,.0191291805336023,.0286123863830979,.0286123863830979,66,33
dept_subset,conflict_dept_subset_012,Conflict-belt departments: CUSCO + HUANCAVELICA,bounded_department_subset,0,2,cd,treat_12,2012,drop_rounding_band,adjacent_categories,p1_mserd,567,269,72,197,107,162,24,83,48,114,38,112,44,54,1,0,1,1,0,-.3798644041704463,-.3921723542311337,.2462138581297567,.1112024028886243,-.8747426486601111,.0903979401978436,.0046850146022207,.0046850146022207,.0069639453216322,.0069639453216322,37,36
dept_subset,conflict_dept_subset_012,Conflict-belt departments: CUSCO + HUANCAVELICA,bounded_department_subset,0,2,cd,treat_16,2016,drop_rounding_band,adjacent_categories,p1_mserd,567,269,75,194,107,162,25,82,50,112,38,112,44,54,1,0,1,1,0,-.369934957785351,-.3708212570483234,.2287665921299124,.1050264408067919,-.8191955384889158,.0775530243922691,.0056731697451106,.0056731697451106,.0085558436729699,.0085558436729699,46,44
dept_subset,conflict_dept_subset_012,Conflict-belt departments: CUSCO + HUANCAVELICA,bounded_department_subset,0,2,cd,treat_23,2023,drop_rounding_band,adjacent_categories,p1_mserd,567,269,235,34,107,162,89,18,146,16,38,112,44,54,1,0,1,1,0,.0524639645467482,.0701241229235721,.2082993903561934,.7363802775032581,-.3381351801762168,.4783834260233609,.0041859763063509,.0041859763063509,.0062932934959406,.0062932934959406,31,31
dept_subset,conflict_dept_subset_012,Conflict-belt departments: CUSCO + HUANCAVELICA,bounded_department_subset,0,2,de,treat_12,2012,drop_rounding_band,adjacent_categories,p1_mserd,567,166,27,139,66,100,3,63,24,76,10,38,35,44,8,8,1,1,0,.0110356729012884,.0484730230287895,.2109249357128696,.8182380744007133,-.3649322544098611,.4618783004674402,.0021639057958083,.0021639057958083,.0037814875069536,.0037814875069536,18,14
dept_subset,conflict_dept_subset_012,Conflict-belt departments: CUSCO + HUANCAVELICA,bounded_department_subset,0,2,de,treat_16,2016,drop_rounding_band,adjacent_categories,p1_mserd,567,166,28,138,66,100,3,63,25,75,10,38,35,44,8,8,1,1,0,.0216014223257996,.0591603795325615,.2019323181151915,.7695440670407059,-.3366196912878988,.4549404503530218,.0022157610025134,.0022157610025134,.0038229897683076,.0038229897683076,18,14
dept_subset,conflict_dept_subset_012,Conflict-belt departments: CUSCO + HUANCAVELICA,bounded_department_subset,0,2,de,treat_23,2023,drop_rounding_band,adjacent_categories,p1_mserd,567,166,102,64,66,100,19,47,83,17,10,38,35,44,8,8,1,1,0,.0291826648041584,.1289448156430342,.6560716510194082,.8441869391446081,-1.156931991632737,1.414821622918805,.0031522033483897,.0031522033483897,.0061227718765753,.0061227718765753,29,27
dept_subset,conflict_dept_subset_017,Conflict-belt departments: APURIMAC + HUANUCO,bounded_department_subset,0,2,ab,treat_12,2012,drop_rounding_band,adjacent_categories,p1_mserd,1344,612,270,342,273,339,113,160,157,182,232,313,94,92,0,1,1,1,0,.0595678003152043,.0539822022469696,.1965766891588985,.7836147975207642,-.3313010287045966,.4392654331985358,.0541955433272484,.0541955433272484,.0716530525446121,.0716530525446121,136,81
dept_subset,conflict_dept_subset_017,Conflict-belt departments: APURIMAC + HUANUCO,bounded_department_subset,0,2,ab,treat_16,2016,drop_rounding_band,adjacent_categories,p1_mserd,1344,612,383,229,273,339,139,134,244,95,232,313,94,92,0,1,1,1,0,-.3925998125883303,-.4604290324125735,.221326416585788,.0374964974104355,-.8942208377480263,-.0266372270771207,.038107859077103,.038107859077103,.06031849999523,.06031849999523,86,57
dept_subset,conflict_dept_subset_017,Conflict-belt departments: APURIMAC + HUANUCO,bounded_department_subset,0,2,ab,treat_23,2023,drop_rounding_band,adjacent_categories,p1_mserd,1344,612,541,71,273,339,234,39,307,32,232,313,94,92,0,1,1,1,0,-.0622142976609534,-.0536701350912099,.1314649935172588,.6830926478116386,-.3113367876128288,.2039965174304091,.0680993979614032,.0680993979614032,.0736842591871386,.0736842591871386,172,101
dept_subset,conflict_dept_subset_017,Conflict-belt departments: APURIMAC + HUANUCO,bounded_department_subset,0,2,bc,treat_12,2012,drop_rounding_band,adjacent_categories,p1_mserd,1344,590,229,361,317,273,116,201,113,160,184,232,103,94,0,1,1,1,0,.1772055529165181,.1974381381415802,.2146036370900677,.357565960538024,-.2231772615062565,.6180535377894169,.0133345723658278,.0133345723658278,.0212097505164659,.0212097505164659,90,64
dept_subset,conflict_dept_subset_017,Conflict-belt departments: APURIMAC + HUANUCO,bounded_department_subset,0,2,bc,treat_16,2016,drop_rounding_band,adjacent_categories,p1_mserd,1344,590,256,334,317,273,117,200,139,134,184,232,103,94,0,1,1,1,0,.1832197780948971,.1836851545778844,.2149956423837095,.3929017451737771,-.2376985613272394,.6050688704830081,.0133592676964442,.0133592676964442,.021173509301113,.021173509301113,90,64
dept_subset,conflict_dept_subset_017,Conflict-belt departments: APURIMAC + HUANUCO,bounded_department_subset,0,2,bc,treat_23,2023,drop_rounding_band,adjacent_categories,p1_mserd,1344,590,506,84,317,273,272,45,234,39,184,232,103,94,0,1,1,1,0,.1408616240373248,.1452964843580637,.1526066542425683,.3410473029604671,-.1538070617585267,.4444000304746542,.0160989907138765,.0160989907138765,.0262636166069787,.0262636166069787,109,78
dept_subset,conflict_dept_subset_017,Conflict-belt departments: APURIMAC + HUANUCO,bounded_department_subset,0,2,cd,treat_12,2012,drop_rounding_band,adjacent_categories,p1_mserd,1344,589,168,421,272,317,52,220,116,201,48,184,85,102,1,1,1,1,0,-.0132482196651543,-.0390302038494319,.2018227000705355,.8466546643945483,-.4345954272503109,.3565350195514471,.0051322044921448,.0051322044921448,.0078400400270684,.0078400400270684,91,74
dept_subset,conflict_dept_subset_017,Conflict-belt departments: APURIMAC + HUANUCO,bounded_department_subset,0,2,cd,treat_16,2016,drop_rounding_band,adjacent_categories,p1_mserd,1344,589,170,419,272,317,53,219,117,200,48,184,85,102,1,1,1,1,0,.0601396691084005,.0472675194601154,.2220380800220059,.8314203763881547,-.3879191205794385,.4824541594996694,.0050922706605947,.0050922706605947,.0076705351329241,.0076705351329241,85,74
dept_subset,conflict_dept_subset_017,Conflict-belt departments: APURIMAC + HUANUCO,bounded_department_subset,0,2,cd,treat_23,2023,drop_rounding_band,adjacent_categories,p1_mserd,1344,589,462,127,272,317,190,82,272,45,48,184,85,102,1,1,1,1,0,-.0960774734394312,-.1444887910289294,.1802624117884438,.4228150602381911,-.4977966259006076,.2088190438427488,.0040236216513463,.0040236216513463,.0064271593655795,.0064271593655795,68,58
dept_subset,conflict_dept_subset_017,Conflict-belt departments: APURIMAC + HUANUCO,bounded_department_subset,0,2,de,treat_12,2012,drop_rounding_band,adjacent_categories,p1_mserd,1344,397,54,343,141,256,3,138,51,205,10,47,51,85,16,16,1,1,0,-.1193332088890166,-.1186774209831207,.1758498505193631,.4997524639116953,-.4633367946878243,.2259819527215829,.0032690109154585,.0032690109154585,.005141138804212,.005141138804212,63,83
dept_subset,conflict_dept_subset_017,Conflict-belt departments: APURIMAC + HUANUCO,bounded_department_subset,0,2,de,treat_16,2016,drop_rounding_band,adjacent_categories,p1_mserd,1344,397,55,342,141,256,3,138,52,204,10,47,51,85,16,16,1,1,0,-.1234340002979116,-.1236415880513872,.1650839904348302,.4538802831249228,-.447200263727809,.1999170876250346,.0034246710394414,.0034246710394414,.005273064491034,.005273064491034,63,96
dept_subset,conflict_dept_subset_017,Conflict-belt departments: APURIMAC + HUANUCO,bounded_department_subset,0,2,de,treat_23,2023,drop_rounding_band,adjacent_categories,p1_mserd,1344,397,216,181,141,256,32,109,184,72,10,47,51,85,16,16,1,1,0,-.1866748714842035,-.106971018995702,.4013224827020248,.7898185138394066,-.8935486312778693,.6796065932864652,.0026014112556404,.0026014112556404,.0041875253367775,.0041875253367775,41,70
dept_subset,conflict_dept_subset_018,Conflict-belt departments: AYACUCHO + HUANUCO,bounded_department_subset,0,2,ab,treat_12,2012,drop_rounding_band,adjacent_categories,p1_mserd,2246,1261,655,606,612,649,251,361,404,245,436,564,122,113,0,0,1,1,0,-.0173226275019784,-.06119858623749,.1845307309617686,.7401577778850964,-.4228721729634066,.3004750004884267,.0252792718177797,.0252792718177797,.0395235465219683,.0395235465219683,134,88
dept_subset,conflict_dept_subset_018,Conflict-belt departments: AYACUCHO + HUANUCO,bounded_department_subset,0,2,ab,treat_16,2016,drop_rounding_band,adjacent_categories,p1_mserd,2246,1261,837,424,612,649,307,305,530,119,436,564,122,113,0,0,1,1,0,-.3209051419110482,-.3888909842738071,.2014982058070876,.0536071777639339,-.7838202106051383,.0060382420575241,.0172928033553539,.0172928033553539,.0298149299333787,.0298149299333787,92,56
dept_subset,conflict_dept_subset_018,Conflict-belt departments: AYACUCHO + HUANUCO,bounded_department_subset,0,2,ab,treat_23,2023,drop_rounding_band,adjacent_categories,p1_mserd,2246,1261,1124,137,612,649,532,80,592,57,436,564,122,113,0,0,1,1,0,-.0210422101285519,-.0121784135073006,.0967357997176847,.8998161862090632,-.2017770969696426,.1774202699550413,.0468230676429991,.0468230676429991,.0616635648072363,.0616635648072363,253,151
dept_subset,conflict_dept_subset_018,Conflict-belt departments: AYACUCHO + HUANUCO,bounded_department_subset,0,2,bc,treat_12,2012,drop_rounding_band,adjacent_categories,p1_mserd,2246,1079,412,667,467,612,161,306,251,361,228,436,134,122,0,3,1,1,0,-.0626334131116173,-.083277611107516,.1883603422587745,.6584033843877402,-.4524570980503519,.28590187583532,.0104407937126714,.0104407937126714,.0175833097553054,.0175833097553054,105,90
dept_subset,conflict_dept_subset_018,Conflict-belt departments: AYACUCHO + HUANUCO,bounded_department_subset,0,2,bc,treat_16,2016,drop_rounding_band,adjacent_categories,p1_mserd,2246,1079,472,607,467,612,165,302,307,305,228,436,134,122,0,3,1,1,0,-.0216849170506399,-.065690996184281,.1927889192085559,.7332989331292938,-.4435503344514526,.3121683420828907,.0101914381048632,.0101914381048632,.0174650516119929,.0174650516119929,103,88
dept_subset,conflict_dept_subset_018,Conflict-belt departments: AYACUCHO + HUANUCO,bounded_department_subset,0,2,bc,treat_23,2023,drop_rounding_band,adjacent_categories,p1_mserd,2246,1079,946,133,467,612,414,53,532,80,228,436,134,122,0,3,1,1,0,.0136764158023988,.0265579557870601,.1190699892580257,.8235005487690219,-.2068149347982413,.2599308463723615,.0151601066926844,.0151601066926844,.0240179531592401,.0240179531592401,170,135
dept_subset,conflict_dept_subset_018,Conflict-belt departments: AYACUCHO + HUANUCO,bounded_department_subset,0,2,cd,treat_12,2012,drop_rounding_band,adjacent_categories,p1_mserd,2246,801,213,588,333,468,52,281,161,307,47,228,106,134,2,2,1,1,0,.0956817690985209,.0888184254521234,.2005608722997961,.6578740793329143,-.3042736609634139,.4819105118676606,.0042603960502942,.0042603960502942,.0064930429722144,.0064930429722144,89,75
dept_subset,conflict_dept_subset_018,Conflict-belt departments: AYACUCHO + HUANUCO,bounded_department_subset,0,2,cd,treat_16,2016,drop_rounding_band,adjacent_categories,p1_mserd,2246,801,220,581,333,468,55,278,165,303,47,228,106,134,2,2,1,1,0,.2774374294032124,.3163985115781134,.2190236397514239,.1485741716900564,-.1128799340975526,.7456769572537794,.0038756895314628,.0038756895314628,.0061512992701031,.0061512992701031,81,72
dept_subset,conflict_dept_subset_018,Conflict-belt departments: AYACUCHO + HUANUCO,bounded_department_subset,0,2,cd,treat_23,2023,drop_rounding_band,adjacent_categories,p1_mserd,2246,801,651,150,333,468,236,97,415,53,47,228,106,134,2,2,1,1,0,.0865202105247369,.0924089082462998,.1156021560489915,.4240758364865705,-.1341671541449027,.3189849706375022,.0055437889048023,.0055437889048023,.0079872399335912,.0079872399335912,120,100
dept_subset,conflict_dept_subset_018,Conflict-belt departments: AYACUCHO + HUANUCO,bounded_department_subset,0,2,de,treat_12,2012,drop_rounding_band,adjacent_categories,p1_mserd,2246,498,53,445,182,316,2,180,51,265,10,46,70,105,17,17,1,1,0,-.0161529484268092,-.0214135127220319,.0996737872617203,.8298952236320172,-.216770545957711,.1739435205136471,.0033261036873764,.0033261036873764,.0053435250560804,.0053435250560804,93,120
dept_subset,conflict_dept_subset_018,Conflict-belt departments: AYACUCHO + HUANUCO,bounded_department_subset,0,2,de,treat_16,2016,drop_rounding_band,adjacent_categories,p1_mserd,2246,498,56,442,182,316,2,180,54,262,10,46,70,105,17,17,1,1,0,-.0165784516226285,-.0229138786830858,.1018110975694774,.8219305116210971,-.2224599631457548,.1766322057795833,.0032719851845136,.0032719851845136,.0052389170064326,.0052389170064326,93,103
dept_subset,conflict_dept_subset_018,Conflict-belt departments: AYACUCHO + HUANUCO,bounded_department_subset,0,2,de,treat_23,2023,drop_rounding_band,adjacent_categories,p1_mserd,2246,498,280,218,182,316,52,130,228,88,10,46,70,105,17,17,1,1,0,-.0731780000312825,-.0623027764923552,.3405210604224252,.8548270001986008,-.7297117908976961,.6051062379129858,.002671470674558,.002671470674558,.0043114173735257,.0043114173735257,62,82
dept_subset,conflict_dept_subset_020,Conflict-belt departments: CUSCO + HUANUCO,bounded_department_subset,0,2,ab,treat_12,2012,drop_rounding_band,adjacent_categories,p1_mserd,1004,384,148,236,190,194,72,118,76,118,170,185,55,49,0,1,1,1,0,-.0386198265353171,-.0729983040967205,.210372875187441,.7285951884111788,-.4853215627882448,.3393249545948038,.0357889558233934,.0357889558233934,.0501234484787727,.0501234484787727,48,37
dept_subset,conflict_dept_subset_020,Conflict-belt departments: CUSCO + HUANUCO,bounded_department_subset,0,2,ab,treat_16,2016,drop_rounding_band,adjacent_categories,p1_mserd,1004,384,196,188,190,194,82,108,114,80,170,185,55,49,0,1,1,1,0,-.4077539372915083,-.4989039994570948,.2255687117580062,.0269832076901259,-.9410105505418834,-.0567974483723063,.0319849489577066,.0319849489577066,.0530891409505149,.0530891409505149,40,35
dept_subset,conflict_dept_subset_020,Conflict-belt departments: CUSCO + HUANUCO,bounded_department_subset,0,2,ab,treat_23,2023,drop_rounding_band,adjacent_categories,p1_mserd,1004,384,308,76,190,194,152,38,156,38,170,185,55,49,0,1,1,1,0,.0245799857324394,-.0213055063255558,.1789427602343996,.9052252470398354,-.3720268716791651,.3294158590280535,.0399270230708404,.0399270230708404,.0499772494489824,.0499772494489824,54,46
dept_subset,conflict_dept_subset_020,Conflict-belt departments: CUSCO + HUANUCO,bounded_department_subset,0,2,bc,treat_12,2012,drop_rounding_band,adjacent_categories,p1_mserd,1004,440,164,276,249,191,91,158,73,118,159,171,67,55,0,2,1,1,0,-.2109485953974817,-.2569640798128923,.3185335219703599,.4198337581642154,-.8812783107434955,.367350151117711,.0091689261223025,.0091689261223025,.015873884719309,.015873884719309,41,38
dept_subset,conflict_dept_subset_020,Conflict-belt departments: CUSCO + HUANUCO,bounded_department_subset,0,2,bc,treat_16,2016,drop_rounding_band,adjacent_categories,p1_mserd,1004,440,176,264,249,191,93,156,83,108,159,171,67,55,0,2,1,1,0,-.242774006838943,-.3153824304856505,.3237585037713764,.3299926714930637,-.9499374375661234,.3191725765948223,.0089708543227116,.0089708543227116,.0158483394769178,.0158483394769178,41,37
dept_subset,conflict_dept_subset_020,Conflict-belt departments: CUSCO + HUANUCO,bounded_department_subset,0,2,bc,treat_23,2023,drop_rounding_band,adjacent_categories,p1_mserd,1004,440,366,74,249,191,213,36,153,38,159,171,67,55,0,2,1,1,0,-.0403952233904876,-.0675766250072376,.222400192021618,.7612410529118527,-.5034729915244009,.3683197415099258,.0135949878341608,.0135949878341608,.0222748589610861,.0222748589610861,69,53
dept_subset,conflict_dept_subset_020,Conflict-belt departments: CUSCO + HUANUCO,bounded_department_subset,0,2,cd,treat_12,2012,drop_rounding_band,adjacent_categories,p1_mserd,1004,484,130,354,233,251,39,194,91,160,43,160,59,68,0,0,1,1,0,.0065168288685442,-.0277062274932397,.2179214613408953,.8988307082620783,-.4548244431797321,.3994119881932527,.0051989054002286,.0051989054002286,.0081988765124441,.0081988765124441,71,62
dept_subset,conflict_dept_subset_020,Conflict-belt departments: CUSCO + HUANUCO,bounded_department_subset,0,2,cd,treat_16,2016,drop_rounding_band,adjacent_categories,p1_mserd,1004,484,133,351,233,251,40,193,93,158,43,160,59,68,0,0,1,1,0,.1268357741458263,.1299123830690093,.2287571815037859,.5700993700757855,-.318443453883303,.5782682200213216,.0059074690453286,.0059074690453286,.009246218995508,.009246218995508,81,71
dept_subset,conflict_dept_subset_020,Conflict-belt departments: CUSCO + HUANUCO,bounded_department_subset,0,2,cd,treat_23,2023,drop_rounding_band,adjacent_categories,p1_mserd,1004,484,377,107,233,251,163,70,214,37,43,160,59,68,0,0,1,1,0,.1163599313108485,.1310519724957462,.1781661535872535,.4619982514036119,-.2181472717993023,.4802512167907946,.004878835906988,.004878835906988,.0070214793571903,.0070214793571903,64,57
dept_subset,conflict_dept_subset_020,Conflict-belt departments: CUSCO + HUANUCO,bounded_department_subset,0,2,de,treat_12,2012,drop_rounding_band,adjacent_categories,p1_mserd,1004,354,39,315,135,219,1,134,38,181,9,42,42,59,14,14,1,1,0,-.0493268024279408,-.0448555116477449,.1716729938149199,.7938730320578788,-.3813283966431553,.2916173733476655,.00286559051195,.00286559051195,.0047024238116984,.0047024238116984,36,65
dept_subset,conflict_dept_subset_020,Conflict-belt departments: CUSCO + HUANUCO,bounded_department_subset,0,2,de,treat_16,2016,drop_rounding_band,adjacent_categories,p1_mserd,1004,354,40,314,135,219,1,134,39,180,9,42,42,59,14,14,1,1,0,-.0493713420797828,-.0449305910895733,.1716560077746098,.7935158467124143,-.381370184057736,.2915090018785893,.0028677211597019,.0028677211597019,.0047045735798834,.0047045735798834,36,65
dept_subset,conflict_dept_subset_020,Conflict-belt departments: CUSCO + HUANUCO,bounded_department_subset,0,2,de,treat_23,2023,drop_rounding_band,adjacent_categories,p1_mserd,1004,354,186,168,135,219,29,106,157,62,9,42,42,59,14,14,1,1,0,-.1834447112703996,-.1573484184853911,.4291997590273507,.7139108260089352,-.9985644883522683,.6838676513814862,.0027272861704018,.0027272861704018,.0044291106332197,.0044291106332197,36,65
dept_subset,conflict_dept_subset_024,Conflict-belt departments: HUANCAVELICA + HUANUCO,bounded_department_subset,0,2,ab,treat_12,2012,drop_rounding_band,adjacent_categories,p1_mserd,1279,454,242,212,227,227,116,111,126,101,200,209,83,68,0,5,1,1,0,.0428940801492192,.0126296349073265,.2298145642597379,.956173705887939,-.4377986341645256,.4630579039791786,.0590073026565306,.0590073026565306,.0749428729364048,.0749428729364048,111,66
dept_subset,conflict_dept_subset_024,Conflict-belt departments: HUANCAVELICA + HUANUCO,bounded_department_subset,0,2,ab,treat_16,2016,drop_rounding_band,adjacent_categories,p1_mserd,1279,454,301,153,227,227,133,94,168,59,200,209,83,68,0,5,1,1,0,-.278814745406443,-.3685911361365511,.2564747819937447,.150677145310826,-.8712724717870526,.1340901995139503,.038883706802294,.038883706802294,.0615116007492746,.0615116007492746,56,51
dept_subset,conflict_dept_subset_024,Conflict-belt departments: HUANCAVELICA + HUANUCO,bounded_department_subset,0,2,ab,treat_23,2023,drop_rounding_band,adjacent_categories,p1_mserd,1279,454,397,57,227,227,198,29,199,28,200,209,83,68,0,5,1,1,0,-.0920767991654108,-.1128904439638789,.1633303976745665,.489453432228422,-.4330121409866338,.207231253058876,.0609617575280505,.0609617575280505,.0689317107001557,.0689317107001557,118,68
dept_subset,conflict_dept_subset_024,Conflict-belt departments: HUANCAVELICA + HUANUCO,bounded_department_subset,0,2,bc,treat_12,2012,drop_rounding_band,adjacent_categories,p1_mserd,1279,581,252,329,349,232,132,217,120,112,191,201,106,84,0,1,1,1,0,-.0813833248216421,-.0831975609149623,.2196728072338159,.7048854028122107,-.5137483514760512,.3473532296461265,.0130994917735759,.0130994917735759,.0207803518134182,.0207803518134182,95,57
dept_subset,conflict_dept_subset_024,Conflict-belt departments: HUANCAVELICA + HUANUCO,bounded_department_subset,0,2,bc,treat_16,2016,drop_rounding_band,adjacent_categories,p1_mserd,1279,581,272,309,349,232,134,215,138,94,191,201,106,84,0,1,1,1,0,-.0711044633585419,-.1017232653350816,.2222401685016301,.647155248722324,-.5373059915163895,.3338594608462263,.0127282130983769,.0127282130983769,.0202984916925631,.0202984916925631,94,56
dept_subset,conflict_dept_subset_024,Conflict-belt departments: HUANCAVELICA + HUANUCO,bounded_department_subset,0,2,bc,treat_23,2023,drop_rounding_band,adjacent_categories,p1_mserd,1279,581,519,62,349,232,316,33,203,29,191,201,106,84,0,1,1,1,0,-.0019041876545374,-.0235857359317899,.1628161572605839,.8848204998849847,-.3426995402637439,.2955280684001641,.0139673883403292,.0139673883403292,.0228020732987845,.0228020732987845,100,61
dept_subset,conflict_dept_subset_024,Conflict-belt departments: HUANCAVELICA + HUANUCO,bounded_department_subset,0,2,cd,treat_12,2012,drop_rounding_band,adjacent_categories,p1_mserd,1279,651,190,461,300,351,57,243,133,218,48,192,93,106,1,0,1,1,0,-.0745751130450506,-.0868053357357831,.1709191934546253,.6115420325219002,-.4218007991734827,.2481901277019166,.0055987982703848,.0055987982703848,.0084836973837039,.0084836973837039,110,97
dept_subset,conflict_dept_subset_024,Conflict-belt departments: HUANCAVELICA + HUANUCO,bounded_department_subset,0,2,cd,treat_16,2016,drop_rounding_band,adjacent_categories,p1_mserd,1279,651,194,457,300,351,59,241,135,216,48,192,93,106,1,0,1,1,0,-.0142751606811844,-.0046299274075239,.202143818670515,.9817267495251309,-.4008245316991285,.3915646768840807,.0050376114900563,.0050376114900563,.0077219896257575,.0077219896257575,94,85
dept_subset,conflict_dept_subset_024,Conflict-belt departments: HUANCAVELICA + HUANUCO,bounded_department_subset,0,2,cd,treat_23,2023,drop_rounding_band,adjacent_categories,p1_mserd,1279,651,546,105,300,351,228,72,318,33,48,192,93,106,1,0,1,1,0,.0796030292759433,.0719363959526802,.1224443416716366,.5568660574747943,-.1680501038344444,.3119228957398048,.0052316862337901,.0052316862337901,.0072232437784063,.0072232437784063,98,87
dept_subset,conflict_dept_subset_024,Conflict-belt departments: HUANCAVELICA + HUANUCO,bounded_department_subset,0,2,de,treat_12,2012,drop_rounding_band,adjacent_categories,p1_mserd,1279,450,60,390,169,281,4,165,56,225,10,48,65,93,20,20,1,1,0,-.0146445735929774,.0105049161120396,.1700414075040365,.9507391643209345,-.3227701184763708,.3437799507004499,.0024836661209091,.0024836661209091,.0044369237630151,.0044369237630151,51,74
dept_subset,conflict_dept_subset_024,Conflict-belt departments: HUANCAVELICA + HUANUCO,bounded_department_subset,0,2,de,treat_16,2016,drop_rounding_band,adjacent_categories,p1_mserd,1279,450,62,388,169,281,4,165,58,223,10,48,65,93,20,20,1,1,0,-.0147405789344471,.0104086892646644,.169917684722347,.9511543402667908,-.3226238531275675,.3434412316568963,.0024870436357556,.0024870436357556,.0044441015552494,.0044441015552494,51,74
dept_subset,conflict_dept_subset_024,Conflict-belt departments: HUANCAVELICA + HUANUCO,bounded_department_subset,0,2,de,treat_23,2023,drop_rounding_band,adjacent_categories,p1_mserd,1279,450,260,190,169,281,44,125,216,65,10,48,65,93,20,20,1,1,0,-.1563421901733522,-.1074185354986814,.3722815057693199,.7729325325912602,-.8370768789168886,.6222398079195258,.0025936068295484,.0025936068295484,.0043259664605131,.0043259664605131,51,74
dept_subset,conflict_dept_subset_033,Conflict-belt departments: APURIMAC + JUNIN,bounded_department_subset,0,2,ab,treat_12,2012,drop_rounding_band,adjacent_categories,p1_mserd,1244,613,296,317,289,324,123,166,173,151,233,292,94,97,0,4,1,1,0,.1316997738812077,.1718239999414273,.2286417012420443,.4523524284212945,-.2763054998569465,.6199534997398011,.0473874450579293,.0473874450579293,.06237619318414,.06237619318414,127,63
dept_subset,conflict_dept_subset_033,Conflict-belt departments: APURIMAC + JUNIN,bounded_department_subset,0,2,ab,treat_16,2016,drop_rounding_band,adjacent_categories,p1_mserd,1244,613,406,207,289,324,153,136,253,71,233,292,94,97,0,4,1,1,0,.0278454047071954,.0457767442889058,.1870967866316144,.8067128960707074,-.3209262191322335,.4124797077100451,.0481009843643637,.0481009843643637,.0614338496149561,.0614338496149561,127,65
dept_subset,conflict_dept_subset_033,Conflict-belt departments: APURIMAC + JUNIN,bounded_department_subset,0,2,ab,treat_23,2023,drop_rounding_band,adjacent_categories,p1_mserd,1244,613,560,53,289,324,253,36,307,17,233,292,94,97,0,4,1,1,0,.0981772843769768,.1407453638744105,.0579166582198164,.0150931526028989,.0272307996586546,.2542599280901664,.0360928703294625,.0360928703294625,.0629442469376613,.0629442469376613,92,44
dept_subset,conflict_dept_subset_033,Conflict-belt departments: APURIMAC + JUNIN,bounded_department_subset,0,2,bc,treat_12,2012,drop_rounding_band,adjacent_categories,p1_mserd,1244,573,214,359,281,292,89,192,125,167,155,234,100,94,0,0,1,1,0,.1400874915734049,.156719303148541,.218809067943092,.4738445891555528,-.2721385895106968,.5855771958077789,.0132738983847623,.0132738983847623,.019616038293771,.019616038293771,58,60
dept_subset,conflict_dept_subset_033,Conflict-belt departments: APURIMAC + JUNIN,bounded_department_subset,0,2,bc,treat_16,2016,drop_rounding_band,adjacent_categories,p1_mserd,1244,573,244,329,281,292,89,192,155,137,155,234,100,94,0,0,1,1,0,.2497781185675721,.2881737854850165,.2170792332848227,.1843416597984472,-.1372936935448045,.7136412645148376,.0127961752801152,.0127961752801152,.0192532249674179,.0192532249674179,52,59
dept_subset,conflict_dept_subset_033,Conflict-belt departments: APURIMAC + JUNIN,bounded_department_subset,0,2,bc,treat_23,2023,drop_rounding_band,adjacent_categories,p1_mserd,1244,573,484,89,281,292,229,52,255,37,155,234,100,94,0,0,1,1,0,.2079753714215842,.2230045971934025,.1515258576965298,.1410947895493908,-.0739806266183372,.5199898210051421,.0129646378564684,.0129646378564684,.0204549232561714,.0204549232561714,56,59
dept_subset,conflict_dept_subset_033,Conflict-belt departments: APURIMAC + JUNIN,bounded_department_subset,0,2,cd,treat_12,2012,drop_rounding_band,adjacent_categories,p1_mserd,1244,511,130,381,231,280,41,190,89,191,50,154,95,99,1,1,1,1,0,-.0363082741482511,-.033055220602189,.2199439755026511,.8805363942572171,-.4641374912039449,.398027049999567,.0042695824749493,.0042695824749493,.0060560699141748,.0060560699141748,81,50
dept_subset,conflict_dept_subset_033,Conflict-belt departments: APURIMAC + JUNIN,bounded_department_subset,0,2,cd,treat_16,2016,drop_rounding_band,adjacent_categories,p1_mserd,1244,511,132,379,231,280,43,188,89,191,50,154,95,99,1,1,1,1,0,-.036684949420661,-.0121237172934971,.2128954151434059,.9545875563053957,-.4293910634482758,.4051436288612816,.0045892196935799,.0045892196935799,.0065843422893411,.0065843422893411,85,57
dept_subset,conflict_dept_subset_033,Conflict-belt departments: APURIMAC + JUNIN,bounded_department_subset,0,2,cd,treat_23,2023,drop_rounding_band,adjacent_categories,p1_mserd,1244,511,372,139,231,280,144,87,228,52,50,154,95,99,1,1,1,1,0,.1484498410127371,.1657618218091039,.2051713299181281,.419137195661401,-.2363665954906123,.5678902391088201,.0041113833114847,.0041113833114847,.0064731461871512,.0064731461871512,80,50
dept_subset,conflict_dept_subset_033,Conflict-belt departments: APURIMAC + JUNIN,bounded_department_subset,0,2,de,treat_12,2012,drop_rounding_band,adjacent_categories,p1_mserd,1244,334,46,288,115,219,6,109,40,179,10,49,54,93,12,12,1,1,0,-.0378665499243797,-.0236889360420994,.1882548280644556,.8998629995558016,-.3926616189642125,.3452837468800137,.0022621874728164,.0022621874728164,.0038259834899302,.0038259834899302,36,41
dept_subset,conflict_dept_subset_033,Conflict-belt departments: APURIMAC + JUNIN,bounded_department_subset,0,2,de,treat_16,2016,drop_rounding_band,adjacent_categories,p1_mserd,1244,334,48,286,115,219,6,109,42,177,10,49,54,93,12,12,1,1,0,-.0378665499243797,-.0236889360420994,.1882548280644556,.8998629995558016,-.3926616189642125,.3452837468800137,.0022621874728164,.0022621874728164,.0038259834899302,.0038259834899302,36,41
dept_subset,conflict_dept_subset_033,Conflict-belt departments: APURIMAC + JUNIN,bounded_department_subset,0,2,de,treat_23,2023,drop_rounding_band,adjacent_categories,p1_mserd,1244,334,157,177,115,219,16,99,141,78,10,49,54,93,12,12,1,1,0,.1219012628985729,.3095369224164184,.3507876741393675,.3775576404630091,-.3779942851173143,.997068129950151,.002442337814859,.002442337814859,.0038730002684626,.0038730002684626,36,48
dept_subset,conflict_dept_subset_034,Conflict-belt departments: AYACUCHO + JUNIN,bounded_department_subset,0,2,ab,treat_12,2012,drop_rounding_band,adjacent_categories,p1_mserd,2146,1262,681,581,628,634,261,367,420,214,430,549,122,118,0,3,1,1,0,.0152963938979508,-.0248438556931585,.1780238963137004,.8890127920216664,-.3737642808555041,.3240765694691871,.0261301679422878,.0261301679422878,.0398433672499764,.0398433672499764,140,83
dept_subset,conflict_dept_subset_034,Conflict-belt departments: AYACUCHO + JUNIN,bounded_department_subset,0,2,ab,treat_16,2016,drop_rounding_band,adjacent_categories,p1_mserd,2146,1262,860,402,628,634,321,307,539,95,430,549,122,118,0,3,1,1,0,-.2009517681175681,-.2832335632714638,.1557533396886629,.0689915556640333,-.588504499533076,.0220373729901485,.0157345146044154,.0157345146044154,.0302684837555938,.0302684837555938,80,53
dept_subset,conflict_dept_subset_034,Conflict-belt departments: AYACUCHO + JUNIN,bounded_department_subset,0,2,ab,treat_23,2023,drop_rounding_band,adjacent_categories,p1_mserd,2146,1262,1143,119,628,634,551,77,592,42,430,549,122,118,0,3,1,1,0,.0425193114804381,.058634360518625,.0903239055601079,.5162371529059842,-.1183972413221836,.2356659623594336,.037658767978336,.037658767978336,.0550584148375016,.0550584148375016,210,115
dept_subset,conflict_dept_subset_034,Conflict-belt departments: AYACUCHO + JUNIN,bounded_department_subset,0,2,bc,treat_12,2012,drop_rounding_band,adjacent_categories,p1_mserd,2146,1062,397,665,431,631,134,297,263,368,204,431,131,122,0,2,1,1,0,-.2148670522367824,-.2630087899316247,.1853805444255148,.1559716902165558,-.6263479804400611,.1003304005768116,.0095087271439965,.0095087271439965,.016495839217084,.016495839217084,82,81
dept_subset,conflict_dept_subset_034,Conflict-belt departments: AYACUCHO + JUNIN,bounded_department_subset,0,2,bc,treat_16,2016,drop_rounding_band,adjacent_categories,p1_mserd,2146,1062,460,602,431,631,137,294,323,308,204,431,131,122,0,2,1,1,0,-.0302898220744352,-.0755204775530893,.1963487858242892,.7005159265147518,-.4603570261768647,.3093160710706862,.0102671763450197,.0102671763450197,.017122902056508,.017122902056508,89,87
dept_subset,conflict_dept_subset_034,Conflict-belt departments: AYACUCHO + JUNIN,bounded_department_subset,0,2,bc,treat_23,2023,drop_rounding_band,adjacent_categories,p1_mserd,2146,1062,924,138,431,631,371,60,553,78,204,431,131,122,0,2,1,1,0,.0481129412330132,.071637945719851,.1146823046764414,.5321913847461913,-.1531352411100235,.2964111325497256,.0147355108065806,.0147355108065806,.0246204572829323,.0246204572829323,133,124
dept_subset,conflict_dept_subset_034,Conflict-belt departments: AYACUCHO + JUNIN,bounded_department_subset,0,2,cd,treat_12,2012,drop_rounding_band,adjacent_categories,p1_mserd,2146,723,175,548,292,431,41,251,134,297,46,204,116,131,2,2,1,1,0,.1122480938462342,.1336668206841101,.2110819807207848,.5265730084702414,-.2800462593140061,.5473799006822263,.0039165838635705,.0039165838635705,.0059514194017888,.0059514194017888,90,65
dept_subset,conflict_dept_subset_034,Conflict-belt departments: AYACUCHO + JUNIN,bounded_department_subset,0,2,cd,treat_16,2016,drop_rounding_band,adjacent_categories,p1_mserd,2146,723,182,541,292,431,45,247,137,294,46,204,116,131,2,2,1,1,0,.2002016904596647,.2475320066743769,.21908238261849,.2585360177830518,-.1818615729050873,.6769255862538411,.0036807078820825,.0036807078820825,.0059928678492803,.0059928678492803,84,62
dept_subset,conflict_dept_subset_034,Conflict-belt departments: AYACUCHO + JUNIN,bounded_department_subset,0,2,cd,treat_23,2023,drop_rounding_band,adjacent_categories,p1_mserd,2146,723,561,162,292,431,190,102,371,60,46,204,116,131,2,2,1,1,0,.3169493536625252,.3683983270546101,.1375020767122975,.0073793870834448,.0988992088990434,.6378974452101768,.0037932689290775,.0037932689290775,.0071680591652501,.0071680591652501,90,62
dept_subset,conflict_dept_subset_034,Conflict-belt departments: AYACUCHO + JUNIN,bounded_department_subset,0,2,de,treat_12,2012,drop_rounding_band,adjacent_categories,p1_mserd,2146,435,45,390,156,279,5,151,40,239,12,45,73,113,13,13,1,1,0,0,-.0455747163400323,.2473941069364894,.8538415870017545,-.5304582559230022,.4393088232429376,.001227427739539,.001227427739539,.0027711364540385,.0027711364540385,27,18
dept_subset,conflict_dept_subset_034,Conflict-belt departments: AYACUCHO + JUNIN,bounded_department_subset,0,2,de,treat_16,2016,drop_rounding_band,adjacent_categories,p1_mserd,2146,435,49,386,156,279,5,151,44,235,12,45,73,113,13,13,1,1,0,0,-.0450146752499023,.2472182624535031,.8555162172477896,-.5295535659793389,.4395242154795342,.0012214915570168,.0012214915570168,.0027279442739205,.0027279442739205,27,18
dept_subset,conflict_dept_subset_034,Conflict-belt departments: AYACUCHO + JUNIN,bounded_department_subset,0,2,de,treat_23,2023,drop_rounding_band,adjacent_categories,p1_mserd,2146,435,221,214,156,279,36,120,185,94,12,45,73,113,13,13,1,1,0,.0814765208316892,.1372836138651068,.362395504326827,.7048195899466738,-.5729985227747034,.847565750504917,.0022090405810038,.0022090405810038,.0036653623268006,.0036653623268006,53,50
dept_subset,conflict_dept_subset_036,Conflict-belt departments: CUSCO + JUNIN,bounded_department_subset,0,2,ab,treat_12,2012,drop_rounding_band,adjacent_categories,p1_mserd,904,385,174,211,206,179,82,124,92,87,175,167,55,54,0,4,1,1,0,-.0016114435242236,-.0007787009598547,.2481644564016281,.9974963680827633,-.4871720977500061,.4856146958302968,.0531199813635059,.0531199813635059,.0675054813399947,.0675054813399947,93,44
dept_subset,conflict_dept_subset_036,Conflict-belt departments: CUSCO + JUNIN,bounded_department_subset,0,2,ab,treat_16,2016,drop_rounding_band,adjacent_categories,p1_mserd,904,385,219,166,206,179,96,110,123,56,175,167,55,54,0,4,1,1,0,.0922097487216303,.0949753419759822,.2033304744228679,.640429469359995,-.3035450648522814,.4934957488042458,.0577885179417602,.0577885179417602,.074272379823357,.074272379823357,100,46
dept_subset,conflict_dept_subset_036,Conflict-belt departments: CUSCO + JUNIN,bounded_department_subset,0,2,ab,treat_23,2023,drop_rounding_band,adjacent_categories,p1_mserd,904,385,327,58,206,179,171,35,156,23,175,167,55,54,0,4,1,1,0,.1090440478876635,.1709569129033601,.1402527606482296,.2228745094482925,-.1039334466994863,.4458472725062065,.0447114566751908,.0447114566751908,.0635054853556797,.0635054853556797,74,38
dept_subset,conflict_dept_subset_036,Conflict-belt departments: CUSCO + JUNIN,bounded_department_subset,0,2,bc,treat_12,2012,drop_rounding_band,adjacent_categories,p1_mserd,904,423,149,274,213,210,64,149,85,125,127,176,64,55,0,1,1,1,0,-.4829315589827073,-.5598129855066604,.2315084702594833,.0156013525880856,-1.01356124933121,-.1060647216821111,.0097617803750369,.0097617803750369,.0160219985055539,.0160219985055539,30,40
dept_subset,conflict_dept_subset_036,Conflict-belt departments: CUSCO + JUNIN,bounded_department_subset,0,2,bc,treat_16,2016,drop_rounding_band,adjacent_categories,p1_mserd,904,423,164,259,213,210,65,148,99,111,127,176,64,55,0,1,1,1,0,-.2526736820988171,-.2815362544300789,.2703721179666888,.2977401669248614,-.8114558680686037,.2483833592084459,.0106684724985008,.0106684724985008,.0168634143141626,.0168634143141626,30,44
dept_subset,conflict_dept_subset_036,Conflict-belt departments: CUSCO + JUNIN,bounded_department_subset,0,2,bc,treat_23,2023,drop_rounding_band,adjacent_categories,p1_mserd,904,423,344,79,213,210,170,43,174,36,127,176,64,55,0,1,1,1,0,-.0539083603807,-.0852474613458341,.2340764887487937,.715718861533132,-.5440289489210648,.3735340262293967,.0125130543318421,.0125130543318421,.0200256775019514,.0200256775019514,32,48
dept_subset,conflict_dept_subset_036,Conflict-belt departments: CUSCO + JUNIN,bounded_department_subset,0,2,cd,treat_12,2012,drop_rounding_band,adjacent_categories,p1_mserd,904,406,92,314,192,214,28,164,64,150,44,128,69,65,0,0,1,1,0,.0493770025882326,.059750620378354,.2115213309288145,.7775752089059125,-.3548235702041005,.4743248109608085,.0056449023075504,.0056449023075504,.0081901268810524,.0081901268810524,83,59
dept_subset,conflict_dept_subset_036,Conflict-belt departments: CUSCO + JUNIN,bounded_department_subset,0,2,cd,treat_16,2016,drop_rounding_band,adjacent_categories,p1_mserd,904,406,95,311,192,214,30,162,65,149,44,128,69,65,0,0,1,1,0,.0360506442924601,.0605912675403202,.2110562096046888,.7740465276231108,-.3530713019984065,.4742538370790469,.0056294785578699,.0056294785578699,.0083963915092072,.0083963915092072,82,59
dept_subset,conflict_dept_subset_036,Conflict-belt departments: CUSCO + JUNIN,bounded_department_subset,0,2,cd,treat_23,2023,drop_rounding_band,adjacent_categories,p1_mserd,904,406,287,119,192,214,117,75,170,44,44,128,69,65,0,0,1,1,0,.5957004592333592,.6560657622391819,.2694075468393998,.0148828729377069,.1280366732706708,1.184094851207693,.0027390869494088,.0027390869494088,.0050244168084314,.0050244168084314,34,26
dept_subset,conflict_dept_subset_036,Conflict-belt departments: CUSCO + JUNIN,bounded_department_subset,0,2,de,treat_12,2012,drop_rounding_band,adjacent_categories,p1_mserd,904,291,31,260,109,182,4,105,27,155,10,43,45,67,10,10,1,1,0,-.0342280926635428,-.0436201612201744,.1755917197772012,.8038109314484917,-.3877736079669382,.3005332855265894,.0019567755254677,.0019567755254677,.0035614587183029,.0035614587183029,30,36
dept_subset,conflict_dept_subset_036,Conflict-belt departments: CUSCO + JUNIN,bounded_department_subset,0,2,de,treat_16,2016,drop_rounding_band,adjacent_categories,p1_mserd,904,291,33,258,109,182,4,105,29,153,10,43,45,67,10,10,1,1,0,-.0342280926635428,-.0436201612201744,.1755917197772012,.8038109314484917,-.3877736079669382,.3005332855265894,.0019567755254677,.0019567755254677,.0035614587183029,.0035614587183029,30,36
dept_subset,conflict_dept_subset_036,Conflict-belt departments: CUSCO + JUNIN,bounded_department_subset,0,2,de,treat_23,2023,drop_rounding_band,adjacent_categories,p1_mserd,904,291,127,164,109,182,13,96,114,68,10,43,45,67,10,10,1,1,0,.1653137927650201,.2550670273772377,.3465236368887586,.4616856859437288,-.4241068207165644,.9342408754710398,.0025531160238195,.0025531160238195,.0041487042084885,.0041487042084885,31,43
dept_subset,conflict_dept_subset_040,Conflict-belt departments: HUANCAVELICA + JUNIN,bounded_department_subset,0,2,ab,treat_12,2012,drop_rounding_band,adjacent_categories,p1_mserd,1179,455,268,187,243,212,126,117,142,70,203,190,83,73,0,8,1,1,0,.1043268962134476,.0963344279532489,.2451113046500776,.6943023503243809,-.3840749013645283,.576743757271026,.0470266553758258,.0470266553758258,.0601353262953009,.0601353262953009,91,45
dept_subset,conflict_dept_subset_040,Conflict-belt departments: HUANCAVELICA + JUNIN,bounded_department_subset,0,2,ab,treat_16,2016,drop_rounding_band,adjacent_categories,p1_mserd,1179,455,324,131,243,212,147,96,177,35,203,190,83,73,0,8,1,1,0,.2369516112565706,.2603856542517409,.1745974419631695,.1358699899837517,-.0818190437888935,.6025903522923752,.0527124415162551,.0527124415162551,.0682653482521789,.0682653482521789,105,49
dept_subset,conflict_dept_subset_040,Conflict-belt departments: HUANCAVELICA + JUNIN,bounded_department_subset,0,2,ab,treat_23,2023,drop_rounding_band,adjacent_categories,p1_mserd,1179,455,416,39,243,212,217,26,199,13,203,190,83,73,0,8,1,1,0,.0721667755153403,.1143367579685388,.0696538583728633,.1006938176074277,-.0221822958265268,.2508558117636045,.0362791532841682,.0362791532841682,.0616579537914085,.0616579537914085,61,36
dept_subset,conflict_dept_subset_040,Conflict-belt departments: HUANCAVELICA + JUNIN,bounded_department_subset,0,2,bc,treat_12,2012,drop_rounding_band,adjacent_categories,p1_mserd,1179,564,237,327,313,251,105,208,132,119,157,204,103,84,0,0,1,1,0,-.1573677722366738,-.1846287790802947,.2233112660446817,.4083630612605004,-.622310817869913,.2530532597093236,.0141242717058276,.0141242717058276,.0205712345235458,.0205712345235458,68,56
dept_subset,conflict_dept_subset_040,Conflict-belt departments: HUANCAVELICA + JUNIN,bounded_department_subset,0,2,bc,treat_16,2016,drop_rounding_band,adjacent_categories,p1_mserd,1179,564,260,304,313,251,106,207,154,97,157,204,103,84,0,0,1,1,0,.011708054592634,.0234480036482644,.2428492034147076,.9230807791989341,-.4525276887188039,.4994236960153327,.0138410315801976,.0138410315801976,.0204528406489903,.0204528406489903,66,56
dept_subset,conflict_dept_subset_040,Conflict-belt departments: HUANCAVELICA + JUNIN,bounded_department_subset,0,2,bc,treat_23,2023,drop_rounding_band,adjacent_categories,p1_mserd,1179,564,497,67,313,251,273,40,224,27,157,204,103,84,0,0,1,1,0,.0836229906019175,.0978587995197184,.133555946981243,.4637306571220511,-.1639060464846588,.3596236455240956,.0142283571442743,.0142283571442743,.023228204608856,.023228204608856,69,56
dept_subset,conflict_dept_subset_040,Conflict-belt departments: HUANCAVELICA + JUNIN,bounded_department_subset,0,2,cd,treat_12,2012,drop_rounding_band,adjacent_categories,p1_mserd,1179,573,152,421,259,314,46,213,106,208,49,157,103,103,1,0,1,1,0,-.0855588099142477,-.0715981135626991,.1901491363382988,.7065179945143738,-.4442835724771612,.301087345351763,.0046025057796661,.0046025057796661,.0066055922860947,.0066055922860947,94,70
dept_subset,conflict_dept_subset_040,Conflict-belt departments: HUANCAVELICA + JUNIN,bounded_department_subset,0,2,cd,treat_16,2016,drop_rounding_band,adjacent_categories,p1_mserd,1179,573,156,417,259,314,49,210,107,207,49,157,103,103,1,0,1,1,0,-.0842961282565535,-.0601573800640186,.1919967500391152,.7540337649298499,-.4364640952894235,.3161493351613863,.0045121159146252,.0045121159146252,.0065691526965812,.0065691526965812,93,69
dept_subset,conflict_dept_subset_040,Conflict-belt departments: HUANCAVELICA + JUNIN,bounded_department_subset,0,2,cd,treat_23,2023,drop_rounding_band,adjacent_categories,p1_mserd,1179,573,456,117,259,314,182,77,274,40,49,157,103,103,1,0,1,1,0,.2806665535130679,.3238051143145322,.1445611337596925,.0250962339506283,.0404704985812576,.6071397300478067,.0037325723024235,.0037325723024235,.0065964267232725,.0065964267232725,80,59
dept_subset,conflict_dept_subset_040,Conflict-belt departments: HUANCAVELICA + JUNIN,bounded_department_subset,0,2,de,treat_12,2012,drop_rounding_band,adjacent_categories,p1_mserd,1179,387,52,335,143,244,7,136,45,199,11,49,68,101,16,16,1,1,0,-.183131615444757,-.2462027569373922,.1840085729503751,.1808977011011225,-.6068529327667385,.114447418891954,.0016861493143885,.0016861493143885,.003213902949642,.003213902949642,20,28
dept_subset,conflict_dept_subset_040,Conflict-belt departments: HUANCAVELICA + JUNIN,bounded_department_subset,0,2,de,treat_16,2016,drop_rounding_band,adjacent_categories,p1_mserd,1179,387,55,332,143,244,7,136,48,196,11,49,68,101,16,16,1,1,0,-.183131615444757,-.2462027569373922,.1840085729503751,.1808977011011225,-.6068529327667385,.114447418891954,.0016861493143885,.0016861493143885,.003213902949642,.003213902949642,20,28
dept_subset,conflict_dept_subset_040,Conflict-belt departments: HUANCAVELICA + JUNIN,bounded_department_subset,0,2,de,treat_23,2023,drop_rounding_band,adjacent_categories,p1_mserd,1179,387,201,186,143,244,28,115,173,71,11,49,68,101,16,16,1,1,0,.2799446147292155,.507219527686233,.3902786258870714,.1937263037540977,-.2577125229882083,1.272151578360674,.0019559759142209,.0019559759142209,.0033079400768388,.0033079400768388,44,44
dept_subset,conflict_dept_subset_048,Conflict-belt departments: HUANUCO + JUNIN,bounded_department_subset,0,2,ab,treat_12,2012,drop_rounding_band,adjacent_categories,p1_mserd,1616,613,296,317,320,293,138,182,158,135,252,275,88,77,0,3,1,1,0,.1658103678545995,.1330942509814119,.2153557963777432,.5365619661601242,-.2889953537809062,.5551838557437301,.0450830351700998,.0450830351700998,.0600022509543238,.0600022509543238,108,70
dept_subset,conflict_dept_subset_048,Conflict-belt departments: HUANUCO + JUNIN,bounded_department_subset,0,2,ab,treat_16,2016,drop_rounding_band,adjacent_categories,p1_mserd,1616,613,369,244,320,293,158,162,211,82,252,275,88,77,0,3,1,1,0,-.1261849406312424,-.2251796806931806,.2371062750860441,.342265028647404,-.6898994403702737,.2395400789839125,.029566138531751,.029566138531751,.0474380964833082,.0474380964833082,55,46
dept_subset,conflict_dept_subset_048,Conflict-belt departments: HUANUCO + JUNIN,bounded_department_subset,0,2,ab,treat_23,2023,drop_rounding_band,adjacent_categories,p1_mserd,1616,613,529,84,320,293,269,51,260,33,252,275,88,77,0,3,1,1,0,.0004608396505614,-.0111780014367466,.1293221696088052,.9311203809869177,-.2646447962725851,.2422887933990919,.0531355871534192,.0531355871534192,.0571109296538314,.0571109296538314,135,78
dept_subset,conflict_dept_subset_048,Conflict-belt departments: HUANUCO + JUNIN,bounded_department_subset,0,2,bc,treat_12,2012,drop_rounding_band,adjacent_categories,p1_mserd,1616,725,289,436,402,323,149,253,140,183,200,253,117,88,0,1,1,1,0,-.4104035296434891,-.4755932657822715,.2344897511761998,.0425393385242631,-.9351847328313818,-.0160017987331612,.0081483456987005,.0081483456987005,.0144331547319553,.0144331547319553,50,50
dept_subset,conflict_dept_subset_048,Conflict-belt departments: HUANUCO + JUNIN,bounded_department_subset,0,2,bc,treat_16,2016,drop_rounding_band,adjacent_categories,p1_mserd,1616,725,310,415,402,323,150,252,160,163,200,253,117,88,0,1,1,1,0,-.3016122706778015,-.3707421222819569,.2475194411806756,.1341773427040988,-.8558713124695612,.1143870679056474,.008151414269975,.008151414269975,.0144176154452386,.0144176154452386,50,50
dept_subset,conflict_dept_subset_048,Conflict-belt departments: HUANUCO + JUNIN,bounded_department_subset,0,2,bc,treat_23,2023,drop_rounding_band,adjacent_categories,p1_mserd,1616,725,612,113,402,323,341,61,271,52,200,253,117,88,0,1,1,1,0,.1007594057849492,.0815790209943854,.1502570822503204,.5871782592056844,-.2129194486383151,.376077490627086,.013856411749753,.013856411749753,.0242463803875704,.0242463803875704,94,90
dept_subset,conflict_dept_subset_048,Conflict-belt departments: HUANUCO + JUNIN,bounded_department_subset,0,2,cd,treat_12,2012,drop_rounding_band,adjacent_categories,p1_mserd,1616,788,210,578,385,403,61,324,149,254,49,201,118,117,0,0,1,1,0,.0742847757999142,.0625544054145168,.1665577685928349,.7072352388706333,-.263892822372796,.3890016332018297,.0048708333735876,.0048708333735876,.0072903132893165,.0072903132893165,124,91
dept_subset,conflict_dept_subset_048,Conflict-belt departments: HUANUCO + JUNIN,bounded_department_subset,0,2,cd,treat_16,2016,drop_rounding_band,adjacent_categories,p1_mserd,1616,788,214,574,385,403,64,321,150,253,49,201,118,117,0,0,1,1,0,.1246746346440795,.1302504818170576,.1756787247798317,.4584430941165263,-.2140734916013368,.4745744552354519,.0050583645372272,.0050583645372272,.0075487724783915,.0075487724783915,130,98
dept_subset,conflict_dept_subset_048,Conflict-belt departments: HUANUCO + JUNIN,bounded_department_subset,0,2,cd,treat_23,2023,drop_rounding_band,adjacent_categories,p1_mserd,1616,788,598,190,385,403,256,129,342,61,49,201,118,117,0,0,1,1,0,.2779267735304214,.3207090445092668,.1159878278844879,.0056918733208192,.09337707921064,.5480410098078936,.0044497961133135,.0044497961133135,.0078148238495058,.0078148238495058,119,85
dept_subset,conflict_dept_subset_048,Conflict-belt departments: HUANUCO + JUNIN,bounded_department_subset,0,2,de,treat_12,2012,drop_rounding_band,adjacent_categories,p1_mserd,1616,575,64,511,212,363,5,207,59,304,11,48,75,116,22,22,1,1,0,-.0017840341601176,.0181229926450054,.1215954509248451,.8815194311825136,-.2201997118515985,.2564456971416093,.0019403890980459,.0019403890980459,.0031947024744473,.0031947024744473,59,80
dept_subset,conflict_dept_subset_048,Conflict-belt departments: HUANUCO + JUNIN,bounded_department_subset,0,2,de,treat_16,2016,drop_rounding_band,adjacent_categories,p1_mserd,1616,575,67,508,212,363,5,207,62,301,11,48,75,116,22,22,1,1,0,-.0017333135968965,.0181226023399133,.1222800115508534,.8821803842930035,-.2215418163289012,.2577870210087277,.0019407181755526,.0019407181755526,.0032172514930372,.0032172514930372,59,80
dept_subset,conflict_dept_subset_048,Conflict-belt departments: HUANUCO + JUNIN,bounded_department_subset,0,2,de,treat_23,2023,drop_rounding_band,adjacent_categories,p1_mserd,1616,575,285,290,212,363,38,174,247,116,11,48,75,116,22,22,1,1,0,.0790328782069221,.2489803250007609,.3711112634539982,.502281183460502,-.478384385626231,.9763450356277529,.0019907058721951,.0019907058721951,.0032002339405417,.0032002339405417,59,80
dept_subset,conflict_dept_subset_065,Conflict-belt departments: APURIMAC + SAN MARTIN,bounded_department_subset,0,2,ab,treat_12,2012,drop_rounding_band,adjacent_categories,p1_mserd,1043,392,163,229,174,218,65,109,98,120,159,203,66,68,0,1,1,1,0,-.0409442348235177,-.0635843006146921,.2713287411531775,.8147178206981179,-.5953788612455106,.4682102600161264,.0437830954824412,.0437830954824412,.0606252398089999,.0606252398089999,75,35
dept_subset,conflict_dept_subset_065,Conflict-belt departments: APURIMAC + SAN MARTIN,bounded_department_subset,0,2,ab,treat_16,2016,drop_rounding_band,adjacent_categories,p1_mserd,1043,392,259,133,174,218,90,84,169,49,159,203,66,68,0,1,1,1,0,-.2374929235463303,-.2505700573026156,.2400319335896696,.2965302667407587,-.7210240022778779,.2198838876726467,.0454333816148029,.0454333816148029,.0601242194150912,.0601242194150912,79,36
dept_subset,conflict_dept_subset_065,Conflict-belt departments: APURIMAC + SAN MARTIN,bounded_department_subset,0,2,ab,treat_23,2023,drop_rounding_band,adjacent_categories,p1_mserd,1043,392,366,26,174,218,156,18,210,8,159,203,66,68,0,1,1,1,0,.1104024635776373,.137448342777303,.0788534338632542,.0813185357714806,-.0171015476519863,.2919982332065924,.0405714511479132,.0405714511479132,.0621663097956229,.0621663097956229,70,35
dept_subset,conflict_dept_subset_065,Conflict-belt departments: APURIMAC + SAN MARTIN,bounded_department_subset,0,2,bc,treat_12,2012,drop_rounding_band,adjacent_categories,p1_mserd,1043,398,120,278,224,174,55,169,65,109,141,159,83,66,0,1,1,1,0,.672418825906695,.7976031643358139,.1808021160444923,.0000102671041179,.4432375285599776,1.15196880011165,.0095526096433104,.0095526096433104,.0163516398574493,.0163516398574493,40,30
dept_subset,conflict_dept_subset_065,Conflict-belt departments: APURIMAC + SAN MARTIN,bounded_department_subset,0,2,bc,treat_16,2016,drop_rounding_band,adjacent_categories,p1_mserd,1043,398,148,250,224,174,58,166,90,84,141,159,83,66,0,1,1,1,0,.9338836092464466,1.083191908737384,.1444704809345611,6.49624769241e-14,.8000349692764641,1.366348848198304,.0081098472359937,.0081098472359937,.01495498024073,.01495498024073,38,26
dept_subset,conflict_dept_subset_065,Conflict-belt departments: APURIMAC + SAN MARTIN,bounded_department_subset,0,2,bc,treat_23,2023,drop_rounding_band,adjacent_categories,p1_mserd,1043,398,345,53,224,174,189,35,156,18,141,159,83,66,0,1,1,1,0,.1785199100660031,.2132624109012885,.188585118724542,.2581161564237356,-.1563576298190238,.5828824516216008,.0144368676009414,.0144368676009414,.0242311740291262,.0242311740291262,59,35
dept_subset,conflict_dept_subset_065,Conflict-belt departments: APURIMAC + SAN MARTIN,bounded_department_subset,0,2,cd,treat_12,2012,drop_rounding_band,adjacent_categories,p1_mserd,1043,470,91,379,246,224,35,211,56,168,50,141,85,82,1,1,1,1,0,-.2858388514689051,-.3340762306292309,.3176244465194714,.2928929982060557,-.9566087064168632,.2884562451584015,.002799084674722,.002799084674722,.004908412103883,.004908412103883,39,27
dept_subset,conflict_dept_subset_065,Conflict-belt departments: APURIMAC + SAN MARTIN,bounded_department_subset,0,2,cd,treat_16,2016,drop_rounding_band,adjacent_categories,p1_mserd,1043,470,97,373,246,224,38,208,59,165,50,141,85,82,1,1,1,1,0,-.3402447775197328,-.3915394307888758,.313789907693594,.2121131994233192,-1.006556348580468,.2234774870027163,.0028720889063846,.0028720889063846,.0050121403594217,.0050121403594217,39,28
dept_subset,conflict_dept_subset_065,Conflict-belt departments: APURIMAC + SAN MARTIN,bounded_department_subset,0,2,cd,treat_23,2023,drop_rounding_band,adjacent_categories,p1_mserd,1043,470,370,100,246,224,181,65,189,35,50,141,85,82,1,1,1,1,0,-.3353338143494591,-.3878206841626481,.2003836748962162,.0529423798801316,-.7805654700490148,.0049241017237185,.0041184615897392,.0041184615897392,.0071664891429402,.0071664891429402,53,37
dept_subset,conflict_dept_subset_065,Conflict-belt departments: APURIMAC + SAN MARTIN,bounded_department_subset,0,2,de,treat_12,2012,drop_rounding_band,adjacent_categories,p1_mserd,1043,405,44,361,179,226,10,169,34,192,11,49,66,83,20,20,1,1,0,-.3833199276197323,-.5532171336506386,.2552582631647799,.0302132105090578,-1.053514136209854,-.052920131091423,.0015784840594929,.0015784840594929,.0033195826990099,.0033195826990099,29,28
dept_subset,conflict_dept_subset_065,Conflict-belt departments: APURIMAC + SAN MARTIN,bounded_department_subset,0,2,de,treat_16,2016,drop_rounding_band,adjacent_categories,p1_mserd,1043,405,49,356,179,226,12,167,37,189,11,49,66,83,20,20,1,1,0,-.3111111111110887,-.5369578230375058,.5040793659701504,.2867742302941377,-1.524935225688786,.4510195796137739,.0012271246470768,.0012271246470768,.0030877821961032,.0030877821961032,26,16
dept_subset,conflict_dept_subset_065,Conflict-belt departments: APURIMAC + SAN MARTIN,bounded_department_subset,0,2,de,treat_23,2023,drop_rounding_band,adjacent_categories,p1_mserd,1043,405,214,191,179,226,42,137,172,54,11,49,66,83,20,20,1,1,1,,,,,,,,,,,,
dept_subset,conflict_dept_subset_066,Conflict-belt departments: AYACUCHO + SAN MARTIN,bounded_department_subset,0,2,ab,treat_12,2012,drop_rounding_band,adjacent_categories,p1_mserd,1945,1041,548,493,513,528,203,310,345,183,384,470,94,89,0,0,1,1,0,-.1101835456073922,-.156371562276393,.2089748267584365,.454291634898278,-.5659546963984257,.2532115718456396,.0218161452793369,.0218161452793369,.0353951640829985,.0353951640829985,101,59
dept_subset,conflict_dept_subset_066,Conflict-belt departments: AYACUCHO + SAN MARTIN,bounded_department_subset,0,2,ab,treat_16,2016,drop_rounding_band,adjacent_categories,p1_mserd,1945,1041,713,328,513,528,258,255,455,73,384,470,94,89,0,0,1,1,0,-.1599384687370486,-.2272463317285962,.1611543174790272,.1585053416427454,-.5431029899406231,.0886103264834307,.0181726981327826,.0181726981327826,.0314044389916376,.0314044389916376,86,50
dept_subset,conflict_dept_subset_066,Conflict-belt departments: AYACUCHO + SAN MARTIN,bounded_department_subset,0,2,ab,treat_23,2023,drop_rounding_band,adjacent_categories,p1_mserd,1945,1041,949,92,513,528,454,59,495,33,384,470,94,89,0,0,1,1,0,.0275359349203534,.0338722398963436,.1076028172607339,.7529214644085392,-.1770254065697397,.2447698863624268,.038789835916229,.038789835916229,.0561885079133641,.0561885079133641,183,104
dept_subset,conflict_dept_subset_066,Conflict-belt departments: AYACUCHO + SAN MARTIN,bounded_department_subset,0,2,bc,treat_12,2012,drop_rounding_band,adjacent_categories,p1_mserd,1945,887,303,584,374,513,100,274,203,310,193,384,114,94,0,3,1,1,0,.09874908559274,.1124494361720668,.1532116921004597,.4629803467584341,-.187839962355274,.4127388346994076,.01557342562747,.01557342562747,.0258851481868961,.0258851481868961,135,100
dept_subset,conflict_dept_subset_066,Conflict-belt departments: AYACUCHO + SAN MARTIN,bounded_department_subset,0,2,bc,treat_16,2016,drop_rounding_band,adjacent_categories,p1_mserd,1945,887,364,523,374,513,106,268,258,255,193,384,114,94,0,3,1,1,0,.3057057944168944,.3415947472597967,.1861826789072854,.066545863531121,-.0233165979436679,.7065060924632611,.0130974431438998,.0130974431438998,.0220655506580111,.0220655506580111,110,81
dept_subset,conflict_dept_subset_066,Conflict-belt departments: AYACUCHO + SAN MARTIN,bounded_department_subset,0,2,bc,treat_23,2023,drop_rounding_band,adjacent_categories,p1_mserd,1945,887,785,102,374,513,331,43,454,59,193,384,114,94,0,3,1,1,0,.0009005887791311,.0377348203497425,.1241221892120061,.7611176111734347,-.2055402001880554,.2810098408875404,.0139290845610996,.0139290845610996,.0224005548623423,.0224005548623423,117,88
dept_subset,conflict_dept_subset_066,Conflict-belt departments: AYACUCHO + SAN MARTIN,bounded_department_subset,0,2,cd,treat_12,2012,drop_rounding_band,adjacent_categories,p1_mserd,1945,682,136,546,307,375,35,272,101,274,47,193,106,114,2,2,1,1,0,-.0127057713748245,-.0134253985867855,.31123177819887,.9655928542323895,-.6234284747009291,.5965776775273579,.002986483956084,.002986483956084,.005020098110594,.005020098110594,42,39
dept_subset,conflict_dept_subset_066,Conflict-belt departments: AYACUCHO + SAN MARTIN,bounded_department_subset,0,2,cd,treat_16,2016,drop_rounding_band,adjacent_categories,p1_mserd,1945,682,147,535,307,375,40,267,107,268,47,193,106,114,2,2,1,1,0,.0675255867921923,.0841978111353288,.3205805907110146,.7928268046492366,-.5441286008008355,.712524223071493,.0031254417479297,.0031254417479297,.0052818965520588,.0052818965520588,43,40
dept_subset,conflict_dept_subset_066,Conflict-belt departments: AYACUCHO + SAN MARTIN,bounded_department_subset,0,2,cd,treat_23,2023,drop_rounding_band,adjacent_categories,p1_mserd,1945,682,559,123,307,375,227,80,332,43,47,193,106,114,2,2,1,1,0,-.0091398271419649,-.0034698062853775,.1028456274769121,.9730860726719246,-.2050435321075483,.1981039195367932,.005313441762705,.005313441762705,.0079703780702375,.0079703780702375,96,70
dept_subset,conflict_dept_subset_066,Conflict-belt departments: AYACUCHO + SAN MARTIN,bounded_department_subset,0,2,de,treat_12,2012,drop_rounding_band,adjacent_categories,p1_mserd,1945,506,43,463,220,286,9,211,34,252,12,46,85,103,21,21,1,1,0,-.1131313131313103,-.1421587527509311,,,,,.0012669713568961,.0012669713568961,.0029245174308218,.0029245174308218,35,18
dept_subset,conflict_dept_subset_066,Conflict-belt departments: AYACUCHO + SAN MARTIN,bounded_department_subset,0,2,de,treat_16,2016,drop_rounding_band,adjacent_categories,p1_mserd,1945,506,50,456,220,286,11,209,39,247,12,46,85,103,21,21,1,1,1,,,,,,,,,,,,
dept_subset,conflict_dept_subset_066,Conflict-belt departments: AYACUCHO + SAN MARTIN,bounded_department_subset,0,2,de,treat_23,2023,drop_rounding_band,adjacent_categories,p1_mserd,1945,506,278,228,220,286,62,158,216,70,12,46,85,103,21,21,1,1,0,-.0209953583595692,.1068714502470862,.3939599388101836,.7861795956675901,-.665275841172477,.8790187416666494,.0019536974419393,.0019536974419393,.0033196271301969,.0033196271301969,67,58
dept_subset,conflict_dept_subset_068,Conflict-belt departments: CUSCO + SAN MARTIN,bounded_department_subset,0,2,ab,treat_12,2012,drop_rounding_band,adjacent_categories,p1_mserd,703,164,41,123,91,73,24,67,17,56,87,72,27,25,0,1,1,1,0,-.1346569720097928,-.0931510900208956,.2633221342944451,.7235237287093808,-.6092529895702272,.422950809528436,.0479048385297017,.0479048385297017,.0665990268822649,.0665990268822649,39,21
dept_subset,conflict_dept_subset_068,Conflict-belt departments: CUSCO + SAN MARTIN,bounded_department_subset,0,2,ab,treat_16,2016,drop_rounding_band,adjacent_categories,p1_mserd,703,164,72,92,91,73,33,58,39,34,87,72,27,25,0,1,1,1,0,-.160267136732166,-.1182111464945713,.3600511954769987,.7426715337388833,-.8238985222200793,.5874762292309367,.0382164896777894,.0382164896777894,.0659001044028346,.0659001044028346,28,19
dept_subset,conflict_dept_subset_068,Conflict-belt departments: CUSCO + SAN MARTIN,bounded_department_subset,0,2,ab,treat_23,2023,drop_rounding_band,adjacent_categories,p1_mserd,703,164,133,31,91,73,74,17,59,14,87,72,27,25,0,1,1,1,0,.2798843659732937,.3161641802679487,.3480408092885523,.3636609937903292,-.3659832710877872,.9983116316236845,.0345476466545266,.0345476466545266,.055439850058957,.055439850058957,23,17
dept_subset,conflict_dept_subset_068,Conflict-belt departments: CUSCO + SAN MARTIN,bounded_department_subset,0,2,bc,treat_12,2012,drop_rounding_band,adjacent_categories,p1_mserd,703,248,55,193,156,92,30,126,25,67,106,88,47,27,0,2,1,1,0,.0586028875689302,.1003346395701222,.2729300232111643,.713156314387084,-.4345983762234408,.6352676553636851,.0166753176341993,.0166753176341993,.0266613365795094,.0266613365795094,46,27
dept_subset,conflict_dept_subset_068,Conflict-belt departments: CUSCO + SAN MARTIN,bounded_department_subset,0,2,bc,treat_16,2016,drop_rounding_band,adjacent_categories,p1_mserd,703,248,68,180,156,92,34,122,34,58,106,88,47,27,0,2,1,1,0,.4470310121666694,.572308051110924,.3607099495167431,.1125997206873467,-.1346704588071533,1.279286561029001,.0107878315864708,.0107878315864708,.0178096684126201,.0178096684126201,26,20
dept_subset,conflict_dept_subset_068,Conflict-belt departments: CUSCO + SAN MARTIN,bounded_department_subset,0,2,bc,treat_23,2023,drop_rounding_band,adjacent_categories,p1_mserd,703,248,205,43,156,92,130,26,75,17,106,88,47,27,0,2,1,1,0,-.2083048610120208,-.2511991045393012,.2546430129960559,.3238998108760293,-.7502902389263355,.2478920298477331,.0165754540000095,.0165754540000095,.0205157829499181,.0205157829499181,45,26
dept_subset,conflict_dept_subset_068,Conflict-belt departments: CUSCO + SAN MARTIN,bounded_department_subset,0,2,cd,treat_12,2012,drop_rounding_band,adjacent_categories,p1_mserd,703,365,53,312,207,158,22,185,31,127,46,107,59,48,0,0,1,1,0,-.3369590092691246,-.3968491612448982,.3650876606080165,.2770381725323952,-1.112407827236593,.3187095047467966,.0022352114393112,.0022352114393112,.0045585675843387,.0045585675843387,20,15
dept_subset,conflict_dept_subset_068,Conflict-belt departments: CUSCO + SAN MARTIN,bounded_department_subset,0,2,cd,treat_16,2016,drop_rounding_band,adjacent_categories,p1_mserd,703,365,60,305,207,158,25,182,35,123,46,107,59,48,0,0,1,1,0,-.3955866764844755,-.4677833610315387,.3545036307506483,.1869871010953185,-1.162597709691495,.2270309876284178,.0023799645071237,.0023799645071237,.0048306468875493,.0048306468875493,20,18
dept_subset,conflict_dept_subset_068,Conflict-belt departments: CUSCO + SAN MARTIN,bounded_department_subset,0,2,cd,treat_23,2023,drop_rounding_band,adjacent_categories,p1_mserd,703,365,285,80,207,158,154,53,131,27,46,107,59,48,0,0,1,1,0,.0125070879384923,.0654435421869328,.2513592983207861,.7945872137254391,-.4272116297010672,.5580987140749328,.0039554394239376,.0039554394239376,.005820683563722,.005820683563722,36,29
dept_subset,conflict_dept_subset_068,Conflict-belt departments: CUSCO + SAN MARTIN,bounded_department_subset,0,2,de,treat_12,2012,drop_rounding_band,adjacent_categories,p1_mserd,703,362,29,333,173,189,8,165,21,168,11,45,57,57,18,18,1,1,1,,,,,,,,,,,,
dept_subset,conflict_dept_subset_068,Conflict-belt departments: CUSCO + SAN MARTIN,bounded_department_subset,0,2,de,treat_16,2016,drop_rounding_band,adjacent_categories,p1_mserd,703,362,34,328,173,189,10,163,24,165,11,45,57,57,18,18,1,1,0,-.3841090409706951,-.4980096434854251,.2527250835804868,.0487743603436946,-.9933417052930542,-.002677581677796,.0016413679762675,.0016413679762675,.0033825265977943,.0033825265977943,26,25
dept_subset,conflict_dept_subset_068,Conflict-belt departments: CUSCO + SAN MARTIN,bounded_department_subset,0,2,de,treat_23,2023,drop_rounding_band,adjacent_categories,p1_mserd,703,362,184,178,173,189,39,134,145,44,11,45,57,57,18,18,1,1,1,,,,,,,,,,,,
dept_subset,conflict_dept_subset_072,Conflict-belt departments: HUANCAVELICA + SAN MARTIN,bounded_department_subset,0,2,ab,treat_12,2012,drop_rounding_band,adjacent_categories,p1_mserd,978,234,135,99,128,106,68,60,67,39,116,95,55,44,0,5,1,1,0,-.2895644890438733,-.3968090785871269,.350725723044419,.2578891759240113,-1.084218864205958,.2906007070317038,.0394280579678697,.0394280579678697,.0543478104885924,.0543478104885924,33,24
dept_subset,conflict_dept_subset_072,Conflict-belt departments: HUANCAVELICA + SAN MARTIN,bounded_department_subset,0,2,ab,treat_16,2016,drop_rounding_band,adjacent_categories,p1_mserd,978,234,177,57,128,106,84,44,93,13,116,95,55,44,0,5,1,1,0,.0420987291932113,.0550062689609316,.1961500619436627,.7791479867065724,-.3294407880139479,.4394533259358112,.0511783227820251,.0511783227820251,.0709247028870905,.0709247028870905,53,29
dept_subset,conflict_dept_subset_072,Conflict-belt departments: HUANCAVELICA + SAN MARTIN,bounded_department_subset,0,2,ab,treat_23,2023,drop_rounding_band,adjacent_categories,p1_mserd,978,234,222,12,128,106,120,8,102,4,116,95,55,44,0,5,1,1,0,.0473587277024854,.0727747619641437,.0687915193758206,.2900996193462755,-.0620541384542539,.2076036623825412,.0430169915521291,.0430169915521291,.0665889646661804,.0665889646661804,37,26
dept_subset,conflict_dept_subset_072,Conflict-belt departments: HUANCAVELICA + SAN MARTIN,bounded_department_subset,0,2,bc,treat_12,2012,drop_rounding_band,adjacent_categories,p1_mserd,978,389,143,246,256,133,71,185,72,61,136,117,86,56,0,1,1,1,0,.4844651664812345,.6343579865672857,.2921383233907189,.0298986658923105,.0617773942175615,1.20693857891701,.0086472823213868,.0086472823213868,.0155492276769016,.0155492276769016,45,17
dept_subset,conflict_dept_subset_072,Conflict-belt departments: HUANCAVELICA + SAN MARTIN,bounded_department_subset,0,2,bc,treat_16,2016,drop_rounding_band,adjacent_categories,p1_mserd,978,389,164,225,256,133,75,181,89,44,136,117,86,56,0,1,1,1,0,.9102902260752264,1.106949944438007,.1986026482412089,2.49396844639e-08,.7176959066509602,1.496203982225053,.0072778191886612,.0072778191886612,.014403527281173,.014403527281173,37,14
dept_subset,conflict_dept_subset_072,Conflict-belt departments: HUANCAVELICA + SAN MARTIN,bounded_department_subset,0,2,bc,treat_23,2023,drop_rounding_band,adjacent_categories,p1_mserd,978,389,358,31,256,133,233,23,125,8,136,117,86,56,0,1,1,1,0,-.0430829077140888,-.0261617961371519,.157548145983506,.8681129741104963,-.3349504880958823,.2826268958215786,.0156401562616237,.0156401562616237,.0221669307655377,.0221669307655377,73,33
dept_subset,conflict_dept_subset_072,Conflict-belt departments: HUANCAVELICA + SAN MARTIN,bounded_department_subset,0,2,cd,treat_12,2012,drop_rounding_band,adjacent_categories,p1_mserd,978,532,113,419,274,258,40,234,73,185,50,137,93,86,1,0,1,1,0,-.496892183616562,-.5614731843864109,.2497096246198146,.0245440461914427,-1.050895055234264,-.0720513135385581,.0024894457498497,.0024894457498497,.0046694698398712,.0046694698398712,35,29
dept_subset,conflict_dept_subset_072,Conflict-belt departments: HUANCAVELICA + SAN MARTIN,bounded_department_subset,0,2,cd,treat_16,2016,drop_rounding_band,adjacent_categories,p1_mserd,978,532,121,411,274,258,44,230,77,181,50,137,93,86,1,0,1,1,0,-.5269725436358568,-.5926663983301945,.2476629593498864,.0167095976610734,-1.078076878960579,-.1072559176998099,.0025294355280657,.0025294355280657,.0047249684369544,.0047249684369544,35,29
dept_subset,conflict_dept_subset_072,Conflict-belt departments: HUANCAVELICA + SAN MARTIN,bounded_department_subset,0,2,cd,treat_23,2023,drop_rounding_band,adjacent_categories,p1_mserd,978,532,454,78,274,258,219,55,235,23,50,137,93,86,1,0,1,1,0,-.0358237282178822,-.0418945642840267,.0987030349045702,.6712372111345115,-.235348957861784,.1515598292937306,.004615441138327,.004615441138327,.0067053670670486,.0067053670670486,71,58
dept_subset,conflict_dept_subset_072,Conflict-belt departments: HUANCAVELICA + SAN MARTIN,bounded_department_subset,0,2,de,treat_12,2012,drop_rounding_band,adjacent_categories,p1_mserd,978,458,50,408,207,251,11,196,39,212,11,50,80,91,24,24,1,1,0,-.2763464055164693,-.3698436175297294,.1779380865580108,.03766369047105,-.7185958586614012,-.0210913763980576,.0018836164892611,.0018836164892611,.0042765024798589,.0042765024798589,58,52
dept_subset,conflict_dept_subset_072,Conflict-belt departments: HUANCAVELICA + SAN MARTIN,bounded_department_subset,0,2,de,treat_16,2016,drop_rounding_band,adjacent_categories,p1_mserd,978,458,56,402,207,251,13,194,43,208,11,50,80,91,24,24,1,1,0,-.3979989947173702,-.5688129393630406,.2655995771152529,.0322242024712625,-1.089378544818005,-.0482473339080761,.0014615501586062,.0014615501586062,.0031288005985517,.0031288005985517,29,30
dept_subset,conflict_dept_subset_072,Conflict-belt departments: HUANCAVELICA + SAN MARTIN,bounded_department_subset,0,2,de,treat_23,2023,drop_rounding_band,adjacent_categories,p1_mserd,978,458,258,200,207,251,54,153,204,47,11,50,80,91,24,24,1,1,1,,,,,,,,,,,,
dept_subset,conflict_dept_subset_080,Conflict-belt departments: HUANUCO + SAN MARTIN,bounded_department_subset,0,2,ab,treat_12,2012,drop_rounding_band,adjacent_categories,p1_mserd,1415,392,163,229,205,187,80,125,83,104,176,180,60,48,0,0,1,1,0,-.0674352421857509,-.1657130550440585,.2553257323166531,.5163215296013134,-.666142294711013,.334716184622896,.0262406378527889,.0262406378527889,.0406389748469866,.0406389748469866,33,33
dept_subset,conflict_dept_subset_080,Conflict-belt departments: HUANUCO + SAN MARTIN,bounded_department_subset,0,2,ab,treat_16,2016,drop_rounding_band,adjacent_categories,p1_mserd,1415,392,222,170,205,187,95,110,127,60,176,180,60,48,0,0,1,1,0,-.3260794307374141,-.410115838152473,.3058704718253026,.1799803958777673,-1.009610946864339,.1893792705593934,.0266612622183895,.0266612622183895,.0438978837096066,.0438978837096066,33,33
dept_subset,conflict_dept_subset_080,Conflict-belt departments: HUANUCO + SAN MARTIN,bounded_department_subset,0,2,ab,treat_23,2023,drop_rounding_band,adjacent_categories,p1_mserd,1415,392,335,57,205,187,172,33,163,24,176,180,60,48,0,0,1,1,0,-.0767965339335503,-.1304199274459379,.2007732817737259,.5159583450002996,-.5239283287803527,.2630884738884768,.0358829152181562,.0358829152181562,.0496147785348303,.0496147785348303,47,38
dept_subset,conflict_dept_subset_080,Conflict-belt departments: HUANUCO + SAN MARTIN,bounded_department_subset,0,2,bc,treat_12,2012,drop_rounding_band,adjacent_categories,p1_mserd,1415,550,195,355,345,205,115,230,80,125,189,176,100,60,0,2,1,1,0,-.1394398006772531,-.1743456938775567,.2887016784513159,.54591300699333,-.7401905859183993,.3914991981632858,.0100253708140474,.0100253708140474,.0169609795736554,.0169609795736554,60,48
dept_subset,conflict_dept_subset_080,Conflict-belt departments: HUANUCO + SAN MARTIN,bounded_department_subset,0,2,bc,treat_16,2016,drop_rounding_band,adjacent_categories,p1_mserd,1415,550,214,336,345,205,119,226,95,110,189,176,100,60,0,2,1,1,0,-.0152505140544866,-.0480722141317783,.287603134917747,.8672538029466011,-.6117640004113764,.5156195721478197,.0104313807500915,.0104313807500915,.0173593127826836,.0173593127826836,62,51
dept_subset,conflict_dept_subset_080,Conflict-belt departments: HUANUCO + SAN MARTIN,bounded_department_subset,0,2,bc,treat_23,2023,drop_rounding_band,adjacent_categories,p1_mserd,1415,550,473,77,345,205,301,44,172,33,189,176,100,60,0,2,1,1,0,.0401599695359545,.0258503478328673,.179459253795335,.8854643209340739,-.3258833262984222,.3775840219641569,.014153151298964,.014153151298964,.0233549177953319,.0233549177953319,93,65
dept_subset,conflict_dept_subset_080,Conflict-belt departments: HUANUCO + SAN MARTIN,bounded_department_subset,0,2,cd,treat_12,2012,drop_rounding_band,adjacent_categories,p1_mserd,1415,747,171,576,400,347,55,345,116,231,50,190,108,100,0,0,1,1,0,-.0639496841787289,-.1070455320546247,.2211784863580021,.6284014485427933,-.5405473994713925,.326456335362143,.0033391810333606,.0033391810333606,.005454467960766,.005454467960766,70,56
dept_subset,conflict_dept_subset_080,Conflict-belt departments: HUANUCO + SAN MARTIN,bounded_department_subset,0,2,cd,treat_16,2016,drop_rounding_band,adjacent_categories,p1_mserd,1415,747,179,568,400,347,59,341,120,227,50,190,108,100,0,0,1,1,0,.01364711005727,-.0250499217830898,.2477406834504099,.9194603801470471,-.5106127388512314,.4605128952850516,.0037483211350535,.0037483211350535,.0059321891171624,.0059321891171624,79,63
dept_subset,conflict_dept_subset_080,Conflict-belt departments: HUANUCO + SAN MARTIN,bounded_department_subset,0,2,cd,treat_23,2023,drop_rounding_band,adjacent_categories,p1_mserd,1415,747,596,151,400,347,293,107,303,44,50,190,108,100,0,0,1,1,0,.0616633624590632,.0831592678980932,.1368696452906262,.5434660261530867,-.1851003074483062,.3514188432444927,.0045782060370049,.0045782060370049,.0065516062094168,.0065516062094168,97,77
dept_subset,conflict_dept_subset_080,Conflict-belt departments: HUANUCO + SAN MARTIN,bounded_department_subset,0,2,de,treat_12,2012,drop_rounding_band,adjacent_categories,p1_mserd,1415,646,62,584,276,370,9,267,53,317,11,49,87,106,30,30,1,1,0,-.1798400520999829,-.2816900969047536,.1997655560932776,.1585091430635522,-.6732233921991935,.1098431983896864,.0015090374915664,.0015090374915664,.0031050883014392,.0031050883014392,41,56
dept_subset,conflict_dept_subset_080,Conflict-belt departments: HUANUCO + SAN MARTIN,bounded_department_subset,0,2,de,treat_16,2016,drop_rounding_band,adjacent_categories,p1_mserd,1415,646,68,578,276,370,11,265,57,313,11,49,87,106,30,30,1,1,0,-.0751603700811741,-.1026690122618072,.1401130487759335,.4637058030102447,-.3772855416267407,.1719475171031262,.0021750944783645,.0021750944783645,.0042948532446083,.0042948532446083,73,88
dept_subset,conflict_dept_subset_080,Conflict-belt departments: HUANUCO + SAN MARTIN,bounded_department_subset,0,2,de,treat_23,2023,drop_rounding_band,adjacent_categories,p1_mserd,1415,646,342,304,276,370,64,212,278,92,11,49,87,106,30,30,1,1,1,,,,,,,,,,,,
dept_subset,conflict_dept_subset_096,Conflict-belt departments: JUNIN + SAN MARTIN,bounded_department_subset,0,2,ab,treat_12,2012,drop_rounding_band,adjacent_categories,p1_mserd,1315,393,189,204,221,172,90,131,99,73,185,158,60,53,0,3,1,1,0,-.1129112115587232,-.247552288211327,.3116927332680745,.4270679543816118,-.8584588196596024,.3633542432369483,.0268019330523564,.0268019330523564,.043637049417022,.043637049417022,37,27
dept_subset,conflict_dept_subset_096,Conflict-belt departments: JUNIN + SAN MARTIN,bounded_department_subset,0,2,ab,treat_16,2016,drop_rounding_band,adjacent_categories,p1_mserd,1315,393,245,148,221,172,109,112,136,36,185,158,60,53,0,3,1,1,0,.1600115681868119,.1161691258398379,.244437305424037,.6346079283857335,-.3629191892692918,.5952574409489675,.0313071631225244,.0313071631225244,.0503492178717671,.0503492178717671,41,30
dept_subset,conflict_dept_subset_096,Conflict-belt departments: JUNIN + SAN MARTIN,bounded_department_subset,0,2,ab,treat_23,2023,drop_rounding_band,adjacent_categories,p1_mserd,1315,393,354,39,221,172,191,30,163,9,185,158,60,53,0,3,1,1,0,.0224710644008648,.0058261921985356,.0836359614629263,.9444632222391417,-.1580972800811798,.1697496644782511,.0345480531665783,.0345480531665783,.0572364525568763,.0572364525568763,49,33
dept_subset,conflict_dept_subset_096,Conflict-belt departments: JUNIN + SAN MARTIN,bounded_department_subset,0,2,bc,treat_12,2012,drop_rounding_band,adjacent_categories,p1_mserd,1315,533,180,353,309,224,88,221,92,132,161,186,97,60,0,1,1,1,0,-.2756419633108843,-.3027580056164793,.238527827409902,.2043421065486962,-.770263956650473,.1647479454175144,.0114931428673797,.0114931428673797,.0183122339531317,.0183122339531317,49,53
dept_subset,conflict_dept_subset_096,Conflict-belt departments: JUNIN + SAN MARTIN,bounded_department_subset,0,2,bc,treat_16,2016,drop_rounding_band,adjacent_categories,p1_mserd,1315,533,202,331,309,224,91,218,111,113,161,186,97,60,0,1,1,1,0,.0368677181589633,.0559968864207866,.2362013680210406,.8126004226083413,-.4069492879995437,.518943060841117,.0124377929378393,.0124377929378393,.0189764200926382,.0189764200926382,52,55
dept_subset,conflict_dept_subset_096,Conflict-belt departments: JUNIN + SAN MARTIN,bounded_department_subset,0,2,bc,treat_23,2023,drop_rounding_band,adjacent_categories,p1_mserd,1315,533,451,82,309,224,258,51,193,31,161,186,97,60,0,1,1,1,0,.058231577789116,.0542796265919032,.1590779117654518,.7329424088321462,-.2575073512042227,.3660666043880292,.014528636915541,.014528636915541,.0241906222921875,.0241906222921875,60,59
dept_subset,conflict_dept_subset_096,Conflict-belt departments: JUNIN + SAN MARTIN,bounded_department_subset,0,2,cd,treat_12,2012,drop_rounding_band,adjacent_categories,p1_mserd,1315,669,133,536,359,310,44,315,89,221,51,162,118,97,0,0,1,1,0,-.0802744658642803,-.1115549682166527,.2725530072536162,.6823221475842474,-.6457490463118244,.422639109878519,.0029467827544936,.0029467827544936,.0050919187893562,.0050919187893562,56,41
dept_subset,conflict_dept_subset_096,Conflict-belt departments: JUNIN + SAN MARTIN,bounded_department_subset,0,2,cd,treat_16,2016,drop_rounding_band,adjacent_categories,p1_mserd,1315,669,141,528,359,310,49,310,92,218,51,162,118,97,0,0,1,1,0,-.0914823454846727,-.1238860564131201,.2412146427432655,.6075368517928241,-.5966580687336164,.3488859559073761,.0034877241495027,.0034877241495027,.0055892158790412,.0055892158790412,70,52
dept_subset,conflict_dept_subset_096,Conflict-belt departments: JUNIN + SAN MARTIN,bounded_department_subset,0,2,cd,treat_23,2023,drop_rounding_band,adjacent_categories,p1_mserd,1315,669,506,163,359,310,247,112,259,51,51,162,118,97,0,0,1,1,0,.3085327943408218,.3365012937976131,.1877626893122942,.073106902901691,-.0315068148948672,.7045094024900933,.0028054090224494,.0028054090224494,.004967649641735,.004967649641735,55,40
dept_subset,conflict_dept_subset_096,Conflict-belt departments: JUNIN + SAN MARTIN,bounded_department_subset,0,2,de,treat_12,2012,drop_rounding_band,adjacent_categories,p1_mserd,1315,583,54,529,250,333,12,238,42,291,12,50,90,114,26,26,1,1,0,-.1897251503753234,-.282570273337995,.1211604630248378,.0196902409839221,-.5200404172168739,-.0451001294591161,.0015904868420099,.0015904868420099,.0034552511288537,.0034552511288537,41,44
dept_subset,conflict_dept_subset_096,Conflict-belt departments: JUNIN + SAN MARTIN,bounded_department_subset,0,2,de,treat_16,2016,drop_rounding_band,adjacent_categories,p1_mserd,1315,583,61,522,250,333,14,236,47,286,12,50,90,114,26,26,1,1,0,.0055896838571756,-.0496417688393563,.313054340556657,.8740057985652656,-.6632170015343408,.5639334638556281,.0012028429525981,.0012028429525981,.002930749351706,.002930749351706,38,26
dept_subset,conflict_dept_subset_096,Conflict-belt departments: JUNIN + SAN MARTIN,bounded_department_subset,0,2,de,treat_23,2023,drop_rounding_band,adjacent_categories,p1_mserd,1315,583,283,300,250,333,48,202,235,98,12,50,90,114,26,26,1,1,0,-.0871628338200399,-.0504748976893445,.7628174352665249,.9472432449224475,-1.545569597590947,1.444619802212258,.0012892090568534,.0012892090568534,.0026152093909336,.0026152093909336,38,26
dept_subset,conflict_dept_subset_007,Conflict-belt departments: APURIMAC + AYACUCHO + CUSCO,bounded_department_subset,0,3,ab,treat_12,2012,drop_rounding_band,adjacent_categories,p1_mserd,2020,1339,668,671,619,720,244,375,424,296,440,622,139,146,0,2,1,1,0,-.0532057675222187,-.0861695207188242,.1637973998151612,.5988369309198108,-.4072065251178478,.2348674836801994,.0293687148166026,.0293687148166026,.0442251841353702,.0442251841353702,178,98
dept_subset,conflict_dept_subset_007,Conflict-belt departments: APURIMAC + AYACUCHO + CUSCO,bounded_department_subset,0,3,ab,treat_16,2016,drop_rounding_band,adjacent_categories,p1_mserd,2020,1339,897,442,619,720,312,307,585,135,440,622,139,146,0,2,1,1,0,-.303789544061204,-.3750825417164982,.1605064763842853,.0194460184773472,-.6896694547151261,-.0604956287178705,.0196623601324661,.0196623601324661,.0337952506970058,.0337952506970058,117,66
dept_subset,conflict_dept_subset_007,Conflict-belt departments: APURIMAC + AYACUCHO + CUSCO,bounded_department_subset,0,3,ab,treat_23,2023,drop_rounding_band,adjacent_categories,p1_mserd,2020,1339,1208,131,619,720,543,76,665,55,440,622,139,146,0,2,1,1,0,.0566671207367555,.0822046609774472,.0996842816727834,.4095702228768981,-.1131729409259543,.2775822628808486,.0352432561550229,.0352432561550229,.0515546623545403,.0515546623545403,214,112
dept_subset,conflict_dept_subset_007,Conflict-belt departments: APURIMAC + AYACUCHO + CUSCO,bounded_department_subset,0,3,bc,treat_12,2012,drop_rounding_band,adjacent_categories,p1_mserd,2020,996,349,647,376,620,104,272,245,375,194,441,124,139,0,3,1,1,0,.2843649295860617,.3263658071035904,.1560487165041892,.0364890531967495,.0205159429216784,.6322156712855024,.0127692555578079,.0127692555578079,.0223793814193447,.0223793814193447,112,90
dept_subset,conflict_dept_subset_007,Conflict-belt departments: APURIMAC + AYACUCHO + CUSCO,bounded_department_subset,0,3,bc,treat_16,2016,drop_rounding_band,adjacent_categories,p1_mserd,2020,996,421,575,376,620,108,268,313,307,194,441,124,139,0,3,1,1,0,.3348338511155275,.3740340897760986,.1679464360013456,.0259403596053933,.0448651238816003,.703203055670597,.0122357334041023,.0122357334041023,.0199855975410063,.0199855975410063,106,85
dept_subset,conflict_dept_subset_007,Conflict-belt departments: APURIMAC + AYACUCHO + CUSCO,bounded_department_subset,0,3,bc,treat_23,2023,drop_rounding_band,adjacent_categories,p1_mserd,2020,996,867,129,376,620,323,53,544,76,194,441,124,139,0,3,1,1,0,.0372163215296448,.0716959453225692,.1448257115022325,.62056493959096,-.2121572332571947,.355549123902333,.0120684418566656,.0120684418566656,.0197389829894375,.0197389829894375,105,83
dept_subset,conflict_dept_subset_007,Conflict-belt departments: APURIMAC + AYACUCHO + CUSCO,bounded_department_subset,0,3,cd,treat_12,2012,drop_rounding_band,adjacent_categories,p1_mserd,2020,575,139,436,199,376,35,164,104,272,45,194,88,124,3,3,1,1,0,-.085705350703932,-.0914106057174907,.2617314786335392,.7268990885366479,-.6043948774596422,.4215736660246607,.0041561957933124,.0041561957933124,.0063385255932744,.0063385255932744,65,48
dept_subset,conflict_dept_subset_007,Conflict-belt departments: APURIMAC + AYACUCHO + CUSCO,bounded_department_subset,0,3,cd,treat_16,2016,drop_rounding_band,adjacent_categories,p1_mserd,2020,575,145,430,199,376,37,162,108,268,45,194,88,124,3,3,1,1,0,.0410275262328894,.0651206024119628,.2715091023019981,.8104489872442264,-.4670274595747544,.5972686643986801,.0039827958359671,.0039827958359671,.0062898206327733,.0062898206327733,60,47
dept_subset,conflict_dept_subset_007,Conflict-belt departments: APURIMAC + AYACUCHO + CUSCO,bounded_department_subset,0,3,cd,treat_23,2023,drop_rounding_band,adjacent_categories,p1_mserd,2020,575,458,117,199,376,136,63,322,54,45,194,88,124,3,3,1,1,0,-.1636598670285876,-.1967446905018493,.1988645380302425,.3224967005226224,-.5865120228433205,.1930226418396219,.0036471219451317,.0036471219451317,.0056811195348062,.0056811195348062,56,46
dept_subset,conflict_dept_subset_007,Conflict-belt departments: APURIMAC + AYACUCHO + CUSCO,bounded_department_subset,0,3,de,treat_12,2012,drop_rounding_band,adjacent_categories,p1_mserd,2020,292,38,254,101,191,3,98,35,156,11,44,55,87,8,8,1,1,0,-.2294829622521283,-.2988764621298994,.2983371857016956,.3164365224676026,-.8836066013542606,.2858536770944619,.0016022296209368,.0016022296209368,.0030638214232335,.0030638214232335,17,20
dept_subset,conflict_dept_subset_007,Conflict-belt departments: APURIMAC + AYACUCHO + CUSCO,bounded_department_subset,0,3,de,treat_16,2016,drop_rounding_band,adjacent_categories,p1_mserd,2020,292,40,252,101,191,3,98,37,154,11,44,55,87,8,8,1,1,0,-.2294829622521283,-.2988764621298994,.2983371857016956,.3164365224676026,-.8836066013542606,.2858536770944619,.0016022296209368,.0016022296209368,.0030638214232335,.0030638214232335,17,20
dept_subset,conflict_dept_subset_007,Conflict-belt departments: APURIMAC + AYACUCHO + CUSCO,bounded_department_subset,0,3,de,treat_23,2023,drop_rounding_band,adjacent_categories,p1_mserd,2020,292,166,126,101,191,32,69,134,57,11,44,55,87,8,8,1,1,0,.0156159450178057,-.0289083830842403,.541181267450952,.9573995083958693,-1.089604176395844,1.031787410227364,.0020628989873136,.0020628989873136,.0032950491726108,.0032950491726108,33,28
dept_subset,conflict_dept_subset_011,Conflict-belt departments: APURIMAC + AYACUCHO + HUANCAVELICA,bounded_department_subset,0,3,ab,treat_12,2012,drop_rounding_band,adjacent_categories,p1_mserd,2295,1409,762,647,656,753,288,368,474,279,454,645,167,165,0,6,1,1,0,-.013562890827833,-.0486793567693018,.1738066687823044,.7794179605128344,-.3893341678555004,.2919754543168968,.026447467866992,.026447467866992,.0405407494204115,.0405407494204115,162,86
dept_subset,conflict_dept_subset_011,Conflict-belt departments: APURIMAC + AYACUCHO + HUANCAVELICA,bounded_department_subset,0,3,ab,treat_16,2016,drop_rounding_band,adjacent_categories,p1_mserd,2295,1409,1002,407,656,753,363,293,639,114,454,645,167,165,0,6,1,1,0,-.2552674083620063,-.3274688520334521,.1594081204741304,.0399486367618431,-.6399030270059697,-.0150346770609345,.0185553531042548,.0185553531042548,.0335548993919245,.0335548993919245,112,58
dept_subset,conflict_dept_subset_011,Conflict-belt departments: APURIMAC + AYACUCHO + HUANCAVELICA,bounded_department_subset,0,3,ab,treat_23,2023,drop_rounding_band,adjacent_categories,p1_mserd,2295,1409,1297,112,656,753,589,67,708,45,454,645,167,165,0,6,1,1,0,.0439968227313443,.0668464780517364,.0971981727161714,.4916203702124611,-.1236584398350632,.257351395938536,.0340312272817513,.0340312272817513,.0500976547707154,.0500976547707154,208,111
dept_subset,conflict_dept_subset_011,Conflict-belt departments: APURIMAC + AYACUCHO + HUANCAVELICA,bounded_department_subset,0,3,bc,treat_12,2012,drop_rounding_band,adjacent_categories,p1_mserd,2295,1137,437,700,476,661,145,331,292,369,216,455,163,168,0,2,1,1,0,.3543633485475371,.4018070719199428,.2000149420279331,.0445493018260346,.0097849891753272,.7938291546645584,.0088366621801987,.0088366621801987,.0151398303150091,.0151398303150091,101,64
dept_subset,conflict_dept_subset_011,Conflict-belt departments: APURIMAC + AYACUCHO + HUANCAVELICA,bounded_department_subset,0,3,bc,treat_16,2016,drop_rounding_band,adjacent_categories,p1_mserd,2295,1137,517,620,476,661,149,327,368,293,216,455,163,168,0,2,1,1,0,.3768095458773294,.4151131621496121,.1911700932516773,.0298984119927551,.0404266644551611,.7897996598440631,.0097429971457345,.0097429971457345,.0155859564399617,.0155859564399617,108,74
dept_subset,conflict_dept_subset_011,Conflict-belt departments: APURIMAC + AYACUCHO + HUANCAVELICA,bounded_department_subset,0,3,bc,treat_23,2023,drop_rounding_band,adjacent_categories,p1_mserd,2295,1137,1020,117,476,661,426,50,594,67,216,455,163,168,0,2,1,1,0,.0803380433886938,.116010603790019,.1062374859515285,.2748361250502885,-.0922110424830568,.3242322500630949,.0126703146139373,.0126703146139373,.0218487261907197,.0218487261907197,140,92
dept_subset,conflict_dept_subset_011,Conflict-belt departments: APURIMAC + AYACUCHO + HUANCAVELICA,bounded_department_subset,0,3,cd,treat_12,2012,drop_rounding_band,adjacent_categories,p1_mserd,2295,742,199,543,266,476,53,213,146,330,51,216,122,162,4,3,1,1,0,-.1841584911864372,-.1970819928986481,.2190984283543545,.3683792113203356,-.6265070215425123,.232343035745216,.0039470752022698,.0039470752022698,.0059441082681899,.0059441082681899,81,66
dept_subset,conflict_dept_subset_011,Conflict-belt departments: APURIMAC + AYACUCHO + HUANCAVELICA,bounded_department_subset,0,3,cd,treat_16,2016,drop_rounding_band,adjacent_categories,p1_mserd,2295,742,206,536,266,476,56,210,150,326,51,216,122,162,4,3,1,1,0,-.1033501411518044,-.1003094916352531,.2311139183355726,.6642694283773489,-.5532844478989065,.3526654646284004,.0038415439208359,.0038415439208359,.0058592026054591,.0058592026054591,78,64
dept_subset,conflict_dept_subset_011,Conflict-belt departments: APURIMAC + AYACUCHO + HUANCAVELICA,bounded_department_subset,0,3,cd,treat_23,2023,drop_rounding_band,adjacent_categories,p1_mserd,2295,742,627,115,266,476,201,65,426,50,51,216,122,162,4,3,1,1,0,-.2050722020369351,-.2329383420397282,.1361453729013159,.0870897788522797,-.4997783695880827,.0339016855086263,.0029582186925459,.0029582186925459,.0048757241745887,.0048757241745887,54,49
dept_subset,conflict_dept_subset_011,Conflict-belt departments: APURIMAC + AYACUCHO + HUANCAVELICA,bounded_department_subset,0,3,de,treat_12,2012,drop_rounding_band,adjacent_categories,p1_mserd,2295,388,59,329,135,253,6,129,53,200,11,51,78,121,14,14,1,1,0,-.2779312629854528,-.3632036474694367,.2369843175448593,.1253728993245547,-.8276843747581644,.1012770798192911,.0017215987912669,.0017215987912669,.0032822261628735,.0032822261628735,20,25
dept_subset,conflict_dept_subset_011,Conflict-belt departments: APURIMAC + AYACUCHO + HUANCAVELICA,bounded_department_subset,0,3,de,treat_16,2016,drop_rounding_band,adjacent_categories,p1_mserd,2295,388,62,326,135,253,6,129,56,197,11,51,78,121,14,14,1,1,0,-.2779312629854528,-.3632036474694367,.2369843175448593,.1253728993245547,-.8276843747581644,.1012770798192911,.0017215987912669,.0017215987912669,.0032822261628735,.0032822261628735,20,25
dept_subset,conflict_dept_subset_011,Conflict-belt departments: APURIMAC + AYACUCHO + HUANCAVELICA,bounded_department_subset,0,3,de,treat_23,2023,drop_rounding_band,adjacent_categories,p1_mserd,2295,388,240,148,135,253,47,88,193,60,11,51,78,121,14,14,1,1,0,.1210003111135389,.2335017817599265,.4190073409128687,.5773404247025493,-.5877375156871922,1.054741079207045,.0022712135119284,.0022712135119284,.0044026309166207,.0044026309166207,51,36
dept_subset,conflict_dept_subset_013,Conflict-belt departments: APURIMAC + CUSCO + HUANCAVELICA,bounded_department_subset,0,3,ab,treat_12,2012,drop_rounding_band,adjacent_categories,p1_mserd,1053,532,255,277,234,298,109,125,146,152,206,270,100,101,0,7,1,1,0,-.1814150119397019,-.2212392597127948,.2050039193597769,.2805006886590507,-.623039558347511,.1805610389219214,.0544617961265345,.0544617961265345,.0758739165954956,.0758739165954956,125,65
dept_subset,conflict_dept_subset_013,Conflict-belt departments: APURIMAC + CUSCO + HUANCAVELICA,bounded_department_subset,0,3,ab,treat_16,2016,drop_rounding_band,adjacent_categories,p1_mserd,1053,532,361,171,234,298,138,96,223,75,206,270,100,101,0,7,1,1,0,-.363410570590103,-.4574603625146814,.1727911947981159,.0081095363869328,-.7961248811646331,-.1187958438647296,.0514199243006752,.0514199243006752,.0760769013453481,.0760769013453481,116,63
dept_subset,conflict_dept_subset_013,Conflict-belt departments: APURIMAC + CUSCO + HUANCAVELICA,bounded_department_subset,0,3,ab,treat_23,2023,drop_rounding_band,adjacent_categories,p1_mserd,1053,532,481,51,234,298,209,25,272,26,206,270,100,101,0,7,1,1,0,.0576046613037189,.1200426367165222,.1439079222388215,.4041892452462807,-.1620117079615587,.402096981394603,.0479416210820435,.0479416210820435,.0699875045546752,.0699875045546752,110,60
dept_subset,conflict_dept_subset_013,Conflict-belt departments: APURIMAC + CUSCO + HUANCAVELICA,bounded_department_subset,0,3,bc,treat_12,2012,drop_rounding_band,adjacent_categories,p1_mserd,1053,498,189,309,258,240,75,183,114,126,153,207,96,101,0,1,1,1,0,.734211040486573,.8490792920762626,.2148007710868657,.0000772197429157,.4280775168945735,1.270081067257952,.0072214980152358,.0072214980152358,.0122949812738616,.0122949812738616,40,21
dept_subset,conflict_dept_subset_013,Conflict-belt departments: APURIMAC + CUSCO + HUANCAVELICA,bounded_department_subset,0,3,bc,treat_16,2016,drop_rounding_band,adjacent_categories,p1_mserd,1053,498,221,277,258,240,77,181,144,96,153,207,96,101,0,1,1,1,0,.7283659312799691,.8427923793955688,.214885098011651,.0000877948977997,.4216253264783735,1.263959432312764,.0069677220955323,.0069677220955323,.0123577527673078,.0123577527673078,37,20
dept_subset,conflict_dept_subset_013,Conflict-belt departments: APURIMAC + CUSCO + HUANCAVELICA,bounded_department_subset,0,3,bc,treat_23,2023,drop_rounding_band,adjacent_categories,p1_mserd,1053,498,440,58,258,240,225,33,215,25,153,207,96,101,0,1,1,1,0,-.0254813276729018,-.0056901955559479,.1793675844328833,.9746924295752103,-.3572442010383464,.3458638099264507,.0150816400388262,.0150816400388262,.0228991513568987,.0228991513568987,82,43
dept_subset,conflict_dept_subset_013,Conflict-belt departments: APURIMAC + CUSCO + HUANCAVELICA,bounded_department_subset,0,3,cd,treat_12,2012,drop_rounding_band,adjacent_categories,p1_mserd,1053,425,116,309,166,259,40,126,76,183,45,153,75,96,2,1,1,1,0,-.3355430327523898,-.3351595424276722,.1966372779576997,.0882959730222132,-.7205615252427553,.0502424403874109,.0062123135090442,.0062123135090442,.0092328904028574,.0092328904028574,83,71
dept_subset,conflict_dept_subset_013,Conflict-belt departments: APURIMAC + CUSCO + HUANCAVELICA,bounded_department_subset,0,3,cd,treat_16,2016,drop_rounding_band,adjacent_categories,p1_mserd,1053,425,119,306,166,259,41,125,78,181,45,153,75,96,2,1,1,1,0,-.3324913713861065,-.3434708296337169,.2154540358830614,.1108974761958008,-.7657529802883176,.0788113210208838,.0052162644451687,.0052162644451687,.0079063003178039,.0079063003178039,65,58
dept_subset,conflict_dept_subset_013,Conflict-belt departments: APURIMAC + CUSCO + HUANCAVELICA,bounded_department_subset,0,3,cd,treat_23,2023,drop_rounding_band,adjacent_categories,p1_mserd,1053,425,353,72,166,259,128,38,225,34,45,153,75,96,2,1,1,1,0,-.1984907224741572,-.2521928092150161,.1858167527390849,.1747137177243689,-.6163869523078067,.1120013338777746,.0045808646197476,.0045808646197476,.0084314271051791,.0084314271051791,56,53
dept_subset,conflict_dept_subset_013,Conflict-belt departments: APURIMAC + CUSCO + HUANCAVELICA,bounded_department_subset,0,3,de,treat_12,2012,drop_rounding_band,adjacent_categories,p1_mserd,1053,244,45,199,88,156,5,83,40,116,10,45,50,75,11,11,1,1,0,-.2874179421207791,-.3430502231408237,.4287703844415884,.4236649696156828,-1.18342473428373,.4973242880020826,.0022441351868284,.0022441351868284,.0040982008836038,.0040982008836038,26,22
dept_subset,conflict_dept_subset_013,Conflict-belt departments: APURIMAC + CUSCO + HUANCAVELICA,bounded_department_subset,0,3,de,treat_16,2016,drop_rounding_band,adjacent_categories,p1_mserd,1053,244,46,198,88,156,5,83,41,115,10,45,50,75,11,11,1,1,0,-.2872425362492894,-.3416253971066345,.4284165236878218,.4252105453354591,-1.181306353916616,.498055559703347,.0022486266199665,.0022486266199665,.0041076384716708,.0041076384716708,26,22
dept_subset,conflict_dept_subset_013,Conflict-belt departments: APURIMAC + CUSCO + HUANCAVELICA,bounded_department_subset,0,3,de,treat_23,2023,drop_rounding_band,adjacent_categories,p1_mserd,1053,244,146,98,88,156,24,64,122,34,10,45,50,75,11,11,1,1,0,.0827557147334295,.2394604960102313,.6698558154293445,.7207320054287047,-1.073432777065993,1.552353769086456,.0022819764126561,.0022819764126561,.0042338474129577,.0042338474129577,26,22
dept_subset,conflict_dept_subset_014,Conflict-belt departments: AYACUCHO + CUSCO + HUANCAVELICA,bounded_department_subset,0,3,ab,treat_12,2012,drop_rounding_band,adjacent_categories,p1_mserd,1955,1181,640,541,573,608,247,326,393,215,417,527,128,122,0,6,1,1,0,-.0733166619101754,-.0990719697204026,.1779790901548506,.5777669335698772,-.447904576425117,.2497606369843119,.0271447002658403,.0271447002658403,.0411439178779524,.0411439178779524,141,82
dept_subset,conflict_dept_subset_014,Conflict-belt departments: AYACUCHO + CUSCO + HUANCAVELICA,bounded_department_subset,0,3,ab,treat_16,2016,drop_rounding_band,adjacent_categories,p1_mserd,1955,1181,815,366,573,608,306,267,509,99,417,527,128,122,0,6,1,1,0,-.2214274691693221,-.2876451969328431,.1686452661405524,.0880783471194611,-.6181838447314979,.0428934508658118,.0189655066610985,.0189655066610985,.0336296427069152,.0336296427069152,99,56
dept_subset,conflict_dept_subset_014,Conflict-belt departments: AYACUCHO + CUSCO + HUANCAVELICA,bounded_department_subset,0,3,ab,treat_23,2023,drop_rounding_band,adjacent_categories,p1_mserd,1955,1181,1064,117,573,608,507,66,557,51,417,527,128,122,0,6,1,1,0,.0448051546903314,.0727124289855487,.1090099697935345,.5047558489715489,-.140943185765578,.2863680437366755,.0349712722605056,.0349712722605056,.0525260144432614,.0525260144432614,181,103
dept_subset,conflict_dept_subset_014,Conflict-belt departments: AYACUCHO + CUSCO + HUANCAVELICA,bounded_department_subset,0,3,bc,treat_12,2012,drop_rounding_band,adjacent_categories,p1_mserd,1955,987,372,615,408,579,120,288,252,327,202,418,127,129,0,3,1,1,0,.0386255085994675,.0608399434567711,.1807965012158925,.7364858413844644,-.2935146874572303,.4151945743707725,.0102729160043829,.0102729160043829,.0168167610566909,.0168167610566909,100,64
dept_subset,conflict_dept_subset_014,Conflict-belt departments: AYACUCHO + CUSCO + HUANCAVELICA,bounded_department_subset,0,3,bc,treat_16,2016,drop_rounding_band,adjacent_categories,p1_mserd,1955,987,437,550,408,579,125,283,312,267,202,418,127,129,0,3,1,1,0,.1049903752436337,.1023710270212347,.1869831745436851,.5840435757914537,-.2641092607993547,.468851314841824,.010745363191907,.010745363191907,.0164743900306588,.0164743900306588,102,67
dept_subset,conflict_dept_subset_014,Conflict-belt departments: AYACUCHO + CUSCO + HUANCAVELICA,bounded_department_subset,0,3,bc,treat_23,2023,drop_rounding_band,adjacent_categories,p1_mserd,1955,987,880,107,408,579,367,41,513,66,202,418,127,129,0,3,1,1,0,-.0882164849560105,-.0648825736804597,.1290012768156658,.6149918966659609,-.3177204301988464,.187955282837927,.0160570935709579,.0160570935709579,.0255631893854475,.0255631893854475,157,109
dept_subset,conflict_dept_subset_014,Conflict-belt departments: AYACUCHO + CUSCO + HUANCAVELICA,bounded_department_subset,0,3,cd,treat_12,2012,drop_rounding_band,adjacent_categories,p1_mserd,1955,637,161,476,227,410,40,187,121,289,47,202,96,128,3,2,1,1,0,-.1433921265005972,-.1568834107888675,.229458587680871,.4941575374334194,-.6066139785868006,.2928471570090657,.0042978972047039,.0042978972047039,.0066163570671695,.0066163570671695,70,63
dept_subset,conflict_dept_subset_014,Conflict-belt departments: AYACUCHO + CUSCO + HUANCAVELICA,bounded_department_subset,0,3,cd,treat_16,2016,drop_rounding_band,adjacent_categories,p1_mserd,1955,637,169,468,227,410,43,184,126,284,47,202,96,128,3,2,1,1,0,-.0274311534264419,-.0049589938811762,.2564495287818749,.9845721764315133,-.5075908341459188,.4976728463835664,.0039327242215006,.0039327242215006,.0062695665758174,.0062695665758174,64,59
dept_subset,conflict_dept_subset_014,Conflict-belt departments: AYACUCHO + CUSCO + HUANCAVELICA,bounded_department_subset,0,3,cd,treat_23,2023,drop_rounding_band,adjacent_categories,p1_mserd,1955,637,542,95,227,410,174,53,368,42,47,202,96,128,3,2,1,1,0,.0008314218348762,-.0111096130736605,.1023347156173478,.9135502767157236,-.2116819700518108,.1894627439044897,.005423191798792,.005423191798792,.0088229590052792,.0088229590052792,83,77
dept_subset,conflict_dept_subset_014,Conflict-belt departments: AYACUCHO + CUSCO + HUANCAVELICA,bounded_department_subset,0,3,de,treat_12,2012,drop_rounding_band,adjacent_categories,p1_mserd,1955,345,44,301,129,216,4,125,40,176,11,47,69,95,12,12,1,1,0,-.1534052624445128,-.2190971177261496,.1710532250751583,.20023897575515,-.5543552783128836,.1161610428605843,.0016541807563186,.0016541807563186,.0032529612450863,.0032529612450863,17,22
dept_subset,conflict_dept_subset_014,Conflict-belt departments: AYACUCHO + CUSCO + HUANCAVELICA,bounded_department_subset,0,3,de,treat_16,2016,drop_rounding_band,adjacent_categories,p1_mserd,1955,345,47,298,129,216,4,125,43,173,11,47,69,95,12,12,1,1,0,-.1534052624445128,-.2190971177261496,.1710532250751583,.20023897575515,-.5543552783128836,.1161610428605843,.0016541807563186,.0016541807563186,.0032529612450863,.0032529612450863,17,22
dept_subset,conflict_dept_subset_014,Conflict-belt departments: AYACUCHO + CUSCO + HUANCAVELICA,bounded_department_subset,0,3,de,treat_23,2023,drop_rounding_band,adjacent_categories,p1_mserd,1955,345,210,135,129,216,44,85,166,50,11,47,69,95,12,12,1,1,0,.3702267356295668,.4466462824283894,.4934653504621474,.3654008253769679,-.520528032095855,1.413820596952634,.0019773278718396,.0019773278718396,.0033453624816622,.0033453624816622,43,31
dept_subset,conflict_dept_subset_019,Conflict-belt departments: APURIMAC + AYACUCHO + HUANUCO,bounded_department_subset,0,3,ab,treat_12,2012,drop_rounding_band,adjacent_categories,p1_mserd,2732,1567,790,777,733,834,300,433,490,344,495,710,172,169,0,1,1,1,0,-.0162427335303983,-.0579119573256517,.1683779748361443,.73089124550255,-.3879267237942858,.2721028091429825,.025825584147124,.025825584147124,.0407556099706659,.0407556099706659,170,102
dept_subset,conflict_dept_subset_019,Conflict-belt departments: APURIMAC + AYACUCHO + HUANUCO,bounded_department_subset,0,3,ab,treat_16,2016,drop_rounding_band,adjacent_categories,p1_mserd,2732,1567,1047,520,733,834,374,359,673,161,495,710,172,169,0,1,1,1,0,-.3551290944712646,-.4196707844953154,.1830202756985296,.0218463402181533,-.7783839333050245,-.0609576356856062,.017695443509713,.017695443509713,.0308066199489085,.0308066199489085,115,67
dept_subset,conflict_dept_subset_019,Conflict-belt departments: APURIMAC + AYACUCHO + HUANUCO,bounded_department_subset,0,3,ab,treat_23,2023,drop_rounding_band,adjacent_categories,p1_mserd,2732,1567,1410,157,733,834,641,92,769,65,495,710,172,169,0,1,1,1,0,-.004954381802283,.0092754822611285,.0902190733077475,.9181132464940887,-.1675506521406356,.1861016166628926,.0420377015514781,.0420377015514781,.0575821542666356,.0575821542666356,284,164
dept_subset,conflict_dept_subset_019,Conflict-belt departments: APURIMAC + AYACUCHO + HUANUCO,bounded_department_subset,0,3,bc,treat_12,2012,drop_rounding_band,adjacent_categories,p1_mserd,2732,1298,489,809,565,733,189,376,300,433,243,495,177,172,0,3,1,1,0,.1456669720115183,.1603080131960448,.146479637786437,.273777496141657,-.126786801333844,.4474028277259336,.0132361699260084,.0132361699260084,.0214210045493905,.0214210045493905,179,131
dept_subset,conflict_dept_subset_019,Conflict-belt departments: APURIMAC + AYACUCHO + HUANUCO,bounded_department_subset,0,3,bc,treat_16,2016,drop_rounding_band,adjacent_categories,p1_mserd,2732,1298,567,731,565,733,193,372,374,359,243,495,177,172,0,3,1,1,0,.2095074901909507,.2038926651603572,.1422341230598194,.1517148990200663,-.0748810934095268,.4826664237302412,.0143945627948566,.0143945627948566,.0226332108676283,.0226332108676283,194,143
dept_subset,conflict_dept_subset_019,Conflict-belt departments: APURIMAC + AYACUCHO + HUANUCO,bounded_department_subset,0,3,bc,treat_23,2023,drop_rounding_band,adjacent_categories,p1_mserd,2732,1298,1135,163,565,733,494,71,641,92,243,495,177,172,0,3,1,1,0,.0680837270888468,.0904849238024839,.1033603714756093,.3813391730855487,-.1120976817183915,.2930675293233592,.0153192290270579,.0153192290270579,.0252896869277779,.0252896869277779,206,156
dept_subset,conflict_dept_subset_019,Conflict-belt departments: APURIMAC + AYACUCHO + HUANUCO,bounded_department_subset,0,3,cd,treat_12,2012,drop_rounding_band,adjacent_categories,p1_mserd,2732,957,257,700,392,565,68,324,189,376,50,243,137,176,3,3,1,1,0,.016361872212139,.0065149052122733,.1836036349677078,.9716941787279404,-.3533416067550728,.3663714171796193,.0042774936842042,.0042774936842042,.0064213476152269,.0064213476152269,110,90
dept_subset,conflict_dept_subset_019,Conflict-belt departments: APURIMAC + AYACUCHO + HUANUCO,bounded_department_subset,0,3,cd,treat_16,2016,drop_rounding_band,adjacent_categories,p1_mserd,2732,957,264,693,392,565,71,321,193,372,50,243,137,176,3,3,1,1,0,.1468486182676041,.1680699668901731,.1964204962620255,.3921836038036763,-.2169071316088811,.5530470653892272,.0041190502825391,.0041190502825391,.0062955038716036,.0062955038716036,105,87
dept_subset,conflict_dept_subset_019,Conflict-belt departments: APURIMAC + AYACUCHO + HUANUCO,bounded_department_subset,0,3,cd,treat_23,2023,drop_rounding_band,adjacent_categories,p1_mserd,2732,957,769,188,392,565,275,117,494,71,50,243,137,176,3,3,1,1,0,-.0326136526499745,-.0570663499360482,.1365800935015347,.6760762896569715,-.3247584142041693,.2106257143320729,.0038305399314615,.0038305399314615,.0058150736283628,.0058150736283628,101,82
dept_subset,conflict_dept_subset_019,Conflict-belt departments: APURIMAC + AYACUCHO + HUANUCO,bounded_department_subset,0,3,de,treat_12,2012,drop_rounding_band,adjacent_categories,p1_mserd,2732,576,71,505,204,372,4,200,67,305,11,49,85,136,20,20,1,1,0,-.0730425427531671,-.0896934601980358,.1591370579120529,.5730100709052972,-.4015963623113243,.2222094419152527,.0021616262106275,.0021616262106275,.0035531891015116,.0035531891015116,62,72
dept_subset,conflict_dept_subset_019,Conflict-belt departments: APURIMAC + AYACUCHO + HUANUCO,bounded_department_subset,0,3,de,treat_16,2016,drop_rounding_band,adjacent_categories,p1_mserd,2732,576,74,502,204,372,4,200,70,302,11,49,85,136,20,20,1,1,0,-.0729201492517104,-.0900988780516997,.1593770350105023,.5718567564380909,-.4024721266350633,.2222743705316639,.002155954363834,.002155954363834,.0035101294543345,.0035101294543345,62,72
dept_subset,conflict_dept_subset_019,Conflict-belt departments: APURIMAC + AYACUCHO + HUANUCO,bounded_department_subset,0,3,de,treat_23,2023,drop_rounding_band,adjacent_categories,p1_mserd,2732,576,324,252,204,372,57,147,267,105,11,49,85,136,20,20,1,1,0,-.1272382616014576,-.1386973950085606,.3509723133217584,.6927097231971159,-.8265904886899144,.5491956986727932,.0022094868547669,.0022094868547669,.0036290407280026,.0036290407280026,62,72
dept_subset,conflict_dept_subset_021,Conflict-belt departments: APURIMAC + CUSCO + HUANUCO,bounded_department_subset,0,3,ab,treat_12,2012,drop_rounding_band,adjacent_categories,p1_mserd,1490,690,283,407,311,379,121,190,162,217,260,349,105,105,0,2,1,1,0,-.0099727312439476,-.0105928368689097,.1773292969936988,.9523663752298762,-.3581518723803661,.3369661986425467,.0434437970249156,.0434437970249156,.0599548635386391,.0599548635386391,117,77
dept_subset,conflict_dept_subset_021,Conflict-belt departments: APURIMAC + CUSCO + HUANUCO,bounded_department_subset,0,3,ab,treat_16,2016,drop_rounding_band,adjacent_categories,p1_mserd,1490,690,406,284,311,379,149,162,257,122,260,349,105,105,0,2,1,1,0,-.3430121693739606,-.4119032027818645,.1596808641677285,.0098931952874859,-.7248719455708448,-.0989344599928844,.0438621784362211,.0438621784362211,.0702759820647128,.0702759820647128,118,77
dept_subset,conflict_dept_subset_021,Conflict-belt departments: APURIMAC + CUSCO + HUANUCO,bounded_department_subset,0,3,ab,treat_23,2023,drop_rounding_band,adjacent_categories,p1_mserd,1490,690,594,96,311,379,261,50,333,46,260,349,105,105,0,2,1,1,0,-.0083760760639435,.0155403068610298,.1279214887909576,.9033083512259177,-.2351812040179912,.2662618177400508,.0563887473931717,.0563887473931717,.0627348786391032,.0627348786391032,163,95
dept_subset,conflict_dept_subset_021,Conflict-belt departments: APURIMAC + CUSCO + HUANUCO,bounded_department_subset,0,3,bc,treat_12,2012,drop_rounding_band,adjacent_categories,p1_mserd,1490,659,241,418,347,312,119,228,122,190,191,261,110,105,0,2,1,1,0,.1607558003561927,.1896460475291609,.197245816084434,.3363156153634027,-.196948648097541,.5762407431558628,.0135929481484998,.0135929481484998,.0216814374933158,.0216814374933158,98,72
dept_subset,conflict_dept_subset_021,Conflict-belt departments: APURIMAC + CUSCO + HUANUCO,bounded_department_subset,0,3,bc,treat_16,2016,drop_rounding_band,adjacent_categories,p1_mserd,1490,659,271,388,347,312,121,226,150,162,191,261,110,105,0,2,1,1,0,.168185693561225,.1766593829950651,.1938939444144718,.3622355939665975,-.2033657648777107,.556684530867841,.0141258569664386,.0141258569664386,.0221011298569486,.0221011298569486,101,76
dept_subset,conflict_dept_subset_021,Conflict-belt departments: APURIMAC + CUSCO + HUANUCO,bounded_department_subset,0,3,bc,treat_23,2023,drop_rounding_band,adjacent_categories,p1_mserd,1490,659,555,104,347,312,293,54,262,50,191,261,110,105,0,2,1,1,0,.0729800257279944,.0800443671322733,.1678896073676123,.6335274417177866,-.2490132166868173,.4091019509513638,.0142192174087337,.0142192174087337,.0230142633446615,.0230142633446615,101,76
dept_subset,conflict_dept_subset_021,Conflict-belt departments: APURIMAC + CUSCO + HUANUCO,bounded_department_subset,0,3,cd,treat_12,2012,drop_rounding_band,adjacent_categories,p1_mserd,1490,640,174,466,292,348,55,237,119,229,48,191,90,110,1,1,1,1,0,-.0248665522414625,-.0373684069786749,.1833362601150546,.838490708602485,-.396700873864449,.3219640599070991,.0057835446202142,.0057835446202142,.0087001548893844,.0087001548893844,112,92
dept_subset,conflict_dept_subset_021,Conflict-belt departments: APURIMAC + CUSCO + HUANUCO,bounded_department_subset,0,3,cd,treat_16,2016,drop_rounding_band,adjacent_categories,p1_mserd,1490,640,177,463,292,348,56,236,121,227,48,191,90,110,1,1,1,1,0,.0378847283374337,.0470178957505903,.1984611083381064,.8127247567735596,-.3419587289239999,.4359945204251806,.0058676023296551,.0058676023296551,.0089103955338094,.0089103955338094,112,92
dept_subset,conflict_dept_subset_021,Conflict-belt departments: APURIMAC + CUSCO + HUANUCO,bounded_department_subset,0,3,cd,treat_23,2023,drop_rounding_band,adjacent_categories,p1_mserd,1490,640,495,145,292,348,202,90,293,55,48,191,90,110,1,1,1,1,0,-.053990386575969,-.1033582368582846,.1704144376734446,.5441754573322396,-.4373643971438816,.2306479234273124,.0047626388086985,.0047626388086985,.0077286785623555,.0077286785623555,87,74
dept_subset,conflict_dept_subset_021,Conflict-belt departments: APURIMAC + CUSCO + HUANUCO,bounded_department_subset,0,3,de,treat_12,2012,drop_rounding_band,adjacent_categories,p1_mserd,1490,432,57,375,157,275,3,154,54,221,10,47,57,90,17,17,1,1,0,-.1171248459187229,-.1125477103363953,.1516073214422895,.4578672535123859,-.4096926001558698,.1845971794830791,.003515295335507,.003515295335507,.0053910909341635,.0053910909341635,69,103
dept_subset,conflict_dept_subset_021,Conflict-belt departments: APURIMAC + CUSCO + HUANUCO,bounded_department_subset,0,3,de,treat_16,2016,drop_rounding_band,adjacent_categories,p1_mserd,1490,432,58,374,157,275,3,154,55,220,10,47,57,90,17,17,1,1,0,-.1180493439580702,-.1123527827804152,.1493390613203974,.45185051026677,-.4050519644534126,.1803463988925823,.003568791346811,.003568791346811,.0055026047743344,.0055026047743344,69,103
dept_subset,conflict_dept_subset_021,Conflict-belt departments: APURIMAC + CUSCO + HUANUCO,bounded_department_subset,0,3,de,treat_23,2023,drop_rounding_band,adjacent_categories,p1_mserd,1490,432,230,202,157,275,34,123,196,79,10,47,57,90,17,17,1,1,0,-.197804026626049,-.1836660693709919,.2886919251553325,.5246454713658806,-.7494918453029764,.3821597065609925,.0037497516824535,.0037497516824535,.0055030186392315,.0055030186392315,75,118
dept_subset,conflict_dept_subset_022,Conflict-belt departments: AYACUCHO + CUSCO + HUANUCO,bounded_department_subset,0,3,ab,treat_12,2012,drop_rounding_band,adjacent_categories,p1_mserd,2392,1339,668,671,650,689,259,391,409,280,456,594,133,126,0,1,1,1,0,-.0446186015937148,-.0918864771773157,.1583687864545602,.5617758907679329,-.4022835949035684,.218510640548937,.028917571182549,.028917571182549,.0455513469596488,.0455513469596488,162,108
dept_subset,conflict_dept_subset_022,Conflict-belt departments: AYACUCHO + CUSCO + HUANUCO,bounded_department_subset,0,3,ab,treat_16,2016,drop_rounding_band,adjacent_categories,p1_mserd,2392,1339,860,479,650,689,317,333,543,146,456,594,133,126,0,1,1,1,0,-.322213975133558,-.3808605549070981,.1913498448125557,.0465481417460634,-.7558993591870358,-.0058217506271605,.0183062778320034,.0183062778320034,.0309191412856496,.0309191412856496,107,66
dept_subset,conflict_dept_subset_022,Conflict-belt departments: AYACUCHO + CUSCO + HUANUCO,bounded_department_subset,0,3,ab,treat_23,2023,drop_rounding_band,adjacent_categories,p1_mserd,2392,1339,1177,162,650,689,559,91,618,71,456,594,133,126,0,1,1,1,0,.0011541353410152,.0094663632283374,.0978669986644653,.9229433431349967,-.1823494294290441,.2012821558857188,.0443056956464826,.0443056956464826,.0577943291289052,.0577943291289052,260,157
dept_subset,conflict_dept_subset_022,Conflict-belt departments: AYACUCHO + CUSCO + HUANUCO,bounded_department_subset,0,3,bc,treat_12,2012,drop_rounding_band,adjacent_categories,p1_mserd,2392,1148,424,724,497,651,164,333,260,391,233,457,141,133,0,4,1,1,0,-.0705205304812567,-.0873943495630393,.1748641658504904,.6172270276816103,-.4301218168166392,.2553331176905607,.0107402375737942,.0107402375737942,.0179191029198063,.0179191029198063,113,97
dept_subset,conflict_dept_subset_022,Conflict-belt departments: AYACUCHO + CUSCO + HUANUCO,bounded_department_subset,0,3,bc,treat_16,2016,drop_rounding_band,adjacent_categories,p1_mserd,2392,1148,487,661,497,651,169,328,318,333,233,457,141,133,0,4,1,1,0,-.0262923894983147,-.0633216163902327,.1745927251052541,.7168425429980044,-.4055170695592328,.2788738367787674,.0109828861969529,.0109828861969529,.0184191137137071,.0184191137137071,116,101
dept_subset,conflict_dept_subset_022,Conflict-belt departments: AYACUCHO + CUSCO + HUANUCO,bounded_department_subset,0,3,bc,treat_23,2023,drop_rounding_band,adjacent_categories,p1_mserd,2392,1148,995,153,497,651,435,62,560,91,233,457,141,133,0,4,1,1,0,-.0362585179677659,-.0266394062371587,.124336111667547,.8303496339007692,-.2703337070833011,.2170548946089838,.014880866734282,.014880866734282,.0233752894215077,.0233752894215077,175,140
dept_subset,conflict_dept_subset_022,Conflict-belt departments: AYACUCHO + CUSCO + HUANUCO,bounded_department_subset,0,3,cd,treat_12,2012,drop_rounding_band,adjacent_categories,p1_mserd,2392,852,219,633,353,499,55,298,164,335,48,233,111,142,2,2,1,1,0,.0575018702110981,.0402320992498788,.1914555786972578,.8335599398994959,-.3350139396360204,.415478138135778,.004497345242537,.004497345242537,.0071943483439344,.0071943483439344,104,87
dept_subset,conflict_dept_subset_022,Conflict-belt departments: AYACUCHO + CUSCO + HUANUCO,bounded_department_subset,0,3,cd,treat_16,2016,drop_rounding_band,adjacent_categories,p1_mserd,2392,852,227,625,353,499,58,295,169,330,48,233,111,142,2,2,1,1,0,.242460403806404,.2766159721030436,.21237226836058,.1927437604621312,-.1396260251987683,.6928579694048554,.0040139247703321,.0040139247703321,.0065355736802144,.0065355736802144,88,79
dept_subset,conflict_dept_subset_022,Conflict-belt departments: AYACUCHO + CUSCO + HUANUCO,bounded_department_subset,0,3,cd,treat_23,2023,drop_rounding_band,adjacent_categories,p1_mserd,2392,852,684,168,353,499,248,105,436,63,48,233,111,142,2,2,1,1,0,.0877575279642691,.092940268410812,.1160169728805109,.4230783893536175,-.1344488200303494,.3203293568519735,.0060050035047528,.0060050035047528,.008477841556194,.008477841556194,139,111
dept_subset,conflict_dept_subset_022,Conflict-belt departments: AYACUCHO + CUSCO + HUANUCO,bounded_department_subset,0,3,de,treat_12,2012,drop_rounding_band,adjacent_categories,p1_mserd,2392,533,56,477,198,335,2,196,54,281,10,47,76,110,18,18,1,1,0,-.0140431305653536,.0005908596221851,.0883015016921372,.9946610845449524,-.1724769034752064,.1736586227195766,.0035871004095357,.0035871004095357,.0061905674097125,.0061905674097125,99,127
dept_subset,conflict_dept_subset_022,Conflict-belt departments: AYACUCHO + CUSCO + HUANUCO,bounded_department_subset,0,3,de,treat_16,2016,drop_rounding_band,adjacent_categories,p1_mserd,2392,533,59,474,198,335,2,196,57,278,10,47,76,110,18,18,1,1,0,-.0139440872935047,.0019755261828981,.0911964025692533,.9827173163836327,-.1767661383724544,.1807171907382505,.0034477316530511,.0034477316530511,.0058583653633343,.0058583653633343,99,127
dept_subset,conflict_dept_subset_022,Conflict-belt departments: AYACUCHO + CUSCO + HUANUCO,bounded_department_subset,0,3,de,treat_23,2023,drop_rounding_band,adjacent_categories,p1_mserd,2392,533,294,239,198,335,54,144,240,95,10,47,76,110,18,18,1,1,0,-.0651418736227001,-.051474736534312,.3373192143960317,.878714135509177,-.712608248043879,.609658774975255,.002691786168522,.002691786168522,.0043377089899426,.0043377089899426,64,87
dept_subset,conflict_dept_subset_025,Conflict-belt departments: APURIMAC + HUANCAVELICA + HUANUCO,bounded_department_subset,0,3,ab,treat_12,2012,drop_rounding_band,adjacent_categories,p1_mserd,1765,760,377,383,348,412,165,183,212,200,281,373,133,124,0,6,1,1,0,.0318487801254088,.0215881701837586,.2028025158524406,.9152259407924296,-.3758974568611382,.4190737972286553,.0453690494755286,.0453690494755286,.0619446403525832,.0619446403525832,133,84
dept_subset,conflict_dept_subset_025,Conflict-belt departments: APURIMAC + HUANCAVELICA + HUANUCO,bounded_department_subset,0,3,ab,treat_16,2016,drop_rounding_band,adjacent_categories,p1_mserd,1765,760,511,249,348,412,200,148,311,101,281,373,133,124,0,6,1,1,0,-.3139439787125011,-.3799504520288612,.1968954058435637,.053643146408407,-.7658583562036434,.0059574521459209,.0408740482424204,.0408740482424204,.0645892333998734,.0645892333998734,116,76
dept_subset,conflict_dept_subset_025,Conflict-belt departments: APURIMAC + HUANCAVELICA + HUANUCO,bounded_department_subset,0,3,ab,treat_23,2023,drop_rounding_band,adjacent_categories,p1_mserd,1765,760,683,77,348,412,307,41,376,36,281,373,133,124,0,6,1,1,0,-.0753557105849045,-.0589448238472254,.121917812190956,.6287549571265765,-.2978993448154174,.1800096971209665,.0626757048058403,.0626757048058403,.075130248814189,.075130248814189,203,112
dept_subset,conflict_dept_subset_025,Conflict-belt departments: APURIMAC + HUANCAVELICA + HUANUCO,bounded_department_subset,0,3,bc,treat_12,2012,drop_rounding_band,adjacent_categories,p1_mserd,1765,800,329,471,447,353,160,287,169,184,213,282,149,134,0,1,1,1,0,.2469092677527172,.3052987539168664,.1916008109461862,.1110681200922033,-.0702319349463262,.6808294427800592,.0111758131198856,.0111758131198856,.0184645153824455,.0184645153824455,102,67
dept_subset,conflict_dept_subset_025,Conflict-belt departments: APURIMAC + HUANCAVELICA + HUANUCO,bounded_department_subset,0,3,bc,treat_16,2016,drop_rounding_band,adjacent_categories,p1_mserd,1765,800,367,433,447,353,162,285,205,148,213,282,149,134,0,1,1,1,0,.217548734476934,.2602254502787528,.1916759538847125,.1745804147419187,-.1154525160376439,.6359034165951495,.0116737960915855,.0116737960915855,.0185185171207898,.0185185171207898,109,69
dept_subset,conflict_dept_subset_025,Conflict-belt departments: APURIMAC + HUANCAVELICA + HUANUCO,bounded_department_subset,0,3,bc,treat_23,2023,drop_rounding_band,adjacent_categories,p1_mserd,1765,800,708,92,447,353,396,51,312,41,213,282,149,134,0,1,1,1,0,.0673777933854101,.0661796804566688,.1179020289262371,.5745856903372946,-.1649040499429557,.2972634108562932,.0168136205817506,.0168136205817506,.0264454110476839,.0264454110476839,160,100
dept_subset,conflict_dept_subset_025,Conflict-belt departments: APURIMAC + HUANCAVELICA + HUANUCO,bounded_department_subset,0,3,cd,treat_12,2012,drop_rounding_band,adjacent_categories,p1_mserd,1765,807,234,573,359,448,73,286,161,287,52,213,124,148,2,1,1,1,0,-.1064943450721177,-.1192477500221699,.1611549202863068,.4593259406115963,-.4351055897147544,.1966100896704146,.0054770007695511,.0054770007695511,.0082633028955542,.0082633028955542,140,114
dept_subset,conflict_dept_subset_025,Conflict-belt departments: APURIMAC + HUANCAVELICA + HUANUCO,bounded_department_subset,0,3,cd,treat_16,2016,drop_rounding_band,adjacent_categories,p1_mserd,1765,807,238,569,359,448,75,284,163,285,52,213,124,148,2,1,1,1,0,-.0578640986013413,-.058467392949677,.1830838291018115,.7494628934379436,-.4173051041409137,.3003703182415597,.0049696187340086,.0049696187340086,.0074247808247689,.0074247808247689,118,99
dept_subset,conflict_dept_subset_025,Conflict-belt departments: APURIMAC + HUANCAVELICA + HUANUCO,bounded_department_subset,0,3,cd,treat_23,2023,drop_rounding_band,adjacent_categories,p1_mserd,1765,807,664,143,359,448,267,92,397,51,52,213,124,148,2,1,1,1,0,-.0584784463498456,-.0969351905310303,.1345082337631423,.4711165012863692,-.3605664843308837,.1666961032688231,.00437593869198,.00437593869198,.0073949369904586,.0073949369904586,97,87
dept_subset,conflict_dept_subset_025,Conflict-belt departments: APURIMAC + HUANCAVELICA + HUANUCO,bounded_department_subset,0,3,de,treat_12,2012,drop_rounding_band,adjacent_categories,p1_mserd,1765,528,78,450,191,337,6,185,72,265,10,52,80,124,23,23,1,1,0,-.085593755396077,-.0733982268456001,.1965593621476649,.7088395493838007,-.4586474974791888,.3118510437879884,.0024836860089049,.0024836860089049,.0043664712837125,.0043664712837125,58,84
dept_subset,conflict_dept_subset_025,Conflict-belt departments: APURIMAC + HUANCAVELICA + HUANUCO,bounded_department_subset,0,3,de,treat_16,2016,drop_rounding_band,adjacent_categories,p1_mserd,1765,528,80,448,191,337,6,185,74,263,10,52,80,124,23,23,1,1,0,-.0856100767857531,-.0734370255518676,.1964400997545284,.7085238932825833,-.4584525461901988,.3115784950864635,.0024861403327064,.0024861403327064,.0043712222630534,.0043712222630534,58,84
dept_subset,conflict_dept_subset_025,Conflict-belt departments: APURIMAC + HUANCAVELICA + HUANUCO,bounded_department_subset,0,3,de,treat_23,2023,drop_rounding_band,adjacent_categories,p1_mserd,1765,528,304,224,191,337,49,142,255,82,10,52,80,124,23,23,1,1,0,-.1439220059135105,-.061262758008283,.3593281648983195,.8646228302802138,-.7655330198398587,.6430075038232927,.0025026443770632,.0025026443770632,.0041759057280078,.0041759057280078,58,84
dept_subset,conflict_dept_subset_026,Conflict-belt departments: AYACUCHO + HUANCAVELICA + HUANUCO,bounded_department_subset,0,3,ab,treat_12,2012,drop_rounding_band,adjacent_categories,p1_mserd,2667,1409,762,647,687,722,303,384,459,263,472,620,161,145,0,5,1,1,0,-.0282781638281251,-.0721385236472458,.1829637233863046,.6933759947364093,-.4307408319617516,.28646378466726,.0242028039366935,.0242028039366935,.0383559374867584,.0383559374867584,140,86
dept_subset,conflict_dept_subset_026,Conflict-belt departments: AYACUCHO + HUANCAVELICA + HUANUCO,bounded_department_subset,0,3,ab,treat_16,2016,drop_rounding_band,adjacent_categories,p1_mserd,2667,1409,965,444,687,722,368,319,597,125,472,620,161,145,0,5,1,1,0,-.3133924640141719,-.3819148251735509,.1918114838699747,.0464704791839945,-.7578584253798867,-.0059712249672151,.0170435461926406,.0170435461926406,.0306981108923722,.0306981108923722,98,57
dept_subset,conflict_dept_subset_026,Conflict-belt departments: AYACUCHO + HUANCAVELICA + HUANUCO,bounded_department_subset,0,3,ab,treat_23,2023,drop_rounding_band,adjacent_categories,p1_mserd,2667,1409,1266,143,687,722,605,82,661,61,472,620,161,145,0,5,1,1,0,-.0227641976809587,-.0101295660613141,.0944336456002546,.9145775652058066,-.1952161103666324,.1749569782440042,.0442262071992868,.0442262071992868,.0600064414951437,.0600064414951437,265,162
dept_subset,conflict_dept_subset_026,Conflict-belt departments: AYACUCHO + HUANCAVELICA + HUANUCO,bounded_department_subset,0,3,bc,treat_12,2012,drop_rounding_band,adjacent_categories,p1_mserd,2667,1289,512,777,597,692,205,392,307,385,248,473,180,162,0,3,1,1,0,-.0101662448591997,-.0299007067363734,.1340047120412234,.8234329634571691,-.2925451160958322,.2327437026230855,.0140885938203665,.0140885938203665,.0228078436660478,.0228078436660478,192,135
dept_subset,conflict_dept_subset_026,Conflict-belt departments: AYACUCHO + HUANCAVELICA + HUANUCO,bounded_department_subset,0,3,bc,treat_16,2016,drop_rounding_band,adjacent_categories,p1_mserd,2667,1289,583,706,597,692,210,387,373,319,248,473,180,162,0,3,1,1,0,.0469693725150335,.0235543250641842,.1483301159771689,.8738290906095001,-.267167360073716,.3142760102020844,.0129547249702151,.0129547249702151,.020826871446719,.020826871446719,177,121
dept_subset,conflict_dept_subset_026,Conflict-belt departments: AYACUCHO + HUANCAVELICA + HUANUCO,bounded_department_subset,0,3,bc,treat_23,2023,drop_rounding_band,adjacent_categories,p1_mserd,2667,1289,1148,141,597,692,538,59,610,82,248,473,180,162,0,3,1,1,0,.0007271022038422,.0147463860528463,.1084810564510591,.8918725668440431,-.1978725775960861,.2273653497017786,.0142640545504901,.0142640545504901,.0225186641477613,.0225186641477613,199,135
dept_subset,conflict_dept_subset_026,Conflict-belt departments: AYACUCHO + HUANCAVELICA + HUANUCO,bounded_department_subset,0,3,cd,treat_12,2012,drop_rounding_band,adjacent_categories,p1_mserd,2667,1019,279,740,420,599,73,347,206,393,52,248,145,180,3,2,1,1,0,-.0278363801773174,-.0391004427216106,.1704414239485476,.8185526553937127,-.3731594951344865,.2949586096912653,.0044316679589116,.0044316679589116,.0067580953775546,.0067580953775546,129,104
dept_subset,conflict_dept_subset_026,Conflict-belt departments: AYACUCHO + HUANCAVELICA + HUANUCO,bounded_department_subset,0,3,cd,treat_16,2016,drop_rounding_band,adjacent_categories,p1_mserd,2667,1019,288,731,420,599,77,343,211,388,52,248,145,180,3,2,1,1,0,.0987751209479649,.1187414349281422,.1926939511977298,.5377508085486815,-.2589317694581271,.4964146393144114,.0040565696794558,.0040565696794558,.0062457523205505,.0062457523205505,109,98
dept_subset,conflict_dept_subset_026,Conflict-belt departments: AYACUCHO + HUANCAVELICA + HUANUCO,bounded_department_subset,0,3,cd,treat_23,2023,drop_rounding_band,adjacent_categories,p1_mserd,2667,1019,853,166,420,599,313,107,540,59,52,248,145,180,3,2,1,1,0,.0649103350114337,.0589829984607417,.0931561741308309,.5266275149295712,-.1235997477732286,.2415657446947121,.0057650884510006,.0057650884510006,.0083644211931695,.0083644211931695,162,139
dept_subset,conflict_dept_subset_026,Conflict-belt departments: AYACUCHO + HUANCAVELICA + HUANUCO,bounded_department_subset,0,3,de,treat_12,2012,drop_rounding_band,adjacent_categories,p1_mserd,2667,629,77,552,232,397,5,227,72,325,11,52,99,144,24,24,1,1,0,-.0239047772522562,-.0260900599163417,.1349481908211586,.8466974794216202,-.2905836537046511,.2384035338719677,.0020511084269833,.0020511084269833,.0034305563216091,.0034305563216091,72,75
dept_subset,conflict_dept_subset_026,Conflict-belt departments: AYACUCHO + HUANCAVELICA + HUANUCO,bounded_department_subset,0,3,de,treat_16,2016,drop_rounding_band,adjacent_categories,p1_mserd,2667,629,81,548,232,397,5,227,76,321,11,52,99,144,24,24,1,1,0,-.0238719508500491,-.0260057903720282,.1349149556915366,.8471493490532698,-.2904342445032571,.2384226637592006,.0020517572467948,.0020517572467948,.0034323372496432,.0034323372496432,72,75
dept_subset,conflict_dept_subset_026,Conflict-belt departments: AYACUCHO + HUANCAVELICA + HUANUCO,bounded_department_subset,0,3,de,treat_23,2023,drop_rounding_band,adjacent_categories,p1_mserd,2667,629,368,261,232,397,69,163,299,98,11,52,99,144,24,24,1,1,0,-.035957674945017,-.0411570207360348,.3414009913140825,.9040448494736348,-.7102906679979082,.6279766265258386,.002162379198643,.002162379198643,.0036774841169578,.0036774841169578,72,75
dept_subset,conflict_dept_subset_028,Conflict-belt departments: CUSCO + HUANCAVELICA + HUANUCO,bounded_department_subset,0,3,ab,treat_12,2012,drop_rounding_band,adjacent_categories,p1_mserd,1425,532,255,277,265,267,124,141,131,136,232,244,94,81,0,6,1,1,0,-.0630215826128532,-.0921685542338642,.2019094688368072,.6480415740725447,-.4879038412916186,.3035667328238902,.0437663814940413,.0437663814940413,.0596021319514898,.0596021319514898,82,68
dept_subset,conflict_dept_subset_028,Conflict-belt departments: CUSCO + HUANCAVELICA + HUANUCO,bounded_department_subset,0,3,ab,treat_16,2016,drop_rounding_band,adjacent_categories,p1_mserd,1425,532,324,208,265,267,143,122,181,86,232,244,94,81,0,6,1,1,0,-.2583403097927077,-.3435704595494873,.1696229062146638,.042816494160393,-.6760252466832437,-.0111156724157309,.0469785287783906,.0469785287783906,.0754032628086462,.0754032628086462,96,68
dept_subset,conflict_dept_subset_028,Conflict-belt departments: CUSCO + HUANCAVELICA + HUANUCO,bounded_department_subset,0,3,ab,treat_23,2023,drop_rounding_band,adjacent_categories,p1_mserd,1425,532,450,82,265,267,225,40,225,42,232,244,94,81,0,6,1,1,0,-.0106655241256501,-.0225724593981445,.1590094952440482,.8871142265790152,-.3342253432763719,.289080424480083,.0496869960910011,.0496869960910011,.0570816668675699,.0570816668675699,102,70
dept_subset,conflict_dept_subset_028,Conflict-belt departments: CUSCO + HUANCAVELICA + HUANUCO,bounded_department_subset,0,3,bc,treat_12,2012,drop_rounding_band,adjacent_categories,p1_mserd,1425,650,264,386,379,271,135,244,129,142,196,233,113,95,0,2,1,1,0,-.0941782553383176,-.0807816945488347,.1970901997987231,.6819000687850625,-.4670713878601353,.305507998762466,.0132536203676336,.0132536203676336,.0208769219491764,.0208769219491764,102,65
dept_subset,conflict_dept_subset_028,Conflict-belt departments: CUSCO + HUANCAVELICA + HUANUCO,bounded_department_subset,0,3,bc,treat_16,2016,drop_rounding_band,adjacent_categories,p1_mserd,1425,650,287,363,379,271,138,241,149,122,196,233,113,95,0,2,1,1,0,-.0848579042841771,-.0994419302014542,.202105664503128,.6226985551891611,-.4955617536991202,.2966778932962118,.0127263648587862,.0127263648587862,.0198481909743067,.0198481909743067,100,64
dept_subset,conflict_dept_subset_028,Conflict-belt departments: CUSCO + HUANCAVELICA + HUANUCO,bounded_department_subset,0,3,bc,treat_23,2023,drop_rounding_band,adjacent_categories,p1_mserd,1425,650,568,82,379,271,337,42,231,40,196,233,113,95,0,2,1,1,0,-.0921956566196418,-.1257912850365654,.1504184816338977,.4029999548800441,-.4206060916482044,.1690235215750735,.016544150598293,.016544150598293,.0268919087018816,.0268919087018816,127,82
dept_subset,conflict_dept_subset_028,Conflict-belt departments: CUSCO + HUANCAVELICA + HUANUCO,bounded_department_subset,0,3,cd,treat_12,2012,drop_rounding_band,adjacent_categories,p1_mserd,1425,702,196,506,320,382,60,260,136,246,48,197,98,114,1,0,1,1,0,-.1110185197726732,-.1311869095363112,.1739362000124186,.4507145457329846,-.4720955971684068,.2097217780957845,.0050343451550066,.0050343451550066,.0077900211386087,.0077900211386087,100,91
dept_subset,conflict_dept_subset_028,Conflict-belt departments: CUSCO + HUANCAVELICA + HUANUCO,bounded_department_subset,0,3,cd,treat_16,2016,drop_rounding_band,adjacent_categories,p1_mserd,1425,702,201,501,320,382,62,258,139,243,48,197,98,114,1,0,1,1,0,-.0310201756133348,-.022201889556581,.1811000076857407,.9024281021023849,-.3771513822205597,.3327476031073978,.0057976246331535,.0057976246331535,.0088287345410565,.0088287345410565,120,107
dept_subset,conflict_dept_subset_028,Conflict-belt departments: CUSCO + HUANCAVELICA + HUANUCO,bounded_department_subset,0,3,cd,treat_23,2023,drop_rounding_band,adjacent_categories,p1_mserd,1425,702,579,123,320,382,240,80,339,43,48,197,98,114,1,0,1,1,0,.0951667222055197,.1086681391850504,.1280532562405208,.3960945789194665,-.1423116311494492,.3596479095195499,.0045359872858027,.0045359872858027,.0062993275938981,.0062993275938981,91,84
dept_subset,conflict_dept_subset_028,Conflict-belt departments: CUSCO + HUANCAVELICA + HUANUCO,bounded_department_subset,0,3,de,treat_12,2012,drop_rounding_band,adjacent_categories,p1_mserd,1425,485,63,422,185,300,4,181,59,241,10,48,71,98,21,21,1,1,0,-.0092580445235752,.0180479976423013,.1642457238247968,.91250127273597,-.3038677056690127,.3399637009536153,.0024475717636722,.0024475717636722,.0043817905975608,.0043817905975608,53,79
dept_subset,conflict_dept_subset_028,Conflict-belt departments: CUSCO + HUANCAVELICA + HUANUCO,bounded_department_subset,0,3,de,treat_16,2016,drop_rounding_band,adjacent_categories,p1_mserd,1425,485,65,420,185,300,4,181,61,239,10,48,71,98,21,21,1,1,0,-.0093732307002055,.0179557035074062,.16410749138538,.9128739055537811,-.3036890692011557,.3396004762159681,.0024508384119623,.0024508384119623,.004388907110561,.004388907110561,53,79
dept_subset,conflict_dept_subset_028,Conflict-belt departments: CUSCO + HUANCAVELICA + HUANUCO,bounded_department_subset,0,3,de,treat_23,2023,drop_rounding_band,adjacent_categories,p1_mserd,1425,485,274,211,185,300,46,139,228,72,10,48,71,98,21,21,1,1,0,-.1686670210397434,-.1407234803013182,.2801883470099242,.6154944795389272,-.6898825493285805,.4084355887259441,.0036146030643805,.0036146030643805,.0055235179013526,.0055235179013526,81,110
dept_subset,conflict_dept_subset_035,Conflict-belt departments: APURIMAC + AYACUCHO + JUNIN,bounded_department_subset,0,3,ab,treat_12,2012,drop_rounding_band,adjacent_categories,p1_mserd,2632,1568,816,752,749,819,310,439,506,313,489,692,172,174,0,4,1,1,0,.0238332079813479,-.0156726944273777,.163786062952132,.9237667538936478,-.3366874789831665,.305342090128411,.0270546027229252,.0270546027229252,.0411603188742324,.0411603188742324,184,98
dept_subset,conflict_dept_subset_035,Conflict-belt departments: APURIMAC + AYACUCHO + JUNIN,bounded_department_subset,0,3,ab,treat_16,2016,drop_rounding_band,adjacent_categories,p1_mserd,2632,1568,1070,498,749,819,388,361,682,137,489,692,172,174,0,4,1,1,0,-.2424366225930497,-.3200485232330277,.148976037151536,.0316881709718355,-.6120361906095392,-.0280608558565162,.016330915071963,.016330915071963,.0308121603875108,.0308121603875108,104,65
dept_subset,conflict_dept_subset_035,Conflict-belt departments: APURIMAC + AYACUCHO + JUNIN,bounded_department_subset,0,3,ab,treat_23,2023,drop_rounding_band,adjacent_categories,p1_mserd,2632,1568,1429,139,749,819,660,89,769,50,489,692,172,174,0,4,1,1,0,.056864378804284,.0759188930593915,.0810894013737349,.3491512074394107,-.0830134131610417,.2348511992798247,.0349011908520282,.0349011908520282,.0507933617390263,.0507933617390263,239,127
dept_subset,conflict_dept_subset_035,Conflict-belt departments: APURIMAC + AYACUCHO + JUNIN,bounded_department_subset,0,3,bc,treat_12,2012,drop_rounding_band,adjacent_categories,p1_mserd,2632,1281,474,807,529,752,162,367,312,440,225,490,174,172,0,2,1,1,0,.0997936449541713,.1040415163981557,.1574618302131449,.5087783063758968,-.2045779997593691,.4126610325556806,.0123977398439865,.0123977398439865,.0193558649889057,.0193558649889057,129,121
dept_subset,conflict_dept_subset_035,Conflict-belt departments: APURIMAC + AYACUCHO + JUNIN,bounded_department_subset,0,3,bc,treat_16,2016,drop_rounding_band,adjacent_categories,p1_mserd,2632,1281,555,726,529,752,165,364,390,362,225,490,174,172,0,2,1,1,0,.2265887806081934,.2290065252494898,.1577111956993011,.1464842063042572,-.0801017382798886,.5381147887788682,.0130711428254621,.0130711428254621,.0201718494401739,.0201718494401739,141,126
dept_subset,conflict_dept_subset_035,Conflict-belt departments: APURIMAC + AYACUCHO + JUNIN,bounded_department_subset,0,3,bc,treat_23,2023,drop_rounding_band,adjacent_categories,p1_mserd,2632,1281,1113,168,529,752,451,78,662,90,225,490,174,172,0,2,1,1,0,.1119100134506588,.1394800820569659,.1069990082633011,.192382196216451,-.0702341205206077,.3491942846345396,.0128888320804599,.0128888320804599,.0214879329421695,.0214879329421695,138,124
dept_subset,conflict_dept_subset_035,Conflict-belt departments: APURIMAC + AYACUCHO + JUNIN,bounded_department_subset,0,3,cd,treat_12,2012,drop_rounding_band,adjacent_categories,p1_mserd,2632,879,219,660,351,528,57,294,162,366,52,225,147,173,3,3,1,1,0,.0116252993650248,.0170260021797673,.1956503787912078,.9306535580986305,-.3664416938126191,.4004936981721537,.0038418828751837,.0038418828751837,.0057066786986688,.0057066786986688,110,75
dept_subset,conflict_dept_subset_035,Conflict-belt departments: APURIMAC + AYACUCHO + JUNIN,bounded_department_subset,0,3,cd,treat_16,2016,drop_rounding_band,adjacent_categories,p1_mserd,2632,879,226,653,351,528,61,290,165,363,52,225,147,173,3,3,1,1,0,.080487713100463,.1068551402182297,.1975630969890282,.5886000234032469,-.2803614145544591,.4940716949909185,.0038271146279616,.0038271146279616,.0059069823947019,.0059069823947019,110,75
dept_subset,conflict_dept_subset_035,Conflict-belt departments: APURIMAC + AYACUCHO + JUNIN,bounded_department_subset,0,3,cd,treat_23,2023,drop_rounding_band,adjacent_categories,p1_mserd,2632,879,679,200,351,528,229,122,450,78,52,225,147,173,3,3,1,1,0,.104022439963358,.106894490652186,.1539839065309473,.4875614236755688,-.1949084203472526,.4086974016516247,.0036933229699617,.0036933229699617,.0059983859962509,.0059983859962509,104,75
dept_subset,conflict_dept_subset_035,Conflict-belt departments: APURIMAC + AYACUCHO + JUNIN,bounded_department_subset,0,3,de,treat_12,2012,drop_rounding_band,adjacent_categories,p1_mserd,2632,513,63,450,178,335,7,171,56,279,12,51,88,144,16,16,1,1,0,.0126436781609194,-.04928257813764,.1878953573178984,.793099902526502,-.4175507113430054,.3189855550677253,.0013769791592117,.0013769791592117,.0027727424354489,.0027727424354489,30,21
dept_subset,conflict_dept_subset_035,Conflict-belt departments: APURIMAC + AYACUCHO + JUNIN,bounded_department_subset,0,3,de,treat_16,2016,drop_rounding_band,adjacent_categories,p1_mserd,2632,513,67,446,178,335,7,171,60,275,12,51,88,144,16,16,1,1,0,.0126436781609194,-.0486886315872048,.1868996426294848,.7944728551696908,-.4150051998644019,.3176279366899923,.001373205147378,.001373205147378,.002743558421816,.002743558421816,30,21
dept_subset,conflict_dept_subset_035,Conflict-belt departments: APURIMAC + AYACUCHO + JUNIN,bounded_department_subset,0,3,de,treat_23,2023,drop_rounding_band,adjacent_categories,p1_mserd,2632,513,265,248,178,335,41,137,224,111,12,51,88,144,16,16,1,1,0,.0375663904288661,.1022170623784597,.3423605741895335,.7652715781800215,-.568797332759479,.7732314575163984,.0021926564927776,.0021926564927776,.0034034689215506,.0034034689215506,59,58
dept_subset,conflict_dept_subset_037,Conflict-belt departments: APURIMAC + CUSCO + JUNIN,bounded_department_subset,0,3,ab,treat_12,2012,drop_rounding_band,adjacent_categories,p1_mserd,1390,691,309,382,327,364,131,196,178,186,260,328,105,110,0,5,1,1,0,-.0037659803641186,-.00855510991967,.1884700008704142,.9637945206837325,-.3779495237919144,.3608393039525744,.0598593865158157,.0598593865158157,.0764894528212215,.0764894528212215,184,87
dept_subset,conflict_dept_subset_037,Conflict-belt departments: APURIMAC + CUSCO + JUNIN,bounded_department_subset,0,3,ab,treat_16,2016,drop_rounding_band,adjacent_categories,p1_mserd,1390,691,429,262,327,364,163,164,266,98,260,328,105,110,0,5,1,1,0,-.0833319634546521,-.0744152080854708,.1698224809795178,.6612455899760055,-.4072611545705639,.2584307383996224,.0542321832483711,.0542321832483711,.0681275002870333,.0681275002870333,164,81
dept_subset,conflict_dept_subset_037,Conflict-belt departments: APURIMAC + CUSCO + JUNIN,bounded_department_subset,0,3,ab,treat_23,2023,drop_rounding_band,adjacent_categories,p1_mserd,1390,691,613,78,327,364,280,47,333,31,260,328,105,110,0,5,1,1,0,.0993126887481632,.1547719880593048,.094648828092208,.1020022032771148,-.0307363061803458,.3402802822989554,.0430750991509609,.0430750991509609,.0663421339498824,.0663421339498824,126,63
dept_subset,conflict_dept_subset_037,Conflict-belt departments: APURIMAC + CUSCO + JUNIN,bounded_department_subset,0,3,bc,treat_12,2012,drop_rounding_band,adjacent_categories,p1_mserd,1390,642,226,416,311,331,92,219,134,197,168,261,107,105,0,1,1,1,0,.1131803683314211,.1326245442475129,.2041545229792882,.5159323845106167,-.2675109680728467,.5327600565678725,.0132913246329586,.0132913246329586,.0194727620817416,.0194727620817416,64,69
dept_subset,conflict_dept_subset_037,Conflict-belt departments: APURIMAC + CUSCO + JUNIN,bounded_department_subset,0,3,bc,treat_16,2016,drop_rounding_band,adjacent_categories,p1_mserd,1390,642,259,383,311,331,93,218,166,165,168,261,107,105,0,1,1,1,0,.2082012958099189,.2440426329727674,.2044524834598016,.2326188762817927,-.1566768711582148,.6447621371037496,.0130129855391943,.0130129855391943,.0193247351256917,.0193247351256917,62,68
dept_subset,conflict_dept_subset_037,Conflict-belt departments: APURIMAC + CUSCO + JUNIN,bounded_department_subset,0,3,bc,treat_23,2023,drop_rounding_band,adjacent_categories,p1_mserd,1390,642,533,109,311,331,250,61,283,48,168,261,107,105,0,1,1,1,0,.0934730012464093,.0962435368708876,.1718755934841341,.5755064059897398,-.2406264361794624,.4331135099212376,.0130287722093923,.0130287722093923,.0197704414568386,.0197704414568386,64,68
dept_subset,conflict_dept_subset_037,Conflict-belt departments: APURIMAC + CUSCO + JUNIN,bounded_department_subset,0,3,cd,treat_12,2012,drop_rounding_band,adjacent_categories,p1_mserd,1390,562,136,426,251,311,44,207,92,219,50,168,100,107,1,1,1,1,0,-.0493168127220093,-.039777538560879,.2007216184221217,.8429099715031584,-.4331846815868289,.353629604465071,.0048866090807325,.0048866090807325,.0069629514078686,.0069629514078686,93,64
dept_subset,conflict_dept_subset_037,Conflict-belt departments: APURIMAC + CUSCO + JUNIN,bounded_department_subset,0,3,cd,treat_16,2016,drop_rounding_band,adjacent_categories,p1_mserd,1390,562,139,423,251,311,46,205,93,218,50,168,100,107,1,1,1,1,0,-.0510655754440448,-.0414663532536217,.1964764444394473,.83284825695835,-.4265531081654232,.3436204016581799,.0052653924074631,.0052653924074631,.0075687498576367,.0075687498576367,103,70
dept_subset,conflict_dept_subset_037,Conflict-belt departments: APURIMAC + CUSCO + JUNIN,bounded_department_subset,0,3,cd,treat_23,2023,drop_rounding_band,adjacent_categories,p1_mserd,1390,562,405,157,251,311,156,95,249,62,50,168,100,107,1,1,1,1,0,.1683815729355242,.2030764145526731,.1812162116871318,.2624451752447199,-.1521008337688917,.5582536628742378,.0051191155176126,.0051191155176126,.0082002110238679,.0082002110238679,99,70
dept_subset,conflict_dept_subset_037,Conflict-belt departments: APURIMAC + CUSCO + JUNIN,bounded_department_subset,0,3,de,treat_12,2012,drop_rounding_band,adjacent_categories,p1_mserd,1390,369,49,320,131,238,6,125,43,195,10,49,60,98,13,13,1,1,0,-.0409934724420334,-.0369200677503954,.1826772420809497,.839834280733083,-.3949608830241615,.3211207475233708,.0021612978742785,.0021612978742785,.003656963114389,.003656963114389,36,44
dept_subset,conflict_dept_subset_037,Conflict-belt departments: APURIMAC + CUSCO + JUNIN,bounded_department_subset,0,3,de,treat_16,2016,drop_rounding_band,adjacent_categories,p1_mserd,1390,369,51,318,131,238,6,125,45,193,10,49,60,98,13,13,1,1,0,-.0409934724420334,-.0369200677503954,.1826772420809497,.839834280733083,-.3949608830241615,.3211207475233708,.0021612978742785,.0021612978742785,.003656963114389,.003656963114389,36,44
dept_subset,conflict_dept_subset_037,Conflict-belt departments: APURIMAC + CUSCO + JUNIN,bounded_department_subset,0,3,de,treat_23,2023,drop_rounding_band,adjacent_categories,p1_mserd,1390,369,171,198,131,238,18,113,153,85,10,49,60,98,13,13,1,1,0,.1072627321889195,.2447115441555954,.3430298313805151,.475608980979972,-.4276145709730618,.9170376592842525,.0024787370278996,.0024787370278996,.003946557386554,.003946557386554,38,53
dept_subset,conflict_dept_subset_038,Conflict-belt departments: AYACUCHO + CUSCO + JUNIN,bounded_department_subset,0,3,ab,treat_12,2012,drop_rounding_band,adjacent_categories,p1_mserd,2292,1340,694,646,666,674,269,397,425,249,448,580,133,131,0,4,1,1,0,-.0232283995622566,-.0640078589380523,.1654309306011443,.6988184628079022,-.3882465248452401,.2602308069691355,.0284039189350705,.0284039189350705,.0431615922778482,.0431615922778482,161,96
dept_subset,conflict_dept_subset_038,Conflict-belt departments: AYACUCHO + CUSCO + JUNIN,bounded_department_subset,0,3,ab,treat_16,2016,drop_rounding_band,adjacent_categories,p1_mserd,2292,1340,883,457,666,674,331,335,552,122,448,580,133,131,0,4,1,1,0,-.1957455844872242,-.2744923954785814,.1572733269889133,.0809290580986838,-.5827424521056426,.0337576611484798,.0172500503133073,.0172500503133073,.0315789364435039,.0315789364435039,101,65
dept_subset,conflict_dept_subset_038,Conflict-belt departments: AYACUCHO + CUSCO + JUNIN,bounded_department_subset,0,3,ab,treat_23,2023,drop_rounding_band,adjacent_categories,p1_mserd,2292,1340,1196,144,666,674,578,88,618,56,448,580,133,131,0,4,1,1,0,.0591922975927877,.0810409759154154,.0915036413708484,.3758015884701394,-.0983028656257169,.2603848174565476,.0367467091270462,.0367467091270462,.0540432589470615,.0540432589470615,221,120
dept_subset,conflict_dept_subset_038,Conflict-belt departments: AYACUCHO + CUSCO + JUNIN,bounded_department_subset,0,3,bc,treat_12,2012,drop_rounding_band,adjacent_categories,p1_mserd,2292,1131,409,722,461,670,137,324,272,398,212,449,138,133,0,3,1,1,0,-.2059907623239841,-.2497063124230826,.1723391648156025,.1473588721407561,-.5874848685873758,.0880722437412106,.0097209291166499,.0097209291166499,.0167034744151133,.0167034744151133,89,90
dept_subset,conflict_dept_subset_038,Conflict-belt departments: AYACUCHO + CUSCO + JUNIN,bounded_department_subset,0,3,bc,treat_16,2016,drop_rounding_band,adjacent_categories,p1_mserd,2292,1131,475,656,461,670,141,320,334,336,212,449,138,133,0,3,1,1,0,-.0384874876276528,-.0793888124871321,.1812352650157976,.661355219584021,-.4346034046466674,.2758257796724032,.0106123601480667,.0106123601480667,.0175035814175348,.0175035814175348,95,97
dept_subset,conflict_dept_subset_038,Conflict-belt departments: AYACUCHO + CUSCO + JUNIN,bounded_department_subset,0,3,bc,treat_23,2023,drop_rounding_band,adjacent_categories,p1_mserd,2292,1131,973,158,461,670,392,69,581,89,212,449,138,133,0,3,1,1,0,-.011441819830911,.0017830960509979,.1325391648616229,.9892661018677492,-.2579888936187996,.2615550857207954,.0133978535194631,.0133978535194631,.0208255991992725,.0208255991992725,124,119
dept_subset,conflict_dept_subset_038,Conflict-belt departments: AYACUCHO + CUSCO + JUNIN,bounded_department_subset,0,3,cd,treat_12,2012,drop_rounding_band,adjacent_categories,p1_mserd,2292,774,181,593,312,462,44,268,137,325,47,212,121,139,2,2,1,1,0,.095891584295386,.1267707293164653,.1987686432396936,.5236166907133939,-.262808652689225,.5163501113221556,.0040644575786902,.0040644575786902,.0062709505950306,.0062709505950306,100,71
dept_subset,conflict_dept_subset_038,Conflict-belt departments: AYACUCHO + CUSCO + JUNIN,bounded_department_subset,0,3,cd,treat_16,2016,drop_rounding_band,adjacent_categories,p1_mserd,2292,774,189,585,312,462,48,264,141,321,47,212,121,139,2,2,1,1,0,.1848021891445545,.2378571204677069,.2080208250844999,.2528603651135068,-.1698562047322191,.6455704456676328,.0037651255002951,.0037651255002951,.0063215702198604,.0063215702198604,93,68
dept_subset,conflict_dept_subset_038,Conflict-belt departments: AYACUCHO + CUSCO + JUNIN,bounded_department_subset,0,3,cd,treat_23,2023,drop_rounding_band,adjacent_categories,p1_mserd,2292,774,594,180,312,462,202,110,392,70,47,212,121,139,2,2,1,1,0,.3544189281928576,.4111429466071657,.1546247948748083,.0078379557063769,.1080839175356478,.7142019756786835,.0033988839783693,.0033988839783693,.0066487327838979,.0066487327838979,70,58
dept_subset,conflict_dept_subset_038,Conflict-belt departments: AYACUCHO + CUSCO + JUNIN,bounded_department_subset,0,3,de,treat_12,2012,drop_rounding_band,adjacent_categories,p1_mserd,2292,470,48,422,172,298,5,167,43,255,12,46,79,118,14,14,1,1,0,0,-.0597429822125915,.2030124476592034,.7685421508353346,-.4576400680379529,.3381541036127699,.0012458158343565,.0012458158343565,.0027798266469457,.0027798266469457,28,20
dept_subset,conflict_dept_subset_038,Conflict-belt departments: AYACUCHO + CUSCO + JUNIN,bounded_department_subset,0,3,de,treat_16,2016,drop_rounding_band,adjacent_categories,p1_mserd,2292,470,52,418,172,298,5,167,47,251,12,46,79,118,14,14,1,1,0,0,-.0589471943731629,.2031900720225937,.7717331302225044,-.4571924175535461,.3392980288072204,.0012421579509004,.0012421579509004,.0027485246719106,.0027485246719106,28,20
dept_subset,conflict_dept_subset_038,Conflict-belt departments: AYACUCHO + CUSCO + JUNIN,bounded_department_subset,0,3,de,treat_23,2023,drop_rounding_band,adjacent_categories,p1_mserd,2292,470,235,235,172,298,38,134,197,101,12,46,79,118,14,14,1,1,0,.0848560001952192,.1631137661988324,.3355569855075043,.6268972904989378,-.4945658401567047,.8207933725543696,.0023991002256696,.0023991002256696,.0042598663282621,.0042598663282621,58,65
dept_subset,conflict_dept_subset_041,Conflict-belt departments: APURIMAC + HUANCAVELICA + JUNIN,bounded_department_subset,0,3,ab,treat_12,2012,drop_rounding_band,adjacent_categories,p1_mserd,1665,761,403,358,364,397,175,189,228,169,284,352,133,129,0,9,1,1,0,.111026079280434,.1370059783116467,.2169871391145455,.527778116242283,-.2882809994612447,.5622929560845382,.0433604143318731,.0433604143318731,.0567397086694485,.0567397086694485,131,69
dept_subset,conflict_dept_subset_041,Conflict-belt departments: APURIMAC + HUANCAVELICA + JUNIN,bounded_department_subset,0,3,ab,treat_16,2016,drop_rounding_band,adjacent_categories,p1_mserd,1665,761,534,227,364,397,214,150,320,77,284,352,133,129,0,9,1,1,0,.0258509350479059,.0429532215899946,.1657294738165552,.7954988915654474,-.2818705782672274,.3677770214472166,.0498936951669702,.0498936951669702,.0639922739919107,.0639922739919107,161,83
dept_subset,conflict_dept_subset_041,Conflict-belt departments: APURIMAC + HUANCAVELICA + JUNIN,bounded_department_subset,0,3,ab,treat_23,2023,drop_rounding_band,adjacent_categories,p1_mserd,1665,761,702,59,364,397,326,38,376,21,284,352,133,129,0,9,1,1,0,.1078206904895762,.1493145756434371,.0558918482171824,.0075515072711449,.0397685661083804,.2588605851784938,.0327997209160932,.0327997209160932,.0603845992440731,.0603845992440731,90,49
dept_subset,conflict_dept_subset_041,Conflict-belt departments: APURIMAC + HUANCAVELICA + JUNIN,bounded_department_subset,0,3,bc,treat_12,2012,drop_rounding_band,adjacent_categories,p1_mserd,1665,783,314,469,411,372,133,278,181,191,188,285,146,134,0,0,1,1,0,.1880154693568362,.2355703957976012,.1913806379584758,.2183603291177485,-.1395287619393104,.6106695535345128,.0128845345930823,.0128845345930823,.0199890351820807,.0199890351820807,91,70
dept_subset,conflict_dept_subset_041,Conflict-belt departments: APURIMAC + HUANCAVELICA + JUNIN,bounded_department_subset,0,3,bc,treat_16,2016,drop_rounding_band,adjacent_categories,p1_mserd,1665,783,355,428,411,372,134,277,221,151,188,285,146,134,0,0,1,1,0,.3043651750991471,.3777249496339483,.1932044336196003,.0505767892255979,-.0009487819139278,.7563986811818244,.011181802231258,.011181802231258,.0186305689750502,.0186305689750502,80,66
dept_subset,conflict_dept_subset_041,Conflict-belt departments: APURIMAC + HUANCAVELICA + JUNIN,bounded_department_subset,0,3,bc,treat_23,2023,drop_rounding_band,adjacent_categories,p1_mserd,1665,783,686,97,411,372,353,58,333,39,188,285,146,134,0,0,1,1,0,.1271939788229681,.1453812523016915,.1110412123275317,.1904480181996396,-.0722555246599356,.3630180292633187,.0150645964866679,.0150645964866679,.0250240689623909,.0250240689623909,108,82
dept_subset,conflict_dept_subset_041,Conflict-belt departments: APURIMAC + HUANCAVELICA + JUNIN,bounded_department_subset,0,3,cd,treat_12,2012,drop_rounding_band,adjacent_categories,p1_mserd,1665,729,196,533,318,411,62,256,134,277,54,187,134,145,2,1,1,1,0,-.1435634404123498,-.1495669717763713,.183352767456625,.4146526461976591,-.508931792457104,.2097978489043614,.0041996693672081,.0041996693672081,.0060818161328576,.0060818161328576,107,75
dept_subset,conflict_dept_subset_041,Conflict-belt departments: APURIMAC + HUANCAVELICA + JUNIN,bounded_department_subset,0,3,cd,treat_16,2016,drop_rounding_band,adjacent_categories,p1_mserd,1665,729,200,529,318,411,65,253,135,276,54,187,134,145,2,1,1,1,0,-.139458174822658,-.1360570934931593,.182297404321396,.4554579170996654,-.4933534404382318,.2212392534519131,.0042660969139668,.0042660969139668,.0061728522898988,.0061728522898988,107,75
dept_subset,conflict_dept_subset_041,Conflict-belt departments: APURIMAC + HUANCAVELICA + JUNIN,bounded_department_subset,0,3,cd,treat_23,2023,drop_rounding_band,adjacent_categories,p1_mserd,1665,729,574,155,318,411,221,97,353,58,54,187,134,145,2,1,1,1,0,.092083015388613,.0948324623127792,.1445543470001908,.5118027118655077,-.1884888516163002,.3781537762418586,.0044915709144012,.0044915709144012,.0069749349480854,.0069749349480854,114,86
dept_subset,conflict_dept_subset_041,Conflict-belt departments: APURIMAC + HUANCAVELICA + JUNIN,bounded_department_subset,0,3,de,treat_12,2012,drop_rounding_band,adjacent_categories,p1_mserd,1665,465,70,395,165,300,9,156,61,239,11,54,83,132,19,19,1,1,0,-.1672541260042195,-.1863084145361943,.1706867089348805,.2750429563225794,-.5208482166882311,.1482313876158425,.0018766944901768,.0018766944901768,.0033284704139252,.0033284704139252,50,33
dept_subset,conflict_dept_subset_041,Conflict-belt departments: APURIMAC + HUANCAVELICA + JUNIN,bounded_department_subset,0,3,de,treat_16,2016,drop_rounding_band,adjacent_categories,p1_mserd,1665,465,73,392,165,300,9,156,64,236,11,54,83,132,19,19,1,1,0,-.1672541260042195,-.1863084145361943,.1706867089348805,.2750429563225794,-.5208482166882311,.1482313876158425,.0018766944901768,.0018766944901768,.0033284704139252,.0033284704139252,50,33
dept_subset,conflict_dept_subset_041,Conflict-belt departments: APURIMAC + HUANCAVELICA + JUNIN,bounded_department_subset,0,3,de,treat_23,2023,drop_rounding_band,adjacent_categories,p1_mserd,1665,465,245,220,165,300,33,132,212,88,11,54,83,132,19,19,1,1,0,.2124194419079251,.4092360165449471,.3648994428792915,.2620735859781477,-.3059537494771947,1.124425782567089,.0019741803185062,.0019741803185062,.0031936361000771,.0031936361000771,50,52
dept_subset,conflict_dept_subset_042,Conflict-belt departments: AYACUCHO + HUANCAVELICA + JUNIN,bounded_department_subset,0,3,ab,treat_12,2012,drop_rounding_band,adjacent_categories,p1_mserd,2567,1410,788,622,703,707,313,390,475,232,466,603,161,150,0,8,1,1,0,.0069126839457078,-.0317585817425904,.1720267073291176,.8535316073254836,-.3689247324866733,.3054075690014926,.0254440485351583,.0254440485351583,.0389609262395717,.0389609262395717,150,88
dept_subset,conflict_dept_subset_042,Conflict-belt departments: AYACUCHO + HUANCAVELICA + JUNIN,bounded_department_subset,0,3,ab,treat_16,2016,drop_rounding_band,adjacent_categories,p1_mserd,2567,1410,988,422,703,707,382,321,606,101,466,603,161,150,0,8,1,1,0,-.1863940338805705,-.2624269659248002,.1490423935167305,.0782800766044691,-.5545446893872379,.0296907575376375,.0155568407157572,.0155568407157572,.0307900227103029,.0307900227103029,85,55
dept_subset,conflict_dept_subset_042,Conflict-belt departments: AYACUCHO + HUANCAVELICA + JUNIN,bounded_department_subset,0,3,ab,treat_23,2023,drop_rounding_band,adjacent_categories,p1_mserd,2567,1410,1285,125,703,707,624,79,661,46,466,603,161,150,0,8,1,1,0,.0466276427679406,.0674013165648968,.0873781722003054,.4404848315128868,-.1038567539826407,.2386593871124343,.0352383188261551,.0352383188261551,.0530077457076997,.0530077457076997,211,119
dept_subset,conflict_dept_subset_042,Conflict-belt departments: AYACUCHO + HUANCAVELICA + JUNIN,bounded_department_subset,0,3,bc,treat_12,2012,drop_rounding_band,adjacent_categories,p1_mserd,2567,1272,497,775,561,711,178,383,319,392,225,467,177,162,0,2,1,1,0,-.0552115575092837,-.0910523107448091,.1361884937820352,.5037662097975972,-.3579768536663551,.1758722321767368,.0137404924220891,.0137404924220891,.0233992820552137,.0233992820552137,154,127
dept_subset,conflict_dept_subset_042,Conflict-belt departments: AYACUCHO + HUANCAVELICA + JUNIN,bounded_department_subset,0,3,bc,treat_16,2016,drop_rounding_band,adjacent_categories,p1_mserd,2567,1272,571,701,561,711,182,379,389,322,225,467,177,162,0,2,1,1,0,.0976268311718024,.0752651278448074,.1491962794594237,.6139307583416922,-.2171542065230361,.3676844622126509,.014381752272243,.014381752272243,.0230065121515857,.0230065121515857,167,131
dept_subset,conflict_dept_subset_042,Conflict-belt departments: AYACUCHO + HUANCAVELICA + JUNIN,bounded_department_subset,0,3,bc,treat_23,2023,drop_rounding_band,adjacent_categories,p1_mserd,2567,1272,1126,146,561,711,495,66,631,80,225,467,177,162,0,2,1,1,0,.0435831295599285,.069425443306123,.1023268752877729,.497475422388591,-.1311315469084336,.2699824335206795,.0136359500676522,.0136359500676522,.0224259870630262,.0224259870630262,154,126
dept_subset,conflict_dept_subset_042,Conflict-belt departments: AYACUCHO + HUANCAVELICA + JUNIN,bounded_department_subset,0,3,cd,treat_12,2012,drop_rounding_band,adjacent_categories,p1_mserd,2567,941,241,700,379,562,62,317,179,383,52,225,155,177,3,2,1,1,0,-.0318065155887159,-.0275325195693474,.1848591660871046,.8816027049539267,-.3898498273121804,.3347847881734856,.003892034917834,.003892034917834,.0059166468441892,.0059166468441892,114,90
dept_subset,conflict_dept_subset_042,Conflict-belt departments: AYACUCHO + HUANCAVELICA + JUNIN,bounded_department_subset,0,3,cd,treat_16,2016,drop_rounding_band,adjacent_categories,p1_mserd,2567,941,250,691,379,562,67,312,183,379,52,225,155,177,3,2,1,1,0,.029986477362757,.0535980655557838,.1939572065364588,.7822872087937756,-.3265510737976722,.4337472049092398,.0037515512977408,.0037515512977408,.0059043413465522,.0059043413465522,114,86
dept_subset,conflict_dept_subset_042,Conflict-belt departments: AYACUCHO + HUANCAVELICA + JUNIN,bounded_department_subset,0,3,cd,treat_23,2023,drop_rounding_band,adjacent_categories,p1_mserd,2567,941,763,178,379,562,267,112,496,66,52,225,155,177,3,2,1,1,0,.2112057243806806,.2407932272347673,.103232923170031,.0196731640692132,.0384604158027161,.4431260386668184,.004165744052216,.004165744052216,.0072148601799421,.0072148601799421,125,91
dept_subset,conflict_dept_subset_042,Conflict-belt departments: AYACUCHO + HUANCAVELICA + JUNIN,bounded_department_subset,0,3,de,treat_12,2012,drop_rounding_band,adjacent_categories,p1_mserd,2567,566,69,497,206,360,8,198,61,299,12,52,102,152,20,20,1,1,0,0,-.0461708798657162,.2850949294793394,.8713459020610355,-.6049466738202078,.5126049140887754,.001098282794288,.001098282794288,.0024819084879889,.0024819084879889,29,20
dept_subset,conflict_dept_subset_042,Conflict-belt departments: AYACUCHO + HUANCAVELICA + JUNIN,bounded_department_subset,0,3,de,treat_16,2016,drop_rounding_band,adjacent_categories,p1_mserd,2567,566,74,492,206,360,8,198,66,294,12,52,102,152,20,20,1,1,0,0,-.0461708798657162,.2850949294793394,.8713459020610355,-.6049466738202078,.5126049140887754,.001098282794288,.001098282794288,.0024819084879889,.0024819084879889,29,20
dept_subset,conflict_dept_subset_042,Conflict-belt departments: AYACUCHO + HUANCAVELICA + JUNIN,bounded_department_subset,0,3,de,treat_23,2023,drop_rounding_band,adjacent_categories,p1_mserd,2567,566,309,257,206,360,53,153,256,104,12,52,102,152,20,20,1,1,0,.1821218675847671,.2907496635004456,.3641651556386778,.4246380795171226,-.4230009259757861,1.004500252976677,.0020580761662311,.0020580761662311,.0033623436065506,.0033623436065506,69,61
dept_subset,conflict_dept_subset_044,Conflict-belt departments: CUSCO + HUANCAVELICA + JUNIN,bounded_department_subset,0,3,ab,treat_12,2012,drop_rounding_band,adjacent_categories,p1_mserd,1325,533,281,252,281,252,134,147,147,105,233,225,94,86,0,9,1,1,0,-.0388969601834002,-.0407656779333632,.230325798363845,.8595151705750201,-.4921959474369338,.4106645915702075,.0480248994426035,.0480248994426035,.0625246627821569,.0625246627821569,113,58
dept_subset,conflict_dept_subset_044,Conflict-belt departments: CUSCO + HUANCAVELICA + JUNIN,bounded_department_subset,0,3,ab,treat_16,2016,drop_rounding_band,adjacent_categories,p1_mserd,1325,533,347,186,281,252,157,124,190,62,233,225,94,86,0,9,1,1,0,.0569219014657745,.0451215268322303,.1809841373719036,.8031194087564735,-.3096008641897504,.3998439178542109,.057791429295881,.057791429295881,.0734772697850986,.0734772697850986,137,63
dept_subset,conflict_dept_subset_044,Conflict-belt departments: CUSCO + HUANCAVELICA + JUNIN,bounded_department_subset,0,3,ab,treat_23,2023,drop_rounding_band,adjacent_categories,p1_mserd,1325,533,469,64,281,252,244,37,225,27,233,225,94,86,0,9,1,1,0,.0706708056129708,.121460707142955,.1165116406566678,.2971905774088399,-.1068979123237866,.3498193266096966,.0479101558175464,.0479101558175464,.0709580933842105,.0709580933842105,113,58
dept_subset,conflict_dept_subset_044,Conflict-belt departments: CUSCO + HUANCAVELICA + JUNIN,bounded_department_subset,0,3,bc,treat_12,2012,drop_rounding_band,adjacent_categories,p1_mserd,1325,633,249,384,343,290,108,235,141,149,167,234,110,95,0,1,1,1,0,-.1789685441423987,-.1971606648980113,.1934046964519067,.3080034943576098,-.5762269043846499,.1819055745886273,.0145857906535671,.0145857906535671,.02101152227792,.02101152227792,78,65
dept_subset,conflict_dept_subset_044,Conflict-belt departments: CUSCO + HUANCAVELICA + JUNIN,bounded_department_subset,0,3,bc,treat_16,2016,drop_rounding_band,adjacent_categories,p1_mserd,1325,633,275,358,343,290,110,233,165,125,167,234,110,95,0,1,1,1,0,-.0406533383913463,-.0283879933586992,.2136341326622908,.894287211435742,-.4471031992452411,.3903272125278427,.0140035907725875,.0140035907725875,.0202955982337794,.0202955982337794,74,64
dept_subset,conflict_dept_subset_044,Conflict-belt departments: CUSCO + HUANCAVELICA + JUNIN,bounded_department_subset,0,3,bc,treat_23,2023,drop_rounding_band,adjacent_categories,p1_mserd,1325,633,546,87,343,290,294,49,252,38,167,234,110,95,0,1,1,1,0,-.0620608144343302,-.0679870788742065,.1743146398176524,.6965180119382901,-.4096374948948768,.2736633371464637,.0152648795832936,.0152648795832936,.0253887079618807,.0253887079618807,81,72
dept_subset,conflict_dept_subset_044,Conflict-belt departments: CUSCO + HUANCAVELICA + JUNIN,bounded_department_subset,0,3,cd,treat_12,2012,drop_rounding_band,adjacent_categories,p1_mserd,1325,624,158,466,279,345,49,230,109,236,50,168,108,111,1,0,1,1,0,-.1034927635770048,-.1028720769653124,.1736704734283206,.553622516433973,-.4432599500628411,.2375157961322162,.0052947663316653,.0052947663316653,.0076373082210181,.0076373082210181,110,89
dept_subset,conflict_dept_subset_044,Conflict-belt departments: CUSCO + HUANCAVELICA + JUNIN,bounded_department_subset,0,3,cd,treat_16,2016,drop_rounding_band,adjacent_categories,p1_mserd,1325,624,163,461,279,345,52,227,111,234,50,168,108,111,1,0,1,1,0,-.1025125887847805,-.0856381562441868,.1740910300917697,.6227787549832893,-.4268503052555341,.2555739927671605,.0052641403394024,.0052641403394024,.0077239561041957,.0077239561041957,110,83
dept_subset,conflict_dept_subset_044,Conflict-belt departments: CUSCO + HUANCAVELICA + JUNIN,bounded_department_subset,0,3,cd,treat_23,2023,drop_rounding_band,adjacent_categories,p1_mserd,1325,624,489,135,279,345,194,85,295,50,50,168,108,111,1,0,1,1,0,.3437004457844255,.383751140913533,.1750257553595493,.028340467551591,.0407069640418981,.726795317785168,.0031386545766089,.0031386545766089,.0055564055134153,.0055564055134153,63,51
dept_subset,conflict_dept_subset_044,Conflict-belt departments: CUSCO + HUANCAVELICA + JUNIN,bounded_department_subset,0,3,de,treat_12,2012,drop_rounding_band,adjacent_categories,p1_mserd,1325,422,55,367,159,263,7,152,48,215,11,50,74,106,17,17,1,1,0,-.166820571796544,-.2246778141353899,.1724407940476631,.1925995906801917,-.5626555599342984,.1132999316635186,.0016829321653922,.0016829321653922,.0031918978770102,.0031918978770102,21,30
dept_subset,conflict_dept_subset_044,Conflict-belt departments: CUSCO + HUANCAVELICA + JUNIN,bounded_department_subset,0,3,de,treat_16,2016,drop_rounding_band,adjacent_categories,p1_mserd,1325,422,58,364,159,263,7,152,51,212,11,50,74,106,17,17,1,1,0,-.166820571796544,-.2246778141353899,.1724407940476631,.1925995906801917,-.5626555599342984,.1132999316635186,.0016829321653922,.0016829321653922,.0031918978770102,.0031918978770102,21,30
dept_subset,conflict_dept_subset_044,Conflict-belt departments: CUSCO + HUANCAVELICA + JUNIN,bounded_department_subset,0,3,de,treat_23,2023,drop_rounding_band,adjacent_categories,p1_mserd,1325,422,215,207,159,263,30,129,185,78,11,50,74,106,17,17,1,1,0,.3047173375663723,.5193558447901823,.3902042152969683,.1831940416433545,-.2454303638075886,1.284142053387953,.0019230868892966,.0019230868892966,.0033406712352975,.0033406712352975,46,47
dept_subset,conflict_dept_subset_049,Conflict-belt departments: APURIMAC + HUANUCO + JUNIN,bounded_department_subset,0,3,ab,treat_12,2012,drop_rounding_band,adjacent_categories,p1_mserd,2102,919,431,488,441,478,187,254,244,234,329,432,138,133,0,4,1,1,0,.1226356094726053,.1284971690173765,.1712822360009156,.4531299148809079,-.2072098447359079,.4642041827706609,.0540719977187912,.0540719977187912,.0716774330607561,.0716774330607561,209,115
dept_subset,conflict_dept_subset_049,Conflict-belt departments: APURIMAC + HUANUCO + JUNIN,bounded_department_subset,0,3,ab,treat_16,2016,drop_rounding_band,adjacent_categories,p1_mserd,2102,919,579,340,441,478,225,216,354,124,329,432,138,133,0,4,1,1,0,-.1216320214053812,-.1765609093193966,.1940160215437749,.3628053045522898,-.5568253239689425,.2037035053301492,.037483597760415,.037483597760415,.0551939222185352,.0551939222185352,130,80
dept_subset,conflict_dept_subset_049,Conflict-belt departments: APURIMAC + HUANUCO + JUNIN,bounded_department_subset,0,3,ab,treat_23,2023,drop_rounding_band,adjacent_categories,p1_mserd,2102,919,815,104,441,478,378,63,437,41,329,432,138,133,0,4,1,1,0,.0046003812189659,.0357520429349385,.0976721315385704,.7143341897393938,-.1556818171739182,.2271859030437952,.0500566211964956,.0500566211964956,.0607060304098831,.0607060304098831,185,110
dept_subset,conflict_dept_subset_049,Conflict-belt departments: APURIMAC + HUANUCO + JUNIN,bounded_department_subset,0,3,bc,treat_12,2012,drop_rounding_band,adjacent_categories,p1_mserd,2102,944,366,578,500,444,177,323,189,255,226,330,160,138,0,1,1,1,0,-.0239244308186,-.0206215356201966,.1924904906626163,.9146857265737474,-.397895964685368,.3566528934449748,.0108536357529786,.0108536357529786,.0169281111621967,.0169281111621967,91,94
dept_subset,conflict_dept_subset_049,Conflict-belt departments: APURIMAC + HUANUCO + JUNIN,bounded_department_subset,0,3,bc,treat_16,2016,drop_rounding_band,adjacent_categories,p1_mserd,2102,944,405,539,500,444,178,322,227,217,226,330,160,138,0,1,1,1,0,.044595166292229,.0435937532039141,.1939422148845535,.8221527436643481,-.3365260030517387,.4237135094595669,.0108234572196564,.0108234572196564,.016901646854165,.016901646854165,91,94
dept_subset,conflict_dept_subset_049,Conflict-belt departments: APURIMAC + HUANUCO + JUNIN,bounded_department_subset,0,3,bc,treat_23,2023,drop_rounding_band,adjacent_categories,p1_mserd,2102,944,801,143,500,444,421,79,380,64,226,330,160,138,0,1,1,1,0,.147211842606441,.1448782112129516,.1276786599041287,.2564969804879876,-.1053673637934788,.3951237862193821,.0142083949360447,.0142083949360447,.0236817063404231,.0236817063404231,126,111
dept_subset,conflict_dept_subset_049,Conflict-belt departments: APURIMAC + HUANUCO + JUNIN,bounded_department_subset,0,3,cd,treat_12,2012,drop_rounding_band,adjacent_categories,p1_mserd,2102,944,254,690,444,500,77,367,177,323,52,226,149,159,1,1,1,1,0,.0169482378744423,.0101988053495082,.1575000202931561,.9483696193291593,-.2984955619894054,.3188931726884218,.004728741073856,.004728741073856,.0069176903757417,.0069176903757417,146,108
dept_subset,conflict_dept_subset_049,Conflict-belt departments: APURIMAC + HUANUCO + JUNIN,bounded_department_subset,0,3,cd,treat_16,2016,drop_rounding_band,adjacent_categories,p1_mserd,2102,944,258,686,444,500,80,364,178,322,52,226,149,159,1,1,1,1,0,.0624274279487516,.0656705960447675,.1641936772290436,.6891873562374546,-.2561430978133523,.3874842899028874,.004933660822059,.004933660822059,.0072086375400768,.0072086375400768,154,109
dept_subset,conflict_dept_subset_049,Conflict-belt departments: APURIMAC + HUANUCO + JUNIN,bounded_department_subset,0,3,cd,treat_23,2023,drop_rounding_band,adjacent_categories,p1_mserd,2102,944,716,228,444,500,295,149,421,79,52,226,149,159,1,1,1,1,0,.1310210964906513,.1431416650801933,.1288994929527799,.2667877105403577,-.1094966987327297,.3957800288931164,.004718665915539,.004718665915539,.0071428422430829,.0071428422430829,146,108
dept_subset,conflict_dept_subset_049,Conflict-belt departments: APURIMAC + HUANUCO + JUNIN,bounded_department_subset,0,3,de,treat_12,2012,drop_rounding_band,adjacent_categories,p1_mserd,2102,653,82,571,234,419,7,227,75,344,11,51,90,147,25,25,1,1,0,-.0245377760066626,.0015561777497858,.1334717178910495,.9906974894049961,-.2600435822713616,.2631559377709332,.0020075639636184,.0020075639636184,.0032095932886182,.0032095932886182,65,88
dept_subset,conflict_dept_subset_049,Conflict-belt departments: APURIMAC + HUANUCO + JUNIN,bounded_department_subset,0,3,de,treat_16,2016,drop_rounding_band,adjacent_categories,p1_mserd,2102,653,85,568,234,419,7,227,78,341,11,51,90,147,25,25,1,1,0,-.0245286024853934,.0009579346253648,.1341472856169432,.9943024210398919,-.2619659138076518,.2638817830583814,.0020077683153755,.0020077683153755,.0032283237459999,.0032283237459999,65,88
dept_subset,conflict_dept_subset_049,Conflict-belt departments: APURIMAC + HUANUCO + JUNIN,bounded_department_subset,0,3,de,treat_23,2023,drop_rounding_band,adjacent_categories,p1_mserd,2102,653,329,324,234,419,43,191,286,133,11,51,90,147,25,25,1,1,0,.5992238260737857,.6003982488714668,.6059880627896537,.321795115987644,-.5873165292574511,1.788113027000385,.0014570937351802,.0014570937351802,.0031191456074271,.0031191456074271,36,59
dept_subset,conflict_dept_subset_050,Conflict-belt departments: AYACUCHO + HUANUCO + JUNIN,bounded_department_subset,0,3,ab,treat_12,2012,drop_rounding_band,adjacent_categories,p1_mserd,3004,1568,816,752,780,788,325,455,491,297,494,672,166,154,0,3,1,1,0,.0172724235125462,-.027272292472722,.1652820504518727,.868940390695231,-.3512191586493246,.2966745737038806,.026814576458614,.026814576458614,.041546687745205,.041546687745205,166,109
dept_subset,conflict_dept_subset_050,Conflict-belt departments: AYACUCHO + HUANUCO + JUNIN,bounded_department_subset,0,3,ab,treat_16,2016,drop_rounding_band,adjacent_categories,p1_mserd,3004,1568,1033,535,780,788,393,387,640,148,494,672,166,154,0,3,1,1,0,-.2578246122265744,-.3278025711901524,.179867822580223,.0683846620840011,-.6803370254250298,.0247318830447249,.0162988475908233,.0162988475908233,.0294075289501394,.0294075289501394,100,68
dept_subset,conflict_dept_subset_050,Conflict-belt departments: AYACUCHO + HUANUCO + JUNIN,bounded_department_subset,0,3,ab,treat_23,2023,drop_rounding_band,adjacent_categories,p1_mserd,3004,1568,1398,170,780,788,676,104,722,66,494,672,166,154,0,3,1,1,0,.0042249397509189,.0241276941982267,.0805870501543695,.7646355117680623,-.1338200217246605,.1820754101211138,.0456355861743928,.0456355861743928,.0630241941227119,.0630241941227119,310,177
dept_subset,conflict_dept_subset_050,Conflict-belt departments: AYACUCHO + HUANUCO + JUNIN,bounded_department_subset,0,3,bc,treat_12,2012,drop_rounding_band,adjacent_categories,p1_mserd,3004,1433,549,884,650,783,222,428,327,456,255,495,191,166,0,3,1,1,0,-.2258039230792998,-.2758145437449266,.1784530163028446,.1222045030932161,-.6255760286310411,.0739469411411878,.0082918195818185,.0082918195818185,.0150910324705718,.0150910324705718,106,94
dept_subset,conflict_dept_subset_050,Conflict-belt departments: AYACUCHO + HUANUCO + JUNIN,bounded_department_subset,0,3,bc,treat_16,2016,drop_rounding_band,adjacent_categories,p1_mserd,3004,1433,621,812,650,783,226,424,395,388,255,495,191,166,0,3,1,1,0,-.1569590919794471,-.2200522943828543,.1879409978217944,.2416557023532881,-.588409881332092,.1483052925663834,.0078452427203678,.0078452427203678,.0147554930809126,.0147554930809126,101,89
dept_subset,conflict_dept_subset_050,Conflict-belt departments: AYACUCHO + HUANUCO + JUNIN,bounded_department_subset,0,3,bc,treat_23,2023,drop_rounding_band,adjacent_categories,p1_mserd,3004,1433,1241,192,650,783,563,87,678,105,255,495,191,166,0,3,1,1,0,.0406227531314067,.0492526001113576,.1004894088665808,.6240438388648374,-.1477030220948607,.2462082223175758,.0156953326223872,.0156953326223872,.0257432543470855,.0257432543470855,210,189
dept_subset,conflict_dept_subset_050,Conflict-belt departments: AYACUCHO + HUANUCO + JUNIN,bounded_department_subset,0,3,cd,treat_12,2012,drop_rounding_band,adjacent_categories,p1_mserd,3004,1156,299,857,505,651,77,428,222,429,51,255,170,191,2,2,1,1,0,.0982984817037732,.1049690033269476,.1574660614672145,.505019039767526,-.2036588059361631,.4135968125900583,.0041765520845063,.0041765520845063,.0062286973801278,.0062286973801278,149,112
dept_subset,conflict_dept_subset_050,Conflict-belt departments: AYACUCHO + HUANUCO + JUNIN,bounded_department_subset,0,3,cd,treat_16,2016,drop_rounding_band,adjacent_categories,p1_mserd,3004,1156,308,848,505,651,82,423,226,425,51,255,170,191,2,2,1,1,0,.2049998557521919,.2398648140353221,.1678994212241928,.1531128952795672,-.0892120045892156,.5689416326598599,.0039156720541544,.0039156720541544,.0062281748097786,.0062281748097786,137,109
dept_subset,conflict_dept_subset_050,Conflict-belt departments: AYACUCHO + HUANUCO + JUNIN,bounded_department_subset,0,3,cd,treat_23,2023,drop_rounding_band,adjacent_categories,p1_mserd,3004,1156,905,251,505,651,341,164,564,87,51,255,170,191,2,2,1,1,0,.2293034596792975,.2629167717396388,.09450404930446,.0054013580108443,.0776922387096997,.4481413047695779,.0045785404535639,.0045785404535639,.0080025494979572,.0080025494979572,163,122
dept_subset,conflict_dept_subset_050,Conflict-belt departments: AYACUCHO + HUANUCO + JUNIN,bounded_department_subset,0,3,de,treat_12,2012,drop_rounding_band,adjacent_categories,p1_mserd,3004,754,81,673,275,479,6,269,75,404,12,50,109,167,26,26,1,1,0,-.0335158489461882,-.0635984146153884,.0984331239239385,.5182095082940905,-.2565237923920758,.129326963161299,.0017699715878636,.0017699715878636,.0030053598546511,.0030053598546511,44,67
dept_subset,conflict_dept_subset_050,Conflict-belt departments: AYACUCHO + HUANUCO + JUNIN,bounded_department_subset,0,3,de,treat_16,2016,drop_rounding_band,adjacent_categories,p1_mserd,3004,754,86,668,275,479,6,269,80,399,12,50,109,167,26,26,1,1,0,-.0333842026290352,-.0639140484674194,.0986170662564468,.5169181240846632,-.2571999465910553,.1293718496562165,.0017646240215258,.0017646240215258,.0029973301832385,.0029973301832385,44,67
dept_subset,conflict_dept_subset_050,Conflict-belt departments: AYACUCHO + HUANUCO + JUNIN,bounded_department_subset,0,3,de,treat_23,2023,drop_rounding_band,adjacent_categories,p1_mserd,3004,754,393,361,275,479,63,212,330,149,12,50,109,167,26,26,1,1,0,.0405612630726808,.1148577018386927,.3302388639169006,.7279889683077446,-.5323985777338563,.7621139814112418,.0020673566628921,.0020673566628921,.0032932612176872,.0032932612176872,84,97
dept_subset,conflict_dept_subset_052,Conflict-belt departments: CUSCO + HUANUCO + JUNIN,bounded_department_subset,0,3,ab,treat_12,2012,drop_rounding_band,adjacent_categories,p1_mserd,1762,691,309,382,358,333,146,212,163,170,280,310,99,90,0,4,1,1,0,.0496010176384986,.0211812052072757,.2046838475419433,.9175800031826685,-.3799917641920204,.4223541746065718,.0371033227233952,.0371033227233952,.050703873567421,.050703873567421,97,65
dept_subset,conflict_dept_subset_052,Conflict-belt departments: CUSCO + HUANUCO + JUNIN,bounded_department_subset,0,3,ab,treat_16,2016,drop_rounding_band,adjacent_categories,p1_mserd,1762,691,392,299,358,333,168,190,224,109,280,310,99,90,0,4,1,1,0,-.1212781822059661,-.1926765811710729,.2002977374478467,.3360742876906117,-.5852529327537119,.1998997704115661,.0340045564895536,.0340045564895536,.0526406893558732,.0526406893558732,80,58
dept_subset,conflict_dept_subset_052,Conflict-belt departments: CUSCO + HUANUCO + JUNIN,bounded_department_subset,0,3,ab,treat_23,2023,drop_rounding_band,adjacent_categories,p1_mserd,1762,691,582,109,358,333,296,62,286,47,280,310,99,90,0,4,1,1,0,.0417115328148556,.0509891778031311,.1197547607855416,.6702681875443244,-.1837258403137401,.2857041959200022,.051470479300181,.051470479300181,.0595341051258,.0595341051258,151,87
dept_subset,conflict_dept_subset_052,Conflict-belt departments: CUSCO + HUANUCO + JUNIN,bounded_department_subset,0,3,bc,treat_12,2012,drop_rounding_band,adjacent_categories,p1_mserd,1762,794,301,493,432,362,152,280,149,213,205,281,124,99,0,2,1,1,0,-.386071608246485,-.4485633495184277,.2215466465344366,.0428991737588403,-.8827867976215489,-.0143399014153064,.008258544977184,.008258544977184,.0147197942893176,.0147197942893176,56,59
dept_subset,conflict_dept_subset_052,Conflict-belt departments: CUSCO + HUANUCO + JUNIN,bounded_department_subset,0,3,bc,treat_16,2016,drop_rounding_band,adjacent_categories,p1_mserd,1762,794,325,469,432,362,154,278,171,191,205,281,124,99,0,2,1,1,0,-.2869491793530972,-.3531551513870769,.2325126900361233,.1287967355757027,-.8088716498064036,.1025613470322498,.0083333669615025,.0083333669615025,.0148230872698863,.0148230872698863,58,59
dept_subset,conflict_dept_subset_052,Conflict-belt departments: CUSCO + HUANUCO + JUNIN,bounded_department_subset,0,3,bc,treat_23,2023,drop_rounding_band,adjacent_categories,p1_mserd,1762,794,661,133,432,362,362,70,299,63,205,281,124,99,0,2,1,1,0,.0262387916855569,.0021548661851654,.1607083542285775,.9893018446381243,-.3128277201175518,.3171374524878825,.0128928447492167,.0128928447492167,.0216513050308866,.0216513050308866,95,93
dept_subset,conflict_dept_subset_052,Conflict-belt departments: CUSCO + HUANUCO + JUNIN,bounded_department_subset,0,3,cd,treat_12,2012,drop_rounding_band,adjacent_categories,p1_mserd,1762,839,216,623,405,434,64,341,152,282,49,206,123,125,0,0,1,1,0,.0596995434081649,.0437797151771623,.1550365955189634,.7776497686047295,-.2600864283257098,.3476458586800344,.00541254650464,.00541254650464,.0081963955130123,.0081963955130123,142,115
dept_subset,conflict_dept_subset_052,Conflict-belt departments: CUSCO + HUANUCO + JUNIN,bounded_department_subset,0,3,cd,treat_16,2016,drop_rounding_band,adjacent_categories,p1_mserd,1762,839,221,618,405,434,67,338,154,280,49,206,123,125,0,0,1,1,0,.1027522039009339,.1124408466952094,.1598408345040027,.481772192556492,-.2008414321914629,.4257231255818817,.0057653245733843,.0057653245733843,.0088045484174969,.0088045484174969,157,123
dept_subset,conflict_dept_subset_052,Conflict-belt departments: CUSCO + HUANUCO + JUNIN,bounded_department_subset,0,3,cd,treat_23,2023,drop_rounding_band,adjacent_categories,p1_mserd,1762,839,631,208,405,434,268,137,363,71,49,206,123,125,0,0,1,1,0,.3055149707890015,.3525050290593954,.1300433925356237,.0067146940777154,.097624663262168,.6073853948566228,.0035670458398552,.0035670458398552,.0062395325913073,.0062395325913073,98,76
dept_subset,conflict_dept_subset_052,Conflict-belt departments: CUSCO + HUANUCO + JUNIN,bounded_department_subset,0,3,de,treat_12,2012,drop_rounding_band,adjacent_categories,p1_mserd,1762,610,67,543,228,382,5,223,62,320,11,48,81,121,23,23,1,1,0,-.0003359039339708,.0199429575995785,.1201666562976731,.8681877784946932,-.2155793608864639,.255465276085621,.0019363167071386,.0019363167071386,.0032266030310791,.0032266030310791,61,83
dept_subset,conflict_dept_subset_052,Conflict-belt departments: CUSCO + HUANUCO + JUNIN,bounded_department_subset,0,3,de,treat_16,2016,drop_rounding_band,adjacent_categories,p1_mserd,1762,610,70,540,228,382,5,223,65,317,11,48,81,121,23,23,1,1,0,-.0002300606462084,.0201248266632073,.1204334314826395,.8672887509978002,-.2159203615773383,.2561700149037529,.0019370334425259,.0019370334425259,.0032445204468952,.0032445204468952,61,83
dept_subset,conflict_dept_subset_052,Conflict-belt departments: CUSCO + HUANUCO + JUNIN,bounded_department_subset,0,3,de,treat_23,2023,drop_rounding_band,adjacent_categories,p1_mserd,1762,610,299,311,228,382,40,188,259,123,11,48,81,121,23,23,1,1,0,.0956298698351485,.262280491144228,.3701423691980317,.4785767472066537,-.4631852216362418,.9877462039246978,.0019800866689749,.0019800866689749,.0032519034904091,.0032519034904091,61,83
dept_subset,conflict_dept_subset_056,Conflict-belt departments: HUANCAVELICA + HUANUCO + JUNIN,bounded_department_subset,0,3,ab,treat_12,2012,drop_rounding_band,adjacent_categories,p1_mserd,2037,761,403,358,395,366,190,205,213,153,303,333,127,109,0,8,1,1,0,.1159127026359235,.1028406942338542,.1997306190261063,.606625005451788,-.2886241256672046,.494305514134913,.0474070368896907,.0474070368896907,.0635846411109524,.0635846411109524,142,88
dept_subset,conflict_dept_subset_056,Conflict-belt departments: HUANCAVELICA + HUANUCO + JUNIN,bounded_department_subset,0,3,ab,treat_16,2016,drop_rounding_band,adjacent_categories,p1_mserd,2037,761,497,264,395,366,219,176,278,88,303,333,127,109,0,8,1,1,0,-.0443984113670897,-.1162489118180731,.2151416128165028,.5889648443964906,-.5379187245142795,.3054209008781333,.0347571493555493,.0347571493555493,.0528179133637461,.0528179133637461,85,62
dept_subset,conflict_dept_subset_056,Conflict-belt departments: HUANCAVELICA + HUANUCO + JUNIN,bounded_department_subset,0,3,ab,treat_23,2023,drop_rounding_band,adjacent_categories,p1_mserd,2037,761,671,90,395,366,342,53,329,37,303,333,127,109,0,8,1,1,0,-.0136805516438772,-.0059278659855986,.1196340311521968,.9604809935866526,-.240406258369247,.2285505263980499,.0502082018591786,.0502082018591786,.0574433851770867,.0574433851770867,151,92
dept_subset,conflict_dept_subset_056,Conflict-belt departments: HUANCAVELICA + HUANUCO + JUNIN,bounded_department_subset,0,3,bc,treat_12,2012,drop_rounding_band,adjacent_categories,p1_mserd,2037,935,389,546,532,403,193,339,196,207,228,304,163,128,0,1,1,1,0,-.1956055333231279,-.2330240225319371,.1680595510091815,.1655771136842508,-.562414689767905,.0963666447040307,.0129580229065677,.0129580229065677,.0210037152230824,.0210037152230824,124,96
dept_subset,conflict_dept_subset_056,Conflict-belt departments: HUANCAVELICA + HUANUCO + JUNIN,bounded_department_subset,0,3,bc,treat_16,2016,drop_rounding_band,adjacent_categories,p1_mserd,2037,935,421,514,532,403,195,337,226,177,228,304,163,128,0,1,1,1,0,-.0951201036450847,-.1355032549761644,.1687600398477739,.4220126051070436,-.4662668551073456,.1952603451550167,.0135104382867753,.0135104382867753,.0221255620068391,.0221255620068391,126,100
dept_subset,conflict_dept_subset_056,Conflict-belt departments: HUANCAVELICA + HUANUCO + JUNIN,bounded_department_subset,0,3,bc,treat_23,2023,drop_rounding_band,adjacent_categories,p1_mserd,2037,935,814,121,532,403,465,67,349,54,228,304,163,128,0,1,1,1,0,.0438715216150927,.0313474565797229,.1220229860161871,.7972575429057823,-.2078132012980383,.2705081144574842,.0147330969044769,.0147330969044769,.0250992540567675,.0250992540567675,139,111
dept_subset,conflict_dept_subset_056,Conflict-belt departments: HUANCAVELICA + HUANUCO + JUNIN,bounded_department_subset,0,3,cd,treat_12,2012,drop_rounding_band,adjacent_categories,p1_mserd,2037,1006,276,730,472,534,82,390,194,340,53,229,157,163,1,0,1,1,0,-.0239309930449131,-.0316941344540324,.144649506779305,.8265644633561986,-.3152019581229524,.2518136892148877,.0049488670253756,.0049488670253756,.0073895772233436,.0073895772233436,163,121
dept_subset,conflict_dept_subset_056,Conflict-belt departments: HUANCAVELICA + HUANUCO + JUNIN,bounded_department_subset,0,3,cd,treat_16,2016,drop_rounding_band,adjacent_categories,p1_mserd,2037,1006,282,724,472,534,86,386,196,338,53,229,157,163,1,0,1,1,0,.0224475855870491,.03434717365021,.1562905193645331,.8260542406837323,-.2719766154293347,.3406709627297547,.0047953544984515,.0047953544984515,.0071420849093781,.0071420849093781,155,120
dept_subset,conflict_dept_subset_056,Conflict-belt departments: HUANCAVELICA + HUANUCO + JUNIN,bounded_department_subset,0,3,cd,treat_23,2023,drop_rounding_band,adjacent_categories,p1_mserd,2037,1006,800,206,472,534,333,139,467,67,53,229,157,163,1,0,1,1,0,.2184379939235945,.2497185574938394,.0998604403051186,.0123956695518217,.0539956910154951,.4454414239721838,.0041896124313866,.0041896124313866,.0068481129593358,.0068481129593358,136,107
dept_subset,conflict_dept_subset_056,Conflict-belt departments: HUANCAVELICA + HUANUCO + JUNIN,bounded_department_subset,0,3,de,treat_12,2012,drop_rounding_band,adjacent_categories,p1_mserd,2037,706,88,618,262,444,8,254,80,364,11,53,104,155,29,29,1,1,0,-.0288795449062999,-.0139855870094595,.1176061889540351,.9053396862194293,-.2444894817183806,.2165183076994615,.0019071947674266,.0019071947674266,.0031547059492575,.0031547059492575,75,91
dept_subset,conflict_dept_subset_056,Conflict-belt departments: HUANCAVELICA + HUANUCO + JUNIN,bounded_department_subset,0,3,de,treat_16,2016,drop_rounding_band,adjacent_categories,p1_mserd,2037,706,92,614,262,444,8,254,84,360,11,53,104,155,29,29,1,1,0,-.0302596437780671,-.0146799947197233,.1191979449276473,.90198321763526,-.2483036738091008,.2189436843696543,.0019037705519837,.0019037705519837,.0031781326176288,.0031781326176288,75,91
dept_subset,conflict_dept_subset_056,Conflict-belt departments: HUANCAVELICA + HUANUCO + JUNIN,bounded_department_subset,0,3,de,treat_23,2023,drop_rounding_band,adjacent_categories,p1_mserd,2037,706,373,333,262,444,55,207,318,126,11,53,104,155,29,29,1,1,0,.3002250583302635,.4084282805153423,.4155961928512334,.3257291666529041,-.4061252895850377,1.222981850615722,.0018153048679893,.0018153048679893,.0031601879472882,.0031601879472882,36,61
dept_subset,conflict_dept_subset_067,Conflict-belt departments: APURIMAC + AYACUCHO + SAN MARTIN,bounded_department_subset,0,3,ab,treat_12,2012,drop_rounding_band,adjacent_categories,p1_mserd,2431,1347,683,664,634,713,252,382,431,282,448,620,144,145,0,1,1,1,0,-.0944638859782501,-.1470347236825107,.1866319549237831,.4307946753889328,-.5128266336974283,.2187571863324069,.0224046935849235,.0224046935849235,.036876296421661,.036876296421661,135,74
dept_subset,conflict_dept_subset_067,Conflict-belt departments: APURIMAC + AYACUCHO + SAN MARTIN,bounded_department_subset,0,3,ab,treat_16,2016,drop_rounding_band,adjacent_categories,p1_mserd,2431,1347,923,424,634,713,325,309,598,115,448,620,144,145,0,1,1,1,0,-.2367359114052636,-.3044758321657202,.1529204072197054,.0464727629601089,-.6041943228175416,-.0047573415138987,.0185877023150779,.0185877023150779,.0317115560574808,.0317115560574808,109,62
dept_subset,conflict_dept_subset_067,Conflict-belt departments: APURIMAC + AYACUCHO + SAN MARTIN,bounded_department_subset,0,3,ab,treat_23,2023,drop_rounding_band,adjacent_categories,p1_mserd,2431,1347,1235,112,634,713,563,71,672,41,448,620,144,145,0,1,1,1,0,.0440193612543294,.0534927201458357,.0943107449550392,.5705807167121641,-.1313529433211837,.2383383836128552,.0363389967967577,.0363389967967577,.0518341313256353,.0518341313256353,218,116
dept_subset,conflict_dept_subset_067,Conflict-belt departments: APURIMAC + AYACUCHO + SAN MARTIN,bounded_department_subset,0,3,bc,treat_12,2012,drop_rounding_band,adjacent_categories,p1_mserd,2431,1106,380,726,472,634,128,344,252,382,219,448,157,144,0,3,1,1,0,.3141461810216442,.3633330042938179,.1618943404582018,.0248156729042307,.0460259276948767,.6806400808927591,.0111890602228148,.0111890602228148,.0201577879818818,.0201577879818818,111,87
dept_subset,conflict_dept_subset_067,Conflict-belt departments: APURIMAC + AYACUCHO + SAN MARTIN,bounded_department_subset,0,3,bc,treat_16,2016,drop_rounding_band,adjacent_categories,p1_mserd,2431,1106,459,647,472,634,134,338,325,309,219,448,157,144,0,3,1,1,0,.4625757941306693,.5190618317025069,.1764563752297571,.0032653479137306,.1732136914096973,.8649099719953164,.01004354351921,.01004354351921,.0178153356417429,.0178153356417429,102,82
dept_subset,conflict_dept_subset_067,Conflict-belt departments: APURIMAC + AYACUCHO + SAN MARTIN,bounded_department_subset,0,3,bc,treat_23,2023,drop_rounding_band,adjacent_categories,p1_mserd,2431,1106,974,132,472,634,411,61,563,71,219,448,157,144,0,3,1,1,0,.0794311289678578,.1136745977562623,.1121018512771826,.3105686183835807,-.106040993347281,.3333901888598056,.01351896334896,.01351896334896,.0231007355793492,.0231007355793492,145,106
dept_subset,conflict_dept_subset_067,Conflict-belt departments: APURIMAC + AYACUCHO + SAN MARTIN,bounded_department_subset,0,3,cd,treat_12,2012,drop_rounding_band,adjacent_categories,p1_mserd,2431,838,180,658,366,472,51,315,129,343,52,219,137,156,3,3,1,1,0,-.095904502328068,-.1074270569759757,.2506349642148161,.6682000827403967,-.5986625601035004,.383808446151549,.003150407869371,.003150407869371,.0050710139396768,.0050710139396768,72,51
dept_subset,conflict_dept_subset_067,Conflict-belt departments: APURIMAC + AYACUCHO + SAN MARTIN,bounded_department_subset,0,3,cd,treat_16,2016,drop_rounding_band,adjacent_categories,p1_mserd,2431,838,191,647,366,472,56,310,135,337,52,219,137,156,3,3,1,1,0,-.0456455932654535,-.0511788137115658,.2547692556849603,.840790056731781,-.5505173792221644,.4481597517990328,.0033017429015676,.0033017429015676,.0052814912627174,.0052814912627174,72,52
dept_subset,conflict_dept_subset_067,Conflict-belt departments: APURIMAC + AYACUCHO + SAN MARTIN,bounded_department_subset,0,3,cd,treat_23,2023,drop_rounding_band,adjacent_categories,p1_mserd,2431,838,677,161,366,472,266,100,411,61,52,219,137,156,3,3,1,1,0,-.2218101969485302,-.2628998388191905,.1410282745844937,.0622986708533355,-.5393101778066236,.0135105001682426,.0034421262372862,.0034421262372862,.005887355029779,.005887355029779,74,54
dept_subset,conflict_dept_subset_067,Conflict-belt departments: APURIMAC + AYACUCHO + SAN MARTIN,bounded_department_subset,0,3,de,treat_12,2012,drop_rounding_band,adjacent_categories,p1_mserd,2431,584,61,523,242,342,11,231,50,292,12,51,100,134,24,24,1,1,0,-.2155509131977278,-.285533881569823,.1187168489762973,.0161650641138261,-.5182146299214465,-.0528531332181996,.0022162391548154,.0022162391548154,.0049390971125003,.0049390971125003,73,66
dept_subset,conflict_dept_subset_067,Conflict-belt departments: APURIMAC + AYACUCHO + SAN MARTIN,bounded_department_subset,0,3,de,treat_16,2016,drop_rounding_band,adjacent_categories,p1_mserd,2431,584,68,516,242,342,13,229,55,287,12,51,100,134,24,24,1,1,0,-.2074074074073735,-.4055883308455321,.3899075808489603,.2982392895340514,-1.169793146608634,.3586164849175693,.001186125641812,.001186125641812,.002817287630162,.002817287630162,38,21
dept_subset,conflict_dept_subset_067,Conflict-belt departments: APURIMAC + AYACUCHO + SAN MARTIN,bounded_department_subset,0,3,de,treat_23,2023,drop_rounding_band,adjacent_categories,p1_mserd,2431,584,322,262,242,342,67,175,255,87,12,51,100,134,24,24,1,1,0,-3.177777777777919,-3.021235167244356,,,,,.0011504461794784,.0011504461794784,.0030065515844376,.0030065515844376,38,20
dept_subset,conflict_dept_subset_069,Conflict-belt departments: APURIMAC + CUSCO + SAN MARTIN,bounded_department_subset,0,3,ab,treat_12,2012,drop_rounding_band,adjacent_categories,p1_mserd,1189,470,176,294,212,258,73,139,103,155,190,242,77,81,0,2,1,1,0,-.1303670616964923,-.1275383839359475,.2054644376734119,.5347758665596993,-.5302412818796095,.2751645140077145,.0468867679573523,.0468867679573523,.0654507616522448,.0654507616522448,99,50
dept_subset,conflict_dept_subset_069,Conflict-belt departments: APURIMAC + CUSCO + SAN MARTIN,bounded_department_subset,0,3,ab,treat_16,2016,drop_rounding_band,adjacent_categories,p1_mserd,1189,470,282,188,212,258,100,112,182,76,190,242,77,81,0,2,1,1,0,-.313444381314309,-.3262126854793892,.1888921216222276,.0841714747944583,-.6964344408223149,.0440090698635365,.0482959997022855,.0482959997022855,.0653889844017944,.0653889844017944,101,55
dept_subset,conflict_dept_subset_069,Conflict-belt departments: APURIMAC + CUSCO + SAN MARTIN,bounded_department_subset,0,3,ab,treat_23,2023,drop_rounding_band,adjacent_categories,p1_mserd,1189,470,419,51,212,258,183,29,236,22,190,242,77,81,0,2,1,1,0,.1058072591304211,.1479191678978284,.1418956200881707,.2972028382385182,-.1301911370389643,.4260294728346212,.048189639895542,.048189639895542,.0649907382747672,.0649907382747672,101,55
dept_subset,conflict_dept_subset_069,Conflict-belt departments: APURIMAC + CUSCO + SAN MARTIN,bounded_department_subset,0,3,bc,treat_12,2012,drop_rounding_band,adjacent_categories,p1_mserd,1189,467,132,335,254,213,58,196,74,139,152,191,90,77,0,2,1,1,0,.6265049916819355,.7541055432414612,.1818584388103073,.0000337356979025,.3976695528885777,1.110541533594345,.0088763511059955,.0088763511059955,.0156570123821125,.0156570123821125,45,34
dept_subset,conflict_dept_subset_069,Conflict-belt departments: APURIMAC + CUSCO + SAN MARTIN,bounded_department_subset,0,3,bc,treat_16,2016,drop_rounding_band,adjacent_categories,p1_mserd,1189,467,163,304,254,213,62,192,101,112,152,191,90,77,0,2,1,1,0,.8405592946325438,.9776704573749051,.1701045210653798,9.05892145884e-09,.644271722479326,1.311069192270484,.0079038836084648,.0079038836084648,.0142663368059914,.0142663368059914,40,32
dept_subset,conflict_dept_subset_069,Conflict-belt departments: APURIMAC + CUSCO + SAN MARTIN,bounded_department_subset,0,3,bc,treat_23,2023,drop_rounding_band,adjacent_categories,p1_mserd,1189,467,394,73,254,213,210,44,184,29,152,191,90,77,0,2,1,1,0,.0581424873338112,.0921046205215452,.199024524601114,.6435218845932638,-.297976279736844,.4821855207799345,.0145813270993536,.0145813270993536,.0236413098424525,.0236413098424525,66,45
dept_subset,conflict_dept_subset_069,Conflict-belt departments: APURIMAC + CUSCO + SAN MARTIN,bounded_department_subset,0,3,cd,treat_12,2012,drop_rounding_band,adjacent_categories,p1_mserd,1189,521,97,424,266,255,38,228,59,196,51,152,90,90,1,1,1,1,0,-.2636201386487799,-.3013623826944702,.3064740554718147,.3254494649305895,-.9020404936151574,.299315728226217,.0028372152377148,.0028372152377148,.0049938516596412,.0049938516596412,41,32
dept_subset,conflict_dept_subset_069,Conflict-belt departments: APURIMAC + CUSCO + SAN MARTIN,bounded_department_subset,0,3,cd,treat_16,2016,drop_rounding_band,adjacent_categories,p1_mserd,1189,521,104,417,266,255,41,225,63,192,51,152,90,90,1,1,1,1,0,-.3320553264131881,-.3752098710855777,.2968407227136325,.2062261606194176,-.9570069967491381,.2065872545779826,.0029963348856362,.0029963348856362,.0052015861205069,.0052015861205069,41,33
dept_subset,conflict_dept_subset_069,Conflict-belt departments: APURIMAC + CUSCO + SAN MARTIN,bounded_department_subset,0,3,cd,treat_23,2023,drop_rounding_band,adjacent_categories,p1_mserd,1189,521,403,118,266,255,193,73,210,45,51,152,90,90,1,1,1,1,0,-.2523531842612881,-.2934801887126279,.2130980478820139,.1684481632706704,-.7111446877371671,.1241843103119112,.0044127577660047,.0044127577660047,.0072583277427811,.0072583277427811,60,45
dept_subset,conflict_dept_subset_069,Conflict-belt departments: APURIMAC + CUSCO + SAN MARTIN,bounded_department_subset,0,3,de,treat_12,2012,drop_rounding_band,adjacent_categories,p1_mserd,1189,440,47,393,195,245,10,185,37,208,11,50,72,88,21,21,1,1,0,-.3562463289769946,-.5050792354300482,.2367123804996218,.0328652598439008,-.9690269759040482,-.0411314949560482,.0016066015553721,.0016066015553721,.003424751657014,.003424751657014,30,30
dept_subset,conflict_dept_subset_069,Conflict-belt departments: APURIMAC + CUSCO + SAN MARTIN,bounded_department_subset,0,3,de,treat_16,2016,drop_rounding_band,adjacent_categories,p1_mserd,1189,440,52,388,195,245,12,183,40,205,11,50,72,88,21,21,1,1,0,-.2986666666666515,-.5127420766108823,.4556377743175857,.2604499467576654,-1.405775704269339,.3802915510475746,.0012194886268234,.0012194886268234,.0030878196695707,.0030878196695707,27,18
dept_subset,conflict_dept_subset_069,Conflict-belt departments: APURIMAC + CUSCO + SAN MARTIN,bounded_department_subset,0,3,de,treat_23,2023,drop_rounding_band,adjacent_categories,p1_mserd,1189,440,228,212,195,245,44,151,184,61,11,50,72,88,21,21,1,1,1,,,,,,,,,,,,
dept_subset,conflict_dept_subset_070,Conflict-belt departments: AYACUCHO + CUSCO + SAN MARTIN,bounded_department_subset,0,3,ab,treat_12,2012,drop_rounding_band,adjacent_categories,p1_mserd,2091,1119,561,558,551,568,211,340,350,218,406,503,105,102,0,1,1,1,0,-.1350838417486628,-.1763599810600691,.194201482799792,.3638101174345132,-.5569878930919361,.2042679309717979,.0234825853026789,.0234825853026789,.0375717621383201,.0375717621383201,125,72
dept_subset,conflict_dept_subset_070,Conflict-belt departments: AYACUCHO + CUSCO + SAN MARTIN,bounded_department_subset,0,3,ab,treat_16,2016,drop_rounding_band,adjacent_categories,p1_mserd,2091,1119,736,383,551,568,268,283,468,100,406,503,105,102,0,1,1,1,0,-.1876535384307492,-.2389771237307103,.1626867457807061,.141848971660534,-.5578372862229179,.0798830387614972,.0197315760824346,.0197315760824346,.032697664576473,.032697664576473,98,61
dept_subset,conflict_dept_subset_070,Conflict-belt departments: AYACUCHO + CUSCO + SAN MARTIN,bounded_department_subset,0,3,ab,treat_23,2023,drop_rounding_band,adjacent_categories,p1_mserd,2091,1119,1002,117,551,568,481,70,521,47,406,503,105,102,0,1,1,1,0,.0473802480633108,.058606324254431,.107193044678261,.5845599397084433,-.1514881827081534,.2687008312170155,.0386591334914921,.0386591334914921,.0551652723091845,.0551652723091845,197,112
dept_subset,conflict_dept_subset_070,Conflict-belt departments: AYACUCHO + CUSCO + SAN MARTIN,bounded_department_subset,0,3,bc,treat_12,2012,drop_rounding_band,adjacent_categories,p1_mserd,2091,956,315,641,404,552,103,301,212,340,202,407,121,105,0,4,1,1,0,.0829598818292887,.0993704372650643,.1430778086785226,.4873559980914038,-.1810569147317523,.379797789261881,.0155531115001885,.0155531115001885,.0257773099251492,.0257773099251492,142,108
dept_subset,conflict_dept_subset_070,Conflict-belt departments: AYACUCHO + CUSCO + SAN MARTIN,bounded_department_subset,0,3,bc,treat_16,2016,drop_rounding_band,adjacent_categories,p1_mserd,2091,956,379,577,404,552,110,294,269,283,202,407,121,105,0,4,1,1,0,.2688916452816051,.3107579868476004,.1768899170241732,.0789540444538754,-.0359398797480576,.6574558534432584,.0125939226095163,.0125939226095163,.0213507483786455,.0213507483786455,112,86
dept_subset,conflict_dept_subset_070,Conflict-belt departments: AYACUCHO + CUSCO + SAN MARTIN,bounded_department_subset,0,3,bc,treat_23,2023,drop_rounding_band,adjacent_categories,p1_mserd,2091,956,834,122,404,552,352,52,482,70,202,407,121,105,0,4,1,1,0,-.0696546587829994,-.039361016795203,.1349534839513745,.7705438549401861,-.3038649849281012,.2251429513376952,.0142042254334989,.0142042254334989,.022380275822579,.022380275822579,128,97
dept_subset,conflict_dept_subset_070,Conflict-belt departments: AYACUCHO + CUSCO + SAN MARTIN,bounded_department_subset,0,3,cd,treat_12,2012,drop_rounding_band,adjacent_categories,p1_mserd,2091,733,142,591,327,406,38,289,104,302,49,202,111,122,2,2,1,1,0,-.0023429300206426,.0068591726313587,.3010613614477682,.9818231257529949,-.5832102529428623,.5969285982055798,.0029822470081721,.0029822470081721,.0051311687682474,.0051311687682474,44,44
dept_subset,conflict_dept_subset_070,Conflict-belt departments: AYACUCHO + CUSCO + SAN MARTIN,bounded_department_subset,0,3,cd,treat_16,2016,drop_rounding_band,adjacent_categories,p1_mserd,2091,733,154,579,327,406,43,284,111,295,49,202,111,122,2,2,1,1,0,.0678280922284477,.0836465405165173,.3064532238228427,.7848913169804087,-.5169907411224463,.6842838221554809,.0031689459407938,.0031689459407938,.0054123194216064,.0054123194216064,56,45
dept_subset,conflict_dept_subset_070,Conflict-belt departments: AYACUCHO + CUSCO + SAN MARTIN,bounded_department_subset,0,3,cd,treat_23,2023,drop_rounding_band,adjacent_categories,p1_mserd,2091,733,592,141,327,406,239,88,353,53,49,202,111,122,2,2,1,1,0,.0180174765535799,.0349385541185292,.1258536646897746,.7813098134387806,-.2117300959958092,.2816072042328676,.0052454387698821,.0052454387698821,.0079929215723025,.0079929215723025,102,72
dept_subset,conflict_dept_subset_070,Conflict-belt departments: AYACUCHO + CUSCO + SAN MARTIN,bounded_department_subset,0,3,de,treat_12,2012,drop_rounding_band,adjacent_categories,p1_mserd,2091,541,46,495,236,305,9,227,37,268,12,48,91,108,22,22,1,1,1,,,,,,,,,,,,
dept_subset,conflict_dept_subset_070,Conflict-belt departments: AYACUCHO + CUSCO + SAN MARTIN,bounded_department_subset,0,3,de,treat_16,2016,drop_rounding_band,adjacent_categories,p1_mserd,2091,541,53,488,236,305,11,225,42,263,12,48,91,108,22,22,1,1,0,-.1098039215686217,-.2614779732558219,.3114970344481321,.4012316249112459,-.8720009420651932,.3490449955535494,.0013100341969166,.0013100341969166,.0029332357800177,.0029332357800177,36,20
dept_subset,conflict_dept_subset_070,Conflict-belt departments: AYACUCHO + CUSCO + SAN MARTIN,bounded_department_subset,0,3,de,treat_23,2023,drop_rounding_band,adjacent_categories,p1_mserd,2091,541,292,249,236,305,64,172,228,77,12,48,91,108,22,22,1,1,0,-.0412264397195115,.0544977204509407,.3365112029120436,.8713458573614369,-.6050521176509148,.7140475585527962,.0023581613566042,.0023581613566042,.0043744234558631,.0043744234558631,72,61
dept_subset,conflict_dept_subset_073,Conflict-belt departments: APURIMAC + HUANCAVELICA + SAN MARTIN,bounded_department_subset,0,3,ab,treat_12,2012,drop_rounding_band,adjacent_categories,p1_mserd,1464,540,270,270,249,291,117,132,153,138,210,264,105,100,0,6,1,1,0,-.0804485002039628,-.1201883392017081,.2668870195500912,.6524695182372698,-.6432772854611241,.4029006070577078,.0402903122975582,.0402903122975582,.055654126257127,.055654126257127,87,49
dept_subset,conflict_dept_subset_073,Conflict-belt departments: APURIMAC + HUANCAVELICA + SAN MARTIN,bounded_department_subset,0,3,ab,treat_16,2016,drop_rounding_band,adjacent_categories,p1_mserd,1464,540,387,153,249,291,151,98,236,55,210,264,105,100,0,6,1,1,0,-.1835841251626635,-.1973228565776028,.2051898600804874,.3362204808729922,-.5994875923281709,.2048418791729653,.0484393766125889,.0484393766125889,.0649920634051377,.0649920634051377,109,62
dept_subset,conflict_dept_subset_073,Conflict-belt departments: APURIMAC + HUANCAVELICA + SAN MARTIN,bounded_department_subset,0,3,ab,treat_23,2023,drop_rounding_band,adjacent_categories,p1_mserd,1464,540,508,32,249,291,229,20,279,12,210,264,105,100,0,6,1,1,0,.1092367467491782,.1434465064252264,.0738143750857005,.0519749627270627,-.0012270102840772,.28812002313453,.0343634294226414,.0343634294226414,.0575038655463306,.0575038655463306,71,38
dept_subset,conflict_dept_subset_073,Conflict-belt departments: APURIMAC + HUANCAVELICA + SAN MARTIN,bounded_department_subset,0,3,bc,treat_12,2012,drop_rounding_band,adjacent_categories,p1_mserd,1464,608,220,388,354,254,99,255,121,133,171,211,129,106,0,1,1,1,0,.7829969342684412,.8908358345142829,.1609769415918729,3.13126127307e-08,.5753268266528042,1.206344842375762,.0068898692701572,.0068898692701572,.0129992912143455,.0129992912143455,48,25
dept_subset,conflict_dept_subset_073,Conflict-belt departments: APURIMAC + HUANCAVELICA + SAN MARTIN,bounded_department_subset,0,3,bc,treat_16,2016,drop_rounding_band,adjacent_categories,p1_mserd,1464,608,259,349,354,254,103,251,156,98,171,211,129,106,0,1,1,1,0,.9562964117192655,1.044294726852102,.1273229368958146,2.36543954536e-16,.7947463561304392,1.293843097573764,.0063702182464296,.0063702182464296,.0124431019788088,.0124431019788088,42,21
dept_subset,conflict_dept_subset_073,Conflict-belt departments: APURIMAC + HUANCAVELICA + SAN MARTIN,bounded_department_subset,0,3,bc,treat_23,2023,drop_rounding_band,adjacent_categories,p1_mserd,1464,608,547,61,354,254,313,41,234,20,171,211,129,106,0,1,1,1,0,.0748589775586475,.1019352157047999,.1217250714099212,.4023555748219328,-.1366415402742117,.3405119716838115,.0153769451502314,.0153769451502314,.0243890303143449,.0243890303143449,108,53
dept_subset,conflict_dept_subset_073,Conflict-belt departments: APURIMAC + HUANCAVELICA + SAN MARTIN,bounded_department_subset,0,3,cd,treat_12,2012,drop_rounding_band,adjacent_categories,p1_mserd,1464,688,157,531,333,355,56,277,101,254,54,171,124,128,2,1,1,1,0,-.3784262737796224,-.4251795970016444,.2347753589350828,.0701399141213181,-.8853308449718705,.0349716509685817,.0027846920416125,.0027846920416125,.0048628129331334,.0048628129331334,57,43
dept_subset,conflict_dept_subset_073,Conflict-belt departments: APURIMAC + HUANCAVELICA + SAN MARTIN,bounded_department_subset,0,3,cd,treat_16,2016,drop_rounding_band,adjacent_categories,p1_mserd,1464,688,165,523,333,355,60,273,105,250,54,171,124,128,2,1,1,1,0,-.4074426663467078,-.4560303709440272,.2347781484230656,.0520900888012777,-.9161870862102349,.0041263443221805,.0027869846875181,.0027869846875181,.0048996280345891,.0048996280345891,57,43
dept_subset,conflict_dept_subset_073,Conflict-belt departments: APURIMAC + HUANCAVELICA + SAN MARTIN,bounded_department_subset,0,3,cd,treat_23,2023,drop_rounding_band,adjacent_categories,p1_mserd,1464,688,572,116,333,355,258,75,314,41,54,171,124,128,2,1,1,1,0,-.2098579773129787,-.2501701208528879,.1359378533860949,.0657202232558393,-.51660341762532,.0162631759195442,.0041959673907921,.0041959673907921,.0079361949921556,.0079361949921556,81,62
dept_subset,conflict_dept_subset_073,Conflict-belt departments: APURIMAC + HUANCAVELICA + SAN MARTIN,bounded_department_subset,0,3,de,treat_12,2012,drop_rounding_band,adjacent_categories,p1_mserd,1464,536,68,468,229,307,13,216,55,252,11,54,95,122,27,27,1,1,0,-.161706831046814,-.2082469437759987,.1313602664339944,.1128955727075109,-.4657083349862135,.049214447434216,.0027283174785849,.0027283174785849,.0053096476313071,.0053096476313071,67,68
dept_subset,conflict_dept_subset_073,Conflict-belt departments: APURIMAC + HUANCAVELICA + SAN MARTIN,bounded_department_subset,0,3,de,treat_16,2016,drop_rounding_band,adjacent_categories,p1_mserd,1464,536,74,462,229,307,15,214,59,248,11,54,95,122,27,27,1,1,0,-.436799193899831,-.5846924953135211,.2561093863079972,.0224315721118945,-1.086657668579851,-.082727322047191,.0015303165114396,.0015303165114396,.0031508646125761,.0031508646125761,33,35
dept_subset,conflict_dept_subset_073,Conflict-belt departments: APURIMAC + HUANCAVELICA + SAN MARTIN,bounded_department_subset,0,3,de,treat_23,2023,drop_rounding_band,adjacent_categories,p1_mserd,1464,536,302,234,229,307,59,170,243,64,11,54,95,122,27,27,1,1,1,,,,,,,,,,,,
dept_subset,conflict_dept_subset_074,Conflict-belt departments: AYACUCHO + HUANCAVELICA + SAN MARTIN,bounded_department_subset,0,3,ab,treat_12,2012,drop_rounding_band,adjacent_categories,p1_mserd,2366,1189,655,534,588,601,255,333,400,201,422,526,133,121,0,5,1,1,0,-.1290053650420024,-.1811028704492631,.1991434363055645,.3631341743390679,-.5714168333657157,.2092110924671894,.0210115350129086,.0210115350129086,.0351515170727437,.0351515170727437,102,62
dept_subset,conflict_dept_subset_074,Conflict-belt departments: AYACUCHO + HUANCAVELICA + SAN MARTIN,bounded_department_subset,0,3,ab,treat_16,2016,drop_rounding_band,adjacent_categories,p1_mserd,2366,1189,841,348,588,601,319,269,522,79,422,526,133,121,0,5,1,1,0,-.1369791586206006,-.1986870249082262,.152876207355389,.1937176752683299,-.498318885417866,.1009448356014135,.018032745332995,.018032745332995,.0320791303559244,.0320791303559244,92,51
dept_subset,conflict_dept_subset_074,Conflict-belt departments: AYACUCHO + HUANCAVELICA + SAN MARTIN,bounded_department_subset,0,3,ab,treat_23,2023,drop_rounding_band,adjacent_categories,p1_mserd,2366,1189,1091,98,588,601,527,61,564,37,422,526,133,121,0,5,1,1,0,.029021373825822,.0404171432297022,.1027635212106854,.6940961192085264,-.1609956572677589,.2418299437271634,.0366395265889742,.0366395265889742,.053968621097155,.053968621097155,185,109
dept_subset,conflict_dept_subset_074,Conflict-belt departments: AYACUCHO + HUANCAVELICA + SAN MARTIN,bounded_department_subset,0,3,bc,treat_12,2012,drop_rounding_band,adjacent_categories,p1_mserd,2366,1097,403,694,504,593,144,360,259,334,214,423,160,134,0,3,1,1,0,.1550442796777424,.1969397972672196,.1900777954713808,.3001550176509036,-.1756058361174572,.5694854306518964,.0097984217996952,.0097984217996952,.0170570122427522,.0170570122427522,107,71
dept_subset,conflict_dept_subset_074,Conflict-belt departments: AYACUCHO + HUANCAVELICA + SAN MARTIN,bounded_department_subset,0,3,bc,treat_16,2016,drop_rounding_band,adjacent_categories,p1_mserd,2366,1097,475,622,504,593,151,353,324,269,214,423,160,134,0,3,1,1,0,.3216461410471531,.3629393842346738,.2033647075683707,.074314467475111,-.035648118325853,.7615268867952005,.0097329100626233,.0097329100626233,.0163529639419244,.0163529639419244,107,70
dept_subset,conflict_dept_subset_074,Conflict-belt departments: AYACUCHO + HUANCAVELICA + SAN MARTIN,bounded_department_subset,0,3,bc,treat_23,2023,drop_rounding_band,adjacent_categories,p1_mserd,2366,1097,987,110,504,593,455,49,532,61,214,423,160,134,0,3,1,1,0,.0143812345832084,.0489103451088977,.1126860704539505,.6642588590201268,-.1719502945401884,.2697709847579838,.0126387005191944,.0126387005191944,.0202070485728083,.0202070485728083,140,89
dept_subset,conflict_dept_subset_074,Conflict-belt departments: AYACUCHO + HUANCAVELICA + SAN MARTIN,bounded_department_subset,0,3,cd,treat_12,2012,drop_rounding_band,adjacent_categories,p1_mserd,2366,900,202,698,394,506,56,338,146,360,53,214,145,160,3,2,1,1,0,-.1801899975571607,-.19929409706721,.2396313928794961,.4055955765854548,-.6689629966761903,.2703748025417703,.0029755187071751,.0029755187071751,.0049521382132793,.0049521382132793,61,56
dept_subset,conflict_dept_subset_074,Conflict-belt departments: AYACUCHO + HUANCAVELICA + SAN MARTIN,bounded_department_subset,0,3,cd,treat_16,2016,drop_rounding_band,adjacent_categories,p1_mserd,2366,900,215,685,394,506,62,332,153,353,53,214,145,160,3,2,1,1,0,-.1189408824973601,-.1288516394808571,.2519695479845783,.6090865191688039,-.6227028787314675,.3649995997697532,.0030868579303622,.0030868579303622,.0051755557468842,.0051755557468842,62,59
dept_subset,conflict_dept_subset_074,Conflict-belt departments: AYACUCHO + HUANCAVELICA + SAN MARTIN,bounded_department_subset,0,3,cd,treat_23,2023,drop_rounding_band,adjacent_categories,p1_mserd,2366,900,761,139,394,506,304,90,457,49,53,214,145,160,3,2,1,1,0,-.0191469585840145,-.0299211409247064,.0727381584554251,.6808128931616784,-.1724853117991073,.1126430299496944,.0053408605952305,.0053408605952305,.0083741795527947,.0083741795527947,130,102
dept_subset,conflict_dept_subset_074,Conflict-belt departments: AYACUCHO + HUANCAVELICA + SAN MARTIN,bounded_department_subset,0,3,de,treat_12,2012,drop_rounding_band,adjacent_categories,p1_mserd,2366,637,67,570,270,367,12,258,55,312,12,53,114,142,28,28,1,1,0,-.2549507373868355,-.3559542475569184,.1398829049125804,.010938460137772,-.6301197032384169,-.0817887918754199,.0016785470779759,.0016785470779759,.0039377385679343,.0039377385679343,41,43
dept_subset,conflict_dept_subset_074,Conflict-belt departments: AYACUCHO + HUANCAVELICA + SAN MARTIN,bounded_department_subset,0,3,de,treat_16,2016,drop_rounding_band,adjacent_categories,p1_mserd,2366,637,75,562,270,367,14,256,61,306,12,53,114,142,28,28,1,1,1,,,,,,,,,,,,
dept_subset,conflict_dept_subset_074,Conflict-belt departments: AYACUCHO + HUANCAVELICA + SAN MARTIN,bounded_department_subset,0,3,de,treat_23,2023,drop_rounding_band,adjacent_categories,p1_mserd,2366,637,366,271,270,367,79,191,287,80,12,53,114,142,28,28,1,1,0,-3.239999999999554,-2.316481859862961,,,,,.0011673170104533,.0011673170104533,.002979177830672,.002979177830672,37,21
dept_subset,conflict_dept_subset_076,Conflict-belt departments: CUSCO + HUANCAVELICA + SAN MARTIN,bounded_department_subset,0,3,ab,treat_12,2012,drop_rounding_band,adjacent_categories,p1_mserd,1124,312,148,164,166,146,76,90,72,74,150,133,66,57,0,6,1,1,0,-.318597004097029,-.3858219970091742,.2458085073324267,.1165072856713141,-.8675978184742803,.0959538244559319,.0396577247927655,.0396577247927655,.056266588864174,.056266588864174,48,33
dept_subset,conflict_dept_subset_076,Conflict-belt departments: CUSCO + HUANCAVELICA + SAN MARTIN,bounded_department_subset,0,3,ab,treat_16,2016,drop_rounding_band,adjacent_categories,p1_mserd,1124,312,200,112,166,146,94,72,106,40,150,133,66,57,0,6,1,1,0,-.1904799084385262,-.2405278191218823,.2158237478949717,.2650801370968365,-.663534592004479,.1824789537607144,.0537023633212725,.0537023633212725,.075240908346122,.075240908346122,77,40
dept_subset,conflict_dept_subset_076,Conflict-belt departments: CUSCO + HUANCAVELICA + SAN MARTIN,bounded_department_subset,0,3,ab,treat_23,2023,drop_rounding_band,adjacent_categories,p1_mserd,1124,312,275,37,166,146,147,19,128,18,150,133,66,57,0,6,1,1,0,.118956972916693,.1492629866319273,.2043430458688258,.4651133446716554,-.2512420237621876,.5497679970260421,.0464339031037275,.0464339031037275,.0647053407589438,.0647053407589438,63,36
dept_subset,conflict_dept_subset_076,Conflict-belt departments: CUSCO + HUANCAVELICA + SAN MARTIN,bounded_department_subset,0,3,bc,treat_12,2012,drop_rounding_band,adjacent_categories,p1_mserd,1124,458,155,303,286,172,74,212,81,91,148,151,93,67,0,2,1,1,0,.4107012622801014,.5565318879905075,.2932788356654092,.0577461111792791,-.0182840673415356,1.131347843322551,.0078597662074302,.0078597662074302,.0145394714403856,.0145394714403856,46,22
dept_subset,conflict_dept_subset_076,Conflict-belt departments: CUSCO + HUANCAVELICA + SAN MARTIN,bounded_department_subset,0,3,bc,treat_16,2016,drop_rounding_band,adjacent_categories,p1_mserd,1124,458,179,279,286,172,79,207,100,72,148,151,93,67,0,2,1,1,0,.715076303077719,.8822500145116907,.2988524958686352,.0031559483668127,.2965098859192606,1.467990143104121,.0069814306261744,.0069814306261744,.0135004268823594,.0135004268823594,39,17
dept_subset,conflict_dept_subset_076,Conflict-belt departments: CUSCO + HUANCAVELICA + SAN MARTIN,bounded_department_subset,0,3,bc,treat_23,2023,drop_rounding_band,adjacent_categories,p1_mserd,1124,458,407,51,286,172,254,32,153,19,148,151,93,67,0,2,1,1,0,-.1835305391923454,-.2072999598862866,.170581505760249,.2242690009435898,-.5416335676049864,.1270336478324132,.0209757333253173,.0209757333253173,.0302321065908137,.0302321065908137,125,58
dept_subset,conflict_dept_subset_076,Conflict-belt departments: CUSCO + HUANCAVELICA + SAN MARTIN,bounded_department_subset,0,3,cd,treat_12,2012,drop_rounding_band,adjacent_categories,p1_mserd,1124,583,119,464,294,289,43,251,76,213,51,149,98,94,1,0,1,1,0,-.4387341768094116,-.4971707121138808,.2357354284179338,.0349428630706703,-.9592036616931509,-.0351377625346108,.0026196384906499,.0026196384906499,.0048761765029436,.0048761765029436,40,34
dept_subset,conflict_dept_subset_076,Conflict-belt departments: CUSCO + HUANCAVELICA + SAN MARTIN,bounded_department_subset,0,3,cd,treat_16,2016,drop_rounding_band,adjacent_categories,p1_mserd,1124,583,128,455,294,289,47,247,81,208,51,149,98,94,1,0,1,1,0,-.4707693323197784,-.5329211830115369,.2309519820765601,.021027086559077,-.9855787500397346,-.0802636159833392,.0026807771265145,.0026807771265145,.0050424099006721,.0050424099006721,40,34
dept_subset,conflict_dept_subset_076,Conflict-belt departments: CUSCO + HUANCAVELICA + SAN MARTIN,bounded_department_subset,0,3,cd,treat_23,2023,drop_rounding_band,adjacent_categories,p1_mserd,1124,583,487,96,294,289,231,63,256,33,51,149,98,94,1,0,1,1,0,4.57096741435e-06,.0137364603001853,.1394768536918226,.9215467134287672,-.2596331496127494,.28710607021312,.0042131815704031,.0042131815704031,.0061215444537392,.0061215444537392,65,55
dept_subset,conflict_dept_subset_076,Conflict-belt departments: CUSCO + HUANCAVELICA + SAN MARTIN,bounded_department_subset,0,3,de,treat_12,2012,drop_rounding_band,adjacent_categories,p1_mserd,1124,493,53,440,223,270,11,212,42,228,11,51,86,96,25,25,1,1,0,-.1633601108116651,-.2252314222379542,.1262275763107225,.0743703528180264,-.4726329256627515,.0221700811868432,.0022579045330937,.0022579045330937,.0047782947681687,.0047782947681687,62,55
dept_subset,conflict_dept_subset_076,Conflict-belt departments: CUSCO + HUANCAVELICA + SAN MARTIN,bounded_department_subset,0,3,de,treat_16,2016,drop_rounding_band,adjacent_categories,p1_mserd,1124,493,59,434,223,270,13,210,46,224,11,51,86,96,25,25,1,1,0,-.3511442880163774,-.4964251573142364,.2363852356154088,.0357228269192366,-.9597317055974524,-.0331186090310204,.0014864292390895,.0014864292390895,.0031385309175197,.0031385309175197,30,32
dept_subset,conflict_dept_subset_076,Conflict-belt departments: CUSCO + HUANCAVELICA + SAN MARTIN,bounded_department_subset,0,3,de,treat_23,2023,drop_rounding_band,adjacent_categories,p1_mserd,1124,493,272,221,223,270,56,167,216,54,11,51,86,96,25,25,1,1,1,,,,,,,,,,,,
dept_subset,conflict_dept_subset_081,Conflict-belt departments: APURIMAC + HUANUCO + SAN MARTIN,bounded_department_subset,0,3,ab,treat_12,2012,drop_rounding_band,adjacent_categories,p1_mserd,1901,698,298,400,326,372,129,197,169,203,268,345,110,104,0,1,1,1,0,-.0182717174378023,-.0664221182113595,.2050952535854353,.7460441415924103,-.4684014286389219,.335557192216203,.0345081879430112,.0345081879430112,.050566370940327,.050566370940327,90,56
dept_subset,conflict_dept_subset_081,Conflict-belt departments: APURIMAC + HUANUCO + SAN MARTIN,bounded_department_subset,0,3,ab,treat_16,2016,drop_rounding_band,adjacent_categories,p1_mserd,1901,698,432,266,326,372,162,164,270,102,268,345,110,104,0,1,1,1,0,-.3848557654793219,-.4416181263555961,.2296094322728928,.0544367515289146,-.8916443441211546,.0084080914099624,.0328643597789981,.0328643597789981,.0525863232317274,.0525863232317274,87,54
dept_subset,conflict_dept_subset_081,Conflict-belt departments: APURIMAC + HUANUCO + SAN MARTIN,bounded_department_subset,0,3,ab,treat_23,2023,drop_rounding_band,adjacent_categories,p1_mserd,1901,698,621,77,326,372,281,45,340,32,268,345,110,104,0,1,1,1,0,-.0167175138060096,-.017556094686785,.1217346561901228,.8853298451626923,-.2561516364897916,.2210394471162216,.0575286901328843,.0575286901328843,.0649099161714547,.0649099161714547,171,96
dept_subset,conflict_dept_subset_081,Conflict-belt departments: APURIMAC + HUANUCO + SAN MARTIN,bounded_department_subset,0,3,bc,treat_12,2012,drop_rounding_band,adjacent_categories,p1_mserd,1901,769,272,497,443,326,143,300,129,197,214,268,143,110,0,2,1,1,0,.1659859107856766,.1849088823968241,.1839669757569957,.314839081924444,-.1756597644316407,.5454775292252888,.0139620177450893,.0139620177450893,.0222939954054023,.0222939954054023,120,83
dept_subset,conflict_dept_subset_081,Conflict-belt departments: APURIMAC + HUANUCO + SAN MARTIN,bounded_department_subset,0,3,bc,treat_16,2016,drop_rounding_band,adjacent_categories,p1_mserd,1901,769,309,460,443,326,147,296,162,164,214,268,143,110,0,2,1,1,0,.2413067849178234,.2617607432285775,.1717982296379587,.1275956266341814,-.0749575994695631,.5984790859267179,.0151575946330322,.0151575946330322,.0240137618460282,.0240137618460282,134,92
dept_subset,conflict_dept_subset_081,Conflict-belt departments: APURIMAC + HUANUCO + SAN MARTIN,bounded_department_subset,0,3,bc,treat_23,2023,drop_rounding_band,adjacent_categories,p1_mserd,1901,769,662,107,443,326,381,62,281,45,214,268,143,110,0,2,1,1,0,.1119810624290334,.1219944676946725,.1400606907249934,.3837478919972519,-.1525194417761176,.3965083771654626,.0151299511878907,.0151299511878907,.0248052200287973,.0248052200287973,134,92
dept_subset,conflict_dept_subset_081,Conflict-belt departments: APURIMAC + HUANUCO + SAN MARTIN,bounded_department_subset,0,3,cd,treat_12,2012,drop_rounding_band,adjacent_categories,p1_mserd,1901,903,215,688,459,444,71,388,144,300,54,214,139,142,1,1,1,1,0,-.0903586982341393,-.1229373484441112,.1997105596956839,.5381733343016435,-.5143628527799881,.2684881558917657,.003415394523613,.003415394523613,.0054009629477777,.0054009629477777,88,68
dept_subset,conflict_dept_subset_081,Conflict-belt departments: APURIMAC + HUANUCO + SAN MARTIN,bounded_department_subset,0,3,cd,treat_16,2016,drop_rounding_band,adjacent_categories,p1_mserd,1901,903,223,680,459,444,75,384,148,296,54,214,139,142,1,1,1,1,0,-.0428921359147858,-.0728068089141842,.2121261980329223,.7314299268822593,-.488566517236123,.3429528994077546,.0038130663421347,.0038130663421347,.0058129126979732,.0058129126979732,99,77
dept_subset,conflict_dept_subset_081,Conflict-belt departments: APURIMAC + HUANUCO + SAN MARTIN,bounded_department_subset,0,3,cd,treat_23,2023,drop_rounding_band,adjacent_categories,p1_mserd,1901,903,714,189,459,444,332,127,382,62,54,214,139,142,1,1,1,1,0,-.0598544404416264,-.0918037619118151,.1358024734576543,.4990346147335429,-.357971718900274,.1743641950766439,.0050841846162218,.0050841846162218,.0081309811979612,.0081309811979612,130,105
dept_subset,conflict_dept_subset_081,Conflict-belt departments: APURIMAC + HUANUCO + SAN MARTIN,bounded_department_subset,0,3,de,treat_12,2012,drop_rounding_band,adjacent_categories,p1_mserd,1901,724,80,644,298,426,11,287,69,357,11,53,102,137,33,33,1,1,0,-.2102362414242056,-.2838900611997668,.1754182863895997,.1055848857607224,-.6277035847531149,.0599234623535814,.0017772907331819,.0017772907331819,.0032987214264631,.0032987214264631,45,61
dept_subset,conflict_dept_subset_081,Conflict-belt departments: APURIMAC + HUANUCO + SAN MARTIN,bounded_department_subset,0,3,de,treat_16,2016,drop_rounding_band,adjacent_categories,p1_mserd,1901,724,86,638,298,426,13,285,73,353,11,53,102,137,33,33,1,1,0,-.1180941814605355,-.1483764761551404,.1635161957471086,.364189231275763,-.4688623307084748,.172109378398194,.0019348121860706,.0019348121860706,.0035796957723584,.0035796957723584,79,96
dept_subset,conflict_dept_subset_081,Conflict-belt departments: APURIMAC + HUANUCO + SAN MARTIN,bounded_department_subset,0,3,de,treat_23,2023,drop_rounding_band,adjacent_categories,p1_mserd,1901,724,386,338,298,426,69,229,317,109,11,53,102,137,33,33,1,1,0,1.306249999999995,1.185073776782744,28174985.46175999,.9999999664400157,-55221955.58491541,55221957.95506296,.0010152657551607,.0010152657551607,.0028683506269945,.0028683506269945,40,33
dept_subset,conflict_dept_subset_082,Conflict-belt departments: AYACUCHO + HUANUCO + SAN MARTIN,bounded_department_subset,0,3,ab,treat_12,2012,drop_rounding_band,adjacent_categories,p1_mserd,2803,1347,683,664,665,682,267,398,416,266,460,595,138,125,0,0,1,1,0,-.0746706949408648,-.1175082574973055,.1906537777521255,.5376676933573994,-.4911827954079752,.2561662804133641,.0219414079254361,.0219414079254361,.0351846203200562,.0351846203200562,118,79
dept_subset,conflict_dept_subset_082,Conflict-belt departments: AYACUCHO + HUANUCO + SAN MARTIN,bounded_department_subset,0,3,ab,treat_16,2016,drop_rounding_band,adjacent_categories,p1_mserd,2803,1347,886,461,665,682,330,335,556,126,460,595,138,125,0,0,1,1,0,-.2538975224673286,-.3073751117191237,.1870986819497116,.1004139256615503,-.6740817898954727,.0593315664572253,.0183046207789813,.0183046207789813,.0303328093856839,.0303328093856839,104,64
dept_subset,conflict_dept_subset_082,Conflict-belt departments: AYACUCHO + HUANUCO + SAN MARTIN,bounded_department_subset,0,3,ab,treat_23,2023,drop_rounding_band,adjacent_categories,p1_mserd,2803,1347,1204,143,665,682,579,86,625,57,460,595,138,125,0,0,1,1,0,-.0066799239214244,-.0049451429105793,.0937055022403537,.9579125835789479,-.1886045524549099,.1787142666337512,.0454807370786695,.0454807370786695,.0597380283733775,.0597380283733775,268,158
dept_subset,conflict_dept_subset_082,Conflict-belt departments: AYACUCHO + HUANUCO + SAN MARTIN,bounded_department_subset,0,3,bc,treat_12,2012,drop_rounding_band,adjacent_categories,p1_mserd,2803,1258,455,803,593,665,188,405,267,398,250,460,174,138,0,4,1,1,0,-.014970857698499,-.0174925147160524,.1702908062226274,.9181840668674979,-.3512563618106913,.3162713323785865,.0113982462834482,.0113982462834482,.0188023932651862,.0188023932651862,143,111
dept_subset,conflict_dept_subset_082,Conflict-belt departments: AYACUCHO + HUANUCO + SAN MARTIN,bounded_department_subset,0,3,bc,treat_16,2016,drop_rounding_band,adjacent_categories,p1_mserd,2803,1258,525,733,593,665,195,398,330,335,250,460,174,138,0,4,1,1,0,.1152398704532319,.1077118970871911,.1630563577406242,.5088811938710021,-.2118726915347111,.4272964857090932,.0126817115869481,.0126817115869481,.0205319306605859,.0205319306605859,165,123
dept_subset,conflict_dept_subset_082,Conflict-belt departments: AYACUCHO + HUANUCO + SAN MARTIN,bounded_department_subset,0,3,bc,treat_23,2023,drop_rounding_band,adjacent_categories,p1_mserd,2803,1258,1102,156,593,665,523,70,579,86,250,460,174,138,0,4,1,1,0,.007275885307684,.0210569285929074,.1089477687294282,.8467432550091742,-.192476774312771,.2345906314985858,.0149221664496362,.0149221664496362,.0236066663043838,.0236066663043838,201,149
dept_subset,conflict_dept_subset_082,Conflict-belt departments: AYACUCHO + HUANUCO + SAN MARTIN,bounded_department_subset,0,3,cd,treat_12,2012,drop_rounding_band,adjacent_categories,p1_mserd,2803,1115,260,855,520,595,71,449,189,406,53,250,160,174,2,2,1,1,0,.0310337818793358,.0289475728278578,.1981289691628191,.8838387392510131,-.3593780710253147,.4172732166810302,.0034280675457913,.0034280675457913,.0053540199942361,.0053540199942361,97,81
dept_subset,conflict_dept_subset_082,Conflict-belt departments: AYACUCHO + HUANUCO + SAN MARTIN,bounded_department_subset,0,3,cd,treat_16,2016,drop_rounding_band,adjacent_categories,p1_mserd,2803,1115,273,842,520,595,77,443,196,399,53,250,160,174,2,2,1,1,0,.139657550024168,.1490701938832935,.2082957871707697,.4741976658282129,-.2591820471028353,.5573224348694221,.0037323688207368,.0037323688207368,.0057437542766242,.0057437542766242,113,90
dept_subset,conflict_dept_subset_082,Conflict-belt departments: AYACUCHO + HUANUCO + SAN MARTIN,bounded_department_subset,0,3,cd,treat_23,2023,drop_rounding_band,adjacent_categories,p1_mserd,2803,1115,903,212,520,595,378,142,525,70,53,250,160,174,2,2,1,1,0,.0557540271827546,.0687640008160331,.1013304554935439,.4973841267529622,-.1298400424883519,.267368044120418,.0053888658172099,.0053888658172099,.008037409656193,.008037409656193,162,128
dept_subset,conflict_dept_subset_082,Conflict-belt departments: AYACUCHO + HUANUCO + SAN MARTIN,bounded_department_subset,0,3,de,treat_12,2012,drop_rounding_band,adjacent_categories,p1_mserd,2803,825,79,746,339,486,10,329,69,417,12,52,121,157,34,34,1,1,0,-.1723809523809479,-.2237422213975107,.1703966294826641,.1891603125643473,-.5577134782705482,.1102290354755268,.0013691816948635,.0013691816948635,.0028787825587017,.0028787825587017,51,36
dept_subset,conflict_dept_subset_082,Conflict-belt departments: AYACUCHO + HUANUCO + SAN MARTIN,bounded_department_subset,0,3,de,treat_16,2016,drop_rounding_band,adjacent_categories,p1_mserd,2803,825,87,738,339,486,12,327,75,411,12,52,121,157,34,34,1,1,0,-.1709241187838426,-.2218513467034328,.140159922200412,.1134569360296452,-.4965597462921763,.0528570528853107,.0017904971798924,.0017904971798924,.003478378375355,.003478378375355,53,69
dept_subset,conflict_dept_subset_082,Conflict-belt departments: AYACUCHO + HUANUCO + SAN MARTIN,bounded_department_subset,0,3,de,treat_23,2023,drop_rounding_band,adjacent_categories,p1_mserd,2803,825,450,375,339,486,89,250,361,125,12,52,121,157,34,34,1,1,0,-.0743375928188938,.0269964516620687,.3034121570804243,.9291008485926135,-.5676804486871724,.6216733520113097,.0019509123538566,.0019509123538566,.0032856568522334,.0032856568522334,98,105
dept_subset,conflict_dept_subset_084,Conflict-belt departments: CUSCO + HUANUCO + SAN MARTIN,bounded_department_subset,0,3,ab,treat_12,2012,drop_rounding_band,adjacent_categories,p1_mserd,1561,470,176,294,243,227,88,155,88,139,207,217,71,61,0,1,1,1,0,-.0351283246729929,-.0835996949054132,.1743728618518085,.6316322915716691,-.425364224016136,.2581648342053097,.038381615862103,.038381615862103,.0565688612259813,.0565688612259813,68,55
dept_subset,conflict_dept_subset_084,Conflict-belt departments: CUSCO + HUANUCO + SAN MARTIN,bounded_department_subset,0,3,ab,treat_16,2016,drop_rounding_band,adjacent_categories,p1_mserd,1561,470,245,225,243,227,105,138,140,87,207,217,71,61,0,1,1,1,0,-.329559271713029,-.3965187046220412,.2426468639667192,.1022296666068501,-.8720978189584004,.079060409714318,.0284459888259066,.0284459888259066,.0483632845634351,.0483632845634351,46,44
dept_subset,conflict_dept_subset_084,Conflict-belt departments: CUSCO + HUANUCO + SAN MARTIN,bounded_department_subset,0,3,ab,treat_23,2023,drop_rounding_band,adjacent_categories,p1_mserd,1561,470,388,82,243,227,199,44,189,38,207,217,71,61,0,1,1,1,0,.0109822063755496,-.0236189731625875,.1794318063348317,.8952753485861027,-.3752988512598236,.3280609049346485,.0352399423824311,.0352399423824311,.0470556134526245,.0470556134526245,58,45
dept_subset,conflict_dept_subset_084,Conflict-belt departments: CUSCO + HUANUCO + SAN MARTIN,bounded_department_subset,0,3,bc,treat_12,2012,drop_rounding_band,adjacent_categories,p1_mserd,1561,619,207,412,375,244,118,257,89,155,194,208,107,71,0,3,1,1,0,-.12397709312243,-.1437175684935346,.2663966394344843,.589550749007832,-.6658453873876263,.3784102504005572,.0103630559479338,.0103630559479338,.0173037342754847,.0173037342754847,67,57
dept_subset,conflict_dept_subset_084,Conflict-belt departments: CUSCO + HUANUCO + SAN MARTIN,bounded_department_subset,0,3,bc,treat_16,2016,drop_rounding_band,adjacent_categories,p1_mserd,1561,619,229,390,375,244,123,252,106,138,194,208,107,71,0,3,1,1,0,-.0092582404171457,-.0255901104451461,.2607292921375061,.9218146149986892,-.5366101327492803,.485429911858988,.0110674671463514,.0110674671463514,.0181047740741205,.0181047740741205,74,61
dept_subset,conflict_dept_subset_084,Conflict-belt departments: CUSCO + HUANUCO + SAN MARTIN,bounded_department_subset,0,3,bc,treat_23,2023,drop_rounding_band,adjacent_categories,p1_mserd,1561,619,522,97,375,244,322,53,200,44,194,208,107,71,0,3,1,1,0,-.0463302400806904,-.0608098186161781,.1706369904310776,.7215638689903348,-.3952521742913958,.2736325370590397,.0153390900690717,.0153390900690717,.0246385044941098,.0246385044941098,106,79
dept_subset,conflict_dept_subset_084,Conflict-belt departments: CUSCO + HUANUCO + SAN MARTIN,bounded_department_subset,0,3,cd,treat_12,2012,drop_rounding_band,adjacent_categories,p1_mserd,1561,798,177,621,420,378,58,362,119,259,51,195,113,108,0,0,1,1,0,-.0715887706377771,-.1156931688384942,.2140011957504422,.5887700374397016,-.5351278051578668,.3037414674808784,.0034079446192231,.0034079446192231,.0055725153183232,.0055725153183232,72,62
dept_subset,conflict_dept_subset_084,Conflict-belt departments: CUSCO + HUANUCO + SAN MARTIN,bounded_department_subset,0,3,cd,treat_16,2016,drop_rounding_band,adjacent_categories,p1_mserd,1561,798,186,612,420,378,62,358,124,254,51,195,113,108,0,0,1,1,0,-.0047105782428654,-.0436721840411529,.2393688016764422,.8552317333142905,-.5128264143494905,.4254820462671847,.0038039319686669,.0038039319686669,.0061606472065065,.0061606472065065,82,70
dept_subset,conflict_dept_subset_084,Conflict-belt departments: CUSCO + HUANUCO + SAN MARTIN,bounded_department_subset,0,3,cd,treat_23,2023,drop_rounding_band,adjacent_categories,p1_mserd,1561,798,629,169,420,378,305,115,324,54,51,195,113,108,0,0,1,1,0,.0783512595284048,.1065537646574666,.1420840957404935,.4532941574377496,-.1719259457698415,.3850334750847747,.00422872122192,.00422872122192,.0059852208451335,.0059852208451335,89,75
dept_subset,conflict_dept_subset_084,Conflict-belt departments: CUSCO + HUANUCO + SAN MARTIN,bounded_department_subset,0,3,de,treat_12,2012,drop_rounding_band,adjacent_categories,p1_mserd,1561,681,65,616,292,389,9,283,56,333,11,50,93,111,31,31,1,1,0,-.1698474464371709,-.2680596590936506,.195023072723088,.1692858013545015,-.6502978577852387,.1141785395979376,.0015030756668622,.0015030756668622,.0030926577385516,.0030926577385516,42,58
dept_subset,conflict_dept_subset_084,Conflict-belt departments: CUSCO + HUANUCO + SAN MARTIN,bounded_department_subset,0,3,de,treat_16,2016,drop_rounding_band,adjacent_categories,p1_mserd,1561,681,71,610,292,389,11,281,60,329,11,50,93,111,31,31,1,1,0,-.071104305973459,-.092340235855323,.1317939070110445,.4835269850108005,-.3506515469787911,.1659710752681451,.0022825827394167,.0022825827394167,.0044933866267588,.0044933866267588,79,91
dept_subset,conflict_dept_subset_084,Conflict-belt departments: CUSCO + HUANUCO + SAN MARTIN,bounded_department_subset,0,3,de,treat_23,2023,drop_rounding_band,adjacent_categories,p1_mserd,1561,681,356,325,292,389,66,226,290,99,11,50,93,111,31,31,1,1,0,1.05333333333332,1.275274393229989,,,,,.0010319637379673,.0010319637379673,.0029601801523177,.0029601801523177,38,31
dept_subset,conflict_dept_subset_088,Conflict-belt departments: HUANCAVELICA + HUANUCO + SAN MARTIN,bounded_department_subset,0,3,ab,treat_12,2012,drop_rounding_band,adjacent_categories,p1_mserd,1836,540,270,270,280,260,132,148,138,122,230,240,99,80,0,5,1,1,0,-.1048374551680065,-.1802226971889902,.260317377190444,.4887369461548406,-.6904353810321888,.3299899866542084,.0284846734819925,.0284846734819925,.0432926073302697,.0432926073302697,49,45
dept_subset,conflict_dept_subset_088,Conflict-belt departments: HUANCAVELICA + HUANUCO + SAN MARTIN,bounded_department_subset,0,3,ab,treat_16,2016,drop_rounding_band,adjacent_categories,p1_mserd,1836,540,350,190,280,260,156,124,194,66,230,240,99,80,0,5,1,1,0,-.2700094385916583,-.3354690069778979,.2659901452081051,.2072337709520758,-.856800111828363,.1858620978725671,.0317103839401337,.0317103839401337,.0515156724873826,.0515156724873826,54,45
dept_subset,conflict_dept_subset_088,Conflict-belt departments: HUANCAVELICA + HUANUCO + SAN MARTIN,bounded_department_subset,0,3,ab,treat_23,2023,drop_rounding_band,adjacent_categories,p1_mserd,1836,540,477,63,280,260,245,35,232,28,230,240,99,80,0,5,1,1,0,-.0322810887755085,-.0618653121190513,.1523533638890816,.6846951144526712,-.3604724182651763,.2367417940270737,.0495135249490436,.0495135249490436,.0608432691608334,.0608432691608334,104,71
dept_subset,conflict_dept_subset_088,Conflict-belt departments: HUANCAVELICA + HUANUCO + SAN MARTIN,bounded_department_subset,0,3,bc,treat_12,2012,drop_rounding_band,adjacent_categories,p1_mserd,1836,760,295,465,475,285,159,316,136,149,214,231,146,100,0,2,1,1,0,-.0253445761723882,-.0309036860531184,.1789548400586814,.8628952155710807,-.3816487274272596,.3198413553210228,.0146129226837496,.0146129226837496,.0230804922075615,.0230804922075615,134,82
dept_subset,conflict_dept_subset_088,Conflict-belt departments: HUANCAVELICA + HUANUCO + SAN MARTIN,bounded_department_subset,0,3,bc,treat_16,2016,drop_rounding_band,adjacent_categories,p1_mserd,1836,760,325,435,475,285,164,311,161,124,214,231,146,100,0,2,1,1,0,.0934604487061487,.1148965973833698,.1966208762445819,.558980793552585,-.2704732386647177,.5002664334314573,.0127908421722654,.0127908421722654,.0207635077370023,.0207635077370023,120,71
dept_subset,conflict_dept_subset_088,Conflict-belt departments: HUANCAVELICA + HUANUCO + SAN MARTIN,bounded_department_subset,0,3,bc,treat_23,2023,drop_rounding_band,adjacent_categories,p1_mserd,1836,760,675,85,475,285,425,50,250,35,214,231,146,100,0,2,1,1,0,-.0110489886556437,-.0226227163951813,.136415015357362,.8682848842566639,-.2899912334460892,.2447458006557265,.0144591518091788,.0144591518091788,.0228897374304431,.0228897374304431,133,78
dept_subset,conflict_dept_subset_088,Conflict-belt departments: HUANCAVELICA + HUANUCO + SAN MARTIN,bounded_department_subset,0,3,cd,treat_12,2012,drop_rounding_band,adjacent_categories,p1_mserd,1836,965,237,728,487,478,76,411,161,317,53,215,147,146,1,0,1,1,0,-.1627551699326266,-.2051422675844216,.1791981042657659,.2523006217820346,-.5563640980431761,.1460795628743329,.0033493634745063,.0033493634745063,.005505347424589,.005505347424589,90,76
dept_subset,conflict_dept_subset_088,Conflict-belt departments: HUANCAVELICA + HUANUCO + SAN MARTIN,bounded_department_subset,0,3,cd,treat_16,2016,drop_rounding_band,adjacent_categories,p1_mserd,1836,965,247,718,487,478,81,406,166,312,53,215,147,146,1,0,1,1,0,-.102164381922334,-.1402982507915529,.1964883562602923,.4752096681665469,-.5254083524432009,.244811850860095,.0037033405778082,.0037033405778082,.0058568411115551,.0058568411115551,96,87
dept_subset,conflict_dept_subset_088,Conflict-belt departments: HUANCAVELICA + HUANUCO + SAN MARTIN,bounded_department_subset,0,3,cd,treat_23,2023,drop_rounding_band,adjacent_categories,p1_mserd,1836,965,798,167,487,478,370,117,428,50,53,215,147,146,1,0,1,1,0,.0500456323759029,.0559264762813432,.1062919433497271,.5987776488981151,-.1524019045308936,.2642548570935799,.004521241462028,.004521241462028,.0062301811500317,.0062301811500317,127,106
dept_subset,conflict_dept_subset_088,Conflict-belt departments: HUANCAVELICA + HUANUCO + SAN MARTIN,bounded_department_subset,0,3,de,treat_12,2012,drop_rounding_band,adjacent_categories,p1_mserd,1836,777,86,691,326,451,12,314,74,377,11,53,116,145,37,37,1,1,0,-.1352898956871422,-.1942755785665725,.141516056404533,.1698093970357442,-.4716419523535961,.083090795220451,.00184662434993,.00184662434993,.0036210738828212,.0036210738828212,89,63
dept_subset,conflict_dept_subset_088,Conflict-belt departments: HUANCAVELICA + HUANUCO + SAN MARTIN,bounded_department_subset,0,3,de,treat_16,2016,drop_rounding_band,adjacent_categories,p1_mserd,1836,777,93,684,326,451,14,312,79,372,11,53,116,145,37,37,1,1,0,-.1519917136805455,-.1856401675607997,.1540972982173416,.2283212602222449,-.4876653221817175,.1163849870601181,.0018374356274004,.0018374356274004,.0033760872958044,.0033760872958044,89,63
dept_subset,conflict_dept_subset_088,Conflict-belt departments: HUANCAVELICA + HUANUCO + SAN MARTIN,bounded_department_subset,0,3,de,treat_23,2023,drop_rounding_band,adjacent_categories,p1_mserd,1836,777,430,347,326,451,81,245,349,102,11,53,116,145,37,37,1,1,1,,,,,,,,,,,,
dept_subset,conflict_dept_subset_097,Conflict-belt departments: APURIMAC + JUNIN + SAN MARTIN,bounded_department_subset,0,3,ab,treat_12,2012,drop_rounding_band,adjacent_categories,p1_mserd,1801,699,324,375,342,357,139,203,185,172,271,320,110,109,0,4,1,1,0,.0964697580328526,.0560717831652895,.2312366196503517,.8084031338061481,-.3971436632561867,.5092872295867656,.0400322193473769,.0400322193473769,.0521741131675201,.0521741131675201,120,61
dept_subset,conflict_dept_subset_097,Conflict-belt departments: APURIMAC + JUNIN + SAN MARTIN,bounded_department_subset,0,3,ab,treat_16,2016,drop_rounding_band,adjacent_categories,p1_mserd,1801,699,455,244,342,357,176,166,279,78,271,320,110,109,0,4,1,1,0,.0410650794423832,.0184107996336591,.1769027820595568,.9171114335258064,-.3283122819680105,.3651338812353287,.0403944285188839,.0403944285188839,.0526789594188358,.0526789594188358,121,62
dept_subset,conflict_dept_subset_097,Conflict-belt departments: APURIMAC + JUNIN + SAN MARTIN,bounded_department_subset,0,3,ab,treat_23,2023,drop_rounding_band,adjacent_categories,p1_mserd,1801,699,640,59,342,357,300,42,340,17,271,320,110,109,0,4,1,1,0,.0801325694257418,.1004069271424319,.0552814511419843,.0693265078814894,-.007942726108968,.2087565803938318,.0383306242350205,.0383306242350205,.0589823987592618,.0589823987592618,109,56
dept_subset,conflict_dept_subset_097,Conflict-belt departments: APURIMAC + JUNIN + SAN MARTIN,bounded_department_subset,0,3,bc,treat_12,2012,drop_rounding_band,adjacent_categories,p1_mserd,1801,752,257,495,407,345,116,291,141,204,193,272,140,110,0,1,1,1,0,.1351501680533769,.1507185359283929,.1873903559707066,.4212222814375997,-.2165598128243322,.517996884681118,.0137299848024459,.0137299848024459,.0210178700218993,.0210178700218993,85,78
dept_subset,conflict_dept_subset_097,Conflict-belt departments: APURIMAC + JUNIN + SAN MARTIN,bounded_department_subset,0,3,bc,treat_16,2016,drop_rounding_band,adjacent_categories,p1_mserd,1801,752,297,455,407,345,119,288,178,167,193,272,140,110,0,1,1,1,0,.3159858609171159,.3555546668493991,.1823780404821945,.0512300669126273,-.0018997240666901,.7130090577654882,.0132487875885316,.0132487875885316,.0210489170327979,.0210489170327979,85,75
dept_subset,conflict_dept_subset_097,Conflict-belt departments: APURIMAC + JUNIN + SAN MARTIN,bounded_department_subset,0,3,bc,treat_23,2023,drop_rounding_band,adjacent_categories,p1_mserd,1801,752,640,112,407,345,338,69,302,43,193,272,140,110,0,1,1,1,0,.1439681415201546,.1573729125681425,.1338815831537643,.239809336870444,-.10503016860644,.4197759937427249,.014884056243744,.014884056243744,.0246023811636234,.0246023811636234,95,85
dept_subset,conflict_dept_subset_097,Conflict-belt departments: APURIMAC + JUNIN + SAN MARTIN,bounded_department_subset,0,3,cd,treat_12,2012,drop_rounding_band,adjacent_categories,p1_mserd,1801,825,177,648,418,407,60,358,117,290,56,193,149,139,1,1,1,1,0,-.11986827613591,-.1491722961449133,.2327882245597934,.5216481616485288,-.6054288323071308,.3070842400173042,.0029936725230603,.0029936725230603,.0050298121448315,.0050298121448315,72,53
dept_subset,conflict_dept_subset_097,Conflict-belt departments: APURIMAC + JUNIN + SAN MARTIN,bounded_department_subset,0,3,cd,treat_16,2016,drop_rounding_band,adjacent_categories,p1_mserd,1801,825,185,640,418,407,65,353,120,287,56,193,149,139,1,1,1,1,0,-.1454838215323489,-.1769462079735553,.2187045275050223,.4184776816537525,-.6055992051392485,.2517067891921379,.0033204001402924,.0033204001402924,.0053539379746567,.0053539379746567,87,57
dept_subset,conflict_dept_subset_097,Conflict-belt departments: APURIMAC + JUNIN + SAN MARTIN,bounded_department_subset,0,3,cd,treat_23,2023,drop_rounding_band,adjacent_categories,p1_mserd,1801,825,624,201,418,407,286,132,338,69,56,193,149,139,1,1,1,1,0,.086285807319076,.1089263390300006,.1448492786335663,.452052381116073,-.1749730302783964,.3928257083383976,.0049611980584543,.0049611980584543,.008126429388779,.008126429388779,138,86
dept_subset,conflict_dept_subset_097,Conflict-belt departments: APURIMAC + JUNIN + SAN MARTIN,bounded_department_subset,0,3,de,treat_12,2012,drop_rounding_band,adjacent_categories,p1_mserd,1801,661,72,589,272,389,14,258,58,331,12,55,105,145,29,29,1,1,0,-.1627125300182233,-.2737611107376356,.1248894410930472,.0283775086370602,-.5185399173293448,-.0289823041459266,.0014923719376904,.0014923719376904,.0031131091599442,.0031131091599442,45,49
dept_subset,conflict_dept_subset_097,Conflict-belt departments: APURIMAC + JUNIN + SAN MARTIN,bounded_department_subset,0,3,de,treat_16,2016,drop_rounding_band,adjacent_categories,p1_mserd,1801,661,79,582,272,389,16,256,63,326,12,55,105,145,29,29,1,1,0,.0148024961076534,-.0367455288578331,.3704020547181657,.920975948687912,-.7627202159050722,.689229158189406,.0011581663401188,.0011581663401188,.0028550446783703,.0028550446783703,41,27
dept_subset,conflict_dept_subset_097,Conflict-belt departments: APURIMAC + JUNIN + SAN MARTIN,bounded_department_subset,0,3,de,treat_23,2023,drop_rounding_band,adjacent_categories,p1_mserd,1801,661,327,334,272,389,53,219,274,115,12,55,105,145,29,29,1,1,0,-.0076169477654275,.0063582707724699,.8033519557683613,.9936850678196563,-1.568182629443332,1.580899170988272,.0012499222561263,.0012499222561263,.0026378126726036,.0026378126726036,41,29
dept_subset,conflict_dept_subset_098,Conflict-belt departments: AYACUCHO + JUNIN + SAN MARTIN,bounded_department_subset,0,3,ab,treat_12,2012,drop_rounding_band,adjacent_categories,p1_mserd,2703,1348,709,639,681,667,277,404,432,235,455,577,138,130,0,3,1,1,0,-.0600641242749508,-.1097564502158885,.1871921665456913,.5576535333904076,-.476646354833467,.2571334544016899,.0224739076247944,.0224739076247944,.0357755011021609,.0357755011021609,129,77
dept_subset,conflict_dept_subset_098,Conflict-belt departments: AYACUCHO + JUNIN + SAN MARTIN,bounded_department_subset,0,3,ab,treat_16,2016,drop_rounding_band,adjacent_categories,p1_mserd,2703,1348,909,439,681,667,344,337,565,102,455,577,138,130,0,3,1,1,0,-.139710499431827,-.2119396932293365,.1434802241465129,.1396393928004853,-.493155765050236,.069276378591563,.0164375565635097,.0164375565635097,.0305343535232407,.0305343535232407,90,60
dept_subset,conflict_dept_subset_098,Conflict-belt departments: AYACUCHO + JUNIN + SAN MARTIN,bounded_department_subset,0,3,ab,treat_23,2023,drop_rounding_band,adjacent_categories,p1_mserd,2703,1348,1223,125,681,667,598,83,625,42,455,577,138,130,0,3,1,1,0,.0423561711798992,.0495688321598722,.0852499369984105,.5609351816997696,-.117517974041321,.2166556383610654,.0383031767993716,.0383031767993716,.0545904618369112,.0545904618369112,228,125
dept_subset,conflict_dept_subset_098,Conflict-belt departments: AYACUCHO + JUNIN + SAN MARTIN,bounded_department_subset,0,3,bc,treat_12,2012,drop_rounding_band,adjacent_categories,p1_mserd,2703,1241,440,801,557,684,161,396,279,405,231,456,171,138,0,3,1,1,0,-.0940720351150993,-.1098322008977555,.1701805369112387,.5186768265764985,-.4433799241134725,.2237155223179616,.0110592328219153,.0110592328219153,.0180769964253806,.0180769964253806,112,106
dept_subset,conflict_dept_subset_098,Conflict-belt departments: AYACUCHO + JUNIN + SAN MARTIN,bounded_department_subset,0,3,bc,treat_16,2016,drop_rounding_band,adjacent_categories,p1_mserd,2703,1241,513,728,557,684,167,390,346,338,231,456,171,138,0,3,1,1,0,.135871769904071,.1335813150683628,.1721650256791956,.4378132745877225,-.203855934660274,.4710185647969996,.0122526452343177,.0122526452343177,.0193781531709614,.0193781531709614,128,113
dept_subset,conflict_dept_subset_098,Conflict-belt departments: AYACUCHO + JUNIN + SAN MARTIN,bounded_department_subset,0,3,bc,treat_23,2023,drop_rounding_band,adjacent_categories,p1_mserd,2703,1241,1080,161,557,684,480,77,600,84,231,456,171,138,0,3,1,1,0,.0264894111635585,.0507766191437098,.1009869361382911,.6151021945321813,-.1471541385963872,.2487073768838068,.015729324006475,.015729324006475,.0267172177111265,.0267172177111265,174,153
dept_subset,conflict_dept_subset_098,Conflict-belt departments: AYACUCHO + JUNIN + SAN MARTIN,bounded_department_subset,0,3,cd,treat_12,2012,drop_rounding_band,adjacent_categories,p1_mserd,2703,1037,222,815,479,558,60,419,162,396,53,231,170,171,2,2,1,1,0,.0151134355331697,.0159492474627124,.2226232772534302,.94288656226089,-.4203843580742858,.4522828529997105,.0031124199111414,.0031124199111414,.0051207492289623,.0051207492289623,76,67
dept_subset,conflict_dept_subset_098,Conflict-belt departments: AYACUCHO + JUNIN + SAN MARTIN,bounded_department_subset,0,3,cd,treat_16,2016,drop_rounding_band,adjacent_categories,p1_mserd,2703,1037,235,802,479,558,67,412,168,390,53,231,170,171,2,2,1,1,0,.068687935851548,.0738794248628124,.2160778387308185,.7324177494889441,-.3496253569068458,.4973842066324706,.0033566774599413,.0033566774599413,.0054296484443598,.0054296484443598,97,69
dept_subset,conflict_dept_subset_098,Conflict-belt departments: AYACUCHO + JUNIN + SAN MARTIN,bounded_department_subset,0,3,cd,treat_23,2023,drop_rounding_band,adjacent_categories,p1_mserd,2703,1037,813,224,479,558,332,147,481,77,53,231,170,171,2,2,1,1,0,.2150170377172402,.2597394671350977,.1161131374640719,.0252895043787862,.0321618995735682,.4873170346966271,.0035834629131419,.0035834629131419,.0067634695069309,.0067634695069309,115,82
dept_subset,conflict_dept_subset_098,Conflict-belt departments: AYACUCHO + JUNIN + SAN MARTIN,bounded_department_subset,0,3,de,treat_12,2012,drop_rounding_band,adjacent_categories,p1_mserd,2703,762,71,691,313,449,13,300,58,391,13,52,124,165,30,30,1,1,0,-.0008745909501124,-.0489262149659906,.2025884067866981,.8091633523650821,-.4459921959532687,.3481397660212875,.0013766107077516,.0013766107077516,.0030260161276035,.0030260161276035,50,31
dept_subset,conflict_dept_subset_098,Conflict-belt departments: AYACUCHO + JUNIN + SAN MARTIN,bounded_department_subset,0,3,de,treat_16,2016,drop_rounding_band,adjacent_categories,p1_mserd,2703,762,80,682,313,449,15,298,65,384,13,52,124,165,30,30,1,1,0,.0078014184397163,-.0419260227261029,.3640893908639015,.9083237705751707,-.7555281159724762,.6716760705202703,.0010834442803079,.0010834442803079,.0026592285267683,.0026592285267683,48,30
dept_subset,conflict_dept_subset_098,Conflict-belt departments: AYACUCHO + JUNIN + SAN MARTIN,bounded_department_subset,0,3,de,treat_23,2023,drop_rounding_band,adjacent_categories,p1_mserd,2703,762,391,371,313,449,73,240,318,131,13,52,124,165,30,30,1,1,0,-.0762253775909265,-.0765771786173524,.7395034330157472,.9175247534021248,-1.525977273771945,1.37282291653724,.0013160338526987,.0013160338526987,.0028356508900764,.0028356508900764,50,31
dept_subset,conflict_dept_subset_100,Conflict-belt departments: CUSCO + JUNIN + SAN MARTIN,bounded_department_subset,0,3,ab,treat_12,2012,drop_rounding_band,adjacent_categories,p1_mserd,1461,471,202,269,259,212,98,161,104,108,214,195,71,66,0,4,1,1,0,-.024743516004058,-.0789818934464482,.2421917477652542,.7443388116502287,-.5536689964191556,.3957052095262591,.039777195251162,.039777195251162,.0560732891409017,.0560732891409017,82,46
dept_subset,conflict_dept_subset_100,Conflict-belt departments: CUSCO + JUNIN + SAN MARTIN,bounded_department_subset,0,3,ab,treat_16,2016,drop_rounding_band,adjacent_categories,p1_mserd,1461,471,268,203,259,212,119,140,149,63,214,195,71,66,0,4,1,1,0,.0989447107650739,.1210103637128017,.1988840049765938,.5428910889378172,-.2687951231424069,.5108158505680103,.043050020935809,.043050020935809,.0628852253501389,.0628852253501389,86,48
dept_subset,conflict_dept_subset_100,Conflict-belt departments: CUSCO + JUNIN + SAN MARTIN,bounded_department_subset,0,3,ab,treat_23,2023,drop_rounding_band,adjacent_categories,p1_mserd,1461,471,407,64,259,212,218,41,189,23,214,195,71,66,0,4,1,1,0,.1106977400949181,.1425896629061136,.1284206670210624,.2668556973039795,-.1091102193257794,.3942895451380066,.0429489255273888,.0429489255273888,.0653300459555602,.0653300459555602,86,48
dept_subset,conflict_dept_subset_100,Conflict-belt departments: CUSCO + JUNIN + SAN MARTIN,bounded_department_subset,0,3,bc,treat_12,2012,drop_rounding_band,adjacent_categories,p1_mserd,1461,602,192,410,339,263,91,248,101,162,169,215,104,71,0,2,1,1,0,-.2585653491006024,-.2764649274968121,.2247767767722118,.2187146112310409,-.7170193145313466,.1640894595377224,.0113607537789725,.0113607537789725,.0180105976878125,.0180105976878125,53,61
dept_subset,conflict_dept_subset_100,Conflict-belt departments: CUSCO + JUNIN + SAN MARTIN,bounded_department_subset,0,3,bc,treat_16,2016,drop_rounding_band,adjacent_categories,p1_mserd,1461,602,217,385,339,263,95,244,122,141,169,215,104,71,0,2,1,1,0,.019794613591938,.0446928647053683,.2267671929003923,.843759460001408,-.3997626662546475,.489148395665384,.0121812717776281,.0121812717776281,.0185861973664033,.0185861973664033,56,62
dept_subset,conflict_dept_subset_100,Conflict-belt departments: CUSCO + JUNIN + SAN MARTIN,bounded_department_subset,0,3,bc,treat_23,2023,drop_rounding_band,adjacent_categories,p1_mserd,1461,602,500,102,339,263,279,60,221,42,169,215,104,71,0,2,1,1,0,-.0354845131652473,-.0517829531330667,.1771782501068138,.7700842247454527,-.3990459421862517,.2954800359201183,.0139270990608204,.0139270990608204,.0226442287687632,.0226442287687632,65,67
dept_subset,conflict_dept_subset_100,Conflict-belt departments: CUSCO + JUNIN + SAN MARTIN,bounded_department_subset,0,3,cd,treat_12,2012,drop_rounding_band,adjacent_categories,p1_mserd,1461,720,139,581,379,341,47,332,92,249,52,170,123,105,0,0,1,1,0,-.080800439444992,-.1045739190124141,.2588784495441765,.6862495745439219,-.6119663564925695,.4028185184677413,.0031056330406748,.0031056330406748,.0052574136040984,.0052574136040984,58,50
dept_subset,conflict_dept_subset_100,Conflict-belt departments: CUSCO + JUNIN + SAN MARTIN,bounded_department_subset,0,3,cd,treat_16,2016,drop_rounding_band,adjacent_categories,p1_mserd,1461,720,148,572,379,341,52,327,96,245,52,170,123,105,0,0,1,1,0,-.0907795396025462,-.1150706365166463,.2264167208285127,.6112955647537073,-.5588392548381911,.3286979818048984,.0036300922127685,.0036300922127685,.0057816963723005,.0057816963723005,85,61
dept_subset,conflict_dept_subset_100,Conflict-belt departments: CUSCO + JUNIN + SAN MARTIN,bounded_department_subset,0,3,cd,treat_23,2023,drop_rounding_band,adjacent_categories,p1_mserd,1461,720,539,181,379,341,259,120,280,61,52,170,123,105,0,0,1,1,0,.3595407978133212,.3966321862267539,.1941159652381865,.0410252803674434,.0161718855356793,.7770924869178285,.0027413625687457,.0027413625687457,.0047347951404507,.0047347951404507,57,40
dept_subset,conflict_dept_subset_100,Conflict-belt departments: CUSCO + JUNIN + SAN MARTIN,bounded_department_subset,0,3,de,treat_12,2012,drop_rounding_band,adjacent_categories,p1_mserd,1461,618,57,561,266,352,12,254,45,307,12,51,96,119,27,27,1,1,0,-.1809997781815778,-.2639744532903,.1130336202404369,.0195245030808475,-.4855162780037341,-.0424326285768659,.0016216275057767,.0016216275057767,.0035737500721934,.0035737500721934,42,46
dept_subset,conflict_dept_subset_100,Conflict-belt departments: CUSCO + JUNIN + SAN MARTIN,bounded_department_subset,0,3,de,treat_16,2016,drop_rounding_band,adjacent_categories,p1_mserd,1461,618,64,554,266,352,14,252,50,302,12,51,96,119,27,27,1,1,0,.0060755366919445,-.0495870661822168,.3048314099865532,.8707779053690172,-.6470456511124243,.5478715187479908,.0011900897971994,.0011900897971994,.002919742762889,.002919742762889,39,28
dept_subset,conflict_dept_subset_100,Conflict-belt departments: CUSCO + JUNIN + SAN MARTIN,bounded_department_subset,0,3,de,treat_23,2023,drop_rounding_band,adjacent_categories,p1_mserd,1461,618,297,321,266,352,50,216,247,105,12,51,96,119,27,27,1,1,0,.1254234152064697,.1847554984230371,.7243016787705513,.7986606432822381,-1.234849705909143,1.604360702755217,.0012681493480149,.0012681493480149,.0026690318763568,.0026690318763568,39,28
dept_subset,conflict_dept_subset_104,Conflict-belt departments: HUANCAVELICA + JUNIN + SAN MARTIN,bounded_department_subset,0,3,ab,treat_12,2012,drop_rounding_band,adjacent_categories,p1_mserd,1736,541,296,245,296,245,142,154,154,91,236,217,99,85,0,8,1,1,0,-.074210459676652,-.155256615646751,.2648171118351478,.5576882839721001,-.6742886173335563,.3637753860400543,.030196952435585,.030196952435585,.0454291550069759,.0454291550069759,54,37
dept_subset,conflict_dept_subset_104,Conflict-belt departments: HUANCAVELICA + JUNIN + SAN MARTIN,bounded_department_subset,0,3,ab,treat_16,2016,drop_rounding_band,adjacent_categories,p1_mserd,1736,541,373,168,296,245,170,126,203,42,236,217,99,85,0,8,1,1,0,.2035450732728783,.1940016927544868,.1815217008302188,.2851814037313481,-.1617743032851964,.5497776887941699,.0379579018206836,.0379579018206836,.0551389949953973,.0551389949953973,78,48
dept_subset,conflict_dept_subset_104,Conflict-belt departments: HUANCAVELICA + JUNIN + SAN MARTIN,bounded_department_subset,0,3,ab,treat_23,2023,drop_rounding_band,adjacent_categories,p1_mserd,1736,541,496,45,296,245,264,32,232,13,236,217,99,85,0,8,1,1,0,.0488907097736615,.0670746986784112,.0628176906377558,.2856253284806973,-.0560457125635692,.1901951099203916,.0363419627980068,.0363419627980068,.0619369114362179,.0619369114362179,73,45
dept_subset,conflict_dept_subset_104,Conflict-belt departments: HUANCAVELICA + JUNIN + SAN MARTIN,bounded_department_subset,0,3,bc,treat_12,2012,drop_rounding_band,adjacent_categories,p1_mserd,1736,743,280,463,439,304,132,307,148,156,187,237,143,100,0,1,1,1,0,-.0772970550362377,-.0865827812855057,.1893868588495939,.6475458576989293,-.4577742037758805,.2846086412048691,.0145457469904622,.0145457469904622,.0225132485064425,.0225132485064425,99,72
dept_subset,conflict_dept_subset_104,Conflict-belt departments: HUANCAVELICA + JUNIN + SAN MARTIN,bounded_department_subset,0,3,bc,treat_16,2016,drop_rounding_band,adjacent_categories,p1_mserd,1736,743,313,430,439,304,136,303,177,127,187,237,143,100,0,1,1,1,0,.1947284333038624,.251167439171428,.2048955460617517,.2202620454295638,-.1504204517022729,.652755330045129,.0120144243200605,.0120144243200605,.0194577408947497,.0194577408947497,84,64
dept_subset,conflict_dept_subset_104,Conflict-belt departments: HUANCAVELICA + JUNIN + SAN MARTIN,bounded_department_subset,0,3,bc,treat_23,2023,drop_rounding_band,adjacent_categories,p1_mserd,1736,743,653,90,439,304,382,57,271,33,187,237,143,100,0,1,1,1,0,.0319901044642945,.0400521626556489,.1214203653027083,.7415030045427581,-.1979273803273561,.278031705638654,.0149222626057129,.0149222626057129,.0238848030353503,.0238848030353503,105,78
dept_subset,conflict_dept_subset_104,Conflict-belt departments: HUANCAVELICA + JUNIN + SAN MARTIN,bounded_department_subset,0,3,cd,treat_12,2012,drop_rounding_band,adjacent_categories,p1_mserd,1736,887,199,688,446,441,65,381,134,307,55,188,157,143,1,0,1,1,0,-.2130640013003391,-.2481941795306885,.2237860367009472,.2674003714128314,-.6868067517075036,.1904183926461266,.0028086401900008,.0028086401900008,.0049559641408308,.0049559641408308,73,56
dept_subset,conflict_dept_subset_104,Conflict-belt departments: HUANCAVELICA + JUNIN + SAN MARTIN,bounded_department_subset,0,3,cd,treat_16,2016,drop_rounding_band,adjacent_categories,p1_mserd,1736,887,209,678,446,441,71,375,138,303,55,188,157,143,1,0,1,1,0,-.2241818584610832,-.2609875598929666,.2140999420010239,.2228446700797398,-.6806157353070879,.1586406155211547,.003065563686566,.003065563686566,.0052846851973198,.0052846851973198,75,59
dept_subset,conflict_dept_subset_104,Conflict-belt departments: HUANCAVELICA + JUNIN + SAN MARTIN,bounded_department_subset,0,3,cd,treat_23,2023,drop_rounding_band,adjacent_categories,p1_mserd,1736,887,708,179,446,441,324,122,384,57,55,188,157,143,1,0,1,1,0,.1900954428267012,.2124498951913389,.1300514123613864,.1023462477924772,-.0424461891755456,.4673459795582235,.0032003378663049,.0032003378663049,.0053492763734544,.0053492763734544,89,66
dept_subset,conflict_dept_subset_104,Conflict-belt departments: HUANCAVELICA + JUNIN + SAN MARTIN,bounded_department_subset,0,3,de,treat_12,2012,drop_rounding_band,adjacent_categories,p1_mserd,1736,714,78,636,300,414,15,285,63,351,12,55,119,153,33,33,1,1,0,-.1669753146471473,-.2723305342199488,.1191809591983368,.0223118229086385,-.5059209218916265,-.0387401465482711,.0014638255540595,.0014638255540595,.0031429580490227,.0031429580490227,45,51
dept_subset,conflict_dept_subset_104,Conflict-belt departments: HUANCAVELICA + JUNIN + SAN MARTIN,bounded_department_subset,0,3,de,treat_16,2016,drop_rounding_band,adjacent_categories,p1_mserd,1736,714,86,628,300,414,17,283,69,345,12,55,119,153,33,33,1,1,0,.00990990990991,-.0531452542403741,.4065981738971031,.8960070426597785,-.8500630312584498,.7437725227777017,.0010496095296141,.0010496095296141,.0028396207305524,.0028396207305524,38,28
dept_subset,conflict_dept_subset_104,Conflict-belt departments: HUANCAVELICA + JUNIN + SAN MARTIN,bounded_department_subset,0,3,de,treat_23,2023,drop_rounding_band,adjacent_categories,p1_mserd,1736,714,371,343,300,414,65,235,306,108,12,55,119,153,33,33,1,1,0,-.1300298882209141,-.0841640725862352,.7978421991732939,.9159873039103273,-1.647906048312123,1.479577903139653,.0012597934355136,.0012597934355136,.0026149586063355,.0026149586063355,40,30
dept_subset,conflict_dept_subset_112,Conflict-belt departments: HUANUCO + JUNIN + SAN MARTIN,bounded_department_subset,0,3,ab,treat_12,2012,drop_rounding_band,adjacent_categories,p1_mserd,2173,699,324,375,373,326,154,219,170,156,283,303,104,89,0,3,1,1,0,.0477571405606403,-.0194287398221845,.2228995607677052,.9305414305870449,-.4563038510966838,.4174463714523147,.0320509340475384,.0320509340475384,.0489924098763378,.0489924098763378,73,57
dept_subset,conflict_dept_subset_112,Conflict-belt departments: HUANUCO + JUNIN + SAN MARTIN,bounded_department_subset,0,3,ab,treat_16,2016,drop_rounding_band,adjacent_categories,p1_mserd,2173,699,418,281,373,326,181,192,237,89,283,303,104,89,0,3,1,1,0,-.1137094060008864,-.1931203686931138,.2263979377530177,.3936521327564241,-.6368521728631693,.2506114354769418,.0273753262798393,.0273753262798393,.0451745355345758,.0451745355345758,61,52
dept_subset,conflict_dept_subset_112,Conflict-belt departments: HUANUCO + JUNIN + SAN MARTIN,bounded_department_subset,0,3,ab,treat_23,2023,drop_rounding_band,adjacent_categories,p1_mserd,2173,699,609,90,373,326,316,57,293,33,283,303,104,89,0,3,1,1,0,.0221042330619654,.0010261684111141,.1187899853819648,.9931075524062569,-.2317979246615764,.2338502614838046,.0490518393346458,.0490518393346458,.0579952198470919,.0579952198470919,137,85
dept_subset,conflict_dept_subset_112,Conflict-belt departments: HUANUCO + JUNIN + SAN MARTIN,bounded_department_subset,0,3,bc,treat_12,2012,drop_rounding_band,adjacent_categories,p1_mserd,2173,904,332,572,528,376,176,352,156,220,226,284,157,104,0,2,1,1,0,-.2754160332607062,-.3138109433175702,.2116286123782326,.1381174635405614,-.7285954016770935,.1009735150419531,.0092128806599808,.0092128806599808,.0156161591162307,.0156161591162307,80,79
dept_subset,conflict_dept_subset_112,Conflict-belt departments: HUANUCO + JUNIN + SAN MARTIN,bounded_department_subset,0,3,bc,treat_16,2016,drop_rounding_band,adjacent_categories,p1_mserd,2173,904,363,541,528,376,180,348,183,193,226,284,157,104,0,2,1,1,0,-.1029919130488384,-.1294904567108223,.2121949488812445,.5417009286921862,-.5453849142193792,.2864040007977346,.0097905164356024,.0097905164356024,.0160953444406902,.0160953444406902,84,82
dept_subset,conflict_dept_subset_112,Conflict-belt departments: HUANUCO + JUNIN + SAN MARTIN,bounded_department_subset,0,3,bc,treat_23,2023,drop_rounding_band,adjacent_categories,p1_mserd,2173,904,768,136,528,376,450,78,318,58,226,284,157,104,0,2,1,1,0,.058307322870905,.0459525442393511,.1299911347805928,.7237097187273157,-.2088253982401027,.300730486718805,.0152052940182829,.0152052940182829,.0259270265581838,.0259270265581838,132,121
dept_subset,conflict_dept_subset_112,Conflict-belt departments: HUANUCO + JUNIN + SAN MARTIN,bounded_department_subset,0,3,cd,treat_12,2012,drop_rounding_band,adjacent_categories,p1_mserd,2173,1102,257,845,572,530,80,492,177,353,55,227,172,157,0,0,1,1,0,.0041644725413585,-.0239817196829601,.1769213445550361,.8921768942802328,-.3707411831072323,.3227777437413121,.0035162122342278,.0035162122342278,.0055502293634645,.0055502293634645,112,92
dept_subset,conflict_dept_subset_112,Conflict-belt departments: HUANUCO + JUNIN + SAN MARTIN,bounded_department_subset,0,3,cd,treat_16,2016,drop_rounding_band,adjacent_categories,p1_mserd,2173,1102,267,835,572,530,86,486,181,349,55,227,172,157,0,0,1,1,0,.0478160137268123,.0323127081199977,.1773441763689709,.8554231215905876,-.3152754904311045,.3799009066710999,.0040194893272509,.0040194893272509,.0060385620101107,.0060385620101107,141,106
dept_subset,conflict_dept_subset_112,Conflict-belt departments: HUANUCO + JUNIN + SAN MARTIN,bounded_department_subset,0,3,cd,treat_23,2023,drop_rounding_band,adjacent_categories,p1_mserd,2173,1102,850,252,572,530,398,174,452,78,55,227,172,157,0,0,1,1,0,.2133639505570466,.2490852976242135,.1113929403363574,.0253454897044118,.030759146432934,.467411448815493,.0035686632180209,.0035686632180209,.0056012016944744,.0056012016944744,126,92
dept_subset,conflict_dept_subset_112,Conflict-belt departments: HUANUCO + JUNIN + SAN MARTIN,bounded_department_subset,0,3,de,treat_12,2012,drop_rounding_band,adjacent_categories,p1_mserd,2173,902,90,812,369,533,13,356,77,456,12,54,126,168,39,39,1,1,0,-.0943601969943698,-.1307399082300246,.1031144914025593,.2048300460203089,-.3328405976632058,.0713607812031566,.0018636811235607,.0018636811235607,.0036514448988478,.0036514448988478,101,77
dept_subset,conflict_dept_subset_112,Conflict-belt departments: HUANUCO + JUNIN + SAN MARTIN,bounded_department_subset,0,3,de,treat_16,2016,drop_rounding_band,adjacent_categories,p1_mserd,2173,902,98,804,369,533,15,354,83,450,12,54,126,168,39,39,1,1,0,-.1135052157376906,-.1693350303967572,.1063498768006498,.1113297273195109,-.3777769586863026,.0391068978927881,.0016458219196561,.0016458219196561,.0030793843254557,.0030793843254557,57,77
dept_subset,conflict_dept_subset_112,Conflict-belt departments: HUANUCO + JUNIN + SAN MARTIN,bounded_department_subset,0,3,de,treat_23,2023,drop_rounding_band,adjacent_categories,p1_mserd,2173,902,455,447,369,533,75,294,380,153,12,54,126,168,39,39,1,1,0,.6094146428708171,.6522809317761897,.8285524233809186,.4311333879833556,-.9716519773537931,2.276213840906173,.0011928445706093,.0011928445706093,.0025947938177937,.0025947938177937,54,44
dept_subset,conflict_dept_subset_015,Conflict-belt departments: APURIMAC + AYACUCHO + CUSCO + HUANCAVELICA,bounded_department_subset,0,4,ab,treat_12,2012,drop_rounding_band,adjacent_categories,p1_mserd,2441,1487,775,712,694,793,296,398,479,314,472,676,178,178,0,7,1,1,0,-.0548237303602755,-.0830150286975371,.1609887826237743,.6060938358577879,-.3985472445550823,.2325171871600081,.0286223655237677,.0286223655237677,.042593638036974,.042593638036974,188,101
dept_subset,conflict_dept_subset_015,Conflict-belt departments: APURIMAC + AYACUCHO + CUSCO + HUANCAVELICA,bounded_department_subset,0,4,ab,treat_16,2016,drop_rounding_band,adjacent_categories,p1_mserd,2441,1487,1025,462,694,793,373,321,652,141,472,676,178,178,0,7,1,1,0,-.2732795483572479,-.3389585854618034,.1524776487880354,.0262154584798681,-.6378092855337001,-.0401078853899066,.0199503231292946,.0199503231292946,.0350923989940506,.0350923989940506,127,72
dept_subset,conflict_dept_subset_015,Conflict-belt departments: APURIMAC + AYACUCHO + CUSCO + HUANCAVELICA,bounded_department_subset,0,4,ab,treat_23,2023,drop_rounding_band,adjacent_categories,p1_mserd,2441,1487,1350,137,694,793,616,78,734,59,472,676,178,178,0,7,1,1,0,.0561367070869228,.0846018545492313,.0945259311441075,.3707806061503148,-.1006655660983323,.2698692751967949,.0340751761471863,.0340751761471863,.0493312681563011,.0493312681563011,220,119
dept_subset,conflict_dept_subset_015,Conflict-belt departments: APURIMAC + AYACUCHO + CUSCO + HUANCAVELICA,bounded_department_subset,0,4,bc,treat_12,2012,drop_rounding_band,adjacent_categories,p1_mserd,2441,1206,449,757,506,700,148,358,301,399,225,473,170,179,0,3,1,1,0,.3160347778675955,.3599034865233647,.1899574693244856,.0581383900726728,-.012406311946999,.7322132849937284,.0088298770668253,.0088298770668253,.0149325046522758,.0149325046522758,106,70
dept_subset,conflict_dept_subset_015,Conflict-belt departments: APURIMAC + AYACUCHO + CUSCO + HUANCAVELICA,bounded_department_subset,0,4,bc,treat_16,2016,drop_rounding_band,adjacent_categories,p1_mserd,2441,1206,532,674,506,700,153,353,379,321,225,473,170,179,0,3,1,1,0,.337738611872701,.3714656711446315,.1829235151701706,.0422838333540356,.012942169485631,.729989172803632,.0096509677549595,.0096509677549595,.0152236479472133,.0152236479472133,113,78
dept_subset,conflict_dept_subset_015,Conflict-belt departments: APURIMAC + AYACUCHO + CUSCO + HUANCAVELICA,bounded_department_subset,0,4,bc,treat_23,2023,drop_rounding_band,adjacent_categories,p1_mserd,2441,1206,1069,137,506,700,447,59,622,78,225,473,170,179,0,3,1,1,0,.0008590360906875,.0314134159657546,.1159238621721929,.7864039744373812,-.1957931788405285,.2586200107720378,.0136800566741852,.0136800566741852,.0225970305939545,.0225970305939545,160,111
dept_subset,conflict_dept_subset_015,Conflict-belt departments: APURIMAC + AYACUCHO + CUSCO + HUANCAVELICA,bounded_department_subset,0,4,cd,treat_12,2012,drop_rounding_band,adjacent_categories,p1_mserd,2441,793,205,588,286,507,56,230,149,358,51,225,127,170,4,3,1,1,0,-.189411894691073,-.2028490604989365,.2052339920619191,.3229668472523815,-.6051002933436771,.1994021723458042,.0042106424037696,.0042106424037696,.0063908602731519,.0063908602731519,91,74
dept_subset,conflict_dept_subset_015,Conflict-belt departments: APURIMAC + AYACUCHO + CUSCO + HUANCAVELICA,bounded_department_subset,0,4,cd,treat_16,2016,drop_rounding_band,adjacent_categories,p1_mserd,2441,793,213,580,286,507,59,227,154,353,51,225,127,170,4,3,1,1,0,-.1051875563796658,-.0954991364570357,.2188950471397174,.6626348989557409,-.524525545245079,.3335272723310077,.0040231768146481,.0040231768146481,.0061965674826067,.0061965674826067,84,72
dept_subset,conflict_dept_subset_015,Conflict-belt departments: APURIMAC + AYACUCHO + CUSCO + HUANCAVELICA,bounded_department_subset,0,4,cd,treat_23,2023,drop_rounding_band,adjacent_categories,p1_mserd,2441,793,660,133,286,507,213,73,447,60,51,225,127,170,4,3,1,1,0,-.1409596194617238,-.1679585640576902,.1445799063500932,.2453571016267208,-.4513299733920467,.1154128452766664,.0034931760643829,.0034931760643829,.005641138771721,.005641138771721,67,69
dept_subset,conflict_dept_subset_015,Conflict-belt departments: APURIMAC + AYACUCHO + CUSCO + HUANCAVELICA,bounded_department_subset,0,4,de,treat_12,2012,drop_rounding_band,adjacent_categories,p1_mserd,2441,423,62,361,151,272,6,145,56,216,11,51,84,126,15,15,1,1,0,-.2612243215235805,-.3379780083434873,.2238622097460657,.1311049047862953,-.7767398769453275,.1007838602583528,.0017086487077743,.0017086487077743,.0032524593355264,.0032524593355264,21,27
dept_subset,conflict_dept_subset_015,Conflict-belt departments: APURIMAC + AYACUCHO + CUSCO + HUANCAVELICA,bounded_department_subset,0,4,de,treat_16,2016,drop_rounding_band,adjacent_categories,p1_mserd,2441,423,65,358,151,272,6,145,59,213,11,51,84,126,15,15,1,1,0,-.2612243215235805,-.3379780083434873,.2238622097460657,.1311049047862953,-.7767398769453275,.1007838602583528,.0017086487077743,.0017086487077743,.0032524593355264,.0032524593355264,21,27
dept_subset,conflict_dept_subset_015,Conflict-belt departments: APURIMAC + AYACUCHO + CUSCO + HUANCAVELICA,bounded_department_subset,0,4,de,treat_23,2023,drop_rounding_band,adjacent_categories,p1_mserd,2441,423,254,169,151,272,49,102,205,67,11,51,84,126,15,15,1,1,0,.1705721202737402,.2443440178062559,.4482685717996292,.5856957592941362,-.6342462383222245,1.122934273934736,.0021034561946591,.0021034561946591,.0036041782341994,.0036041782341994,49,39
dept_subset,conflict_dept_subset_023,Conflict-belt departments: APURIMAC + AYACUCHO + CUSCO + HUANUCO,bounded_department_subset,0,4,ab,treat_12,2012,drop_rounding_band,adjacent_categories,p1_mserd,2878,1645,803,842,771,874,308,463,495,379,512,740,183,182,0,2,1,1,0,-.0418094681310184,-.0793388461280869,.1479001162381546,.5916577267109966,-.3692177472641575,.2105400550079836,.029294807945011,.029294807945011,.0454296094320181,.0454296094320181,202,124
dept_subset,conflict_dept_subset_023,Conflict-belt departments: APURIMAC + AYACUCHO + CUSCO + HUANUCO,bounded_department_subset,0,4,ab,treat_16,2016,drop_rounding_band,adjacent_categories,p1_mserd,2878,1645,1070,575,771,874,384,387,686,188,512,740,183,182,0,2,1,1,0,-.3622241216126598,-.4196218069836903,.1731486856773272,.0153727389811241,-.7589869948816979,-.0802566190856828,.0187082988688901,.0187082988688901,.0319852389944266,.0319852389944266,129,78
dept_subset,conflict_dept_subset_023,Conflict-belt departments: APURIMAC + AYACUCHO + CUSCO + HUANUCO,bounded_department_subset,0,4,ab,treat_23,2023,drop_rounding_band,adjacent_categories,p1_mserd,2878,1645,1463,182,771,874,668,103,795,79,512,740,183,182,0,2,1,1,0,.0127834579038637,.0261279460642458,.0907325743405165,.7733723466893264,-.1517046318677696,.2039605239962612,.0406711541681078,.0406711541681078,.054921937739141,.054921937739141,282,169
dept_subset,conflict_dept_subset_023,Conflict-belt departments: APURIMAC + AYACUCHO + CUSCO + HUANUCO,bounded_department_subset,0,4,bc,treat_12,2012,drop_rounding_band,adjacent_categories,p1_mserd,2878,1367,501,866,595,772,192,403,309,463,247,513,184,183,0,4,1,1,0,.1357060754705847,.1547401737025588,.1392891511631307,.2665994793657174,-.1182615460143327,.4277418934194502,.0133003178839881,.0133003178839881,.0216264011376779,.0216264011376779,185,139
dept_subset,conflict_dept_subset_023,Conflict-belt departments: APURIMAC + AYACUCHO + CUSCO + HUANUCO,bounded_department_subset,0,4,bc,treat_16,2016,drop_rounding_band,adjacent_categories,p1_mserd,2878,1367,582,785,595,772,197,398,385,387,247,513,184,183,0,4,1,1,0,.1919151334473514,.190726575044155,.132132804699009,.1488948597316558,-.0682489633421675,.4497021134304775,.0151189218508104,.0151189218508104,.0235475860257519,.0235475860257519,211,164
dept_subset,conflict_dept_subset_023,Conflict-belt departments: APURIMAC + AYACUCHO + CUSCO + HUANUCO,bounded_department_subset,0,4,bc,treat_23,2023,drop_rounding_band,adjacent_categories,p1_mserd,2878,1367,1184,183,595,772,515,80,669,103,247,513,184,183,0,4,1,1,0,.0321724415482716,.0535774205321489,.1139298466569395,.638164438410975,-.1697209756796235,.2768758167439213,.0138205608943974,.0138205608943974,.0225509217937314,.0225509217937314,188,146
dept_subset,conflict_dept_subset_023,Conflict-belt departments: APURIMAC + AYACUCHO + CUSCO + HUANUCO,bounded_department_subset,0,4,cd,treat_12,2012,drop_rounding_band,adjacent_categories,p1_mserd,2878,1008,263,745,412,596,71,341,192,404,50,247,142,184,3,3,1,1,0,-.0119194917913263,-.0298140481656709,.1758255316979898,.8653513915062997,-.3744257578563364,.3147976615249946,.0045173163015153,.0045173163015153,.0070337851910959,.0070337851910959,125,104
dept_subset,conflict_dept_subset_023,Conflict-belt departments: APURIMAC + AYACUCHO + CUSCO + HUANUCO,bounded_department_subset,0,4,cd,treat_16,2016,drop_rounding_band,adjacent_categories,p1_mserd,2878,1008,271,737,412,596,74,338,197,399,50,247,142,184,3,3,1,1,0,.1199631103541584,.1375544455760417,.1903493669346677,.4698998628896909,-.2355234580959063,.5106323492479896,.0042832836611943,.0042832836611943,.006654912209128,.006654912209128,115,96
dept_subset,conflict_dept_subset_023,Conflict-belt departments: APURIMAC + AYACUCHO + CUSCO + HUANUCO,bounded_department_subset,0,4,cd,treat_23,2023,drop_rounding_band,adjacent_categories,p1_mserd,2878,1008,802,206,412,596,287,125,515,81,50,247,142,184,3,3,1,1,0,-.0062074864249699,-.0304061557594675,.1310912617743098,.816579588684909,-.2873403075250269,.226527996006092,.0045256300356471,.0045256300356471,.0070556057075754,.0070556057075754,125,104
dept_subset,conflict_dept_subset_023,Conflict-belt departments: APURIMAC + AYACUCHO + CUSCO + HUANUCO,bounded_department_subset,0,4,de,treat_12,2012,drop_rounding_band,adjacent_categories,p1_mserd,2878,611,74,537,220,391,4,216,70,321,11,49,91,141,21,21,1,1,0,-.0700369628291961,-.0845867927745711,.1529969328440352,.5803552131007843,-.3844552708939733,.2152816853448311,.002199257218886,.002199257218886,.0037106050090339,.0037106050090339,64,75
dept_subset,conflict_dept_subset_023,Conflict-belt departments: APURIMAC + AYACUCHO + CUSCO + HUANUCO,bounded_department_subset,0,4,de,treat_16,2016,drop_rounding_band,adjacent_categories,p1_mserd,2878,611,77,534,220,391,4,216,73,318,11,49,91,141,21,21,1,1,0,-.0694211223612743,-.0836824541360067,.154168422401068,.5872682526269375,-.3858470095954579,.2184821013234445,.0021695933657819,.0021695933657819,.003669243689554,.003669243689554,64,75
dept_subset,conflict_dept_subset_023,Conflict-belt departments: APURIMAC + AYACUCHO + CUSCO + HUANUCO,bounded_department_subset,0,4,de,treat_23,2023,drop_rounding_band,adjacent_categories,p1_mserd,2878,611,338,273,220,391,59,161,279,112,11,49,91,141,21,21,1,1,0,-.0952891500326074,-.1028179794676558,.3614801703066048,.7760762615798431,-.8113060943940061,.6056701354586945,.0020665904279908,.0020665904279908,.0032842425043269,.0032842425043269,64,75
dept_subset,conflict_dept_subset_027,Conflict-belt departments: APURIMAC + AYACUCHO + HUANCAVELICA + HUANUCO,bounded_department_subset,0,4,ab,treat_12,2012,drop_rounding_band,adjacent_categories,p1_mserd,3153,1715,897,818,808,907,352,456,545,362,521,765,211,201,0,6,1,1,0,-.023147379608368,-.064793945682093,.1677511317152512,.699311213087439,-.39358012220982,.2639922308456341,.0247492275056168,.0247492275056168,.0394457561352966,.0394457561352966,175,103
dept_subset,conflict_dept_subset_027,Conflict-belt departments: APURIMAC + AYACUCHO + HUANCAVELICA + HUANUCO,bounded_department_subset,0,4,ab,treat_16,2016,drop_rounding_band,adjacent_categories,p1_mserd,3153,1715,1175,540,808,907,435,373,740,167,521,765,211,201,0,6,1,1,0,-.340722921106891,-.4044508190611937,.1749996323459191,.0208244388959791,-.7474437957669458,-.0614578423554417,.0176380776191665,.0176380776191665,.0317321953909193,.0317321953909193,121,68
dept_subset,conflict_dept_subset_027,Conflict-belt departments: APURIMAC + AYACUCHO + HUANCAVELICA + HUANUCO,bounded_department_subset,0,4,ab,treat_23,2023,drop_rounding_band,adjacent_categories,p1_mserd,3153,1715,1552,163,808,907,714,94,838,69,521,765,211,201,0,6,1,1,0,-.0030375029987162,.0113581084515457,.0902012355522924,.8997955241588027,-.1654330645919613,.1881492814950527,.0398246899838548,.0398246899838548,.0557207046601914,.0557207046601914,279,171
dept_subset,conflict_dept_subset_027,Conflict-belt departments: APURIMAC + AYACUCHO + HUANCAVELICA + HUANUCO,bounded_department_subset,0,4,bc,treat_12,2012,drop_rounding_band,adjacent_categories,p1_mserd,3153,1508,589,919,695,813,233,462,356,457,260,522,223,212,0,3,1,1,0,.1428631758966059,.1721506679099519,.1399836810912348,.2187753879935605,-.1022123054522088,.4465136412721126,.0122431797751935,.0122431797751935,.020441514417669,.020441514417669,190,130
dept_subset,conflict_dept_subset_027,Conflict-belt departments: APURIMAC + AYACUCHO + HUANCAVELICA + HUANUCO,bounded_department_subset,0,4,bc,treat_16,2016,drop_rounding_band,adjacent_categories,p1_mserd,3153,1508,678,830,695,813,238,457,440,373,260,522,223,212,0,3,1,1,0,.1826855235119735,.1980545379607807,.1447940802905693,.1713634545269956,-.0857366445833359,.4818457205048972,.0122819404920024,.0122819404920024,.0193271973536297,.0193271973536297,190,134
dept_subset,conflict_dept_subset_027,Conflict-belt departments: APURIMAC + AYACUCHO + HUANCAVELICA + HUANUCO,bounded_department_subset,0,4,bc,treat_23,2023,drop_rounding_band,adjacent_categories,p1_mserd,3153,1508,1337,171,695,813,618,77,719,94,260,522,223,212,0,3,1,1,0,.0462596383087219,.0640034931797231,.094794941731407,.4995624542963222,-.1217911785304076,.2497981648898538,.0146401370713848,.0146401370713848,.0236316260756536,.0236316260756536,240,163
dept_subset,conflict_dept_subset_027,Conflict-belt departments: APURIMAC + AYACUCHO + HUANCAVELICA + HUANUCO,bounded_department_subset,0,4,cd,treat_12,2012,drop_rounding_band,adjacent_categories,p1_mserd,3153,1175,323,852,479,696,89,390,234,462,54,260,176,222,4,3,1,1,0,-.0702154632537105,-.0831776721254101,.1600253629149212,.603218275320818,-.3968216200516071,.230466275800787,.0043754585879967,.0043754585879967,.006607571669692,.006607571669692,136,117
dept_subset,conflict_dept_subset_027,Conflict-belt departments: APURIMAC + AYACUCHO + HUANCAVELICA + HUANUCO,bounded_department_subset,0,4,cd,treat_16,2016,drop_rounding_band,adjacent_categories,p1_mserd,3153,1175,332,843,479,696,93,386,239,457,54,260,176,222,4,3,1,1,0,.0321635500632804,.043577464588605,.1751637967352476,.8035300119540114,-.2997372684077749,.3868921975849849,.0041693506490784,.0041693506490784,.0062770954232881,.0062770954232881,136,112
dept_subset,conflict_dept_subset_027,Conflict-belt departments: APURIMAC + AYACUCHO + HUANCAVELICA + HUANUCO,bounded_department_subset,0,4,cd,treat_23,2023,drop_rounding_band,adjacent_categories,p1_mserd,3153,1175,971,204,479,696,352,127,619,77,54,260,176,222,4,3,1,1,0,-.0312690499703785,-.0576356540845548,.11205305647656,.6070000455964655,-.2772556091362451,.1619843009671354,.0038296429095452,.0038296429095452,.0060310681925513,.0060310681925513,125,106
dept_subset,conflict_dept_subset_027,Conflict-belt departments: APURIMAC + AYACUCHO + HUANCAVELICA + HUANUCO,bounded_department_subset,0,4,de,treat_12,2012,drop_rounding_band,adjacent_categories,p1_mserd,3153,707,95,612,254,453,7,247,88,365,11,54,114,175,27,27,1,1,0,-.0686325446258697,-.0786724200026448,.1531107638659033,.6073730607805776,-.3787640028252319,.2214191628199423,.0020325617546967,.0020325617546967,.003388322364952,.003388322364952,78,83
dept_subset,conflict_dept_subset_027,Conflict-belt departments: APURIMAC + AYACUCHO + HUANCAVELICA + HUANUCO,bounded_department_subset,0,4,de,treat_16,2016,drop_rounding_band,adjacent_categories,p1_mserd,3153,707,99,608,254,453,7,247,92,361,11,54,114,175,27,27,1,1,0,-.0686542805137972,-.0787485895475983,.1531482713547785,.6071133161746323,-.3789136856975313,.2214165066023348,.0020317428211824,.0020317428211824,.0033864347538717,.0033864347538717,78,83
dept_subset,conflict_dept_subset_027,Conflict-belt departments: APURIMAC + AYACUCHO + HUANCAVELICA + HUANUCO,bounded_department_subset,0,4,de,treat_23,2023,drop_rounding_band,adjacent_categories,p1_mserd,3153,707,412,295,254,453,74,180,338,115,11,54,114,175,27,27,1,1,0,-.0651920775533901,.0164661481228898,.295896280635729,.9556219239836569,-.5634799050824955,.5964122013282751,.0023947744233218,.0023947744233218,.0046001676490783,.0046001676490783,85,106
dept_subset,conflict_dept_subset_029,Conflict-belt departments: APURIMAC + CUSCO + HUANCAVELICA + HUANUCO,bounded_department_subset,0,4,ab,treat_12,2012,drop_rounding_band,adjacent_categories,p1_mserd,1911,838,390,448,386,452,173,213,217,235,309,407,144,137,0,7,1,1,0,-.0529445863842729,-.0793421744759981,.1593162948929374,.6184722757701643,-.3915963746165178,.2329120256645216,.0543254618284314,.0543254618284314,.0738893398341104,.0738893398341104,190,109
dept_subset,conflict_dept_subset_029,Conflict-belt departments: APURIMAC + CUSCO + HUANCAVELICA + HUANUCO,bounded_department_subset,0,4,ab,treat_16,2016,drop_rounding_band,adjacent_categories,p1_mserd,1911,838,534,304,386,452,210,176,324,128,309,407,144,137,0,7,1,1,0,-.3258299698154645,-.3955304157336441,.1529867340179467,.0097268824404812,-.6953789045212284,-.0956819269460599,.0428289048510234,.0428289048510234,.0701564110999943,.0701564110999943,135,92
dept_subset,conflict_dept_subset_029,Conflict-belt departments: APURIMAC + CUSCO + HUANCAVELICA + HUANUCO,bounded_department_subset,0,4,ab,treat_23,2023,drop_rounding_band,adjacent_categories,p1_mserd,1911,838,736,102,386,452,334,52,402,50,309,407,144,137,0,7,1,1,0,-.0175622960507742,.0128731650963796,.1223889221018476,.9162310466031529,-.2270047143299199,.252751044522679,.0515873230518422,.0515873230518422,.0625058810380089,.0625058810380089,178,108
dept_subset,conflict_dept_subset_029,Conflict-belt departments: APURIMAC + CUSCO + HUANCAVELICA + HUANUCO,bounded_department_subset,0,4,bc,treat_12,2012,drop_rounding_band,adjacent_categories,p1_mserd,1911,869,341,528,477,392,163,314,178,214,217,310,156,145,0,2,1,1,0,.2314123071417195,.2919597700149182,.1854346668072025,.115380762645969,-.0714854984123837,.6554050384422201,.0107234684628503,.0107234684628503,.0178409671643159,.0178409671643159,103,70
dept_subset,conflict_dept_subset_029,Conflict-belt departments: APURIMAC + CUSCO + HUANCAVELICA + HUANUCO,bounded_department_subset,0,4,bc,treat_16,2016,drop_rounding_band,adjacent_categories,p1_mserd,1911,869,382,487,477,392,166,311,216,176,217,310,156,145,0,2,1,1,0,.2055288738407509,.2542471658106967,.1857688804233154,.1711178184186791,-.1098531492673293,.6183474808887227,.0110867418528751,.0110867418528751,.0177884186853971,.0177884186853971,107,74
dept_subset,conflict_dept_subset_029,Conflict-belt departments: APURIMAC + CUSCO + HUANCAVELICA + HUANUCO,bounded_department_subset,0,4,bc,treat_23,2023,drop_rounding_band,adjacent_categories,p1_mserd,1911,869,757,112,477,392,417,60,340,52,217,310,156,145,0,2,1,1,0,.0047262022320322,.0028338681063078,.1292707181503332,.9825102037719604,-.2505320837239735,.2561998199365891,.0158057140132906,.0158057140132906,.0245477152012521,.0245477152012521,156,101
dept_subset,conflict_dept_subset_029,Conflict-belt departments: APURIMAC + CUSCO + HUANCAVELICA + HUANUCO,bounded_department_subset,0,4,cd,treat_12,2012,drop_rounding_band,adjacent_categories,p1_mserd,1911,858,240,618,379,479,76,303,164,315,52,217,129,156,2,1,1,1,0,-.1159061158415766,-.1232205078619706,.1506991199910759,.4135518668508227,-.4185853555463594,.1721443398224182,.0058894785284751,.0058894785284751,.0087991742189467,.0087991742189467,151,130
dept_subset,conflict_dept_subset_029,Conflict-belt departments: APURIMAC + CUSCO + HUANCAVELICA + HUANUCO,bounded_department_subset,0,4,cd,treat_16,2016,drop_rounding_band,adjacent_categories,p1_mserd,1911,858,245,613,379,479,78,301,167,312,52,217,129,156,2,1,1,1,0,-.0703899853520955,-.0662270813868487,.1675969892670656,.6927272100630738,-.3947111442676432,.2622569814939457,.0056357513981146,.0056357513981146,.0084927726711901,.0084927726711901,151,125
dept_subset,conflict_dept_subset_029,Conflict-belt departments: APURIMAC + CUSCO + HUANCAVELICA + HUANUCO,bounded_department_subset,0,4,cd,treat_23,2023,drop_rounding_band,adjacent_categories,p1_mserd,1911,858,697,161,379,479,279,100,418,61,52,217,129,156,2,1,1,1,0,-.010229579775962,-.0405657096236529,.1271753990910371,.7497458478875211,-.2898249115615936,.2086934923142878,.005600916734567,.005600916734567,.0087198337909407,.0087198337909407,146,125
dept_subset,conflict_dept_subset_029,Conflict-belt departments: APURIMAC + CUSCO + HUANCAVELICA + HUANUCO,bounded_department_subset,0,4,de,treat_12,2012,drop_rounding_band,adjacent_categories,p1_mserd,1911,563,81,482,207,356,6,201,75,281,10,52,86,129,24,24,1,1,0,-.0787488654929113,-.0637904531904154,.1901274622109314,.7372372752476927,-.436433431595841,.3088525252150102,.0024572212351301,.0024572212351301,.0043220391214107,.0043220391214107,60,89
dept_subset,conflict_dept_subset_029,Conflict-belt departments: APURIMAC + CUSCO + HUANCAVELICA + HUANUCO,bounded_department_subset,0,4,de,treat_16,2016,drop_rounding_band,adjacent_categories,p1_mserd,1911,563,83,480,207,356,6,201,77,279,10,52,86,129,24,24,1,1,0,-.078763643772552,-.0638152700069576,.1900189680567761,.7369943036280202,-.4362456037777057,.3086150637637906,.0024593736678391,.0024593736678391,.0043260079894784,.0043260079894784,60,89
dept_subset,conflict_dept_subset_029,Conflict-belt departments: APURIMAC + CUSCO + HUANCAVELICA + HUANUCO,bounded_department_subset,0,4,de,treat_23,2023,drop_rounding_band,adjacent_categories,p1_mserd,1911,563,318,245,207,356,51,156,267,89,10,52,86,129,24,24,1,1,0,-.119065400968096,-.0358115635165506,.362309751011352,.9212634069553022,-.7459256267464749,.6743024997133737,.0025110803036918,.0025110803036918,.0042141670138255,.0042141670138255,60,89
dept_subset,conflict_dept_subset_030,Conflict-belt departments: AYACUCHO + CUSCO + HUANCAVELICA + HUANUCO,bounded_department_subset,0,4,ab,treat_12,2012,drop_rounding_band,adjacent_categories,p1_mserd,2813,1487,775,712,725,762,311,414,464,298,492,648,172,158,0,6,1,1,0,-.0561628114489091,-.0922798041125974,.163423024736734,.5722993890306494,-.4125830468411944,.2280234386159996,.0271786891174666,.0271786891174666,.0418192041125202,.0418192041125202,165,107
dept_subset,conflict_dept_subset_030,Conflict-belt departments: AYACUCHO + CUSCO + HUANCAVELICA + HUANUCO,bounded_department_subset,0,4,ab,treat_16,2016,drop_rounding_band,adjacent_categories,p1_mserd,2813,1487,988,499,725,762,378,347,610,152,492,648,172,158,0,6,1,1,0,-.3130059693995944,-.3731634467988485,.1815818898809346,.0398722693958329,-.7290574112101984,-.0172694823874986,.0182731663869046,.0182731663869046,.0320735915087454,.0320735915087454,115,68
dept_subset,conflict_dept_subset_030,Conflict-belt departments: AYACUCHO + CUSCO + HUANCAVELICA + HUANUCO,bounded_department_subset,0,4,ab,treat_23,2023,drop_rounding_band,adjacent_categories,p1_mserd,2813,1487,1319,168,725,762,632,93,687,75,492,648,172,158,0,6,1,1,0,-.0015329439942384,.0096641038485015,.0957630701809265,.9196164963779813,-.1780280647550961,.197356272452099,.0420548649449815,.0420548649449815,.0564048576639176,.0564048576639176,262,165
dept_subset,conflict_dept_subset_030,Conflict-belt departments: AYACUCHO + CUSCO + HUANCAVELICA + HUANUCO,bounded_department_subset,0,4,bc,treat_12,2012,drop_rounding_band,adjacent_categories,p1_mserd,2813,1358,524,834,627,731,208,419,316,415,252,493,187,173,0,4,1,1,0,-.0159378095692634,-.0290443214953631,.1270239563902538,.819139161197553,-.2780067011940469,.2199180582033207,.0142847204311497,.0142847204311497,.0227758198883344,.0227758198883344,206,145
dept_subset,conflict_dept_subset_030,Conflict-belt departments: AYACUCHO + CUSCO + HUANCAVELICA + HUANUCO,bounded_department_subset,0,4,bc,treat_16,2016,drop_rounding_band,adjacent_categories,p1_mserd,2813,1358,598,760,627,731,214,413,384,347,252,493,187,173,0,4,1,1,0,.0373184019315441,.0204949567152514,.1410829208553765,.8844985908473783,-.2560224869950013,.297012400425504,.0130173712122745,.0130173712122745,.0205281906696688,.0205281906696688,183,130
dept_subset,conflict_dept_subset_030,Conflict-belt departments: AYACUCHO + CUSCO + HUANCAVELICA + HUANUCO,bounded_department_subset,0,4,bc,treat_23,2023,drop_rounding_band,adjacent_categories,p1_mserd,2813,1358,1197,161,627,731,559,68,638,93,252,493,187,173,0,4,1,1,0,-.0504001729431423,-.0453175555335403,.1036414543055031,.6619277457854389,-.2484510732776802,.1578159622105995,.0166928009947032,.0166928009947032,.026031405840475,.026031405840475,243,177
dept_subset,conflict_dept_subset_030,Conflict-belt departments: AYACUCHO + CUSCO + HUANCAVELICA + HUANUCO,bounded_department_subset,0,4,cd,treat_12,2012,drop_rounding_band,adjacent_categories,p1_mserd,2813,1070,285,785,440,630,76,364,209,421,52,252,150,188,3,2,1,1,0,-.0557342634704836,-.0722474082045691,.1597257482778814,.6510373075705062,-.385304122232927,.2408093058237888,.0047966563880256,.0047966563880256,.0075565692248393,.0075565692248393,139,119
dept_subset,conflict_dept_subset_030,Conflict-belt departments: AYACUCHO + CUSCO + HUANCAVELICA + HUANUCO,bounded_department_subset,0,4,cd,treat_16,2016,drop_rounding_band,adjacent_categories,p1_mserd,2813,1070,295,775,440,630,80,360,215,415,52,252,150,188,3,2,1,1,0,.0809709246974145,.0997546963224617,.1857864930612716,.5913146490761161,-.2643801388916311,.4638895315365545,.0041821289542178,.0041821289542178,.006543099797386,.006543099797386,120,106
dept_subset,conflict_dept_subset_030,Conflict-belt departments: AYACUCHO + CUSCO + HUANCAVELICA + HUANUCO,bounded_department_subset,0,4,cd,treat_23,2023,drop_rounding_band,adjacent_categories,p1_mserd,2813,1070,886,184,440,630,325,115,561,69,52,252,150,188,3,2,1,1,0,.0691404574775674,.0668861778315364,.0983305417492807,.4963666079962011,-.125838142577366,.2596104982404388,.0055067979121241,.0055067979121241,.0079664320780821,.0079664320780821,164,141
dept_subset,conflict_dept_subset_030,Conflict-belt departments: AYACUCHO + CUSCO + HUANCAVELICA + HUANUCO,bounded_department_subset,0,4,de,treat_12,2012,drop_rounding_band,adjacent_categories,p1_mserd,2813,664,80,584,248,416,5,243,75,341,11,52,105,149,25,25,1,1,0,-.0213350809929154,-.0216984360000279,.1320181577967941,.8694481586047026,-.28044927058707,.2370523985870142,.0020455167404342,.0020455167404342,.0034408799971406,.0034408799971406,74,78
dept_subset,conflict_dept_subset_030,Conflict-belt departments: AYACUCHO + CUSCO + HUANCAVELICA + HUANUCO,bounded_department_subset,0,4,de,treat_16,2016,drop_rounding_band,adjacent_categories,p1_mserd,2813,664,84,580,248,416,5,243,79,337,11,52,105,149,25,25,1,1,0,-.0214157781817368,-.0218993701565217,.1321007938104916,.8683318699383379,-.2808121683542369,.2370134280411935,.0020438542745428,.0020438542745428,.0034363491637345,.0034363491637345,74,78
dept_subset,conflict_dept_subset_030,Conflict-belt departments: AYACUCHO + CUSCO + HUANCAVELICA + HUANUCO,bounded_department_subset,0,4,de,treat_23,2023,drop_rounding_band,adjacent_categories,p1_mserd,2813,664,382,282,248,416,71,177,311,105,11,52,105,149,25,25,1,1,0,-.0106966138728017,-.0005601864958789,.3442541910797873,.998701645555643,-.6752860025392317,.6741656295474739,.00212489815992,.00212489815992,.0034596719058968,.0034596719058968,74,78
dept_subset,conflict_dept_subset_039,Conflict-belt departments: APURIMAC + AYACUCHO + CUSCO + JUNIN,bounded_department_subset,0,4,ab,treat_12,2012,drop_rounding_band,adjacent_categories,p1_mserd,2778,1646,829,817,787,859,318,469,511,348,504,723,183,187,0,5,1,1,0,-.0117632995054278,-.0473435650205898,.1531296177964525,.7571898235172685,-.3474721008680204,.2527849708268408,.0291723367794934,.0291723367794934,.0439416439817155,.0439416439817155,205,116
dept_subset,conflict_dept_subset_039,Conflict-belt departments: APURIMAC + AYACUCHO + CUSCO + JUNIN,bounded_department_subset,0,4,ab,treat_16,2016,drop_rounding_band,adjacent_categories,p1_mserd,2778,1646,1093,553,787,859,398,389,695,164,504,723,183,187,0,5,1,1,0,-.2434210408240576,-.3175515479936968,.1461476658770653,.0297943946543447,-.6039957095373381,-.0311073864500555,.0177454932537603,.0177454932537603,.0323382527496735,.0323382527496735,125,76
dept_subset,conflict_dept_subset_039,Conflict-belt departments: APURIMAC + AYACUCHO + CUSCO + JUNIN,bounded_department_subset,0,4,ab,treat_23,2023,drop_rounding_band,adjacent_categories,p1_mserd,2778,1646,1482,164,787,859,687,100,795,64,504,723,183,187,0,5,1,1,0,.0684802940553151,.0932762714030118,.081358189004817,.2515928626328899,-.0661828488938321,.2527353916998556,.0341442965371148,.0341442965371148,.0498788442390671,.0498788442390671,243,132
dept_subset,conflict_dept_subset_039,Conflict-belt departments: APURIMAC + AYACUCHO + CUSCO + JUNIN,bounded_department_subset,0,4,bc,treat_12,2012,drop_rounding_band,adjacent_categories,p1_mserd,2778,1350,486,864,559,791,165,394,321,470,233,505,181,183,0,3,1,1,0,.0879556424637746,.0950494343652594,.1503454061386079,.5272515534863949,-.1996221469074592,.3897210156379781,.0124084658654487,.0124084658654487,.0192797802640419,.0192797802640419,134,129
dept_subset,conflict_dept_subset_039,Conflict-belt departments: APURIMAC + AYACUCHO + CUSCO + JUNIN,bounded_department_subset,0,4,bc,treat_16,2016,drop_rounding_band,adjacent_categories,p1_mserd,2778,1350,570,780,559,791,169,390,401,390,233,505,181,183,0,3,1,1,0,.2105616980251855,.2156112924072583,.1492679913635515,.1486102835277281,-.0769485947099385,.508171179524455,.0133266367632184,.0133266367632184,.0205004332357808,.0205004332357808,153,136
dept_subset,conflict_dept_subset_039,Conflict-belt departments: APURIMAC + AYACUCHO + CUSCO + JUNIN,bounded_department_subset,0,4,bc,treat_23,2023,drop_rounding_band,adjacent_categories,p1_mserd,2778,1350,1162,188,559,791,472,87,690,101,233,505,181,183,0,3,1,1,0,.0558178860969476,.0794666169238449,.1181291172531021,.5011319204704276,-.1520621984177442,.3109954322654341,.0125082447793382,.0125082447793382,.0198395314458512,.0198395314458512,136,129
dept_subset,conflict_dept_subset_039,Conflict-belt departments: APURIMAC + AYACUCHO + CUSCO + JUNIN,bounded_department_subset,0,4,cd,treat_12,2012,drop_rounding_band,adjacent_categories,p1_mserd,2778,930,225,705,371,559,60,311,165,394,52,233,152,181,3,3,1,1,0,.0040423801594853,.0181898458698975,.1859098228350235,.9220575127881107,-.3461867112589707,.3825664029987656,.004007384745273,.004007384745273,.0060046778192817,.0060046778192817,120,84
dept_subset,conflict_dept_subset_039,Conflict-belt departments: APURIMAC + AYACUCHO + CUSCO + JUNIN,bounded_department_subset,0,4,cd,treat_16,2016,drop_rounding_band,adjacent_categories,p1_mserd,2778,930,233,697,371,559,64,307,169,390,52,233,152,181,3,3,1,1,0,.0716790677772414,.1077757335111796,.1895415798235979,.5696190613716272,-.263718936515896,.4792704035382552,.0038989990916174,.0038989990916174,.0061944293158961,.0061944293158961,113,84
dept_subset,conflict_dept_subset_039,Conflict-belt departments: APURIMAC + AYACUCHO + CUSCO + JUNIN,bounded_department_subset,0,4,cd,treat_23,2023,drop_rounding_band,adjacent_categories,p1_mserd,2778,930,712,218,371,559,241,130,471,88,52,233,152,181,3,3,1,1,0,.1480795887916593,.1735674601559849,.1446791972349145,.230267078514501,-.1099985557366144,.4571334760485842,.0043157651417004,.0043157651417004,.0069986276064949,.0069986276064949,125,87
dept_subset,conflict_dept_subset_039,Conflict-belt departments: APURIMAC + AYACUCHO + CUSCO + JUNIN,bounded_department_subset,0,4,de,treat_12,2012,drop_rounding_band,adjacent_categories,p1_mserd,2778,548,66,482,194,354,7,187,59,295,12,51,94,149,17,17,1,1,0,-.026825526186852,-.1154177018016125,.1486682976869848,.437546055250201,-.4068022109109821,.1759668073077572,.0013956345055698,.0013956345055698,.0028000967513387,.0028000967513387,31,41
dept_subset,conflict_dept_subset_039,Conflict-belt departments: APURIMAC + AYACUCHO + CUSCO + JUNIN,bounded_department_subset,0,4,de,treat_16,2016,drop_rounding_band,adjacent_categories,p1_mserd,2778,548,70,478,194,354,7,187,63,291,12,51,94,149,17,17,1,1,0,-.0242071568178974,-.1114522660848118,.1485320791099911,.4530389884939133,-.4025697916892485,.1796652595196248,.001394171075838,.001394171075838,.002785043430792,.002785043430792,31,41
dept_subset,conflict_dept_subset_039,Conflict-belt departments: APURIMAC + AYACUCHO + CUSCO + JUNIN,bounded_department_subset,0,4,de,treat_23,2023,drop_rounding_band,adjacent_categories,p1_mserd,2778,548,279,269,194,354,43,151,236,118,12,51,94,149,17,17,1,1,0,.0338539181942918,.1021093631572634,.3369688842779194,.7618722410990568,-.5583375139381038,.7625562402526306,.0021880124300288,.0021880124300288,.0035109783061909,.0035109783061909,61,61
dept_subset,conflict_dept_subset_043,Conflict-belt departments: APURIMAC + AYACUCHO + HUANCAVELICA + JUNIN,bounded_department_subset,0,4,ab,treat_12,2012,drop_rounding_band,adjacent_categories,p1_mserd,3053,1716,923,793,824,892,362,462,561,331,518,746,211,206,0,9,1,1,0,.0159660102757957,-.0213339223373449,.159709539534524,.8937350861066511,-.3343588678124877,.291691023137798,.0263262196823088,.0263262196823088,.0401945898598578,.0401945898598578,187,104
dept_subset,conflict_dept_subset_043,Conflict-belt departments: APURIMAC + AYACUCHO + HUANCAVELICA + JUNIN,bounded_department_subset,0,4,ab,treat_16,2016,drop_rounding_band,adjacent_categories,p1_mserd,3053,1716,1198,518,824,892,449,375,749,143,518,746,211,206,0,9,1,1,0,-.2224795098726899,-.2940263421829294,.1430182880909383,.0397954973124055,-.5743370359717422,-.0137156483941167,.0164326126961334,.0164326126961334,.0316698727747167,.0316698727747167,112,67
dept_subset,conflict_dept_subset_043,Conflict-belt departments: APURIMAC + AYACUCHO + HUANCAVELICA + JUNIN,bounded_department_subset,0,4,ab,treat_23,2023,drop_rounding_band,adjacent_categories,p1_mserd,3053,1716,1571,145,824,892,733,91,838,54,518,746,211,206,0,9,1,1,0,.0580176874843927,.0799105513594796,.0775252269208842,.3026494568627953,-.0720361012987486,.2318572040177077,.0337016939563459,.0337016939563459,.0489507559125604,.0489507559125604,242,133
dept_subset,conflict_dept_subset_043,Conflict-belt departments: APURIMAC + AYACUCHO + HUANCAVELICA + JUNIN,bounded_department_subset,0,4,bc,treat_12,2012,drop_rounding_band,adjacent_categories,p1_mserd,3053,1491,574,917,659,832,206,453,368,464,244,519,220,212,0,2,1,1,0,.1149505393878456,.118403499226688,.1325983568832798,.3718847714129598,-.1414845046737292,.3782915031271052,.0146710399269491,.0146710399269491,.0229811688739503,.0229811688739503,205,155
dept_subset,conflict_dept_subset_043,Conflict-belt departments: APURIMAC + AYACUCHO + HUANCAVELICA + JUNIN,bounded_department_subset,0,4,bc,treat_16,2016,drop_rounding_band,adjacent_categories,p1_mserd,3053,1491,666,825,659,832,210,449,456,376,244,519,220,212,0,2,1,1,0,.2279490241302307,.2455716807430323,.1427780599571263,.0854408220949875,-.0342681745554357,.5254115360415003,.0134425558968161,.0134425558968161,.0212036062790869,.0212036062790869,182,142
dept_subset,conflict_dept_subset_043,Conflict-belt departments: APURIMAC + AYACUCHO + HUANCAVELICA + JUNIN,bounded_department_subset,0,4,bc,treat_23,2023,drop_rounding_band,adjacent_categories,p1_mserd,3053,1491,1315,176,659,832,575,84,740,92,244,519,220,212,0,2,1,1,0,.0749356251823377,.1002737950988031,.0880289610683786,.2546614212405796,-.0722597981916975,.2728073883893036,.0148216583166369,.0148216583166369,.0260317782836332,.0260317782836332,206,158
dept_subset,conflict_dept_subset_043,Conflict-belt departments: APURIMAC + AYACUCHO + HUANCAVELICA + JUNIN,bounded_department_subset,0,4,cd,treat_12,2012,drop_rounding_band,adjacent_categories,p1_mserd,3053,1097,285,812,438,659,78,360,207,452,56,244,186,219,4,3,1,1,0,-.0866751650721166,-.0887681710215543,.1736437940072594,.6092051175771376,-.4291037534146748,.2515674113715662,.003799402256124,.003799402256124,.0057045682691611,.0057045682691611,134,99
dept_subset,conflict_dept_subset_043,Conflict-belt departments: APURIMAC + AYACUCHO + HUANCAVELICA + JUNIN,bounded_department_subset,0,4,cd,treat_16,2016,drop_rounding_band,adjacent_categories,p1_mserd,3053,1097,294,803,438,659,83,355,211,448,56,244,186,219,4,3,1,1,0,-.0313163062194326,-.01877494106227,.1773829401949388,.9157060313299861,-.3664391153161723,.3288892331916323,.0038008140202046,.0038008140202046,.0057940578820873,.0057940578820873,134,99
dept_subset,conflict_dept_subset_043,Conflict-belt departments: APURIMAC + AYACUCHO + HUANCAVELICA + JUNIN,bounded_department_subset,0,4,cd,treat_23,2023,drop_rounding_band,adjacent_categories,p1_mserd,3053,1097,881,216,438,659,306,132,575,84,56,244,186,219,4,3,1,1,0,.0651882664933676,.0578066312776013,.1212170835765378,.6334438823787815,-.1797744868433944,.2953877493985971,.0037588279007001,.0037588279007001,.0060504551207628,.0060504551207628,134,99
dept_subset,conflict_dept_subset_043,Conflict-belt departments: APURIMAC + AYACUCHO + HUANCAVELICA + JUNIN,bounded_department_subset,0,4,de,treat_12,2012,drop_rounding_band,adjacent_categories,p1_mserd,3053,644,87,557,228,416,10,218,77,339,12,56,117,183,23,23,1,1,0,.0118279569892475,-.0532788942588585,.2080066584820005,.7978424811799577,-.4609644534281022,.3544066649103853,.0012578245171177,.0012578245171177,.0026055704042782,.0026055704042782,32,25
dept_subset,conflict_dept_subset_043,Conflict-belt departments: APURIMAC + AYACUCHO + HUANCAVELICA + JUNIN,bounded_department_subset,0,4,de,treat_16,2016,drop_rounding_band,adjacent_categories,p1_mserd,3053,644,92,552,228,416,10,218,82,334,12,56,117,183,23,23,1,1,0,.0118279569892475,-.0532788942588585,.2080066584820005,.7978424811799577,-.4609644534281022,.3544066649103853,.0012578245171177,.0012578245171177,.0026055704042782,.0026055704042782,32,25
dept_subset,conflict_dept_subset_043,Conflict-belt departments: APURIMAC + AYACUCHO + HUANCAVELICA + JUNIN,bounded_department_subset,0,4,de,treat_23,2023,drop_rounding_band,adjacent_categories,p1_mserd,3053,644,353,291,228,416,58,170,295,121,12,56,117,183,23,23,1,1,0,.1371571548166957,.2493571433243917,.346888936140657,.4722403960333666,-.4305326781467105,.929246964795494,.0020238434415841,.0020238434415841,.0032299722167616,.0032299722167616,75,69
dept_subset,conflict_dept_subset_045,Conflict-belt departments: APURIMAC + CUSCO + HUANCAVELICA + JUNIN,bounded_department_subset,0,4,ab,treat_12,2012,drop_rounding_band,adjacent_categories,p1_mserd,1811,839,416,423,402,437,183,219,233,204,310,386,144,142,0,10,1,1,0,-.0082840132905001,.009199908412703,.1957659253749969,.962517665472737,-.3744942547224466,.3928940715478527,.0470421488491006,.0470421488491006,.0626471151803583,.0626471151803583,172,85
dept_subset,conflict_dept_subset_045,Conflict-belt departments: APURIMAC + CUSCO + HUANCAVELICA + JUNIN,bounded_department_subset,0,4,ab,treat_16,2016,drop_rounding_band,adjacent_categories,p1_mserd,1811,839,557,282,402,437,224,178,333,104,310,386,144,142,0,10,1,1,0,-.0765079410158986,-.0823849836549329,.1574022657440065,.6006931051459274,-.3908877555981883,.2261177882883226,.0535764605974118,.0535764605974118,.0675966671273667,.0675966671273667,196,97
dept_subset,conflict_dept_subset_045,Conflict-belt departments: APURIMAC + CUSCO + HUANCAVELICA + JUNIN,bounded_department_subset,0,4,ab,treat_23,2023,drop_rounding_band,adjacent_categories,p1_mserd,1811,839,755,84,402,437,353,49,402,35,310,386,144,142,0,10,1,1,0,.1082603362201231,.1602688403389751,.0893273109947211,.0727852194388662,-.0148094720464871,.3353471527244374,.0383439466738072,.0383439466738072,.0623230675724495,.0623230675724495,125,69
dept_subset,conflict_dept_subset_045,Conflict-belt departments: APURIMAC + CUSCO + HUANCAVELICA + JUNIN,bounded_department_subset,0,4,bc,treat_12,2012,drop_rounding_band,adjacent_categories,p1_mserd,1811,852,326,526,441,411,136,305,190,221,198,311,153,145,0,1,1,1,0,.1502540960689422,.1977404748532302,.1804905424061468,.2732659015823382,-.1560144878129169,.5514954375193772,.0128355677141344,.0128355677141344,.0199510878400161,.0199510878400161,97,78
dept_subset,conflict_dept_subset_045,Conflict-belt departments: APURIMAC + CUSCO + HUANCAVELICA + JUNIN,bounded_department_subset,0,4,bc,treat_16,2016,drop_rounding_band,adjacent_categories,p1_mserd,1811,852,370,482,441,411,138,303,232,179,198,311,153,145,0,1,1,1,0,.2568234387184286,.3303158749415632,.1883037717813536,.0794022484548779,-.0387527359029394,.6993844857860658,.0108894870121716,.0108894870121716,.0182929151685424,.0182929151685424,85,70
dept_subset,conflict_dept_subset_045,Conflict-belt departments: APURIMAC + CUSCO + HUANCAVELICA + JUNIN,bounded_department_subset,0,4,bc,treat_23,2023,drop_rounding_band,adjacent_categories,p1_mserd,1811,852,735,117,441,411,374,67,361,50,198,311,153,145,0,1,1,1,0,.0428515119996433,.0527325428694918,.1376914471893811,.7017374342856728,-.217137734600894,.3226028203398776,.013992366823818,.013992366823818,.0218080577663308,.0218080577663308,103,83
dept_subset,conflict_dept_subset_045,Conflict-belt departments: APURIMAC + CUSCO + HUANCAVELICA + JUNIN,bounded_department_subset,0,4,cd,treat_12,2012,drop_rounding_band,adjacent_categories,p1_mserd,1811,780,202,578,338,442,65,273,137,305,54,198,139,153,2,1,1,1,0,-.1473178630248898,-.142266548837818,.1679200784289276,.3968681934611003,-.4713838548396572,.1868507571640212,.0047401074353892,.0047401074353892,.0068498894255422,.0068498894255422,124,94
dept_subset,conflict_dept_subset_045,Conflict-belt departments: APURIMAC + CUSCO + HUANCAVELICA + JUNIN,bounded_department_subset,0,4,cd,treat_16,2016,drop_rounding_band,adjacent_categories,p1_mserd,1811,780,207,573,338,442,68,270,139,303,54,198,139,153,2,1,1,1,0,-.1457606368674231,-.1310434614152413,.1687478829670307,.4374162912825488,-.4617832344980013,.1996963116675188,.0046986827758865,.0046986827758865,.0068590665561187,.0068590665561187,124,94
dept_subset,conflict_dept_subset_045,Conflict-belt departments: APURIMAC + CUSCO + HUANCAVELICA + JUNIN,bounded_department_subset,0,4,cd,treat_23,2023,drop_rounding_band,adjacent_categories,p1_mserd,1811,780,607,173,338,442,233,105,374,68,54,198,139,153,2,1,1,1,0,.1077629222722312,.1233716435937349,.1351080741232373,.3611725863996712,-.1414353157083782,.3881786028958479,.0053780012852694,.0053780012852694,.0085028218357433,.0085028218357433,138,108
dept_subset,conflict_dept_subset_045,Conflict-belt departments: APURIMAC + CUSCO + HUANCAVELICA + JUNIN,bounded_department_subset,0,4,de,treat_12,2012,drop_rounding_band,adjacent_categories,p1_mserd,1811,500,73,427,181,319,9,172,64,255,11,54,89,137,20,20,1,1,0,-.1609606949589645,-.1797771842888548,.1607993867907568,.2635577773245065,-.4949381911348638,.1353838225571542,.0018617258362688,.0018617258362688,.0033048988960173,.0033048988960173,52,35
dept_subset,conflict_dept_subset_045,Conflict-belt departments: APURIMAC + CUSCO + HUANCAVELICA + JUNIN,bounded_department_subset,0,4,de,treat_16,2016,drop_rounding_band,adjacent_categories,p1_mserd,1811,500,76,424,181,319,9,172,67,252,11,54,89,137,20,20,1,1,0,-.1609606949589645,-.1797771842888548,.1607993867907568,.2635577773245065,-.4949381911348638,.1353838225571542,.0018617258362688,.0018617258362688,.0033048988960173,.0033048988960173,52,35
dept_subset,conflict_dept_subset_045,Conflict-belt departments: APURIMAC + CUSCO + HUANCAVELICA + JUNIN,bounded_department_subset,0,4,de,treat_23,2023,drop_rounding_band,adjacent_categories,p1_mserd,1811,500,259,241,181,319,35,146,224,95,11,54,89,137,20,20,1,1,0,.2436542493038951,.4475799305584958,.3732504237866772,.230473078083702,-.2839774572777036,1.179137318394695,.0019062700838026,.0019062700838026,.0032412158907312,.0032412158907312,52,55
dept_subset,conflict_dept_subset_046,Conflict-belt departments: AYACUCHO + CUSCO + HUANCAVELICA + JUNIN,bounded_department_subset,0,4,ab,treat_12,2012,drop_rounding_band,adjacent_categories,p1_mserd,2713,1488,801,687,741,747,321,420,480,267,483,632,172,163,0,9,1,1,0,-.02896879442397,-.0605012981853987,.1619593225125055,.7087327380302211,-.3779357372704166,.2569331408996192,.0277020122276486,.0277020122276486,.0414506667493316,.0414506667493316,172,103
dept_subset,conflict_dept_subset_046,Conflict-belt departments: AYACUCHO + CUSCO + HUANCAVELICA + JUNIN,bounded_department_subset,0,4,ab,treat_16,2016,drop_rounding_band,adjacent_categories,p1_mserd,2713,1488,1011,477,741,747,392,349,619,128,483,632,172,163,0,9,1,1,0,-.1833551740458308,-.2558057665335285,.1504908436681382,.0891667630136776,-.5507624001261269,.0391508670590699,.0172136592199961,.0172136592199961,.0323567217309303,.0323567217309303,108,67
dept_subset,conflict_dept_subset_046,Conflict-belt departments: AYACUCHO + CUSCO + HUANCAVELICA + JUNIN,bounded_department_subset,0,4,ab,treat_23,2023,drop_rounding_band,adjacent_categories,p1_mserd,2713,1488,1338,150,741,747,651,90,687,60,483,632,172,163,0,9,1,1,0,.0612756336712865,.0878214209934916,.087667970081946,.316464175224938,-.0840046429648575,.2596474849518405,.0344125599738198,.0344125599738198,.0519055217759024,.0519055217759024,215,123
dept_subset,conflict_dept_subset_046,Conflict-belt departments: AYACUCHO + CUSCO + HUANCAVELICA + JUNIN,bounded_department_subset,0,4,bc,treat_12,2012,drop_rounding_band,adjacent_categories,p1_mserd,2713,1341,509,832,591,750,181,410,328,422,232,484,184,173,0,3,1,1,0,-.0607796372186474,-.0940468441549032,.1275811117304109,.4610290975897953,-.344101228254089,.1560075399442827,.0140550882636019,.0140550882636019,.0237314493123687,.0237314493123687,165,136
dept_subset,conflict_dept_subset_046,Conflict-belt departments: AYACUCHO + CUSCO + HUANCAVELICA + JUNIN,bounded_department_subset,0,4,bc,treat_16,2016,drop_rounding_band,adjacent_categories,p1_mserd,2713,1341,586,755,591,750,186,405,400,350,232,484,184,173,0,3,1,1,0,.0762081261816343,.0590069905110479,.141148101180763,.6759104218347191,-.217638204289463,.3356521853115587,.0144924145749462,.0144924145749462,.0227080419940696,.0227080419940696,175,141
dept_subset,conflict_dept_subset_046,Conflict-belt departments: AYACUCHO + CUSCO + HUANCAVELICA + JUNIN,bounded_department_subset,0,4,bc,treat_23,2023,drop_rounding_band,adjacent_categories,p1_mserd,2713,1341,1175,166,591,750,516,75,659,91,232,484,184,173,0,3,1,1,0,-.0258188720136019,-.0095251604058559,.1094683286483363,.9306612316194877,-.2240791420043892,.2050288211926774,.0152651740059156,.0152651740059156,.0252083259680467,.0252083259680467,183,153
dept_subset,conflict_dept_subset_046,Conflict-belt departments: AYACUCHO + CUSCO + HUANCAVELICA + JUNIN,bounded_department_subset,0,4,cd,treat_12,2012,drop_rounding_band,adjacent_categories,p1_mserd,2713,992,247,745,399,593,65,334,182,411,53,232,160,185,3,2,1,1,0,-.0352133309399603,-.0225699165587202,.1736645628785783,.8965959325478448,-.3629462051916252,.3178063720741848,.0041117330875472,.0041117330875472,.0062111959363041,.0062111959363041,124,97
dept_subset,conflict_dept_subset_046,Conflict-belt departments: AYACUCHO + CUSCO + HUANCAVELICA + JUNIN,bounded_department_subset,0,4,cd,treat_16,2016,drop_rounding_band,adjacent_categories,p1_mserd,2713,992,257,735,399,593,70,329,187,406,53,232,160,185,3,2,1,1,0,.0260077840801407,.0586457000178089,.1846035008316934,.7507241499881926,-.30317051303232,.4204619130679379,.003851044480129,.003851044480129,.0061398093768015,.0061398093768015,117,92
dept_subset,conflict_dept_subset_046,Conflict-belt departments: AYACUCHO + CUSCO + HUANCAVELICA + JUNIN,bounded_department_subset,0,4,cd,treat_23,2023,drop_rounding_band,adjacent_categories,p1_mserd,2713,992,796,196,399,593,279,120,517,76,53,232,160,185,3,2,1,1,0,.2326646481458055,.272112632214043,.1130305454333566,.0160654338833107,.0505768340117458,.4936484304163402,.0038509362984307,.0038509362984307,.0069327875548476,.0069327875548476,117,92
dept_subset,conflict_dept_subset_046,Conflict-belt departments: AYACUCHO + CUSCO + HUANCAVELICA + JUNIN,bounded_department_subset,0,4,de,treat_12,2012,drop_rounding_band,adjacent_categories,p1_mserd,2713,601,72,529,222,379,8,214,64,315,12,53,108,157,21,21,1,1,0,0,-.0420059103258343,.2659927565113205,.8745188479833822,-.5633421332365544,.4793303125848857,.0011286299866688,.0011286299866688,.0025159963778722,.0025159963778722,30,20
dept_subset,conflict_dept_subset_046,Conflict-belt departments: AYACUCHO + CUSCO + HUANCAVELICA + JUNIN,bounded_department_subset,0,4,de,treat_16,2016,drop_rounding_band,adjacent_categories,p1_mserd,2713,601,77,524,222,379,8,214,69,310,12,53,108,157,21,21,1,1,0,0,-.0420059103258343,.2659927565113205,.8745188479833822,-.5633421332365544,.4793303125848857,.0011286299866688,.0011286299866688,.0025159963778722,.0025159963778722,30,20
dept_subset,conflict_dept_subset_046,Conflict-belt departments: AYACUCHO + CUSCO + HUANCAVELICA + JUNIN,bounded_department_subset,0,4,de,treat_23,2023,drop_rounding_band,adjacent_categories,p1_mserd,2713,601,323,278,222,379,55,167,268,111,12,53,108,157,21,21,1,1,0,.1913118713994768,.3023229396788825,.3586447316854203,.399251163423903,-.4006078176695723,1.005253697027337,.0020448148886574,.0020448148886574,.0034044027894878,.0034044027894878,71,64
dept_subset,conflict_dept_subset_051,Conflict-belt departments: APURIMAC + AYACUCHO + HUANUCO + JUNIN,bounded_department_subset,0,4,ab,treat_12,2012,drop_rounding_band,adjacent_categories,p1_mserd,3490,1874,951,923,901,973,374,527,577,396,546,811,216,210,0,4,1,1,0,.0179324855468592,-.0224243902150812,.1537898016451327,.884069845349482,-.3238468626291001,.2789980821989376,.0271969624244595,.0271969624244595,.0421993855605497,.0421993855605497,208,123
dept_subset,conflict_dept_subset_051,Conflict-belt departments: APURIMAC + AYACUCHO + HUANUCO + JUNIN,bounded_department_subset,0,4,ab,treat_16,2016,drop_rounding_band,adjacent_categories,p1_mserd,3490,1874,1243,631,901,973,460,441,783,190,546,811,216,210,0,4,1,1,0,-.2891960861696354,-.3554137726419369,.16678871689507,.0330955555479228,-.6823136507839211,-.0285138944999525,.0165864588141569,.0165864588141569,.0301995927089315,.0301995927089315,123,78
dept_subset,conflict_dept_subset_051,Conflict-belt departments: APURIMAC + AYACUCHO + HUANUCO + JUNIN,bounded_department_subset,0,4,ab,treat_23,2023,drop_rounding_band,adjacent_categories,p1_mserd,3490,1874,1684,190,901,973,785,116,899,74,546,811,216,210,0,4,1,1,0,.0161058926990498,.0330106755020922,.0774253156536955,.6698491389503843,-.1187401546707961,.1847615056749806,.0412281196015709,.0412281196015709,.0569350121807554,.0569350121807554,327,188
dept_subset,conflict_dept_subset_051,Conflict-belt departments: APURIMAC + AYACUCHO + HUANUCO + JUNIN,bounded_department_subset,0,4,bc,treat_12,2012,drop_rounding_band,adjacent_categories,p1_mserd,3490,1652,626,1026,748,904,250,498,376,528,267,547,234,216,0,3,1,1,0,.0084572958598276,.0054996997892902,.1511518306652819,.9709751612470714,-.2907524445119591,.3017518440905395,.0107593310973555,.0107593310973555,.0171608562585992,.0171608562585992,156,147
dept_subset,conflict_dept_subset_051,Conflict-belt departments: APURIMAC + AYACUCHO + HUANUCO + JUNIN,bounded_department_subset,0,4,bc,treat_16,2016,drop_rounding_band,adjacent_categories,p1_mserd,3490,1652,716,936,748,904,254,494,462,442,267,547,234,216,0,3,1,1,0,.0847987397685983,.0683556883114708,.1538602280609808,.6568464260119309,-.2332048173411706,.3699161939641121,.010765465506048,.010765465506048,.0171699058035444,.0171699058035444,156,147
dept_subset,conflict_dept_subset_051,Conflict-belt departments: APURIMAC + AYACUCHO + HUANUCO + JUNIN,bounded_department_subset,0,4,bc,treat_23,2023,drop_rounding_band,adjacent_categories,p1_mserd,3490,1652,1430,222,748,904,643,105,787,117,267,547,234,216,0,3,1,1,0,.0836875563071739,.0969764934687534,.0942412144074268,.3034682871723511,-.0877328926291204,.2816858795666272,.0147026523885854,.0147026523885854,.0241307002468953,.0241307002468953,232,197
dept_subset,conflict_dept_subset_051,Conflict-belt departments: APURIMAC + AYACUCHO + HUANUCO + JUNIN,bounded_department_subset,0,4,cd,treat_12,2012,drop_rounding_band,adjacent_categories,p1_mserd,3490,1312,343,969,564,748,93,471,250,498,53,267,201,233,3,3,1,1,0,.043083292601106,.0446184480669022,.1508356230722101,.7673763887160163,-.2510139407402884,.3402508368740928,.0041000013033062,.0041000013033062,.0060327700661019,.0060327700661019,165,124
dept_subset,conflict_dept_subset_051,Conflict-belt departments: APURIMAC + AYACUCHO + HUANUCO + JUNIN,bounded_department_subset,0,4,cd,treat_16,2016,drop_rounding_band,adjacent_categories,p1_mserd,3490,1312,352,960,564,748,98,466,254,494,53,267,201,233,3,3,1,1,0,.130257817948899,.1559986124077354,.1572296002728587,.3211142322674387,-.1521657414306967,.4641629662461675,.0040292246856681,.0040292246856681,.0062010973979865,.0062010973979865,165,123
dept_subset,conflict_dept_subset_051,Conflict-belt departments: APURIMAC + AYACUCHO + HUANUCO + JUNIN,bounded_department_subset,0,4,cd,treat_23,2023,drop_rounding_band,adjacent_categories,p1_mserd,3490,1312,1023,289,564,748,380,184,643,105,53,267,201,233,3,3,1,1,0,.1257931407472428,.1355394906100362,.1090127300841277,.2137439122488582,-.07812153421124,.3492005154313125,.004308103381979,.004308103381979,.0065625240154138,.0065625240154138,170,128
dept_subset,conflict_dept_subset_051,Conflict-belt departments: APURIMAC + AYACUCHO + HUANUCO + JUNIN,bounded_department_subset,0,4,de,treat_12,2012,drop_rounding_band,adjacent_categories,p1_mserd,3490,832,99,733,297,535,8,289,91,444,12,52,124,198,29,29,1,1,0,-.0503724723455053,-.0664782308117384,.0972569850861483,.4942709362703902,-.2570984188255382,.1241419572020613,.00182094956171,.00182094956171,.0029795163719402,.0029795163719402,90,72
dept_subset,conflict_dept_subset_051,Conflict-belt departments: APURIMAC + AYACUCHO + HUANUCO + JUNIN,bounded_department_subset,0,4,de,treat_16,2016,drop_rounding_band,adjacent_categories,p1_mserd,3490,832,104,728,297,535,8,289,96,439,12,52,124,198,29,29,1,1,0,-.0503210015099191,-.0655565948584325,.0973092781765115,.5005064130416834,-.2562792754459844,.1251660857291195,.0018213097637669,.0018213097637669,.0029797582583654,.0029797582583654,90,72
dept_subset,conflict_dept_subset_051,Conflict-belt departments: APURIMAC + AYACUCHO + HUANUCO + JUNIN,bounded_department_subset,0,4,de,treat_23,2023,drop_rounding_band,adjacent_categories,p1_mserd,3490,832,437,395,297,535,68,229,369,166,12,52,124,198,29,29,1,1,0,.0235669773735316,.1056870214278511,.3217327862592237,.7425388109433323,-.5248976522859503,.7362716951416526,.0020177514129438,.0020177514129438,.0032086566385009,.0032086566385009,90,105
dept_subset,conflict_dept_subset_053,Conflict-belt departments: APURIMAC + CUSCO + HUANUCO + JUNIN,bounded_department_subset,0,4,ab,treat_12,2012,drop_rounding_band,adjacent_categories,p1_mserd,2248,997,444,553,479,518,195,284,249,269,353,466,149,146,0,5,1,1,0,.0660592585972204,.072841688033948,.1711727824118315,.6704395679363347,-.2626508006267529,.4083341766946489,.0431056542927232,.0431056542927232,.0593677004309673,.0593677004309673,171,105
dept_subset,conflict_dept_subset_053,Conflict-belt departments: APURIMAC + CUSCO + HUANUCO + JUNIN,bounded_department_subset,0,4,ab,treat_16,2016,drop_rounding_band,adjacent_categories,p1_mserd,2248,997,602,395,479,518,235,244,367,151,353,466,149,146,0,5,1,1,0,-.1447564441422668,-.1881939001933135,.1668139661031147,.2592496799769663,-.5151432658737036,.1387554654870766,.0399346953217312,.0399346953217312,.0583449430467334,.0583449430467334,156,97
dept_subset,conflict_dept_subset_053,Conflict-belt departments: APURIMAC + CUSCO + HUANUCO + JUNIN,bounded_department_subset,0,4,ab,treat_23,2023,drop_rounding_band,adjacent_categories,p1_mserd,2248,997,868,129,479,518,405,74,463,55,353,466,149,146,0,5,1,1,0,.03094385590208,.0673808800153597,.095922178426139,.4823963256080671,-.1206231350184976,.255384895049217,.0483962120016341,.0483962120016341,.0626146080504222,.0626146080504222,198,117
dept_subset,conflict_dept_subset_053,Conflict-belt departments: APURIMAC + CUSCO + HUANUCO + JUNIN,bounded_department_subset,0,4,bc,treat_12,2012,drop_rounding_band,adjacent_categories,p1_mserd,2248,1013,378,635,530,483,180,350,198,285,230,354,167,149,0,2,1,1,0,-.0305961982744428,-.0260110211631845,.1848169346288404,.8880758323819108,-.3882455567688052,.3362235144424361,.0108638475499228,.0108638475499228,.016982865627072,.016982865627072,96,100
dept_subset,conflict_dept_subset_053,Conflict-belt departments: APURIMAC + CUSCO + HUANUCO + JUNIN,bounded_department_subset,0,4,bc,treat_16,2016,drop_rounding_band,adjacent_categories,p1_mserd,2248,1013,420,593,530,483,182,348,238,245,230,354,167,149,0,2,1,1,0,.0315503240028755,.0317602057394394,.1857776567173119,.8642566673031419,-.3323573105587375,.3958777220376164,.010960079153517,.010960079153517,.0171392934313563,.0171392934313563,99,100
dept_subset,conflict_dept_subset_053,Conflict-belt departments: APURIMAC + CUSCO + HUANUCO + JUNIN,bounded_department_subset,0,4,bc,treat_23,2023,drop_rounding_band,adjacent_categories,p1_mserd,2248,1013,850,163,530,483,442,88,408,75,230,354,167,149,0,2,1,1,0,.0930406972479541,.0896391563285712,.1370406462577024,.5130432935077027,-.1789555747546191,.3582338874117615,.0132020409758564,.0132020409758564,.0213004149440499,.0213004149440499,124,113
dept_subset,conflict_dept_subset_053,Conflict-belt departments: APURIMAC + CUSCO + HUANUCO + JUNIN,bounded_department_subset,0,4,cd,treat_12,2012,drop_rounding_band,adjacent_categories,p1_mserd,2248,995,260,735,464,531,80,384,180,351,52,230,154,167,1,1,1,1,0,.0024543850052999,-.0132631308293685,.1499521084392857,.9295197285107961,-.307163862776213,.2806376011174761,.0051069939463172,.0051069939463172,.0076509623723339,.0076509623723339,160,125
dept_subset,conflict_dept_subset_053,Conflict-belt departments: APURIMAC + CUSCO + HUANUCO + JUNIN,bounded_department_subset,0,4,cd,treat_16,2016,drop_rounding_band,adjacent_categories,p1_mserd,2248,995,265,730,464,531,83,381,182,349,52,230,154,167,1,1,1,1,0,.0448830642428149,.043126269763673,.1565344438898483,.7829270689155332,-.2636756026004356,.3499281421277815,.0053008300968524,.0053008300968524,.0078319334469045,.0078319334469045,168,134
dept_subset,conflict_dept_subset_053,Conflict-belt departments: APURIMAC + CUSCO + HUANUCO + JUNIN,bounded_department_subset,0,4,cd,treat_23,2023,drop_rounding_band,adjacent_categories,p1_mserd,2248,995,749,246,464,531,307,157,442,89,52,230,154,167,1,1,1,1,0,.1308105312530443,.1477064888055668,.1211330726627692,.2227023692021612,-.0897099709501342,.3851229485612678,.0055241428518702,.0055241428518702,.0084461337798501,.0084461337798501,184,140
dept_subset,conflict_dept_subset_053,Conflict-belt departments: APURIMAC + CUSCO + HUANUCO + JUNIN,bounded_department_subset,0,4,de,treat_12,2012,drop_rounding_band,adjacent_categories,p1_mserd,2248,688,85,603,250,438,7,243,78,360,11,51,96,152,26,26,1,1,0,-.0230210357812055,.0023446755959308,.1316843437089975,.9857941987491856,-.255751895401498,.2604412465933595,.0019999631182903,.0019999631182903,.0032284811993825,.0032284811993825,67,91
dept_subset,conflict_dept_subset_053,Conflict-belt departments: APURIMAC + CUSCO + HUANUCO + JUNIN,bounded_department_subset,0,4,de,treat_16,2016,drop_rounding_band,adjacent_categories,p1_mserd,2248,688,88,600,250,438,7,243,81,357,11,51,96,152,26,26,1,1,0,-.0230103392004281,.0020471673784238,.1320509550660835,.9876310033665114,-.2567679486752169,.2608622834320644,.0020002171126992,.0020002171126992,.0032439086913776,.0032439086913776,67,91
dept_subset,conflict_dept_subset_053,Conflict-belt departments: APURIMAC + CUSCO + HUANUCO + JUNIN,bounded_department_subset,0,4,de,treat_23,2023,drop_rounding_band,adjacent_categories,p1_mserd,2248,688,343,345,250,438,45,205,298,140,11,51,96,152,26,26,1,1,0,.0765859953727537,.2244054774138218,.3581792493574211,.5309757276710458,-.4776129513363148,.9264239061639583,.0019469681004234,.0019469681004234,.0031729288482244,.0031729288482244,67,91
dept_subset,conflict_dept_subset_054,Conflict-belt departments: AYACUCHO + CUSCO + HUANUCO + JUNIN,bounded_department_subset,0,4,ab,treat_12,2012,drop_rounding_band,adjacent_categories,p1_mserd,3150,1646,829,817,818,828,333,485,496,332,511,701,177,167,0,4,1,1,0,-.0021073936678568,-.0453131044277724,.1457696128175653,.7559114217380385,-.3310162955905486,.2403900867350038,.0305119860754279,.0305119860754279,.047281203658221,.047281203658221,202,129
dept_subset,conflict_dept_subset_054,Conflict-belt departments: AYACUCHO + CUSCO + HUANUCO + JUNIN,bounded_department_subset,0,4,ab,treat_16,2016,drop_rounding_band,adjacent_categories,p1_mserd,3150,1646,1056,590,818,828,403,415,653,175,511,701,177,167,0,4,1,1,0,-.2539221836613901,-.3196691275515986,.1729326157925658,.06452738064359,-.65861082625733,.0192725711541329,.0172575397776743,.0172575397776743,.0305862336877221,.0305862336877221,118,79
dept_subset,conflict_dept_subset_054,Conflict-belt departments: AYACUCHO + CUSCO + HUANUCO + JUNIN,bounded_department_subset,0,4,ab,treat_23,2023,drop_rounding_band,adjacent_categories,p1_mserd,3150,1646,1451,195,818,828,703,115,748,80,511,701,177,167,0,4,1,1,0,.0202153192235128,.0364271518651071,.0826370726430224,.6593513956044845,-.125538534303037,.1983928380332513,.044027542158776,.044027542158776,.0588414705265685,.0588414705265685,311,184
dept_subset,conflict_dept_subset_054,Conflict-belt departments: AYACUCHO + CUSCO + HUANUCO + JUNIN,bounded_department_subset,0,4,bc,treat_12,2012,drop_rounding_band,adjacent_categories,p1_mserd,3150,1502,561,941,680,822,225,455,336,486,258,512,198,177,0,4,1,1,0,-.2203539097044557,-.2676830862931739,.170193218344043,.1157607909349816,-.6012556646604599,.0658894920741119,.0084332498561459,.0084332498561459,.0153064082237263,.0153064082237263,113,103
dept_subset,conflict_dept_subset_054,Conflict-belt departments: AYACUCHO + CUSCO + HUANUCO + JUNIN,bounded_department_subset,0,4,bc,treat_16,2016,drop_rounding_band,adjacent_categories,p1_mserd,3150,1502,636,866,680,822,230,450,406,416,258,512,198,177,0,4,1,1,0,-.1506384529377248,-.2090407809529002,.1778984084000595,.2399718878486015,-.5577152543240147,.1396336924182142,.0081391296677947,.0081391296677947,.0151227459185366,.0151227459185366,106,97
dept_subset,conflict_dept_subset_054,Conflict-belt departments: AYACUCHO + CUSCO + HUANUCO + JUNIN,bounded_department_subset,0,4,bc,treat_23,2023,drop_rounding_band,adjacent_categories,p1_mserd,3150,1502,1290,212,680,822,584,96,706,116,258,512,198,177,0,4,1,1,0,.0060924806444334,.0106804466430199,.1107818155617023,.9231951524002247,-.2064479219998755,.2278088152859153,.014012849134675,.014012849134675,.022319915560996,.022319915560996,192,172
dept_subset,conflict_dept_subset_054,Conflict-belt departments: AYACUCHO + CUSCO + HUANUCO + JUNIN,bounded_department_subset,0,4,cd,treat_12,2012,drop_rounding_band,adjacent_categories,p1_mserd,3150,1207,305,902,525,682,80,445,225,457,51,258,175,199,2,2,1,1,0,.0778949054966483,.0812577501544911,.1516008978043274,.5919600597328625,-.2158745495659278,.37839004987491,.0043894814966964,.0043894814966964,.0066300315870874,.0066300315870874,154,121
dept_subset,conflict_dept_subset_054,Conflict-belt departments: AYACUCHO + CUSCO + HUANUCO + JUNIN,bounded_department_subset,0,4,cd,treat_16,2016,drop_rounding_band,adjacent_categories,p1_mserd,3150,1207,315,892,525,682,85,440,230,452,51,258,175,199,2,2,1,1,0,.1863394505232062,.2186177056476861,.1629103842548434,.1796119782805184,-.100680780199388,.5379161914947602,.0040584840290307,.0040584840290307,.0065475026846319,.0065475026846319,148,116
dept_subset,conflict_dept_subset_054,Conflict-belt departments: AYACUCHO + CUSCO + HUANUCO + JUNIN,bounded_department_subset,0,4,cd,treat_23,2023,drop_rounding_band,adjacent_categories,p1_mserd,3150,1207,938,269,525,682,353,172,585,97,51,258,175,199,2,2,1,1,0,.248297395271676,.2870815753899072,.0988486433952296,.0036812928318607,.0933417944146142,.4808213563652002,.0041983208403684,.0041983208403684,.007450092077277,.007450092077277,154,118
dept_subset,conflict_dept_subset_054,Conflict-belt departments: AYACUCHO + CUSCO + HUANUCO + JUNIN,bounded_department_subset,0,4,de,treat_12,2012,drop_rounding_band,adjacent_categories,p1_mserd,3150,789,84,705,291,498,6,285,78,420,12,50,115,172,27,27,1,1,0,-.0308661433199504,-.0580949357789959,.0961396479827161,.5456597875166272,-.2465251833114782,.1303353117534864,.0017823184939753,.0017823184939753,.0030242962161585,.0030242962161585,45,69
dept_subset,conflict_dept_subset_054,Conflict-belt departments: AYACUCHO + CUSCO + HUANUCO + JUNIN,bounded_department_subset,0,4,de,treat_16,2016,drop_rounding_band,adjacent_categories,p1_mserd,3150,789,89,700,291,498,6,285,83,415,12,50,115,172,27,27,1,1,0,-.0308305184398709,-.0581844289564171,.0961877137238426,.545242120839454,-.2467088836103977,.1303400256975635,.0017809844773727,.0017809844773727,.0030214861919124,.0030214861919124,45,69
dept_subset,conflict_dept_subset_054,Conflict-belt departments: AYACUCHO + CUSCO + HUANUCO + JUNIN,bounded_department_subset,0,4,de,treat_23,2023,drop_rounding_band,adjacent_categories,p1_mserd,3150,789,407,382,291,498,65,226,342,156,12,50,115,172,27,27,1,1,0,.0381430533208107,.1003154043209542,.3192080372180073,.7533209906750501,-.525320852202061,.7259516608439694,.0021711422853322,.0021711422853322,.0035586134524667,.0035586134524667,86,100
dept_subset,conflict_dept_subset_057,Conflict-belt departments: APURIMAC + HUANCAVELICA + HUANUCO + JUNIN,bounded_department_subset,0,4,ab,treat_12,2012,drop_rounding_band,adjacent_categories,p1_mserd,2523,1067,538,529,516,551,239,277,299,252,372,490,177,165,0,9,1,1,0,.102732674914227,.1016711068130489,.1807344761563162,.5737453901201819,-.2525619572180438,.4559041708441416,.04355772509424,.04355772509424,.0596786617915925,.0596786617915925,177,111
dept_subset,conflict_dept_subset_057,Conflict-belt departments: APURIMAC + HUANCAVELICA + HUANUCO + JUNIN,bounded_department_subset,0,4,ab,treat_16,2016,drop_rounding_band,adjacent_categories,p1_mserd,2523,1067,707,360,516,551,286,230,421,130,372,490,177,165,0,9,1,1,0,-.1006520578170935,-.1475508440578825,.1821632708341734,.4179446096324878,-.5045842941988781,.2094826060831129,.0383005926776919,.0383005926776919,.0566565876866031,.0566565876866031,150,96
dept_subset,conflict_dept_subset_057,Conflict-belt departments: APURIMAC + HUANCAVELICA + HUANUCO + JUNIN,bounded_department_subset,0,4,ab,treat_23,2023,drop_rounding_band,adjacent_categories,p1_mserd,2523,1067,957,110,516,551,451,65,506,45,372,490,177,165,0,9,1,1,0,.0026536004176321,.0381953917912667,.092913580254238,.6810101086506062,-.1439118791817117,.2203026627642451,.0463000319200286,.0463000319200286,.0612302265427707,.0612302265427707,202,116
dept_subset,conflict_dept_subset_057,Conflict-belt departments: APURIMAC + HUANCAVELICA + HUANUCO + JUNIN,bounded_department_subset,0,4,bc,treat_12,2012,drop_rounding_band,adjacent_categories,p1_mserd,2523,1154,466,688,630,524,221,409,245,279,247,373,206,178,0,1,1,1,0,.0178628520955623,-.0034741044398352,.1408000187431433,.9803149666954615,-.2794370701989605,.2724888613192901,.0160698381404272,.0160698381404272,.0248531933722336,.0248531933722336,188,145
dept_subset,conflict_dept_subset_057,Conflict-belt departments: APURIMAC + HUANCAVELICA + HUANUCO + JUNIN,bounded_department_subset,0,4,bc,treat_16,2016,drop_rounding_band,adjacent_categories,p1_mserd,2523,1154,516,638,630,524,223,407,293,231,247,373,206,178,0,1,1,1,0,.0801214737916373,.0666792137328561,.1376452717072385,.6280822022293721,-.2031005614555614,.3364589889212736,.0168027357101886,.0168027357101886,.025517728914793,.025517728914793,200,151
dept_subset,conflict_dept_subset_057,Conflict-belt departments: APURIMAC + HUANCAVELICA + HUANUCO + JUNIN,bounded_department_subset,0,4,bc,treat_23,2023,drop_rounding_band,adjacent_categories,p1_mserd,2523,1154,1003,151,630,524,545,85,458,66,247,373,206,178,0,1,1,1,0,.0902239129395095,.0914697918712477,.1044818498991533,.3813230847504458,-.1133108709692126,.296250454711708,.0154468743150364,.0154468743150364,.0253117953968517,.0253117953968517,183,141
dept_subset,conflict_dept_subset_057,Conflict-belt departments: APURIMAC + HUANCAVELICA + HUANUCO + JUNIN,bounded_department_subset,0,4,cd,treat_12,2012,drop_rounding_band,adjacent_categories,p1_mserd,2523,1162,320,842,531,631,98,433,222,409,56,247,188,205,2,1,1,1,0,-.0565869138234878,-.0619534571065966,.1397997195002164,.6576509743479151,-.3359558723758226,.2120489581626294,.0047600720894864,.0047600720894864,.0069822635345034,.0069822635345034,178,138
dept_subset,conflict_dept_subset_057,Conflict-belt departments: APURIMAC + HUANCAVELICA + HUANUCO + JUNIN,bounded_department_subset,0,4,cd,treat_16,2016,drop_rounding_band,adjacent_categories,p1_mserd,2523,1162,326,836,531,631,102,429,224,407,56,247,188,205,2,1,1,1,0,-.018946569608611,-.0105995977654249,.1483314714540379,.9430325662467297,-.3013239395891701,.2801247440583204,.0046936917967577,.0046936917967577,.0068628819609663,.0068628819609663,178,138
dept_subset,conflict_dept_subset_057,Conflict-belt departments: APURIMAC + HUANCAVELICA + HUANUCO + JUNIN,bounded_department_subset,0,4,cd,treat_23,2023,drop_rounding_band,adjacent_categories,p1_mserd,2523,1162,918,244,531,631,372,159,546,85,56,247,188,205,2,1,1,1,0,.1043155117001413,.1079574922070521,.1058175379019071,.3076226839795349,-.0994410710133879,.315356055427492,.0051614113331818,.0051614113331818,.0077361354943877,.0077361354943877,195,149
dept_subset,conflict_dept_subset_057,Conflict-belt departments: APURIMAC + HUANCAVELICA + HUANUCO + JUNIN,bounded_department_subset,0,4,de,treat_12,2012,drop_rounding_band,adjacent_categories,p1_mserd,2523,784,106,678,284,500,10,274,96,404,11,56,119,186,32,32,1,1,0,-.0433675973964052,-.02659687299756,.1270050683595044,.8341236288403499,-.2755222328362361,.2223284868411162,.0019664835781884,.0019664835781884,.0032031163781897,.0032031163781897,81,99
dept_subset,conflict_dept_subset_057,Conflict-belt departments: APURIMAC + HUANCAVELICA + HUANUCO + JUNIN,bounded_department_subset,0,4,de,treat_16,2016,drop_rounding_band,adjacent_categories,p1_mserd,2523,784,110,674,284,500,10,274,100,400,11,56,119,186,32,32,1,1,0,-.0433772487125084,-.0266361347385993,.1275387268387207,.8345673474651535,-.2766074459765838,.2233351764993853,.0019664199653769,.0019664199653769,.0032228488187318,.0032228488187318,81,99
dept_subset,conflict_dept_subset_057,Conflict-belt departments: APURIMAC + HUANCAVELICA + HUANUCO + JUNIN,bounded_department_subset,0,4,de,treat_23,2023,drop_rounding_band,adjacent_categories,p1_mserd,2523,784,417,367,284,500,60,224,357,143,11,56,119,186,32,32,1,1,0,.6785650927346039,.7093701715759249,.5326809094430915,.1829594036453129,-.3346652261845764,1.753405569336426,.0014300767676099,.0014300767676099,.0030831186444781,.0030831186444781,40,66
dept_subset,conflict_dept_subset_058,Conflict-belt departments: AYACUCHO + HUANCAVELICA + HUANUCO + JUNIN,bounded_department_subset,0,4,ab,treat_12,2012,drop_rounding_band,adjacent_categories,p1_mserd,3425,1716,923,793,855,861,377,478,546,315,526,725,205,186,0,8,1,1,0,.0066633105089661,-.0357040427471388,.1649159758870858,.8285992824446625,-.358933415961103,.2875253304668254,.0255979222699447,.0255979222699447,.0395880483271304,.0395880483271304,173,112
dept_subset,conflict_dept_subset_058,Conflict-belt departments: AYACUCHO + HUANCAVELICA + HUANUCO + JUNIN,bounded_department_subset,0,4,ab,treat_16,2016,drop_rounding_band,adjacent_categories,p1_mserd,3425,1716,1161,555,855,861,454,401,707,154,526,725,205,186,0,8,1,1,0,-.2566830211702982,-.3261389341241738,.1719928582793432,.0579289335684118,-.6632387419497882,.0109608737014405,.016021853311676,.016021853311676,.0300185442939145,.0300185442939145,105,68
dept_subset,conflict_dept_subset_058,Conflict-belt departments: AYACUCHO + HUANCAVELICA + HUANUCO + JUNIN,bounded_department_subset,0,4,ab,treat_23,2023,drop_rounding_band,adjacent_categories,p1_mserd,3425,1716,1540,176,855,861,749,106,791,70,526,725,205,186,0,8,1,1,0,.0032398154201068,.0229566573061595,.0796957107089968,.7733055086677652,-.1332440654057973,.1791573800181162,.0431435517697031,.0431435517697031,.0605950649201847,.0605950649201847,307,188
dept_subset,conflict_dept_subset_058,Conflict-belt departments: AYACUCHO + HUANCAVELICA + HUANUCO + JUNIN,bounded_department_subset,0,4,bc,treat_12,2012,drop_rounding_band,adjacent_categories,p1_mserd,3425,1643,649,994,780,863,266,514,383,480,271,527,237,206,0,3,1,1,0,-.1165335191492972,-.1466100619189404,.1310159317393599,.2631296076056827,-.403396569529044,.1101764456911631,.0120761047415202,.0120761047415202,.0200805763890282,.0200805763890282,188,148
dept_subset,conflict_dept_subset_058,Conflict-belt departments: AYACUCHO + HUANCAVELICA + HUANUCO + JUNIN,bounded_department_subset,0,4,bc,treat_16,2016,drop_rounding_band,adjacent_categories,p1_mserd,3425,1643,732,911,780,863,271,509,461,402,271,527,237,206,0,3,1,1,0,-.0007187422535272,-.0322803728088262,.1337546345170303,.8092914415597492,-.2944346392275236,.2298738936098711,.0127787216390653,.0127787216390653,.0212075100810858,.0212075100810858,200,159
dept_subset,conflict_dept_subset_058,Conflict-belt departments: AYACUCHO + HUANCAVELICA + HUANUCO + JUNIN,bounded_department_subset,0,4,bc,treat_23,2023,drop_rounding_band,adjacent_categories,p1_mserd,3425,1643,1443,200,780,863,687,93,756,107,271,527,237,206,0,3,1,1,0,.025242816978311,.0327146905159816,.0913464947034894,.7202397182749332,-.1463211492168364,.2117505302487996,.0154313357841631,.0154313357841631,.0251164649705294,.0251164649705294,248,203
dept_subset,conflict_dept_subset_058,Conflict-belt departments: AYACUCHO + HUANCAVELICA + HUANUCO + JUNIN,bounded_department_subset,0,4,cd,treat_12,2012,drop_rounding_band,adjacent_categories,p1_mserd,3425,1374,365,1009,592,782,98,494,267,515,55,271,209,237,3,2,1,1,0,.0125061699660206,.0125992656018145,.1438630974169002,.9302119599477652,-.2693672240396871,.294565755243316,.0041851068529904,.0041851068529904,.0062306747587664,.0062306747587664,175,137
dept_subset,conflict_dept_subset_058,Conflict-belt departments: AYACUCHO + HUANCAVELICA + HUANUCO + JUNIN,bounded_department_subset,0,4,cd,treat_16,2016,drop_rounding_band,adjacent_categories,p1_mserd,3425,1374,376,998,592,782,104,488,272,510,55,271,209,237,3,2,1,1,0,.0958448439028412,.119590434554856,.1551238854223048,.4407454527408549,-.1844467940147793,.4236276631244912,.0039785516605648,.0039785516605648,.0061468520818613,.0061468520818613,169,135
dept_subset,conflict_dept_subset_058,Conflict-belt departments: AYACUCHO + HUANCAVELICA + HUANUCO + JUNIN,bounded_department_subset,0,4,cd,treat_23,2023,drop_rounding_band,adjacent_categories,p1_mserd,3425,1374,1107,267,592,782,418,174,689,93,55,271,209,237,3,2,1,1,0,.1711121800631525,.195270261952796,.0821636752799573,.0174729834005704,.0342324175666357,.3563081063389562,.0049030303262858,.0049030303262858,.0081199123075013,.0081199123075013,199,154
dept_subset,conflict_dept_subset_058,Conflict-belt departments: AYACUCHO + HUANCAVELICA + HUANUCO + JUNIN,bounded_department_subset,0,4,de,treat_12,2012,drop_rounding_band,adjacent_categories,p1_mserd,3425,885,105,780,325,560,9,316,96,464,12,55,138,206,33,33,1,1,0,-.0429431559442056,-.1013890293988131,.1020209176822433,.3203171847448119,-.3013463537257356,.0985682949281094,.0014875083359858,.0014875083359858,.0028580758192395,.0028580758192395,48,74
dept_subset,conflict_dept_subset_058,Conflict-belt departments: AYACUCHO + HUANCAVELICA + HUANUCO + JUNIN,bounded_department_subset,0,4,de,treat_16,2016,drop_rounding_band,adjacent_categories,p1_mserd,3425,885,111,774,325,560,9,316,102,458,12,55,138,206,33,33,1,1,0,-.0429939686145517,-.1014245798227262,.1020553338958903,.3203107560305169,-.301449358688881,.0986001990434285,.0014878043992961,.0014878043992961,.0028591494758845,.0028591494758845,48,74
dept_subset,conflict_dept_subset_058,Conflict-belt departments: AYACUCHO + HUANCAVELICA + HUANUCO + JUNIN,bounded_department_subset,0,4,de,treat_23,2023,drop_rounding_band,adjacent_categories,p1_mserd,3425,885,481,404,325,560,80,245,401,159,12,55,138,206,33,33,1,1,0,.107828390454586,.2366440372271352,.3269444832667416,.4691854864765747,-.4041553749197365,.877443449374007,.0019176292294587,.0019176292294587,.0031933709654632,.0031933709654632,100,108
dept_subset,conflict_dept_subset_060,Conflict-belt departments: CUSCO + HUANCAVELICA + HUANUCO + JUNIN,bounded_department_subset,0,4,ab,treat_12,2012,drop_rounding_band,adjacent_categories,p1_mserd,2183,839,416,423,433,406,198,235,218,188,331,366,138,122,0,9,1,1,0,.0342579404749354,.0200128515029621,.1841423973902425,.913455203913905,-.3408996154087755,.3809253184146996,.0444559719858401,.0444559719858401,.0611567391935407,.0611567391935407,144,96
dept_subset,conflict_dept_subset_060,Conflict-belt departments: CUSCO + HUANCAVELICA + HUANUCO + JUNIN,bounded_department_subset,0,4,ab,treat_16,2016,drop_rounding_band,adjacent_categories,p1_mserd,2183,839,520,319,433,406,229,204,291,115,331,366,138,122,0,9,1,1,0,-.08523404529665,-.1435426121295807,.1842719494476427,.4359964546204177,-.5047089964079459,.2176237721487843,.0374421266882648,.0374421266882648,.0560306946268826,.0560306946268826,112,81
dept_subset,conflict_dept_subset_060,Conflict-belt departments: CUSCO + HUANCAVELICA + HUANUCO + JUNIN,bounded_department_subset,0,4,ab,treat_23,2023,drop_rounding_band,adjacent_categories,p1_mserd,2183,839,724,115,433,406,369,64,355,51,331,366,138,122,0,9,1,1,0,.0198546369931953,.048489462581526,.1100645758695582,.659535427750612,-.1672331420964843,.2642120672595362,.0508352078594905,.0508352078594905,.0641820197515032,.0641820197515032,176,104
dept_subset,conflict_dept_subset_060,Conflict-belt departments: CUSCO + HUANCAVELICA + HUANUCO + JUNIN,bounded_department_subset,0,4,bc,treat_12,2012,drop_rounding_band,adjacent_categories,p1_mserd,2183,1004,401,603,562,442,196,366,205,237,230,332,170,139,0,2,1,1,0,-.1921321354372382,-.2219671958666544,.1567853377035553,.1568517883387315,-.5292608110695725,.0853264193362637,.0132998334428457,.0132998334428457,.0211158145051925,.0211158145051925,131,107
dept_subset,conflict_dept_subset_060,Conflict-belt departments: CUSCO + HUANCAVELICA + HUANUCO + JUNIN,bounded_department_subset,0,4,bc,treat_16,2016,drop_rounding_band,adjacent_categories,p1_mserd,2183,1004,436,568,562,442,199,363,237,205,230,332,170,139,0,2,1,1,0,-.1025943908667859,-.136251988118318,.157945322492838,.3883283441105413,-.4458191317308446,.1733151554942087,.0138314439747291,.0138314439747291,.022216228434005,.022216228434005,136,111
dept_subset,conflict_dept_subset_060,Conflict-belt departments: CUSCO + HUANCAVELICA + HUANUCO + JUNIN,bounded_department_subset,0,4,bc,treat_23,2023,drop_rounding_band,adjacent_categories,p1_mserd,2183,1004,863,141,562,442,486,76,377,65,230,332,170,139,0,2,1,1,0,-.0197333567467055,-.0380367827060877,.1304281041424045,.7705693319271864,-.2936711693970399,.2175976039848646,.0143751074098583,.0143751074098583,.0241613339386903,.0241613339386903,144,113
dept_subset,conflict_dept_subset_060,Conflict-belt departments: CUSCO + HUANCAVELICA + HUANUCO + JUNIN,bounded_department_subset,0,4,cd,treat_12,2012,drop_rounding_band,adjacent_categories,p1_mserd,2183,1057,282,775,492,565,85,407,197,368,53,231,162,171,1,0,1,1,0,-.030452340626938,-.042598837788712,.1347550410402137,.7519110087396659,-.3067138649627478,.2215161893853238,.0055405708287864,.0055405708287864,.008377501247585,.008377501247585,192,153
dept_subset,conflict_dept_subset_060,Conflict-belt departments: CUSCO + HUANCAVELICA + HUANUCO + JUNIN,bounded_department_subset,0,4,cd,treat_16,2016,drop_rounding_band,adjacent_categories,p1_mserd,2183,1057,289,768,492,565,89,403,200,365,53,231,162,171,1,0,1,1,0,.0041273959115954,.0094942900656684,.1470196910496361,.9485097175012215,-.2786590094098241,.2976475895411609,.0052976208289782,.0052976208289782,.0079896876171289,.0079896876171289,175,147
dept_subset,conflict_dept_subset_060,Conflict-belt departments: CUSCO + HUANCAVELICA + HUANUCO + JUNIN,bounded_department_subset,0,4,cd,treat_23,2023,drop_rounding_band,adjacent_categories,p1_mserd,2183,1057,833,224,492,565,345,147,488,77,53,231,162,171,1,0,1,1,0,.2376837109880303,.2701542660310412,.1082182356760187,.0125466717168187,.058050421635577,.4822581104265053,.0036445348039801,.0036445348039801,.0059927327582931,.0059927327582931,119,104
dept_subset,conflict_dept_subset_060,Conflict-belt departments: CUSCO + HUANCAVELICA + HUANUCO + JUNIN,bounded_department_subset,0,4,de,treat_12,2012,drop_rounding_band,adjacent_categories,p1_mserd,2183,741,91,650,278,463,8,270,83,380,11,53,110,160,30,30,1,1,0,-.0292790735829976,-.0124804642830616,.1174880798667536,.9154018574094339,-.242752869434664,.2177919408685408,.0018982249221648,.0018982249221648,.0031837218540978,.0031837218540978,77,94
dept_subset,conflict_dept_subset_060,Conflict-belt departments: CUSCO + HUANCAVELICA + HUANUCO + JUNIN,bounded_department_subset,0,4,de,treat_16,2016,drop_rounding_band,adjacent_categories,p1_mserd,2183,741,95,646,278,463,8,270,87,376,11,53,110,160,30,30,1,1,0,-.0294967908466794,-.0121196995289388,.1179490993086837,.9181584987287446,-.243295686182897,.2190562871250195,.0018977097915803,.0018977097915803,.0032047836864104,.0032047836864104,77,94
dept_subset,conflict_dept_subset_060,Conflict-belt departments: CUSCO + HUANCAVELICA + HUANUCO + JUNIN,bounded_department_subset,0,4,de,treat_23,2023,drop_rounding_band,adjacent_categories,p1_mserd,2183,741,387,354,278,463,57,221,330,133,11,53,110,160,30,30,1,1,0,.2612449102948293,.4132271369296157,.3754831669586005,.2711051541846368,-.3227063471102811,1.149160620969512,.0018336065595608,.0018336065595608,.0031953733818488,.0031953733818488,77,63
dept_subset,conflict_dept_subset_071,Conflict-belt departments: APURIMAC + AYACUCHO + CUSCO + SAN MARTIN,bounded_department_subset,0,4,ab,treat_12,2012,drop_rounding_band,adjacent_categories,p1_mserd,2577,1425,696,729,672,753,260,412,436,317,467,653,155,158,0,2,1,1,0,-.1171136795589781,-.1645442565039718,.1740029180072156,.3443318329021466,-.5055837090029902,.1764951959950468,.0240027608511655,.0240027608511655,.0388484046499692,.0388484046499692,157,86
dept_subset,conflict_dept_subset_071,Conflict-belt departments: APURIMAC + AYACUCHO + CUSCO + SAN MARTIN,bounded_department_subset,0,4,ab,treat_16,2016,drop_rounding_band,adjacent_categories,p1_mserd,2577,1425,946,479,672,753,335,337,611,142,467,653,155,158,0,2,1,1,0,-.2592917080802042,-.3188861312720348,.1498646775794535,.0333514166162677,-.6126155018824708,-.0251567606615987,.0197439457600154,.0197439457600154,.0331848468800258,.0331848468800258,123,73
dept_subset,conflict_dept_subset_071,Conflict-belt departments: APURIMAC + AYACUCHO + CUSCO + SAN MARTIN,bounded_department_subset,0,4,ab,treat_23,2023,drop_rounding_band,adjacent_categories,p1_mserd,2577,1425,1288,137,672,753,590,82,698,55,467,653,155,158,0,2,1,1,0,.0572955046016177,.0736203111708222,.0935308745015623,.4312098125190328,-.1096968342947754,.2569374566364199,.0360387338906259,.0360387338906259,.0510043028580787,.0510043028580787,228,123
dept_subset,conflict_dept_subset_071,Conflict-belt departments: APURIMAC + AYACUCHO + CUSCO + SAN MARTIN,bounded_department_subset,0,4,bc,treat_12,2012,drop_rounding_band,adjacent_categories,p1_mserd,2577,1175,392,783,502,673,131,371,261,412,226,468,164,155,0,4,1,1,0,.2911072447855553,.3408094459583891,.1551561343516196,.0280520296083826,.0367090106487569,.6449098812680214,.0110077934476332,.0110077934476332,.0200156523280048,.0200156523280048,115,93
dept_subset,conflict_dept_subset_071,Conflict-belt departments: APURIMAC + AYACUCHO + CUSCO + SAN MARTIN,bounded_department_subset,0,4,bc,treat_16,2016,drop_rounding_band,adjacent_categories,p1_mserd,2577,1175,474,701,502,673,138,364,336,337,226,468,164,155,0,4,1,1,0,.4284192423818279,.4830373615452396,.1710765261356811,.0047500009296611,.1477335317190793,.8183411913713998,.0098425750693155,.0098425750693155,.0172507555542662,.0172507555542662,105,88
dept_subset,conflict_dept_subset_071,Conflict-belt departments: APURIMAC + AYACUCHO + CUSCO + SAN MARTIN,bounded_department_subset,0,4,bc,treat_23,2023,drop_rounding_band,adjacent_categories,p1_mserd,2577,1175,1023,152,502,673,432,70,591,82,226,468,164,155,0,4,1,1,0,.0225909994919395,.0553181459659104,.1208125485525686,.6470357052798879,-.1814700980776206,.2921063900094415,.0134106335227536,.0134106335227536,.0224672174960363,.0224672174960363,151,111
dept_subset,conflict_dept_subset_071,Conflict-belt departments: APURIMAC + AYACUCHO + CUSCO + SAN MARTIN,bounded_department_subset,0,4,cd,treat_12,2012,drop_rounding_band,adjacent_categories,p1_mserd,2577,889,186,703,386,503,54,332,132,371,52,226,142,164,3,3,1,1,0,-.0898749401755028,-.0919595066196177,.2443896597675325,.7067070264172435,-.5709544379579787,.3870354247187434,.0031642711306735,.0031642711306735,.0051468485268496,.0051468485268496,74,56
dept_subset,conflict_dept_subset_071,Conflict-belt departments: APURIMAC + AYACUCHO + CUSCO + SAN MARTIN,bounded_department_subset,0,4,cd,treat_16,2016,drop_rounding_band,adjacent_categories,p1_mserd,2577,889,198,691,386,503,59,327,139,364,52,226,142,164,3,3,1,1,0,-.0465173851652165,-.045580484702036,.2470616898243041,.853628837848402,-.5298124987172778,.4386515293132058,.0033407604549052,.0033407604549052,.0053886591162193,.0053886591162193,76,57
dept_subset,conflict_dept_subset_071,Conflict-belt departments: APURIMAC + AYACUCHO + CUSCO + SAN MARTIN,bounded_department_subset,0,4,cd,treat_23,2023,drop_rounding_band,adjacent_categories,p1_mserd,2577,889,710,179,386,503,278,108,432,71,52,226,142,164,3,3,1,1,0,-.1086376576488217,-.1372212778813151,.1405554121294558,.328926291734852,-.4127048234872328,.1382622677246025,.0044109311482877,.0044109311482877,.0073263649190278,.0073263649190278,99,75
dept_subset,conflict_dept_subset_071,Conflict-belt departments: APURIMAC + AYACUCHO + CUSCO + SAN MARTIN,bounded_department_subset,0,4,de,treat_12,2012,drop_rounding_band,adjacent_categories,p1_mserd,2577,619,64,555,258,361,11,247,53,308,12,51,106,139,25,25,1,1,0,-.2144734181322046,-.3001283922070673,.1190692443714148,.0117148081096142,-.5334998228414389,-.0667569615726958,.0019931312044577,.0019931312044577,.0046039312686698,.0046039312686698,75,69
dept_subset,conflict_dept_subset_071,Conflict-belt departments: APURIMAC + AYACUCHO + CUSCO + SAN MARTIN,bounded_department_subset,0,4,de,treat_16,2016,drop_rounding_band,adjacent_categories,p1_mserd,2577,619,71,548,258,361,13,245,58,303,12,51,106,139,25,25,1,1,0,-.2018018018018211,-.3858360344150427,.3392655103523447,.2554259893778935,-1.050784215902239,.2791121470721537,.0012014449371762,.0012014449371762,.0028388713836758,.0028388713836758,39,23
dept_subset,conflict_dept_subset_071,Conflict-belt departments: APURIMAC + AYACUCHO + CUSCO + SAN MARTIN,bounded_department_subset,0,4,de,treat_23,2023,drop_rounding_band,adjacent_categories,p1_mserd,2577,619,336,283,258,361,69,189,267,94,12,51,106,139,25,25,1,1,0,-.012785656665125,.1202600550516038,.3790034161416072,.7510114309130649,-.6225729906035927,.8630931007068002,.0019133433567049,.0019133433567049,.0032885268246151,.0032885268246151,75,69
dept_subset,conflict_dept_subset_075,Conflict-belt departments: APURIMAC + AYACUCHO + HUANCAVELICA + SAN MARTIN,bounded_department_subset,0,4,ab,treat_12,2012,drop_rounding_band,adjacent_categories,p1_mserd,2852,1495,790,705,709,786,304,405,486,300,476,675,183,177,0,6,1,1,0,-.1050780817308504,-.1578837145968656,.1804676536914268,.3816507398392556,-.5115938162065089,.1958263870127778,.0216945173541068,.0216945173541068,.0363784372110563,.0363784372110563,138,77
dept_subset,conflict_dept_subset_075,Conflict-belt departments: APURIMAC + AYACUCHO + HUANCAVELICA + SAN MARTIN,bounded_department_subset,0,4,ab,treat_16,2016,drop_rounding_band,adjacent_categories,p1_mserd,2852,1495,1051,444,709,786,386,323,665,121,476,675,183,177,0,6,1,1,0,-.2089928904933869,-.2714470253026011,.1465046334476059,.063907858872709,-.5585908304281508,.0156967798229486,.01854359030945,.01854359030945,.0326448046295492,.0326448046295492,116,63
dept_subset,conflict_dept_subset_075,Conflict-belt departments: APURIMAC + AYACUCHO + HUANCAVELICA + SAN MARTIN,bounded_department_subset,0,4,ab,treat_23,2023,drop_rounding_band,adjacent_categories,p1_mserd,2852,1495,1377,118,709,786,636,73,741,45,476,675,183,177,0,6,1,1,0,.0454145500174035,.0591179606596712,.0897797691315475,.5102313307535528,-.1168471533784826,.2350830746978251,.0352722062955805,.0352722062955805,.0499443714685864,.0499443714685864,228,123
dept_subset,conflict_dept_subset_075,Conflict-belt departments: APURIMAC + AYACUCHO + HUANCAVELICA + SAN MARTIN,bounded_department_subset,0,4,bc,treat_12,2012,drop_rounding_band,adjacent_categories,p1_mserd,2852,1316,480,836,602,714,172,430,308,406,236,477,203,184,0,3,1,1,0,.3884698911854449,.4439996615098746,.1814880761451915,.0144274869476042,.0882895686418365,.7997097543779127,.0083749861914963,.0083749861914963,.0150492323581,.0150492323581,118,74
dept_subset,conflict_dept_subset_075,Conflict-belt departments: APURIMAC + AYACUCHO + HUANCAVELICA + SAN MARTIN,bounded_department_subset,0,4,bc,treat_16,2016,drop_rounding_band,adjacent_categories,p1_mserd,2852,1316,570,746,602,714,179,423,391,323,236,477,203,184,0,3,1,1,0,.4818057726258398,.5354559766473005,.1794087246867091,.0028398715512913,.1838213377490886,.8870906155455124,.0086990897560045,.0086990897560045,.0148969578105111,.0148969578105111,120,76
dept_subset,conflict_dept_subset_075,Conflict-belt departments: APURIMAC + AYACUCHO + HUANCAVELICA + SAN MARTIN,bounded_department_subset,0,4,bc,treat_23,2023,drop_rounding_band,adjacent_categories,p1_mserd,2852,1316,1176,140,602,714,535,67,641,73,236,477,203,184,0,3,1,1,0,.0765759068988849,.1089059112138431,.1017229637998812,.2843435474840368,-.0904674342345958,.308279256662282,.012336913131566,.012336913131566,.0209472489238521,.0209472489238521,163,106
dept_subset,conflict_dept_subset_075,Conflict-belt departments: APURIMAC + AYACUCHO + HUANCAVELICA + SAN MARTIN,bounded_department_subset,0,4,cd,treat_12,2012,drop_rounding_band,adjacent_categories,p1_mserd,2852,1056,246,810,453,603,72,381,174,429,55,236,176,202,4,3,1,1,0,-.1961201143458884,-.2147604137196049,.2101605535673802,.306834214557086,-.6266675296826707,.197146702243461,.0030743954794239,.0030743954794239,.004988493274402,.004988493274402,78,70
dept_subset,conflict_dept_subset_075,Conflict-belt departments: APURIMAC + AYACUCHO + HUANCAVELICA + SAN MARTIN,bounded_department_subset,0,4,cd,treat_16,2016,drop_rounding_band,adjacent_categories,p1_mserd,2852,1056,259,797,453,603,78,375,181,422,55,236,176,202,4,3,1,1,0,-.1538147271219021,-.1679369054967822,.2175228641019636,.4400892298231664,-.5942738849506314,.258400073957067,.0031581570058968,.0031581570058968,.0051409073779952,.0051409073779952,92,70
dept_subset,conflict_dept_subset_075,Conflict-belt departments: APURIMAC + AYACUCHO + HUANCAVELICA + SAN MARTIN,bounded_department_subset,0,4,cd,treat_23,2023,drop_rounding_band,adjacent_categories,p1_mserd,2852,1056,879,177,453,603,343,110,536,67,55,236,176,202,4,3,1,1,0,-.1822756647344008,-.2170524858970639,.1091794510396247,.0468079043524008,-.4310402777865825,-.0030646940075454,.0033030656120369,.0033030656120369,.0058901266734581,.0058901266734581,92,72
dept_subset,conflict_dept_subset_075,Conflict-belt departments: APURIMAC + AYACUCHO + HUANCAVELICA + SAN MARTIN,bounded_department_subset,0,4,de,treat_12,2012,drop_rounding_band,adjacent_categories,p1_mserd,2852,715,85,630,292,423,14,278,71,352,12,55,129,173,31,31,1,1,0,-.3048166957181326,-.4460627101317838,.1802911377157242,.0133563165494544,-.7994268467863541,-.0926985734772134,.0014617706719484,.0014617706719484,.0032873307890854,.0032873307890854,45,48
dept_subset,conflict_dept_subset_075,Conflict-belt departments: APURIMAC + AYACUCHO + HUANCAVELICA + SAN MARTIN,bounded_department_subset,0,4,de,treat_16,2016,drop_rounding_band,adjacent_categories,p1_mserd,2852,715,93,622,292,423,16,276,77,346,12,55,129,173,31,31,1,1,0,-.0625,.25,,,,,.00111125016693,.00111125016693,.0027232713111002,.0027232713111002,38,23
dept_subset,conflict_dept_subset_075,Conflict-belt departments: APURIMAC + AYACUCHO + HUANCAVELICA + SAN MARTIN,bounded_department_subset,0,4,de,treat_23,2023,drop_rounding_band,adjacent_categories,p1_mserd,2852,715,410,305,292,423,84,208,326,97,12,55,129,173,31,31,1,1,1,,,,,,,,,,,,
dept_subset,conflict_dept_subset_077,Conflict-belt departments: APURIMAC + CUSCO + HUANCAVELICA + SAN MARTIN,bounded_department_subset,0,4,ab,treat_12,2012,drop_rounding_band,adjacent_categories,p1_mserd,1610,618,283,335,287,331,125,162,158,173,240,301,116,113,0,7,1,1,0,-.1638131796411346,-.194073719461888,.2104985262112375,.356543249713789,-.6066432496346741,.218495810710898,.0406107190799434,.0406107190799434,.0562953989084191,.0562953989084191,103,59
dept_subset,conflict_dept_subset_077,Conflict-belt departments: APURIMAC + CUSCO + HUANCAVELICA + SAN MARTIN,bounded_department_subset,0,4,ab,treat_16,2016,drop_rounding_band,adjacent_categories,p1_mserd,1610,618,410,208,287,331,161,126,249,82,240,301,116,113,0,7,1,1,0,-.2754882173639226,-.3140136519456354,.1713451119548313,.0668563461134603,-.6498439003040881,.0218165964128174,.0489767669791304,.0489767669791304,.0671988640135001,.0671988640135001,130,73
dept_subset,conflict_dept_subset_077,Conflict-belt departments: APURIMAC + CUSCO + HUANCAVELICA + SAN MARTIN,bounded_department_subset,0,4,ab,treat_23,2023,drop_rounding_band,adjacent_categories,p1_mserd,1610,618,561,57,287,331,256,31,305,26,240,301,116,113,0,7,1,1,0,.1098532146740654,.1568307268757809,.1288773603251886,.2236426580442784,-.09576425778418,.4094257115357418,.0402947843824998,.0402947843824998,.0588090237354192,.0588090237354192,101,59
dept_subset,conflict_dept_subset_077,Conflict-belt departments: APURIMAC + CUSCO + HUANCAVELICA + SAN MARTIN,bounded_department_subset,0,4,bc,treat_12,2012,drop_rounding_band,adjacent_categories,p1_mserd,1610,677,232,445,384,293,102,282,130,163,181,241,136,117,0,2,1,1,0,.6919685514343491,.79425560259419,.1851890939895387,.0000179568493891,.4312916480450913,1.157219557143289,.0068546979827816,.0068546979827816,.0127203716310142,.0127203716310142,52,29
dept_subset,conflict_dept_subset_077,Conflict-belt departments: APURIMAC + CUSCO + HUANCAVELICA + SAN MARTIN,bounded_department_subset,0,4,bc,treat_16,2016,drop_rounding_band,adjacent_categories,p1_mserd,1610,677,274,403,384,293,107,277,167,126,181,241,136,117,0,2,1,1,0,.8444658091741853,.9387667513924236,.1703893452355157,3.59774575869e-08,.6048097713814515,1.272723731403396,.0063764589620683,.0063764589620683,.012137002295861,.012137002295861,46,25
dept_subset,conflict_dept_subset_077,Conflict-belt departments: APURIMAC + CUSCO + HUANCAVELICA + SAN MARTIN,bounded_department_subset,0,4,bc,treat_23,2023,drop_rounding_band,adjacent_categories,p1_mserd,1610,677,596,81,384,293,334,50,262,31,181,241,136,117,0,2,1,1,0,-.0303890883532794,-.0048123251902574,.1367191342198545,.9719213606592362,-.2727769042586698,.2631522538781549,.0168614375153564,.0168614375153564,.026111707527519,.026111707527519,139,69
dept_subset,conflict_dept_subset_077,Conflict-belt departments: APURIMAC + CUSCO + HUANCAVELICA + SAN MARTIN,bounded_department_subset,0,4,cd,treat_12,2012,drop_rounding_band,adjacent_categories,p1_mserd,1610,739,163,576,353,386,59,294,104,282,54,181,129,136,2,1,1,1,0,-.3582904906280798,-.4001465192640778,.225469076656648,.0759426369684956,-.8420577891386084,.0417647506104527,.0028892703533807,.0028892703533807,.0050396255188827,.0050396255188827,59,49
dept_subset,conflict_dept_subset_077,Conflict-belt departments: APURIMAC + CUSCO + HUANCAVELICA + SAN MARTIN,bounded_department_subset,0,4,cd,treat_16,2016,drop_rounding_band,adjacent_categories,p1_mserd,1610,739,172,567,353,386,63,290,109,277,54,181,129,136,2,1,1,1,0,-.3898795364554274,-.4348543365761438,.2233520702338796,.0515412536132097,-.8726163501070083,.0029076769547207,.0029315897330469,.0029315897330469,.0051463206634928,.0051463206634928,60,49
dept_subset,conflict_dept_subset_077,Conflict-belt departments: APURIMAC + CUSCO + HUANCAVELICA + SAN MARTIN,bounded_department_subset,0,4,cd,treat_23,2023,drop_rounding_band,adjacent_categories,p1_mserd,1610,739,605,134,353,386,270,83,335,51,54,181,129,136,2,1,1,1,0,-.1830295448268051,-.2205144239678307,.1565868238882015,.1590551098480794,-.5274189592422218,.0863901113065604,.0039498765868166,.0039498765868166,.0066772627234856,.0066772627234856,80,67
dept_subset,conflict_dept_subset_077,Conflict-belt departments: APURIMAC + CUSCO + HUANCAVELICA + SAN MARTIN,bounded_department_subset,0,4,de,treat_12,2012,drop_rounding_band,adjacent_categories,p1_mserd,1610,571,71,500,245,326,13,232,58,268,11,54,101,127,28,28,1,1,0,-.1503383164913411,-.1936573767021536,.1269416787219535,.1271190300661394,-.442458495134237,.0551437417299297,.0027366291125655,.0027366291125655,.0052460147175159,.0052460147175159,69,73
dept_subset,conflict_dept_subset_077,Conflict-belt departments: APURIMAC + CUSCO + HUANCAVELICA + SAN MARTIN,bounded_department_subset,0,4,de,treat_16,2016,drop_rounding_band,adjacent_categories,p1_mserd,1610,571,77,494,245,326,15,230,62,264,11,54,101,127,28,28,1,1,0,-.4053722020004369,-.5422981056774649,.2443032284774278,.0264340707145047,-1.021123634800083,-.0634725765548465,.0015261382410434,.0015261382410434,.0031467024934018,.0031467024934018,34,37
dept_subset,conflict_dept_subset_077,Conflict-belt departments: APURIMAC + CUSCO + HUANCAVELICA + SAN MARTIN,bounded_department_subset,0,4,de,treat_23,2023,drop_rounding_band,adjacent_categories,p1_mserd,1610,571,316,255,245,326,61,184,255,71,11,54,101,127,28,28,1,1,1,,,,,,,,,,,,
dept_subset,conflict_dept_subset_078,Conflict-belt departments: AYACUCHO + CUSCO + HUANCAVELICA + SAN MARTIN,bounded_department_subset,0,4,ab,treat_12,2012,drop_rounding_band,adjacent_categories,p1_mserd,2512,1267,668,599,626,641,263,363,405,236,443,557,144,134,0,6,1,1,0,-.1490346058581603,-.1946474049226181,.1881281280751942,.3008308120433595,-.5633717604289372,.174076950583701,.022476593682261,.022476593682261,.0367765753319695,.0367765753319695,126,72
dept_subset,conflict_dept_subset_078,Conflict-belt departments: AYACUCHO + CUSCO + HUANCAVELICA + SAN MARTIN,bounded_department_subset,0,4,ab,treat_16,2016,drop_rounding_band,adjacent_categories,p1_mserd,2512,1267,864,403,626,641,329,297,535,106,443,557,144,134,0,6,1,1,0,-.1691369657567257,-.2228404611146579,.1534147799738241,.1463526806332833,-.5235279045594897,.0778469823301738,.0194821257370344,.0194821257370344,.0336578241675997,.0336578241675997,106,64
dept_subset,conflict_dept_subset_078,Conflict-belt departments: AYACUCHO + CUSCO + HUANCAVELICA + SAN MARTIN,bounded_department_subset,0,4,ab,treat_23,2023,drop_rounding_band,adjacent_categories,p1_mserd,2512,1267,1144,123,626,641,554,72,590,51,443,557,144,134,0,6,1,1,0,.0462632481053007,.064688830979839,.1016093280412498,.5243576432277702,-.1344617924743262,.2638394544340043,.0362297106592747,.0362297106592747,.0527973841540541,.0527973841540541,199,115
dept_subset,conflict_dept_subset_078,Conflict-belt departments: AYACUCHO + CUSCO + HUANCAVELICA + SAN MARTIN,bounded_department_subset,0,4,bc,treat_12,2012,drop_rounding_band,adjacent_categories,p1_mserd,2512,1166,415,751,534,632,147,387,268,364,223,444,167,145,0,4,1,1,0,.1318285961826569,.1719376345408109,.1805043583800827,.3408231533435963,-.1818444069366618,.5257196760182836,.0096229861642086,.0096229861642086,.0167436940612237,.0167436940612237,112,74
dept_subset,conflict_dept_subset_078,Conflict-belt departments: AYACUCHO + CUSCO + HUANCAVELICA + SAN MARTIN,bounded_department_subset,0,4,bc,treat_16,2016,drop_rounding_band,adjacent_categories,p1_mserd,2512,1166,490,676,534,632,155,379,335,297,223,444,167,145,0,4,1,1,0,.2815391694367592,.3204600499597013,.1928752949469076,.0966154125972743,-.0575685816437776,.6984886815631803,.0095888947960089,.0095888947960089,.0159240630211788,.0159240630211788,108,74
dept_subset,conflict_dept_subset_078,Conflict-belt departments: AYACUCHO + CUSCO + HUANCAVELICA + SAN MARTIN,bounded_department_subset,0,4,bc,treat_23,2023,drop_rounding_band,adjacent_categories,p1_mserd,2512,1166,1036,130,534,632,476,58,560,72,223,444,167,145,0,4,1,1,0,-.0825190297889993,-.0597780974663558,.1071530856207668,.5769292989605563,-.2697942861153953,.1502380911826838,.017296730972955,.017296730972955,.0271744987861214,.0271744987861214,217,144
dept_subset,conflict_dept_subset_078,Conflict-belt departments: AYACUCHO + CUSCO + HUANCAVELICA + SAN MARTIN,bounded_department_subset,0,4,cd,treat_12,2012,drop_rounding_band,adjacent_categories,p1_mserd,2512,951,208,743,414,537,59,355,149,388,54,223,150,168,3,2,1,1,0,-.1677097919789952,-.1790569018461434,.2330031533994446,.4422055384164977,-.6357346907933161,.2776208871010293,.0030171325912396,.0030171325912396,.0050712842907164,.0050712842907164,63,61
dept_subset,conflict_dept_subset_078,Conflict-belt departments: AYACUCHO + CUSCO + HUANCAVELICA + SAN MARTIN,bounded_department_subset,0,4,cd,treat_16,2016,drop_rounding_band,adjacent_categories,p1_mserd,2512,951,222,729,414,537,65,349,157,380,54,223,150,168,3,2,1,1,0,-.1124166371041913,-.1166340668891028,.2431419678413358,.6314440479250573,-.593183566988317,.3599154332101114,.0031534257263569,.0031534257263569,.0053132795665913,.0053132795665913,76,64
dept_subset,conflict_dept_subset_078,Conflict-belt departments: AYACUCHO + CUSCO + HUANCAVELICA + SAN MARTIN,bounded_department_subset,0,4,cd,treat_23,2023,drop_rounding_band,adjacent_categories,p1_mserd,2512,951,794,157,414,537,316,98,478,59,54,223,150,168,3,2,1,1,0,-.0021606443785536,.0005373967937503,.0917130793870432,.9953247873259395,-.1792169357161172,.1802917293036178,.0049303921924634,.0049303921924634,.0074123750702348,.0074123750702348,128,97
dept_subset,conflict_dept_subset_078,Conflict-belt departments: AYACUCHO + CUSCO + HUANCAVELICA + SAN MARTIN,bounded_department_subset,0,4,de,treat_12,2012,drop_rounding_band,adjacent_categories,p1_mserd,2512,672,70,602,286,386,12,274,58,328,12,54,120,147,29,29,1,1,0,-.2442893181974042,-.3282389672370879,.1316830578367452,.0126795949762501,-.5863330179712134,-.0701449165029623,.0017597154995762,.0017597154995762,.004156879492248,.004156879492248,42,45
dept_subset,conflict_dept_subset_078,Conflict-belt departments: AYACUCHO + CUSCO + HUANCAVELICA + SAN MARTIN,bounded_department_subset,0,4,de,treat_16,2016,drop_rounding_band,adjacent_categories,p1_mserd,2512,672,78,594,286,386,14,272,64,322,12,54,120,147,29,29,1,1,1,,,,,,,,,,,,
dept_subset,conflict_dept_subset_078,Conflict-belt departments: AYACUCHO + CUSCO + HUANCAVELICA + SAN MARTIN,bounded_department_subset,0,4,de,treat_23,2023,drop_rounding_band,adjacent_categories,p1_mserd,2512,672,380,292,286,386,81,205,299,87,12,54,120,147,29,29,1,1,0,-1.177777777777408,-1.232052756635028,,,,,.0011784667637751,.0011784667637751,.0030308213733895,.0030308213733895,38,21
dept_subset,conflict_dept_subset_083,Conflict-belt departments: APURIMAC + AYACUCHO + HUANUCO + SAN MARTIN,bounded_department_subset,0,4,ab,treat_12,2012,drop_rounding_band,adjacent_categories,p1_mserd,3289,1653,818,835,786,867,316,470,502,365,517,741,188,181,0,1,1,1,0,-.0705998520573903,-.1187497547297178,.1738242401504147,.4945057931238521,-.4594390050645719,.2219394956051362,.0220999472404214,.0220999472404214,.0364680991176077,.0364680991176077,152,94
dept_subset,conflict_dept_subset_083,Conflict-belt departments: APURIMAC + AYACUCHO + HUANUCO + SAN MARTIN,bounded_department_subset,0,4,ab,treat_16,2016,drop_rounding_band,adjacent_categories,p1_mserd,3289,1653,1096,557,786,867,397,389,699,168,517,741,188,181,0,1,1,1,0,-.3015666536708403,-.3556123891634344,.1724324091442986,.0391764066158803,-.6935737008537347,-.0176510774731341,.0184281611869893,.0184281611869893,.0310133052617732,.0310133052617732,125,75
dept_subset,conflict_dept_subset_083,Conflict-belt departments: APURIMAC + AYACUCHO + HUANUCO + SAN MARTIN,bounded_department_subset,0,4,ab,treat_23,2023,drop_rounding_band,adjacent_categories,p1_mserd,3289,1653,1490,163,786,867,688,98,802,65,517,741,188,181,0,1,1,1,0,.0038800261476626,.0112411415142142,.0866650593098953,.8967975442409355,-.1586192534512083,.1811015364796366,.0421057701655129,.0421057701655129,.0567962086055498,.0567962086055498,301,174
dept_subset,conflict_dept_subset_083,Conflict-belt departments: APURIMAC + AYACUCHO + HUANUCO + SAN MARTIN,bounded_department_subset,0,4,bc,treat_12,2012,drop_rounding_band,adjacent_categories,p1_mserd,3289,1477,532,945,691,786,216,475,316,470,264,517,217,188,0,4,1,1,0,.1532792018723542,.1711483632989876,.1332580642692203,.1990238014017614,-.090032643318208,.4323293699161833,.0138061479743273,.0138061479743273,.0225359001851778,.0225359001851778,209,154
dept_subset,conflict_dept_subset_083,Conflict-belt departments: APURIMAC + AYACUCHO + HUANUCO + SAN MARTIN,bounded_department_subset,0,4,bc,treat_16,2016,drop_rounding_band,adjacent_categories,p1_mserd,3289,1477,620,857,691,786,223,468,397,389,264,517,217,188,0,4,1,1,0,.232308237399106,.2492308248824843,.1225106280826012,.0419152266071184,.0091144061172046,.4893472436477639,.0162508471061564,.0162508471061564,.0258111815586734,.0258111815586734,254,184
dept_subset,conflict_dept_subset_083,Conflict-belt departments: APURIMAC + AYACUCHO + HUANUCO + SAN MARTIN,bounded_department_subset,0,4,bc,treat_23,2023,drop_rounding_band,adjacent_categories,p1_mserd,3289,1477,1291,186,691,786,603,88,688,98,264,517,217,188,0,4,1,1,0,.0627958296614306,.0836706174137971,.1004418941478186,.4048305819589013,-.1131918776549117,.280533112482506,.0142874398303038,.0142874398303038,.0235347035590299,.0235347035590299,220,159
dept_subset,conflict_dept_subset_083,Conflict-belt departments: APURIMAC + AYACUCHO + HUANUCO + SAN MARTIN,bounded_department_subset,0,4,cd,treat_12,2012,drop_rounding_band,adjacent_categories,p1_mserd,3289,1271,304,967,579,692,87,492,217,475,55,264,191,216,3,3,1,1,0,-.0173666989744329,-.0193618664934544,.1816544049808863,.915117206950619,-.3753979578890448,.3366742249021359,.0034375864650472,.0034375864650472,.0052873892280705,.0052873892280705,116,92
dept_subset,conflict_dept_subset_083,Conflict-belt departments: APURIMAC + AYACUCHO + HUANUCO + SAN MARTIN,bounded_department_subset,0,4,cd,treat_16,2016,drop_rounding_band,adjacent_categories,p1_mserd,3289,1271,317,954,579,692,93,486,224,468,55,264,191,216,3,3,1,1,0,.0683128231597895,.0717989316129733,.1877503285500883,.7021520265543175,-.2961849504307619,.4397828136567086,.0037746388883284,.0037746388883284,.0056872195019282,.0056872195019282,133,104
dept_subset,conflict_dept_subset_083,Conflict-belt departments: APURIMAC + AYACUCHO + HUANUCO + SAN MARTIN,bounded_department_subset,0,4,cd,treat_23,2023,drop_rounding_band,adjacent_categories,p1_mserd,3289,1271,1021,250,579,692,417,162,604,88,55,264,191,216,3,3,1,1,0,-.0304830601085642,-.0508426119753691,.1108877511017996,.6465895179006045,-.268178610461538,.1664933865107998,.0046789389521579,.0046789389521579,.0075776193610384,.0075776193610384,166,129
dept_subset,conflict_dept_subset_083,Conflict-belt departments: APURIMAC + AYACUCHO + HUANUCO + SAN MARTIN,bounded_department_subset,0,4,de,treat_12,2012,drop_rounding_band,adjacent_categories,p1_mserd,3289,903,97,806,361,542,12,349,85,457,12,54,136,188,37,37,1,1,0,-.1835699828129784,-.2605534567881683,.1420951300913015,.0667052108954705,-.5390547941456528,.0179478805693162,.001695199295789,.001695199295789,.0033897895754708,.0033897895754708,57,74
dept_subset,conflict_dept_subset_083,Conflict-belt departments: APURIMAC + AYACUCHO + HUANUCO + SAN MARTIN,bounded_department_subset,0,4,de,treat_16,2016,drop_rounding_band,adjacent_categories,p1_mserd,3289,903,105,798,361,542,14,347,91,451,12,54,136,188,37,37,1,1,0,-.2091774662193526,-.2763754289505936,.1565491938447032,.0774928278240527,-.5832062106949913,.0304553527938041,.0016560269618828,.0016560269618828,.0031738237896164,.0031738237896164,57,74
dept_subset,conflict_dept_subset_083,Conflict-belt departments: APURIMAC + AYACUCHO + HUANUCO + SAN MARTIN,bounded_department_subset,0,4,de,treat_23,2023,drop_rounding_band,adjacent_categories,p1_mserd,3289,903,494,409,361,542,94,267,400,142,12,54,136,188,37,37,1,1,0,-1.013652113647808,-1.365507311544661,1.717215534667962,.4265047861632862,-4.731187913186559,2.000173290097236,.0011244262956261,.0011244262956261,.0029875360152276,.0029875360152276,54,38
dept_subset,conflict_dept_subset_085,Conflict-belt departments: APURIMAC + CUSCO + HUANUCO + SAN MARTIN,bounded_department_subset,0,4,ab,treat_12,2012,drop_rounding_band,adjacent_categories,p1_mserd,2047,776,311,465,364,412,137,227,174,238,295,381,121,117,0,2,1,1,0,-.0198361523638106,-.0410871673551583,.1595478905288,.7967754690949954,-.3537952866009454,.2716209518906288,.043395526734073,.043395526734073,.0612761917150171,.0612761917150171,134,87
dept_subset,conflict_dept_subset_085,Conflict-belt departments: APURIMAC + CUSCO + HUANUCO + SAN MARTIN,bounded_department_subset,0,4,ab,treat_16,2016,drop_rounding_band,adjacent_categories,p1_mserd,2047,776,455,321,364,412,172,192,283,129,295,381,121,117,0,2,1,1,0,-.3678868544734974,-.4104238676489393,.1882579035103868,.0292489427420491,-.7794025783343141,-.0414451569635646,.0353139356524622,.0353139356524622,.056134311886826,.056134311886826,104,64
dept_subset,conflict_dept_subset_085,Conflict-belt departments: APURIMAC + CUSCO + HUANUCO + SAN MARTIN,bounded_department_subset,0,4,ab,treat_23,2023,drop_rounding_band,adjacent_categories,p1_mserd,2047,776,674,102,364,412,308,56,366,46,295,381,121,117,0,2,1,1,0,.0286325824003233,.0344109800457033,.1221610774478125,.7781848252918264,-.2050203320646173,.2738422921560239,.0497321212899636,.0497321212899636,.0585209670167498,.0585209670167498,157,99
dept_subset,conflict_dept_subset_085,Conflict-belt departments: APURIMAC + CUSCO + HUANUCO + SAN MARTIN,bounded_department_subset,0,4,bc,treat_12,2012,drop_rounding_band,adjacent_categories,p1_mserd,2047,838,284,554,473,365,146,327,138,227,217,296,150,121,0,3,1,1,0,.1543776799146763,.180968438134036,.171304476107643,.2907791357498663,-.1547821654274464,.5167190416955184,.0142321621492225,.0142321621492225,.0228280743961023,.0228280743961023,132,92
dept_subset,conflict_dept_subset_085,Conflict-belt departments: APURIMAC + CUSCO + HUANUCO + SAN MARTIN,bounded_department_subset,0,4,bc,treat_16,2016,drop_rounding_band,adjacent_categories,p1_mserd,2047,838,324,514,473,365,151,322,173,192,217,296,150,121,0,3,1,1,0,.2075304331933706,.2358765252415675,.1553495666646018,.1289237390444945,-.0686030304349561,.5403560809180912,.0162687167847245,.0162687167847245,.0255337343321639,.0255337343321639,152,105
dept_subset,conflict_dept_subset_085,Conflict-belt departments: APURIMAC + CUSCO + HUANUCO + SAN MARTIN,bounded_department_subset,0,4,bc,treat_23,2023,drop_rounding_band,adjacent_categories,p1_mserd,2047,838,711,127,473,365,402,71,309,56,217,296,150,121,0,3,1,1,0,.0454939108356607,.0545925897584014,.1357345050040542,.6875359105609478,-.2114421515089165,.3206273310257194,.0163191584720139,.0163191584720139,.0261391615341853,.0261391615341853,152,105
dept_subset,conflict_dept_subset_085,Conflict-belt departments: APURIMAC + CUSCO + HUANUCO + SAN MARTIN,bounded_department_subset,0,4,cd,treat_12,2012,drop_rounding_band,adjacent_categories,p1_mserd,2047,954,221,733,479,475,74,405,147,328,54,217,144,150,1,1,1,1,0,-.0965674157671034,-.1286192779337132,.1933116649410079,.5058287687917455,-.5075031790095629,.2502646231421365,.003523622737173,.003523622737173,.0055612440315715,.0055612440315715,91,80
dept_subset,conflict_dept_subset_085,Conflict-belt departments: APURIMAC + CUSCO + HUANUCO + SAN MARTIN,bounded_department_subset,0,4,cd,treat_16,2016,drop_rounding_band,adjacent_categories,p1_mserd,2047,954,230,724,479,475,78,401,152,323,54,217,144,150,1,1,1,1,0,-.05500784624912,-.084287129173522,.2058251334750674,.6821665747870371,-.4876969778978036,.3191227195507595,.0038875604881844,.0038875604881844,.0060491288910263,.0060491288910263,102,86
dept_subset,conflict_dept_subset_085,Conflict-belt departments: APURIMAC + CUSCO + HUANUCO + SAN MARTIN,bounded_department_subset,0,4,cd,treat_23,2023,drop_rounding_band,adjacent_categories,p1_mserd,2047,954,747,207,479,475,344,135,403,72,54,217,144,150,1,1,1,1,0,-.0609422688848196,-.085546113958523,.1452881103821334,.5559932544452262,-.3703055776893842,.1992133497723382,.0045183407651844,.0045183407651844,.0069634025152534,.0069634025152534,123,100
dept_subset,conflict_dept_subset_085,Conflict-belt departments: APURIMAC + CUSCO + HUANUCO + SAN MARTIN,bounded_department_subset,0,4,de,treat_12,2012,drop_rounding_band,adjacent_categories,p1_mserd,2047,759,83,676,314,445,11,303,72,373,11,53,108,142,34,34,1,1,0,-.2028146007279293,-.2744955589174788,.1723502055854543,.1112361202356019,-.6122957545930432,.0633046367580857,.001760007981352,.001760007981352,.0032751317875556,.0032751317875556,46,63
dept_subset,conflict_dept_subset_085,Conflict-belt departments: APURIMAC + CUSCO + HUANUCO + SAN MARTIN,bounded_department_subset,0,4,de,treat_16,2016,drop_rounding_band,adjacent_categories,p1_mserd,2047,759,89,670,314,445,13,301,76,369,11,53,108,142,34,34,1,1,0,-.1127005389243748,-.1390959289953602,.1594815863452289,.3831126543510595,-.4516740944293235,.1734822364386032,.0019395593604213,.0019395593604213,.0036228387008853,.0036228387008853,81,99
dept_subset,conflict_dept_subset_085,Conflict-belt departments: APURIMAC + CUSCO + HUANUCO + SAN MARTIN,bounded_department_subset,0,4,de,treat_23,2023,drop_rounding_band,adjacent_categories,p1_mserd,2047,759,400,359,314,445,71,243,329,116,11,53,108,142,34,34,1,1,1,,,,,,,,,,,,
dept_subset,conflict_dept_subset_086,Conflict-belt departments: AYACUCHO + CUSCO + HUANUCO + SAN MARTIN,bounded_department_subset,0,4,ab,treat_12,2012,drop_rounding_band,adjacent_categories,p1_mserd,2949,1425,696,729,703,722,275,428,421,301,480,625,149,138,0,1,1,1,0,-.092893379623199,-.1372703425211093,.1732614056976999,.4282014816450413,-.4768564575993838,.2023157725571653,.0238970767757682,.0238970767757682,.0383223062513787,.0383223062513787,146,95
dept_subset,conflict_dept_subset_086,Conflict-belt departments: AYACUCHO + CUSCO + HUANUCO + SAN MARTIN,bounded_department_subset,0,4,ab,treat_16,2016,drop_rounding_band,adjacent_categories,p1_mserd,2949,1425,909,516,703,722,340,363,569,153,480,625,149,138,0,1,1,1,0,-.2631606547425742,-.3057338683966451,.1786552987324049,.0870246561175497,-.655891819559403,.0444240827661128,.0193181827277993,.0193181827277993,.0315080153051142,.0315080153051142,114,76
dept_subset,conflict_dept_subset_086,Conflict-belt departments: AYACUCHO + CUSCO + HUANUCO + SAN MARTIN,bounded_department_subset,0,4,ab,treat_23,2023,drop_rounding_band,adjacent_categories,p1_mserd,2949,1425,1257,168,703,722,606,97,651,71,480,625,149,138,0,1,1,1,0,.0118783124547308,.0141205913975473,.0940663429426322,.8806753759622864,-.1702460529274052,.1984872357224997,.0439780040947402,.0439780040947402,.0574617228676931,.0574617228676931,273,166
dept_subset,conflict_dept_subset_086,Conflict-belt departments: AYACUCHO + CUSCO + HUANUCO + SAN MARTIN,bounded_department_subset,0,4,bc,treat_12,2012,drop_rounding_band,adjacent_categories,p1_mserd,2949,1327,467,860,623,704,191,432,276,428,253,481,181,149,0,5,1,1,0,-.0175191570418836,-.0161844811714974,.1605126447726402,.9196854551643729,-.3307834839891434,.2984145216461486,.0115758563138604,.0115758563138604,.0189724866850609,.0189724866850609,150,120
dept_subset,conflict_dept_subset_086,Conflict-belt departments: AYACUCHO + CUSCO + HUANUCO + SAN MARTIN,bounded_department_subset,0,4,bc,treat_16,2016,drop_rounding_band,adjacent_categories,p1_mserd,2949,1327,540,787,623,704,199,424,341,363,253,481,181,149,0,5,1,1,0,.1163267463532444,.1156347383052569,.1507753849110212,.4431208786414657,-.1798795858755084,.4111490624860223,.0132514455317984,.0132514455317984,.0213252128093819,.0213252128093819,183,135
dept_subset,conflict_dept_subset_086,Conflict-belt departments: AYACUCHO + CUSCO + HUANUCO + SAN MARTIN,bounded_department_subset,0,4,bc,treat_23,2023,drop_rounding_band,adjacent_categories,p1_mserd,2949,1327,1151,176,623,704,544,79,607,97,253,481,181,149,0,5,1,1,0,-.0363504790536804,-.0240230573349192,.107557334987871,.8232621998172178,-.2348315601842561,.1867854455144178,.016060930651438,.016060930651438,.0253682573536055,.0253682573536055,217,167
dept_subset,conflict_dept_subset_086,Conflict-belt departments: AYACUCHO + CUSCO + HUANUCO + SAN MARTIN,bounded_department_subset,0,4,cd,treat_12,2012,drop_rounding_band,adjacent_categories,p1_mserd,2949,1166,266,900,540,626,74,466,192,434,54,253,165,182,2,2,1,1,0,.0231777958081314,.0174282706705672,.1913054121030507,.9274116887833869,-.357523447099005,.3923799884401394,.0035112793618094,.0035112793618094,.005498741806362,.005498741806362,100,95
dept_subset,conflict_dept_subset_086,Conflict-belt departments: AYACUCHO + CUSCO + HUANUCO + SAN MARTIN,bounded_department_subset,0,4,cd,treat_16,2016,drop_rounding_band,adjacent_categories,p1_mserd,2949,1166,280,886,540,626,80,460,200,426,54,253,165,182,2,2,1,1,0,.1258853343447115,.1347510951961401,.2034122753513212,.5076808737512875,-.2639296385057939,.5334318288980741,.0037606318692372,.0037606318692372,.0058779736705434,.0058779736705434,116,96
dept_subset,conflict_dept_subset_086,Conflict-belt departments: AYACUCHO + CUSCO + HUANUCO + SAN MARTIN,bounded_department_subset,0,4,cd,treat_23,2023,drop_rounding_band,adjacent_categories,p1_mserd,2949,1166,936,230,540,626,390,150,546,80,54,253,165,182,2,2,1,1,0,.08884051606623,.1154709608248532,.1066477402792817,.2789272307360398,-.0935547691551205,.3244966908048269,.0044739778682652,.0044739778682652,.0068555320531884,.0068555320531884,145,115
dept_subset,conflict_dept_subset_086,Conflict-belt departments: AYACUCHO + CUSCO + HUANUCO + SAN MARTIN,bounded_department_subset,0,4,de,treat_12,2012,drop_rounding_band,adjacent_categories,p1_mserd,2949,860,82,778,355,505,10,345,72,433,12,53,127,162,35,35,1,1,0,-.1390462646349595,-.2049464134652927,.1624913659273904,.207209528250654,-.5234236384816966,.1135308115511112,.0013698496362867,.0013698496362867,.002838978392207,.002838978392207,52,38
dept_subset,conflict_dept_subset_086,Conflict-belt departments: AYACUCHO + CUSCO + HUANUCO + SAN MARTIN,bounded_department_subset,0,4,de,treat_16,2016,drop_rounding_band,adjacent_categories,p1_mserd,2949,860,90,770,355,505,12,343,78,427,12,53,127,162,35,35,1,1,0,-.1648003009787066,-.2096623746253258,.1366672798581084,.1250030724769724,-.4775253210122746,.0582005717616231,.0018150443764957,.0018150443764957,.0035601706463363,.0035601706463363,54,71
dept_subset,conflict_dept_subset_086,Conflict-belt departments: AYACUCHO + CUSCO + HUANUCO + SAN MARTIN,bounded_department_subset,0,4,de,treat_23,2023,drop_rounding_band,adjacent_categories,p1_mserd,2949,860,464,396,355,505,91,264,373,132,12,53,127,162,35,35,1,1,0,-.0698402966144767,.010891342894102,.2901272381396501,.9700545396317385,-.5577475947936877,.5795302805818917,.002081082691198,.002081082691198,.0035788083994877,.0035788083994877,100,108
dept_subset,conflict_dept_subset_089,Conflict-belt departments: APURIMAC + HUANCAVELICA + HUANUCO + SAN MARTIN,bounded_department_subset,0,4,ab,treat_12,2012,drop_rounding_band,adjacent_categories,p1_mserd,2322,846,405,441,401,445,181,220,224,221,309,404,149,136,0,6,1,1,0,-.0593755635758948,-.1072268821540083,.2160307644317423,.6196474553158746,-.5306393999928797,.316185635684863,.0317330924667026,.0317330924667026,.0469552626368532,.0469552626368532,98,63
dept_subset,conflict_dept_subset_089,Conflict-belt departments: APURIMAC + HUANCAVELICA + HUANUCO + SAN MARTIN,bounded_department_subset,0,4,ab,treat_16,2016,drop_rounding_band,adjacent_categories,p1_mserd,2322,846,560,286,401,445,223,178,337,108,309,404,149,136,0,6,1,1,0,-.3187525827052975,-.3667047454561718,.2122903943096348,.0841006540322982,-.7827862725668627,.0493767816545191,.0345730411753196,.0345730411753196,.0549315274051856,.0549315274051856,104,66
dept_subset,conflict_dept_subset_089,Conflict-belt departments: APURIMAC + HUANCAVELICA + HUANUCO + SAN MARTIN,bounded_department_subset,0,4,ab,treat_23,2023,drop_rounding_band,adjacent_categories,p1_mserd,2322,846,763,83,401,445,354,47,409,36,309,404,149,136,0,6,1,1,0,-.0285087291155242,-.0144265667930916,.1124683837293975,.8979335660605006,-.2348605483021412,.206007414715958,.0552738011772139,.0552738011772139,.0672313255640557,.0672313255640557,199,110
dept_subset,conflict_dept_subset_089,Conflict-belt departments: APURIMAC + HUANCAVELICA + HUANUCO + SAN MARTIN,bounded_department_subset,0,4,bc,treat_12,2012,drop_rounding_band,adjacent_categories,p1_mserd,2322,979,372,607,573,406,187,386,185,221,231,310,189,150,0,2,1,1,0,.2532092324938949,.3111144949943409,.1725436571188206,.0713715767089284,-.0270648587193756,.6492938487080573,.010920005241209,.010920005241209,.0185721510450315,.0185721510450315,123,78
dept_subset,conflict_dept_subset_089,Conflict-belt departments: APURIMAC + HUANCAVELICA + HUANUCO + SAN MARTIN,bounded_department_subset,0,4,bc,treat_16,2016,drop_rounding_band,adjacent_categories,p1_mserd,2322,979,420,559,573,406,192,381,228,178,231,310,189,150,0,2,1,1,0,.3538650866333772,.4156799552299741,.1747269813467725,.0173584721259176,.0732213646628982,.75813854579705,.0103269367468332,.0103269367468332,.0176477462404395,.0176477462404395,117,77
dept_subset,conflict_dept_subset_089,Conflict-belt departments: APURIMAC + HUANCAVELICA + HUANUCO + SAN MARTIN,bounded_department_subset,0,4,bc,treat_23,2023,drop_rounding_band,adjacent_categories,p1_mserd,2322,979,864,115,573,406,505,68,359,47,231,310,189,150,0,2,1,1,0,.0513700098384307,.0568871353701652,.1101679591598516,.6055978761622083,-.1590380968334235,.2728123675737539,.0160309736887398,.0160309736887398,.0253272845563907,.0253272845563907,185,112
dept_subset,conflict_dept_subset_089,Conflict-belt departments: APURIMAC + HUANCAVELICA + HUANUCO + SAN MARTIN,bounded_department_subset,0,4,cd,treat_12,2012,drop_rounding_band,adjacent_categories,p1_mserd,2322,1121,281,840,546,575,92,454,189,386,56,231,178,188,2,1,1,1,0,-.1713779199046251,-.2051319683292985,.1710905989835048,.23054080902676,-.5404633804303529,.130199443771756,.0033651232500261,.0033651232500261,.0054353259058523,.0054353259058523,108,87
dept_subset,conflict_dept_subset_089,Conflict-belt departments: APURIMAC + HUANCAVELICA + HUANUCO + SAN MARTIN,bounded_department_subset,0,4,cd,treat_16,2016,drop_rounding_band,adjacent_categories,p1_mserd,2322,1121,291,830,546,575,97,449,194,381,56,231,178,188,2,1,1,1,0,-.1284489651313266,-.1591572626154705,.1800379404310515,.3766850491892546,-.512025141711099,.193710616480158,.0037058835881367,.0037058835881367,.0057284452995911,.0057284452995911,116,100
dept_subset,conflict_dept_subset_089,Conflict-belt departments: APURIMAC + HUANCAVELICA + HUANUCO + SAN MARTIN,bounded_department_subset,0,4,cd,treat_23,2023,drop_rounding_band,adjacent_categories,p1_mserd,2322,1121,916,205,546,575,409,137,507,68,56,231,178,188,2,1,1,1,0,-.0540129454417444,-.0814763623172696,.1153807151039178,.4800934035455827,-.3076184084314252,.1446656837968859,.0045812225355184,.0045812225355184,.0075455909640016,.0075455909640016,148,124
dept_subset,conflict_dept_subset_089,Conflict-belt departments: APURIMAC + HUANCAVELICA + HUANUCO + SAN MARTIN,bounded_department_subset,0,4,de,treat_12,2012,drop_rounding_band,adjacent_categories,p1_mserd,2322,855,104,751,348,507,14,334,90,417,11,56,131,176,40,40,1,1,0,-.0919822329199168,-.1155164641371582,.1022231373361484,.2584584218944507,-.3158701317027007,.0848372034283844,.0029725373059205,.0029725373059205,.0054719492893453,.0054719492893453,101,160
dept_subset,conflict_dept_subset_089,Conflict-belt departments: APURIMAC + HUANCAVELICA + HUANUCO + SAN MARTIN,bounded_department_subset,0,4,de,treat_16,2016,drop_rounding_band,adjacent_categories,p1_mserd,2322,855,111,744,348,507,16,332,95,412,11,56,131,176,40,40,1,1,0,-.2463856207787345,-.2941883793589724,.1736824318282104,.090297738441054,-.6345996904895979,.0462229317716532,.0017643189786809,.0017643189786809,.0032448338671535,.0032448338671535,49,68
dept_subset,conflict_dept_subset_089,Conflict-belt departments: APURIMAC + HUANCAVELICA + HUANUCO + SAN MARTIN,bounded_department_subset,0,4,de,treat_23,2023,drop_rounding_band,adjacent_categories,p1_mserd,2322,855,474,381,348,507,86,262,388,119,11,56,131,176,40,40,1,1,0,1.779999999999998,1.315745366782714,66512002.77298538,.9999999842161885,-130361128.6589341,130361131.2904249,.0010386583828753,.0010386583828753,.0028527398300999,.0028527398300999,42,36
dept_subset,conflict_dept_subset_090,Conflict-belt departments: AYACUCHO + HUANCAVELICA + HUANUCO + SAN MARTIN,bounded_department_subset,0,4,ab,treat_12,2012,drop_rounding_band,adjacent_categories,p1_mserd,3224,1495,790,705,740,755,319,421,471,284,491,650,177,157,0,5,1,1,0,-.0958320398517696,-.1458861423035059,.1862364751833738,.4334285458617994,-.5109029262706061,.2191306416635942,.0211454616357884,.0211454616357884,.0349858283552528,.0349858283552528,120,82
dept_subset,conflict_dept_subset_090,Conflict-belt departments: AYACUCHO + HUANCAVELICA + HUANUCO + SAN MARTIN,bounded_department_subset,0,4,ab,treat_16,2016,drop_rounding_band,adjacent_categories,p1_mserd,3224,1495,1014,481,740,755,391,349,623,132,491,650,177,157,0,5,1,1,0,-.2429485557460591,-.3000487981806819,.1779526885400777,.0917735423702914,-.6488296586713077,.048732062309944,.0180245026580944,.0180245026580944,.0311647599178622,.0311647599178622,109,65
dept_subset,conflict_dept_subset_090,Conflict-belt departments: AYACUCHO + HUANCAVELICA + HUANUCO + SAN MARTIN,bounded_department_subset,0,4,ab,treat_23,2023,drop_rounding_band,adjacent_categories,p1_mserd,3224,1495,1346,149,740,755,652,88,694,61,491,650,177,157,0,5,1,1,0,-.0104291882313396,-.0042682150529842,.0910698028823557,.9626188215273308,-.1827617487815633,.1742253186755948,.0437575401497533,.0437575401497533,.0587808158880095,.0587808158880095,275,172
dept_subset,conflict_dept_subset_090,Conflict-belt departments: AYACUCHO + HUANCAVELICA + HUANUCO + SAN MARTIN,bounded_department_subset,0,4,bc,treat_12,2012,drop_rounding_band,adjacent_categories,p1_mserd,3224,1468,555,913,723,745,232,491,323,422,262,492,220,178,0,4,1,1,0,.0198372517485086,.0110655123993393,.1250904035889912,.9295109778429477,-.2341071734466633,.2562381982453419,.0147928574151027,.0147928574151027,.02376508470062,.02376508470062,239,162
dept_subset,conflict_dept_subset_090,Conflict-belt departments: AYACUCHO + HUANCAVELICA + HUANUCO + SAN MARTIN,bounded_department_subset,0,4,bc,treat_16,2016,drop_rounding_band,adjacent_categories,p1_mserd,3224,1468,636,832,723,745,240,483,396,349,262,492,220,178,0,4,1,1,0,.1329624115779138,.1414837180696591,.1440413643539911,.3259798191705068,-.1408321683481749,.4237996044874931,.0129579929057851,.0129579929057851,.0207370016298011,.0207370016298011,203,136
dept_subset,conflict_dept_subset_090,Conflict-belt departments: AYACUCHO + HUANCAVELICA + HUANUCO + SAN MARTIN,bounded_department_subset,0,4,bc,treat_23,2023,drop_rounding_band,adjacent_categories,p1_mserd,3224,1468,1304,164,723,745,647,76,657,88,262,492,220,178,0,4,1,1,0,-.0037804696190018,.0104308602766643,.0991855905627927,.9162448214710542,-.1839693250117452,.2048310455650738,.0143499514938643,.0143499514938643,.0225729659238028,.0225729659238028,230,153
dept_subset,conflict_dept_subset_090,Conflict-belt departments: AYACUCHO + HUANCAVELICA + HUANUCO + SAN MARTIN,bounded_department_subset,0,4,cd,treat_12,2012,drop_rounding_band,adjacent_categories,p1_mserd,3224,1333,326,1007,607,726,92,515,234,492,56,262,199,220,3,2,1,1,0,-.0691351275235534,-.0835386151869638,.1729673820129097,.6291147440318523,-.4225484544324479,.2554712240585203,.0034002543720346,.0034002543720346,.0053951560261349,.0053951560261349,117,102
dept_subset,conflict_dept_subset_090,Conflict-belt departments: AYACUCHO + HUANCAVELICA + HUANUCO + SAN MARTIN,bounded_department_subset,0,4,cd,treat_16,2016,drop_rounding_band,adjacent_categories,p1_mserd,3224,1333,341,992,607,726,99,508,242,484,56,262,199,220,3,2,1,1,0,.0213035046912385,.0190391272216194,.1830295812630873,.9171517852266418,-.3396922601594786,.3777705146027175,.0037052343543244,.0037052343543244,.0057118358822989,.0057118358822989,129,114
dept_subset,conflict_dept_subset_090,Conflict-belt departments: AYACUCHO + HUANCAVELICA + HUANUCO + SAN MARTIN,bounded_department_subset,0,4,cd,treat_23,2023,drop_rounding_band,adjacent_categories,p1_mserd,3224,1333,1105,228,607,726,455,152,650,76,56,262,199,220,3,2,1,1,0,.0420908985688193,.0469805035023545,.0866448693722526,.5876675757257679,-.1228403199124382,.2168013269171472,.0051355303248892,.0051355303248892,.0076132915054856,.0076132915054856,194,150
dept_subset,conflict_dept_subset_090,Conflict-belt departments: AYACUCHO + HUANCAVELICA + HUANUCO + SAN MARTIN,bounded_department_subset,0,4,de,treat_12,2012,drop_rounding_band,adjacent_categories,p1_mserd,3224,956,103,853,389,567,13,376,90,477,12,56,150,196,41,41,1,1,0,-.0572405016547885,-.0785734558521769,.078251716866797,.3153248295313744,-.2319440026395245,.0747970909351707,.002876841675654,.002876841675654,.0054415731705023,.0054415731705023,122,140
dept_subset,conflict_dept_subset_090,Conflict-belt departments: AYACUCHO + HUANCAVELICA + HUANUCO + SAN MARTIN,bounded_department_subset,0,4,de,treat_16,2016,drop_rounding_band,adjacent_categories,p1_mserd,3224,956,112,844,389,567,15,374,97,470,12,56,150,196,41,41,1,1,0,-.180414978067808,-.2269767585146354,.1611648513940007,.1590270160957691,-.5428540628206266,.0889005457913559,.0015439029433506,.0015439029433506,.003035554198456,.003035554198456,57,76
dept_subset,conflict_dept_subset_090,Conflict-belt departments: AYACUCHO + HUANCAVELICA + HUANUCO + SAN MARTIN,bounded_department_subset,0,4,de,treat_23,2023,drop_rounding_band,adjacent_categories,p1_mserd,3224,956,538,418,389,567,106,283,432,135,12,56,150,196,41,41,1,1,0,-1.084588923288486,-1.211776639684963,1.860690977904365,.5148845498718861,-4.858663942736132,2.435110663366205,.0011615753198516,.0011615753198516,.0029761091792663,.0029761091792663,53,39
dept_subset,conflict_dept_subset_092,Conflict-belt departments: CUSCO + HUANCAVELICA + HUANUCO + SAN MARTIN,bounded_department_subset,0,4,ab,treat_12,2012,drop_rounding_band,adjacent_categories,p1_mserd,1982,618,283,335,318,300,140,178,143,157,261,275,110,93,0,6,1,1,0,-.1176547324159027,-.168546309890406,.197106548978681,.3924943858053595,-.5548680470056009,.2177754272247889,.0343393271192248,.0343393271192248,.0518234701565094,.0518234701565094,70,55
dept_subset,conflict_dept_subset_092,Conflict-belt departments: CUSCO + HUANCAVELICA + HUANUCO + SAN MARTIN,bounded_department_subset,0,4,ab,treat_16,2016,drop_rounding_band,adjacent_categories,p1_mserd,1982,618,373,245,318,300,166,152,207,93,261,275,110,93,0,6,1,1,0,-.2839938460512372,-.3343846136264033,.2097231616105935,.1108443328022216,-.7454344571070397,.0766652298542332,.0345962024788357,.0345962024788357,.0557542698563578,.0557542698563578,70,55
dept_subset,conflict_dept_subset_092,Conflict-belt departments: CUSCO + HUANCAVELICA + HUANUCO + SAN MARTIN,bounded_department_subset,0,4,ab,treat_23,2023,drop_rounding_band,adjacent_categories,p1_mserd,1982,618,530,88,318,300,272,46,258,42,261,275,110,93,0,6,1,1,0,.0202615886722062,.00079013541212,.1474421125728415,.9957241942768913,-.2881910950351495,.2897713658593896,.0441579781217896,.0441579781217896,.0543368228010224,.0543368228010224,104,78
dept_subset,conflict_dept_subset_092,Conflict-belt departments: CUSCO + HUANCAVELICA + HUANUCO + SAN MARTIN,bounded_department_subset,0,4,bc,treat_12,2012,drop_rounding_band,adjacent_categories,p1_mserd,1982,829,307,522,505,324,162,343,145,179,218,262,153,111,0,3,1,1,0,-.0378270993924921,-.0298822841614671,.1686756550064044,.8593840871482239,-.3604804930427229,.3007159247197887,.0145042778099602,.0145042778099602,.0227929861381123,.0227929861381123,140,88
dept_subset,conflict_dept_subset_092,Conflict-belt departments: CUSCO + HUANCAVELICA + HUANUCO + SAN MARTIN,bounded_department_subset,0,4,bc,treat_16,2016,drop_rounding_band,adjacent_categories,p1_mserd,1982,829,340,489,505,324,168,337,172,152,218,262,153,111,0,3,1,1,0,.0791895900164831,.110192565160112,.1887472714829364,.5593480761513397,-.2597452891266473,.4801304194468713,.0123615136256218,.0123615136256218,.0198928193692786,.0198928193692786,121,77
dept_subset,conflict_dept_subset_092,Conflict-belt departments: CUSCO + HUANCAVELICA + HUANUCO + SAN MARTIN,bounded_department_subset,0,4,bc,treat_23,2023,drop_rounding_band,adjacent_categories,p1_mserd,1982,829,724,105,505,324,446,59,278,46,218,262,153,111,0,3,1,1,0,-.0721808686804568,-.0961413747330722,.1247533715594222,.4409135180606109,-.340653489939483,.1483707404733387,.017478813670835,.017478813670835,.027773144034897,.027773144034897,180,107
dept_subset,conflict_dept_subset_092,Conflict-belt departments: CUSCO + HUANCAVELICA + HUANUCO + SAN MARTIN,bounded_department_subset,0,4,cd,treat_12,2012,drop_rounding_band,adjacent_categories,p1_mserd,1982,1016,243,773,507,509,79,428,164,345,53,219,152,154,1,0,1,1,0,-.1599719618490047,-.2029984156104083,.1727371871461518,.2399200979242201,-.5415570812076209,.1355602499868043,.0034796199783328,.0034796199783328,.0056867841799251,.0056867841799251,93,92
dept_subset,conflict_dept_subset_092,Conflict-belt departments: CUSCO + HUANCAVELICA + HUANUCO + SAN MARTIN,bounded_department_subset,0,4,cd,treat_16,2016,drop_rounding_band,adjacent_categories,p1_mserd,1982,1016,254,762,507,509,84,423,170,339,53,219,152,154,1,0,1,1,0,-.1069025841638085,-.1441251169200103,.189287184075611,.4464123359689083,-.5151211804432114,.2268709466031908,.0038209387891083,.0038209387891083,.0060844421726663,.0060844421726663,106,94
dept_subset,conflict_dept_subset_092,Conflict-belt departments: CUSCO + HUANCAVELICA + HUANUCO + SAN MARTIN,bounded_department_subset,0,4,cd,treat_23,2023,drop_rounding_band,adjacent_categories,p1_mserd,1982,1016,831,185,507,509,382,125,449,60,53,219,152,154,1,0,1,1,0,.0643247898050334,.0794890437170013,.1115209439412464,.475986646723135,-.1390879899297519,.2980660773637545,.0042567629499889,.0042567629499889,.0059404080951303,.0059404080951303,115,100
dept_subset,conflict_dept_subset_092,Conflict-belt departments: CUSCO + HUANCAVELICA + HUANUCO + SAN MARTIN,bounded_department_subset,0,4,de,treat_12,2012,drop_rounding_band,adjacent_categories,p1_mserd,1982,812,89,723,342,470,12,330,77,393,11,53,122,150,38,38,1,1,0,-.1103058894169155,-.1671521062693069,.1285542834203273,.1935168999303152,-.4191138718315031,.0848096592928892,.0019207920248554,.0019207920248554,.0037742590313558,.0037742590313558,91,102
dept_subset,conflict_dept_subset_092,Conflict-belt departments: CUSCO + HUANCAVELICA + HUANUCO + SAN MARTIN,bounded_department_subset,0,4,de,treat_16,2016,drop_rounding_band,adjacent_categories,p1_mserd,1982,812,96,716,342,470,14,328,82,388,11,53,122,150,38,38,1,1,0,-.1742800939066259,-.2073083495249806,.1538532375791539,.1778378474578812,-.5088551540850065,.0942384550350454,.0018243235814337,.0018243235814337,.0033541025689614,.0033541025689614,91,65
dept_subset,conflict_dept_subset_092,Conflict-belt departments: CUSCO + HUANCAVELICA + HUANUCO + SAN MARTIN,bounded_department_subset,0,4,de,treat_23,2023,drop_rounding_band,adjacent_categories,p1_mserd,1982,812,444,368,342,470,83,259,361,109,11,53,122,150,38,38,1,1,1,,,,,,,,,,,,
dept_subset,conflict_dept_subset_099,Conflict-belt departments: APURIMAC + AYACUCHO + JUNIN + SAN MARTIN,bounded_department_subset,0,4,ab,treat_12,2012,drop_rounding_band,adjacent_categories,p1_mserd,3189,1654,844,810,802,852,326,476,518,334,512,720,188,186,0,4,1,1,0,-.047803771393645,-.0999455320593292,.1715343041487049,.5601247397719474,-.4361465903039303,.2362555261852719,.0229179582863812,.0229179582863812,.037029635038349,.037029635038349,164,92
dept_subset,conflict_dept_subset_099,Conflict-belt departments: APURIMAC + AYACUCHO + JUNIN + SAN MARTIN,bounded_department_subset,0,4,ab,treat_16,2016,drop_rounding_band,adjacent_categories,p1_mserd,3189,1654,1119,535,802,852,411,391,708,144,512,720,188,186,0,4,1,1,0,-.1930371578078114,-.2629782844342066,.1379321090683278,.0565752939996946,-.5333202505197796,.0073636816513664,.0167606122177314,.0167606122177314,.0307524142601099,.0307524142601099,115,72
dept_subset,conflict_dept_subset_099,Conflict-belt departments: APURIMAC + AYACUCHO + JUNIN + SAN MARTIN,bounded_department_subset,0,4,ab,treat_23,2023,drop_rounding_band,adjacent_categories,p1_mserd,3189,1654,1509,145,802,852,707,95,802,50,512,720,188,186,0,4,1,1,0,.05451872422149,.0651988384406657,.0763550987021065,.3931660627057417,-.084454405051464,.2148520819327953,.0359127573269146,.0359127573269146,.0502110895035541,.0502110895035541,261,139
dept_subset,conflict_dept_subset_099,Conflict-belt departments: APURIMAC + AYACUCHO + JUNIN + SAN MARTIN,bounded_department_subset,0,4,bc,treat_12,2012,drop_rounding_band,adjacent_categories,p1_mserd,3189,1460,517,943,655,805,189,466,328,477,249,513,214,188,0,3,1,1,0,.1259334932088759,.1375695985498773,.1429901907808114,.3360038141276578,-.1426860255230243,.4178252226227789,.0128865820932416,.0128865820932416,.0204575679196906,.0204575679196906,164,139
dept_subset,conflict_dept_subset_099,Conflict-belt departments: APURIMAC + AYACUCHO + JUNIN + SAN MARTIN,bounded_department_subset,0,4,bc,treat_16,2016,drop_rounding_band,adjacent_categories,p1_mserd,3189,1460,608,852,655,805,195,460,413,392,249,513,214,188,0,3,1,1,0,.2815808980394542,.301264887759809,.1393890728602011,.0306703539070407,.0280673251153854,.5744624504042326,.0139347906323145,.0139347906323145,.0225988381224716,.0225988381224716,177,150
dept_subset,conflict_dept_subset_099,Conflict-belt departments: APURIMAC + AYACUCHO + JUNIN + SAN MARTIN,bounded_department_subset,0,4,bc,treat_23,2023,drop_rounding_band,adjacent_categories,p1_mserd,3189,1460,1269,191,655,805,560,95,709,96,249,513,214,188,0,3,1,1,0,.0807744037706379,.106876753673822,.0937463070296852,.2542597991368726,-.076862631787995,.290616139135639,.014768798042498,.014768798042498,.0258692813201288,.0258692813201288,196,161
dept_subset,conflict_dept_subset_099,Conflict-belt departments: APURIMAC + AYACUCHO + JUNIN + SAN MARTIN,bounded_department_subset,0,4,cd,treat_12,2012,drop_rounding_band,adjacent_categories,p1_mserd,3189,1193,266,927,538,655,76,462,190,465,57,249,201,213,3,3,1,1,0,-.0375139134682275,-.0420890175227705,.1995545363576153,.8329537066922365,-.4332087217352851,.3490306866897441,.0031371605369543,.0031371605369543,.005063999337347,.005063999337347,113,78
dept_subset,conflict_dept_subset_099,Conflict-belt departments: APURIMAC + AYACUCHO + JUNIN + SAN MARTIN,bounded_department_subset,0,4,cd,treat_16,2016,drop_rounding_band,adjacent_categories,p1_mserd,3189,1193,279,914,538,655,83,455,196,459,57,249,201,213,3,3,1,1,0,-.0004231983700574,4.72049162092e-06,.1958506697732716,.9999807689839012,-.3838555386120388,.3838649795952807,.0033453502815396,.0033453502815396,.0053190544709095,.0053190544709095,115,80
dept_subset,conflict_dept_subset_099,Conflict-belt departments: APURIMAC + AYACUCHO + JUNIN + SAN MARTIN,bounded_department_subset,0,4,cd,treat_23,2023,drop_rounding_band,adjacent_categories,p1_mserd,3189,1193,931,262,538,655,371,167,560,95,57,249,201,213,3,3,1,1,0,.0775753295887576,.0917376538321808,.1138046880402241,.4201867377650571,-.1313154359984746,.3147907436628362,.0048305091612108,.0048305091612108,.007804015970021,.007804015970021,172,119
dept_subset,conflict_dept_subset_099,Conflict-belt departments: APURIMAC + AYACUCHO + JUNIN + SAN MARTIN,bounded_department_subset,0,4,de,treat_12,2012,drop_rounding_band,adjacent_categories,p1_mserd,3189,840,89,751,335,505,15,320,74,431,13,56,139,196,33,33,1,1,0,.0063647402691895,-.0431003096772056,.2672253575701031,.8718663790134836,-.5668523862704454,.4806517669160343,.0012252831737109,.0012252831737109,.0028165082086393,.0028165082086393,53,34
dept_subset,conflict_dept_subset_099,Conflict-belt departments: APURIMAC + AYACUCHO + JUNIN + SAN MARTIN,bounded_department_subset,0,4,de,treat_16,2016,drop_rounding_band,adjacent_categories,p1_mserd,3189,840,98,742,335,505,17,318,81,424,13,56,139,196,33,33,1,1,0,.0122603675321866,-.0300432587719366,.3384205801896024,.9292607926430237,-.6933354075707063,.6332488900268332,.0011465656774157,.0011465656774157,.002632224270326,.002632224270326,53,32
dept_subset,conflict_dept_subset_099,Conflict-belt departments: APURIMAC + AYACUCHO + JUNIN + SAN MARTIN,bounded_department_subset,0,4,de,treat_23,2023,drop_rounding_band,adjacent_categories,p1_mserd,3189,840,435,405,335,505,78,257,357,148,13,56,139,196,33,33,1,1,0,.0061526941920924,-.0148962219894919,.7805963083884083,.9847747881059999,-1.544836872895693,1.515044428916709,.0012574600210531,.0012574600210531,.0027773180230445,.0027773180230445,53,34
dept_subset,conflict_dept_subset_101,Conflict-belt departments: APURIMAC + CUSCO + JUNIN + SAN MARTIN,bounded_department_subset,0,4,ab,treat_12,2012,drop_rounding_band,adjacent_categories,p1_mserd,1947,777,337,440,380,397,147,233,190,207,296,356,121,122,0,5,1,1,0,.0215620735755377,.0147217159849049,.2019162955650524,.9418777407084918,-.3810269512143424,.4104703831841522,.0428468830171689,.0428468830171689,.0567886400859671,.0567886400859671,142,73
dept_subset,conflict_dept_subset_101,Conflict-belt departments: APURIMAC + CUSCO + JUNIN + SAN MARTIN,bounded_department_subset,0,4,ab,treat_16,2016,drop_rounding_band,adjacent_categories,p1_mserd,1947,777,478,299,380,397,186,194,292,105,296,356,121,122,0,5,1,1,0,-.0398732945590852,-.0378605625129277,.1665602215582149,.8201838248784985,-.3643125980240406,.2885914729981853,.0430539871239931,.0430539871239931,.0576526851491669,.0576526851491669,143,73
dept_subset,conflict_dept_subset_101,Conflict-belt departments: APURIMAC + CUSCO + JUNIN + SAN MARTIN,bounded_department_subset,0,4,ab,treat_23,2023,drop_rounding_band,adjacent_categories,p1_mserd,1947,777,693,84,380,397,327,53,366,31,296,356,121,122,0,5,1,1,0,.1020775109327006,.1377667328174175,.0911828185838779,.1308178092074085,-.0409483076158327,.3164817732506676,.0409448442408235,.0409448442408235,.0603517500485721,.0603517500485721,138,72
dept_subset,conflict_dept_subset_101,Conflict-belt departments: APURIMAC + CUSCO + JUNIN + SAN MARTIN,bounded_department_subset,0,4,bc,treat_12,2012,drop_rounding_band,adjacent_categories,p1_mserd,1947,821,269,552,437,384,119,318,150,234,200,297,147,121,0,2,1,1,0,.1214705581745709,.1444439405729825,.1789728980590359,.4196252416176955,-.2063364938314863,.4952243749774513,.0134774760381152,.0134774760381152,.0205276153514,.0205276153514,91,84
dept_subset,conflict_dept_subset_101,Conflict-belt departments: APURIMAC + CUSCO + JUNIN + SAN MARTIN,bounded_department_subset,0,4,bc,treat_16,2016,drop_rounding_band,adjacent_categories,p1_mserd,1947,821,312,509,437,384,123,314,189,195,200,297,147,121,0,2,1,1,0,.2810093729814421,.3211252663176024,.1740404641252159,.065020314141555,-.019987775220456,.6622383078556608,.0135107900394306,.0135107900394306,.0215699851080131,.0215699851080131,91,86
dept_subset,conflict_dept_subset_101,Conflict-belt departments: APURIMAC + CUSCO + JUNIN + SAN MARTIN,bounded_department_subset,0,4,bc,treat_23,2023,drop_rounding_band,adjacent_categories,p1_mserd,1947,821,689,132,437,384,359,78,330,54,200,297,147,121,0,2,1,1,0,.0770426835116251,.0816301344342394,.1479609051958295,.5811534327757735,-.2083679108695317,.3716281797380104,.0137890308236018,.0137890308236018,.0216914142296072,.0216914142296072,91,86
dept_subset,conflict_dept_subset_101,Conflict-belt departments: APURIMAC + CUSCO + JUNIN + SAN MARTIN,bounded_department_subset,0,4,cd,treat_12,2012,drop_rounding_band,adjacent_categories,p1_mserd,1947,876,183,693,438,438,63,375,120,318,56,200,154,147,1,1,1,1,0,-.11888294435981,-.1406267822322881,.2239196589321733,.5299886206509368,-.5795012491698404,.2982476847052642,.0031248385349925,.0031248385349925,.0051618146320283,.0051618146320283,74,61
dept_subset,conflict_dept_subset_101,Conflict-belt departments: APURIMAC + CUSCO + JUNIN + SAN MARTIN,bounded_department_subset,0,4,cd,treat_16,2016,drop_rounding_band,adjacent_categories,p1_mserd,1947,876,192,684,438,438,68,370,124,314,56,200,154,147,1,1,1,1,0,-.1426607237761103,-.1662315916369966,.2056969613727394,.4190109745564889,-.5693902276568923,.2369270443828992,.003538781648471,.003538781648471,.0055595182872892,.0055595182872892,105,70
dept_subset,conflict_dept_subset_101,Conflict-belt departments: APURIMAC + CUSCO + JUNIN + SAN MARTIN,bounded_department_subset,0,4,cd,treat_23,2023,drop_rounding_band,adjacent_categories,p1_mserd,1947,876,657,219,438,438,298,140,359,79,56,200,154,147,1,1,1,1,0,.0989212041811025,.1307638009687579,.1629922452369951,.4223967481883601,-.1886951294550726,.4502227313925884,.0040703675297386,.0040703675297386,.0067711502467408,.0067711502467408,116,80
dept_subset,conflict_dept_subset_101,Conflict-belt departments: APURIMAC + CUSCO + JUNIN + SAN MARTIN,bounded_department_subset,0,4,de,treat_12,2012,drop_rounding_band,adjacent_categories,p1_mserd,1947,696,75,621,288,408,14,274,61,347,12,55,111,150,30,30,1,1,0,-.1679698732985703,-.2733965146950608,.1187009444877408,.0212654612167397,-.5060460908219209,-.0407469385682007,.0015399650687534,.0015399650687534,.0031408535834022,.0031408535834022,46,51
dept_subset,conflict_dept_subset_101,Conflict-belt departments: APURIMAC + CUSCO + JUNIN + SAN MARTIN,bounded_department_subset,0,4,de,treat_16,2016,drop_rounding_band,adjacent_categories,p1_mserd,1947,696,82,614,288,408,16,272,66,342,12,55,111,150,30,30,1,1,0,.0129201314297425,-.0353496575798751,.3525303587865248,.9201267345156678,-.726296464258447,.6555971490986968,.0011727756478073,.0011727756478073,.0028538177713011,.0028538177713011,42,27
dept_subset,conflict_dept_subset_101,Conflict-belt departments: APURIMAC + CUSCO + JUNIN + SAN MARTIN,bounded_department_subset,0,4,de,treat_23,2023,drop_rounding_band,adjacent_categories,p1_mserd,1947,696,341,355,288,408,55,233,286,122,12,55,111,150,30,30,1,1,0,.1224327654667441,.150048514800881,.7863171471443504,.8486631545835867,-1.391104774028328,1.69120180363009,.0012383686042932,.0012383686042932,.0026915253757811,.0026915253757811,42,31
dept_subset,conflict_dept_subset_102,Conflict-belt departments: AYACUCHO + CUSCO + JUNIN + SAN MARTIN,bounded_department_subset,0,4,ab,treat_12,2012,drop_rounding_band,adjacent_categories,p1_mserd,2849,1426,722,704,719,707,285,434,437,270,473,608,149,143,0,4,1,1,0,-.0734498425808159,-.1183212906269696,.1752471221352219,.4995688837729741,-.4617993384062967,.2251567571523574,.0244117491716759,.0244117491716759,.0381495421424023,.0381495421424023,153,93
dept_subset,conflict_dept_subset_102,Conflict-belt departments: AYACUCHO + CUSCO + JUNIN + SAN MARTIN,bounded_department_subset,0,4,ab,treat_16,2016,drop_rounding_band,adjacent_categories,p1_mserd,2849,1426,932,494,719,707,354,365,578,129,473,608,149,143,0,4,1,1,0,-.1428440423891075,-.2105015661514809,.1456756390122069,.1484573693162031,-.4960205720402643,.0750174397373026,.017999847435299,.017999847435299,.0319181988789192,.0319181988789192,114,72
dept_subset,conflict_dept_subset_102,Conflict-belt departments: AYACUCHO + CUSCO + JUNIN + SAN MARTIN,bounded_department_subset,0,4,ab,treat_23,2023,drop_rounding_band,adjacent_categories,p1_mserd,2849,1426,1276,150,719,707,625,94,651,56,473,608,149,143,0,4,1,1,0,.0579938055356322,.0718669042286479,.0870102986317777,.4088275783657243,-.098670147373711,.2424039558310069,.0375022724986929,.0375022724986929,.0537310943899937,.0537310943899937,236,134
dept_subset,conflict_dept_subset_102,Conflict-belt departments: AYACUCHO + CUSCO + JUNIN + SAN MARTIN,bounded_department_subset,0,4,bc,treat_12,2012,drop_rounding_band,adjacent_categories,p1_mserd,2849,1310,452,858,587,723,164,423,288,435,236,474,178,149,0,4,1,1,0,-.0958665274544823,-.1091467416356475,.1609060211141314,.497565001388018,-.4245167479149864,.2062232646436914,.0112148379990288,.0112148379990288,.0181495949470695,.0181495949470695,118,116
dept_subset,conflict_dept_subset_102,Conflict-belt departments: AYACUCHO + CUSCO + JUNIN + SAN MARTIN,bounded_department_subset,0,4,bc,treat_16,2016,drop_rounding_band,adjacent_categories,p1_mserd,2849,1310,528,782,587,723,171,416,357,366,236,474,178,149,0,4,1,1,0,.125288694199857,.1252384614507309,.1618107432575903,.4389419520004156,-.1919047676458033,.4423816905472651,.0125203754520363,.0125203754520363,.0196017009028213,.0196017009028213,138,126
dept_subset,conflict_dept_subset_102,Conflict-belt departments: AYACUCHO + CUSCO + JUNIN + SAN MARTIN,bounded_department_subset,0,4,bc,treat_23,2023,drop_rounding_band,adjacent_categories,p1_mserd,2849,1310,1129,181,587,723,501,86,628,95,236,474,178,149,0,4,1,1,0,-.0139814854094356,.0004006693388601,.1158442461764102,.9972403701294047,-.2266498809830957,.2274512196608158,.0139478132977222,.0139478132977222,.0219443853296832,.0219443853296832,155,139
dept_subset,conflict_dept_subset_102,Conflict-belt departments: AYACUCHO + CUSCO + JUNIN + SAN MARTIN,bounded_department_subset,0,4,cd,treat_12,2012,drop_rounding_band,adjacent_categories,p1_mserd,2849,1088,228,860,499,589,63,436,165,424,54,236,175,179,2,2,1,1,0,.018093729533591,.0241073304293314,.2155002521107256,.910928995974116,-.3982654023669925,.4464800632256553,.003171276519859,.003171276519859,.0052226309687665,.0052226309687665,97,73
dept_subset,conflict_dept_subset_102,Conflict-belt departments: AYACUCHO + CUSCO + JUNIN + SAN MARTIN,bounded_department_subset,0,4,cd,treat_16,2016,drop_rounding_band,adjacent_categories,p1_mserd,2849,1088,242,846,499,589,70,429,172,417,54,236,175,179,2,2,1,1,0,.0644243594165487,.07615284280191,.2064290403161684,.7121980391888647,-.3284406415809467,.4807463271847668,.0034745866657918,.0034745866657918,.0055762289528523,.0055762289528523,99,85
dept_subset,conflict_dept_subset_102,Conflict-belt departments: AYACUCHO + CUSCO + JUNIN + SAN MARTIN,bounded_department_subset,0,4,cd,treat_23,2023,drop_rounding_band,adjacent_categories,p1_mserd,2849,1088,846,242,499,589,344,155,502,87,54,236,175,179,2,2,1,1,0,.2470238103662388,.2870875812069016,.1373650912508021,.0366213700822065,.0178569496222715,.5563182127915317,.0030698962955432,.0030698962955432,.0054493750853982,.0054493750853982,78,69
dept_subset,conflict_dept_subset_102,Conflict-belt departments: AYACUCHO + CUSCO + JUNIN + SAN MARTIN,bounded_department_subset,0,4,de,treat_12,2012,drop_rounding_band,adjacent_categories,p1_mserd,2849,797,74,723,329,468,13,316,61,407,13,53,130,170,31,31,1,1,0,-.0845249811306737,-.1796092076018654,.1100235832705036,.1025824100619159,-.3952514682620961,.0360330530583653,.0014041122570477,.0014041122570477,.0031248102941375,.0031248102941375,51,59
dept_subset,conflict_dept_subset_102,Conflict-belt departments: AYACUCHO + CUSCO + JUNIN + SAN MARTIN,bounded_department_subset,0,4,de,treat_16,2016,drop_rounding_band,adjacent_categories,p1_mserd,2849,797,83,714,329,468,15,314,68,400,13,53,130,170,31,31,1,1,0,.0076388888888888,-.0389794837043875,.3481435567762253,.9108520909169311,-.7213283164354645,.6433693490266894,.00109791338956,.00109791338956,.0026694176225777,.0026694176225777,49,30
dept_subset,conflict_dept_subset_102,Conflict-belt departments: AYACUCHO + CUSCO + JUNIN + SAN MARTIN,bounded_department_subset,0,4,de,treat_23,2023,drop_rounding_band,adjacent_categories,p1_mserd,2849,797,405,392,329,468,75,254,330,138,13,53,130,170,31,31,1,1,0,.2893369509531993,.3064404333709376,.6803372153017161,.6524045060483308,-1.026996005962698,1.639876872704573,.0013527800458943,.0013527800458943,.0029352014825269,.0029352014825269,51,33
dept_subset,conflict_dept_subset_105,Conflict-belt departments: APURIMAC + HUANCAVELICA + JUNIN + SAN MARTIN,bounded_department_subset,0,4,ab,treat_12,2012,drop_rounding_band,adjacent_categories,p1_mserd,2222,847,431,416,417,430,191,226,240,190,314,379,149,141,0,9,1,1,0,.0480014832563224,.0080843496695051,.222245805425217,.9709827794494205,-.4275094246790166,.4436781240180269,.0366239372097239,.0366239372097239,.0489623910411041,.0489623910411041,120,65
dept_subset,conflict_dept_subset_105,Conflict-belt departments: APURIMAC + HUANCAVELICA + JUNIN + SAN MARTIN,bounded_department_subset,0,4,ab,treat_16,2016,drop_rounding_band,adjacent_categories,p1_mserd,2222,847,583,264,417,430,237,180,346,84,314,379,149,141,0,9,1,1,0,.0456839640519948,.0418533183368104,.1586897981705785,.7919779838471893,-.2691729707914535,.3528796074650743,.0413212815916931,.0413212815916931,.0547709623625331,.0547709623625331,143,77
dept_subset,conflict_dept_subset_105,Conflict-belt departments: APURIMAC + HUANCAVELICA + JUNIN + SAN MARTIN,bounded_department_subset,0,4,ab,treat_23,2023,drop_rounding_band,adjacent_categories,p1_mserd,2222,847,782,65,417,430,373,44,409,21,314,379,149,141,0,9,1,1,0,.087129152386626,.110373730577412,.0534619628682485,.0389676619050062,.0055902088128272,.2151572523419967,.0352839646088576,.0352839646088576,.055506505589615,.055506505589615,113,62
dept_subset,conflict_dept_subset_105,Conflict-belt departments: APURIMAC + HUANCAVELICA + JUNIN + SAN MARTIN,bounded_department_subset,0,4,bc,treat_12,2012,drop_rounding_band,adjacent_categories,p1_mserd,2222,962,357,605,537,425,160,377,197,228,210,315,186,150,0,1,1,1,0,.1938890188869624,.2439953279399157,.1697296156241435,.150560908199616,-.0886686057932323,.5766592616730638,.0121454494651968,.0121454494651968,.0196233755121978,.0196233755121978,109,82
dept_subset,conflict_dept_subset_105,Conflict-belt departments: APURIMAC + HUANCAVELICA + JUNIN + SAN MARTIN,bounded_department_subset,0,4,bc,treat_16,2016,drop_rounding_band,adjacent_categories,p1_mserd,2222,962,408,554,537,425,164,373,244,181,210,315,186,150,0,1,1,1,0,.4486306748293154,.5338830528577138,.1738118832472476,.0021290468821553,.1932180216080278,.8745480841073997,.0094180126221311,.0094180126221311,.0172316761016444,.0172316761016444,90,69
dept_subset,conflict_dept_subset_105,Conflict-belt departments: APURIMAC + HUANCAVELICA + JUNIN + SAN MARTIN,bounded_department_subset,0,4,bc,treat_23,2023,drop_rounding_band,adjacent_categories,p1_mserd,2222,962,842,120,537,425,462,75,380,45,210,315,186,150,0,1,1,1,0,.086627406275211,.1056277443447362,.1021086538175541,.3009192163486084,-.0945015396475382,.3057570283370106,.0159484017587049,.0159484017587049,.0264734592684394,.0264734592684394,151,107
dept_subset,conflict_dept_subset_105,Conflict-belt departments: APURIMAC + HUANCAVELICA + JUNIN + SAN MARTIN,bounded_department_subset,0,4,cd,treat_12,2012,drop_rounding_band,adjacent_categories,p1_mserd,2222,1043,243,800,505,538,81,424,162,376,58,210,188,185,2,1,1,1,0,-.2135842330666847,-.245519970547912,.2006623443181365,.2211228605490867,-.6388109384648351,.1477709973690111,.0028838267964961,.0028838267964961,.0049467192939963,.0049467192939963,89,68
dept_subset,conflict_dept_subset_105,Conflict-belt departments: APURIMAC + HUANCAVELICA + JUNIN + SAN MARTIN,bounded_department_subset,0,4,cd,treat_16,2016,drop_rounding_band,adjacent_categories,p1_mserd,2222,1043,253,790,505,538,87,418,166,372,58,210,188,185,2,1,1,1,0,-.2273042775845573,-.260687452605218,.1964689620988125,.1845539111726586,-.6457595423988552,.1243846371884192,.0030136074622361,.0030136074622361,.0051348101554654,.0051348101554654,91,70
dept_subset,conflict_dept_subset_105,Conflict-belt departments: APURIMAC + HUANCAVELICA + JUNIN + SAN MARTIN,bounded_department_subset,0,4,cd,treat_23,2023,drop_rounding_band,adjacent_categories,p1_mserd,2222,1043,826,217,505,538,363,142,463,75,58,210,188,185,2,1,1,1,0,.059419057072573,.0667723419183721,.1156767083943415,.5637824848016736,-.1599498403846793,.2934945242214235,.0049651973048956,.0049651973048956,.0078980782336371,.0078980782336371,171,116
dept_subset,conflict_dept_subset_105,Conflict-belt departments: APURIMAC + HUANCAVELICA + JUNIN + SAN MARTIN,bounded_department_subset,0,4,de,treat_12,2012,drop_rounding_band,adjacent_categories,p1_mserd,2222,792,96,696,322,470,17,305,79,391,12,58,134,184,36,36,1,1,0,-.102657473849896,-.2074567066711099,.1220365816483629,.0891393755908781,-.4466440114982829,.0317305981560631,.0014106915328615,.0014106915328615,.0030077934754643,.0030077934754643,43,56
dept_subset,conflict_dept_subset_105,Conflict-belt departments: APURIMAC + HUANCAVELICA + JUNIN + SAN MARTIN,bounded_department_subset,0,4,de,treat_16,2016,drop_rounding_band,adjacent_categories,p1_mserd,2222,792,104,688,322,470,19,303,85,385,12,58,134,184,36,36,1,1,0,.018333333333334,-.0360332228995215,.3792740277193432,.9243102399719135,-.7793966575008801,.7073302117018371,.0011129163153075,.0011129163153075,.0027690605912606,.0027690605912606,41,30
dept_subset,conflict_dept_subset_105,Conflict-belt departments: APURIMAC + HUANCAVELICA + JUNIN + SAN MARTIN,bounded_department_subset,0,4,de,treat_23,2023,drop_rounding_band,adjacent_categories,p1_mserd,2222,792,415,377,322,470,70,252,345,125,12,58,134,184,36,36,1,1,0,-.0547009788853217,-.0280376481996889,.8376378149920434,.9732979701130848,-1.669777597672919,1.613702301273541,.0012344983507264,.0012344983507264,.002633408736238,.002633408736238,43,33
dept_subset,conflict_dept_subset_106,Conflict-belt departments: AYACUCHO + HUANCAVELICA + JUNIN + SAN MARTIN,bounded_department_subset,0,4,ab,treat_12,2012,drop_rounding_band,adjacent_categories,p1_mserd,3124,1496,816,680,756,740,329,427,487,253,487,630,177,162,0,8,1,1,0,-.0751583990565581,-.1281515392904538,.1809536654719543,.4788205397910517,-.4828142064859932,.2265111279050857,.0215418124942792,.0215418124942792,.0353569398619942,.0353569398619942,130,78
dept_subset,conflict_dept_subset_106,Conflict-belt departments: AYACUCHO + HUANCAVELICA + JUNIN + SAN MARTIN,bounded_department_subset,0,4,ab,treat_16,2016,drop_rounding_band,adjacent_categories,p1_mserd,3124,1496,1037,459,756,740,405,351,632,108,487,630,177,162,0,8,1,1,0,-.1275565202992188,-.1947612771718927,.1368495947697504,.1546846788260881,-.4629815542195044,.0734589998757189,.0162126796325966,.0162126796325966,.0310067863516697,.0310067863516697,94,60
dept_subset,conflict_dept_subset_106,Conflict-belt departments: AYACUCHO + HUANCAVELICA + JUNIN + SAN MARTIN,bounded_department_subset,0,4,ab,treat_23,2023,drop_rounding_band,adjacent_categories,p1_mserd,3124,1496,1365,131,756,740,671,85,694,46,487,630,177,162,0,8,1,1,0,.0444040192874879,.0568683864644413,.0820473276898974,.4882362153207134,-.1039414208355136,.2176781937643961,.0363959434293853,.0363959434293853,.0526446253677942,.0526446253677942,232,132
dept_subset,conflict_dept_subset_106,Conflict-belt departments: AYACUCHO + HUANCAVELICA + JUNIN + SAN MARTIN,bounded_department_subset,0,4,bc,treat_12,2012,drop_rounding_band,adjacent_categories,p1_mserd,3124,1451,540,911,687,764,205,482,335,429,243,488,217,178,0,3,1,1,0,-.0122592099687373,-.0332049102208852,.1287064236534136,.7964149847841925,-.28546486516053,.2190550447187596,.0145948903222571,.0145948903222571,.0242196209531636,.0242196209531636,197,152
dept_subset,conflict_dept_subset_106,Conflict-belt departments: AYACUCHO + HUANCAVELICA + JUNIN + SAN MARTIN,bounded_department_subset,0,4,bc,treat_16,2016,drop_rounding_band,adjacent_categories,p1_mserd,3124,1451,624,827,687,764,212,475,412,352,243,488,217,178,0,3,1,1,0,.1711854446387717,.1805886553778744,.1428326320801287,.2061089092349425,-.0993581593162382,.460535470071987,.0140830989158374,.0140830989158374,.0224250501894059,.0224250501894059,185,145
dept_subset,conflict_dept_subset_106,Conflict-belt departments: AYACUCHO + HUANCAVELICA + JUNIN + SAN MARTIN,bounded_department_subset,0,4,bc,treat_23,2023,drop_rounding_band,adjacent_categories,p1_mserd,3124,1451,1282,169,687,764,604,83,678,86,243,488,217,178,0,3,1,1,0,.0288457625246645,.0511630685498241,.0945277287049967,.5883357495897417,-.1341078752523424,.2364340123519906,.0138989383766263,.0138989383766263,.0225093962785055,.0225093962785055,182,144
dept_subset,conflict_dept_subset_106,Conflict-belt departments: AYACUCHO + HUANCAVELICA + JUNIN + SAN MARTIN,bounded_department_subset,0,4,cd,treat_12,2012,drop_rounding_band,adjacent_categories,p1_mserd,3124,1255,288,967,566,689,81,485,207,482,57,243,209,217,3,2,1,1,0,-.0964652858456783,-.106493561240481,.1962903506999163,.5874528947133962,-.4912155791250534,.2782284566440915,.0030258443068799,.0030258443068799,.0050144133714896,.0050144133714896,94,81
dept_subset,conflict_dept_subset_106,Conflict-belt departments: AYACUCHO + HUANCAVELICA + JUNIN + SAN MARTIN,bounded_department_subset,0,4,cd,treat_16,2016,drop_rounding_band,adjacent_categories,p1_mserd,3124,1255,303,952,566,689,89,477,214,475,57,243,209,217,3,2,1,1,0,-.0512172065492968,-.0544167300956839,.1966309695212097,.7819755548015507,-.439806348602448,.3309728884110801,.0031993556186357,.0031993556186357,.005268077138689,.005268077138689,115,88
dept_subset,conflict_dept_subset_106,Conflict-belt departments: AYACUCHO + HUANCAVELICA + JUNIN + SAN MARTIN,bounded_department_subset,0,4,cd,treat_23,2023,drop_rounding_band,adjacent_categories,p1_mserd,3124,1255,1015,240,566,689,409,157,606,83,57,243,209,217,3,2,1,1,0,.1598201658957437,.1906822510372261,.091392678568791,.0369418440176181,.0115558925917501,.3698086094827022,.0039732016794002,.0039732016794002,.0069891546501056,.0069891546501056,154,114
dept_subset,conflict_dept_subset_106,Conflict-belt departments: AYACUCHO + HUANCAVELICA + JUNIN + SAN MARTIN,bounded_department_subset,0,4,de,treat_12,2012,drop_rounding_band,adjacent_categories,p1_mserd,3124,893,95,798,363,530,16,347,79,451,13,57,153,204,37,37,1,1,0,.007482993197279,-.0360104181367794,.3296484559278901,.9130130470534061,-.6821095193146831,.6100886830411243,.0010995133244566,.0010995133244566,.0027550973161598,.0027550973161598,50,33
dept_subset,conflict_dept_subset_106,Conflict-belt departments: AYACUCHO + HUANCAVELICA + JUNIN + SAN MARTIN,bounded_department_subset,0,4,de,treat_16,2016,drop_rounding_band,adjacent_categories,p1_mserd,3124,893,105,788,363,530,18,345,87,443,13,57,153,204,37,37,1,1,0,.0074829931972789,-.0466992852864965,.373933478659894,.9006133174137271,-.7795954360736653,.6861968655006724,.0010274049413075,.0010274049413075,.0025583606388254,.0025583606388254,50,33
dept_subset,conflict_dept_subset_106,Conflict-belt departments: AYACUCHO + HUANCAVELICA + JUNIN + SAN MARTIN,bounded_department_subset,0,4,de,treat_23,2023,drop_rounding_band,adjacent_categories,p1_mserd,3124,893,479,414,363,530,90,273,389,141,13,57,153,204,37,37,1,1,0,-.1230807582162754,-.1050133656642451,.7781387775720352,.8926478122886448,-1.630137344679458,1.420110613350968,.0012658682776546,.0012658682776546,.0027095469900569,.0027095469900569,52,35
dept_subset,conflict_dept_subset_108,Conflict-belt departments: CUSCO + HUANCAVELICA + JUNIN + SAN MARTIN,bounded_department_subset,0,4,ab,treat_12,2012,drop_rounding_band,adjacent_categories,p1_mserd,1882,619,309,310,334,285,150,184,159,126,264,252,110,98,0,9,1,1,0,-.094671687181498,-.1452301100633575,.2325652194810178,.5323186629806229,-.6010495643028053,.3105893441760902,.0350006560753027,.0350006560753027,.0499779788321633,.0499779788321633,77,51
dept_subset,conflict_dept_subset_108,Conflict-belt departments: CUSCO + HUANCAVELICA + JUNIN + SAN MARTIN,bounded_department_subset,0,4,ab,treat_16,2016,drop_rounding_band,adjacent_categories,p1_mserd,1882,619,396,223,334,285,180,154,216,69,264,252,110,98,0,9,1,1,0,.0628112756780597,.0804114926261261,.1690448036474918,.634301273839161,-.2509102342966029,.4117332195488551,.0470455721844327,.0470455721844327,.0653468383756881,.0653468383756881,129,65
dept_subset,conflict_dept_subset_108,Conflict-belt departments: CUSCO + HUANCAVELICA + JUNIN + SAN MARTIN,bounded_department_subset,0,4,ab,treat_23,2023,drop_rounding_band,adjacent_categories,p1_mserd,1882,619,549,70,334,285,291,43,258,27,264,252,110,98,0,9,1,1,0,.0904951860639085,.1238989460825468,.109883430532109,.2595104591236014,-.0914686202580957,.3392665124231893,.0410828660017807,.0410828660017807,.063692641056555,.063692641056555,103,61
dept_subset,conflict_dept_subset_108,Conflict-belt departments: CUSCO + HUANCAVELICA + JUNIN + SAN MARTIN,bounded_department_subset,0,4,bc,treat_12,2012,drop_rounding_band,adjacent_categories,p1_mserd,1882,812,292,520,469,343,135,334,157,186,194,265,150,111,0,2,1,1,0,-.0996957687902982,-.1073852068701504,.1732476017730906,.5353653604738957,-.4469442667533455,.2321738530130447,.0149263368035131,.0149263368035131,.0229918414681356,.0229918414681356,112,86
dept_subset,conflict_dept_subset_108,Conflict-belt departments: CUSCO + HUANCAVELICA + JUNIN + SAN MARTIN,bounded_department_subset,0,4,bc,treat_16,2016,drop_rounding_band,adjacent_categories,p1_mserd,1882,812,328,484,469,343,140,329,188,155,194,265,150,111,0,2,1,1,0,.1479659387218033,.2039967659776076,.1954039856207638,.2964972165679081,-.1789880082746719,.5869815402298872,.0119005298952461,.0119005298952461,.0192015355331284,.0192015355331284,87,72
dept_subset,conflict_dept_subset_108,Conflict-belt departments: CUSCO + HUANCAVELICA + JUNIN + SAN MARTIN,bounded_department_subset,0,4,bc,treat_23,2023,drop_rounding_band,adjacent_categories,p1_mserd,1882,812,702,110,469,343,403,66,299,44,194,265,150,111,0,2,1,1,0,-.0584779834469329,-.057286219362416,.1393969212993894,.6811036508692541,-.3304991646649835,.2159267259401516,.0159345607791855,.0159345607791855,.0256790464982594,.0256790464982594,119,93
dept_subset,conflict_dept_subset_108,Conflict-belt departments: CUSCO + HUANCAVELICA + JUNIN + SAN MARTIN,bounded_department_subset,0,4,cd,treat_12,2012,drop_rounding_band,adjacent_categories,p1_mserd,1882,938,205,733,466,472,68,398,137,335,56,195,162,151,1,0,1,1,0,-.2002748365586602,-.2312236235544118,.2139233081867124,.27975424334001,-.6505056030540306,.188058355945207,.0029573721573566,.0029573721573566,.0051349511819697,.0051349511819697,77,62
dept_subset,conflict_dept_subset_108,Conflict-belt departments: CUSCO + HUANCAVELICA + JUNIN + SAN MARTIN,bounded_department_subset,0,4,cd,treat_16,2016,drop_rounding_band,adjacent_categories,p1_mserd,1882,938,216,722,466,472,74,392,142,330,56,195,162,151,1,0,1,1,0,-.2063303608810491,-.2387012669623653,.197788750542489,.2274900850109434,-.6263600945728207,.1489575606480901,.0033293830842144,.0033293830842144,.0055216050876769,.0055216050876769,91,71
dept_subset,conflict_dept_subset_108,Conflict-belt departments: CUSCO + HUANCAVELICA + JUNIN + SAN MARTIN,bounded_department_subset,0,4,cd,treat_23,2023,drop_rounding_band,adjacent_categories,p1_mserd,1882,938,741,197,466,472,336,130,405,67,56,195,162,151,1,0,1,1,0,.2386062957007673,.2699076193833685,.1421321594831939,.0575657261991196,-.0086662942485945,.5484815330153314,.0029483181073119,.0029483181073119,.005082210272589,.005082210272589,77,62
dept_subset,conflict_dept_subset_108,Conflict-belt departments: CUSCO + HUANCAVELICA + JUNIN + SAN MARTIN,bounded_department_subset,0,4,de,treat_12,2012,drop_rounding_band,adjacent_categories,p1_mserd,1882,749,81,668,316,433,15,301,66,367,12,56,125,158,34,34,1,1,0,-.1505310140191696,-.2511905560950257,.1117262497900715,.0245591036747969,-.4701699818112917,-.0322111303787598,.0014631769937168,.0014631769937168,.0031416460514499,.0031416460514499,46,53
dept_subset,conflict_dept_subset_108,Conflict-belt departments: CUSCO + HUANCAVELICA + JUNIN + SAN MARTIN,bounded_department_subset,0,4,de,treat_16,2016,drop_rounding_band,adjacent_categories,p1_mserd,1882,749,89,660,316,433,17,299,72,361,12,56,125,158,34,34,1,1,0,.0096491228070175,-.049284955282503,.3839304372882715,.8978565730606637,-.8017747849362287,.7032048743712227,.0010605697124485,.0010605697124485,.0028097061856651,.0028097061856651,39,28
dept_subset,conflict_dept_subset_108,Conflict-belt departments: CUSCO + HUANCAVELICA + JUNIN + SAN MARTIN,bounded_department_subset,0,4,de,treat_23,2023,drop_rounding_band,adjacent_categories,p1_mserd,1882,749,385,364,316,433,67,249,318,115,12,56,125,158,34,34,1,1,0,.0448581370235708,.1110427310152833,.775173246709956,.8860935949823248,-1.408268914315212,1.630354376345779,.0012403267689364,.0012403267689364,.0026537285435616,.0026537285435616,41,32
dept_subset,conflict_dept_subset_113,Conflict-belt departments: APURIMAC + HUANUCO + JUNIN + SAN MARTIN,bounded_department_subset,0,4,ab,treat_12,2012,drop_rounding_band,adjacent_categories,p1_mserd,2659,1005,459,546,494,511,203,291,256,255,359,460,154,145,0,4,1,1,0,.0763901617525584,.0399635868937694,.1884599857737061,.8320653488661272,-.3294111977496253,.4093383715371642,.0363341044913791,.0363341044913791,.0516354235386954,.0516354235386954,141,83
dept_subset,conflict_dept_subset_113,Conflict-belt departments: APURIMAC + HUANUCO + JUNIN + SAN MARTIN,bounded_department_subset,0,4,ab,treat_16,2016,drop_rounding_band,adjacent_categories,p1_mserd,2659,1005,628,377,494,511,248,246,380,131,359,460,154,145,0,4,1,1,0,-.1681292079394408,-.2235462532236688,.1924331223138886,.2453643245316148,-.6007082423914814,.1536157359441437,.0313902346955754,.0313902346955754,.0495664603375371,.0495664603375371,113,75
dept_subset,conflict_dept_subset_113,Conflict-belt departments: APURIMAC + HUANUCO + JUNIN + SAN MARTIN,bounded_department_subset,0,4,ab,treat_23,2023,drop_rounding_band,adjacent_categories,p1_mserd,2659,1005,895,110,494,511,425,69,470,41,359,460,154,145,0,4,1,1,0,.018965079633102,.0430234119868436,.0888666157197517,.6282902790934624,-.1311519542518307,.2171987782255178,.0513133089635049,.0513133089635049,.0646656919570209,.0646656919570209,213,125
dept_subset,conflict_dept_subset_113,Conflict-belt departments: APURIMAC + HUANUCO + JUNIN + SAN MARTIN,bounded_department_subset,0,4,bc,treat_12,2012,drop_rounding_band,adjacent_categories,p1_mserd,2659,1123,409,714,626,497,204,422,205,292,245,360,200,154,0,2,1,1,0,-.0006826793590504,.0103300797129724,.1747298329143043,.952856291808907,-.3321340998237653,.3527942592497101,.0113012084192251,.0113012084192251,.0177038324139066,.0177038324139066,117,111
dept_subset,conflict_dept_subset_113,Conflict-belt departments: APURIMAC + HUANUCO + JUNIN + SAN MARTIN,bounded_department_subset,0,4,bc,treat_16,2016,drop_rounding_band,adjacent_categories,p1_mserd,2659,1123,458,665,626,497,208,418,250,247,245,360,200,154,0,2,1,1,0,.1234300135264083,.1430742073074892,.1733971727050685,.4093010690971733,-.1967780062155167,.4829264208304951,.0114532435280958,.0114532435280958,.0180369341600644,.0180369341600644,125,112
dept_subset,conflict_dept_subset_113,Conflict-belt departments: APURIMAC + HUANUCO + JUNIN + SAN MARTIN,bounded_department_subset,0,4,bc,treat_23,2023,drop_rounding_band,adjacent_categories,p1_mserd,2659,1123,957,166,626,497,530,96,427,70,245,360,200,154,0,2,1,1,0,.112580215628622,.1151042893756407,.1145875229527152,.3151329516032315,-.1094831286893379,.3396917074406193,.0151737374325828,.0151737374325828,.025159040507945,.025159040507945,167,140
dept_subset,conflict_dept_subset_113,Conflict-belt departments: APURIMAC + HUANUCO + JUNIN + SAN MARTIN,bounded_department_subset,0,4,cd,treat_12,2012,drop_rounding_band,adjacent_categories,p1_mserd,2659,1258,301,957,631,627,96,535,205,422,57,245,203,199,1,1,1,1,0,-.0350231583267843,-.059422235186352,.1661674193693304,.7206392279409098,-.3851043925542029,.2662599221814988,.0034676866050618,.0034676866050618,.0054459364016292,.0054459364016292,130,97
dept_subset,conflict_dept_subset_113,Conflict-belt departments: APURIMAC + HUANUCO + JUNIN + SAN MARTIN,bounded_department_subset,0,4,cd,treat_16,2016,drop_rounding_band,adjacent_categories,p1_mserd,2659,1258,311,947,631,627,102,529,209,418,57,245,203,199,1,1,1,1,0,-.0007089924317745,-.0172230580625461,.1647553050873923,.9167430496964998,-.3401375222957436,.3056914061706514,.0039616397432471,.0039616397432471,.0059060075172666,.0059060075172666,161,117
dept_subset,conflict_dept_subset_113,Conflict-belt departments: APURIMAC + HUANUCO + JUNIN + SAN MARTIN,bounded_department_subset,0,4,cd,treat_23,2023,drop_rounding_band,adjacent_categories,p1_mserd,2659,1258,968,290,631,627,437,194,531,96,57,245,203,199,1,1,1,1,0,.0935357252189826,.1088102367839459,.1086638691099954,.3166590891405042,-.1041670330924195,.3217875066603113,.0052350485650564,.0052350485650564,.0081464089524824,.0081464089524824,214,150
dept_subset,conflict_dept_subset_113,Conflict-belt departments: APURIMAC + HUANUCO + JUNIN + SAN MARTIN,bounded_department_subset,0,4,de,treat_12,2012,drop_rounding_band,adjacent_categories,p1_mserd,2659,980,108,872,391,589,15,376,93,496,12,56,141,199,42,42,1,1,0,-.1196660362978815,-.1639787991447217,.1008832122160755,.1040705468288204,-.3617062617329408,.0337486634434974,.0018148919482118,.0018148919482118,.0033609628445299,.0033609628445299,61,82
dept_subset,conflict_dept_subset_113,Conflict-belt departments: APURIMAC + HUANUCO + JUNIN + SAN MARTIN,bounded_department_subset,0,4,de,treat_16,2016,drop_rounding_band,adjacent_categories,p1_mserd,2659,980,116,864,391,589,17,374,99,490,12,56,141,199,42,42,1,1,0,-.1280899453901525,-.1818315011202255,.1091086968797267,.0956104797531806,-.3956806174045875,.0320176151641365,.0016566487959736,.0016566487959736,.0030016815273899,.0030016815273899,61,82
dept_subset,conflict_dept_subset_113,Conflict-belt departments: APURIMAC + HUANUCO + JUNIN + SAN MARTIN,bounded_department_subset,0,4,de,treat_23,2023,drop_rounding_band,adjacent_categories,p1_mserd,2659,980,499,481,391,589,80,311,419,170,12,56,141,199,42,42,1,1,0,.6280007352851342,.6525260907165844,.9053526396887095,.4710679818975821,-1.121932476381554,2.426984657814723,.0011679663191298,.0011679663191298,.0026074411599927,.0026074411599927,57,45
dept_subset,conflict_dept_subset_114,Conflict-belt departments: AYACUCHO + HUANUCO + JUNIN + SAN MARTIN,bounded_department_subset,0,4,ab,treat_12,2012,drop_rounding_band,adjacent_categories,p1_mserd,3561,1654,844,810,833,821,341,492,503,318,515,700,182,166,0,3,1,1,0,-.0365912843758674,-.0846617853015436,.1752892853410898,.6291076432812731,-.4282224714458443,.2588989008427572,.0227941489867769,.0227941489867769,.0364133218322771,.0364133218322771,150,99
dept_subset,conflict_dept_subset_114,Conflict-belt departments: AYACUCHO + HUANUCO + JUNIN + SAN MARTIN,bounded_department_subset,0,4,ab,treat_16,2016,drop_rounding_band,adjacent_categories,p1_mserd,3561,1654,1082,572,833,821,416,417,666,155,515,700,182,166,0,3,1,1,0,-.1972468561279908,-.2572959025968669,.1685781990055344,.1269425557879386,-.5877031012263403,.0731112960326065,.0171176218267792,.0171176218267792,.029643347552585,.029643347552585,113,75
dept_subset,conflict_dept_subset_114,Conflict-belt departments: AYACUCHO + HUANUCO + JUNIN + SAN MARTIN,bounded_department_subset,0,4,ab,treat_23,2023,drop_rounding_band,adjacent_categories,p1_mserd,3561,1654,1478,176,833,821,723,110,755,66,515,700,182,166,0,3,1,1,0,.0125876235806412,.0225348939892145,.079488044672732,.7767932603330809,-.1332588107708512,.1783285987492801,.0450417459549251,.0450417459549251,.0596850269866448,.0596850269866448,323,185
dept_subset,conflict_dept_subset_114,Conflict-belt departments: AYACUCHO + HUANUCO + JUNIN + SAN MARTIN,bounded_department_subset,0,4,bc,treat_12,2012,drop_rounding_band,adjacent_categories,p1_mserd,3561,1612,592,1020,776,836,249,527,343,493,271,516,231,182,0,4,1,1,0,-.13515746084853,-.1651059451997909,.1655340205581339,.3185636114439517,-.4895466637098462,.1593347733102643,.0093675979768965,.0093675979768965,.0160697180387232,.0160697180387232,138,125
dept_subset,conflict_dept_subset_114,Conflict-belt departments: AYACUCHO + HUANUCO + JUNIN + SAN MARTIN,bounded_department_subset,0,4,bc,treat_16,2016,drop_rounding_band,adjacent_categories,p1_mserd,3561,1612,674,938,776,836,256,520,418,418,271,516,231,182,0,4,1,1,0,.0086618546836433,-.0217260897170735,.1681851178147706,.897215521456756,-.3513628633696496,.3079106839355026,.0097980637374128,.0097980637374128,.0164999158234915,.0164999158234915,143,133
dept_subset,conflict_dept_subset_114,Conflict-belt departments: AYACUCHO + HUANUCO + JUNIN + SAN MARTIN,bounded_department_subset,0,4,bc,treat_23,2023,drop_rounding_band,adjacent_categories,p1_mserd,3561,1612,1397,215,776,836,672,104,725,111,271,516,231,182,0,4,1,1,0,.0289876580137489,.0390618089009971,.0918500902870466,.6706341387170487,-.1409610600383664,.2190846778403606,.0161960558743721,.0161960558743721,.0265825865391009,.0265825865391009,246,212
dept_subset,conflict_dept_subset_114,Conflict-belt departments: AYACUCHO + HUANUCO + JUNIN + SAN MARTIN,bounded_department_subset,0,4,cd,treat_12,2012,drop_rounding_band,adjacent_categories,p1_mserd,3561,1470,346,1124,692,778,96,596,250,528,57,271,224,231,2,2,1,1,0,.044146632460378,.0466258375747347,.1663947668879252,.7793147354478415,-.2795019127415367,.372753587891006,.003376419235102,.003376419235102,.0052948483982357,.0052948483982357,138,110
dept_subset,conflict_dept_subset_114,Conflict-belt departments: AYACUCHO + HUANUCO + JUNIN + SAN MARTIN,bounded_department_subset,0,4,cd,treat_16,2016,drop_rounding_band,adjacent_categories,p1_mserd,3561,1470,361,1109,692,778,104,588,257,521,57,271,224,231,2,2,1,1,0,.1210937978627516,.1332890676904512,.166012411336755,.4220405353059429,-.1920892795162375,.4586674148971399,.0037301661981932,.0037301661981932,.0056896082443497,.0056896082443497,169,125
dept_subset,conflict_dept_subset_114,Conflict-belt departments: AYACUCHO + HUANUCO + JUNIN + SAN MARTIN,bounded_department_subset,0,4,cd,treat_23,2023,drop_rounding_band,adjacent_categories,p1_mserd,3561,1470,1157,313,692,778,483,209,674,104,57,271,224,231,2,2,1,1,0,.1922756778709256,.2285245798627988,.0905905417479471,.0116487608893043,.0509703806968504,.4060787790287472,.0037545886690286,.0037545886690286,.0066105471290823,.0066105471290823,169,125
dept_subset,conflict_dept_subset_114,Conflict-belt departments: AYACUCHO + HUANUCO + JUNIN + SAN MARTIN,bounded_department_subset,0,4,de,treat_12,2012,drop_rounding_band,adjacent_categories,p1_mserd,3561,1081,107,974,432,649,14,418,93,556,13,56,160,219,43,43,1,1,0,-.0912417566611404,-.1467298124350812,.085201494062179,.0850422232626507,-.3137216722259552,.0202620473557928,.0016577145793462,.0016577145793462,.0033669275673864,.0033669275673864,69,90
dept_subset,conflict_dept_subset_114,Conflict-belt departments: AYACUCHO + HUANUCO + JUNIN + SAN MARTIN,bounded_department_subset,0,4,de,treat_16,2016,drop_rounding_band,adjacent_categories,p1_mserd,3561,1081,117,964,432,649,16,416,101,548,13,56,160,219,43,43,1,1,0,-.0081055484887302,-.0351653525484812,.107187535874055,.7428563545714333,-.2452490624532239,.1749183573562615,.0013615339634705,.0013615339634705,.0028814540744236,.0028814540744236,66,49
dept_subset,conflict_dept_subset_114,Conflict-belt departments: AYACUCHO + HUANUCO + JUNIN + SAN MARTIN,bounded_department_subset,0,4,de,treat_23,2023,drop_rounding_band,adjacent_categories,p1_mserd,3561,1081,563,518,432,649,100,332,463,186,13,56,160,219,43,43,1,1,0,.5855653180534404,.6083691145775134,.8374842222734248,.4675785344614964,-1.033069798698936,2.249808027853963,.0012187883854851,.0012187883854851,.0027808268085401,.0027808268085401,66,49
dept_subset,conflict_dept_subset_116,Conflict-belt departments: CUSCO + HUANUCO + JUNIN + SAN MARTIN,bounded_department_subset,0,4,ab,treat_12,2012,drop_rounding_band,adjacent_categories,p1_mserd,2319,777,337,440,411,366,162,249,175,191,310,338,115,102,0,4,1,1,0,.0599298423337862,.0294889924136027,.1778968784856749,.8683422610033324,-.3191824823804184,.3781604672076238,.043192776187955,.043192776187955,.0610233457428918,.0610233457428918,131,90
dept_subset,conflict_dept_subset_116,Conflict-belt departments: CUSCO + HUANUCO + JUNIN + SAN MARTIN,bounded_department_subset,0,4,ab,treat_16,2016,drop_rounding_band,adjacent_categories,p1_mserd,2319,777,441,336,411,366,191,220,250,116,310,338,115,102,0,4,1,1,0,-.1285655665397893,-.1885650421019287,.1972700230436485,.3391365208973863,-.5752071824968661,.1980770982930087,.0305714995354886,.0305714995354886,.0491018745433543,.0491018745433543,79,64
dept_subset,conflict_dept_subset_116,Conflict-belt departments: CUSCO + HUANUCO + JUNIN + SAN MARTIN,bounded_department_subset,0,4,ab,treat_23,2023,drop_rounding_band,adjacent_categories,p1_mserd,2319,777,662,115,411,366,343,68,319,47,310,338,115,102,0,4,1,1,0,.0569545211741265,.0499308004208787,.1144135374329485,.6625418935463736,-.1743156122915256,.274177213133283,.0481510829231441,.0481510829231441,.0581625821186006,.0581625821186006,155,94
dept_subset,conflict_dept_subset_116,Conflict-belt departments: CUSCO + HUANUCO + JUNIN + SAN MARTIN,bounded_department_subset,0,4,bc,treat_12,2012,drop_rounding_band,adjacent_categories,p1_mserd,2319,973,344,629,558,415,179,379,165,250,228,311,164,115,0,3,1,1,0,-.2614549281682648,-.295449848239783,.202768791512626,.1450949824402615,-.6928693767932408,.1019696803136748,.0093422027855992,.0093422027855992,.0158420867017909,.0158420867017909,86,85
dept_subset,conflict_dept_subset_116,Conflict-belt departments: CUSCO + HUANUCO + JUNIN + SAN MARTIN,bounded_department_subset,0,4,bc,treat_16,2016,drop_rounding_band,adjacent_categories,p1_mserd,2319,973,378,595,558,415,184,374,194,221,228,311,164,115,0,3,1,1,0,-.1026486552055399,-.1254158685987683,.2035078310992616,.537716019073005,-.5242838881251813,.2734521509276447,.0099608006872988,.0099608006872988,.0164735911539483,.0164735911539483,90,89
dept_subset,conflict_dept_subset_116,Conflict-belt departments: CUSCO + HUANUCO + JUNIN + SAN MARTIN,bounded_department_subset,0,4,bc,treat_23,2023,drop_rounding_band,adjacent_categories,p1_mserd,2319,973,817,156,558,415,471,87,346,69,228,311,164,115,0,3,1,1,0,.0191599005630023,.0018595776713031,.1382521125308233,.9892682755554392,-.2691095836756892,.2728287390182954,.0137372557700893,.0137372557700893,.0229631374243549,.0229631374243549,126,112
dept_subset,conflict_dept_subset_116,Conflict-belt departments: CUSCO + HUANUCO + JUNIN + SAN MARTIN,bounded_department_subset,0,4,cd,treat_12,2012,drop_rounding_band,adjacent_categories,p1_mserd,2319,1153,263,890,592,561,83,509,180,381,55,229,177,165,0,0,1,1,0,-.0031427066865978,-.0303947738184246,.170527268309085,.8585345270559869,-.3646220780862296,.3038325304493804,.0036321676089818,.0036321676089818,.0056933849865414,.0056933849865414,129,102
dept_subset,conflict_dept_subset_116,Conflict-belt departments: CUSCO + HUANUCO + JUNIN + SAN MARTIN,bounded_department_subset,0,4,cd,treat_16,2016,drop_rounding_band,adjacent_categories,p1_mserd,2319,1153,274,879,592,561,89,503,185,376,55,229,177,165,0,0,1,1,0,.0360619719914693,.0247385707266523,.1726851117126781,.8860862098580942,-.3137180288964724,.3631951703497771,.0040929657473048,.0040929657473048,.0062253314073322,.0062253314073322,144,112
dept_subset,conflict_dept_subset_116,Conflict-belt departments: CUSCO + HUANUCO + JUNIN + SAN MARTIN,bounded_department_subset,0,4,cd,treat_23,2023,drop_rounding_band,adjacent_categories,p1_mserd,2319,1153,883,270,592,561,410,182,473,88,55,229,177,165,0,0,1,1,0,.2389143899729611,.2773410380512455,.1218208408145069,.0228083017604226,.038576577488425,.5161054986140661,.0031588734025527,.0031588734025527,.0051534633619099,.0051534633619099,110,86
dept_subset,conflict_dept_subset_116,Conflict-belt departments: CUSCO + HUANUCO + JUNIN + SAN MARTIN,bounded_department_subset,0,4,de,treat_12,2012,drop_rounding_band,adjacent_categories,p1_mserd,2319,937,93,844,385,552,13,372,80,472,12,54,132,173,40,40,1,1,0,-.0808420004349483,-.1162596099349046,.0991493484909617,.2409680495160423,-.3105887620678002,.078069542197991,.0019199301373635,.0019199301373635,.0037333675498401,.0037333675498401,103,124
dept_subset,conflict_dept_subset_116,Conflict-belt departments: CUSCO + HUANUCO + JUNIN + SAN MARTIN,bounded_department_subset,0,4,de,treat_16,2016,drop_rounding_band,adjacent_categories,p1_mserd,2319,937,101,836,385,552,15,370,86,466,12,54,132,173,40,40,1,1,0,-.1074146501413358,-.1615584566462616,.1037637787379484,.1194744824318796,-.3649317258724234,.0418148125799003,.0016414334023249,.0016414334023249,.0030700053814269,.0030700053814269,58,79
dept_subset,conflict_dept_subset_116,Conflict-belt departments: CUSCO + HUANUCO + JUNIN + SAN MARTIN,bounded_department_subset,0,4,de,treat_23,2023,drop_rounding_band,adjacent_categories,p1_mserd,2319,937,469,468,385,552,77,308,392,160,12,54,132,173,40,40,1,1,0,.6175190246154969,.6629917476612945,.8310049849215025,.4249754069219734,-.9657480937581007,2.29173158908069,.0011865627456392,.0011865627456392,.0026347781920831,.0026347781920831,55,46
dept_subset,conflict_dept_subset_120,Conflict-belt departments: HUANCAVELICA + HUANUCO + JUNIN + SAN MARTIN,bounded_department_subset,0,4,ab,treat_12,2012,drop_rounding_band,adjacent_categories,p1_mserd,2594,847,431,416,448,399,206,242,225,174,328,360,143,121,0,8,1,1,0,-.0020530891982683,-.0613519580112928,.2266449710255053,.7866246127948752,-.5055679384984071,.3828640224758216,.0297792498147688,.0297792498147688,.0456135329603473,.0456135329603473,79,64
dept_subset,conflict_dept_subset_120,Conflict-belt departments: HUANCAVELICA + HUANUCO + JUNIN + SAN MARTIN,bounded_department_subset,0,4,ab,treat_16,2016,drop_rounding_band,adjacent_categories,p1_mserd,2594,847,546,301,448,399,242,206,304,95,328,360,143,121,0,8,1,1,0,-.0699984609154272,-.1320352361943278,.206690786382192,.5229493909978848,-.5371417334396859,.2730712610510303,.0304312819831533,.0304312819831533,.048276126021761,.048276126021761,81,65
dept_subset,conflict_dept_subset_120,Conflict-belt departments: HUANCAVELICA + HUANUCO + JUNIN + SAN MARTIN,bounded_department_subset,0,4,ab,treat_23,2023,drop_rounding_band,adjacent_categories,p1_mserd,2594,847,751,96,448,399,389,59,362,37,328,360,143,121,0,8,1,1,0,.0070269624200867,.0045343111564506,.1089792892438624,.9668119206909748,-.2090611708222929,.2181297931351941,.0488978629697645,.0488978629697645,.0590111113237168,.0590111113237168,165,102
dept_subset,conflict_dept_subset_120,Conflict-belt departments: HUANCAVELICA + HUANUCO + JUNIN + SAN MARTIN,bounded_department_subset,0,4,bc,treat_12,2012,drop_rounding_band,adjacent_categories,p1_mserd,2594,1114,432,682,658,456,220,438,212,244,244,329,203,144,0,2,1,1,0,-.1361781076525799,-.1620703449346198,.1548785812480321,.2953603096980457,-.4656267861574233,.1414860962881836,.0134190763397118,.0134190763397118,.0218373541642398,.0218373541642398,152,114
dept_subset,conflict_dept_subset_120,Conflict-belt departments: HUANCAVELICA + HUANUCO + JUNIN + SAN MARTIN,bounded_department_subset,0,4,bc,treat_16,2016,drop_rounding_band,adjacent_categories,p1_mserd,2594,1114,474,640,658,456,225,433,249,207,244,329,203,144,0,2,1,1,0,.0074852971431009,-.0111916913160252,.1487021568078669,.9400058829631084,-.3026425630828719,.2802591804508215,.0150439583956138,.0150439583956138,.0240615820062891,.0240615820062891,173,131
dept_subset,conflict_dept_subset_120,Conflict-belt departments: HUANCAVELICA + HUANUCO + JUNIN + SAN MARTIN,bounded_department_subset,0,4,bc,treat_23,2023,drop_rounding_band,adjacent_categories,p1_mserd,2594,1114,970,144,658,456,574,84,396,60,244,329,203,144,0,2,1,1,0,.0291658720386114,.0197378480082619,.1110113225021852,.8588798006725982,-.1978403459721818,.2373160419887057,.0146988018045068,.0146988018045068,.0243883734993891,.0243883734993891,170,128
dept_subset,conflict_dept_subset_120,Conflict-belt departments: HUANCAVELICA + HUANUCO + JUNIN + SAN MARTIN,bounded_department_subset,0,4,cd,treat_12,2012,drop_rounding_band,adjacent_categories,p1_mserd,2594,1320,323,997,659,661,101,558,222,439,57,245,211,203,1,0,1,1,0,-.0831526637756889,-.1121273816149896,.158573496305345,.4795040915434349,-.4229257232760611,.1986709600460819,.0034230221416376,.0034230221416376,.0055075307987765,.0055075307987765,131,107
dept_subset,conflict_dept_subset_120,Conflict-belt departments: HUANCAVELICA + HUANUCO + JUNIN + SAN MARTIN,bounded_department_subset,0,4,cd,treat_16,2016,drop_rounding_band,adjacent_categories,p1_mserd,2594,1320,335,985,659,661,108,551,227,434,57,245,211,203,1,0,1,1,0,-.0393864383987758,-.0604848203936805,.158607253674543,.7029438179763821,-.3713493252825928,.2503796844952317,.0038691151896734,.0038691151896734,.0058991204626788,.0058991204626788,159,123
dept_subset,conflict_dept_subset_120,Conflict-belt departments: HUANCAVELICA + HUANUCO + JUNIN + SAN MARTIN,bounded_department_subset,0,4,cd,treat_23,2023,drop_rounding_band,adjacent_categories,p1_mserd,2594,1320,1052,268,659,661,475,184,577,84,57,245,211,203,1,0,1,1,0,.1721992262256253,.1976253855861625,.0951987115821606,.0379008878751429,.0110393395105117,.3842114316618133,.0036168966337609,.0036168966337609,.0056060070185229,.0056060070185229,147,120
dept_subset,conflict_dept_subset_120,Conflict-belt departments: HUANCAVELICA + HUANUCO + JUNIN + SAN MARTIN,bounded_department_subset,0,4,de,treat_12,2012,drop_rounding_band,adjacent_categories,p1_mserd,2594,1033,114,919,419,614,16,403,98,516,12,57,155,207,46,46,1,1,0,-.1184724106759362,-.1644337782418056,.0955671731692019,.0853217232381276,-.3517419957577438,.0228744392741325,.001728409546067,.001728409546067,.0033113605096838,.0033113605096838,61,84
dept_subset,conflict_dept_subset_120,Conflict-belt departments: HUANCAVELICA + HUANUCO + JUNIN + SAN MARTIN,bounded_department_subset,0,4,de,treat_16,2016,drop_rounding_band,adjacent_categories,p1_mserd,2594,1033,123,910,419,614,18,401,105,509,12,57,155,207,46,46,1,1,0,-.1093823853974751,-.1828818192446808,.1008371820227633,.0697339739689812,-.3805190643118066,.0147554258224449,.0015025832438882,.0015025832438882,.0029571524880138,.0029571524880138,61,84
dept_subset,conflict_dept_subset_120,Conflict-belt departments: HUANCAVELICA + HUANUCO + JUNIN + SAN MARTIN,bounded_department_subset,0,4,de,treat_23,2023,drop_rounding_band,adjacent_categories,p1_mserd,2594,1033,543,490,419,614,92,327,451,163,12,57,155,207,46,46,1,1,0,.5990186760619522,.6456326444247402,.8133022874352216,.4272880413032826,-.9484105474923368,2.239675836341817,.0011755551792301,.0011755551792301,.0025961188538712,.0025961188538712,56,46
dept_subset,conflict_dept_subset_031,Conflict-belt departments: APURIMAC + AYACUCHO + CUSCO + HUANCAVELICA + HUANUCO,bounded_department_subset,0,5,ab,treat_12,2012,drop_rounding_band,adjacent_categories,p1_mserd,3299,1793,910,883,846,947,360,486,550,397,538,793,222,214,0,7,1,1,0,-.0508187764414513,-.084351292044839,.1520143646341164,.5789697166218326,-.3822939718604465,.2135913877707684,.0274563446892602,.0274563446892602,.0423026255459271,.0423026255459271,205,124
dept_subset,conflict_dept_subset_031,Conflict-belt departments: APURIMAC + AYACUCHO + CUSCO + HUANCAVELICA + HUANUCO,bounded_department_subset,0,5,ab,treat_16,2016,drop_rounding_band,adjacent_categories,p1_mserd,3299,1793,1198,595,846,947,445,401,753,194,538,793,222,214,0,7,1,1,0,-.3476378549347083,-.4066494748269402,.16574231010596,.0141471837811568,-.7314984333490908,-.0818005163047897,.0185345589420126,.0185345589420126,.0331063238471354,.0331063238471354,136,79
dept_subset,conflict_dept_subset_031,Conflict-belt departments: APURIMAC + AYACUCHO + CUSCO + HUANCAVELICA + HUANUCO,bounded_department_subset,0,5,ab,treat_23,2023,drop_rounding_band,adjacent_categories,p1_mserd,3299,1793,1605,188,846,947,741,105,864,83,538,793,222,214,0,7,1,1,0,.0132240285452176,.0285201253284426,.0903620082397149,.7522903816187035,-.1485861563921101,.2056264070489953,.0385382118794958,.0385382118794958,.0531597787341036,.0531597787341036,285,171
dept_subset,conflict_dept_subset_031,Conflict-belt departments: APURIMAC + AYACUCHO + CUSCO + HUANCAVELICA + HUANUCO,bounded_department_subset,0,5,bc,treat_12,2012,drop_rounding_band,adjacent_categories,p1_mserd,3299,1577,601,976,725,852,236,489,365,487,263,539,230,223,0,4,1,1,0,.1325511640020429,.1642709107136087,.1356424753388353,.225873160198393,-.101583455724371,.4301252771515883,.0120076930145993,.0120076930145993,.0201831993729177,.0201831993729177,193,135
dept_subset,conflict_dept_subset_031,Conflict-belt departments: APURIMAC + AYACUCHO + CUSCO + HUANCAVELICA + HUANUCO,bounded_department_subset,0,5,bc,treat_16,2016,drop_rounding_band,adjacent_categories,p1_mserd,3299,1577,693,884,725,852,242,483,451,401,263,539,230,223,0,4,1,1,0,.1687947040995632,.1882542926471995,.1413246223372169,.1828371804357821,-.0887368772624705,.4652454625568695,.0119302825338462,.0119302825338462,.018842844260222,.018842844260222,193,135
dept_subset,conflict_dept_subset_031,Conflict-belt departments: APURIMAC + AYACUCHO + CUSCO + HUANCAVELICA + HUANUCO,bounded_department_subset,0,5,bc,treat_23,2023,drop_rounding_band,adjacent_categories,p1_mserd,3299,1577,1386,191,725,852,639,86,747,105,263,539,230,223,0,4,1,1,0,.0034734969556898,.0187250453116419,.095818378877274,.8450623820958275,-.1690755263448286,.2065256169681123,.0155417655528769,.0155417655528769,.0247993941240015,.0247993941240015,260,181
dept_subset,conflict_dept_subset_031,Conflict-belt departments: APURIMAC + AYACUCHO + CUSCO + HUANCAVELICA + HUANUCO,bounded_department_subset,0,5,cd,treat_12,2012,drop_rounding_band,adjacent_categories,p1_mserd,3299,1226,329,897,499,727,92,407,237,490,54,263,181,230,4,3,1,1,0,-.0882634314022777,-.1053299546594987,.1526819539344477,.4902790116103635,-.4045810854602196,.1939211761412223,.0046265194219308,.0046265194219308,.007211551148478,.007211551148478,155,135
dept_subset,conflict_dept_subset_031,Conflict-belt departments: APURIMAC + AYACUCHO + CUSCO + HUANCAVELICA + HUANUCO,bounded_department_subset,0,5,cd,treat_16,2016,drop_rounding_band,adjacent_categories,p1_mserd,3299,1226,339,887,499,727,96,403,243,484,54,263,181,230,4,3,1,1,0,.0173491427826712,.0286268898070847,.1697052519605704,.8660436792084921,-.3039892920229286,.3612430716370981,.0042929228217917,.0042929228217917,.0065589931802306,.0065589931802306,141,123
dept_subset,conflict_dept_subset_031,Conflict-belt departments: APURIMAC + AYACUCHO + CUSCO + HUANCAVELICA + HUANUCO,bounded_department_subset,0,5,cd,treat_23,2023,drop_rounding_band,adjacent_categories,p1_mserd,3299,1226,1004,222,499,727,364,135,640,87,54,263,181,230,4,3,1,1,0,-.009871923322641,-.0371098161718324,.1078726127585013,.7308348709411203,-.2485362520967308,.174316619753066,.0045292686804983,.0045292686804983,.0075262206549645,.0075262206549645,155,133
dept_subset,conflict_dept_subset_031,Conflict-belt departments: APURIMAC + AYACUCHO + CUSCO + HUANCAVELICA + HUANUCO,bounded_department_subset,0,5,de,treat_12,2012,drop_rounding_band,adjacent_categories,p1_mserd,3299,742,98,644,270,472,7,263,91,381,11,54,120,180,28,28,1,1,0,-.0650444588680725,-.0733849750736048,.1498182231656063,.6242564918543541,-.3670232967059774,.2202533465587678,.0020241371846754,.0020241371846754,.0033855353019218,.0033855353019218,80,86
dept_subset,conflict_dept_subset_031,Conflict-belt departments: APURIMAC + AYACUCHO + CUSCO + HUANCAVELICA + HUANUCO,bounded_department_subset,0,5,de,treat_16,2016,drop_rounding_band,adjacent_categories,p1_mserd,3299,742,102,640,270,472,7,263,95,377,11,54,120,180,28,28,1,1,0,-.0651118990762662,-.073622249695538,.1499429456781601,.6234252052526891,-.3675050229605775,.2202605235695014,.0020213932856662,.0020213932856662,.0033795143904591,.0033795143904591,80,86
dept_subset,conflict_dept_subset_031,Conflict-belt departments: APURIMAC + AYACUCHO + CUSCO + HUANCAVELICA + HUANUCO,bounded_department_subset,0,5,de,treat_23,2023,drop_rounding_band,adjacent_categories,p1_mserd,3299,742,426,316,270,472,76,194,350,122,11,54,120,180,28,28,1,1,0,-.0468789206975506,-.0134447276747771,.3191531748567616,.9663980511636199,-.638973455945644,.6120840005960898,.0022368154435355,.0022368154435355,.0037511158610638,.0037511158610638,87,86
dept_subset,conflict_dept_subset_047,Conflict-belt departments: APURIMAC + AYACUCHO + CUSCO + HUANCAVELICA + JUNIN,bounded_department_subset,0,5,ab,treat_12,2012,drop_rounding_band,adjacent_categories,p1_mserd,3199,1794,936,858,862,932,370,492,566,366,532,775,222,219,0,10,1,1,0,-.0172092279025116,-.0478614712427435,.1508212593443666,.7509863694897373,-.343465707660677,.2477427651751899,.0283717046050732,.0283717046050732,.0422338606858737,.0422338606858737,212,119
dept_subset,conflict_dept_subset_047,Conflict-belt departments: APURIMAC + AYACUCHO + CUSCO + HUANCAVELICA + JUNIN,bounded_department_subset,0,5,ab,treat_16,2016,drop_rounding_band,adjacent_categories,p1_mserd,3199,1794,1221,573,862,932,459,403,762,170,532,775,222,219,0,10,1,1,0,-.2253243908527678,-.2943525245100618,.1403515222477114,.0359712648237175,-.5694364532909482,-.0192685957291754,.017828229400546,.017828229400546,.0332660729114811,.0332660729114811,132,78
dept_subset,conflict_dept_subset_047,Conflict-belt departments: APURIMAC + AYACUCHO + CUSCO + HUANCAVELICA + JUNIN,bounded_department_subset,0,5,ab,treat_23,2023,drop_rounding_band,adjacent_categories,p1_mserd,3199,1794,1624,170,862,932,760,102,864,68,532,775,222,219,0,10,1,1,0,.0670772548430818,.0926354166336449,.0779548468137697,.2347067898788677,-.0601532755416807,.2454241088089706,.0331044198376121,.0331044198376121,.0480113240934713,.0480113240934713,246,140
dept_subset,conflict_dept_subset_047,Conflict-belt departments: APURIMAC + AYACUCHO + CUSCO + HUANCAVELICA + JUNIN,bounded_department_subset,0,5,bc,treat_12,2012,drop_rounding_band,adjacent_categories,p1_mserd,3199,1560,586,974,689,871,209,480,377,494,251,533,227,223,0,3,1,1,0,.0978447866115941,.1026285963046146,.1266415490356067,.4177180987356048,-.1455842787515376,.3508414713607669,.0148165054895104,.0148165054895104,.0231288558830294,.0231288558830294,212,166
dept_subset,conflict_dept_subset_047,Conflict-belt departments: APURIMAC + AYACUCHO + CUSCO + HUANCAVELICA + JUNIN,bounded_department_subset,0,5,bc,treat_16,2016,drop_rounding_band,adjacent_categories,p1_mserd,3199,1560,681,879,689,871,214,475,467,404,251,533,227,223,0,3,1,1,0,.2056476313332327,.2261099367798585,.1379040989098118,.1010847781276975,-.0441771304038219,.4963970039635388,.0132702727456941,.0132702727456941,.0208999888065283,.0208999888065283,188,147
dept_subset,conflict_dept_subset_047,Conflict-belt departments: APURIMAC + AYACUCHO + CUSCO + HUANCAVELICA + JUNIN,bounded_department_subset,0,5,bc,treat_23,2023,drop_rounding_band,adjacent_categories,p1_mserd,3199,1560,1364,196,689,871,596,93,768,103,251,533,227,223,0,3,1,1,0,.0347320262457385,.0574632342333239,.1023589988293198,.5745322597303233,-.1431567169657204,.2580831854323682,.0132255323597929,.0132255323597929,.0216662561079092,.0216662561079092,188,147
dept_subset,conflict_dept_subset_047,Conflict-belt departments: APURIMAC + AYACUCHO + CUSCO + HUANCAVELICA + JUNIN,bounded_department_subset,0,5,cd,treat_12,2012,drop_rounding_band,adjacent_categories,p1_mserd,3199,1148,291,857,458,690,81,377,210,480,56,251,191,227,4,3,1,1,0,-.085783147051717,-.0827288485526759,.1656744631330829,.6175357898524625,-.4074448294515273,.2419871323461755,.0039679187855761,.0039679187855761,.0059543405814751,.0059543405814751,144,109
dept_subset,conflict_dept_subset_047,Conflict-belt departments: APURIMAC + AYACUCHO + CUSCO + HUANCAVELICA + JUNIN,bounded_department_subset,0,5,cd,treat_16,2016,drop_rounding_band,adjacent_categories,p1_mserd,3199,1148,301,847,458,690,86,372,215,475,56,251,191,227,4,3,1,1,0,-.0332063231394714,-.0128936032802578,.1700716430594141,.9395680520641431,-.3462278984682609,.3204406919077452,.0039211983900482,.0039211983900482,.0060371321033544,.0060371321033544,137,109
dept_subset,conflict_dept_subset_047,Conflict-belt departments: APURIMAC + AYACUCHO + CUSCO + HUANCAVELICA + JUNIN,bounded_department_subset,0,5,cd,treat_23,2023,drop_rounding_band,adjacent_categories,p1_mserd,3199,1148,914,234,458,690,318,140,596,94,56,251,191,227,4,3,1,1,0,.0948246456732118,.1011170845806295,.11323766583044,.3718768038175017,-.1208246621404148,.3230588313016738,.0046827917153621,.0046827917153621,.0073094100516975,.0073094100516975,167,127
dept_subset,conflict_dept_subset_047,Conflict-belt departments: APURIMAC + AYACUCHO + CUSCO + HUANCAVELICA + JUNIN,bounded_department_subset,0,5,de,treat_12,2012,drop_rounding_band,adjacent_categories,p1_mserd,3199,679,90,589,244,435,10,234,80,355,12,56,123,188,24,24,1,1,0,.0114583333333335,-.0654590770624617,.1718527619470326,.7032758978625087,-.4022843011223809,.2713661469974576,.0012785454156635,.0012785454156635,.0026346605671201,.0026346605671201,33,27
dept_subset,conflict_dept_subset_047,Conflict-belt departments: APURIMAC + AYACUCHO + CUSCO + HUANCAVELICA + JUNIN,bounded_department_subset,0,5,de,treat_16,2016,drop_rounding_band,adjacent_categories,p1_mserd,3199,679,95,584,244,435,10,234,85,350,12,56,123,188,24,24,1,1,0,.0114583333333335,-.0654590770624617,.1718527619470326,.7032758978625087,-.4022843011223809,.2713661469974576,.0012785454156635,.0012785454156635,.0026346605671201,.0026346605671201,33,27
dept_subset,conflict_dept_subset_047,Conflict-belt departments: APURIMAC + AYACUCHO + CUSCO + HUANCAVELICA + JUNIN,bounded_department_subset,0,5,de,treat_23,2023,drop_rounding_band,adjacent_categories,p1_mserd,3199,679,367,312,244,435,60,184,307,128,12,56,123,188,24,24,1,1,0,.1482115430692854,.2694755383997007,.3421676854412756,.4309576149437694,-.4011608017386294,.9401118785380309,.0020217984742059,.0020217984742059,.0033317820480165,.0033317820480165,77,72
dept_subset,conflict_dept_subset_055,Conflict-belt departments: APURIMAC + AYACUCHO + CUSCO + HUANUCO + JUNIN,bounded_department_subset,0,5,ab,treat_12,2012,drop_rounding_band,adjacent_categories,p1_mserd,3636,1952,964,988,939,1013,382,557,582,431,560,840,227,223,0,5,1,1,0,.0028797816056974,-.0309058197011597,.1379223538584939,.8226940466293428,-.3012286659267966,.2394170265244772,.0307715742647593,.0307715742647593,.0466849900689308,.0466849900689308,246,149
dept_subset,conflict_dept_subset_055,Conflict-belt departments: APURIMAC + AYACUCHO + CUSCO + HUANUCO + JUNIN,bounded_department_subset,0,5,ab,treat_16,2016,drop_rounding_band,adjacent_categories,p1_mserd,3636,1952,1266,686,939,1013,470,469,796,217,560,840,227,223,0,5,1,1,0,-.2885052449876269,-.3518137158190653,.1596716702206646,.0275695860269964,-.6647644388029246,-.038862992835206,.017487865185647,.017487865185647,.0314060537221154,.0314060537221154,139,89
dept_subset,conflict_dept_subset_055,Conflict-belt departments: APURIMAC + AYACUCHO + CUSCO + HUANUCO + JUNIN,bounded_department_subset,0,5,ab,treat_23,2023,drop_rounding_band,adjacent_categories,p1_mserd,3636,1952,1737,215,939,1013,812,127,925,88,560,840,227,223,0,5,1,1,0,.0293118487754418,.0459010453978657,.0783716734829834,.5580878007582888,-.1077046120369144,.1995067028326458,.0400560096866674,.0400560096866674,.0548311756383953,.0548311756383953,329,194
dept_subset,conflict_dept_subset_055,Conflict-belt departments: APURIMAC + AYACUCHO + CUSCO + HUANUCO + JUNIN,bounded_department_subset,0,5,bc,treat_12,2012,drop_rounding_band,adjacent_categories,p1_mserd,3636,1721,638,1083,778,943,253,525,385,558,270,561,241,227,0,4,1,1,0,.0013559411558152,-.0003948271903709,.146066508743802,.9978432692171174,-.2866799236757277,.285890269294986,.0108066476986773,.0108066476986773,.0172205260405204,.0172205260405204,161,154
dept_subset,conflict_dept_subset_055,Conflict-belt departments: APURIMAC + AYACUCHO + CUSCO + HUANUCO + JUNIN,bounded_department_subset,0,5,bc,treat_16,2016,drop_rounding_band,adjacent_categories,p1_mserd,3636,1721,731,990,778,943,258,520,473,470,270,561,241,227,0,4,1,1,0,.0737034059519437,.0596879373556802,.1473008002652133,.6853222564605276,-.2290163260580658,.3483922007694263,.011018484611291,.011018484611291,.0175175452453878,.0175175452453878,164,157
dept_subset,conflict_dept_subset_055,Conflict-belt departments: APURIMAC + AYACUCHO + CUSCO + HUANUCO + JUNIN,bounded_department_subset,0,5,bc,treat_23,2023,drop_rounding_band,adjacent_categories,p1_mserd,3636,1721,1479,242,778,943,664,114,815,128,270,561,241,227,0,4,1,1,0,.0546845631662511,.0675589298098598,.1028471192683596,.5112536141951113,-.1340177198698204,.2691355794895399,.0133589879175005,.0133589879175005,.0214440933173884,.0214440933173884,214,181
dept_subset,conflict_dept_subset_055,Conflict-belt departments: APURIMAC + AYACUCHO + CUSCO + HUANUCO + JUNIN,bounded_department_subset,0,5,cd,treat_12,2012,drop_rounding_band,adjacent_categories,p1_mserd,3636,1363,349,1014,584,779,96,488,253,526,53,270,206,241,3,3,1,1,0,.0301735079111973,.033706817458547,.1460431808979589,.8174699082914332,-.2525325572891203,.3199461922062143,.0042521067143284,.0042521067143284,.0063292482139868,.0063292482139868,175,131
dept_subset,conflict_dept_subset_055,Conflict-belt departments: APURIMAC + AYACUCHO + CUSCO + HUANUCO + JUNIN,bounded_department_subset,0,5,cd,treat_16,2016,drop_rounding_band,adjacent_categories,p1_mserd,3636,1363,359,1004,584,779,101,483,258,521,53,270,206,241,3,3,1,1,0,.1162459355377123,.140942564359432,.1532282581387739,.3576663254026212,-.1593793030063713,.4412644317252353,.0041457599025314,.0041457599025314,.0064659715489022,.0064659715489022,175,130
dept_subset,conflict_dept_subset_055,Conflict-belt departments: APURIMAC + AYACUCHO + CUSCO + HUANUCO + JUNIN,bounded_department_subset,0,5,cd,treat_23,2023,drop_rounding_band,adjacent_categories,p1_mserd,3636,1363,1056,307,584,779,392,192,664,115,53,270,206,241,3,3,1,1,0,.1251863868121361,.1391591475182348,.1051933499164697,.1858722242431707,-.0670160297311653,.3453343247676348,.0048879415204952,.0048879415204952,.0075572363152333,.0075572363152333,195,148
dept_subset,conflict_dept_subset_055,Conflict-belt departments: APURIMAC + AYACUCHO + CUSCO + HUANUCO + JUNIN,bounded_department_subset,0,5,de,treat_12,2012,drop_rounding_band,adjacent_categories,p1_mserd,3636,867,102,765,313,554,8,305,94,460,12,52,130,203,30,30,1,1,0,-.0465435925531749,-.0419707954632774,.0981517633462741,.668934194397437,-.2343447166410732,.1504031257145184,.0018330099309566,.0018330099309566,.0030026282531013,.0030026282531013,92,74
dept_subset,conflict_dept_subset_055,Conflict-belt departments: APURIMAC + AYACUCHO + CUSCO + HUANUCO + JUNIN,bounded_department_subset,0,5,de,treat_16,2016,drop_rounding_band,adjacent_categories,p1_mserd,3636,867,107,760,313,554,8,305,99,455,12,52,130,203,30,30,1,1,0,-.0465537278377157,-.042200862672092,.098108115928455,.6670890765825128,-.2344892364829441,.1500875111387601,.0018328063024358,.0018328063024358,.0030019644190125,.0030019644190125,92,74
dept_subset,conflict_dept_subset_055,Conflict-belt departments: APURIMAC + AYACUCHO + CUSCO + HUANUCO + JUNIN,bounded_department_subset,0,5,de,treat_23,2023,drop_rounding_band,adjacent_categories,p1_mserd,3636,867,451,416,313,554,70,243,381,173,12,52,130,203,30,30,1,1,0,.0326239459400832,.1190325290200711,.3174139407176514,.7076550747632984,-.5030873629774573,.7411524210175995,.0020219690012389,.0020219690012389,.0032638658437446,.0032638658437446,92,108
dept_subset,conflict_dept_subset_059,Conflict-belt departments: APURIMAC + AYACUCHO + HUANCAVELICA + HUANUCO + JUNIN,bounded_department_subset,0,5,ab,treat_12,2012,drop_rounding_band,adjacent_categories,p1_mserd,3911,2022,1058,964,976,1046,426,550,632,414,571,864,255,242,0,9,1,1,0,.0089121079067603,-.0304626787767399,.1542802023395608,.84347513741842,-.3328463188898312,.2719209613363514,.0258450224671116,.0258450224671116,.0403049468973694,.0403049468973694,209,126
dept_subset,conflict_dept_subset_059,Conflict-belt departments: APURIMAC + AYACUCHO + HUANCAVELICA + HUANUCO + JUNIN,bounded_department_subset,0,5,ab,treat_16,2016,drop_rounding_band,adjacent_categories,p1_mserd,3911,2022,1371,651,976,1046,521,455,850,196,571,864,255,242,0,9,1,1,0,-.2826813092216374,-.3479541949970859,.1600983841687647,.0297519313807929,-.6617412619509221,-.0341671280432497,.0164203103675849,.0164203103675849,.0308937910258258,.0308937910258258,127,80
dept_subset,conflict_dept_subset_059,Conflict-belt departments: APURIMAC + AYACUCHO + HUANCAVELICA + HUANUCO + JUNIN,bounded_department_subset,0,5,ab,treat_23,2023,drop_rounding_band,adjacent_categories,p1_mserd,3911,2022,1826,196,976,1046,858,118,968,78,571,864,255,242,0,9,1,1,0,.0169056333574396,.034075424492507,.0772644830776431,.6591962490254202,-.1173601796237779,.1855110286087919,.0394094589304104,.0394094589304104,.0554847392091359,.0554847392091359,325,195
dept_subset,conflict_dept_subset_059,Conflict-belt departments: APURIMAC + AYACUCHO + HUANCAVELICA + HUANUCO + JUNIN,bounded_department_subset,0,5,bc,treat_12,2012,drop_rounding_band,adjacent_categories,p1_mserd,3911,1862,726,1136,878,984,294,584,432,552,281,572,280,256,0,3,1,1,0,.0471257569777616,.0325184311675529,.1162253819134809,.7796403963513007,-.1952791314722826,.2603159938073885,.0145933490865857,.0145933490865857,.0232045191768603,.0232045191768603,267,207
dept_subset,conflict_dept_subset_059,Conflict-belt departments: APURIMAC + AYACUCHO + HUANCAVELICA + HUANUCO + JUNIN,bounded_department_subset,0,5,bc,treat_16,2016,drop_rounding_band,adjacent_categories,p1_mserd,3911,1862,827,1035,878,984,299,579,528,456,281,572,280,256,0,3,1,1,0,.1276171043271159,.1114172075781473,.113451452880875,.326065627589322,-.1109435540621107,.3337779692184053,.0157850088225458,.0157850088225458,.0249588303431163,.0249588303431163,291,229
dept_subset,conflict_dept_subset_059,Conflict-belt departments: APURIMAC + AYACUCHO + HUANCAVELICA + HUANUCO + JUNIN,bounded_department_subset,0,5,bc,treat_23,2023,drop_rounding_band,adjacent_categories,p1_mserd,3911,1862,1632,230,878,984,767,111,865,119,281,572,280,256,0,3,1,1,0,.05787294982928,.0725301632345021,.0818719479247432,.3756727025493526,-.0879359060421334,.2329962325111376,.0158148104818941,.0158148104818941,.026293131124702,.026293131124702,291,229
dept_subset,conflict_dept_subset_059,Conflict-belt departments: APURIMAC + AYACUCHO + HUANCAVELICA + HUANUCO + JUNIN,bounded_department_subset,0,5,cd,treat_12,2012,drop_rounding_band,adjacent_categories,p1_mserd,3911,1530,409,1121,651,879,114,537,295,584,57,281,240,279,4,3,1,1,0,-.0251443562761793,-.0282014998944965,.1388514863273235,.8390525766738206,-.3003454122959062,.2439424125069132,.0040941343109158,.0040941343109158,.0060524754401018,.0060524754401018,189,149
dept_subset,conflict_dept_subset_059,Conflict-belt departments: APURIMAC + AYACUCHO + HUANCAVELICA + HUANUCO + JUNIN,bounded_department_subset,0,5,cd,treat_16,2016,drop_rounding_band,adjacent_categories,p1_mserd,3911,1530,420,1110,651,879,120,531,300,579,57,281,240,279,4,3,1,1,0,.0474764797171742,.0645257827994545,.1463571286502749,.659300605898088,-.2223289182357796,.3513804838346887,.0040328016667841,.0040328016667841,.0060869468658588,.0060869468658588,189,148
dept_subset,conflict_dept_subset_059,Conflict-belt departments: APURIMAC + AYACUCHO + HUANCAVELICA + HUANUCO + JUNIN,bounded_department_subset,0,5,cd,treat_23,2023,drop_rounding_band,adjacent_categories,p1_mserd,3911,1530,1225,305,651,879,457,194,768,111,57,281,240,279,4,3,1,1,0,.0990336807670238,.1007705386071538,.0935249707687087,.2812694470088452,-.0825350357546766,.2840761129689842,.0045474588679148,.0045474588679148,.0068874322363851,.0068874322363851,214,167
dept_subset,conflict_dept_subset_059,Conflict-belt departments: APURIMAC + AYACUCHO + HUANCAVELICA + HUANUCO + JUNIN,bounded_department_subset,0,5,de,treat_12,2012,drop_rounding_band,adjacent_categories,p1_mserd,3911,963,123,840,347,616,11,336,112,504,12,57,153,237,36,36,1,1,0,-.0774990914660226,-.1097363545464199,.1003169542667355,.2740004203990576,-.3063539719479731,.0868812628551332,.0017020291139765,.0017020291139765,.0029191635949437,.0029191635949437,52,79
dept_subset,conflict_dept_subset_059,Conflict-belt departments: APURIMAC + AYACUCHO + HUANCAVELICA + HUANUCO + JUNIN,bounded_department_subset,0,5,de,treat_16,2016,drop_rounding_band,adjacent_categories,p1_mserd,3911,963,129,834,347,616,11,336,118,498,12,57,153,237,36,36,1,1,0,-.0776300770830206,-.1097020345940614,.1002938106207597,.2740397975062945,-.3062742912830312,.0868702220949084,.0017035217391785,.0017035217391785,.0029198411130483,.0029198411130483,52,79
dept_subset,conflict_dept_subset_059,Conflict-belt departments: APURIMAC + AYACUCHO + HUANCAVELICA + HUANUCO + JUNIN,bounded_department_subset,0,5,de,treat_23,2023,drop_rounding_band,adjacent_categories,p1_mserd,3911,963,525,438,347,616,85,262,440,176,12,57,153,237,36,36,1,1,0,.6397629960968301,.659779363082138,.4801621767953602,.169418063624982,-.2813212101751219,1.600879936339398,.0014474983475229,.0014474983475229,.0031078707822279,.0031078707822279,52,79
dept_subset,conflict_dept_subset_061,Conflict-belt departments: APURIMAC + CUSCO + HUANCAVELICA + HUANUCO + JUNIN,bounded_department_subset,0,5,ab,treat_12,2012,drop_rounding_band,adjacent_categories,p1_mserd,2669,1145,551,594,554,591,247,307,304,287,396,522,188,178,0,10,1,1,0,.0275422606046553,.0144762906813289,.1508313109903371,.92353908206031,-.2811476466006922,.3101002279633501,.0537255936558351,.0537255936558351,.0722002591049783,.0722002591049783,261,143
dept_subset,conflict_dept_subset_061,Conflict-belt departments: APURIMAC + CUSCO + HUANCAVELICA + HUANUCO + JUNIN,bounded_department_subset,0,5,ab,treat_16,2016,drop_rounding_band,adjacent_categories,p1_mserd,2669,1145,730,415,554,591,296,258,434,157,396,522,188,178,0,10,1,1,0,-.1376380956892602,-.1787141198818842,.1586031586852945,.259826835418966,-.4895705987393525,.132142358975584,.0401997567835189,.0401997567835189,.059146637917712,.059146637917712,176,112
dept_subset,conflict_dept_subset_061,Conflict-belt departments: APURIMAC + CUSCO + HUANCAVELICA + HUANUCO + JUNIN,bounded_department_subset,0,5,ab,treat_23,2023,drop_rounding_band,adjacent_categories,p1_mserd,2669,1145,1010,135,554,591,478,76,532,59,396,522,188,178,0,10,1,1,0,.0232809453977223,.0609958121446279,.0915347833026642,.5051761786571116,-.1184090664612722,.240400690750528,.0468603436237463,.0468603436237463,.0643505026060218,.0643505026060218,221,127
dept_subset,conflict_dept_subset_061,Conflict-belt departments: APURIMAC + CUSCO + HUANCAVELICA + HUANUCO + JUNIN,bounded_department_subset,0,5,bc,treat_12,2012,drop_rounding_band,adjacent_categories,p1_mserd,2669,1223,478,745,660,563,224,436,254,309,249,397,213,189,0,2,1,1,0,.0049031636647029,-.0132292437015781,.1347609558631305,.9217987141337801,-.2773558637155056,.2508973763123495,.0162033950205029,.0162033950205029,.0248361743621832,.0248361743621832,195,155
dept_subset,conflict_dept_subset_061,Conflict-belt departments: APURIMAC + CUSCO + HUANCAVELICA + HUANUCO + JUNIN,bounded_department_subset,0,5,bc,treat_16,2016,drop_rounding_band,adjacent_categories,p1_mserd,2669,1223,531,692,660,563,227,433,304,259,249,397,213,189,0,2,1,1,0,.0625914455855203,.0502156352753439,.1326088534589104,.7049293452342902,-.2096929415352701,.3101242120859579,.0167730271501732,.0167730271501732,.025390640968826,.025390640968826,209,159
dept_subset,conflict_dept_subset_061,Conflict-belt departments: APURIMAC + CUSCO + HUANCAVELICA + HUANUCO + JUNIN,bounded_department_subset,0,5,bc,treat_23,2023,drop_rounding_band,adjacent_categories,p1_mserd,2669,1223,1052,171,660,563,566,94,486,77,249,397,213,189,0,2,1,1,0,.0422004496300306,.0389610199176318,.1141969061790087,.7329725646569132,-.1848608033391248,.2627828431743884,.0144030295774444,.0144030295774444,.0230818668575682,.0230818668575682,174,132
dept_subset,conflict_dept_subset_061,Conflict-belt departments: APURIMAC + CUSCO + HUANCAVELICA + HUANUCO + JUNIN,bounded_department_subset,0,5,cd,treat_12,2012,drop_rounding_band,adjacent_categories,p1_mserd,2669,1213,326,887,551,662,101,450,225,437,56,249,193,213,2,1,1,1,0,-.0663730020335984,-.0785490606003553,.1336006733217649,.5565731657847545,-.3404015686213156,.1833034474206051,.0050967502925527,.0050967502925527,.0076390928736343,.0076390928736343,193,156
dept_subset,conflict_dept_subset_061,Conflict-belt departments: APURIMAC + CUSCO + HUANCAVELICA + HUANUCO + JUNIN,bounded_department_subset,0,5,cd,treat_16,2016,drop_rounding_band,adjacent_categories,p1_mserd,2669,1213,333,880,551,662,105,446,228,434,56,249,193,213,2,1,1,1,0,-.0318344259833868,-.0284991532628812,.142158307057562,.8411092916493048,-.3071243151988888,.2501260086731263,.005019302495404,.005019302495404,.007427924109796,.007427924109796,193,154
dept_subset,conflict_dept_subset_061,Conflict-belt departments: APURIMAC + CUSCO + HUANCAVELICA + HUANUCO + JUNIN,bounded_department_subset,0,5,cd,treat_23,2023,drop_rounding_band,adjacent_categories,p1_mserd,2669,1213,951,262,551,662,384,167,567,95,56,249,193,213,2,1,1,1,0,.1081372627123334,.1197506676357645,.1027034571464117,.2436206001397772,-.0815444094589552,.3210457447304841,.0056431672068924,.0056431672068924,.0085385904074281,.0085385904074281,227,176
dept_subset,conflict_dept_subset_061,Conflict-belt departments: APURIMAC + CUSCO + HUANCAVELICA + HUANUCO + JUNIN,bounded_department_subset,0,5,de,treat_12,2012,drop_rounding_band,adjacent_categories,p1_mserd,2669,819,109,710,300,519,10,290,99,420,11,56,125,191,33,33,1,1,0,-.0417109001254867,-.0241645006014936,.1253944666925495,.8471877595212608,-.269933139179498,.2216041379765109,.0019592923446056,.0019592923446056,.003221974495667,.003221974495667,83,102
dept_subset,conflict_dept_subset_061,Conflict-belt departments: APURIMAC + CUSCO + HUANCAVELICA + HUANUCO + JUNIN,bounded_department_subset,0,5,de,treat_16,2016,drop_rounding_band,adjacent_categories,p1_mserd,2669,819,113,706,300,519,10,290,103,416,11,56,125,191,33,33,1,1,0,-.041670073220988,-.0240416425910946,.1256898312584792,.8483081513000104,-.2703891850806305,.2223058998984412,.0019595591549176,.0019595591549176,.00323966941076,.00323966941076,83,102
dept_subset,conflict_dept_subset_061,Conflict-belt departments: APURIMAC + CUSCO + HUANCAVELICA + HUANUCO + JUNIN,bounded_department_subset,0,5,de,treat_23,2023,drop_rounding_band,adjacent_categories,p1_mserd,2669,819,431,388,300,519,62,238,369,150,11,56,125,191,33,33,1,1,0,.7566517820563181,.7927848513437938,.537453600078178,.1401921396442182,-.2606048481708283,1.846174550858416,.0014245448257309,.0014245448257309,.0031199737738962,.0031199737738962,41,68
dept_subset,conflict_dept_subset_062,Conflict-belt departments: AYACUCHO + CUSCO + HUANCAVELICA + HUANUCO + JUNIN,bounded_department_subset,0,5,ab,treat_12,2012,drop_rounding_band,adjacent_categories,p1_mserd,3571,1794,936,858,893,901,385,508,551,350,543,752,216,199,0,9,1,1,0,-.0181700933668895,-.0583179778634879,.1501482137007809,.6977180155948081,-.352603069060042,.2359671133330661,.0280805927747748,.0280805927747748,.0432033927648547,.0432033927648547,197,131
dept_subset,conflict_dept_subset_062,Conflict-belt departments: AYACUCHO + CUSCO + HUANCAVELICA + HUANUCO + JUNIN,bounded_department_subset,0,5,ab,treat_16,2016,drop_rounding_band,adjacent_categories,p1_mserd,3571,1794,1184,610,893,901,464,429,720,181,543,752,216,199,0,9,1,1,0,-.2522850610003791,-.3182978090947983,.1654310302667484,.0543481382068189,-.6425366703429807,.005941052153384,.017024795385984,.017024795385984,.0313674713988625,.0313674713988625,124,80
dept_subset,conflict_dept_subset_062,Conflict-belt departments: AYACUCHO + CUSCO + HUANCAVELICA + HUANUCO + JUNIN,bounded_department_subset,0,5,ab,treat_23,2023,drop_rounding_band,adjacent_categories,p1_mserd,3571,1794,1593,201,893,901,776,117,817,84,543,752,216,199,0,9,1,1,0,.0184587804627498,.0357520138023486,.0811552231442773,.659547013543019,-.1233093007177463,.1948133283224436,.0420240975377274,.0420240975377274,.0573776580456575,.0573776580456575,315,193
dept_subset,conflict_dept_subset_062,Conflict-belt departments: AYACUCHO + CUSCO + HUANCAVELICA + HUANUCO + JUNIN,bounded_department_subset,0,5,bc,treat_12,2012,drop_rounding_band,adjacent_categories,p1_mserd,3571,1712,661,1051,810,902,269,541,392,510,273,544,244,217,0,4,1,1,0,-.1156888311571386,-.1417276873584223,.1248924920306447,.2564601752045476,-.3865124736779416,.1030570989610969,.0123529894766681,.0123529894766681,.020239685276621,.020239685276621,199,164
dept_subset,conflict_dept_subset_062,Conflict-belt departments: AYACUCHO + CUSCO + HUANCAVELICA + HUANUCO + JUNIN,bounded_department_subset,0,5,bc,treat_16,2016,drop_rounding_band,adjacent_categories,p1_mserd,3571,1712,747,965,810,902,275,535,472,430,273,544,244,217,0,4,1,1,0,.0021946716730744,-.0263291557203874,.1263263817046677,.8348997358878258,-.2739243141587956,.2212660027180208,.0132241468216366,.0132241468216366,.0216857704143334,.0216857704143334,220,173
dept_subset,conflict_dept_subset_062,Conflict-belt departments: AYACUCHO + CUSCO + HUANCAVELICA + HUANUCO + JUNIN,bounded_department_subset,0,5,bc,treat_23,2023,drop_rounding_band,adjacent_categories,p1_mserd,3571,1712,1492,220,810,902,708,102,784,118,273,544,244,217,0,4,1,1,0,-.012968745090014,-.0092949354983958,.0948668958636871,.9219492038278824,-.1952306347163343,.1766407637195428,.0156197041508639,.0156197041508639,.02521373974859,.02521373974859,256,211
dept_subset,conflict_dept_subset_062,Conflict-belt departments: AYACUCHO + CUSCO + HUANCAVELICA + HUANUCO + JUNIN,bounded_department_subset,0,5,cd,treat_12,2012,drop_rounding_band,adjacent_categories,p1_mserd,3571,1425,371,1054,612,813,101,511,270,543,55,273,214,245,3,2,1,1,0,-.001797933397648,-.0024563325478228,.137941787303386,.9857928022866018,-.2728172676255439,.2679046025298982,.0044174674579287,.0044174674579287,.0066310522039804,.0066310522039804,180,148
dept_subset,conflict_dept_subset_062,Conflict-belt departments: AYACUCHO + CUSCO + HUANCAVELICA + HUANUCO + JUNIN,bounded_department_subset,0,5,cd,treat_16,2016,drop_rounding_band,adjacent_categories,p1_mserd,3571,1425,383,1042,612,813,107,505,276,537,55,273,214,245,3,2,1,1,0,.0855651600186306,.1098801527710114,.1505389651431591,.4654441568644164,-.185170797179511,.4049311027215338,.0040786899395081,.0040786899395081,.00639095992333,.00639095992333,172,142
dept_subset,conflict_dept_subset_062,Conflict-belt departments: AYACUCHO + CUSCO + HUANCAVELICA + HUANUCO + JUNIN,bounded_department_subset,0,5,cd,treat_23,2023,drop_rounding_band,adjacent_categories,p1_mserd,3571,1425,1140,285,612,813,430,182,710,103,55,273,214,245,3,2,1,1,0,.2016262836871507,.232466044566116,.0878924409422281,.008171690984451,.0602000258060353,.4047320633261967,.0040793848147795,.0040793848147795,.0069600666588838,.0069600666588838,172,142
dept_subset,conflict_dept_subset_062,Conflict-belt departments: AYACUCHO + CUSCO + HUANCAVELICA + HUANUCO + JUNIN,bounded_department_subset,0,5,de,treat_12,2012,drop_rounding_band,adjacent_categories,p1_mserd,3571,920,108,812,341,579,9,332,99,480,12,55,144,211,34,34,1,1,0,-.0416505302665261,-.095134699058523,.1002172305477355,.3424757547396954,-.2915568615624318,.1012874634453858,.0015123556472081,.0015123556472081,.002883214438733,.002883214438733,49,76
dept_subset,conflict_dept_subset_062,Conflict-belt departments: AYACUCHO + CUSCO + HUANCAVELICA + HUANUCO + JUNIN,bounded_department_subset,0,5,de,treat_16,2016,drop_rounding_band,adjacent_categories,p1_mserd,3571,920,114,806,341,579,9,332,105,474,12,55,144,211,34,34,1,1,0,-.0418479517311021,-.0951999858484062,.1002388618467369,.3422487949088629,-.2916645449192966,.1012645732224843,.0015136410534252,.0015136410534252,.0028835383049632,.0028835383049632,49,76
dept_subset,conflict_dept_subset_062,Conflict-belt departments: AYACUCHO + CUSCO + HUANCAVELICA + HUANUCO + JUNIN,bounded_department_subset,0,5,de,treat_23,2023,drop_rounding_band,adjacent_categories,p1_mserd,3571,920,495,425,341,579,82,259,413,166,12,55,144,211,34,34,1,1,0,.1203181071847874,.2412731145940126,.3200113940328688,.4508782622251434,-.3859376923528661,.8684839215408913,.0019427366984143,.0019427366984143,.0032687560037485,.0032687560037485,102,111
dept_subset,conflict_dept_subset_079,Conflict-belt departments: APURIMAC + AYACUCHO + CUSCO + HUANCAVELICA + SAN MARTIN,bounded_department_subset,0,5,ab,treat_12,2012,drop_rounding_band,adjacent_categories,p1_mserd,2998,1573,803,770,747,826,312,435,491,335,494,706,194,190,0,7,1,1,0,-.1282645016549869,-.1761473472209513,.1700602415098496,.3002983412269361,-.50945929578244,.1571646013405374,.0231492289786062,.0231492289786062,.0379624914936435,.0379624914936435,162,89
dept_subset,conflict_dept_subset_079,Conflict-belt departments: APURIMAC + AYACUCHO + CUSCO + HUANCAVELICA + SAN MARTIN,bounded_department_subset,0,5,ab,treat_16,2016,drop_rounding_band,adjacent_categories,p1_mserd,2998,1573,1074,499,747,826,396,351,678,148,494,706,194,190,0,7,1,1,0,-.2353400672623682,-.292978738455963,.1428186726402905,.0402276592766793,-.5728981931507484,-.0130592837611777,.0196944235765046,.0196944235765046,.0342698148103589,.0342698148103589,131,76
dept_subset,conflict_dept_subset_079,Conflict-belt departments: APURIMAC + AYACUCHO + CUSCO + HUANCAVELICA + SAN MARTIN,bounded_department_subset,0,5,ab,treat_23,2023,drop_rounding_band,adjacent_categories,p1_mserd,2998,1573,1430,143,747,826,663,84,767,59,494,706,194,190,0,7,1,1,0,.0565126877364019,.0755690757589313,.0886253962322934,.3938369544776597,-.0981335089719556,.2492716604898182,.0351005394615714,.0351005394615714,.0489513720202318,.0489513720202318,240,131
dept_subset,conflict_dept_subset_079,Conflict-belt departments: APURIMAC + AYACUCHO + CUSCO + HUANCAVELICA + SAN MARTIN,bounded_department_subset,0,5,bc,treat_12,2012,drop_rounding_band,adjacent_categories,p1_mserd,2998,1385,492,893,632,753,175,457,317,436,243,495,210,195,0,4,1,1,0,.3579489964267063,.4105198720911144,.1755312285689371,.019349493555555,.0664849859339296,.7545547582482992,.0083410856382748,.0083410856382748,.0148226219371907,.0148226219371907,122,80
dept_subset,conflict_dept_subset_079,Conflict-belt departments: APURIMAC + AYACUCHO + CUSCO + HUANCAVELICA + SAN MARTIN,bounded_department_subset,0,5,bc,treat_16,2016,drop_rounding_band,adjacent_categories,p1_mserd,2998,1385,585,800,632,753,183,449,402,351,243,495,210,195,0,4,1,1,0,.4455325622475775,.4941069890302787,.1749601884073161,.0047411964991181,.1511913210235969,.8370226570369605,.0086399999725489,.0086399999725489,.0145329858182291,.0145329858182291,125,82
dept_subset,conflict_dept_subset_079,Conflict-belt departments: APURIMAC + AYACUCHO + CUSCO + HUANCAVELICA + SAN MARTIN,bounded_department_subset,0,5,bc,treat_23,2023,drop_rounding_band,adjacent_categories,p1_mserd,2998,1385,1225,160,632,753,556,76,669,84,243,495,210,195,0,4,1,1,0,-.0141540055293474,.0139569001695157,.0959481671012764,.8843453930467261,-.174098051731617,.2020118520706483,.0160966905778702,.0160966905778702,.0267560925110771,.0267560925110771,229,151
dept_subset,conflict_dept_subset_079,Conflict-belt departments: APURIMAC + AYACUCHO + CUSCO + HUANCAVELICA + SAN MARTIN,bounded_department_subset,0,5,cd,treat_12,2012,drop_rounding_band,adjacent_categories,p1_mserd,2998,1107,252,855,473,634,75,398,177,457,55,243,181,210,4,3,1,1,0,-.187945114151552,-.2000921473820433,.2053962543545875,.3299690480667192,-.602661408476463,.2024771137123764,.0031222453762096,.0031222453762096,.0050911198971986,.0050911198971986,80,75
dept_subset,conflict_dept_subset_079,Conflict-belt departments: APURIMAC + AYACUCHO + CUSCO + HUANCAVELICA + SAN MARTIN,bounded_department_subset,0,5,cd,treat_16,2016,drop_rounding_band,adjacent_categories,p1_mserd,2998,1107,266,841,473,634,81,392,185,449,55,243,181,210,4,3,1,1,0,-.1511547464940705,-.158967671890027,.2108134671014303,.4508084412927544,-.5721544748648499,.2542191310847959,.0032409677482685,.0032409677482685,.0052740522138048,.0052740522138048,94,76
dept_subset,conflict_dept_subset_079,Conflict-belt departments: APURIMAC + AYACUCHO + CUSCO + HUANCAVELICA + SAN MARTIN,bounded_department_subset,0,5,cd,treat_23,2023,drop_rounding_band,adjacent_categories,p1_mserd,2998,1107,912,195,473,634,355,118,557,77,55,243,181,210,4,3,1,1,0,-.0977221517547995,-.1276927399608396,.1083758260156925,.2387009154117437,-.340105455746376,.0847199758246967,.0042890617181404,.0042890617181404,.0076680622406787,.0076680622406787,125,102
dept_subset,conflict_dept_subset_079,Conflict-belt departments: APURIMAC + AYACUCHO + CUSCO + HUANCAVELICA + SAN MARTIN,bounded_department_subset,0,5,de,treat_12,2012,drop_rounding_band,adjacent_categories,p1_mserd,2998,750,88,662,308,442,14,294,74,368,12,55,135,178,32,32,1,1,0,-.2838571217511978,-.410414531682824,.1646345541557439,.0126710915870553,-.733092328438891,-.087736734926757,.00149616764125,.00149616764125,.0033603706616864,.0033603706616864,46,50
dept_subset,conflict_dept_subset_079,Conflict-belt departments: APURIMAC + AYACUCHO + CUSCO + HUANCAVELICA + SAN MARTIN,bounded_department_subset,0,5,de,treat_16,2016,drop_rounding_band,adjacent_categories,p1_mserd,2998,750,96,654,308,442,16,292,80,362,12,55,135,178,32,32,1,1,0,-.1914529914538434,-.1332323191436444,,,,,.0011203467793131,.0011203467793131,.0027181034986873,.0027181034986873,41,23
dept_subset,conflict_dept_subset_079,Conflict-belt departments: APURIMAC + AYACUCHO + CUSCO + HUANCAVELICA + SAN MARTIN,bounded_department_subset,0,5,de,treat_23,2023,drop_rounding_band,adjacent_categories,p1_mserd,2998,750,424,326,308,442,86,222,338,104,12,55,135,178,32,32,1,1,1,,,,,,,,,,,,
dept_subset,conflict_dept_subset_087,Conflict-belt departments: APURIMAC + AYACUCHO + CUSCO + HUANUCO + SAN MARTIN,bounded_department_subset,0,5,ab,treat_12,2012,drop_rounding_band,adjacent_categories,p1_mserd,3435,1731,831,900,824,907,324,500,507,400,534,771,199,194,0,2,1,1,0,-.088258109780884,-.1341823947033539,.1596416701694323,.4006155652963057,-.4470743186672635,.1787095292605557,.0239910574817526,.0239910574817526,.0391424610954368,.0391424610954368,177,109
dept_subset,conflict_dept_subset_087,Conflict-belt departments: APURIMAC + AYACUCHO + CUSCO + HUANUCO + SAN MARTIN,bounded_department_subset,0,5,ab,treat_16,2016,drop_rounding_band,adjacent_categories,p1_mserd,3435,1731,1119,612,824,907,407,417,712,195,534,771,199,194,0,2,1,1,0,-.3120713556769394,-.3586052775497193,.1643043871552041,.0290677372372807,-.6806359588758446,-.0365745962235939,.0193666714674787,.0193666714674787,.0321997701464118,.0321997701464118,140,89
dept_subset,conflict_dept_subset_087,Conflict-belt departments: APURIMAC + AYACUCHO + CUSCO + HUANUCO + SAN MARTIN,bounded_department_subset,0,5,ab,treat_23,2023,drop_rounding_band,adjacent_categories,p1_mserd,3435,1731,1543,188,824,907,715,109,828,79,534,771,199,194,0,2,1,1,0,.0193843603184267,.0270648515901588,.0869653740152977,.7556378560631511,-.1433841493818801,.1975138525621977,.0409313987474618,.0409313987474618,.054749846848781,.054749846848781,304,179
dept_subset,conflict_dept_subset_087,Conflict-belt departments: APURIMAC + AYACUCHO + CUSCO + HUANUCO + SAN MARTIN,bounded_department_subset,0,5,bc,treat_12,2012,drop_rounding_band,adjacent_categories,p1_mserd,3435,1546,544,1002,721,825,219,502,325,500,266,535,224,199,0,5,1,1,0,.1445382047434162,.1656975621545671,.1278820158533896,.195076613093365,-.0849465831884567,.4163417074975909,.0138105756780566,.0138105756780566,.0227171696613152,.0227171696613152,215,162
dept_subset,conflict_dept_subset_087,Conflict-belt departments: APURIMAC + AYACUCHO + CUSCO + HUANUCO + SAN MARTIN,bounded_department_subset,0,5,bc,treat_16,2016,drop_rounding_band,adjacent_categories,p1_mserd,3435,1546,635,911,721,825,227,494,408,417,266,535,224,199,0,5,1,1,0,.2102271829278226,.2284473327546767,.1150525903407515,.0470788098753937,.0029483993587628,.4539462661505905,.0169393004846833,.0169393004846833,.0267926060588329,.0267926060588329,288,201
dept_subset,conflict_dept_subset_087,Conflict-belt departments: APURIMAC + AYACUCHO + CUSCO + HUANUCO + SAN MARTIN,bounded_department_subset,0,5,bc,treat_23,2023,drop_rounding_band,adjacent_categories,p1_mserd,3435,1546,1340,206,721,825,624,97,716,109,266,535,224,199,0,5,1,1,0,.0202760346144724,.0410280545556536,.0986710981306708,.6775518202313318,-.1523637440954785,.2344198532067858,.0153867033079805,.0153867033079805,.0252599592361326,.0252599592361326,244,183
dept_subset,conflict_dept_subset_087,Conflict-belt departments: APURIMAC + AYACUCHO + CUSCO + HUANUCO + SAN MARTIN,bounded_department_subset,0,5,cd,treat_12,2012,drop_rounding_band,adjacent_categories,p1_mserd,3435,1322,310,1012,599,723,90,509,220,503,55,266,196,224,3,3,1,1,0,-.0229479072160637,-.0270861933612049,.176604142178493,.8781046436778389,-.3732239515516421,.3190515648292323,.00350841952793,.00350841952793,.0054238088421211,.0054238088421211,118,107
dept_subset,conflict_dept_subset_087,Conflict-belt departments: APURIMAC + AYACUCHO + CUSCO + HUANUCO + SAN MARTIN,bounded_department_subset,0,5,cd,treat_16,2016,drop_rounding_band,adjacent_categories,p1_mserd,3435,1322,324,998,599,723,96,503,228,495,55,266,196,224,3,3,1,1,0,.0581608615299988,.0624075731385098,.1836914800788526,.7340513941416843,-.297621112082898,.4224362583599175,.0038148413696802,.0038148413696802,.0058028346555424,.0058028346555424,136,110
dept_subset,conflict_dept_subset_087,Conflict-belt departments: APURIMAC + AYACUCHO + CUSCO + HUANUCO + SAN MARTIN,bounded_department_subset,0,5,cd,treat_23,2023,drop_rounding_band,adjacent_categories,p1_mserd,3435,1322,1054,268,599,723,429,170,625,98,55,266,196,224,3,3,1,1,0,-.0158002872535963,-.0349201789484488,.1080395047961507,.7465310871097091,-.2466737172564466,.1768333593595491,.0052464100587404,.0052464100587404,.0082524460749815,.0082524460749815,193,146
dept_subset,conflict_dept_subset_087,Conflict-belt departments: APURIMAC + AYACUCHO + CUSCO + HUANUCO + SAN MARTIN,bounded_department_subset,0,5,de,treat_12,2012,drop_rounding_band,adjacent_categories,p1_mserd,3435,938,100,838,377,561,12,365,88,473,12,54,142,193,38,38,1,1,0,-.1775091399623346,-.2497746779092016,.1388432854553293,.072023685389382,-.5219025168968608,.0223531610784576,.0017113139121866,.0017113139121866,.0034346078223214,.0034346078223214,58,76
dept_subset,conflict_dept_subset_087,Conflict-belt departments: APURIMAC + AYACUCHO + CUSCO + HUANUCO + SAN MARTIN,bounded_department_subset,0,5,de,treat_16,2016,drop_rounding_band,adjacent_categories,p1_mserd,3435,938,108,830,377,561,14,363,94,467,12,54,142,193,38,38,1,1,0,-.2021733687186787,-.2660698134725621,.1523403788405637,.0807157403592008,-.5646514693912547,.0325118424461305,.0016634023019825,.0016634023019825,.0032027422736505,.0032027422736505,58,76
dept_subset,conflict_dept_subset_087,Conflict-belt departments: APURIMAC + AYACUCHO + CUSCO + HUANUCO + SAN MARTIN,bounded_department_subset,0,5,de,treat_23,2023,drop_rounding_band,adjacent_categories,p1_mserd,3435,938,508,430,377,561,96,281,412,149,12,54,142,193,38,38,1,1,0,-.0643773579436862,.0358821856099016,.2997774923485059,.9047239192091202,-.5516709027689014,.6234352739887047,.0019187318957866,.0019187318957866,.0032238937468352,.0032238937468352,106,116
dept_subset,conflict_dept_subset_091,Conflict-belt departments: APURIMAC + AYACUCHO + HUANCAVELICA + HUANUCO + SAN MARTIN,bounded_department_subset,0,5,ab,treat_12,2012,drop_rounding_band,adjacent_categories,p1_mserd,3710,1801,925,876,861,940,368,493,557,383,538,795,227,213,0,6,1,1,0,-.0858827776709724,-.1362341462696012,.1711300105942192,.4259822524129381,-.4716428037082286,.1991745111690262,.0213746487205188,.0213746487205188,.0360158521348861,.0360158521348861,151,96
dept_subset,conflict_dept_subset_091,Conflict-belt departments: APURIMAC + AYACUCHO + HUANCAVELICA + HUANUCO + SAN MARTIN,bounded_department_subset,0,5,ab,treat_16,2016,drop_rounding_band,adjacent_categories,p1_mserd,3710,1801,1224,577,861,940,458,403,766,174,538,795,227,213,0,6,1,1,0,-.2866106761785034,-.3416731805907467,.1650095568222519,.0383937026812615,-.6650859690672759,-.0182603921142175,.0183051980867361,.0183051980867361,.0318593737033229,.0318593737033229,133,77
dept_subset,conflict_dept_subset_091,Conflict-belt departments: APURIMAC + AYACUCHO + HUANCAVELICA + HUANUCO + SAN MARTIN,bounded_department_subset,0,5,ab,treat_23,2023,drop_rounding_band,adjacent_categories,p1_mserd,3710,1801,1632,169,861,940,761,100,871,69,538,795,227,213,0,6,1,1,0,.0037719248661394,.0125545488148289,.0859060306204537,.8838086507395543,-.1558181772560553,.1809272748857131,.0402685919734034,.0402685919734034,.0553418141996251,.0553418141996251,301,183
dept_subset,conflict_dept_subset_091,Conflict-belt departments: APURIMAC + AYACUCHO + HUANCAVELICA + HUANUCO + SAN MARTIN,bounded_department_subset,0,5,bc,treat_12,2012,drop_rounding_band,adjacent_categories,p1_mserd,3710,1687,632,1055,821,866,260,561,372,494,273,539,263,228,0,4,1,1,0,.1671968217447406,.2020844014044444,.1346923624948375,.1335262333559825,-.0619077780780506,.4660765808869394,.0115703933908594,.0115703933908594,.0199418103454656,.0199418103454656,201,140
dept_subset,conflict_dept_subset_091,Conflict-belt departments: APURIMAC + AYACUCHO + HUANCAVELICA + HUANUCO + SAN MARTIN,bounded_department_subset,0,5,bc,treat_16,2016,drop_rounding_band,adjacent_categories,p1_mserd,3710,1687,731,956,821,866,268,553,463,403,273,539,263,228,0,4,1,1,0,.2641233959242483,.2993602179214069,.1431338238069694,.0364858782284482,.0188230782902451,.5798973575525687,.0108662509822019,.0108662509822019,.0182533280336854,.0182533280336854,185,132
dept_subset,conflict_dept_subset_091,Conflict-belt departments: APURIMAC + AYACUCHO + HUANCAVELICA + HUANUCO + SAN MARTIN,bounded_department_subset,0,5,bc,treat_23,2023,drop_rounding_band,adjacent_categories,p1_mserd,3710,1687,1493,194,821,866,727,94,766,100,273,539,263,228,0,4,1,1,0,.0435264285537256,.0626150300905126,.0908268441696725,.4905784843157264,-.1154023133114772,.2406323734925024,.0140458163126039,.0140458163126039,.0228698017706429,.0228698017706429,248,169
dept_subset,conflict_dept_subset_091,Conflict-belt departments: APURIMAC + AYACUCHO + HUANCAVELICA + HUANUCO + SAN MARTIN,bounded_department_subset,0,5,cd,treat_12,2012,drop_rounding_band,adjacent_categories,p1_mserd,3710,1489,370,1119,666,823,108,558,262,561,57,273,230,262,4,3,1,1,0,-.0957385339006875,-.1068763762780134,.1626256062119791,.5110569593951984,-.4256167074174858,.2118639548614589,.0034045250004751,.0034045250004751,.0053073570128718,.0053073570128718,135,113
dept_subset,conflict_dept_subset_091,Conflict-belt departments: APURIMAC + AYACUCHO + HUANCAVELICA + HUANUCO + SAN MARTIN,bounded_department_subset,0,5,cd,treat_16,2016,drop_rounding_band,adjacent_categories,p1_mserd,3710,1489,385,1104,666,823,115,551,270,553,57,273,230,262,4,3,1,1,0,-.0208657138163238,-.0241554444665653,.1693516199382945,.8865785652846933,-.3560785202691378,.3077676313360073,.0036922344016456,.0036922344016456,.005619448794511,.005619448794511,149,127
dept_subset,conflict_dept_subset_091,Conflict-belt departments: APURIMAC + AYACUCHO + HUANCAVELICA + HUANUCO + SAN MARTIN,bounded_department_subset,0,5,cd,treat_23,2023,drop_rounding_band,adjacent_categories,p1_mserd,3710,1489,1223,266,666,823,494,172,729,94,57,273,230,262,4,3,1,1,0,-.0283016751681484,-.0500846021362629,.0934795875056018,.5921098021264326,-.2333012269369028,.1331320226643771,.0047014078771925,.0047014078771925,.0079056919441613,.0079056919441613,198,159
dept_subset,conflict_dept_subset_091,Conflict-belt departments: APURIMAC + AYACUCHO + HUANCAVELICA + HUANUCO + SAN MARTIN,bounded_department_subset,0,5,de,treat_12,2012,drop_rounding_band,adjacent_categories,p1_mserd,3710,1034,121,913,411,623,15,396,106,517,12,57,165,227,44,44,1,1,0,-.135569380115974,-.1928148065619969,.1187700223774288,.1044975354968569,-.4255997728647735,.0399701597407797,.0018680349549733,.0018680349549733,.0038715102419279,.0038715102419279,120,81
dept_subset,conflict_dept_subset_091,Conflict-belt departments: APURIMAC + AYACUCHO + HUANCAVELICA + HUANUCO + SAN MARTIN,bounded_department_subset,0,5,de,treat_16,2016,drop_rounding_band,adjacent_categories,p1_mserd,3710,1034,130,904,411,623,17,394,113,510,12,57,165,227,44,44,1,1,0,-.2178683797910234,-.2682916419207912,.1782045485814176,.1321888099861073,-.617566139021588,.0809828551800055,.0015121747622258,.0015121747622258,.0030017920950885,.0030017920950885,61,81
dept_subset,conflict_dept_subset_091,Conflict-belt departments: APURIMAC + AYACUCHO + HUANCAVELICA + HUANUCO + SAN MARTIN,bounded_department_subset,0,5,de,treat_23,2023,drop_rounding_band,adjacent_categories,p1_mserd,3710,1034,582,452,411,623,111,300,471,152,12,57,165,227,44,44,1,1,0,-1.088117283950673,-1.344866552227295,1.782186418821698,.4504793648633468,-4.837887746854238,2.148154642399649,.0011252152489863,.0011252152489863,.0028916893087394,.0028916893087394,56,41
dept_subset,conflict_dept_subset_093,Conflict-belt departments: APURIMAC + CUSCO + HUANCAVELICA + HUANUCO + SAN MARTIN,bounded_department_subset,0,5,ab,treat_12,2012,drop_rounding_band,adjacent_categories,p1_mserd,2468,924,418,506,439,485,189,250,229,256,336,438,160,149,0,7,1,1,0,-.0709781664663038,-.1016054064364642,.1729641509113445,.5569107762588901,-.44060891283925,.2373980999663216,.0368288490543127,.0368288490543127,.0531105987340974,.0531105987340974,122,81
dept_subset,conflict_dept_subset_093,Conflict-belt departments: APURIMAC + CUSCO + HUANCAVELICA + HUANUCO + SAN MARTIN,bounded_department_subset,0,5,ab,treat_16,2016,drop_rounding_band,adjacent_categories,p1_mserd,2468,924,583,341,439,485,233,206,350,135,336,438,160,149,0,7,1,1,0,-.3226938265795645,-.364006127184205,.1756679634719951,.0382537066822249,-.7083090088268131,-.0197032455415969,.0364148019644136,.0364148019644136,.0579070246105994,.0579070246105994,122,79
dept_subset,conflict_dept_subset_093,Conflict-belt departments: APURIMAC + CUSCO + HUANCAVELICA + HUANUCO + SAN MARTIN,bounded_department_subset,0,5,ab,treat_23,2023,drop_rounding_band,adjacent_categories,p1_mserd,2468,924,816,108,439,485,381,58,435,50,336,438,160,149,0,7,1,1,0,.0142187710863202,.0307717334056192,.1156774615692329,.7902290318311375,-.1959519250930934,.2574953919043318,.0482085192975766,.0482085192975766,.0593110220240128,.0593110220240128,180,114
dept_subset,conflict_dept_subset_093,Conflict-belt departments: APURIMAC + CUSCO + HUANCAVELICA + HUANUCO + SAN MARTIN,bounded_department_subset,0,5,bc,treat_12,2012,drop_rounding_band,adjacent_categories,p1_mserd,2468,1048,384,664,603,445,190,413,194,251,234,337,196,161,0,3,1,1,0,.2469022365658675,.30767954639022,.1687549066418512,.0682680805587633,-.0230739928422276,.6384330856226675,.010458492621611,.010458492621611,.0179907187443276,.0179907187443276,122,83
dept_subset,conflict_dept_subset_093,Conflict-belt departments: APURIMAC + CUSCO + HUANCAVELICA + HUANUCO + SAN MARTIN,bounded_department_subset,0,5,bc,treat_16,2016,drop_rounding_band,adjacent_categories,p1_mserd,2468,1048,435,613,603,445,196,407,239,206,234,337,196,161,0,3,1,1,0,.3500904689273546,.416759817311815,.17290299073594,.0159364416683213,.07787618265011,.75564345197352,.0097166410552464,.0097166410552464,.0169527001787904,.0169527001787904,113,77
dept_subset,conflict_dept_subset_093,Conflict-belt departments: APURIMAC + CUSCO + HUANCAVELICA + HUANUCO + SAN MARTIN,bounded_department_subset,0,5,bc,treat_23,2023,drop_rounding_band,adjacent_categories,p1_mserd,2468,1048,913,135,603,445,526,77,387,58,234,337,196,161,0,3,1,1,0,.0000343427032301,.0010284330602075,.110269368282708,.9925585955798597,-.2150955573718835,.2171524234922985,.0171719601973831,.0171719601973831,.0265531531893001,.0265531531893001,219,128
dept_subset,conflict_dept_subset_093,Conflict-belt departments: APURIMAC + CUSCO + HUANCAVELICA + HUANUCO + SAN MARTIN,bounded_department_subset,0,5,cd,treat_12,2012,drop_rounding_band,adjacent_categories,p1_mserd,2468,1172,287,885,566,606,95,471,192,414,56,234,183,196,2,1,1,1,0,-.1710547863127782,-.2029280738247574,.166052192618186,.2216796292940679,-.5283843909103096,.1225282432607949,.0034854476978249,.0034854476978249,.0055591195070994,.0055591195070994,111,104
dept_subset,conflict_dept_subset_093,Conflict-belt departments: APURIMAC + CUSCO + HUANCAVELICA + HUANUCO + SAN MARTIN,bounded_department_subset,0,5,cd,treat_16,2016,drop_rounding_band,adjacent_categories,p1_mserd,2468,1172,298,874,566,606,100,466,198,408,56,234,183,196,2,1,1,1,0,-.1317090891490125,-.1613517377369316,.1751799243708976,.3570175628482049,-.5046980803183414,.1819946048444782,.0037829900839096,.0037829900839096,.0058823426311091,.0058823426311091,126,107
dept_subset,conflict_dept_subset_093,Conflict-belt departments: APURIMAC + CUSCO + HUANCAVELICA + HUANUCO + SAN MARTIN,bounded_department_subset,0,5,cd,treat_23,2023,drop_rounding_band,adjacent_categories,p1_mserd,2468,1172,949,223,566,606,421,145,528,78,56,234,183,196,2,1,1,1,0,-.0475893429695133,-.0713615534468057,.1223521905270573,.5597270060390505,-.3111674403094208,.1684443334158093,.0042068689418959,.0042068689418959,.0064365691915049,.0064365691915049,136,113
dept_subset,conflict_dept_subset_093,Conflict-belt departments: APURIMAC + CUSCO + HUANCAVELICA + HUANUCO + SAN MARTIN,bounded_department_subset,0,5,de,treat_12,2012,drop_rounding_band,adjacent_categories,p1_mserd,2468,890,107,783,364,526,14,350,93,433,11,56,137,181,41,41,1,1,0,-.0839613266271792,-.1023676537685699,.099127556892981,.3017508033142098,-.2966540951542579,.091918787617118,.0030583224552714,.0030583224552714,.0055182482464933,.0055182482464933,103,166
dept_subset,conflict_dept_subset_093,Conflict-belt departments: APURIMAC + CUSCO + HUANCAVELICA + HUANUCO + SAN MARTIN,bounded_department_subset,0,5,de,treat_16,2016,drop_rounding_band,adjacent_categories,p1_mserd,2468,890,114,776,364,526,16,348,98,428,11,56,137,181,41,41,1,1,0,-.2379103939264422,-.2826845964759013,.1698765469291781,.0961006398126159,-.6156365102751187,.0502673173233161,.0017632351208191,.0017632351208191,.0032420144034217,.0032420144034217,50,70
dept_subset,conflict_dept_subset_093,Conflict-belt departments: APURIMAC + CUSCO + HUANCAVELICA + HUANUCO + SAN MARTIN,bounded_department_subset,0,5,de,treat_23,2023,drop_rounding_band,adjacent_categories,p1_mserd,2468,890,488,402,364,526,88,276,400,126,11,56,137,181,41,41,1,1,1,,,,,,,,,,,,
dept_subset,conflict_dept_subset_094,Conflict-belt departments: AYACUCHO + CUSCO + HUANCAVELICA + HUANUCO + SAN MARTIN,bounded_department_subset,0,5,ab,treat_12,2012,drop_rounding_band,adjacent_categories,p1_mserd,3370,1573,803,770,778,795,327,451,476,319,511,678,188,170,0,6,1,1,0,-.1096945893500995,-.1567808287704732,.172453991117293,.3632884503531396,-.4947844403505579,.1812227828096115,.0228248435139128,.0228248435139128,.0373774611037506,.0373774611037506,147,95
dept_subset,conflict_dept_subset_094,Conflict-belt departments: AYACUCHO + CUSCO + HUANCAVELICA + HUANUCO + SAN MARTIN,bounded_department_subset,0,5,ab,treat_16,2016,drop_rounding_band,adjacent_categories,p1_mserd,3370,1573,1037,536,778,795,401,377,636,159,511,678,188,170,0,6,1,1,0,-.2539800554895086,-.3022399957985435,.1697355658925405,.0749692990305469,-.6349155918434479,.0304356002463609,.0191799968460076,.0191799968460076,.0326073600774516,.0326073600774516,122,78
dept_subset,conflict_dept_subset_094,Conflict-belt departments: AYACUCHO + CUSCO + HUANCAVELICA + HUANUCO + SAN MARTIN,bounded_department_subset,0,5,ab,treat_23,2023,drop_rounding_band,adjacent_categories,p1_mserd,3370,1573,1399,174,778,795,679,99,720,75,511,678,188,170,0,6,1,1,0,.0076838704648423,.0135634513822325,.0915356176086871,.8822032709600991,-.1658430624334246,.1929699651978896,.0423527424878713,.0423527424878713,.0564081378141646,.0564081378141646,282,177
dept_subset,conflict_dept_subset_094,Conflict-belt departments: AYACUCHO + CUSCO + HUANCAVELICA + HUANUCO + SAN MARTIN,bounded_department_subset,0,5,bc,treat_12,2012,drop_rounding_band,adjacent_categories,p1_mserd,3370,1537,567,970,753,784,235,518,332,452,265,512,227,189,0,5,1,1,0,.0117852934315649,.0081906786166085,.1205174818670468,.94581542476563,-.2280192453502623,.2444006025834793,.0147667962883299,.0147667962883299,.0235845600140583,.0235845600140583,246,170
dept_subset,conflict_dept_subset_094,Conflict-belt departments: AYACUCHO + CUSCO + HUANCAVELICA + HUANUCO + SAN MARTIN,bounded_department_subset,0,5,bc,treat_16,2016,drop_rounding_band,adjacent_categories,p1_mserd,3370,1537,651,886,753,784,244,509,407,377,265,512,227,189,0,5,1,1,0,.1164170074572098,.1294892949110934,.1402529771559391,.3558742120506201,-.1454014890390661,.4043800788612529,.0126717764779037,.0126717764779037,.0201865738030451,.0201865738030451,205,142
dept_subset,conflict_dept_subset_094,Conflict-belt departments: AYACUCHO + CUSCO + HUANCAVELICA + HUANUCO + SAN MARTIN,bounded_department_subset,0,5,bc,treat_23,2023,drop_rounding_band,adjacent_categories,p1_mserd,3370,1537,1353,184,753,784,668,85,685,99,265,512,227,189,0,5,1,1,0,-.0477673915405179,-.0409966381624998,.0924809806950094,.6575501679562952,-.2222560295796621,.1402627532546626,.0173629072624504,.0173629072624504,.0269565982590452,.0269565982590452,296,203
dept_subset,conflict_dept_subset_094,Conflict-belt departments: AYACUCHO + CUSCO + HUANCAVELICA + HUANUCO + SAN MARTIN,bounded_department_subset,0,5,cd,treat_12,2012,drop_rounding_band,adjacent_categories,p1_mserd,3370,1384,332,1052,627,757,95,532,237,520,56,265,204,228,3,2,1,1,0,-.0708644160627033,-.0852068612824533,.1674895945959183,.6109419941371912,-.4134804344756675,.243066711910761,.0035003057199522,.0035003057199522,.005519418121927,.005519418121927,120,119
dept_subset,conflict_dept_subset_094,Conflict-belt departments: AYACUCHO + CUSCO + HUANCAVELICA + HUANUCO + SAN MARTIN,bounded_department_subset,0,5,cd,treat_16,2016,drop_rounding_band,adjacent_categories,p1_mserd,3370,1384,348,1036,627,757,102,525,246,511,56,265,204,228,3,2,1,1,0,.0144392507776698,.0122947462590545,.1784059266675977,.9450577166694765,-.3373744446379309,.36196393715604,.0037615455710171,.0037615455710171,.0058357822620385,.0058357822620385,140,120
dept_subset,conflict_dept_subset_094,Conflict-belt departments: AYACUCHO + CUSCO + HUANCAVELICA + HUANUCO + SAN MARTIN,bounded_department_subset,0,5,cd,treat_23,2023,drop_rounding_band,adjacent_categories,p1_mserd,3370,1384,1138,246,627,757,467,160,671,86,56,265,204,228,3,2,1,1,0,.0642575087266886,.0795099371578567,.0902093775674378,.3781050057451242,-.0972971939420968,.2563170682578103,.0045397441881712,.0045397441881712,.0066692680698665,.0066692680698665,175,144
dept_subset,conflict_dept_subset_094,Conflict-belt departments: AYACUCHO + CUSCO + HUANCAVELICA + HUANUCO + SAN MARTIN,bounded_department_subset,0,5,de,treat_12,2012,drop_rounding_band,adjacent_categories,p1_mserd,3370,991,106,885,405,586,13,392,93,493,12,56,156,201,42,42,1,1,0,-.0459372377598035,-.0635354705307177,.0755136232605,.4001364344995659,-.2115394524634237,.0844685114019884,.0029600975512382,.0029600975512382,.0054834498273488,.0054834498273488,124,187
dept_subset,conflict_dept_subset_094,Conflict-belt departments: AYACUCHO + CUSCO + HUANCAVELICA + HUANUCO + SAN MARTIN,bounded_department_subset,0,5,de,treat_16,2016,drop_rounding_band,adjacent_categories,p1_mserd,3370,991,115,876,405,586,15,390,100,486,12,56,156,201,42,42,1,1,0,-.1724989513209544,-.2182098641509332,.1588749741118029,.1696065679046174,-.5295990914548003,.0931793631529338,.001532237646107,.001532237646107,.0030177626816855,.0030177626816855,58,78
dept_subset,conflict_dept_subset_094,Conflict-belt departments: AYACUCHO + CUSCO + HUANCAVELICA + HUANUCO + SAN MARTIN,bounded_department_subset,0,5,de,treat_23,2023,drop_rounding_band,adjacent_categories,p1_mserd,3370,991,552,439,405,586,108,297,444,142,12,56,156,201,42,42,1,1,0,-1.039541160593799,-1.150241089149205,1.83162285873354,.530010401455967,-4.740155925527239,2.439673747228829,.0011756621956755,.0011756621956755,.0030282541397018,.0030282541397018,54,39
dept_subset,conflict_dept_subset_103,Conflict-belt departments: APURIMAC + AYACUCHO + CUSCO + JUNIN + SAN MARTIN,bounded_department_subset,0,5,ab,treat_12,2012,drop_rounding_band,adjacent_categories,p1_mserd,3335,1732,857,875,840,892,334,506,523,369,527,751,199,199,0,5,1,1,0,-.0609335018116286,-.1076122259672131,.1610578093941836,.5040320994027088,-.4232797318087296,.2080552798743034,.0247473765722151,.0247473765722151,.039229288608277,.039229288608277,186,109
dept_subset,conflict_dept_subset_103,Conflict-belt departments: APURIMAC + AYACUCHO + CUSCO + JUNIN + SAN MARTIN,bounded_department_subset,0,5,ab,treat_16,2016,drop_rounding_band,adjacent_categories,p1_mserd,3335,1732,1142,590,840,892,421,419,721,171,527,751,199,199,0,5,1,1,0,-.2020352293029111,-.2688640033124057,.1370364200923024,.0497637186387277,-.5374504512636193,-.000277555361192,.0180594593620593,.0180594593620593,.0321355043323153,.0321355043323153,136,83
dept_subset,conflict_dept_subset_103,Conflict-belt departments: APURIMAC + AYACUCHO + CUSCO + JUNIN + SAN MARTIN,bounded_department_subset,0,5,ab,treat_23,2023,drop_rounding_band,adjacent_categories,p1_mserd,3335,1732,1562,170,840,892,734,106,828,64,527,751,199,199,0,5,1,1,0,.0656326776572154,.0827847739009717,.0775718571620222,.2858810207711802,-.0692532723504772,.2348228201524206,.0351835800231242,.0351835800231242,.0496454443020049,.0496454443020049,267,145
dept_subset,conflict_dept_subset_103,Conflict-belt departments: APURIMAC + AYACUCHO + CUSCO + JUNIN + SAN MARTIN,bounded_department_subset,0,5,bc,treat_12,2012,drop_rounding_band,adjacent_categories,p1_mserd,3335,1529,529,1000,685,844,192,493,337,507,254,528,221,199,0,4,1,1,0,.1148074255430561,.1297739054830175,.1379365892086385,.3467956100739622,-.1405768415162103,.4001246524822453,.0128080070630892,.0128080070630892,.0203140224424601,.0203140224424601,164,146
dept_subset,conflict_dept_subset_103,Conflict-belt departments: APURIMAC + AYACUCHO + CUSCO + JUNIN + SAN MARTIN,bounded_department_subset,0,5,bc,treat_16,2016,drop_rounding_band,adjacent_categories,p1_mserd,3335,1529,623,906,685,844,199,486,424,420,254,528,221,199,0,4,1,1,0,.2613852777616452,.281517212589568,.1327852932951122,.0339981766484593,.0212628200545602,.5417716051245758,.0142734158287984,.0142734158287984,.0231691131913913,.0231691131913913,192,159
dept_subset,conflict_dept_subset_103,Conflict-belt departments: APURIMAC + AYACUCHO + CUSCO + JUNIN + SAN MARTIN,bounded_department_subset,0,5,bc,treat_23,2023,drop_rounding_band,adjacent_categories,p1_mserd,3335,1529,1318,211,685,844,581,104,737,107,254,528,221,199,0,4,1,1,0,.0479130998487021,.0679703120286939,.1067971419972147,.5244876082280995,-.1413482399376569,.2772888639950446,.0131785984103283,.0131785984103283,.0211999576094606,.0211999576094606,176,149
dept_subset,conflict_dept_subset_103,Conflict-belt departments: APURIMAC + AYACUCHO + CUSCO + JUNIN + SAN MARTIN,bounded_department_subset,0,5,cd,treat_12,2012,drop_rounding_band,adjacent_categories,p1_mserd,3335,1244,272,972,558,686,79,479,193,493,57,254,206,221,3,3,1,1,0,-.0347957620430812,-.0344018641556051,.1944111568407154,.8595443914295506,-.4154407297561751,.3466370014449648,.0031851208500926,.0031851208500926,.0051465880106408,.0051465880106408,115,84
dept_subset,conflict_dept_subset_103,Conflict-belt departments: APURIMAC + AYACUCHO + CUSCO + JUNIN + SAN MARTIN,bounded_department_subset,0,5,cd,treat_16,2016,drop_rounding_band,adjacent_categories,p1_mserd,3335,1244,286,958,558,686,86,472,200,486,57,254,206,221,3,3,1,1,0,-.0020506499833026,.0027677857960033,.1899396571144362,.9883737001761139,-.3695071013841786,.3750426729761853,.0034147174245145,.0034147174245145,.0054301312758525,.0054301312758525,117,88
dept_subset,conflict_dept_subset_103,Conflict-belt departments: APURIMAC + AYACUCHO + CUSCO + JUNIN + SAN MARTIN,bounded_department_subset,0,5,cd,treat_23,2023,drop_rounding_band,adjacent_categories,p1_mserd,3335,1244,964,280,558,686,383,175,581,105,57,254,206,221,3,3,1,1,0,.0850109411029889,.1021970257040639,.1132870143886556,.3669999509750578,-.1198414424137719,.3242354938218996,.0051136823098294,.0051136823098294,.0082901824768886,.0082901824768886,188,134
dept_subset,conflict_dept_subset_103,Conflict-belt departments: APURIMAC + AYACUCHO + CUSCO + JUNIN + SAN MARTIN,bounded_department_subset,0,5,de,treat_12,2012,drop_rounding_band,adjacent_categories,p1_mserd,3335,875,92,783,351,524,15,336,77,447,13,56,145,201,34,34,1,1,0,.0055734260608193,-.0575732296419491,.2264895198758096,.7993424364617137,-.5014845314743045,.3863380721904063,.0012358894868041,.0012358894868041,.0028298061503885,.0028298061503885,54,36
dept_subset,conflict_dept_subset_103,Conflict-belt departments: APURIMAC + AYACUCHO + CUSCO + JUNIN + SAN MARTIN,bounded_department_subset,0,5,de,treat_16,2016,drop_rounding_band,adjacent_categories,p1_mserd,3335,875,101,774,351,524,17,334,84,440,13,56,145,201,34,34,1,1,0,.0107940141424396,-.0291326250974269,.3268429345077384,.928975886177543,-.6697330053339777,.611467755139124,.0011615579941259,.0011615579941259,.0026458513819543,.0026458513819543,54,32
dept_subset,conflict_dept_subset_103,Conflict-belt departments: APURIMAC + AYACUCHO + CUSCO + JUNIN + SAN MARTIN,bounded_department_subset,0,5,de,treat_23,2023,drop_rounding_band,adjacent_categories,p1_mserd,3335,875,449,426,351,524,80,271,369,155,13,56,145,201,34,34,1,1,0,.2349289215516777,.2185909011911349,.7383208260829608,.7671804983661266,-1.228491326967329,1.665673129349599,.001267770427845,.001267770427845,.002869171967159,.002869171967159,54,36
dept_subset,conflict_dept_subset_107,Conflict-belt departments: APURIMAC + AYACUCHO + HUANCAVELICA + JUNIN + SAN MARTIN,bounded_department_subset,0,5,ab,treat_12,2012,drop_rounding_band,adjacent_categories,p1_mserd,3610,1802,951,851,877,925,378,499,573,352,537,773,227,218,0,9,1,1,0,-.0577076588598207,-.1095814735069243,.1672353851096587,.5123049308601294,-.4373568052625413,.2181938582486928,.0221523210556035,.0221523210556035,.0364349718285523,.0364349718285523,165,95
dept_subset,conflict_dept_subset_107,Conflict-belt departments: APURIMAC + AYACUCHO + HUANCAVELICA + JUNIN + SAN MARTIN,bounded_department_subset,0,5,ab,treat_16,2016,drop_rounding_band,adjacent_categories,p1_mserd,3610,1802,1247,555,877,925,472,405,775,150,537,773,227,218,0,9,1,1,0,-.1769198284516029,-.2419414760208416,.1327645174139132,.0684041144585828,-.5021551485769522,.018272196535269,.0166797984341327,.0166797984341327,.0313482440108315,.0313482440108315,120,74
dept_subset,conflict_dept_subset_107,Conflict-belt departments: APURIMAC + AYACUCHO + HUANCAVELICA + JUNIN + SAN MARTIN,bounded_department_subset,0,5,ab,treat_23,2023,drop_rounding_band,adjacent_categories,p1_mserd,3610,1802,1651,151,877,925,780,97,871,54,537,773,227,218,0,9,1,1,0,.0560238761023404,.0693543943040897,.0732606844275326,.3438020764871272,-.0742339086566284,.2129426972648079,.0348902149192083,.0348902149192083,.0485037645520417,.0485037645520417,265,146
dept_subset,conflict_dept_subset_107,Conflict-belt departments: APURIMAC + AYACUCHO + HUANCAVELICA + JUNIN + SAN MARTIN,bounded_department_subset,0,5,bc,treat_12,2012,drop_rounding_band,adjacent_categories,p1_mserd,3610,1670,617,1053,785,885,233,552,384,501,259,538,260,228,0,3,1,1,0,.1296284165564524,.1450709529698565,.1255054494331184,.2477246572935648,-.1009152077825685,.3910571137222815,.0141381521183888,.0141381521183888,.0226875462974546,.0226875462974546,218,164
dept_subset,conflict_dept_subset_107,Conflict-belt departments: APURIMAC + AYACUCHO + HUANCAVELICA + JUNIN + SAN MARTIN,bounded_department_subset,0,5,bc,treat_16,2016,drop_rounding_band,adjacent_categories,p1_mserd,3610,1670,719,951,785,885,240,545,479,406,259,538,260,228,0,3,1,1,0,.2810830059911336,.3189997975675813,.1425903894547987,.0252748390949224,.039527769694636,.5984718254405268,.0113666104593271,.0113666104593271,.0192643352543832,.0192643352543832,171,137
dept_subset,conflict_dept_subset_107,Conflict-belt departments: APURIMAC + AYACUCHO + HUANCAVELICA + JUNIN + SAN MARTIN,bounded_department_subset,0,5,bc,treat_23,2023,drop_rounding_band,adjacent_categories,p1_mserd,3610,1670,1471,199,785,885,684,101,787,98,259,538,260,228,0,3,1,1,0,.0623185801108463,.0859982685415461,.0841459266226638,.3067745359071594,-.078924717084625,.2509212541677173,.014563739667868,.014563739667868,.0253205357729181,.0253205357729181,228,168
dept_subset,conflict_dept_subset_107,Conflict-belt departments: APURIMAC + AYACUCHO + HUANCAVELICA + JUNIN + SAN MARTIN,bounded_department_subset,0,5,cd,treat_12,2012,drop_rounding_band,adjacent_categories,p1_mserd,3610,1411,332,1079,625,786,97,528,235,551,59,259,240,259,4,3,1,1,0,-.1206459104701033,-.1320522012158592,.1797800024792441,.4626312186483574,-.4844145312156993,.2203101287839809,.0030579754344417,.0030579754344417,.0049877732922391,.0049877732922391,111,92
dept_subset,conflict_dept_subset_107,Conflict-belt departments: APURIMAC + AYACUCHO + HUANCAVELICA + JUNIN + SAN MARTIN,bounded_department_subset,0,5,cd,treat_16,2016,drop_rounding_band,adjacent_categories,p1_mserd,3610,1411,347,1064,625,786,105,520,242,544,59,259,240,259,4,3,1,1,0,-.0859465521606271,-.0930114489996048,.1804517092922082,.6062478325541568,-.4466903001610247,.2606674021618151,.0031951972475566,.0031951972475566,.0051751688123994,.0051751688123994,133,99
dept_subset,conflict_dept_subset_107,Conflict-belt departments: APURIMAC + AYACUCHO + HUANCAVELICA + JUNIN + SAN MARTIN,bounded_department_subset,0,5,cd,treat_23,2023,drop_rounding_band,adjacent_categories,p1_mserd,3610,1411,1133,278,625,786,448,177,685,101,59,259,240,259,4,3,1,1,0,.0525624166746776,.054627479827966,.0941710846921089,.5618555359230947,-.1299444545536385,.2391994142095706,.0049757574693464,.0049757574693464,.0079289387735918,.0079289387735918,215,156
dept_subset,conflict_dept_subset_107,Conflict-belt departments: APURIMAC + AYACUCHO + HUANCAVELICA + JUNIN + SAN MARTIN,bounded_department_subset,0,5,de,treat_12,2012,drop_rounding_band,adjacent_categories,p1_mserd,3610,971,113,858,385,586,18,367,95,491,13,59,168,235,40,40,1,1,0,.0108184992964835,-.0272062395902202,.3113204845631888,.9303616647606179,-.637383176983628,.5829706978031877,.0011586284262269,.0011586284262269,.0026823317355974,.0026823317355974,55,35
dept_subset,conflict_dept_subset_107,Conflict-belt departments: APURIMAC + AYACUCHO + HUANCAVELICA + JUNIN + SAN MARTIN,bounded_department_subset,0,5,de,treat_16,2016,drop_rounding_band,adjacent_categories,p1_mserd,3610,971,123,848,385,586,20,365,103,483,13,59,168,235,40,40,1,1,0,.0141025641025638,-.0325030955134209,.3435369977243763,.924622155333234,-.7058232384102168,.640817047383375,.0010733770895575,.0010733770895575,.0024957064418629,.0024957064418629,53,35
dept_subset,conflict_dept_subset_107,Conflict-belt departments: APURIMAC + AYACUCHO + HUANCAVELICA + JUNIN + SAN MARTIN,bounded_department_subset,0,5,de,treat_23,2023,drop_rounding_band,adjacent_categories,p1_mserd,3610,971,523,448,385,586,95,290,428,158,13,59,168,235,40,40,1,1,0,-.0641053114798495,-.0631975329778953,.8308957010828755,.9393717405909224,-1.691723182009489,1.565328116053699,.0012304788739767,.0012304788739767,.0026904373690673,.0026904373690673,55,38
dept_subset,conflict_dept_subset_109,Conflict-belt departments: APURIMAC + CUSCO + HUANCAVELICA + JUNIN + SAN MARTIN,bounded_department_subset,0,5,ab,treat_12,2012,drop_rounding_band,adjacent_categories,p1_mserd,2368,925,444,481,455,470,199,256,245,225,338,413,160,154,0,10,1,1,0,-.0215757819429094,-.0456985936753533,.1983898417743631,.8178217938878086,-.4345355384517048,.3431383511009981,.0383877423542892,.0383877423542892,.0512584040133084,.0512584040133084,139,79
dept_subset,conflict_dept_subset_109,Conflict-belt departments: APURIMAC + CUSCO + HUANCAVELICA + JUNIN + SAN MARTIN,bounded_department_subset,0,5,ab,treat_16,2016,drop_rounding_band,adjacent_categories,p1_mserd,2368,925,606,319,455,470,247,208,359,111,338,413,160,154,0,10,1,1,0,-.0513347884702409,-.0459397574001874,.1497559976578282,.7590229683573637,-.3394561192783954,.2475766044780205,.0462658459954172,.0462658459954172,.0621499445347392,.0621499445347392,189,94
dept_subset,conflict_dept_subset_109,Conflict-belt departments: APURIMAC + CUSCO + HUANCAVELICA + JUNIN + SAN MARTIN,bounded_department_subset,0,5,ab,treat_23,2023,drop_rounding_band,adjacent_categories,p1_mserd,2368,925,835,90,455,470,400,55,435,35,338,413,160,154,0,10,1,1,0,.1016264742568613,.1352297110355136,.0845534257706093,.1097449841319601,-.0304919582443615,.3009513803153887,.0380807488934319,.0380807488934319,.0568115801531606,.0568115801531606,139,79
dept_subset,conflict_dept_subset_109,Conflict-belt departments: APURIMAC + CUSCO + HUANCAVELICA + JUNIN + SAN MARTIN,bounded_department_subset,0,5,bc,treat_12,2012,drop_rounding_band,adjacent_categories,p1_mserd,2368,1031,369,662,567,464,163,404,206,258,217,339,193,161,0,2,1,1,0,.1675497454709214,.2186495084989446,.1632967914254918,.180580432134427,-.1014063214859683,.5387053384838576,.0120101837495445,.0120101837495445,.0194999537847983,.0194999537847983,114,90
dept_subset,conflict_dept_subset_109,Conflict-belt departments: APURIMAC + CUSCO + HUANCAVELICA + JUNIN + SAN MARTIN,bounded_department_subset,0,5,bc,treat_16,2016,drop_rounding_band,adjacent_categories,p1_mserd,2368,1031,423,608,567,464,168,399,255,209,217,339,193,161,0,2,1,1,0,.4147656428970703,.4984873249510487,.1738851254577904,.0041469433145658,.1576787416065507,.8392959082955469,.0091786620222564,.0091786620222564,.0168936604043523,.0168936604043523,95,72
dept_subset,conflict_dept_subset_109,Conflict-belt departments: APURIMAC + CUSCO + HUANCAVELICA + JUNIN + SAN MARTIN,bounded_department_subset,0,5,bc,treat_23,2023,drop_rounding_band,adjacent_categories,p1_mserd,2368,1031,891,140,567,464,483,84,408,56,217,339,193,161,0,2,1,1,0,.0267573416568476,.0378061442374422,.1184371706660834,.7495684588933053,-.1943264446989049,.2699387331737894,.0151266259616019,.0151266259616019,.0240559018001833,.0240559018001833,147,108
dept_subset,conflict_dept_subset_109,Conflict-belt departments: APURIMAC + CUSCO + HUANCAVELICA + JUNIN + SAN MARTIN,bounded_department_subset,0,5,cd,treat_12,2012,drop_rounding_band,adjacent_categories,p1_mserd,2368,1094,249,845,525,569,84,441,165,404,58,217,193,193,2,1,1,1,0,-.2041392840723891,-.2313307931258036,.1938258898476422,.2326744328438077,-.6112225564986098,.1485609702470027,.0030108559469271,.0030108559469271,.0050867891317586,.0050867891317586,93,75
dept_subset,conflict_dept_subset_109,Conflict-belt departments: APURIMAC + CUSCO + HUANCAVELICA + JUNIN + SAN MARTIN,bounded_department_subset,0,5,cd,treat_16,2016,drop_rounding_band,adjacent_categories,p1_mserd,2368,1094,260,834,525,569,90,435,170,399,58,217,193,193,2,1,1,1,0,-.2193217886336593,-.2482597624325399,.1846538872627298,.1787996878311456,-.6101747310728096,.1136552062077299,.0032610746622863,.0032610746622863,.0053798698575711,.0053798698575711,109,82
dept_subset,conflict_dept_subset_109,Conflict-belt departments: APURIMAC + CUSCO + HUANCAVELICA + JUNIN + SAN MARTIN,bounded_department_subset,0,5,cd,treat_23,2023,drop_rounding_band,adjacent_categories,p1_mserd,2368,1094,859,235,525,569,375,150,484,85,58,217,193,193,2,1,1,1,0,.0705705423991629,.0848504827344716,.1294049573007783,.5120188983588438,-.1687785729959974,.3384795384649406,.0041950492747886,.0041950492747886,.0066688976742547,.0066688976742547,146,105
dept_subset,conflict_dept_subset_109,Conflict-belt departments: APURIMAC + CUSCO + HUANCAVELICA + JUNIN + SAN MARTIN,bounded_department_subset,0,5,de,treat_12,2012,drop_rounding_band,adjacent_categories,p1_mserd,2368,827,99,728,338,489,17,321,82,407,12,58,140,189,37,37,1,1,0,-.0020343034814643,-.0847966045193485,.1378577778598416,.5384873151658373,-.3549928841133612,.1853996750746643,.0013773866381169,.0013773866381169,.0029702926318778,.0029702926318778,44,35
dept_subset,conflict_dept_subset_109,Conflict-belt departments: APURIMAC + CUSCO + HUANCAVELICA + JUNIN + SAN MARTIN,bounded_department_subset,0,5,de,treat_16,2016,drop_rounding_band,adjacent_categories,p1_mserd,2368,827,107,720,338,489,19,319,88,401,12,58,140,189,37,37,1,1,0,.0172528263145988,-.0338939052471958,.361778827273787,.9253579461011778,-.7429673770729551,.6751795665785635,.0011254462027256,.0011254462027256,.0027686127288398,.0027686127288398,44,30
dept_subset,conflict_dept_subset_109,Conflict-belt departments: APURIMAC + CUSCO + HUANCAVELICA + JUNIN + SAN MARTIN,bounded_department_subset,0,5,de,treat_23,2023,drop_rounding_band,adjacent_categories,p1_mserd,2368,827,429,398,338,489,72,266,357,132,12,58,140,189,37,37,1,1,0,.0665360816311953,.1081727883841204,.8195329146026284,.8949896543976872,-1.498082208382171,1.714427785150411,.0012255382241353,.0012255382241353,.0026744251697535,.0026744251697535,44,35
dept_subset,conflict_dept_subset_110,Conflict-belt departments: AYACUCHO + CUSCO + HUANCAVELICA + JUNIN + SAN MARTIN,bounded_department_subset,0,5,ab,treat_12,2012,drop_rounding_band,adjacent_categories,p1_mserd,3270,1574,829,745,794,780,337,457,492,288,504,659,188,175,0,9,1,1,0,-.0942063549623926,-.1413291883089706,.1719697147031009,.411175915517479,-.4783836355586764,.1957252589407352,.0232651052621096,.0232651052621096,.0371383481260071,.0371383481260071,159,92
dept_subset,conflict_dept_subset_110,Conflict-belt departments: AYACUCHO + CUSCO + HUANCAVELICA + JUNIN + SAN MARTIN,bounded_department_subset,0,5,ab,treat_16,2016,drop_rounding_band,adjacent_categories,p1_mserd,3270,1574,1060,514,794,780,415,379,645,135,504,659,188,175,0,9,1,1,0,-.1312077340786932,-.1946505711186857,.1392184898432472,.1620631981876705,-.4675137971935055,.0782126549561342,.0178459975073333,.0178459975073333,.0325477316471111,.0325477316471111,116,73
dept_subset,conflict_dept_subset_110,Conflict-belt departments: AYACUCHO + CUSCO + HUANCAVELICA + JUNIN + SAN MARTIN,bounded_department_subset,0,5,ab,treat_23,2023,drop_rounding_band,adjacent_categories,p1_mserd,3270,1574,1418,156,794,780,698,96,720,60,504,659,188,175,0,9,1,1,0,.0580226654695912,.0765557518889819,.0832483991351587,.3577785359622123,-.0866081121865446,.2397196159645084,.0355539877050467,.0355539877050467,.051616342892502,.051616342892502,240,136
dept_subset,conflict_dept_subset_110,Conflict-belt departments: AYACUCHO + CUSCO + HUANCAVELICA + JUNIN + SAN MARTIN,bounded_department_subset,0,5,bc,treat_12,2012,drop_rounding_band,adjacent_categories,p1_mserd,3270,1520,552,968,717,803,208,509,344,459,248,505,224,189,0,4,1,1,0,-.0232053616600577,-.0421692895012528,.1224304029918769,.7305193329337993,-.2821284699780564,.1977898909755508,.0148104877639971,.0148104877639971,.0243429217509348,.0243429217509348,211,163
dept_subset,conflict_dept_subset_110,Conflict-belt departments: AYACUCHO + CUSCO + HUANCAVELICA + JUNIN + SAN MARTIN,bounded_department_subset,0,5,bc,treat_16,2016,drop_rounding_band,adjacent_categories,p1_mserd,3270,1520,639,881,717,803,216,501,423,380,248,505,224,189,0,4,1,1,0,.1511900881084889,.1649906935928673,.1378449915044813,.231334156832203,-.1051805252051457,.4351619123908804,.0138826445067031,.0138826445067031,.0220737923445564,.0220737923445564,188,152
dept_subset,conflict_dept_subset_110,Conflict-belt departments: AYACUCHO + CUSCO + HUANCAVELICA + JUNIN + SAN MARTIN,bounded_department_subset,0,5,bc,treat_23,2023,drop_rounding_band,adjacent_categories,p1_mserd,3270,1520,1331,189,717,803,625,92,706,97,248,505,224,189,0,4,1,1,0,-.031080687065222,-.0140280493641889,.0961070220714545,.8839507607102041,-.2023943512856358,.174338252557258,.0161641765994649,.0161641765994649,.0266442135647839,.0266442135647839,226,180
dept_subset,conflict_dept_subset_110,Conflict-belt departments: AYACUCHO + CUSCO + HUANCAVELICA + JUNIN + SAN MARTIN,bounded_department_subset,0,5,cd,treat_12,2012,drop_rounding_band,adjacent_categories,p1_mserd,3270,1306,294,1012,586,720,84,502,210,510,58,248,214,225,3,2,1,1,0,-.0907433399245411,-.0958975891164259,.1913092706744775,.6161811487095264,-.4708568695470265,.2790616913141746,.0030887833200885,.0030887833200885,.0051208714239837,.0051208714239837,97,91
dept_subset,conflict_dept_subset_110,Conflict-belt departments: AYACUCHO + CUSCO + HUANCAVELICA + JUNIN + SAN MARTIN,bounded_department_subset,0,5,cd,treat_16,2016,drop_rounding_band,adjacent_categories,p1_mserd,3270,1306,310,996,586,720,92,494,218,502,58,248,214,225,3,2,1,1,0,-.0496340072981277,-.050329265850689,.1892030128790795,.7902340621883921,-.4211603568601527,.3205018251587747,.0032898116949216,.0032898116949216,.0053884866869551,.0053884866869551,117,94
dept_subset,conflict_dept_subset_110,Conflict-belt departments: AYACUCHO + CUSCO + HUANCAVELICA + JUNIN + SAN MARTIN,bounded_department_subset,0,5,cd,treat_23,2023,drop_rounding_band,adjacent_categories,p1_mserd,3270,1306,1048,258,586,720,421,165,627,93,58,248,214,225,3,2,1,1,0,.1756702339558323,.2054617985318159,.1053704773489893,.0511881469105294,-.0010605421059967,.4119841391696284,.0033837380067239,.0033837380067239,.0057822358570598,.0057822358570598,119,98
dept_subset,conflict_dept_subset_110,Conflict-belt departments: AYACUCHO + CUSCO + HUANCAVELICA + JUNIN + SAN MARTIN,bounded_department_subset,0,5,de,treat_12,2012,drop_rounding_band,adjacent_categories,p1_mserd,3270,928,98,830,379,549,16,363,82,467,13,58,159,209,38,38,1,1,0,.0073333333333335,-.0339494118493413,.3170552611773572,.9147276792824819,-.6553663048659017,.5874674811672191,.0011084417406263,.0011084417406263,.0027453606947411,.0027453606947411,51,33
dept_subset,conflict_dept_subset_110,Conflict-belt departments: AYACUCHO + CUSCO + HUANCAVELICA + JUNIN + SAN MARTIN,bounded_department_subset,0,5,de,treat_16,2016,drop_rounding_band,adjacent_categories,p1_mserd,3270,928,108,820,379,549,18,361,90,459,13,58,159,209,38,38,1,1,0,.0073333333333333,-.0436080272675544,.3573898963267748,.9028847032449343,-.7440793525065367,.6568632979714278,.0010420185361025,.0010420185361025,.0025743304790531,.0025743304790531,51,33
dept_subset,conflict_dept_subset_110,Conflict-belt departments: AYACUCHO + CUSCO + HUANCAVELICA + JUNIN + SAN MARTIN,bounded_department_subset,0,5,de,treat_23,2023,drop_rounding_band,adjacent_categories,p1_mserd,3270,928,493,435,379,549,92,287,401,148,13,58,159,209,38,38,1,1,0,.1267021505901766,.1577951323851892,.7242613586992144,.8275300685126614,-1.261731046059316,1.577321310829694,.001264565383675,.001264565383675,.0027779903437573,.0027779903437573,53,37
dept_subset,conflict_dept_subset_115,Conflict-belt departments: APURIMAC + AYACUCHO + HUANUCO + JUNIN + SAN MARTIN,bounded_department_subset,0,5,ab,treat_12,2012,drop_rounding_band,adjacent_categories,p1_mserd,4047,1960,979,981,954,1006,390,564,589,417,566,839,232,222,0,4,1,1,0,-.0327613117163345,-.0817337231327904,.1622612350429711,.6144603444344269,-.3997598999040021,.2362924536384214,.0229303174818658,.0229303174818658,.037414040367421,.037414040367421,184,114
dept_subset,conflict_dept_subset_115,Conflict-belt departments: APURIMAC + AYACUCHO + HUANUCO + JUNIN + SAN MARTIN,bounded_department_subset,0,5,ab,treat_16,2016,drop_rounding_band,adjacent_categories,p1_mserd,4047,1960,1292,668,954,1006,483,471,809,197,566,839,232,222,0,4,1,1,0,-.2373120084930915,-.2959108081238235,.1577897606581836,.0607447802081094,-.6051730561430584,.0133514398954113,.0172118014685905,.0172118014685905,.0302985705446297,.0302985705446297,133,86
dept_subset,conflict_dept_subset_115,Conflict-belt departments: APURIMAC + AYACUCHO + HUANUCO + JUNIN + SAN MARTIN,bounded_department_subset,0,5,ab,treat_23,2023,drop_rounding_band,adjacent_categories,p1_mserd,4047,1960,1764,196,954,1006,832,122,932,74,566,839,232,222,0,4,1,1,0,.0207372607632188,.0305400583099258,.0749402067747649,.6836219411462696,-.1163400479625979,.1774201645824495,.041596714341057,.041596714341057,.0559564072257904,.0559564072257904,349,200
dept_subset,conflict_dept_subset_115,Conflict-belt departments: APURIMAC + AYACUCHO + HUANUCO + JUNIN + SAN MARTIN,bounded_department_subset,0,5,bc,treat_12,2012,drop_rounding_band,adjacent_categories,p1_mserd,4047,1831,669,1162,874,957,277,597,392,565,282,567,274,232,0,4,1,1,0,.0308237450986971,.0389985494988256,.1416569254210288,.7830836064678202,-.2386439224870672,.3166410214847185,.0110916667593484,.0110916667593484,.017773276290949,.017773276290949,182,166
dept_subset,conflict_dept_subset_115,Conflict-belt departments: APURIMAC + AYACUCHO + HUANUCO + JUNIN + SAN MARTIN,bounded_department_subset,0,5,bc,treat_16,2016,drop_rounding_band,adjacent_categories,p1_mserd,4047,1831,769,1062,874,957,284,590,485,472,282,567,274,232,0,4,1,1,0,.1502355902639524,.1561366004297736,.1401177854620589,.2651402473477998,-.1184892126693717,.430762413528919,.0117272253128708,.0117272253128708,.0184934674549179,.0184934674549179,198,169
dept_subset,conflict_dept_subset_115,Conflict-belt departments: APURIMAC + AYACUCHO + HUANUCO + JUNIN + SAN MARTIN,bounded_department_subset,0,5,bc,treat_23,2023,drop_rounding_band,adjacent_categories,p1_mserd,4047,1831,1586,245,874,957,752,122,834,123,282,567,274,232,0,4,1,1,0,.067077311848549,.083468816627428,.0855240723225198,.3290799815229121,-.0841552849359097,.2510929181907657,.015704821094503,.015704821094503,.0263367579277114,.0263367579277114,280,228
dept_subset,conflict_dept_subset_115,Conflict-belt departments: APURIMAC + AYACUCHO + HUANUCO + JUNIN + SAN MARTIN,bounded_department_subset,0,5,cd,treat_12,2012,drop_rounding_band,adjacent_categories,p1_mserd,4047,1626,390,1236,751,875,112,639,278,597,58,282,255,273,3,3,1,1,0,.0052531133502223,.0055418138801198,.1565699794404665,.971764672542006,-.3013297068833712,.3124133346436109,.0033765509105774,.0033765509105774,.0052441556388144,.0052441556388144,156,121
dept_subset,conflict_dept_subset_115,Conflict-belt departments: APURIMAC + AYACUCHO + HUANUCO + JUNIN + SAN MARTIN,bounded_department_subset,0,5,cd,treat_16,2016,drop_rounding_band,adjacent_categories,p1_mserd,4047,1626,405,1221,751,875,120,631,285,590,58,282,255,273,3,3,1,1,0,.0701108277358545,.0774161235972138,.1557673752926322,.6191902370967367,-.2278823219426796,.3827145691371072,.0037371345916889,.0037371345916889,.0056264918512608,.0056264918512608,189,138
dept_subset,conflict_dept_subset_115,Conflict-belt departments: APURIMAC + AYACUCHO + HUANUCO + JUNIN + SAN MARTIN,bounded_department_subset,0,5,cd,treat_23,2023,drop_rounding_band,adjacent_categories,p1_mserd,4047,1626,1275,351,751,875,522,229,753,122,58,282,255,273,3,3,1,1,0,.0868904617206323,.0992132146800881,.0916341307240286,.2789370428175152,-.0803863812936431,.2788128106538194,.0052869054451388,.0052869054451388,.0082653637669053,.0082653637669053,258,196
dept_subset,conflict_dept_subset_115,Conflict-belt departments: APURIMAC + AYACUCHO + HUANUCO + JUNIN + SAN MARTIN,bounded_department_subset,0,5,de,treat_12,2012,drop_rounding_band,adjacent_categories,p1_mserd,4047,1159,125,1034,454,705,16,438,109,596,13,57,175,250,46,46,1,1,0,-.1072691195466191,-.1586202035700912,.0905542029504711,.0798322347959138,-.3361031800017453,.0188627728615628,.0016928771567599,.0016928771567599,.0030479291309622,.0030479291309622,73,95
dept_subset,conflict_dept_subset_115,Conflict-belt departments: APURIMAC + AYACUCHO + HUANUCO + JUNIN + SAN MARTIN,bounded_department_subset,0,5,de,treat_16,2016,drop_rounding_band,adjacent_categories,p1_mserd,4047,1159,135,1024,454,705,18,436,117,588,13,57,175,250,46,46,1,1,0,-.0593251372167584,-.1361656109234091,.095283979516857,.1529897423318056,-.322918779080101,.0505875572332829,.0014171890372924,.0014171890372924,.0028330047900665,.0028330047900665,69,95
dept_subset,conflict_dept_subset_115,Conflict-belt departments: APURIMAC + AYACUCHO + HUANUCO + JUNIN + SAN MARTIN,bounded_department_subset,0,5,de,treat_23,2023,drop_rounding_band,adjacent_categories,p1_mserd,4047,1159,607,552,454,705,105,349,502,203,13,57,175,250,46,46,1,1,0,.6045512206483856,.612905873723971,.9152504145241074,.5030750569356782,-1.180951975578634,2.406763723026576,.0011735496566798,.0011735496566798,.0027056509513741,.0027056509513741,69,50
dept_subset,conflict_dept_subset_117,Conflict-belt departments: APURIMAC + CUSCO + HUANUCO + JUNIN + SAN MARTIN,bounded_department_subset,0,5,ab,treat_12,2012,drop_rounding_band,adjacent_categories,p1_mserd,2805,1083,472,611,532,551,211,321,261,290,382,494,165,158,0,5,1,1,0,.0498933619819633,.0373320432240922,.1611812840927633,.8168368626833237,-.2785774685796425,.3532415550278269,.0425574186140068,.0425574186140068,.0598913018303761,.0598913018303761,186,113
dept_subset,conflict_dept_subset_117,Conflict-belt departments: APURIMAC + CUSCO + HUANUCO + JUNIN + SAN MARTIN,bounded_department_subset,0,5,ab,treat_16,2016,drop_rounding_band,adjacent_categories,p1_mserd,2805,1083,651,432,532,551,258,274,393,158,382,494,165,158,0,5,1,1,0,-.1743193668791299,-.2148498773960248,.1699683609287291,.2062091867496537,-.5479817433276386,.118281988535589,.0343350179510664,.0343350179510664,.0524468702945949,.0524468702945949,138,87
dept_subset,conflict_dept_subset_117,Conflict-belt departments: APURIMAC + CUSCO + HUANUCO + JUNIN + SAN MARTIN,bounded_department_subset,0,5,ab,treat_23,2023,drop_rounding_band,adjacent_categories,p1_mserd,2805,1083,948,135,532,551,452,80,496,55,382,494,165,158,0,5,1,1,0,.0440987590443465,.0639345782549814,.0930870231273134,.4921924477014283,-.1185126345025998,.2463817910125626,.0475332731430033,.0475332731430033,.0597281481748051,.0597281481748051,216,125
dept_subset,conflict_dept_subset_117,Conflict-belt departments: APURIMAC + CUSCO + HUANUCO + JUNIN + SAN MARTIN,bounded_department_subset,0,5,bc,treat_12,2012,drop_rounding_band,adjacent_categories,p1_mserd,2805,1192,421,771,656,536,207,449,214,322,246,383,207,165,0,3,1,1,0,-.0046474399901664,.0086330829902557,.1690179103022558,.9592634317741973,-.3226359339443869,.3399020999248983,.0112730850588179,.0112730850588179,.0176493103885104,.0176493103885104,122,119
dept_subset,conflict_dept_subset_117,Conflict-belt departments: APURIMAC + CUSCO + HUANUCO + JUNIN + SAN MARTIN,bounded_department_subset,0,5,bc,treat_16,2016,drop_rounding_band,adjacent_categories,p1_mserd,2805,1192,473,719,656,536,212,444,261,275,246,383,207,165,0,3,1,1,0,.1125723000367272,.1341144518762009,.167994381942805,.4246807504127239,-.1951484863367628,.4633773900891645,.0114642209722319,.0114642209722319,.0180421314835919,.0180421314835919,130,120
dept_subset,conflict_dept_subset_117,Conflict-belt departments: APURIMAC + CUSCO + HUANUCO + JUNIN + SAN MARTIN,bounded_department_subset,0,5,bc,treat_23,2023,drop_rounding_band,adjacent_categories,p1_mserd,2805,1192,1006,186,656,536,551,105,455,81,246,383,207,165,0,3,1,1,0,.0722710830622313,.0702706127475119,.1210311118627212,.5615103552321408,-.1669460075122602,.307487233007284,.0143029008699019,.0143029008699019,.0233117105158441,.0233117105158441,164,135
dept_subset,conflict_dept_subset_117,Conflict-belt departments: APURIMAC + CUSCO + HUANUCO + JUNIN + SAN MARTIN,bounded_department_subset,0,5,cd,treat_12,2012,drop_rounding_band,adjacent_categories,p1_mserd,2805,1309,307,1002,651,658,99,552,208,450,57,246,208,207,1,1,1,1,0,-.0390618282958161,-.0609057554844695,.1609809176018424,.7051769493401929,-.3764225561822907,.2546110452133517,.0035896047468048,.0035896047468048,.0055554629341898,.0055554629341898,149,115
dept_subset,conflict_dept_subset_117,Conflict-belt departments: APURIMAC + CUSCO + HUANUCO + JUNIN + SAN MARTIN,bounded_department_subset,0,5,cd,treat_16,2016,drop_rounding_band,adjacent_categories,p1_mserd,2805,1309,318,991,651,658,105,546,213,445,57,246,208,207,1,1,1,1,0,-.008828570627911,-.0211065372460524,.1610115157495642,.8957063833090904,-.3366833092114018,.294470234719297,.0040331163459262,.0040331163459262,.0060275822121643,.0060275822121643,164,125
dept_subset,conflict_dept_subset_117,Conflict-belt departments: APURIMAC + CUSCO + HUANUCO + JUNIN + SAN MARTIN,bounded_department_subset,0,5,cd,treat_23,2023,drop_rounding_band,adjacent_categories,p1_mserd,2805,1309,1001,308,651,658,449,202,552,106,57,246,208,207,1,1,1,1,0,.1041833544668327,.1260634661015445,.1160654141788222,.2774163826191942,-.1014205655396716,.3535474977427606,.0044788964548396,.0044788964548396,.007180330368603,.007180330368603,186,140
dept_subset,conflict_dept_subset_117,Conflict-belt departments: APURIMAC + CUSCO + HUANUCO + JUNIN + SAN MARTIN,bounded_department_subset,0,5,de,treat_12,2012,drop_rounding_band,adjacent_categories,p1_mserd,2805,1015,111,904,407,608,15,392,96,512,12,56,147,204,43,43,1,1,0,-.1063950585603121,-.1439443343972798,.1037612553058973,.1653610403332756,-.3473126577875041,.0594239889929444,.001842032035596,.001842032035596,.0034168432757298,.0034168432757298,109,84
dept_subset,conflict_dept_subset_117,Conflict-belt departments: APURIMAC + CUSCO + HUANUCO + JUNIN + SAN MARTIN,bounded_department_subset,0,5,de,treat_16,2016,drop_rounding_band,adjacent_categories,p1_mserd,2805,1015,119,896,407,608,17,390,102,506,12,56,147,204,43,43,1,1,0,-.1225755238519949,-.1745656555531674,.1066478662001942,.1016635874737086,-.3835916323335946,.0344603212272598,.0016540785217605,.0016540785217605,.0029976867795409,.0029976867795409,62,84
dept_subset,conflict_dept_subset_117,Conflict-belt departments: APURIMAC + CUSCO + HUANUCO + JUNIN + SAN MARTIN,bounded_department_subset,0,5,de,treat_23,2023,drop_rounding_band,adjacent_categories,p1_mserd,2805,1015,513,502,407,608,82,325,431,177,12,56,147,204,43,43,1,1,0,.6291406019687145,.6547854603895864,.9112426765827467,.4724100898223476,-1.131217366888477,2.44078828766765,.0011644321159041,.0011644321159041,.0026461601061958,.0026461601061958,58,45
dept_subset,conflict_dept_subset_118,Conflict-belt departments: AYACUCHO + CUSCO + HUANUCO + JUNIN + SAN MARTIN,bounded_department_subset,0,5,ab,treat_12,2012,drop_rounding_band,adjacent_categories,p1_mserd,3707,1732,857,875,871,861,349,522,508,353,532,729,193,179,0,4,1,1,0,-.0455256142039642,-.0908531106133486,.158675892860186,.5669356439439555,-.4018521458340493,.2201459246073522,.0253294849065293,.0253294849065293,.0398410372204771,.0398410372204771,179,123
dept_subset,conflict_dept_subset_118,Conflict-belt departments: AYACUCHO + CUSCO + HUANUCO + JUNIN + SAN MARTIN,bounded_department_subset,0,5,ab,treat_16,2016,drop_rounding_band,adjacent_categories,p1_mserd,3707,1732,1105,627,871,861,426,445,679,182,532,729,193,179,0,4,1,1,0,-.2029155296351242,-.2579719533687261,.1633437691400235,.114262856482053,-.5781198579821973,.062175951244745,.0179867400214148,.0179867400214148,.0307490069242118,.0307490069242118,131,86
dept_subset,conflict_dept_subset_118,Conflict-belt departments: AYACUCHO + CUSCO + HUANUCO + JUNIN + SAN MARTIN,bounded_department_subset,0,5,ab,treat_23,2023,drop_rounding_band,adjacent_categories,p1_mserd,3707,1732,1531,201,871,861,750,121,781,80,532,729,193,179,0,4,1,1,0,.0267383649151374,.0357387925482504,.0803725069705561,.6565623003401816,-.121788426461234,.1932660115577348,.0439970380825612,.0439970380825612,.0577974954646323,.0577974954646323,329,194
dept_subset,conflict_dept_subset_118,Conflict-belt departments: AYACUCHO + CUSCO + HUANUCO + JUNIN + SAN MARTIN,bounded_department_subset,0,5,bc,treat_12,2012,drop_rounding_band,adjacent_categories,p1_mserd,3707,1681,604,1077,806,875,252,554,352,523,272,533,238,193,0,5,1,1,0,-.1336605489432756,-.1607503200563291,.1589742336385233,.3119340354954465,-.4723340924576906,.1508334523450325,.0094947557129119,.0094947557129119,.0162606266822662,.0162606266822662,144,133
dept_subset,conflict_dept_subset_118,Conflict-belt departments: AYACUCHO + CUSCO + HUANUCO + JUNIN + SAN MARTIN,bounded_department_subset,0,5,bc,treat_16,2016,drop_rounding_band,adjacent_categories,p1_mserd,3707,1681,689,992,806,875,260,546,429,446,272,533,238,193,0,5,1,1,0,.0048339153558559,-.0221746022127604,.1602203528033286,.889923777210983,-.3362007232975855,.2918515188720648,.0100935160353112,.0100935160353112,.0168727845270649,.0168727845270649,150,143
dept_subset,conflict_dept_subset_118,Conflict-belt departments: AYACUCHO + CUSCO + HUANUCO + JUNIN + SAN MARTIN,bounded_department_subset,0,5,bc,treat_23,2023,drop_rounding_band,adjacent_categories,p1_mserd,3707,1681,1446,235,806,875,693,113,753,122,272,533,238,193,0,5,1,1,0,-.001723454083588,.0015267992123651,.0997406008796267,.9877866993618986,-.1939611863080873,.1970147847328174,.0147884553391268,.0147884553391268,.0236891680534515,.0236891680534515,238,203
dept_subset,conflict_dept_subset_118,Conflict-belt departments: AYACUCHO + CUSCO + HUANUCO + JUNIN + SAN MARTIN,bounded_department_subset,0,5,cd,treat_12,2012,drop_rounding_band,adjacent_categories,p1_mserd,3707,1521,352,1169,712,809,99,613,253,556,57,272,229,239,2,2,1,1,0,.0411871914584289,.0402985988535923,.1613426735582354,.8027650328002025,-.2759272304899519,.3565244281971365,.0034630709908772,.0034630709908772,.0054201314473635,.0054201314473635,141,115
dept_subset,conflict_dept_subset_118,Conflict-belt departments: AYACUCHO + CUSCO + HUANUCO + JUNIN + SAN MARTIN,bounded_department_subset,0,5,cd,treat_16,2016,drop_rounding_band,adjacent_categories,p1_mserd,3707,1521,368,1153,712,809,107,605,261,548,57,272,229,239,2,2,1,1,0,.1128179907441269,.1269404790790233,.1626660630442334,.4351703590822713,-.1918791459945959,.4457601041526426,.0037634624496126,.0037634624496126,.0057990805168146,.0057990805168146,172,131
dept_subset,conflict_dept_subset_118,Conflict-belt departments: AYACUCHO + CUSCO + HUANUCO + JUNIN + SAN MARTIN,bounded_department_subset,0,5,cd,treat_23,2023,drop_rounding_band,adjacent_categories,p1_mserd,3707,1521,1190,331,712,809,495,217,695,114,57,272,229,239,2,2,1,1,0,.2048621991544759,.2397582318347822,.0976940529706189,.0141208526979419,.0482814065086209,.4312350571609434,.0033625404002394,.0033625404002394,.0056249250594291,.0056249250594291,140,112
dept_subset,conflict_dept_subset_118,Conflict-belt departments: AYACUCHO + CUSCO + HUANUCO + JUNIN + SAN MARTIN,bounded_department_subset,0,5,de,treat_12,2012,drop_rounding_band,adjacent_categories,p1_mserd,3707,1116,110,1006,448,668,14,434,96,572,13,56,166,224,44,44,1,1,0,-.0903251904692528,-.140078508604682,.0830898577586124,.0918212816566933,-.3029316372921181,.0227746200827542,.0016989473327917,.0016989473327917,.0034508880014993,.0034508880014993,70,92
dept_subset,conflict_dept_subset_118,Conflict-belt departments: AYACUCHO + CUSCO + HUANUCO + JUNIN + SAN MARTIN,bounded_department_subset,0,5,de,treat_16,2016,drop_rounding_band,adjacent_categories,p1_mserd,3707,1116,120,996,448,668,16,432,104,564,13,56,166,224,44,44,1,1,0,.0026090946617867,-.0367695838390474,.0960636149812572,.7018956029066548,-.2250508094270337,.151511641748939,.0013630896043365,.0013630896043365,.0028799160842051,.0028799160842051,67,51
dept_subset,conflict_dept_subset_118,Conflict-belt departments: AYACUCHO + CUSCO + HUANUCO + JUNIN + SAN MARTIN,bounded_department_subset,0,5,de,treat_23,2023,drop_rounding_band,adjacent_categories,p1_mserd,3707,1116,577,539,448,668,102,346,475,193,13,56,166,224,44,44,1,1,0,.636686754578502,.6637479291959281,.8084811786958355,.4116569198542104,-.9208460632264006,2.248341921618257,.0012254423728837,.0012254423728837,.0028458311741159,.0028458311741159,67,51
dept_subset,conflict_dept_subset_121,Conflict-belt departments: APURIMAC + HUANCAVELICA + HUANUCO + JUNIN + SAN MARTIN,bounded_department_subset,0,5,ab,treat_12,2012,drop_rounding_band,adjacent_categories,p1_mserd,3080,1153,566,587,569,584,255,314,311,273,396,517,193,177,0,9,1,1,0,.0310604783791006,-.0063399113867243,.1949654684482443,.9740588623687176,-.3884652077742632,.3757853850008147,.0326150779843453,.0326150779843453,.0475176630984798,.0475176630984798,131,85
dept_subset,conflict_dept_subset_121,Conflict-belt departments: APURIMAC + HUANCAVELICA + HUANUCO + JUNIN + SAN MARTIN,bounded_department_subset,0,5,ab,treat_16,2016,drop_rounding_band,adjacent_categories,p1_mserd,3080,1153,756,397,569,584,309,260,447,137,396,517,193,177,0,9,1,1,0,-.1226788741390703,-.1667391858957292,.1785266959832829,.3503176124621153,-.5166450803018952,.1831667085104367,.0338215979042085,.0338215979042085,.0517361178673191,.0517361178673191,140,87
dept_subset,conflict_dept_subset_121,Conflict-belt departments: APURIMAC + HUANCAVELICA + HUANUCO + JUNIN + SAN MARTIN,bounded_department_subset,0,5,ab,treat_23,2023,drop_rounding_band,adjacent_categories,p1_mserd,3080,1153,1037,116,569,584,498,71,539,45,396,517,193,177,0,9,1,1,0,.0112222221347729,.0388640650538059,.0830650256745743,.6398738432745366,-.1239403936432546,.2016685237508664,.0504100547780535,.0504100547780535,.0678766575318077,.0678766575318077,238,138
dept_subset,conflict_dept_subset_121,Conflict-belt departments: APURIMAC + HUANCAVELICA + HUANUCO + JUNIN + SAN MARTIN,bounded_department_subset,0,5,bc,treat_12,2012,drop_rounding_band,adjacent_categories,p1_mserd,3080,1333,509,824,756,577,248,508,261,316,258,397,246,194,0,2,1,1,0,.0256231221009038,.0131857974501089,.1279712758977029,.9179334746340155,-.2376332943650274,.2640048892652453,.0165259299262353,.0165259299262353,.0255329814308915,.0255329814308915,234,166
dept_subset,conflict_dept_subset_121,Conflict-belt departments: APURIMAC + HUANCAVELICA + HUANUCO + JUNIN + SAN MARTIN,bounded_department_subset,0,5,bc,treat_16,2016,drop_rounding_band,adjacent_categories,p1_mserd,3080,1333,569,764,756,577,253,503,316,261,258,397,246,194,0,2,1,1,0,.1258885149763919,.1313783716523756,.1236257495049896,.2879132959323603,-.1109236449391744,.3736803882439257,.0173683245379649,.0173683245379649,.0264761209669658,.0264761209669658,250,172
dept_subset,conflict_dept_subset_121,Conflict-belt departments: APURIMAC + HUANCAVELICA + HUANUCO + JUNIN + SAN MARTIN,bounded_department_subset,0,5,bc,treat_23,2023,drop_rounding_band,adjacent_categories,p1_mserd,3080,1333,1159,174,756,577,654,102,505,72,258,397,246,194,0,2,1,1,0,.0690312450624011,.0722397457645267,.0947231288333781,.4456775002776664,-.1134141752518418,.2578936667808953,.0163172233657331,.0163172233657331,.0265699208125178,.0265699208125178,229,166
dept_subset,conflict_dept_subset_121,Conflict-belt departments: APURIMAC + HUANCAVELICA + HUANUCO + JUNIN + SAN MARTIN,bounded_department_subset,0,5,cd,treat_12,2012,drop_rounding_band,adjacent_categories,p1_mserd,3080,1476,367,1109,718,758,117,601,250,508,59,258,242,245,2,1,1,1,0,-.106436209704327,-.1323899760424683,.1516551835031114,.3826810453798044,-.4296286737773795,.1648487216924429,.0033760323939004,.0033760323939004,.0054144223206149,.0054144223206149,149,118
dept_subset,conflict_dept_subset_121,Conflict-belt departments: APURIMAC + HUANCAVELICA + HUANUCO + JUNIN + SAN MARTIN,bounded_department_subset,0,5,cd,treat_16,2016,drop_rounding_band,adjacent_categories,p1_mserd,3080,1476,379,1097,718,758,124,594,255,503,59,258,242,245,2,1,1,1,0,-.0706018837756044,-.0904831734531294,.1501917334273007,.5468739110001002,-.3848535617462793,.2038872148400205,.0038188012614068,.0038188012614068,.0057632930277351,.0057632930277351,179,136
dept_subset,conflict_dept_subset_121,Conflict-belt departments: APURIMAC + HUANCAVELICA + HUANUCO + JUNIN + SAN MARTIN,bounded_department_subset,0,5,cd,treat_23,2023,drop_rounding_band,adjacent_categories,p1_mserd,3080,1476,1170,306,718,758,514,204,656,102,59,258,242,245,2,1,1,1,0,.0785660868278726,.0871722014028951,.0962034140270057,.3648703386818419,-.1013830252798315,.2757274280856216,.0050249844413216,.0050249844413216,.0077169914536651,.0077169914536651,232,177
dept_subset,conflict_dept_subset_121,Conflict-belt departments: APURIMAC + HUANCAVELICA + HUANUCO + JUNIN + SAN MARTIN,bounded_department_subset,0,5,de,treat_12,2012,drop_rounding_band,adjacent_categories,p1_mserd,3080,1111,132,979,441,670,18,423,114,556,12,59,170,238,49,49,1,1,0,-.1370406724107148,-.1855532194909332,.1008125049059276,.0656835102248709,-.3831420982978186,.0120356593159523,.0017387679128617,.0017387679128617,.00312886775308,.00312886775308,65,89
dept_subset,conflict_dept_subset_121,Conflict-belt departments: APURIMAC + HUANCAVELICA + HUANUCO + JUNIN + SAN MARTIN,bounded_department_subset,0,5,de,treat_16,2016,drop_rounding_band,adjacent_categories,p1_mserd,3080,1111,141,970,441,670,20,421,121,549,12,59,170,238,49,49,1,1,0,-.096278647575973,-.1767380831743164,.1001945890958323,.0777406703406534,-.3731158692479372,.0196397028993044,.0014609226870121,.0014609226870121,.0029051440746397,.0029051440746397,65,89
dept_subset,conflict_dept_subset_121,Conflict-belt departments: APURIMAC + HUANCAVELICA + HUANUCO + JUNIN + SAN MARTIN,bounded_department_subset,0,5,de,treat_23,2023,drop_rounding_band,adjacent_categories,p1_mserd,3080,1111,587,524,441,670,97,344,490,180,12,59,170,238,49,49,1,1,0,.6214945065849271,.6524407097400946,.8786396944083826,.4577494792718854,-1.069661446687614,2.374542866167803,.0011575918879921,.0011575918879921,.0026051546034812,.0026051546034812,59,48
dept_subset,conflict_dept_subset_122,Conflict-belt departments: AYACUCHO + HUANCAVELICA + HUANUCO + JUNIN + SAN MARTIN,bounded_department_subset,0,5,ab,treat_12,2012,drop_rounding_band,adjacent_categories,p1_mserd,3982,1802,951,851,908,894,393,515,558,336,543,752,221,198,0,8,1,1,0,-.0504858747636707,-.1014639926110252,.1724130298369372,.5562009194296114,-.4393873215568518,.2364593363348014,.021976155877335,.021976155877335,.0360181047965792,.0360181047965792,154,100
dept_subset,conflict_dept_subset_122,Conflict-belt departments: AYACUCHO + HUANCAVELICA + HUANUCO + JUNIN + SAN MARTIN,bounded_department_subset,0,5,ab,treat_16,2016,drop_rounding_band,adjacent_categories,p1_mserd,3982,1802,1210,592,908,894,477,431,733,161,543,752,221,198,0,8,1,1,0,-.1961287824046614,-.2573281777597802,.1611473226624807,.110299042886497,-.5731711263832977,.0585147708637372,.0167929066192402,.0167929066192402,.0303090273463471,.0303090273463471,119,77
dept_subset,conflict_dept_subset_122,Conflict-belt departments: AYACUCHO + HUANCAVELICA + HUANUCO + JUNIN + SAN MARTIN,bounded_department_subset,0,5,ab,treat_23,2023,drop_rounding_band,adjacent_categories,p1_mserd,3982,1802,1620,182,908,894,796,112,824,70,543,752,221,198,0,8,1,1,0,.0099533540800065,.0216196418186743,.0777262352843062,.7808963314022037,-.1307209799924523,.1739602636298008,.0433749528428304,.0433749528428304,.0585548657391399,.0585548657391399,324,198
dept_subset,conflict_dept_subset_122,Conflict-belt departments: AYACUCHO + HUANCAVELICA + HUANUCO + JUNIN + SAN MARTIN,bounded_department_subset,0,5,bc,treat_12,2012,drop_rounding_band,adjacent_categories,p1_mserd,3982,1822,692,1130,906,916,293,613,399,517,281,544,277,222,0,4,1,1,0,-.0678275476457999,-.0845507483203243,.1241924209261334,.4959952568686524,-.3279634204883842,.1588619238477356,.0128502611605352,.0128502611605352,.0209820503498687,.0209820503498687,232,175
dept_subset,conflict_dept_subset_122,Conflict-belt departments: AYACUCHO + HUANCAVELICA + HUANUCO + JUNIN + SAN MARTIN,bounded_department_subset,0,5,bc,treat_16,2016,drop_rounding_band,adjacent_categories,p1_mserd,3982,1822,785,1037,906,916,301,605,484,432,281,544,277,222,0,4,1,1,0,.0850776795320014,.0661245879405218,.1202070404039833,.5822582324047667,-.1694768819394366,.3017260578204802,.0146145184160264,.0146145184160264,.0237894314559473,.0237894314559473,264,204
dept_subset,conflict_dept_subset_122,Conflict-belt departments: AYACUCHO + HUANCAVELICA + HUANUCO + JUNIN + SAN MARTIN,bounded_department_subset,0,5,bc,treat_23,2023,drop_rounding_band,adjacent_categories,p1_mserd,3982,1822,1599,223,906,916,796,110,803,113,281,544,277,222,0,4,1,1,0,.0176781941198971,.0255219816741112,.0861349252497172,.7669991834225286,-.1432993696263841,.1943433329746065,.0152899121709735,.0152899121709735,.0246775587745715,.0246775587745715,275,217
dept_subset,conflict_dept_subset_122,Conflict-belt departments: AYACUCHO + HUANCAVELICA + HUANUCO + JUNIN + SAN MARTIN,bounded_department_subset,0,5,cd,treat_12,2012,drop_rounding_band,adjacent_categories,p1_mserd,3982,1688,412,1276,779,909,117,662,295,614,59,281,263,277,3,2,1,1,0,-.0346801489586255,-.0393422496773859,.1535179419368893,.7977413208867207,-.3402318868544,.2615473874996282,.0033189465404978,.0033189465404978,.0052591356928572,.0052591356928572,154,127
dept_subset,conflict_dept_subset_122,Conflict-belt departments: AYACUCHO + HUANCAVELICA + HUANUCO + JUNIN + SAN MARTIN,bounded_department_subset,0,5,cd,treat_16,2016,drop_rounding_band,adjacent_categories,p1_mserd,3982,1688,429,1259,779,909,126,653,303,606,59,281,263,277,3,2,1,1,0,.035516066661974,.039177323215782,.1539098934190942,.7990728904557205,-.2624805247500407,.3408351711816048,.0036676622893472,.0036676622893472,.0056213018138491,.0056213018138491,180,147
dept_subset,conflict_dept_subset_122,Conflict-belt departments: AYACUCHO + HUANCAVELICA + HUANUCO + JUNIN + SAN MARTIN,bounded_department_subset,0,5,cd,treat_23,2023,drop_rounding_band,adjacent_categories,p1_mserd,3982,1688,1359,329,779,909,560,219,799,110,59,281,263,277,3,2,1,1,0,.1584532731201278,.1857665033674389,.0797665604951239,.0198655858605295,.0294269176263606,.3421060891085173,.0039608072585838,.0039608072585838,.0066247605889344,.0066247605889344,202,157
dept_subset,conflict_dept_subset_122,Conflict-belt departments: AYACUCHO + HUANCAVELICA + HUANUCO + JUNIN + SAN MARTIN,bounded_department_subset,0,5,de,treat_12,2012,drop_rounding_band,adjacent_categories,p1_mserd,3982,1212,131,1081,482,730,17,465,114,616,13,59,189,258,50,50,1,1,0,-.0998678268773037,-.1627619679033431,.0871106904577365,.0616993759710376,-.3334957838689234,.0079718480622373,.0015595880517176,.0015595880517176,.0029908035205946,.0029908035205946,73,97
dept_subset,conflict_dept_subset_122,Conflict-belt departments: AYACUCHO + HUANCAVELICA + HUANUCO + JUNIN + SAN MARTIN,bounded_department_subset,0,5,de,treat_16,2016,drop_rounding_band,adjacent_categories,p1_mserd,3982,1212,142,1070,482,730,19,463,123,607,13,59,189,258,50,50,1,1,0,-.003306383092373,-.0388611107121273,.1130372777051853,.7310040548034752,-.2604101039247428,.1826878825004883,.0012797834619539,.0012797834619539,.0027599846491594,.0027599846491594,68,53
dept_subset,conflict_dept_subset_122,Conflict-belt departments: AYACUCHO + HUANCAVELICA + HUANUCO + JUNIN + SAN MARTIN,bounded_department_subset,0,5,de,treat_23,2023,drop_rounding_band,adjacent_categories,p1_mserd,3982,1212,651,561,482,730,117,365,534,196,13,59,189,258,50,50,1,1,0,.5792683366022118,.6123023128737017,.8233167790033197,.4570567956175839,-1.001368921840327,2.225973547587731,.0011798271916705,.0011798271916705,.0026743046450289,.0026743046450289,68,51
dept_subset,conflict_dept_subset_124,Conflict-belt departments: CUSCO + HUANCAVELICA + HUANUCO + JUNIN + SAN MARTIN,bounded_department_subset,0,5,ab,treat_12,2012,drop_rounding_band,adjacent_categories,p1_mserd,2740,925,444,481,486,439,214,272,230,209,355,393,154,134,0,9,1,1,0,-.0192074703799984,-.0617396937094298,.1885005891273911,.7432666722593881,-.4311940594636987,.3077146720448392,.0350003956867031,.0350003956867031,.0520250737048783,.0520250737048783,110,79
dept_subset,conflict_dept_subset_124,Conflict-belt departments: CUSCO + HUANCAVELICA + HUANUCO + JUNIN + SAN MARTIN,bounded_department_subset,0,5,ab,treat_16,2016,drop_rounding_band,adjacent_categories,p1_mserd,2740,925,569,356,486,439,252,234,317,122,355,393,154,134,0,9,1,1,0,-.0915197237161962,-.1374192456587704,.1808918887997333,.4474482147651609,-.491960832801672,.2171223414841312,.0340104438544565,.0340104438544565,.0526597923025197,.0526597923025197,106,77
dept_subset,conflict_dept_subset_124,Conflict-belt departments: CUSCO + HUANCAVELICA + HUANUCO + JUNIN + SAN MARTIN,bounded_department_subset,0,5,ab,treat_23,2023,drop_rounding_band,adjacent_categories,p1_mserd,2740,925,804,121,486,439,416,70,388,51,355,393,154,134,0,9,1,1,0,.0372772463902284,.047980075255835,.1054520365095434,.6491133414663455,-.1587021183992729,.254662268910943,.048796285763681,.048796285763681,.0609625421595041,.0609625421595041,185,112
dept_subset,conflict_dept_subset_124,Conflict-belt departments: CUSCO + HUANCAVELICA + HUANUCO + JUNIN + SAN MARTIN,bounded_department_subset,0,5,bc,treat_12,2012,drop_rounding_band,adjacent_categories,p1_mserd,2740,1183,444,739,688,495,223,465,221,274,245,356,210,155,0,3,1,1,0,-.137070987599042,-.1577579656406154,.1464620452152204,.2814243183669971,-.4448182993645243,.1293023680832935,.0137217930431011,.0137217930431011,.0220047454898236,.0220047454898236,162,125
dept_subset,conflict_dept_subset_124,Conflict-belt departments: CUSCO + HUANCAVELICA + HUANUCO + JUNIN + SAN MARTIN,bounded_department_subset,0,5,bc,treat_16,2016,drop_rounding_band,adjacent_categories,p1_mserd,2740,1183,489,694,688,495,229,459,260,235,245,356,210,155,0,3,1,1,0,-.0074878050673219,-.0230863776064608,.1410658201611297,.870001344880989,-.2995703045718792,.2533975493589576,.0153418782735683,.0153418782735683,.0242676475549585,.0242676475549585,180,144
dept_subset,conflict_dept_subset_124,Conflict-belt departments: CUSCO + HUANCAVELICA + HUANUCO + JUNIN + SAN MARTIN,bounded_department_subset,0,5,bc,treat_23,2023,drop_rounding_band,adjacent_categories,p1_mserd,2740,1183,1019,164,688,495,595,93,424,71,245,356,210,155,0,3,1,1,0,-.0238477422577854,-.036376385302566,.1152204341947168,.7522217000574165,-.2622042866072781,.1894515160021461,.0150429978400125,.0150429978400125,.0248408962433175,.0248408962433175,180,139
dept_subset,conflict_dept_subset_124,Conflict-belt departments: CUSCO + HUANCAVELICA + HUANUCO + JUNIN + SAN MARTIN,bounded_department_subset,0,5,cd,treat_12,2012,drop_rounding_band,adjacent_categories,p1_mserd,2740,1371,329,1042,679,692,104,575,225,467,57,246,216,211,1,0,1,1,0,-.0809384567409882,-.1085229026428238,.1528643332426609,.4777478437009053,-.4081314903191679,.1910856850335204,.0035628874020097,.0035628874020097,.0056470549138629,.0056470549138629,150,122
dept_subset,conflict_dept_subset_124,Conflict-belt departments: CUSCO + HUANCAVELICA + HUANUCO + JUNIN + SAN MARTIN,bounded_department_subset,0,5,cd,treat_16,2016,drop_rounding_band,adjacent_categories,p1_mserd,2740,1371,342,1029,679,692,111,568,231,461,57,246,216,211,1,0,1,1,0,-.0420346578876861,-.0592832133372689,.1539849420162125,.7002421756824614,-.361088153850534,.2425217271759961,.0039775680226887,.0039775680226887,.0060358405898812,.0060358405898812,168,137
dept_subset,conflict_dept_subset_124,Conflict-belt departments: CUSCO + HUANCAVELICA + HUANUCO + JUNIN + SAN MARTIN,bounded_department_subset,0,5,cd,treat_23,2023,drop_rounding_band,adjacent_categories,p1_mserd,2740,1371,1085,286,679,692,487,192,598,94,57,246,216,211,1,0,1,1,0,.1924341303073598,.2222744856926453,.1018016221586711,.0290057705018491,.0227469726938953,.4218019986913953,.003290001553115,.003290001553115,.005299529577502,.005299529577502,130,109
dept_subset,conflict_dept_subset_124,Conflict-belt departments: CUSCO + HUANCAVELICA + HUANUCO + JUNIN + SAN MARTIN,bounded_department_subset,0,5,de,treat_12,2012,drop_rounding_band,adjacent_categories,p1_mserd,2740,1068,117,951,435,633,16,419,101,532,12,57,161,212,47,47,1,1,0,-.1132897299193958,-.1584224867146365,.0938403178564648,.0913702623467189,-.3423461300110985,.0255011565818254,.0017181120000392,.0017181120000392,.0032983276642528,.0032983276642528,62,86
dept_subset,conflict_dept_subset_124,Conflict-belt departments: CUSCO + HUANCAVELICA + HUANUCO + JUNIN + SAN MARTIN,bounded_department_subset,0,5,de,treat_16,2016,drop_rounding_band,adjacent_categories,p1_mserd,2740,1068,126,942,435,633,18,417,108,525,12,57,161,212,47,47,1,1,0,-.0997726719459583,-.1717768693660053,.0977412633728521,.0788385477948599,-.3633462253802393,.0197924866482287,.0014950962148578,.0014950962148578,.0029504484505821,.0029504484505821,62,86
dept_subset,conflict_dept_subset_124,Conflict-belt departments: CUSCO + HUANCAVELICA + HUANUCO + JUNIN + SAN MARTIN,bounded_department_subset,0,5,de,treat_23,2023,drop_rounding_band,adjacent_categories,p1_mserd,2740,1068,557,511,435,633,94,341,463,170,12,57,161,212,47,47,1,1,0,.6021810593619357,.6521118943331317,.813918119114696,.4230153753335917,-.9431383054962539,2.247362094162517,.0011700571317543,.0011700571317543,.002630480858596,.002630480858596,57,46
dept_subset,conflict_dept_subset_063,Conflict-belt departments: APURIMAC + AYACUCHO + CUSCO + HUANCAVELICA + HUANUCO + JUNIN,bounded_department_subset,0,6,ab,treat_12,2012,drop_rounding_band,adjacent_categories,p1_mserd,4057,2100,1071,1029,1014,1086,434,580,637,449,585,891,266,255,0,10,1,1,0,-.0147798715937809,-.0495533165473268,.1418412770939615,.7268209220008419,-.3275571111726575,.2284504780780039,.028256454727155,.028256454727155,.0433168528989645,.0433168528989645,235,145
dept_subset,conflict_dept_subset_063,Conflict-belt departments: APURIMAC + AYACUCHO + CUSCO + HUANCAVELICA + HUANUCO + JUNIN,bounded_department_subset,0,6,ab,treat_16,2016,drop_rounding_band,adjacent_categories,p1_mserd,4057,2100,1394,706,1014,1086,531,483,863,223,585,891,266,255,0,10,1,1,0,-.2808654718082553,-.3432128315581151,.1534562986905192,.025315703381666,-.6439816501923536,-.0424440129238765,.0174020022991689,.0174020022991689,.0322167592069127,.0322167592069127,146,91
dept_subset,conflict_dept_subset_063,Conflict-belt departments: APURIMAC + AYACUCHO + CUSCO + HUANCAVELICA + HUANUCO + JUNIN,bounded_department_subset,0,6,ab,treat_23,2023,drop_rounding_band,adjacent_categories,p1_mserd,4057,2100,1879,221,1014,1086,885,129,994,92,585,891,266,255,0,10,1,1,0,.0299336040367189,.0478634399855098,.0783250768506032,.541141953987249,-.1056508897280044,.201377769699024,.0380565151617756,.0380565151617756,.053233255007158,.053233255007158,327,195
dept_subset,conflict_dept_subset_063,Conflict-belt departments: APURIMAC + AYACUCHO + CUSCO + HUANCAVELICA + HUANUCO + JUNIN,bounded_department_subset,0,6,bc,treat_12,2012,drop_rounding_band,adjacent_categories,p1_mserd,4057,1931,738,1193,908,1023,297,611,441,582,283,586,287,267,0,4,1,1,0,.0388170340107936,.0270613857984909,.112335434037414,.8096341418446075,-.1931120191025154,.2472347906994972,.0147324289870833,.0147324289870833,.0232279531542645,.0232279531542645,279,218
dept_subset,conflict_dept_subset_063,Conflict-belt departments: APURIMAC + AYACUCHO + CUSCO + HUANCAVELICA + HUANUCO + JUNIN,bounded_department_subset,0,6,bc,treat_16,2016,drop_rounding_band,adjacent_categories,p1_mserd,4057,1931,842,1089,908,1023,303,605,539,484,283,586,287,267,0,4,1,1,0,.1131311361699627,.0981332804872318,.109081122904645,.3683141125301527,-.1156617917990596,.3119283527735232,.0160918465852428,.0160918465852428,.0252793217056368,.0252793217056368,302,240
dept_subset,conflict_dept_subset_063,Conflict-belt departments: APURIMAC + AYACUCHO + CUSCO + HUANCAVELICA + HUANUCO + JUNIN,bounded_department_subset,0,6,bc,treat_23,2023,drop_rounding_band,adjacent_categories,p1_mserd,4057,1931,1681,250,908,1023,788,120,893,130,283,586,287,267,0,4,1,1,0,.0288919267155143,.0391173050366258,.0899975002282812,.6638173710309134,-.1372745541094406,.2155091641826922,.0145221018436141,.0145221018436141,.0233096504877569,.0233096504877569,274,211
dept_subset,conflict_dept_subset_063,Conflict-belt departments: APURIMAC + AYACUCHO + CUSCO + HUANCAVELICA + HUANUCO + JUNIN,bounded_department_subset,0,6,cd,treat_12,2012,drop_rounding_band,adjacent_categories,p1_mserd,4057,1581,415,1166,671,910,117,554,298,612,57,283,245,287,4,3,1,1,0,-.0337349555761347,-.0352248968787421,.1338753285971334,.7924602744557796,-.2976157193475887,.2271659255901046,.00428714390578,.00428714390578,.0063738462702299,.0063738462702299,201,161
dept_subset,conflict_dept_subset_063,Conflict-belt departments: APURIMAC + AYACUCHO + CUSCO + HUANCAVELICA + HUANUCO + JUNIN,bounded_department_subset,0,6,cd,treat_16,2016,drop_rounding_band,adjacent_categories,p1_mserd,4057,1581,427,1154,671,910,123,548,304,606,57,283,245,287,4,3,1,1,0,.0394310626236064,.058584968723196,.1426062101987384,.681207172739145,-.2209180672380798,.3380880046844717,.0041163109162086,.0041163109162086,.0063094747791907,.0063094747791907,192,155
dept_subset,conflict_dept_subset_063,Conflict-belt departments: APURIMAC + AYACUCHO + CUSCO + HUANCAVELICA + HUANUCO + JUNIN,bounded_department_subset,0,6,cd,treat_23,2023,drop_rounding_band,adjacent_categories,p1_mserd,4057,1581,1258,323,671,910,469,202,789,121,57,283,245,287,4,3,1,1,0,.0967385252909116,.1019218486416307,.090897806210757,.2621688996853529,-.0762345778051542,.2800782750884155,.0052014343739015,.0052014343739015,.0079088263678551,.0079088263678551,245,190
dept_subset,conflict_dept_subset_063,Conflict-belt departments: APURIMAC + AYACUCHO + CUSCO + HUANCAVELICA + HUANUCO + JUNIN,bounded_department_subset,0,6,de,treat_12,2012,drop_rounding_band,adjacent_categories,p1_mserd,4057,998,126,872,363,635,11,352,115,520,12,57,159,242,37,37,1,1,0,-.076734474788293,-.1033754642644165,.0978105210512119,.2905594470963165,-.2950805628338884,.0883296343050555,.0017344768318382,.0017344768318382,.0029365797788138,.0029365797788138,53,81
dept_subset,conflict_dept_subset_063,Conflict-belt departments: APURIMAC + AYACUCHO + CUSCO + HUANCAVELICA + HUANUCO + JUNIN,bounded_department_subset,0,6,de,treat_16,2016,drop_rounding_band,adjacent_categories,p1_mserd,4057,998,132,866,363,635,11,352,121,514,12,57,159,242,37,37,1,1,0,-.0767545955278602,-.1033727408194351,.0978093920937459,.2905665882369746,-.2950756266729339,.0883301450340635,.0017347290152639,.0017347290152639,.0029366992965582,.0029366992965582,53,81
dept_subset,conflict_dept_subset_063,Conflict-belt departments: APURIMAC + AYACUCHO + CUSCO + HUANCAVELICA + HUANUCO + JUNIN,bounded_department_subset,0,6,de,treat_23,2023,drop_rounding_band,adjacent_categories,p1_mserd,4057,998,539,459,363,635,87,276,452,183,12,57,159,242,37,37,1,1,0,.1234003358373514,.2482658332318897,.3233825568799154,.4426561669393348,-.3855523314812198,.8820839979449991,.0018858989169189,.0018858989169189,.0031798483916521,.0031798483916521,108,119
dept_subset,conflict_dept_subset_095,Conflict-belt departments: APURIMAC + AYACUCHO + CUSCO + HUANCAVELICA + HUANUCO + SAN MARTIN,bounded_department_subset,0,6,ab,treat_12,2012,drop_rounding_band,adjacent_categories,p1_mserd,3856,1879,938,941,899,980,376,523,562,418,555,823,238,226,0,7,1,1,0,-.1006014955492764,-.1472853015653122,.1592013902206275,.3548874453440871,-.4593142926864491,.1647436895558248,.0230306660594927,.0230306660594927,.0381332700986688,.0381332700986688,179,111
dept_subset,conflict_dept_subset_095,Conflict-belt departments: APURIMAC + AYACUCHO + CUSCO + HUANCAVELICA + HUANUCO + SAN MARTIN,bounded_department_subset,0,6,ab,treat_16,2016,drop_rounding_band,adjacent_categories,p1_mserd,3856,1879,1247,632,899,980,468,431,779,201,555,823,238,226,0,7,1,1,0,-.2981944121076248,-.3486412531345886,.1574885981506907,.0268456015491121,-.6573132334856435,-.0399692727835336,.0190960583934043,.0190960583934043,.0331325278548518,.0331325278548518,145,90
dept_subset,conflict_dept_subset_095,Conflict-belt departments: APURIMAC + AYACUCHO + CUSCO + HUANCAVELICA + HUANUCO + SAN MARTIN,bounded_department_subset,0,6,ab,treat_23,2023,drop_rounding_band,adjacent_categories,p1_mserd,3856,1879,1685,194,899,980,788,111,897,83,555,823,238,226,0,7,1,1,0,.0184691543749707,.0286459436978914,.0860449956548403,.7391960428075895,-.1399991488355009,.1972910362312838,.0391616057200061,.0391616057200061,.053235609284148,.053235609284148,303,187
dept_subset,conflict_dept_subset_095,Conflict-belt departments: APURIMAC + AYACUCHO + CUSCO + HUANCAVELICA + HUANUCO + SAN MARTIN,bounded_department_subset,0,6,bc,treat_12,2012,drop_rounding_band,adjacent_categories,p1_mserd,3856,1756,644,1112,851,905,263,588,381,524,275,556,270,239,0,5,1,1,0,.1604222023303162,.1969960424769337,.1320434930834785,.1357246574925128,-.0618044483595479,.4557965333134153,.0112762601810124,.0112762601810124,.0196178403363669,.0196178403363669,195,144
dept_subset,conflict_dept_subset_095,Conflict-belt departments: APURIMAC + AYACUCHO + CUSCO + HUANCAVELICA + HUANUCO + SAN MARTIN,bounded_department_subset,0,6,bc,treat_16,2016,drop_rounding_band,adjacent_categories,p1_mserd,3856,1756,746,1010,851,905,272,579,474,431,275,556,270,239,0,5,1,1,0,.2539851041569654,.2900749058133241,.1409180577735268,.0395455068098982,.013880587805877,.5662692238207712,.0105794543658305,.0105794543658305,.017783757535651,.017783757535651,188,136
dept_subset,conflict_dept_subset_095,Conflict-belt departments: APURIMAC + AYACUCHO + CUSCO + HUANCAVELICA + HUANUCO + SAN MARTIN,bounded_department_subset,0,6,bc,treat_23,2023,drop_rounding_band,adjacent_categories,p1_mserd,3856,1756,1542,214,851,905,748,103,794,111,275,556,270,239,0,5,1,1,0,-.0046517985207561,.0106837056142959,.0855699559637535,.9006395585135161,-.1570303262333393,.178397737461931,.0167608672999656,.0167608672999656,.0267935580961825,.0267935580961825,320,219
dept_subset,conflict_dept_subset_095,Conflict-belt departments: APURIMAC + AYACUCHO + CUSCO + HUANCAVELICA + HUANUCO + SAN MARTIN,bounded_department_subset,0,6,cd,treat_12,2012,drop_rounding_band,adjacent_categories,p1_mserd,3856,1540,376,1164,686,854,111,575,265,589,57,275,235,270,4,3,1,1,0,-.0978762514495346,-.1087429070676041,.1587808582935958,.4934312817203209,-.4199476707574098,.2024618566222015,.0034682735689109,.0034682735689109,.00542768156974,.00542768156974,138,118
dept_subset,conflict_dept_subset_095,Conflict-belt departments: APURIMAC + AYACUCHO + CUSCO + HUANCAVELICA + HUANUCO + SAN MARTIN,bounded_department_subset,0,6,cd,treat_16,2016,drop_rounding_band,adjacent_categories,p1_mserd,3856,1540,392,1148,686,854,118,568,274,580,57,275,235,270,4,3,1,1,0,-.0257204519572134,-.0284742298878501,.1652278333939398,.8631756390570922,-.3523148325835565,.2953663728078562,.003765229223849,.003765229223849,.0057366947131066,.0057366947131066,160,133
dept_subset,conflict_dept_subset_095,Conflict-belt departments: APURIMAC + AYACUCHO + CUSCO + HUANCAVELICA + HUANUCO + SAN MARTIN,bounded_department_subset,0,6,cd,treat_23,2023,drop_rounding_band,adjacent_categories,p1_mserd,3856,1540,1256,284,686,854,506,180,750,104,57,275,235,270,4,3,1,1,0,-.0196512441075585,-.0397109545703409,.094255638345296,.673527864673477,-.2244486110669535,.1450267019262717,.0049433056922223,.0049433056922223,.0080950094948708,.0080950094948708,213,166
dept_subset,conflict_dept_subset_095,Conflict-belt departments: APURIMAC + AYACUCHO + CUSCO + HUANCAVELICA + HUANUCO + SAN MARTIN,bounded_department_subset,0,6,de,treat_12,2012,drop_rounding_band,adjacent_categories,p1_mserd,3856,1069,124,945,427,642,15,412,109,533,12,57,171,232,45,45,1,1,0,-.1248387096087831,-.1801208333710176,.1127772861137389,.1102350596025142,-.4011602524281149,.0409185856860796,.0019049259347731,.0019049259347731,.0039998190123928,.0039998190123928,122,127
dept_subset,conflict_dept_subset_095,Conflict-belt departments: APURIMAC + AYACUCHO + CUSCO + HUANCAVELICA + HUANUCO + SAN MARTIN,bounded_department_subset,0,6,de,treat_16,2016,drop_rounding_band,adjacent_categories,p1_mserd,3856,1069,133,936,427,642,17,410,116,526,12,57,171,232,45,45,1,1,0,-.2101445622912905,-.2603359384605444,.1770213081029259,.1413864798239461,-.6072913268384476,.0866194499173588,.0014984293500219,.0014984293500219,.0029826068089105,.0029826068089105,62,83
dept_subset,conflict_dept_subset_095,Conflict-belt departments: APURIMAC + AYACUCHO + CUSCO + HUANCAVELICA + HUANUCO + SAN MARTIN,bounded_department_subset,0,6,de,treat_23,2023,drop_rounding_band,adjacent_categories,p1_mserd,3856,1069,596,473,427,642,113,314,483,159,12,57,171,232,45,45,1,1,0,-1.045378787877809,-1.27028754083107,1.76471717491829,.471632750149512,-4.729069646570188,2.188494564908047,.0011520532397821,.0011520532397821,.0029733253920081,.0029733253920081,57,41
dept_subset,conflict_dept_subset_111,Conflict-belt departments: APURIMAC + AYACUCHO + CUSCO + HUANCAVELICA + JUNIN + SAN MARTIN,bounded_department_subset,0,6,ab,treat_12,2012,drop_rounding_band,adjacent_categories,p1_mserd,3756,1880,964,916,915,965,386,529,578,387,551,802,238,231,0,10,1,1,0,-.076071248826222,-.1229191341332464,.1588594459205377,.4390725475762922,-.4342779267414886,.1884396584749958,.0237636031342538,.0237636031342538,.0381718764453066,.0381718764453066,190,108
dept_subset,conflict_dept_subset_111,Conflict-belt departments: APURIMAC + AYACUCHO + CUSCO + HUANCAVELICA + JUNIN + SAN MARTIN,bounded_department_subset,0,6,ab,treat_16,2016,drop_rounding_band,adjacent_categories,p1_mserd,3756,1880,1270,610,915,965,482,433,788,177,551,802,238,231,0,10,1,1,0,-.1860488416222097,-.24885403486046,.1316836710758284,.0587865086308187,-.5069492875211024,.0092412178001824,.0180499226842262,.0180499226842262,.0329958543984447,.0329958543984447,142,84
dept_subset,conflict_dept_subset_111,Conflict-belt departments: APURIMAC + AYACUCHO + CUSCO + HUANCAVELICA + JUNIN + SAN MARTIN,bounded_department_subset,0,6,ab,treat_23,2023,drop_rounding_band,adjacent_categories,p1_mserd,3756,1880,1704,176,915,965,807,108,897,68,551,802,238,231,0,10,1,1,0,.0654089294830149,.0831546498416553,.0744359709347931,.2639387816230585,-.0627371723448095,.2290464720281201,.0342431603187412,.0342431603187412,.0477717159867049,.0477717159867049,270,151
dept_subset,conflict_dept_subset_111,Conflict-belt departments: APURIMAC + AYACUCHO + CUSCO + HUANCAVELICA + JUNIN + SAN MARTIN,bounded_department_subset,0,6,bc,treat_12,2012,drop_rounding_band,adjacent_categories,p1_mserd,3756,1739,629,1110,815,924,236,579,393,531,264,552,267,239,0,4,1,1,0,.1167017066708382,.1336190732024977,.1208670550503741,.2689410458035523,-.1032760016136555,.3705141480186509,.014187494965364,.014187494965364,.0228109395450089,.0228109395450089,225,172
dept_subset,conflict_dept_subset_111,Conflict-belt departments: APURIMAC + AYACUCHO + CUSCO + HUANCAVELICA + JUNIN + SAN MARTIN,bounded_department_subset,0,6,bc,treat_16,2016,drop_rounding_band,adjacent_categories,p1_mserd,3756,1739,734,1005,815,924,244,571,490,434,264,552,267,239,0,4,1,1,0,.2613963953076818,.3012217690490605,.1401495858352207,.0316116076847922,.0265336283638232,.5759099097342979,.0110668835536648,.0110668835536648,.0188927011209051,.0188927011209051,172,140
dept_subset,conflict_dept_subset_111,Conflict-belt departments: APURIMAC + AYACUCHO + CUSCO + HUANCAVELICA + JUNIN + SAN MARTIN,bounded_department_subset,0,6,bc,treat_23,2023,drop_rounding_band,adjacent_categories,p1_mserd,3756,1739,1520,219,815,924,705,110,815,109,264,552,267,239,0,4,1,1,0,.0211854118413592,.0416563830450554,.0906766369068296,.6459506218267466,-.136066559531546,.2193793256216567,.0146625474389818,.0146625474389818,.0245359600343386,.0245359600343386,243,180
dept_subset,conflict_dept_subset_111,Conflict-belt departments: APURIMAC + AYACUCHO + CUSCO + HUANCAVELICA + JUNIN + SAN MARTIN,bounded_department_subset,0,6,cd,treat_12,2012,drop_rounding_band,adjacent_categories,p1_mserd,3756,1462,338,1124,645,817,100,545,238,579,59,264,245,267,4,3,1,1,0,-.1158959379594017,-.1222678238919331,.176049971070081,.4873647161660744,-.4673194266686103,.222783778884744,.0031151030022242,.0031151030022242,.0050703385280615,.0050703385280615,113,102
dept_subset,conflict_dept_subset_111,Conflict-belt departments: APURIMAC + AYACUCHO + CUSCO + HUANCAVELICA + JUNIN + SAN MARTIN,bounded_department_subset,0,6,cd,treat_16,2016,drop_rounding_band,adjacent_categories,p1_mserd,3756,1462,354,1108,645,817,108,537,246,571,59,264,245,267,4,3,1,1,0,-.0850664487921021,-.087265450961336,.1749893253465414,.6179976926390578,-.4302382263195191,.255707324396847,.0032817663624691,.0032817663624691,.0052924317621141,.0052924317621141,135,105
dept_subset,conflict_dept_subset_111,Conflict-belt departments: APURIMAC + AYACUCHO + CUSCO + HUANCAVELICA + JUNIN + SAN MARTIN,bounded_department_subset,0,6,cd,treat_23,2023,drop_rounding_band,adjacent_categories,p1_mserd,3756,1462,1166,296,645,817,460,185,706,111,59,264,245,267,4,3,1,1,0,.0616590006308426,.0683480925604174,.0954231960848113,.4738290472331443,-.1186779350555162,.255374120176351,.0051921566943904,.0051921566943904,.0082326812875609,.0082326812875609,232,167
dept_subset,conflict_dept_subset_111,Conflict-belt departments: APURIMAC + AYACUCHO + CUSCO + HUANCAVELICA + JUNIN + SAN MARTIN,bounded_department_subset,0,6,de,treat_12,2012,drop_rounding_band,adjacent_categories,p1_mserd,3756,1006,116,890,401,605,18,383,98,507,13,59,174,240,41,41,1,1,0,.0099558256039474,-.0262548414756625,.3003555033986405,.9303435914149591,-.6149408106953955,.5624311277440706,.0011672973488108,.0011672973488108,.0026680908537581,.0026680908537581,56,35
dept_subset,conflict_dept_subset_111,Conflict-belt departments: APURIMAC + AYACUCHO + CUSCO + HUANCAVELICA + JUNIN + SAN MARTIN,bounded_department_subset,0,6,de,treat_16,2016,drop_rounding_band,adjacent_categories,p1_mserd,3756,1006,126,880,401,605,20,381,106,499,13,59,174,240,41,41,1,1,0,.0138364779874216,-.0304147250221334,.3320491910682655,.927018198550722,-.6812191806115926,.6203897305673258,.0010928337946759,.0010928337946759,.0025226774500633,.0025226774500633,54,35
dept_subset,conflict_dept_subset_111,Conflict-belt departments: APURIMAC + AYACUCHO + CUSCO + HUANCAVELICA + JUNIN + SAN MARTIN,bounded_department_subset,0,6,de,treat_23,2023,drop_rounding_band,adjacent_categories,p1_mserd,3756,1006,537,469,401,605,97,304,440,165,13,59,174,240,41,41,1,1,0,.1441493323015912,.1551653302944338,.7728451668627299,.8408772014243551,-1.359583362382365,1.669914022971232,.0012410948811224,.0012410948811224,.0027597106165041,.0027597106165041,56,40
dept_subset,conflict_dept_subset_119,Conflict-belt departments: APURIMAC + AYACUCHO + CUSCO + HUANUCO + JUNIN + SAN MARTIN,bounded_department_subset,0,6,ab,treat_12,2012,drop_rounding_band,adjacent_categories,p1_mserd,4193,2038,992,1046,992,1046,398,594,594,452,580,868,243,235,0,5,1,1,0,-.0429744149020711,-.0875400868915811,.1487544174415077,.5562052494779446,-.3790933876181729,.2040132138350107,.0252885482667288,.0252885482667288,.0404067623966512,.0404067623966512,212,137
dept_subset,conflict_dept_subset_119,Conflict-belt departments: APURIMAC + AYACUCHO + CUSCO + HUANUCO + JUNIN + SAN MARTIN,bounded_department_subset,0,6,ab,treat_16,2016,drop_rounding_band,adjacent_categories,p1_mserd,4193,2038,1315,723,992,1046,493,499,822,224,580,868,243,235,0,5,1,1,0,-.2460186033194756,-.3016463128875395,.152079262994888,.0473137388725343,-.599716191152915,-.0035764346221641,.0180612075552189,.0180612075552189,.0314635381276457,.0314635381276457,153,97
dept_subset,conflict_dept_subset_119,Conflict-belt departments: APURIMAC + AYACUCHO + CUSCO + HUANUCO + JUNIN + SAN MARTIN,bounded_department_subset,0,6,ab,treat_23,2023,drop_rounding_band,adjacent_categories,p1_mserd,4193,2038,1817,221,992,1046,859,133,958,88,580,868,243,235,0,5,1,1,0,.0326335645399825,.0434935204974496,.0757584391017942,.5658947688471061,-.1049902916670379,.1919773326619371,.0404470174278741,.0404470174278741,.0543613755673076,.0543613755673076,349,206
dept_subset,conflict_dept_subset_119,Conflict-belt departments: APURIMAC + AYACUCHO + CUSCO + HUANUCO + JUNIN + SAN MARTIN,bounded_department_subset,0,6,bc,treat_12,2012,drop_rounding_band,adjacent_categories,p1_mserd,4193,1900,681,1219,904,996,280,624,401,595,283,581,281,243,0,5,1,1,0,.0249921683503121,.0343195079429439,.1377780285636883,.8032890378666349,-.2357204659028159,.3043594817887038,.011086567602613,.011086567602613,.0177441691440879,.0177441691440879,187,173
dept_subset,conflict_dept_subset_119,Conflict-belt departments: APURIMAC + AYACUCHO + CUSCO + HUANUCO + JUNIN + SAN MARTIN,bounded_department_subset,0,6,bc,treat_16,2016,drop_rounding_band,adjacent_categories,p1_mserd,4193,1900,784,1116,904,996,288,616,496,500,283,581,281,243,0,5,1,1,0,.142746137305275,.1497053881476671,.1350868550764887,.2677686256833629,-.1150599825870325,.4144707588823667,.0118963092783067,.0118963092783067,.0186996510505775,.0186996510505775,205,179
dept_subset,conflict_dept_subset_119,Conflict-belt departments: APURIMAC + AYACUCHO + CUSCO + HUANUCO + JUNIN + SAN MARTIN,bounded_department_subset,0,6,bc,treat_23,2023,drop_rounding_band,adjacent_categories,p1_mserd,4193,1900,1635,265,904,996,773,131,862,134,283,581,281,243,0,5,1,1,0,.0433328156366681,.0547675409587105,.0935480653620606,.558246426867906,-.1285832979743271,.2381183798917481,.0142411541428476,.0142411541428476,.0230324065102526,.0230324065102526,259,208
dept_subset,conflict_dept_subset_119,Conflict-belt departments: APURIMAC + AYACUCHO + CUSCO + HUANUCO + JUNIN + SAN MARTIN,bounded_department_subset,0,6,cd,treat_12,2012,drop_rounding_band,adjacent_categories,p1_mserd,4193,1677,396,1281,771,906,115,656,281,625,58,283,260,281,3,3,1,1,0,.0027816181148624,.0043205573814991,.1532232295000983,.9775043949931089,-.2959914540336086,.3046325687966067,.0034316201629844,.0034316201629844,.0053244426842989,.0053244426842989,159,126
dept_subset,conflict_dept_subset_119,Conflict-belt departments: APURIMAC + AYACUCHO + CUSCO + HUANUCO + JUNIN + SAN MARTIN,bounded_department_subset,0,6,cd,treat_16,2016,drop_rounding_band,adjacent_categories,p1_mserd,4193,1677,412,1265,771,906,123,648,289,617,58,283,260,281,3,3,1,1,0,.0636071832438202,.0727686653400436,.1523965067012657,.6330092349009104,-.2259229991641541,.3714603298442412,.0037983343574385,.0037983343574385,.005745533913069,.005745533913069,192,145
dept_subset,conflict_dept_subset_119,Conflict-belt departments: APURIMAC + AYACUCHO + CUSCO + HUANUCO + JUNIN + SAN MARTIN,bounded_department_subset,0,6,cd,treat_23,2023,drop_rounding_band,adjacent_categories,p1_mserd,4193,1677,1308,369,771,906,534,237,774,132,58,283,260,281,3,3,1,1,0,.0921599521631906,.106353045675575,.0930015223922047,.2528051557032228,-.0759265887205414,.2886326800716915,.0052108022221422,.0052108022221422,.0081926453163063,.0081926453163063,264,190
dept_subset,conflict_dept_subset_119,Conflict-belt departments: APURIMAC + AYACUCHO + CUSCO + HUANUCO + JUNIN + SAN MARTIN,bounded_department_subset,0,6,de,treat_12,2012,drop_rounding_band,adjacent_categories,p1_mserd,4193,1194,128,1066,470,724,16,454,112,612,13,57,181,255,47,47,1,1,0,-.104632205411181,-.153413082898028,.0887149590291888,.0837588359566932,-.3272912074851844,.0204650416891284,.001702063155548,.001702063155548,.0030721238696739,.0030721238696739,74,97
dept_subset,conflict_dept_subset_119,Conflict-belt departments: APURIMAC + AYACUCHO + CUSCO + HUANUCO + JUNIN + SAN MARTIN,bounded_department_subset,0,6,de,treat_16,2016,drop_rounding_band,adjacent_categories,p1_mserd,4193,1194,138,1056,470,724,18,452,120,604,13,57,181,255,47,47,1,1,0,-.0565757388505571,-.1333650759610019,.0937138325251662,.1547043201526947,-.3170408125635459,.0503106606415422,.0014250392414584,.0014250392414584,.0028384964063534,.0028384964063534,74,97
dept_subset,conflict_dept_subset_119,Conflict-belt departments: APURIMAC + AYACUCHO + CUSCO + HUANUCO + JUNIN + SAN MARTIN,bounded_department_subset,0,6,de,treat_23,2023,drop_rounding_band,adjacent_categories,p1_mserd,4193,1194,621,573,470,724,107,363,514,210,13,57,181,255,47,47,1,1,0,.6221182683862274,.6322530792042116,.8922679120560995,.4785782762611158,-1.116559892986495,2.381066051394918,.0011946664862515,.0011946664862515,.0028047502939665,.0028047502939665,70,54
dept_subset,conflict_dept_subset_123,Conflict-belt departments: APURIMAC + AYACUCHO + HUANCAVELICA + HUANUCO + JUNIN + SAN MARTIN,bounded_department_subset,0,6,ab,treat_12,2012,drop_rounding_band,adjacent_categories,p1_mserd,4468,2108,1086,1022,1029,1079,442,587,644,435,587,891,271,254,0,9,1,1,0,-.0434737781964378,-.0929900405755627,.1603072817467608,.5618649079530934,-.4071865392587291,.2212064581076036,.0222250020117168,.0222250020117168,.0368507759889803,.0368507759889803,184,115
dept_subset,conflict_dept_subset_123,Conflict-belt departments: APURIMAC + AYACUCHO + HUANCAVELICA + HUANUCO + JUNIN + SAN MARTIN,bounded_department_subset,0,6,ab,treat_16,2016,drop_rounding_band,adjacent_categories,p1_mserd,4468,2108,1420,688,1029,1079,544,485,876,203,587,891,271,254,0,9,1,1,0,-.2307006220873256,-.2897949291205812,.1512817562456975,.055416369032823,-.5863017228801156,.0067118646389531,.0170132511735353,.0170132511735353,.0310346621002247,.0310346621002247,139,87
dept_subset,conflict_dept_subset_123,Conflict-belt departments: APURIMAC + AYACUCHO + HUANCAVELICA + HUANUCO + JUNIN + SAN MARTIN,bounded_department_subset,0,6,ab,treat_23,2023,drop_rounding_band,adjacent_categories,p1_mserd,4468,2108,1906,202,1029,1079,905,124,1001,78,587,891,271,254,0,9,1,1,0,.0202111528035913,.0314571858562664,.0743002091457633,.6720183947613361,-.1141685481132231,.177082919825756,.0399862596394621,.0399862596394621,.0547338447305529,.0547338447305529,350,208
dept_subset,conflict_dept_subset_123,Conflict-belt departments: APURIMAC + AYACUCHO + HUANCAVELICA + HUANUCO + JUNIN + SAN MARTIN,bounded_department_subset,0,6,bc,treat_12,2012,drop_rounding_band,adjacent_categories,p1_mserd,4468,2041,769,1272,1004,1037,321,683,448,589,290,588,320,272,0,4,1,1,0,.0526125943602982,.0433898886523765,.1084875273552701,.6891912932041968,-.1692417577357567,.2560215350405096,.0152034892955518,.0152034892955518,.0241286464121295,.0241286464121295,310,237
dept_subset,conflict_dept_subset_123,Conflict-belt departments: APURIMAC + AYACUCHO + HUANCAVELICA + HUANUCO + JUNIN + SAN MARTIN,bounded_department_subset,0,6,bc,treat_16,2016,drop_rounding_band,adjacent_categories,p1_mserd,4468,2041,880,1161,1004,1037,329,675,551,486,290,588,320,272,0,4,1,1,0,.1504522243499123,.1500064647557218,.101892309746554,.1409652709335493,-.0496987926491236,.3497117221605672,.0174995726956441,.0174995726956441,.0271359543839468,.0271359543839468,370,271
dept_subset,conflict_dept_subset_123,Conflict-belt departments: APURIMAC + AYACUCHO + HUANCAVELICA + HUANUCO + JUNIN + SAN MARTIN,bounded_department_subset,0,6,bc,treat_23,2023,drop_rounding_band,adjacent_categories,p1_mserd,4468,2041,1788,253,1004,1037,876,128,912,125,290,588,320,272,0,4,1,1,0,.0499275644419896,.0647065306089343,.0786335971355042,.4105725036896072,-.0894124877514859,.2188255489693545,.0155166889985679,.0155166889985679,.0258177930034798,.0258177930034798,317,241
dept_subset,conflict_dept_subset_123,Conflict-belt departments: APURIMAC + AYACUCHO + HUANCAVELICA + HUANUCO + JUNIN + SAN MARTIN,bounded_department_subset,0,6,cd,treat_12,2012,drop_rounding_band,adjacent_categories,p1_mserd,4468,1844,456,1388,838,1006,133,705,323,683,60,290,294,319,4,3,1,1,0,-.0594885394839992,-.0653182854136655,.1457078484030994,.6539492947909129,-.3509004205485622,.2202638497212313,.0033229337246973,.0033229337246973,.0052092095227066,.0052092095227066,172,138
dept_subset,conflict_dept_subset_123,Conflict-belt departments: APURIMAC + AYACUCHO + HUANCAVELICA + HUANUCO + JUNIN + SAN MARTIN,bounded_department_subset,0,6,cd,treat_16,2016,drop_rounding_band,adjacent_categories,p1_mserd,4468,1844,473,1371,838,1006,142,696,331,675,60,290,294,319,4,3,1,1,0,.0005782364331136,.0021362310331596,.146434966478777,.9883606672234279,-.2848710293425734,.2891434914088926,.0036308169222192,.0036308169222192,.0055308082899258,.0055308082899258,200,160
dept_subset,conflict_dept_subset_123,Conflict-belt departments: APURIMAC + AYACUCHO + HUANCAVELICA + HUANUCO + JUNIN + SAN MARTIN,bounded_department_subset,0,6,cd,treat_23,2023,drop_rounding_band,adjacent_categories,p1_mserd,4468,1844,1477,367,838,1006,599,239,878,128,60,290,294,319,4,3,1,1,0,.0730167879374601,.0794414347656662,.0812580277027085,.3282503573010862,-.0798213729864005,.2387042425177329,.0054072996076752,.0054072996076752,.0083349972603359,.0083349972603359,294,228
dept_subset,conflict_dept_subset_123,Conflict-belt departments: APURIMAC + AYACUCHO + HUANCAVELICA + HUANUCO + JUNIN + SAN MARTIN,bounded_department_subset,0,6,de,treat_12,2012,drop_rounding_band,adjacent_categories,p1_mserd,4468,1290,149,1141,504,786,19,485,130,656,13,60,204,289,53,53,1,1,0,-.0653027534312277,-.1403995918670082,.0870568773455864,.1068022958843227,-.3110279360708785,.0302287523368621,.0014336903912113,.0014336903912113,.0028915361842107,.0028915361842107,77,102
dept_subset,conflict_dept_subset_123,Conflict-belt departments: APURIMAC + AYACUCHO + HUANCAVELICA + HUANUCO + JUNIN + SAN MARTIN,bounded_department_subset,0,6,de,treat_16,2016,drop_rounding_band,adjacent_categories,p1_mserd,4468,1290,160,1130,504,786,21,483,139,647,13,60,204,289,53,53,1,1,0,.0017741931686323,-.0396924490215551,.100901902334233,.6940413371736931,-.2374565435682297,.1580716455251195,.0013277001578755,.0013277001578755,.0027042949833874,.0027042949833874,71,56
dept_subset,conflict_dept_subset_123,Conflict-belt departments: APURIMAC + AYACUCHO + HUANCAVELICA + HUANUCO + JUNIN + SAN MARTIN,bounded_department_subset,0,6,de,treat_23,2023,drop_rounding_band,adjacent_categories,p1_mserd,4468,1290,695,595,504,786,122,382,573,213,13,60,204,289,53,53,1,1,0,.6134601988322679,.6323609696317263,.8864452351672275,.4756185541787788,-1.105039765563178,2.36976170482663,.001151429100405,.001151429100405,.0026454754236084,.0026454754236084,71,53
dept_subset,conflict_dept_subset_125,Conflict-belt departments: APURIMAC + CUSCO + HUANCAVELICA + HUANUCO + JUNIN + SAN MARTIN,bounded_department_subset,0,6,ab,treat_12,2012,drop_rounding_band,adjacent_categories,p1_mserd,3226,1231,579,652,607,624,263,344,316,308,419,549,204,190,0,10,1,1,0,.0053140168428911,-.0206781029647374,.1680630596673005,.9020771943000084,-.3500756470442524,.3087194411147776,.0365411324980774,.0365411324980774,.0521822325151017,.0521822325151017,169,104
dept_subset,conflict_dept_subset_125,Conflict-belt departments: APURIMAC + CUSCO + HUANCAVELICA + HUANUCO + JUNIN + SAN MARTIN,bounded_department_subset,0,6,ab,treat_16,2016,drop_rounding_band,adjacent_categories,p1_mserd,3226,1231,779,452,607,624,319,288,460,164,419,549,204,190,0,10,1,1,0,-.1433444206398742,-.1786251278953523,.158449966053828,.2596037093239422,-.4891813547124492,.1319310989217445,.0363689498121732,.0363689498121732,.0548976161733454,.0548976161733454,169,103
dept_subset,conflict_dept_subset_125,Conflict-belt departments: APURIMAC + CUSCO + HUANCAVELICA + HUANUCO + JUNIN + SAN MARTIN,bounded_department_subset,0,6,ab,treat_23,2023,drop_rounding_band,adjacent_categories,p1_mserd,3226,1231,1090,141,607,624,525,82,565,59,419,549,204,190,0,10,1,1,0,.0360361422385145,.0618653776447946,.0888782890790176,.4863859303826432,-.1123328679576195,.2360636232472087,.045689408646625,.045689408646625,.060512323692731,.060512323692731,232,134
dept_subset,conflict_dept_subset_125,Conflict-belt departments: APURIMAC + CUSCO + HUANCAVELICA + HUANUCO + JUNIN + SAN MARTIN,bounded_department_subset,0,6,bc,treat_12,2012,drop_rounding_band,adjacent_categories,p1_mserd,3226,1402,521,881,786,616,251,535,270,346,259,420,253,205,0,3,1,1,0,.0149845798492189,.0047853120623632,.1234038147828476,.9690676504225315,-.2370817204668696,.246652344591596,.0166402745381057,.0166402745381057,.0255429344315543,.0255429344315543,246,177
dept_subset,conflict_dept_subset_125,Conflict-belt departments: APURIMAC + CUSCO + HUANCAVELICA + HUANUCO + JUNIN + SAN MARTIN,bounded_department_subset,0,6,bc,treat_16,2016,drop_rounding_band,adjacent_categories,p1_mserd,3226,1402,584,818,786,616,257,529,327,289,259,420,253,205,0,3,1,1,0,.1097214026777136,.1152451746818752,.1211329927846972,.3414045216928108,-.1221711285156815,.3526614778794319,.0171224216528414,.0171224216528414,.0260309905061035,.0260309905061035,259,179
dept_subset,conflict_dept_subset_125,Conflict-belt departments: APURIMAC + CUSCO + HUANCAVELICA + HUANUCO + JUNIN + SAN MARTIN,bounded_department_subset,0,6,bc,treat_23,2023,drop_rounding_band,adjacent_categories,p1_mserd,3226,1402,1208,194,786,616,675,111,533,83,259,420,253,205,0,3,1,1,0,.0311537394160744,.030817801939518,.1028905443803372,.7645431208528189,-.170843959395663,.232479563274699,.0152045212679516,.0152045212679516,.0243924580090265,.0243924580090265,215,164
dept_subset,conflict_dept_subset_125,Conflict-belt departments: APURIMAC + CUSCO + HUANCAVELICA + HUANUCO + JUNIN + SAN MARTIN,bounded_department_subset,0,6,cd,treat_12,2012,drop_rounding_band,adjacent_categories,p1_mserd,3226,1527,373,1154,738,789,120,618,253,536,59,259,247,253,2,1,1,1,0,-.1048470144150084,-.1280190797803208,.14684092417942,.383305745028282,-.4158220026285607,.1597838430679192,.0035218121576684,.0035218121576684,.0055355661926123,.0055355661926123,152,134
dept_subset,conflict_dept_subset_125,Conflict-belt departments: APURIMAC + CUSCO + HUANCAVELICA + HUANUCO + JUNIN + SAN MARTIN,bounded_department_subset,0,6,cd,treat_16,2016,drop_rounding_band,adjacent_categories,p1_mserd,3226,1527,386,1141,738,789,127,611,259,530,59,259,247,253,2,1,1,1,0,-.073146790429366,-.09032985049704,.1466817662586873,.5380120425133852,-.3778208295527896,.1971611285587096,.0039025830077341,.0039025830077341,.0058977069411039,.0058977069411039,182,148
dept_subset,conflict_dept_subset_125,Conflict-belt departments: APURIMAC + CUSCO + HUANCAVELICA + HUANUCO + JUNIN + SAN MARTIN,bounded_department_subset,0,6,cd,treat_23,2023,drop_rounding_band,adjacent_categories,p1_mserd,3226,1527,1203,324,738,789,526,212,677,112,59,259,247,253,2,1,1,1,0,.0865601497891146,.0984749450675573,.1018701831957196,.3337085621349221,-.1011869450945505,.298136835229665,.0044441371449502,.0044441371449502,.0068333465394039,.0068333465394039,216,157
dept_subset,conflict_dept_subset_125,Conflict-belt departments: APURIMAC + CUSCO + HUANCAVELICA + HUANUCO + JUNIN + SAN MARTIN,bounded_department_subset,0,6,de,treat_12,2012,drop_rounding_band,adjacent_categories,p1_mserd,3226,1146,135,1011,457,689,18,439,117,572,12,59,176,243,50,50,1,1,0,-.1318561935393027,-.1725471030069127,.0981851798486021,.0788557808739423,-.3649865193257606,.0198923133119353,.0017286259245168,.0017286259245168,.0030979403692585,.0030979403692585,66,91
dept_subset,conflict_dept_subset_125,Conflict-belt departments: APURIMAC + CUSCO + HUANCAVELICA + HUANUCO + JUNIN + SAN MARTIN,bounded_department_subset,0,6,de,treat_16,2016,drop_rounding_band,adjacent_categories,p1_mserd,3226,1146,144,1002,457,689,20,437,124,565,12,59,176,243,50,50,1,1,0,-.1024397866929465,-.1776554165082793,.099273307609167,.0735248744818919,-.3722275240484128,.0169166910318541,.0014867231671158,.0014867231671158,.0029141517252199,.0029141517252199,66,91
dept_subset,conflict_dept_subset_125,Conflict-belt departments: APURIMAC + CUSCO + HUANCAVELICA + HUANUCO + JUNIN + SAN MARTIN,bounded_department_subset,0,6,de,treat_23,2023,drop_rounding_band,adjacent_categories,p1_mserd,3226,1146,601,545,457,689,99,358,502,187,12,59,176,243,50,50,1,1,0,.6209727008469699,.6544837176314218,.8792881551665428,.45667467895282,-1.068889398527668,2.377856833790512,.001155638876735,.001155638876735,.0026387816042936,.0026387816042936,60,48
dept_subset,conflict_dept_subset_126,Conflict-belt departments: AYACUCHO + CUSCO + HUANCAVELICA + HUANUCO + JUNIN + SAN MARTIN,bounded_department_subset,0,6,ab,treat_12,2012,drop_rounding_band,adjacent_categories,p1_mserd,4128,1880,964,916,946,934,401,545,563,371,560,779,232,211,0,9,1,1,0,-.0627416239299926,-.1087764647713085,.1596622019153126,.495687204327293,-.4217086302176831,.2041557006750661,.0240176842688464,.0240176842688464,.0383571946399963,.0383571946399963,183,117
dept_subset,conflict_dept_subset_126,Conflict-belt departments: AYACUCHO + CUSCO + HUANCAVELICA + HUANUCO + JUNIN + SAN MARTIN,bounded_department_subset,0,6,ab,treat_16,2016,drop_rounding_band,adjacent_categories,p1_mserd,4128,1880,1233,647,946,934,487,459,746,188,560,779,232,211,0,9,1,1,0,-.1984875758545455,-.2558662307336206,.1560112387077694,.1009947730093949,-.5616426397843297,.0499101783170885,.0177599202195441,.0177599202195441,.031571030191715,.031571030191715,133,87
dept_subset,conflict_dept_subset_126,Conflict-belt departments: AYACUCHO + CUSCO + HUANCAVELICA + HUANUCO + JUNIN + SAN MARTIN,bounded_department_subset,0,6,ab,treat_23,2023,drop_rounding_band,adjacent_categories,p1_mserd,4128,1880,1673,207,946,934,823,123,850,84,560,779,232,211,0,9,1,1,0,.0238296448411621,.0346962833204325,.0786788223172418,.6592229098268169,-.1195113747673875,.1889039414082526,.0422198601702087,.0422198601702087,.0564807914416171,.0564807914416171,333,203
dept_subset,conflict_dept_subset_126,Conflict-belt departments: AYACUCHO + CUSCO + HUANCAVELICA + HUANUCO + JUNIN + SAN MARTIN,bounded_department_subset,0,6,bc,treat_12,2012,drop_rounding_band,adjacent_categories,p1_mserd,4128,1891,704,1187,936,955,296,640,408,547,282,561,284,233,0,5,1,1,0,-.0667922475463238,-.0796214687617613,.1191470597917664,.5039662779819623,-.3131454148174638,.1539024772939411,.0130899627124739,.0130899627124739,.0211302093633535,.0211302093633535,240,187
dept_subset,conflict_dept_subset_126,Conflict-belt departments: AYACUCHO + CUSCO + HUANCAVELICA + HUANUCO + JUNIN + SAN MARTIN,bounded_department_subset,0,6,bc,treat_16,2016,drop_rounding_band,adjacent_categories,p1_mserd,4128,1891,800,1091,936,955,305,631,495,460,282,561,284,233,0,5,1,1,0,.0728396931702273,.0557315336228063,.1151152072458349,.6282886284575551,-.1698901266518943,.2813531938975068,.0149382113917693,.0149382113917693,.024127441593649,.024127441593649,282,218
dept_subset,conflict_dept_subset_126,Conflict-belt departments: AYACUCHO + CUSCO + HUANCAVELICA + HUANUCO + JUNIN + SAN MARTIN,bounded_department_subset,0,6,bc,treat_23,2023,drop_rounding_band,adjacent_categories,p1_mserd,4128,1891,1648,243,936,955,817,119,831,124,282,561,284,233,0,5,1,1,0,-.0168579037346326,-.0109913637645251,.0865371804053159,.8989299550801531,-.1806011206825896,.1586183931535393,.0162881890403079,.0162881890403079,.026226925931444,.026226925931444,306,238
dept_subset,conflict_dept_subset_126,Conflict-belt departments: AYACUCHO + CUSCO + HUANCAVELICA + HUANUCO + JUNIN + SAN MARTIN,bounded_department_subset,0,6,cd,treat_12,2012,drop_rounding_band,adjacent_categories,p1_mserd,4128,1739,418,1321,799,940,120,679,298,642,59,282,268,285,3,2,1,1,0,-.0348371194482818,-.0421390294443955,.1485748026837879,.7767003502525617,-.3333402917147648,.2490622328259738,.0034199869740266,.0034199869740266,.00540659898358,.00540659898358,160,136
dept_subset,conflict_dept_subset_126,Conflict-belt departments: AYACUCHO + CUSCO + HUANCAVELICA + HUANUCO + JUNIN + SAN MARTIN,bounded_department_subset,0,6,cd,treat_16,2016,drop_rounding_band,adjacent_categories,p1_mserd,4128,1739,436,1303,799,940,129,670,307,633,59,282,268,285,3,2,1,1,0,.0307350704848194,.0361176610852859,.1501387361785003,.8098946749774409,-.2581488545089354,.3303841766795072,.0037387864950796,.0037387864950796,.0057312895082048,.0057312895082048,196,155
dept_subset,conflict_dept_subset_126,Conflict-belt departments: AYACUCHO + CUSCO + HUANCAVELICA + HUANUCO + JUNIN + SAN MARTIN,bounded_department_subset,0,6,cd,treat_23,2023,drop_rounding_band,adjacent_categories,p1_mserd,4128,1739,1392,347,799,940,572,227,820,120,59,282,268,285,3,2,1,1,0,.1691942672727491,.1968839539620546,.0854846913133915,.0212704791543081,.0293370377582833,.3644308701658259,.0035031762951155,.0035031762951155,.0057553331925302,.0057553331925302,161,149
dept_subset,conflict_dept_subset_126,Conflict-belt departments: AYACUCHO + CUSCO + HUANCAVELICA + HUANUCO + JUNIN + SAN MARTIN,bounded_department_subset,0,6,de,treat_12,2012,drop_rounding_band,adjacent_categories,p1_mserd,4128,1247,134,1113,498,749,17,481,117,632,13,59,195,263,51,51,1,1,0,-.0933921728344887,-.1557159094356418,.0853040797062643,.0679374326077184,-.3229088333942539,.0114770145229702,.0015466518711875,.0015466518711875,.0029781264855142,.0029781264855142,74,99
dept_subset,conflict_dept_subset_126,Conflict-belt departments: AYACUCHO + CUSCO + HUANCAVELICA + HUANUCO + JUNIN + SAN MARTIN,bounded_department_subset,0,6,de,treat_16,2016,drop_rounding_band,adjacent_categories,p1_mserd,4128,1247,145,1102,498,749,19,479,126,623,13,59,195,263,51,51,1,1,0,.0033945381892759,-.0408171507393913,.1012195474801233,.686761644444047,-.239203818331875,.1575695168530924,.0012896339679622,.0012896339679622,.0027746159337318,.0027746159337318,69,55
dept_subset,conflict_dept_subset_126,Conflict-belt departments: AYACUCHO + CUSCO + HUANCAVELICA + HUANUCO + JUNIN + SAN MARTIN,bounded_department_subset,0,6,de,treat_23,2023,drop_rounding_band,adjacent_categories,p1_mserd,4128,1247,665,582,498,749,119,379,546,203,13,59,195,263,51,51,1,1,0,.5836502487235151,.6211242528035399,.8089019306690423,.4425697641059648,-.9642943983326984,2.206542903939778,.0011866330618089,.0011866330618089,.0027270704252401,.0027270704252401,69,55
dept_subset,conflict_dept_subset_127,Conflict-belt departments: APURIMAC + AYACUCHO + CUSCO + HUANCAVELICA + HUANUCO + JUNIN + SAN MARTIN,bounded_department_subset,0,7,ab,treat_12,2012,drop_rounding_band,adjacent_categories,p1_mserd,4614,2186,1099,1087,1067,1119,450,617,649,470,601,918,282,267,0,10,1,1,0,-.0560785844950247,-.1005807095518217,.1495590024925839,.5012557366891244,-.3937109680010222,.1925495488973787,.0241524328498825,.0241524328498825,.0390288810827268,.0390288810827268,214,134
dept_subset,conflict_dept_subset_127,Conflict-belt departments: APURIMAC + AYACUCHO + CUSCO + HUANCAVELICA + HUANUCO + JUNIN + SAN MARTIN,bounded_department_subset,0,7,ab,treat_16,2016,drop_rounding_band,adjacent_categories,p1_mserd,4614,2186,1443,743,1067,1119,554,513,889,230,601,918,282,267,0,10,1,1,0,-.2376224927319137,-.2934756029824388,.1460119805329093,.0444373345121458,-.5796538261383045,-.0072973798265731,.0179667196274972,.0179667196274972,.0323436856351674,.0323436856351674,159,98
dept_subset,conflict_dept_subset_127,Conflict-belt departments: APURIMAC + AYACUCHO + CUSCO + HUANCAVELICA + HUANUCO + JUNIN + SAN MARTIN,bounded_department_subset,0,7,ab,treat_23,2023,drop_rounding_band,adjacent_categories,p1_mserd,4614,2186,1959,227,1067,1119,932,135,1027,92,601,918,282,267,0,10,1,1,0,.0320955387328929,.0449312626504337,.075223501688262,.5503047520757258,-.1025040914495478,.1923666167504151,.0387143014192381,.0387143014192381,.0529918443416763,.0529918443416763,349,208
dept_subset,conflict_dept_subset_127,Conflict-belt departments: APURIMAC + AYACUCHO + CUSCO + HUANCAVELICA + HUANUCO + JUNIN + SAN MARTIN,bounded_department_subset,0,7,bc,treat_12,2012,drop_rounding_band,adjacent_categories,p1_mserd,4614,2110,781,1329,1034,1076,324,710,457,619,291,602,327,283,0,5,1,1,0,.0448155965454425,.0380201957896029,.1054126781996451,.7183390248319195,-.1685848569956119,.2446252485748178,.0152957726520007,.0152957726520007,.0241285010402375,.0241285010402375,318,246
dept_subset,conflict_dept_subset_127,Conflict-belt departments: APURIMAC + AYACUCHO + CUSCO + HUANCAVELICA + HUANUCO + JUNIN + SAN MARTIN,bounded_department_subset,0,7,bc,treat_16,2016,drop_rounding_band,adjacent_categories,p1_mserd,4614,2110,895,1215,1034,1076,333,701,562,514,291,602,327,283,0,5,1,1,0,.1400929270416034,.1388999395426476,.1015584915626227,.1714109623047693,-.0601510462443078,.337950925329603,.0169486666260882,.0169486666260882,.0262230924760343,.0262230924760343,375,271
dept_subset,conflict_dept_subset_127,Conflict-belt departments: APURIMAC + AYACUCHO + CUSCO + HUANCAVELICA + HUANUCO + JUNIN + SAN MARTIN,bounded_department_subset,0,7,bc,treat_23,2023,drop_rounding_band,adjacent_categories,p1_mserd,4614,2110,1837,273,1034,1076,897,137,940,136,291,602,327,283,0,5,1,1,0,.021228166969824,.0335367085370384,.0821105581928563,.6829553906720162,-.1273970282714402,.194470445345517,.0154261835058566,.0154261835058566,.0252162056850083,.0252162056850083,324,249
dept_subset,conflict_dept_subset_127,Conflict-belt departments: APURIMAC + AYACUCHO + CUSCO + HUANCAVELICA + HUANUCO + JUNIN + SAN MARTIN,bounded_department_subset,0,7,cd,treat_12,2012,drop_rounding_band,adjacent_categories,p1_mserd,4614,1895,462,1433,858,1037,136,722,326,711,60,291,299,327,4,3,1,1,0,-.0601566453798515,-.0649214489705075,.142352616362435,.648346253342941,-.3439274501459273,.2140845522049123,.0033978261109948,.0033978261109948,.0053150351304143,.0053150351304143,178,147
dept_subset,conflict_dept_subset_127,Conflict-belt departments: APURIMAC + AYACUCHO + CUSCO + HUANCAVELICA + HUANUCO + JUNIN + SAN MARTIN,bounded_department_subset,0,7,cd,treat_16,2016,drop_rounding_band,adjacent_categories,p1_mserd,4614,1895,480,1415,858,1037,145,713,335,702,60,291,299,327,4,3,1,1,0,-.003221938024796,-.0003689537917638,.1424445028110533,.9979333551023442,-.2795550490971426,.278817141513615,.0037343782787246,.0037343782787246,.0056662069014413,.0056662069014413,216,168
dept_subset,conflict_dept_subset_127,Conflict-belt departments: APURIMAC + AYACUCHO + CUSCO + HUANCAVELICA + HUANUCO + JUNIN + SAN MARTIN,bounded_department_subset,0,7,cd,treat_23,2023,drop_rounding_band,adjacent_categories,p1_mserd,4614,1895,1510,385,858,1037,611,247,899,138,60,291,299,327,4,3,1,1,0,.0776720382232627,.0860062302831786,.0841287377972121,.3066309378562236,-.0788830658641708,.2508955264305279,.00509566915494,.00509566915494,.0078936703725712,.0078936703725712,282,220
dept_subset,conflict_dept_subset_127,Conflict-belt departments: APURIMAC + AYACUCHO + CUSCO + HUANCAVELICA + HUANUCO + JUNIN + SAN MARTIN,bounded_department_subset,0,7,de,treat_12,2012,drop_rounding_band,adjacent_categories,p1_mserd,4614,1325,152,1173,520,805,19,501,133,672,13,60,210,294,54,54,1,1,0,-.0273283071707346,-.0920512150861961,.0794183701013867,.2464288599419472,-.2477083601957866,.0636059300233945,.0013962486788113,.0013962486788113,.00287361011043,.00287361011043,72,104
dept_subset,conflict_dept_subset_127,Conflict-belt departments: APURIMAC + AYACUCHO + CUSCO + HUANCAVELICA + HUANUCO + JUNIN + SAN MARTIN,bounded_department_subset,0,7,de,treat_16,2016,drop_rounding_band,adjacent_categories,p1_mserd,4614,1325,163,1162,520,805,21,499,142,663,13,60,210,294,54,54,1,1,0,.0079216945877524,-.0413633693559259,.0917317389793527,.6520496156860822,-.2211542739946862,.1384275352828345,.0013395077428708,.0013395077428708,.0027281460142835,.0027281460142835,72,58
dept_subset,conflict_dept_subset_127,Conflict-belt departments: APURIMAC + AYACUCHO + CUSCO + HUANCAVELICA + HUANUCO + JUNIN + SAN MARTIN,bounded_department_subset,0,7,de,treat_23,2023,drop_rounding_band,adjacent_categories,p1_mserd,4614,1325,709,616,520,805,124,396,585,220,13,60,210,294,54,54,1,1,0,.5943070466592815,.6162833513009147,.8796098705118491,.4835323277300154,-1.10772031534825,2.340287017950079,.001166821674117,.001166821674117,.002706727900518,.002706727900518,72,53
