grid_scope,candidate_id,candidate_label,candidate_type,team_review_eligible,subset_size,candidate_n
broad_atlas,dept_01,Department: ANCASH,atlas_department,0,1,65
broad_atlas,dept_02,Department: APURIMAC,atlas_department,0,1,486
broad_atlas,dept_03,Department: AYACUCHO,atlas_department,0,1,1388
broad_atlas,dept_04,Department: CAJAMARCA,atlas_department,0,1,90
broad_atlas,dept_05,Department: CUSCO,atlas_department,0,1,146
broad_atlas,dept_06,Department: HUANCAVELICA,atlas_department,0,1,421
broad_atlas,dept_07,Department: HUANUCO,atlas_department,0,1,858
broad_atlas,dept_08,Department: JUNIN,atlas_department,0,1,758
broad_atlas,dept_09,Department: LA LIBERTAD,atlas_department,0,1,18
broad_atlas,dept_10,Department: LIMA,atlas_department,0,1,52
broad_atlas,dept_11,Department: PASCO,atlas_department,0,1,361
broad_atlas,dept_12,Department: PIURA,atlas_department,0,1,76
broad_atlas,dept_13,Department: PUNO,atlas_department,0,1,226
broad_atlas,dept_14,Department: SAN MARTIN,atlas_department,0,1,557
broad_atlas,dept_15,Department: UCAYALI,atlas_department,0,1,210
broad_atlas,dept_pair_01_02,Departments: ANCASH + APURIMAC,atlas_department_pair,0,2,551
broad_atlas,dept_pair_01_03,Departments: ANCASH + AYACUCHO,atlas_department_pair,0,2,1453
broad_atlas,dept_pair_01_04,Departments: ANCASH + CAJAMARCA,atlas_department_pair,0,2,155
broad_atlas,dept_pair_01_05,Departments: ANCASH + CUSCO,atlas_department_pair,0,2,211
broad_atlas,dept_pair_01_06,Departments: ANCASH + HUANCAVELICA,atlas_department_pair,0,2,486
broad_atlas,dept_pair_01_07,Departments: ANCASH + HUANUCO,atlas_department_pair,0,2,923
broad_atlas,dept_pair_01_08,Departments: ANCASH + JUNIN,atlas_department_pair,0,2,823
broad_atlas,dept_pair_01_09,Departments: ANCASH + LA LIBERTAD,atlas_department_pair,0,2,83
broad_atlas,dept_pair_01_10,Departments: ANCASH + LIMA,atlas_department_pair,0,2,117
broad_atlas,dept_pair_01_11,Departments: ANCASH + PASCO,atlas_department_pair,0,2,426
broad_atlas,dept_pair_01_12,Departments: ANCASH + PIURA,atlas_department_pair,0,2,141
broad_atlas,dept_pair_01_13,Departments: ANCASH + PUNO,atlas_department_pair,0,2,291
broad_atlas,dept_pair_01_14,Departments: ANCASH + SAN MARTIN,atlas_department_pair,0,2,622
broad_atlas,dept_pair_01_15,Departments: ANCASH + UCAYALI,atlas_department_pair,0,2,275
broad_atlas,dept_pair_02_03,Departments: APURIMAC + AYACUCHO,atlas_department_pair,0,2,1874
broad_atlas,dept_pair_02_04,Departments: APURIMAC + CAJAMARCA,atlas_department_pair,0,2,576
broad_atlas,dept_pair_02_05,Departments: APURIMAC + CUSCO,atlas_department_pair,0,2,632
broad_atlas,dept_pair_02_06,Departments: APURIMAC + HUANCAVELICA,atlas_department_pair,0,2,907
broad_atlas,dept_pair_02_07,Departments: APURIMAC + HUANUCO,atlas_department_pair,0,2,1344
broad_atlas,dept_pair_02_08,Departments: APURIMAC + JUNIN,atlas_department_pair,0,2,1244
broad_atlas,dept_pair_02_09,Departments: APURIMAC + LA LIBERTAD,atlas_department_pair,0,2,504
broad_atlas,dept_pair_02_10,Departments: APURIMAC + LIMA,atlas_department_pair,0,2,538
broad_atlas,dept_pair_02_11,Departments: APURIMAC + PASCO,atlas_department_pair,0,2,847
broad_atlas,dept_pair_02_12,Departments: APURIMAC + PIURA,atlas_department_pair,0,2,562
broad_atlas,dept_pair_02_13,Departments: APURIMAC + PUNO,atlas_department_pair,0,2,712
broad_atlas,dept_pair_02_14,Departments: APURIMAC + SAN MARTIN,atlas_department_pair,0,2,1043
broad_atlas,dept_pair_02_15,Departments: APURIMAC + UCAYALI,atlas_department_pair,0,2,696
broad_atlas,dept_pair_03_04,Departments: AYACUCHO + CAJAMARCA,atlas_department_pair,0,2,1478
broad_atlas,dept_pair_03_05,Departments: AYACUCHO + CUSCO,atlas_department_pair,0,2,1534
broad_atlas,dept_pair_03_06,Departments: AYACUCHO + HUANCAVELICA,atlas_department_pair,0,2,1809
broad_atlas,dept_pair_03_07,Departments: AYACUCHO + HUANUCO,atlas_department_pair,0,2,2246
broad_atlas,dept_pair_03_08,Departments: AYACUCHO + JUNIN,atlas_department_pair,0,2,2146
broad_atlas,dept_pair_03_09,Departments: AYACUCHO + LA LIBERTAD,atlas_department_pair,0,2,1406
broad_atlas,dept_pair_03_10,Departments: AYACUCHO + LIMA,atlas_department_pair,0,2,1440
broad_atlas,dept_pair_03_11,Departments: AYACUCHO + PASCO,atlas_department_pair,0,2,1749
broad_atlas,dept_pair_03_12,Departments: AYACUCHO + PIURA,atlas_department_pair,0,2,1464
broad_atlas,dept_pair_03_13,Departments: AYACUCHO + PUNO,atlas_department_pair,0,2,1614
broad_atlas,dept_pair_03_14,Departments: AYACUCHO + SAN MARTIN,atlas_department_pair,0,2,1945
broad_atlas,dept_pair_03_15,Departments: AYACUCHO + UCAYALI,atlas_department_pair,0,2,1598
broad_atlas,dept_pair_04_05,Departments: CAJAMARCA + CUSCO,atlas_department_pair,0,2,236
broad_atlas,dept_pair_04_06,Departments: CAJAMARCA + HUANCAVELICA,atlas_department_pair,0,2,511
broad_atlas,dept_pair_04_07,Departments: CAJAMARCA + HUANUCO,atlas_department_pair,0,2,948
broad_atlas,dept_pair_04_08,Departments: CAJAMARCA + JUNIN,atlas_department_pair,0,2,848
broad_atlas,dept_pair_04_09,Departments: CAJAMARCA + LA LIBERTAD,atlas_department_pair,0,2,108
broad_atlas,dept_pair_04_10,Departments: CAJAMARCA + LIMA,atlas_department_pair,0,2,142
broad_atlas,dept_pair_04_11,Departments: CAJAMARCA + PASCO,atlas_department_pair,0,2,451
broad_atlas,dept_pair_04_12,Departments: CAJAMARCA + PIURA,atlas_department_pair,0,2,166
broad_atlas,dept_pair_04_13,Departments: CAJAMARCA + PUNO,atlas_department_pair,0,2,316
broad_atlas,dept_pair_04_14,Departments: CAJAMARCA + SAN MARTIN,atlas_department_pair,0,2,647
broad_atlas,dept_pair_04_15,Departments: CAJAMARCA + UCAYALI,atlas_department_pair,0,2,300
broad_atlas,dept_pair_05_06,Departments: CUSCO + HUANCAVELICA,atlas_department_pair,0,2,567
broad_atlas,dept_pair_05_07,Departments: CUSCO + HUANUCO,atlas_department_pair,0,2,1004
broad_atlas,dept_pair_05_08,Departments: CUSCO + JUNIN,atlas_department_pair,0,2,904
broad_atlas,dept_pair_05_09,Departments: CUSCO + LA LIBERTAD,atlas_department_pair,0,2,164
broad_atlas,dept_pair_05_10,Departments: CUSCO + LIMA,atlas_department_pair,0,2,198
broad_atlas,dept_pair_05_11,Departments: CUSCO + PASCO,atlas_department_pair,0,2,507
broad_atlas,dept_pair_05_12,Departments: CUSCO + PIURA,atlas_department_pair,0,2,222
broad_atlas,dept_pair_05_13,Departments: CUSCO + PUNO,atlas_department_pair,0,2,372
broad_atlas,dept_pair_05_14,Departments: CUSCO + SAN MARTIN,atlas_department_pair,0,2,703
broad_atlas,dept_pair_05_15,Departments: CUSCO + UCAYALI,atlas_department_pair,0,2,356
broad_atlas,dept_pair_06_07,Departments: HUANCAVELICA + HUANUCO,atlas_department_pair,0,2,1279
broad_atlas,dept_pair_06_08,Departments: HUANCAVELICA + JUNIN,atlas_department_pair,0,2,1179
broad_atlas,dept_pair_06_09,Departments: HUANCAVELICA + LA LIBERTAD,atlas_department_pair,0,2,439
broad_atlas,dept_pair_06_10,Departments: HUANCAVELICA + LIMA,atlas_department_pair,0,2,473
broad_atlas,dept_pair_06_11,Departments: HUANCAVELICA + PASCO,atlas_department_pair,0,2,782
broad_atlas,dept_pair_06_12,Departments: HUANCAVELICA + PIURA,atlas_department_pair,0,2,497
broad_atlas,dept_pair_06_13,Departments: HUANCAVELICA + PUNO,atlas_department_pair,0,2,647
broad_atlas,dept_pair_06_14,Departments: HUANCAVELICA + SAN MARTIN,atlas_department_pair,0,2,978
broad_atlas,dept_pair_06_15,Departments: HUANCAVELICA + UCAYALI,atlas_department_pair,0,2,631
broad_atlas,dept_pair_07_08,Departments: HUANUCO + JUNIN,atlas_department_pair,0,2,1616
broad_atlas,dept_pair_07_09,Departments: HUANUCO + LA LIBERTAD,atlas_department_pair,0,2,876
broad_atlas,dept_pair_07_10,Departments: HUANUCO + LIMA,atlas_department_pair,0,2,910
broad_atlas,dept_pair_07_11,Departments: HUANUCO + PASCO,atlas_department_pair,0,2,1219
broad_atlas,dept_pair_07_12,Departments: HUANUCO + PIURA,atlas_department_pair,0,2,934
broad_atlas,dept_pair_07_13,Departments: HUANUCO + PUNO,atlas_department_pair,0,2,1084
broad_atlas,dept_pair_07_14,Departments: HUANUCO + SAN MARTIN,atlas_department_pair,0,2,1415
broad_atlas,dept_pair_07_15,Departments: HUANUCO + UCAYALI,atlas_department_pair,0,2,1068
broad_atlas,dept_pair_08_09,Departments: JUNIN + LA LIBERTAD,atlas_department_pair,0,2,776
broad_atlas,dept_pair_08_10,Departments: JUNIN + LIMA,atlas_department_pair,0,2,810
broad_atlas,dept_pair_08_11,Departments: JUNIN + PASCO,atlas_department_pair,0,2,1119
broad_atlas,dept_pair_08_12,Departments: JUNIN + PIURA,atlas_department_pair,0,2,834
broad_atlas,dept_pair_08_13,Departments: JUNIN + PUNO,atlas_department_pair,0,2,984
broad_atlas,dept_pair_08_14,Departments: JUNIN + SAN MARTIN,atlas_department_pair,0,2,1315
broad_atlas,dept_pair_08_15,Departments: JUNIN + UCAYALI,atlas_department_pair,0,2,968
broad_atlas,dept_pair_09_10,Departments: LA LIBERTAD + LIMA,atlas_department_pair,0,2,70
broad_atlas,dept_pair_09_11,Departments: LA LIBERTAD + PASCO,atlas_department_pair,0,2,379
broad_atlas,dept_pair_09_12,Departments: LA LIBERTAD + PIURA,atlas_department_pair,0,2,94
broad_atlas,dept_pair_09_13,Departments: LA LIBERTAD + PUNO,atlas_department_pair,0,2,244
broad_atlas,dept_pair_09_14,Departments: LA LIBERTAD + SAN MARTIN,atlas_department_pair,0,2,575
broad_atlas,dept_pair_09_15,Departments: LA LIBERTAD + UCAYALI,atlas_department_pair,0,2,228
broad_atlas,dept_pair_10_11,Departments: LIMA + PASCO,atlas_department_pair,0,2,413
broad_atlas,dept_pair_10_12,Departments: LIMA + PIURA,atlas_department_pair,0,2,128
broad_atlas,dept_pair_10_13,Departments: LIMA + PUNO,atlas_department_pair,0,2,278
broad_atlas,dept_pair_10_14,Departments: LIMA + SAN MARTIN,atlas_department_pair,0,2,609
broad_atlas,dept_pair_10_15,Departments: LIMA + UCAYALI,atlas_department_pair,0,2,262
broad_atlas,dept_pair_11_12,Departments: PASCO + PIURA,atlas_department_pair,0,2,437
broad_atlas,dept_pair_11_13,Departments: PASCO + PUNO,atlas_department_pair,0,2,587
broad_atlas,dept_pair_11_14,Departments: PASCO + SAN MARTIN,atlas_department_pair,0,2,918
broad_atlas,dept_pair_11_15,Departments: PASCO + UCAYALI,atlas_department_pair,0,2,571
broad_atlas,dept_pair_12_13,Departments: PIURA + PUNO,atlas_department_pair,0,2,302
broad_atlas,dept_pair_12_14,Departments: PIURA + SAN MARTIN,atlas_department_pair,0,2,633
broad_atlas,dept_pair_12_15,Departments: PIURA + UCAYALI,atlas_department_pair,0,2,286
broad_atlas,dept_pair_13_14,Departments: PUNO + SAN MARTIN,atlas_department_pair,0,2,783
broad_atlas,dept_pair_13_15,Departments: PUNO + UCAYALI,atlas_department_pair,0,2,436
broad_atlas,dept_pair_14_15,Departments: SAN MARTIN + UCAYALI,atlas_department_pair,0,2,767
broad_atlas,leaveout_dept_01,Leave out: ANCASH,atlas_leave_one_out,0,14,5647
broad_atlas,leaveout_dept_02,Leave out: APURIMAC,atlas_leave_one_out,0,14,5226
broad_atlas,leaveout_dept_03,Leave out: AYACUCHO,atlas_leave_one_out,0,14,4324
broad_atlas,leaveout_dept_04,Leave out: CAJAMARCA,atlas_leave_one_out,0,14,5622
broad_atlas,leaveout_dept_05,Leave out: CUSCO,atlas_leave_one_out,0,14,5566
broad_atlas,leaveout_dept_06,Leave out: HUANCAVELICA,atlas_leave_one_out,0,14,5291
broad_atlas,leaveout_dept_07,Leave out: HUANUCO,atlas_leave_one_out,0,14,4854
broad_atlas,leaveout_dept_08,Leave out: JUNIN,atlas_leave_one_out,0,14,4954
broad_atlas,leaveout_dept_09,Leave out: LA LIBERTAD,atlas_leave_one_out,0,14,5694
broad_atlas,leaveout_dept_10,Leave out: LIMA,atlas_leave_one_out,0,14,5660
broad_atlas,leaveout_dept_11,Leave out: PASCO,atlas_leave_one_out,0,14,5351
broad_atlas,leaveout_dept_12,Leave out: PIURA,atlas_leave_one_out,0,14,5636
broad_atlas,leaveout_dept_13,Leave out: PUNO,atlas_leave_one_out,0,14,5486
broad_atlas,leaveout_dept_14,Leave out: SAN MARTIN,atlas_leave_one_out,0,14,5155
broad_atlas,leaveout_dept_15,Leave out: UCAYALI,atlas_leave_one_out,0,14,5502
broad_atlas,province_cell_001,Province cell: ANCASH BOLOGNESI,atlas_province_cell,0,1,18
broad_atlas,province_cell_002,Province cell: ANCASH CARHUAZ,atlas_province_cell,0,1,2
broad_atlas,province_cell_003,Province cell: ANCASH HUARAZ,atlas_province_cell,0,1,14
broad_atlas,province_cell_004,Province cell: ANCASH HUARI,atlas_province_cell,0,1,21
broad_atlas,province_cell_005,Province cell: ANCASH OCROS,atlas_province_cell,0,1,5
broad_atlas,province_cell_006,Province cell: ANCASH RECUAY,atlas_province_cell,0,1,4
broad_atlas,province_cell_007,Province cell: ANCASH YUNGAY,atlas_province_cell,0,1,1
broad_atlas,province_cell_008,Province cell: APURIMAC ABANCAY,atlas_province_cell,0,1,64
broad_atlas,province_cell_009,Province cell: APURIMAC ANDAHUAYLAS,atlas_province_cell,0,1,93
broad_atlas,province_cell_010,Province cell: APURIMAC ANTABAMBA,atlas_province_cell,0,1,31
broad_atlas,province_cell_011,Province cell: APURIMAC AYMARAES,atlas_province_cell,0,1,94
broad_atlas,province_cell_012,Province cell: APURIMAC CHINCHEROS,atlas_province_cell,0,1,78
broad_atlas,province_cell_013,Province cell: APURIMAC COTABAMBAS,atlas_province_cell,0,1,61
broad_atlas,province_cell_014,Province cell: APURIMAC GRAU,atlas_province_cell,0,1,65
broad_atlas,province_cell_015,Province cell: AYACUCHO CANGALLO,atlas_province_cell,0,1,127
broad_atlas,province_cell_016,Province cell: AYACUCHO HUAMANGA,atlas_province_cell,0,1,333
broad_atlas,province_cell_017,Province cell: AYACUCHO HUANCASANCOS,atlas_province_cell,0,1,33
broad_atlas,province_cell_018,Province cell: AYACUCHO HUANTA,atlas_province_cell,0,1,237
broad_atlas,province_cell_019,Province cell: AYACUCHO LA MAR,atlas_province_cell,0,1,295
broad_atlas,province_cell_020,Province cell: AYACUCHO LUCANAS,atlas_province_cell,0,1,88
broad_atlas,province_cell_021,Province cell: AYACUCHO PARINACOCHAS,atlas_province_cell,0,1,52
broad_atlas,province_cell_022,Province cell: AYACUCHO PAUCAR DEL SARA SARA,atlas_province_cell,0,1,18
broad_atlas,province_cell_023,Province cell: AYACUCHO SUCRE,atlas_province_cell,0,1,28
broad_atlas,province_cell_024,Province cell: AYACUCHO VICTOR FAJARDO,atlas_province_cell,0,1,67
broad_atlas,province_cell_025,Province cell: AYACUCHO VILCAS HUAMAN,atlas_province_cell,0,1,110
broad_atlas,province_cell_026,Province cell: CAJAMARCA CAJABAMBA,atlas_province_cell,0,1,71
broad_atlas,province_cell_027,Province cell: CAJAMARCA SAN MARCOS,atlas_province_cell,0,1,19
broad_atlas,province_cell_028,Province cell: CUSCO ACOMAYO,atlas_province_cell,0,1,5
broad_atlas,province_cell_029,Province cell: CUSCO CALCA,atlas_province_cell,0,1,1
broad_atlas,province_cell_030,Province cell: CUSCO CANAS,atlas_province_cell,0,1,11
broad_atlas,province_cell_031,Province cell: CUSCO CANCHIS,atlas_province_cell,0,1,8
broad_atlas,province_cell_032,Province cell: CUSCO CHUMBIVILCAS,atlas_province_cell,0,1,16
broad_atlas,province_cell_033,Province cell: CUSCO LA CONVENCION,atlas_province_cell,0,1,104
broad_atlas,province_cell_034,Province cell: CUSCO PARURO,atlas_province_cell,0,1,1
broad_atlas,province_cell_035,Province cell: HUANCAVELICA ACOBAMBA,atlas_province_cell,0,1,56
broad_atlas,province_cell_036,Province cell: HUANCAVELICA ANGARAES,atlas_province_cell,0,1,76
broad_atlas,province_cell_037,Province cell: HUANCAVELICA CASTROVIRREYNA,atlas_province_cell,0,1,22
broad_atlas,province_cell_038,Province cell: HUANCAVELICA CHURCAMPA,atlas_province_cell,0,1,107
broad_atlas,province_cell_039,Province cell: HUANCAVELICA HUANCAVELICA,atlas_province_cell,0,1,92
broad_atlas,province_cell_040,Province cell: HUANCAVELICA HUAYTARA,atlas_province_cell,0,1,21
broad_atlas,province_cell_041,Province cell: HUANCAVELICA TAYACAJA,atlas_province_cell,0,1,47
broad_atlas,province_cell_042,Province cell: HUANUCO AMBO,atlas_province_cell,0,1,122
broad_atlas,province_cell_043,Province cell: HUANUCO DOS DE MAYO,atlas_province_cell,0,1,32
broad_atlas,province_cell_044,Province cell: HUANUCO HUACAYBAMBA,atlas_province_cell,0,1,10
broad_atlas,province_cell_045,Province cell: HUANUCO HUAMALIES,atlas_province_cell,0,1,115
broad_atlas,province_cell_046,Province cell: HUANUCO HUANUCO,atlas_province_cell,0,1,140
broad_atlas,province_cell_047,Province cell: HUANUCO LAURICOCHA,atlas_province_cell,0,1,34
broad_atlas,province_cell_048,Province cell: HUANUCO LEONCIO PRADO,atlas_province_cell,0,1,241
broad_atlas,province_cell_049,Province cell: HUANUCO MARANON,atlas_province_cell,0,1,43
broad_atlas,province_cell_050,Province cell: HUANUCO PACHITEA,atlas_province_cell,0,1,38
broad_atlas,province_cell_051,Province cell: HUANUCO PUERTO INCA,atlas_province_cell,0,1,36
broad_atlas,province_cell_052,Province cell: HUANUCO YAROWILCA,atlas_province_cell,0,1,47
broad_atlas,province_cell_053,Province cell: JUNIN CHANCHAMAYO,atlas_province_cell,0,1,53
broad_atlas,province_cell_054,Province cell: JUNIN CHUPACA,atlas_province_cell,0,1,19
broad_atlas,province_cell_055,Province cell: JUNIN CONCEPCION,atlas_province_cell,0,1,113
broad_atlas,province_cell_056,Province cell: JUNIN HUANCAYO,atlas_province_cell,0,1,151
broad_atlas,province_cell_057,Province cell: JUNIN JAUJA,atlas_province_cell,0,1,70
broad_atlas,province_cell_058,Province cell: JUNIN JUNIN,atlas_province_cell,0,1,62
broad_atlas,province_cell_059,Province cell: JUNIN SATIPO,atlas_province_cell,0,1,229
broad_atlas,province_cell_060,Province cell: JUNIN TARMA,atlas_province_cell,0,1,53
broad_atlas,province_cell_061,Province cell: JUNIN YAULI,atlas_province_cell,0,1,8
broad_atlas,province_cell_062,Province cell: LA LIBERTAD OTUZCO,atlas_province_cell,0,1,5
broad_atlas,province_cell_063,Province cell: LA LIBERTAD SANCHEZ CARRION,atlas_province_cell,0,1,9
broad_atlas,province_cell_064,Province cell: LA LIBERTAD SANTIAGO DE CHUCO,atlas_province_cell,0,1,4
broad_atlas,province_cell_065,Province cell: LIMA CAJATAMBO,atlas_province_cell,0,1,13
broad_atlas,province_cell_066,Province cell: LIMA OYON,atlas_province_cell,0,1,11
broad_atlas,province_cell_067,Province cell: LIMA YAUYOS,atlas_province_cell,0,1,28
broad_atlas,province_cell_068,Province cell: PASCO DANIEL ALCIDES CARRION,atlas_province_cell,0,1,97
broad_atlas,province_cell_069,Province cell: PASCO OXAPAMPA,atlas_province_cell,0,1,174
broad_atlas,province_cell_070,Province cell: PASCO PASCO,atlas_province_cell,0,1,90
broad_atlas,province_cell_071,Province cell: PIURA AYABACA,atlas_province_cell,0,1,1
broad_atlas,province_cell_072,Province cell: PIURA HUANCABAMBA,atlas_province_cell,0,1,72
broad_atlas,province_cell_073,Province cell: PIURA MORROPON,atlas_province_cell,0,1,2
broad_atlas,province_cell_074,Province cell: PIURA PIURA,atlas_province_cell,0,1,1
broad_atlas,province_cell_075,Province cell: PUNO AZANGARO,atlas_province_cell,0,1,116
broad_atlas,province_cell_076,Province cell: PUNO CARABAYA,atlas_province_cell,0,1,4
broad_atlas,province_cell_077,Province cell: PUNO HUANCANE,atlas_province_cell,0,1,23
broad_atlas,province_cell_078,Province cell: PUNO LAMPA,atlas_province_cell,0,1,15
broad_atlas,province_cell_079,Province cell: PUNO MELGAR,atlas_province_cell,0,1,52
broad_atlas,province_cell_080,Province cell: PUNO PUNO,atlas_province_cell,0,1,1
broad_atlas,province_cell_081,Province cell: PUNO SAN ANTONIO DE PUTINA,atlas_province_cell,0,1,12
broad_atlas,province_cell_082,Province cell: PUNO SANDIA,atlas_province_cell,0,1,3
broad_atlas,province_cell_083,Province cell: SAN MARTIN BELLAVISTA,atlas_province_cell,0,1,51
broad_atlas,province_cell_084,Province cell: SAN MARTIN EL DORADO,atlas_province_cell,0,1,38
broad_atlas,province_cell_085,Province cell: SAN MARTIN HUALLAGA,atlas_province_cell,0,1,35
broad_atlas,province_cell_086,Province cell: SAN MARTIN LAMAS,atlas_province_cell,0,1,73
broad_atlas,province_cell_087,Province cell: SAN MARTIN MARISCAL CACERES,atlas_province_cell,0,1,63
broad_atlas,province_cell_088,Province cell: SAN MARTIN MOYOBAMBA,atlas_province_cell,0,1,31
broad_atlas,province_cell_089,Province cell: SAN MARTIN PICOTA,atlas_province_cell,0,1,28
broad_atlas,province_cell_090,Province cell: SAN MARTIN RIOJA,atlas_province_cell,0,1,28
broad_atlas,province_cell_091,Province cell: SAN MARTIN SAN MARTIN,atlas_province_cell,0,1,37
broad_atlas,province_cell_092,Province cell: SAN MARTIN TOCACHE,atlas_province_cell,0,1,173
broad_atlas,province_cell_093,Province cell: UCAYALI ATALAYA,atlas_province_cell,0,1,9
broad_atlas,province_cell_094,Province cell: UCAYALI CORONEL PORTILLO,atlas_province_cell,0,1,105
broad_atlas,province_cell_095,Province cell: UCAYALI PADRE ABAD,atlas_province_cell,0,1,96
dept_subset,conflict_dept_subset_001,Conflict-belt departments: APURIMAC,bounded_department_subset,0,1,486
dept_subset,conflict_dept_subset_002,Conflict-belt departments: AYACUCHO,bounded_department_subset,0,1,1388
dept_subset,conflict_dept_subset_003,Conflict-belt departments: APURIMAC + AYACUCHO,bounded_department_subset,0,2,1874
dept_subset,conflict_dept_subset_004,Conflict-belt departments: CUSCO,bounded_department_subset,0,1,146
dept_subset,conflict_dept_subset_005,Conflict-belt departments: APURIMAC + CUSCO,bounded_department_subset,0,2,632
dept_subset,conflict_dept_subset_006,Conflict-belt departments: AYACUCHO + CUSCO,bounded_department_subset,0,2,1534
dept_subset,conflict_dept_subset_007,Conflict-belt departments: APURIMAC + AYACUCHO + CUSCO,bounded_department_subset,0,3,2020
dept_subset,conflict_dept_subset_008,Conflict-belt departments: HUANCAVELICA,bounded_department_subset,0,1,421
dept_subset,conflict_dept_subset_009,Conflict-belt departments: APURIMAC + HUANCAVELICA,bounded_department_subset,0,2,907
dept_subset,conflict_dept_subset_010,Conflict-belt departments: AYACUCHO + HUANCAVELICA,bounded_department_subset,0,2,1809
dept_subset,conflict_dept_subset_011,Conflict-belt departments: APURIMAC + AYACUCHO + HUANCAVELICA,bounded_department_subset,0,3,2295
dept_subset,conflict_dept_subset_012,Conflict-belt departments: CUSCO + HUANCAVELICA,bounded_department_subset,0,2,567
dept_subset,conflict_dept_subset_013,Conflict-belt departments: APURIMAC + CUSCO + HUANCAVELICA,bounded_department_subset,0,3,1053
dept_subset,conflict_dept_subset_014,Conflict-belt departments: AYACUCHO + CUSCO + HUANCAVELICA,bounded_department_subset,0,3,1955
dept_subset,conflict_dept_subset_015,Conflict-belt departments: APURIMAC + AYACUCHO + CUSCO + HUANCAVELICA,bounded_department_subset,0,4,2441
dept_subset,conflict_dept_subset_016,Conflict-belt departments: HUANUCO,bounded_department_subset,0,1,858
dept_subset,conflict_dept_subset_017,Conflict-belt departments: APURIMAC + HUANUCO,bounded_department_subset,0,2,1344
dept_subset,conflict_dept_subset_018,Conflict-belt departments: AYACUCHO + HUANUCO,bounded_department_subset,0,2,2246
dept_subset,conflict_dept_subset_019,Conflict-belt departments: APURIMAC + AYACUCHO + HUANUCO,bounded_department_subset,0,3,2732
dept_subset,conflict_dept_subset_020,Conflict-belt departments: CUSCO + HUANUCO,bounded_department_subset,0,2,1004
dept_subset,conflict_dept_subset_021,Conflict-belt departments: APURIMAC + CUSCO + HUANUCO,bounded_department_subset,0,3,1490
dept_subset,conflict_dept_subset_022,Conflict-belt departments: AYACUCHO + CUSCO + HUANUCO,bounded_department_subset,0,3,2392
dept_subset,conflict_dept_subset_023,Conflict-belt departments: APURIMAC + AYACUCHO + CUSCO + HUANUCO,bounded_department_subset,0,4,2878
dept_subset,conflict_dept_subset_024,Conflict-belt departments: HUANCAVELICA + HUANUCO,bounded_department_subset,0,2,1279
dept_subset,conflict_dept_subset_025,Conflict-belt departments: APURIMAC + HUANCAVELICA + HUANUCO,bounded_department_subset,0,3,1765
dept_subset,conflict_dept_subset_026,Conflict-belt departments: AYACUCHO + HUANCAVELICA + HUANUCO,bounded_department_subset,0,3,2667
dept_subset,conflict_dept_subset_027,Conflict-belt departments: APURIMAC + AYACUCHO + HUANCAVELICA + HUANUCO,bounded_department_subset,0,4,3153
dept_subset,conflict_dept_subset_028,Conflict-belt departments: CUSCO + HUANCAVELICA + HUANUCO,bounded_department_subset,0,3,1425
dept_subset,conflict_dept_subset_029,Conflict-belt departments: APURIMAC + CUSCO + HUANCAVELICA + HUANUCO,bounded_department_subset,0,4,1911
dept_subset,conflict_dept_subset_030,Conflict-belt departments: AYACUCHO + CUSCO + HUANCAVELICA + HUANUCO,bounded_department_subset,0,4,2813
dept_subset,conflict_dept_subset_031,Conflict-belt departments: APURIMAC + AYACUCHO + CUSCO + HUANCAVELICA + HUANUCO,bounded_department_subset,0,5,3299
dept_subset,conflict_dept_subset_032,Conflict-belt departments: JUNIN,bounded_department_subset,0,1,758
dept_subset,conflict_dept_subset_033,Conflict-belt departments: APURIMAC + JUNIN,bounded_department_subset,0,2,1244
dept_subset,conflict_dept_subset_034,Conflict-belt departments: AYACUCHO + JUNIN,bounded_department_subset,0,2,2146
dept_subset,conflict_dept_subset_035,Conflict-belt departments: APURIMAC + AYACUCHO + JUNIN,bounded_department_subset,0,3,2632
dept_subset,conflict_dept_subset_036,Conflict-belt departments: CUSCO + JUNIN,bounded_department_subset,0,2,904
dept_subset,conflict_dept_subset_037,Conflict-belt departments: APURIMAC + CUSCO + JUNIN,bounded_department_subset,0,3,1390
dept_subset,conflict_dept_subset_038,Conflict-belt departments: AYACUCHO + CUSCO + JUNIN,bounded_department_subset,0,3,2292
dept_subset,conflict_dept_subset_039,Conflict-belt departments: APURIMAC + AYACUCHO + CUSCO + JUNIN,bounded_department_subset,0,4,2778
dept_subset,conflict_dept_subset_040,Conflict-belt departments: HUANCAVELICA + JUNIN,bounded_department_subset,0,2,1179
dept_subset,conflict_dept_subset_041,Conflict-belt departments: APURIMAC + HUANCAVELICA + JUNIN,bounded_department_subset,0,3,1665
dept_subset,conflict_dept_subset_042,Conflict-belt departments: AYACUCHO + HUANCAVELICA + JUNIN,bounded_department_subset,0,3,2567
dept_subset,conflict_dept_subset_043,Conflict-belt departments: APURIMAC + AYACUCHO + HUANCAVELICA + JUNIN,bounded_department_subset,0,4,3053
dept_subset,conflict_dept_subset_044,Conflict-belt departments: CUSCO + HUANCAVELICA + JUNIN,bounded_department_subset,0,3,1325
dept_subset,conflict_dept_subset_045,Conflict-belt departments: APURIMAC + CUSCO + HUANCAVELICA + JUNIN,bounded_department_subset,0,4,1811
dept_subset,conflict_dept_subset_046,Conflict-belt departments: AYACUCHO + CUSCO + HUANCAVELICA + JUNIN,bounded_department_subset,0,4,2713
dept_subset,conflict_dept_subset_047,Conflict-belt departments: APURIMAC + AYACUCHO + CUSCO + HUANCAVELICA + JUNIN,bounded_department_subset,0,5,3199
dept_subset,conflict_dept_subset_048,Conflict-belt departments: HUANUCO + JUNIN,bounded_department_subset,0,2,1616
dept_subset,conflict_dept_subset_049,Conflict-belt departments: APURIMAC + HUANUCO + JUNIN,bounded_department_subset,0,3,2102
dept_subset,conflict_dept_subset_050,Conflict-belt departments: AYACUCHO + HUANUCO + JUNIN,bounded_department_subset,0,3,3004
dept_subset,conflict_dept_subset_051,Conflict-belt departments: APURIMAC + AYACUCHO + HUANUCO + JUNIN,bounded_department_subset,0,4,3490
dept_subset,conflict_dept_subset_052,Conflict-belt departments: CUSCO + HUANUCO + JUNIN,bounded_department_subset,0,3,1762
dept_subset,conflict_dept_subset_053,Conflict-belt departments: APURIMAC + CUSCO + HUANUCO + JUNIN,bounded_department_subset,0,4,2248
dept_subset,conflict_dept_subset_054,Conflict-belt departments: AYACUCHO + CUSCO + HUANUCO + JUNIN,bounded_department_subset,0,4,3150
dept_subset,conflict_dept_subset_055,Conflict-belt departments: APURIMAC + AYACUCHO + CUSCO + HUANUCO + JUNIN,bounded_department_subset,0,5,3636
dept_subset,conflict_dept_subset_056,Conflict-belt departments: HUANCAVELICA + HUANUCO + JUNIN,bounded_department_subset,0,3,2037
dept_subset,conflict_dept_subset_057,Conflict-belt departments: APURIMAC + HUANCAVELICA + HUANUCO + JUNIN,bounded_department_subset,0,4,2523
dept_subset,conflict_dept_subset_058,Conflict-belt departments: AYACUCHO + HUANCAVELICA + HUANUCO + JUNIN,bounded_department_subset,0,4,3425
dept_subset,conflict_dept_subset_059,Conflict-belt departments: APURIMAC + AYACUCHO + HUANCAVELICA + HUANUCO + JUNIN,bounded_department_subset,0,5,3911
dept_subset,conflict_dept_subset_060,Conflict-belt departments: CUSCO + HUANCAVELICA + HUANUCO + JUNIN,bounded_department_subset,0,4,2183
dept_subset,conflict_dept_subset_061,Conflict-belt departments: APURIMAC + CUSCO + HUANCAVELICA + HUANUCO + JUNIN,bounded_department_subset,0,5,2669
dept_subset,conflict_dept_subset_062,Conflict-belt departments: AYACUCHO + CUSCO + HUANCAVELICA + HUANUCO + JUNIN,bounded_department_subset,0,5,3571
dept_subset,conflict_dept_subset_063,Conflict-belt departments: APURIMAC + AYACUCHO + CUSCO + HUANCAVELICA + HUANUCO + JUNIN,bounded_department_subset,0,6,4057
dept_subset,conflict_dept_subset_064,Conflict-belt departments: SAN MARTIN,bounded_department_subset,0,1,557
dept_subset,conflict_dept_subset_065,Conflict-belt departments: APURIMAC + SAN MARTIN,bounded_department_subset,0,2,1043
dept_subset,conflict_dept_subset_066,Conflict-belt departments: AYACUCHO + SAN MARTIN,bounded_department_subset,0,2,1945
dept_subset,conflict_dept_subset_067,Conflict-belt departments: APURIMAC + AYACUCHO + SAN MARTIN,bounded_department_subset,0,3,2431
dept_subset,conflict_dept_subset_068,Conflict-belt departments: CUSCO + SAN MARTIN,bounded_department_subset,0,2,703
dept_subset,conflict_dept_subset_069,Conflict-belt departments: APURIMAC + CUSCO + SAN MARTIN,bounded_department_subset,0,3,1189
dept_subset,conflict_dept_subset_070,Conflict-belt departments: AYACUCHO + CUSCO + SAN MARTIN,bounded_department_subset,0,3,2091
dept_subset,conflict_dept_subset_071,Conflict-belt departments: APURIMAC + AYACUCHO + CUSCO + SAN MARTIN,bounded_department_subset,0,4,2577
dept_subset,conflict_dept_subset_072,Conflict-belt departments: HUANCAVELICA + SAN MARTIN,bounded_department_subset,0,2,978
dept_subset,conflict_dept_subset_073,Conflict-belt departments: APURIMAC + HUANCAVELICA + SAN MARTIN,bounded_department_subset,0,3,1464
dept_subset,conflict_dept_subset_074,Conflict-belt departments: AYACUCHO + HUANCAVELICA + SAN MARTIN,bounded_department_subset,0,3,2366
dept_subset,conflict_dept_subset_075,Conflict-belt departments: APURIMAC + AYACUCHO + HUANCAVELICA + SAN MARTIN,bounded_department_subset,0,4,2852
dept_subset,conflict_dept_subset_076,Conflict-belt departments: CUSCO + HUANCAVELICA + SAN MARTIN,bounded_department_subset,0,3,1124
dept_subset,conflict_dept_subset_077,Conflict-belt departments: APURIMAC + CUSCO + HUANCAVELICA + SAN MARTIN,bounded_department_subset,0,4,1610
dept_subset,conflict_dept_subset_078,Conflict-belt departments: AYACUCHO + CUSCO + HUANCAVELICA + SAN MARTIN,bounded_department_subset,0,4,2512
dept_subset,conflict_dept_subset_079,Conflict-belt departments: APURIMAC + AYACUCHO + CUSCO + HUANCAVELICA + SAN MARTIN,bounded_department_subset,0,5,2998
dept_subset,conflict_dept_subset_080,Conflict-belt departments: HUANUCO + SAN MARTIN,bounded_department_subset,0,2,1415
dept_subset,conflict_dept_subset_081,Conflict-belt departments: APURIMAC + HUANUCO + SAN MARTIN,bounded_department_subset,0,3,1901
dept_subset,conflict_dept_subset_082,Conflict-belt departments: AYACUCHO + HUANUCO + SAN MARTIN,bounded_department_subset,0,3,2803
dept_subset,conflict_dept_subset_083,Conflict-belt departments: APURIMAC + AYACUCHO + HUANUCO + SAN MARTIN,bounded_department_subset,0,4,3289
dept_subset,conflict_dept_subset_084,Conflict-belt departments: CUSCO + HUANUCO + SAN MARTIN,bounded_department_subset,0,3,1561
dept_subset,conflict_dept_subset_085,Conflict-belt departments: APURIMAC + CUSCO + HUANUCO + SAN MARTIN,bounded_department_subset,0,4,2047
dept_subset,conflict_dept_subset_086,Conflict-belt departments: AYACUCHO + CUSCO + HUANUCO + SAN MARTIN,bounded_department_subset,0,4,2949
dept_subset,conflict_dept_subset_087,Conflict-belt departments: APURIMAC + AYACUCHO + CUSCO + HUANUCO + SAN MARTIN,bounded_department_subset,0,5,3435
dept_subset,conflict_dept_subset_088,Conflict-belt departments: HUANCAVELICA + HUANUCO + SAN MARTIN,bounded_department_subset,0,3,1836
dept_subset,conflict_dept_subset_089,Conflict-belt departments: APURIMAC + HUANCAVELICA + HUANUCO + SAN MARTIN,bounded_department_subset,0,4,2322
dept_subset,conflict_dept_subset_090,Conflict-belt departments: AYACUCHO + HUANCAVELICA + HUANUCO + SAN MARTIN,bounded_department_subset,0,4,3224
dept_subset,conflict_dept_subset_091,Conflict-belt departments: APURIMAC + AYACUCHO + HUANCAVELICA + HUANUCO + SAN MARTIN,bounded_department_subset,0,5,3710
dept_subset,conflict_dept_subset_092,Conflict-belt departments: CUSCO + HUANCAVELICA + HUANUCO + SAN MARTIN,bounded_department_subset,0,4,1982
dept_subset,conflict_dept_subset_093,Conflict-belt departments: APURIMAC + CUSCO + HUANCAVELICA + HUANUCO + SAN MARTIN,bounded_department_subset,0,5,2468
dept_subset,conflict_dept_subset_094,Conflict-belt departments: AYACUCHO + CUSCO + HUANCAVELICA + HUANUCO + SAN MARTIN,bounded_department_subset,0,5,3370
dept_subset,conflict_dept_subset_095,Conflict-belt departments: APURIMAC + AYACUCHO + CUSCO + HUANCAVELICA + HUANUCO + SAN MARTIN,bounded_department_subset,0,6,3856
dept_subset,conflict_dept_subset_096,Conflict-belt departments: JUNIN + SAN MARTIN,bounded_department_subset,0,2,1315
dept_subset,conflict_dept_subset_097,Conflict-belt departments: APURIMAC + JUNIN + SAN MARTIN,bounded_department_subset,0,3,1801
dept_subset,conflict_dept_subset_098,Conflict-belt departments: AYACUCHO + JUNIN + SAN MARTIN,bounded_department_subset,0,3,2703
dept_subset,conflict_dept_subset_099,Conflict-belt departments: APURIMAC + AYACUCHO + JUNIN + SAN MARTIN,bounded_department_subset,0,4,3189
dept_subset,conflict_dept_subset_100,Conflict-belt departments: CUSCO + JUNIN + SAN MARTIN,bounded_department_subset,0,3,1461
dept_subset,conflict_dept_subset_101,Conflict-belt departments: APURIMAC + CUSCO + JUNIN + SAN MARTIN,bounded_department_subset,0,4,1947
dept_subset,conflict_dept_subset_102,Conflict-belt departments: AYACUCHO + CUSCO + JUNIN + SAN MARTIN,bounded_department_subset,0,4,2849
dept_subset,conflict_dept_subset_103,Conflict-belt departments: APURIMAC + AYACUCHO + CUSCO + JUNIN + SAN MARTIN,bounded_department_subset,0,5,3335
dept_subset,conflict_dept_subset_104,Conflict-belt departments: HUANCAVELICA + JUNIN + SAN MARTIN,bounded_department_subset,0,3,1736
dept_subset,conflict_dept_subset_105,Conflict-belt departments: APURIMAC + HUANCAVELICA + JUNIN + SAN MARTIN,bounded_department_subset,0,4,2222
dept_subset,conflict_dept_subset_106,Conflict-belt departments: AYACUCHO + HUANCAVELICA + JUNIN + SAN MARTIN,bounded_department_subset,0,4,3124
dept_subset,conflict_dept_subset_107,Conflict-belt departments: APURIMAC + AYACUCHO + HUANCAVELICA + JUNIN + SAN MARTIN,bounded_department_subset,0,5,3610
dept_subset,conflict_dept_subset_108,Conflict-belt departments: CUSCO + HUANCAVELICA + JUNIN + SAN MARTIN,bounded_department_subset,0,4,1882
dept_subset,conflict_dept_subset_109,Conflict-belt departments: APURIMAC + CUSCO + HUANCAVELICA + JUNIN + SAN MARTIN,bounded_department_subset,0,5,2368
dept_subset,conflict_dept_subset_110,Conflict-belt departments: AYACUCHO + CUSCO + HUANCAVELICA + JUNIN + SAN MARTIN,bounded_department_subset,0,5,3270
dept_subset,conflict_dept_subset_111,Conflict-belt departments: APURIMAC + AYACUCHO + CUSCO + HUANCAVELICA + JUNIN + SAN MARTIN,bounded_department_subset,0,6,3756
dept_subset,conflict_dept_subset_112,Conflict-belt departments: HUANUCO + JUNIN + SAN MARTIN,bounded_department_subset,0,3,2173
dept_subset,conflict_dept_subset_113,Conflict-belt departments: APURIMAC + HUANUCO + JUNIN + SAN MARTIN,bounded_department_subset,0,4,2659
dept_subset,conflict_dept_subset_114,Conflict-belt departments: AYACUCHO + HUANUCO + JUNIN + SAN MARTIN,bounded_department_subset,0,4,3561
dept_subset,conflict_dept_subset_115,Conflict-belt departments: APURIMAC + AYACUCHO + HUANUCO + JUNIN + SAN MARTIN,bounded_department_subset,0,5,4047
dept_subset,conflict_dept_subset_116,Conflict-belt departments: CUSCO + HUANUCO + JUNIN + SAN MARTIN,bounded_department_subset,0,4,2319
dept_subset,conflict_dept_subset_117,Conflict-belt departments: APURIMAC + CUSCO + HUANUCO + JUNIN + SAN MARTIN,bounded_department_subset,0,5,2805
dept_subset,conflict_dept_subset_118,Conflict-belt departments: AYACUCHO + CUSCO + HUANUCO + JUNIN + SAN MARTIN,bounded_department_subset,0,5,3707
dept_subset,conflict_dept_subset_119,Conflict-belt departments: APURIMAC + AYACUCHO + CUSCO + HUANUCO + JUNIN + SAN MARTIN,bounded_department_subset,0,6,4193
dept_subset,conflict_dept_subset_120,Conflict-belt departments: HUANCAVELICA + HUANUCO + JUNIN + SAN MARTIN,bounded_department_subset,0,4,2594
dept_subset,conflict_dept_subset_121,Conflict-belt departments: APURIMAC + HUANCAVELICA + HUANUCO + JUNIN + SAN MARTIN,bounded_department_subset,0,5,3080
dept_subset,conflict_dept_subset_122,Conflict-belt departments: AYACUCHO + HUANCAVELICA + HUANUCO + JUNIN + SAN MARTIN,bounded_department_subset,0,5,3982
dept_subset,conflict_dept_subset_123,Conflict-belt departments: APURIMAC + AYACUCHO + HUANCAVELICA + HUANUCO + JUNIN + SAN MARTIN,bounded_department_subset,0,6,4468
dept_subset,conflict_dept_subset_124,Conflict-belt departments: CUSCO + HUANCAVELICA + HUANUCO + JUNIN + SAN MARTIN,bounded_department_subset,0,5,2740
dept_subset,conflict_dept_subset_125,Conflict-belt departments: APURIMAC + CUSCO + HUANCAVELICA + HUANUCO + JUNIN + SAN MARTIN,bounded_department_subset,0,6,3226
dept_subset,conflict_dept_subset_126,Conflict-belt departments: AYACUCHO + CUSCO + HUANCAVELICA + HUANUCO + JUNIN + SAN MARTIN,bounded_department_subset,0,6,4128
dept_subset,conflict_dept_subset_127,Conflict-belt departments: APURIMAC + AYACUCHO + CUSCO + HUANCAVELICA + HUANUCO + JUNIN + SAN MARTIN,bounded_department_subset,0,7,4614
prov_subset,vraem_prov_subset_0001,VRAEM provinces: APURIMAC / ANDAHUAYLAS,bounded_vraem_province_subset,0,1,93
prov_subset,vraem_prov_subset_0002,VRAEM provinces: APURIMAC / CHINCHEROS,bounded_vraem_province_subset,0,1,78
prov_subset,vraem_prov_subset_0003,VRAEM provinces: APURIMAC / ANDAHUAYLAS + APURIMAC / CHINCHEROS,bounded_vraem_province_subset,0,2,171
prov_subset,vraem_prov_subset_0004,VRAEM provinces: AYACUCHO / HUANTA,bounded_vraem_province_subset,0,1,237
prov_subset,vraem_prov_subset_0005,VRAEM provinces: APURIMAC / ANDAHUAYLAS + AYACUCHO / HUANTA,bounded_vraem_province_subset,0,2,330
prov_subset,vraem_prov_subset_0006,VRAEM provinces: APURIMAC / CHINCHEROS + AYACUCHO / HUANTA,bounded_vraem_province_subset,0,2,315
prov_subset,vraem_prov_subset_0007,VRAEM provinces: APURIMAC / ANDAHUAYLAS + APURIMAC / CHINCHEROS + AYACUCHO / HUANTA,bounded_vraem_province_subset,0,3,408
prov_subset,vraem_prov_subset_0008,VRAEM provinces: AYACUCHO / LA MAR,bounded_vraem_province_subset,0,1,295
prov_subset,vraem_prov_subset_0009,VRAEM provinces: APURIMAC / ANDAHUAYLAS + AYACUCHO / LA MAR,bounded_vraem_province_subset,0,2,388
prov_subset,vraem_prov_subset_0010,VRAEM provinces: APURIMAC / CHINCHEROS + AYACUCHO / LA MAR,bounded_vraem_province_subset,0,2,373
prov_subset,vraem_prov_subset_0011,VRAEM provinces: APURIMAC / ANDAHUAYLAS + APURIMAC / CHINCHEROS + AYACUCHO / LA MAR,bounded_vraem_province_subset,0,3,466
prov_subset,vraem_prov_subset_0012,VRAEM provinces: AYACUCHO / HUANTA + AYACUCHO / LA MAR,bounded_vraem_province_subset,0,2,532
prov_subset,vraem_prov_subset_0013,VRAEM provinces: APURIMAC / ANDAHUAYLAS + AYACUCHO / HUANTA + AYACUCHO / LA MAR,bounded_vraem_province_subset,0,3,625
prov_subset,vraem_prov_subset_0014,VRAEM provinces: APURIMAC / CHINCHEROS + AYACUCHO / HUANTA + AYACUCHO / LA MAR,bounded_vraem_province_subset,0,3,610
prov_subset,vraem_prov_subset_0015,VRAEM provinces: APURIMAC / ANDAHUAYLAS + APURIMAC / CHINCHEROS + AYACUCHO / HUANTA + AYACUCHO / LA MAR,bounded_vraem_province_subset,0,4,703
prov_subset,vraem_prov_subset_0016,VRAEM provinces: CUSCO / LA CONVENCION,bounded_vraem_province_subset,0,1,104
prov_subset,vraem_prov_subset_0017,VRAEM provinces: APURIMAC / ANDAHUAYLAS + CUSCO / LA CONVENCION,bounded_vraem_province_subset,0,2,197
prov_subset,vraem_prov_subset_0018,VRAEM provinces: APURIMAC / CHINCHEROS + CUSCO / LA CONVENCION,bounded_vraem_province_subset,0,2,182
prov_subset,vraem_prov_subset_0019,VRAEM provinces: APURIMAC / ANDAHUAYLAS + APURIMAC / CHINCHEROS + CUSCO / LA CONVENCION,bounded_vraem_province_subset,0,3,275
prov_subset,vraem_prov_subset_0020,VRAEM provinces: AYACUCHO / HUANTA + CUSCO / LA CONVENCION,bounded_vraem_province_subset,0,2,341
prov_subset,vraem_prov_subset_0021,VRAEM provinces: APURIMAC / ANDAHUAYLAS + AYACUCHO / HUANTA + CUSCO / LA CONVENCION,bounded_vraem_province_subset,0,3,434
prov_subset,vraem_prov_subset_0022,VRAEM provinces: APURIMAC / CHINCHEROS + AYACUCHO / HUANTA + CUSCO / LA CONVENCION,bounded_vraem_province_subset,0,3,419
prov_subset,vraem_prov_subset_0023,VRAEM provinces: APURIMAC / ANDAHUAYLAS + APURIMAC / CHINCHEROS + AYACUCHO / HUANTA + CUSCO / LA CONVENCION,bounded_vraem_province_subset,0,4,512
prov_subset,vraem_prov_subset_0024,VRAEM provinces: AYACUCHO / LA MAR + CUSCO / LA CONVENCION,bounded_vraem_province_subset,0,2,399
prov_subset,vraem_prov_subset_0025,VRAEM provinces: APURIMAC / ANDAHUAYLAS + AYACUCHO / LA MAR + CUSCO / LA CONVENCION,bounded_vraem_province_subset,0,3,492
prov_subset,vraem_prov_subset_0026,VRAEM provinces: APURIMAC / CHINCHEROS + AYACUCHO / LA MAR + CUSCO / LA CONVENCION,bounded_vraem_province_subset,0,3,477
prov_subset,vraem_prov_subset_0027,VRAEM provinces: APURIMAC / ANDAHUAYLAS + APURIMAC / CHINCHEROS + AYACUCHO / LA MAR + CUSCO / LA CONVENCION,bounded_vraem_province_subset,0,4,570
prov_subset,vraem_prov_subset_0028,VRAEM provinces: AYACUCHO / HUANTA + AYACUCHO / LA MAR + CUSCO / LA CONVENCION,bounded_vraem_province_subset,0,3,636
prov_subset,vraem_prov_subset_0029,VRAEM provinces: APURIMAC / ANDAHUAYLAS + AYACUCHO / HUANTA + AYACUCHO / LA MAR + CUSCO / LA CONVENCION,bounded_vraem_province_subset,0,4,729
prov_subset,vraem_prov_subset_0030,VRAEM provinces: APURIMAC / CHINCHEROS + AYACUCHO / HUANTA + AYACUCHO / LA MAR + CUSCO / LA CONVENCION,bounded_vraem_province_subset,0,4,714
prov_subset,vraem_prov_subset_0031,VRAEM provinces: APURIMAC / ANDAHUAYLAS + APURIMAC / CHINCHEROS + AYACUCHO / HUANTA + AYACUCHO / LA MAR + CUSCO / LA CONVENCION,bounded_vraem_province_subset,0,5,807
prov_subset,vraem_prov_subset_0032,VRAEM provinces: HUANCAVELICA / CHURCAMPA,bounded_vraem_province_subset,0,1,107
prov_subset,vraem_prov_subset_0033,VRAEM provinces: APURIMAC / ANDAHUAYLAS + HUANCAVELICA / CHURCAMPA,bounded_vraem_province_subset,0,2,200
prov_subset,vraem_prov_subset_0034,VRAEM provinces: APURIMAC / CHINCHEROS + HUANCAVELICA / CHURCAMPA,bounded_vraem_province_subset,0,2,185
prov_subset,vraem_prov_subset_0035,VRAEM provinces: APURIMAC / ANDAHUAYLAS + APURIMAC / CHINCHEROS + HUANCAVELICA / CHURCAMPA,bounded_vraem_province_subset,0,3,278
prov_subset,vraem_prov_subset_0036,VRAEM provinces: AYACUCHO / HUANTA + HUANCAVELICA / CHURCAMPA,bounded_vraem_province_subset,0,2,344
prov_subset,vraem_prov_subset_0037,VRAEM provinces: APURIMAC / ANDAHUAYLAS + AYACUCHO / HUANTA + HUANCAVELICA / CHURCAMPA,bounded_vraem_province_subset,0,3,437
prov_subset,vraem_prov_subset_0038,VRAEM provinces: APURIMAC / CHINCHEROS + AYACUCHO / HUANTA + HUANCAVELICA / CHURCAMPA,bounded_vraem_province_subset,0,3,422
prov_subset,vraem_prov_subset_0039,VRAEM provinces: APURIMAC / ANDAHUAYLAS + APURIMAC / CHINCHEROS + AYACUCHO / HUANTA + HUANCAVELICA / CHURCAMPA,bounded_vraem_province_subset,0,4,515
prov_subset,vraem_prov_subset_0040,VRAEM provinces: AYACUCHO / LA MAR + HUANCAVELICA / CHURCAMPA,bounded_vraem_province_subset,0,2,402
prov_subset,vraem_prov_subset_0041,VRAEM provinces: APURIMAC / ANDAHUAYLAS + AYACUCHO / LA MAR + HUANCAVELICA / CHURCAMPA,bounded_vraem_province_subset,0,3,495
prov_subset,vraem_prov_subset_0042,VRAEM provinces: APURIMAC / CHINCHEROS + AYACUCHO / LA MAR + HUANCAVELICA / CHURCAMPA,bounded_vraem_province_subset,0,3,480
prov_subset,vraem_prov_subset_0043,VRAEM provinces: APURIMAC / ANDAHUAYLAS + APURIMAC / CHINCHEROS + AYACUCHO / LA MAR + HUANCAVELICA / CHURCAMPA,bounded_vraem_province_subset,0,4,573
prov_subset,vraem_prov_subset_0044,VRAEM provinces: AYACUCHO / HUANTA + AYACUCHO / LA MAR + HUANCAVELICA / CHURCAMPA,bounded_vraem_province_subset,0,3,639
prov_subset,vraem_prov_subset_0045,VRAEM provinces: APURIMAC / ANDAHUAYLAS + AYACUCHO / HUANTA + AYACUCHO / LA MAR + HUANCAVELICA / CHURCAMPA,bounded_vraem_province_subset,0,4,732
prov_subset,vraem_prov_subset_0046,VRAEM provinces: APURIMAC / CHINCHEROS + AYACUCHO / HUANTA + AYACUCHO / LA MAR + HUANCAVELICA / CHURCAMPA,bounded_vraem_province_subset,0,4,717
prov_subset,vraem_prov_subset_0047,VRAEM provinces: APURIMAC / ANDAHUAYLAS + APURIMAC / CHINCHEROS + AYACUCHO / HUANTA + AYACUCHO / LA MAR + HUANCAVELICA / CHURCAMPA,bounded_vraem_province_subset,0,5,810
prov_subset,vraem_prov_subset_0048,VRAEM provinces: CUSCO / LA CONVENCION + HUANCAVELICA / CHURCAMPA,bounded_vraem_province_subset,0,2,211
prov_subset,vraem_prov_subset_0049,VRAEM provinces: APURIMAC / ANDAHUAYLAS + CUSCO / LA CONVENCION + HUANCAVELICA / CHURCAMPA,bounded_vraem_province_subset,0,3,304
prov_subset,vraem_prov_subset_0050,VRAEM provinces: APURIMAC / CHINCHEROS + CUSCO / LA CONVENCION + HUANCAVELICA / CHURCAMPA,bounded_vraem_province_subset,0,3,289
prov_subset,vraem_prov_subset_0051,VRAEM provinces: APURIMAC / ANDAHUAYLAS + APURIMAC / CHINCHEROS + CUSCO / LA CONVENCION + HUANCAVELICA / CHURCAMPA,bounded_vraem_province_subset,0,4,382
prov_subset,vraem_prov_subset_0052,VRAEM provinces: AYACUCHO / HUANTA + CUSCO / LA CONVENCION + HUANCAVELICA / CHURCAMPA,bounded_vraem_province_subset,0,3,448
prov_subset,vraem_prov_subset_0053,VRAEM provinces: APURIMAC / ANDAHUAYLAS + AYACUCHO / HUANTA + CUSCO / LA CONVENCION + HUANCAVELICA / CHURCAMPA,bounded_vraem_province_subset,0,4,541
prov_subset,vraem_prov_subset_0054,VRAEM provinces: APURIMAC / CHINCHEROS + AYACUCHO / HUANTA + CUSCO / LA CONVENCION + HUANCAVELICA / CHURCAMPA,bounded_vraem_province_subset,0,4,526
prov_subset,vraem_prov_subset_0055,VRAEM provinces: APURIMAC / ANDAHUAYLAS + APURIMAC / CHINCHEROS + AYACUCHO / HUANTA + CUSCO / LA CONVENCION + HUANCAVELICA / CHURCAMPA,bounded_vraem_province_subset,0,5,619
prov_subset,vraem_prov_subset_0056,VRAEM provinces: AYACUCHO / LA MAR + CUSCO / LA CONVENCION + HUANCAVELICA / CHURCAMPA,bounded_vraem_province_subset,0,3,506
prov_subset,vraem_prov_subset_0057,VRAEM provinces: APURIMAC / ANDAHUAYLAS + AYACUCHO / LA MAR + CUSCO / LA CONVENCION + HUANCAVELICA / CHURCAMPA,bounded_vraem_province_subset,0,4,599
prov_subset,vraem_prov_subset_0058,VRAEM provinces: APURIMAC / CHINCHEROS + AYACUCHO / LA MAR + CUSCO / LA CONVENCION + HUANCAVELICA / CHURCAMPA,bounded_vraem_province_subset,0,4,584
prov_subset,vraem_prov_subset_0059,VRAEM provinces: APURIMAC / ANDAHUAYLAS + APURIMAC / CHINCHEROS + AYACUCHO / LA MAR + CUSCO / LA CONVENCION + HUANCAVELICA / CHURCAMPA,bounded_vraem_province_subset,0,5,677
prov_subset,vraem_prov_subset_0060,VRAEM provinces: AYACUCHO / HUANTA + AYACUCHO / LA MAR + CUSCO / LA CONVENCION + HUANCAVELICA / CHURCAMPA,bounded_vraem_province_subset,0,4,743
prov_subset,vraem_prov_subset_0061,VRAEM provinces: APURIMAC / ANDAHUAYLAS + AYACUCHO / HUANTA + AYACUCHO / LA MAR + CUSCO / LA CONVENCION + HUANCAVELICA / CHURCAMPA,bounded_vraem_province_subset,0,5,836
prov_subset,vraem_prov_subset_0062,VRAEM provinces: APURIMAC / CHINCHEROS + AYACUCHO / HUANTA + AYACUCHO / LA MAR + CUSCO / LA CONVENCION + HUANCAVELICA / CHURCAMPA,bounded_vraem_province_subset,0,5,821
prov_subset,vraem_prov_subset_0063,VRAEM provinces: APURIMAC / ANDAHUAYLAS + APURIMAC / CHINCHEROS + AYACUCHO / HUANTA + AYACUCHO / LA MAR + CUSCO / LA CONVENCION + HUANCAVELICA / CHURCAMPA,bounded_vraem_province_subset,0,6,914
prov_subset,vraem_prov_subset_0064,VRAEM provinces: HUANCAVELICA / TAYACAJA,bounded_vraem_province_subset,0,1,47
prov_subset,vraem_prov_subset_0065,VRAEM provinces: APURIMAC / ANDAHUAYLAS + HUANCAVELICA / TAYACAJA,bounded_vraem_province_subset,0,2,140
prov_subset,vraem_prov_subset_0066,VRAEM provinces: APURIMAC / CHINCHEROS + HUANCAVELICA / TAYACAJA,bounded_vraem_province_subset,0,2,125
prov_subset,vraem_prov_subset_0067,VRAEM provinces: APURIMAC / ANDAHUAYLAS + APURIMAC / CHINCHEROS + HUANCAVELICA / TAYACAJA,bounded_vraem_province_subset,0,3,218
prov_subset,vraem_prov_subset_0068,VRAEM provinces: AYACUCHO / HUANTA + HUANCAVELICA / TAYACAJA,bounded_vraem_province_subset,0,2,284
prov_subset,vraem_prov_subset_0069,VRAEM provinces: APURIMAC / ANDAHUAYLAS + AYACUCHO / HUANTA + HUANCAVELICA / TAYACAJA,bounded_vraem_province_subset,0,3,377
prov_subset,vraem_prov_subset_0070,VRAEM provinces: APURIMAC / CHINCHEROS + AYACUCHO / HUANTA + HUANCAVELICA / TAYACAJA,bounded_vraem_province_subset,0,3,362
prov_subset,vraem_prov_subset_0071,VRAEM provinces: APURIMAC / ANDAHUAYLAS + APURIMAC / CHINCHEROS + AYACUCHO / HUANTA + HUANCAVELICA / TAYACAJA,bounded_vraem_province_subset,0,4,455
prov_subset,vraem_prov_subset_0072,VRAEM provinces: AYACUCHO / LA MAR + HUANCAVELICA / TAYACAJA,bounded_vraem_province_subset,0,2,342
prov_subset,vraem_prov_subset_0073,VRAEM provinces: APURIMAC / ANDAHUAYLAS + AYACUCHO / LA MAR + HUANCAVELICA / TAYACAJA,bounded_vraem_province_subset,0,3,435
prov_subset,vraem_prov_subset_0074,VRAEM provinces: APURIMAC / CHINCHEROS + AYACUCHO / LA MAR + HUANCAVELICA / TAYACAJA,bounded_vraem_province_subset,0,3,420
prov_subset,vraem_prov_subset_0075,VRAEM provinces: APURIMAC / ANDAHUAYLAS + APURIMAC / CHINCHEROS + AYACUCHO / LA MAR + HUANCAVELICA / TAYACAJA,bounded_vraem_province_subset,0,4,513
prov_subset,vraem_prov_subset_0076,VRAEM provinces: AYACUCHO / HUANTA + AYACUCHO / LA MAR + HUANCAVELICA / TAYACAJA,bounded_vraem_province_subset,0,3,579
prov_subset,vraem_prov_subset_0077,VRAEM provinces: APURIMAC / ANDAHUAYLAS + AYACUCHO / HUANTA + AYACUCHO / LA MAR + HUANCAVELICA / TAYACAJA,bounded_vraem_province_subset,0,4,672
prov_subset,vraem_prov_subset_0078,VRAEM provinces: APURIMAC / CHINCHEROS + AYACUCHO / HUANTA + AYACUCHO / LA MAR + HUANCAVELICA / TAYACAJA,bounded_vraem_province_subset,0,4,657
prov_subset,vraem_prov_subset_0079,VRAEM provinces: APURIMAC / ANDAHUAYLAS + APURIMAC / CHINCHEROS + AYACUCHO / HUANTA + AYACUCHO / LA MAR + HUANCAVELICA / TAYACAJA,bounded_vraem_province_subset,0,5,750
prov_subset,vraem_prov_subset_0080,VRAEM provinces: CUSCO / LA CONVENCION + HUANCAVELICA / TAYACAJA,bounded_vraem_province_subset,0,2,151
prov_subset,vraem_prov_subset_0081,VRAEM provinces: APURIMAC / ANDAHUAYLAS + CUSCO / LA CONVENCION + HUANCAVELICA / TAYACAJA,bounded_vraem_province_subset,0,3,244
prov_subset,vraem_prov_subset_0082,VRAEM provinces: APURIMAC / CHINCHEROS + CUSCO / LA CONVENCION + HUANCAVELICA / TAYACAJA,bounded_vraem_province_subset,0,3,229
prov_subset,vraem_prov_subset_0083,VRAEM provinces: APURIMAC / ANDAHUAYLAS + APURIMAC / CHINCHEROS + CUSCO / LA CONVENCION + HUANCAVELICA / TAYACAJA,bounded_vraem_province_subset,0,4,322
prov_subset,vraem_prov_subset_0084,VRAEM provinces: AYACUCHO / HUANTA + CUSCO / LA CONVENCION + HUANCAVELICA / TAYACAJA,bounded_vraem_province_subset,0,3,388
prov_subset,vraem_prov_subset_0085,VRAEM provinces: APURIMAC / ANDAHUAYLAS + AYACUCHO / HUANTA + CUSCO / LA CONVENCION + HUANCAVELICA / TAYACAJA,bounded_vraem_province_subset,0,4,481
prov_subset,vraem_prov_subset_0086,VRAEM provinces: APURIMAC / CHINCHEROS + AYACUCHO / HUANTA + CUSCO / LA CONVENCION + HUANCAVELICA / TAYACAJA,bounded_vraem_province_subset,0,4,466
prov_subset,vraem_prov_subset_0087,VRAEM provinces: APURIMAC / ANDAHUAYLAS + APURIMAC / CHINCHEROS + AYACUCHO / HUANTA + CUSCO / LA CONVENCION + HUANCAVELICA / TAYACAJA,bounded_vraem_province_subset,0,5,559
prov_subset,vraem_prov_subset_0088,VRAEM provinces: AYACUCHO / LA MAR + CUSCO / LA CONVENCION + HUANCAVELICA / TAYACAJA,bounded_vraem_province_subset,0,3,446
prov_subset,vraem_prov_subset_0089,VRAEM provinces: APURIMAC / ANDAHUAYLAS + AYACUCHO / LA MAR + CUSCO / LA CONVENCION + HUANCAVELICA / TAYACAJA,bounded_vraem_province_subset,0,4,539
prov_subset,vraem_prov_subset_0090,VRAEM provinces: APURIMAC / CHINCHEROS + AYACUCHO / LA MAR + CUSCO / LA CONVENCION + HUANCAVELICA / TAYACAJA,bounded_vraem_province_subset,0,4,524
prov_subset,vraem_prov_subset_0091,VRAEM provinces: APURIMAC / ANDAHUAYLAS + APURIMAC / CHINCHEROS + AYACUCHO / LA MAR + CUSCO / LA CONVENCION + HUANCAVELICA / TAYACAJA,bounded_vraem_province_subset,0,5,617
prov_subset,vraem_prov_subset_0092,VRAEM provinces: AYACUCHO / HUANTA + AYACUCHO / LA MAR + CUSCO / LA CONVENCION + HUANCAVELICA / TAYACAJA,bounded_vraem_province_subset,0,4,683
prov_subset,vraem_prov_subset_0093,VRAEM provinces: APURIMAC / ANDAHUAYLAS + AYACUCHO / HUANTA + AYACUCHO / LA MAR + CUSCO / LA CONVENCION + HUANCAVELICA / TAYACAJA,bounded_vraem_province_subset,0,5,776
prov_subset,vraem_prov_subset_0094,VRAEM provinces: APURIMAC / CHINCHEROS + AYACUCHO / HUANTA + AYACUCHO / LA MAR + CUSCO / LA CONVENCION + HUANCAVELICA / TAYACAJA,bounded_vraem_province_subset,0,5,761
prov_subset,vraem_prov_subset_0095,VRAEM provinces: APURIMAC / ANDAHUAYLAS + APURIMAC / CHINCHEROS + AYACUCHO / HUANTA + AYACUCHO / LA MAR + CUSCO / LA CONVENCION + HUANCAVELICA / TAYACAJA,bounded_vraem_province_subset,0,6,854
prov_subset,vraem_prov_subset_0096,VRAEM provinces: HUANCAVELICA / CHURCAMPA + HUANCAVELICA / TAYACAJA,bounded_vraem_province_subset,0,2,154
prov_subset,vraem_prov_subset_0097,VRAEM provinces: APURIMAC / ANDAHUAYLAS + HUANCAVELICA / CHURCAMPA + HUANCAVELICA / TAYACAJA,bounded_vraem_province_subset,0,3,247
prov_subset,vraem_prov_subset_0098,VRAEM provinces: APURIMAC / CHINCHEROS + HUANCAVELICA / CHURCAMPA + HUANCAVELICA / TAYACAJA,bounded_vraem_province_subset,0,3,232
prov_subset,vraem_prov_subset_0099,VRAEM provinces: APURIMAC / ANDAHUAYLAS + APURIMAC / CHINCHEROS + HUANCAVELICA / CHURCAMPA + HUANCAVELICA / TAYACAJA,bounded_vraem_province_subset,0,4,325
prov_subset,vraem_prov_subset_0100,VRAEM provinces: AYACUCHO / HUANTA + HUANCAVELICA / CHURCAMPA + HUANCAVELICA / TAYACAJA,bounded_vraem_province_subset,0,3,391
prov_subset,vraem_prov_subset_0101,VRAEM provinces: APURIMAC / ANDAHUAYLAS + AYACUCHO / HUANTA + HUANCAVELICA / CHURCAMPA + HUANCAVELICA / TAYACAJA,bounded_vraem_province_subset,0,4,484
prov_subset,vraem_prov_subset_0102,VRAEM provinces: APURIMAC / CHINCHEROS + AYACUCHO / HUANTA + HUANCAVELICA / CHURCAMPA + HUANCAVELICA / TAYACAJA,bounded_vraem_province_subset,0,4,469
prov_subset,vraem_prov_subset_0103,VRAEM provinces: APURIMAC / ANDAHUAYLAS + APURIMAC / CHINCHEROS + AYACUCHO / HUANTA + HUANCAVELICA / CHURCAMPA + HUANCAVELICA / TAYACAJA,bounded_vraem_province_subset,0,5,562
prov_subset,vraem_prov_subset_0104,VRAEM provinces: AYACUCHO / LA MAR + HUANCAVELICA / CHURCAMPA + HUANCAVELICA / TAYACAJA,bounded_vraem_province_subset,0,3,449
prov_subset,vraem_prov_subset_0105,VRAEM provinces: APURIMAC / ANDAHUAYLAS + AYACUCHO / LA MAR + HUANCAVELICA / CHURCAMPA + HUANCAVELICA / TAYACAJA,bounded_vraem_province_subset,0,4,542
prov_subset,vraem_prov_subset_0106,VRAEM provinces: APURIMAC / CHINCHEROS + AYACUCHO / LA MAR + HUANCAVELICA / CHURCAMPA + HUANCAVELICA / TAYACAJA,bounded_vraem_province_subset,0,4,527
prov_subset,vraem_prov_subset_0107,VRAEM provinces: APURIMAC / ANDAHUAYLAS + APURIMAC / CHINCHEROS + AYACUCHO / LA MAR + HUANCAVELICA / CHURCAMPA + HUANCAVELICA / TAYACAJA,bounded_vraem_province_subset,0,5,620
prov_subset,vraem_prov_subset_0108,VRAEM provinces: AYACUCHO / HUANTA + AYACUCHO / LA MAR + HUANCAVELICA / CHURCAMPA + HUANCAVELICA / TAYACAJA,bounded_vraem_province_subset,0,4,686
prov_subset,vraem_prov_subset_0109,VRAEM provinces: APURIMAC / ANDAHUAYLAS + AYACUCHO / HUANTA + AYACUCHO / LA MAR + HUANCAVELICA / CHURCAMPA + HUANCAVELICA / TAYACAJA,bounded_vraem_province_subset,0,5,779
prov_subset,vraem_prov_subset_0110,VRAEM provinces: APURIMAC / CHINCHEROS + AYACUCHO / HUANTA + AYACUCHO / LA MAR + HUANCAVELICA / CHURCAMPA + HUANCAVELICA / TAYACAJA,bounded_vraem_province_subset,0,5,764
prov_subset,vraem_prov_subset_0111,VRAEM provinces: APURIMAC / ANDAHUAYLAS + APURIMAC / CHINCHEROS + AYACUCHO / HUANTA + AYACUCHO / LA MAR + HUANCAVELICA / CHURCAMPA + HUANCAVELICA / TAYACAJA,bounded_vraem_province_subset,0,6,857
prov_subset,vraem_prov_subset_0112,VRAEM provinces: CUSCO / LA CONVENCION + HUANCAVELICA / CHURCAMPA + HUANCAVELICA / TAYACAJA,bounded_vraem_province_subset,0,3,258
prov_subset,vraem_prov_subset_0113,VRAEM provinces: APURIMAC / ANDAHUAYLAS + CUSCO / LA CONVENCION + HUANCAVELICA / CHURCAMPA + HUANCAVELICA / TAYACAJA,bounded_vraem_province_subset,0,4,351
prov_subset,vraem_prov_subset_0114,VRAEM provinces: APURIMAC / CHINCHEROS + CUSCO / LA CONVENCION + HUANCAVELICA / CHURCAMPA + HUANCAVELICA / TAYACAJA,bounded_vraem_province_subset,0,4,336
prov_subset,vraem_prov_subset_0115,VRAEM provinces: APURIMAC / ANDAHUAYLAS + APURIMAC / CHINCHEROS + CUSCO / LA CONVENCION + HUANCAVELICA / CHURCAMPA + HUANCAVELICA / TAYACAJA,bounded_vraem_province_subset,0,5,429
prov_subset,vraem_prov_subset_0116,VRAEM provinces: AYACUCHO / HUANTA + CUSCO / LA CONVENCION + HUANCAVELICA / CHURCAMPA + HUANCAVELICA / TAYACAJA,bounded_vraem_province_subset,0,4,495
prov_subset,vraem_prov_subset_0117,VRAEM provinces: APURIMAC / ANDAHUAYLAS + AYACUCHO / HUANTA + CUSCO / LA CONVENCION + HUANCAVELICA / CHURCAMPA + HUANCAVELICA / TAYACAJA,bounded_vraem_province_subset,0,5,588
prov_subset,vraem_prov_subset_0118,VRAEM provinces: APURIMAC / CHINCHEROS + AYACUCHO / HUANTA + CUSCO / LA CONVENCION + HUANCAVELICA / CHURCAMPA + HUANCAVELICA / TAYACAJA,bounded_vraem_province_subset,0,5,573
prov_subset,vraem_prov_subset_0119,VRAEM provinces: APURIMAC / ANDAHUAYLAS + APURIMAC / CHINCHEROS + AYACUCHO / HUANTA + CUSCO / LA CONVENCION + HUANCAVELICA / CHURCAMPA + HUANCAVELICA / TAYACAJA,bounded_vraem_province_subset,0,6,666
prov_subset,vraem_prov_subset_0120,VRAEM provinces: AYACUCHO / LA MAR + CUSCO / LA CONVENCION + HUANCAVELICA / CHURCAMPA + HUANCAVELICA / TAYACAJA,bounded_vraem_province_subset,0,4,553
prov_subset,vraem_prov_subset_0121,VRAEM provinces: APURIMAC / ANDAHUAYLAS + AYACUCHO / LA MAR + CUSCO / LA CONVENCION + HUANCAVELICA / CHURCAMPA + HUANCAVELICA / TAYACAJA,bounded_vraem_province_subset,0,5,646
prov_subset,vraem_prov_subset_0122,VRAEM provinces: APURIMAC / CHINCHEROS + AYACUCHO / LA MAR + CUSCO / LA CONVENCION + HUANCAVELICA / CHURCAMPA + HUANCAVELICA / TAYACAJA,bounded_vraem_province_subset,0,5,631
prov_subset,vraem_prov_subset_0123,VRAEM provinces: APURIMAC / ANDAHUAYLAS + APURIMAC / CHINCHEROS + AYACUCHO / LA MAR + CUSCO / LA CONVENCION + HUANCAVELICA / CHURCAMPA + HUANCAVELICA / TAYACAJA,bounded_vraem_province_subset,0,6,724
prov_subset,vraem_prov_subset_0124,VRAEM provinces: AYACUCHO / HUANTA + AYACUCHO / LA MAR + CUSCO / LA CONVENCION + HUANCAVELICA / CHURCAMPA + HUANCAVELICA / TAYACAJA,bounded_vraem_province_subset,0,5,790
prov_subset,vraem_prov_subset_0125,VRAEM provinces: APURIMAC / ANDAHUAYLAS + AYACUCHO / HUANTA + AYACUCHO / LA MAR + CUSCO / LA CONVENCION + HUANCAVELICA / CHURCAMPA + HUANCAVELICA / TAYACAJA,bounded_vraem_province_subset,0,6,883
prov_subset,vraem_prov_subset_0126,VRAEM provinces: APURIMAC / CHINCHEROS + AYACUCHO / HUANTA + AYACUCHO / LA MAR + CUSCO / LA CONVENCION + HUANCAVELICA / CHURCAMPA + HUANCAVELICA / TAYACAJA,bounded_vraem_province_subset,0,6,868
prov_subset,vraem_prov_subset_0127,VRAEM provinces: APURIMAC / ANDAHUAYLAS + APURIMAC / CHINCHEROS + AYACUCHO / HUANTA + AYACUCHO / LA MAR + CUSCO / LA CONVENCION + HUANCAVELICA / CHURCAMPA + HUANCAVELICA / TAYACAJA,bounded_vraem_province_subset,0,7,961
prov_subset,vraem_prov_subset_0128,VRAEM provinces: JUNIN / HUANCAYO,bounded_vraem_province_subset,0,1,151
prov_subset,vraem_prov_subset_0129,VRAEM provinces: APURIMAC / ANDAHUAYLAS + JUNIN / HUANCAYO,bounded_vraem_province_subset,0,2,244
prov_subset,vraem_prov_subset_0130,VRAEM provinces: APURIMAC / CHINCHEROS + JUNIN / HUANCAYO,bounded_vraem_province_subset,0,2,229
prov_subset,vraem_prov_subset_0131,VRAEM provinces: APURIMAC / ANDAHUAYLAS + APURIMAC / CHINCHEROS + JUNIN / HUANCAYO,bounded_vraem_province_subset,0,3,322
prov_subset,vraem_prov_subset_0132,VRAEM provinces: AYACUCHO / HUANTA + JUNIN / HUANCAYO,bounded_vraem_province_subset,0,2,388
prov_subset,vraem_prov_subset_0133,VRAEM provinces: APURIMAC / ANDAHUAYLAS + AYACUCHO / HUANTA + JUNIN / HUANCAYO,bounded_vraem_province_subset,0,3,481
prov_subset,vraem_prov_subset_0134,VRAEM provinces: APURIMAC / CHINCHEROS + AYACUCHO / HUANTA + JUNIN / HUANCAYO,bounded_vraem_province_subset,0,3,466
prov_subset,vraem_prov_subset_0135,VRAEM provinces: APURIMAC / ANDAHUAYLAS + APURIMAC / CHINCHEROS + AYACUCHO / HUANTA + JUNIN / HUANCAYO,bounded_vraem_province_subset,0,4,559
prov_subset,vraem_prov_subset_0136,VRAEM provinces: AYACUCHO / LA MAR + JUNIN / HUANCAYO,bounded_vraem_province_subset,0,2,446
prov_subset,vraem_prov_subset_0137,VRAEM provinces: APURIMAC / ANDAHUAYLAS + AYACUCHO / LA MAR + JUNIN / HUANCAYO,bounded_vraem_province_subset,0,3,539
prov_subset,vraem_prov_subset_0138,VRAEM provinces: APURIMAC / CHINCHEROS + AYACUCHO / LA MAR + JUNIN / HUANCAYO,bounded_vraem_province_subset,0,3,524
prov_subset,vraem_prov_subset_0139,VRAEM provinces: APURIMAC / ANDAHUAYLAS + APURIMAC / CHINCHEROS + AYACUCHO / LA MAR + JUNIN / HUANCAYO,bounded_vraem_province_subset,0,4,617
prov_subset,vraem_prov_subset_0140,VRAEM provinces: AYACUCHO / HUANTA + AYACUCHO / LA MAR + JUNIN / HUANCAYO,bounded_vraem_province_subset,0,3,683
prov_subset,vraem_prov_subset_0141,VRAEM provinces: APURIMAC / ANDAHUAYLAS + AYACUCHO / HUANTA + AYACUCHO / LA MAR + JUNIN / HUANCAYO,bounded_vraem_province_subset,0,4,776
prov_subset,vraem_prov_subset_0142,VRAEM provinces: APURIMAC / CHINCHEROS + AYACUCHO / HUANTA + AYACUCHO / LA MAR + JUNIN / HUANCAYO,bounded_vraem_province_subset,0,4,761
prov_subset,vraem_prov_subset_0143,VRAEM provinces: APURIMAC / ANDAHUAYLAS + APURIMAC / CHINCHEROS + AYACUCHO / HUANTA + AYACUCHO / LA MAR + JUNIN / HUANCAYO,bounded_vraem_province_subset,0,5,854
prov_subset,vraem_prov_subset_0144,VRAEM provinces: CUSCO / LA CONVENCION + JUNIN / HUANCAYO,bounded_vraem_province_subset,0,2,255
prov_subset,vraem_prov_subset_0145,VRAEM provinces: APURIMAC / ANDAHUAYLAS + CUSCO / LA CONVENCION + JUNIN / HUANCAYO,bounded_vraem_province_subset,0,3,348
prov_subset,vraem_prov_subset_0146,VRAEM provinces: APURIMAC / CHINCHEROS + CUSCO / LA CONVENCION + JUNIN / HUANCAYO,bounded_vraem_province_subset,0,3,333
prov_subset,vraem_prov_subset_0147,VRAEM provinces: APURIMAC / ANDAHUAYLAS + APURIMAC / CHINCHEROS + CUSCO / LA CONVENCION + JUNIN / HUANCAYO,bounded_vraem_province_subset,0,4,426
prov_subset,vraem_prov_subset_0148,VRAEM provinces: AYACUCHO / HUANTA + CUSCO / LA CONVENCION + JUNIN / HUANCAYO,bounded_vraem_province_subset,0,3,492
prov_subset,vraem_prov_subset_0149,VRAEM provinces: APURIMAC / ANDAHUAYLAS + AYACUCHO / HUANTA + CUSCO / LA CONVENCION + JUNIN / HUANCAYO,bounded_vraem_province_subset,0,4,585
prov_subset,vraem_prov_subset_0150,VRAEM provinces: APURIMAC / CHINCHEROS + AYACUCHO / HUANTA + CUSCO / LA CONVENCION + JUNIN / HUANCAYO,bounded_vraem_province_subset,0,4,570
prov_subset,vraem_prov_subset_0151,VRAEM provinces: APURIMAC / ANDAHUAYLAS + APURIMAC / CHINCHEROS + AYACUCHO / HUANTA + CUSCO / LA CONVENCION + JUNIN / HUANCAYO,bounded_vraem_province_subset,0,5,663
prov_subset,vraem_prov_subset_0152,VRAEM provinces: AYACUCHO / LA MAR + CUSCO / LA CONVENCION + JUNIN / HUANCAYO,bounded_vraem_province_subset,0,3,550
prov_subset,vraem_prov_subset_0153,VRAEM provinces: APURIMAC / ANDAHUAYLAS + AYACUCHO / LA MAR + CUSCO / LA CONVENCION + JUNIN / HUANCAYO,bounded_vraem_province_subset,0,4,643
prov_subset,vraem_prov_subset_0154,VRAEM provinces: APURIMAC / CHINCHEROS + AYACUCHO / LA MAR + CUSCO / LA CONVENCION + JUNIN / HUANCAYO,bounded_vraem_province_subset,0,4,628
prov_subset,vraem_prov_subset_0155,VRAEM provinces: APURIMAC / ANDAHUAYLAS + APURIMAC / CHINCHEROS + AYACUCHO / LA MAR + CUSCO / LA CONVENCION + JUNIN / HUANCAYO,bounded_vraem_province_subset,0,5,721
prov_subset,vraem_prov_subset_0156,VRAEM provinces: AYACUCHO / HUANTA + AYACUCHO / LA MAR + CUSCO / LA CONVENCION + JUNIN / HUANCAYO,bounded_vraem_province_subset,0,4,787
prov_subset,vraem_prov_subset_0157,VRAEM provinces: APURIMAC / ANDAHUAYLAS + AYACUCHO / HUANTA + AYACUCHO / LA MAR + CUSCO / LA CONVENCION + JUNIN / HUANCAYO,bounded_vraem_province_subset,0,5,880
prov_subset,vraem_prov_subset_0158,VRAEM provinces: APURIMAC / CHINCHEROS + AYACUCHO / HUANTA + AYACUCHO / LA MAR + CUSCO / LA CONVENCION + JUNIN / HUANCAYO,bounded_vraem_province_subset,0,5,865
prov_subset,vraem_prov_subset_0159,VRAEM provinces: APURIMAC / ANDAHUAYLAS + APURIMAC / CHINCHEROS + AYACUCHO / HUANTA + AYACUCHO / LA MAR + CUSCO / LA CONVENCION + JUNIN / HUANCAYO,bounded_vraem_province_subset,0,6,958
prov_subset,vraem_prov_subset_0160,VRAEM provinces: HUANCAVELICA / CHURCAMPA + JUNIN / HUANCAYO,bounded_vraem_province_subset,0,2,258
prov_subset,vraem_prov_subset_0161,VRAEM provinces: APURIMAC / ANDAHUAYLAS + HUANCAVELICA / CHURCAMPA + JUNIN / HUANCAYO,bounded_vraem_province_subset,0,3,351
prov_subset,vraem_prov_subset_0162,VRAEM provinces: APURIMAC / CHINCHEROS + HUANCAVELICA / CHURCAMPA + JUNIN / HUANCAYO,bounded_vraem_province_subset,0,3,336
prov_subset,vraem_prov_subset_0163,VRAEM provinces: APURIMAC / ANDAHUAYLAS + APURIMAC / CHINCHEROS + HUANCAVELICA / CHURCAMPA + JUNIN / HUANCAYO,bounded_vraem_province_subset,0,4,429
prov_subset,vraem_prov_subset_0164,VRAEM provinces: AYACUCHO / HUANTA + HUANCAVELICA / CHURCAMPA + JUNIN / HUANCAYO,bounded_vraem_province_subset,0,3,495
prov_subset,vraem_prov_subset_0165,VRAEM provinces: APURIMAC / ANDAHUAYLAS + AYACUCHO / HUANTA + HUANCAVELICA / CHURCAMPA + JUNIN / HUANCAYO,bounded_vraem_province_subset,0,4,588
prov_subset,vraem_prov_subset_0166,VRAEM provinces: APURIMAC / CHINCHEROS + AYACUCHO / HUANTA + HUANCAVELICA / CHURCAMPA + JUNIN / HUANCAYO,bounded_vraem_province_subset,0,4,573
prov_subset,vraem_prov_subset_0167,VRAEM provinces: APURIMAC / ANDAHUAYLAS + APURIMAC / CHINCHEROS + AYACUCHO / HUANTA + HUANCAVELICA / CHURCAMPA + JUNIN / HUANCAYO,bounded_vraem_province_subset,0,5,666
prov_subset,vraem_prov_subset_0168,VRAEM provinces: AYACUCHO / LA MAR + HUANCAVELICA / CHURCAMPA + JUNIN / HUANCAYO,bounded_vraem_province_subset,0,3,553
prov_subset,vraem_prov_subset_0169,VRAEM provinces: APURIMAC / ANDAHUAYLAS + AYACUCHO / LA MAR + HUANCAVELICA / CHURCAMPA + JUNIN / HUANCAYO,bounded_vraem_province_subset,0,4,646
prov_subset,vraem_prov_subset_0170,VRAEM provinces: APURIMAC / CHINCHEROS + AYACUCHO / LA MAR + HUANCAVELICA / CHURCAMPA + JUNIN / HUANCAYO,bounded_vraem_province_subset,0,4,631
prov_subset,vraem_prov_subset_0171,VRAEM provinces: APURIMAC / ANDAHUAYLAS + APURIMAC / CHINCHEROS + AYACUCHO / LA MAR + HUANCAVELICA / CHURCAMPA + JUNIN / HUANCAYO,bounded_vraem_province_subset,0,5,724
prov_subset,vraem_prov_subset_0172,VRAEM provinces: AYACUCHO / HUANTA + AYACUCHO / LA MAR + HUANCAVELICA / CHURCAMPA + JUNIN / HUANCAYO,bounded_vraem_province_subset,0,4,790
prov_subset,vraem_prov_subset_0173,VRAEM provinces: APURIMAC / ANDAHUAYLAS + AYACUCHO / HUANTA + AYACUCHO / LA MAR + HUANCAVELICA / CHURCAMPA + JUNIN / HUANCAYO,bounded_vraem_province_subset,0,5,883
prov_subset,vraem_prov_subset_0174,VRAEM provinces: APURIMAC / CHINCHEROS + AYACUCHO / HUANTA + AYACUCHO / LA MAR + HUANCAVELICA / CHURCAMPA + JUNIN / HUANCAYO,bounded_vraem_province_subset,0,5,868
prov_subset,vraem_prov_subset_0175,VRAEM provinces: APURIMAC / ANDAHUAYLAS + APURIMAC / CHINCHEROS + AYACUCHO / HUANTA + AYACUCHO / LA MAR + HUANCAVELICA / CHURCAMPA + JUNIN / HUANCAYO,bounded_vraem_province_subset,0,6,961
prov_subset,vraem_prov_subset_0176,VRAEM provinces: CUSCO / LA CONVENCION + HUANCAVELICA / CHURCAMPA + JUNIN / HUANCAYO,bounded_vraem_province_subset,0,3,362
prov_subset,vraem_prov_subset_0177,VRAEM provinces: APURIMAC / ANDAHUAYLAS + CUSCO / LA CONVENCION + HUANCAVELICA / CHURCAMPA + JUNIN / HUANCAYO,bounded_vraem_province_subset,0,4,455
prov_subset,vraem_prov_subset_0178,VRAEM provinces: APURIMAC / CHINCHEROS + CUSCO / LA CONVENCION + HUANCAVELICA / CHURCAMPA + JUNIN / HUANCAYO,bounded_vraem_province_subset,0,4,440
prov_subset,vraem_prov_subset_0179,VRAEM provinces: APURIMAC / ANDAHUAYLAS + APURIMAC / CHINCHEROS + CUSCO / LA CONVENCION + HUANCAVELICA / CHURCAMPA + JUNIN / HUANCAYO,bounded_vraem_province_subset,0,5,533
prov_subset,vraem_prov_subset_0180,VRAEM provinces: AYACUCHO / HUANTA + CUSCO / LA CONVENCION + HUANCAVELICA / CHURCAMPA + JUNIN / HUANCAYO,bounded_vraem_province_subset,0,4,599
prov_subset,vraem_prov_subset_0181,VRAEM provinces: APURIMAC / ANDAHUAYLAS + AYACUCHO / HUANTA + CUSCO / LA CONVENCION + HUANCAVELICA / CHURCAMPA + JUNIN / HUANCAYO,bounded_vraem_province_subset,0,5,692
prov_subset,vraem_prov_subset_0182,VRAEM provinces: APURIMAC / CHINCHEROS + AYACUCHO / HUANTA + CUSCO / LA CONVENCION + HUANCAVELICA / CHURCAMPA + JUNIN / HUANCAYO,bounded_vraem_province_subset,0,5,677
prov_subset,vraem_prov_subset_0183,VRAEM provinces: APURIMAC / ANDAHUAYLAS + APURIMAC / CHINCHEROS + AYACUCHO / HUANTA + CUSCO / LA CONVENCION + HUANCAVELICA / CHURCAMPA + JUNIN / HUANCAYO,bounded_vraem_province_subset,0,6,770
prov_subset,vraem_prov_subset_0184,VRAEM provinces: AYACUCHO / LA MAR + CUSCO / LA CONVENCION + HUANCAVELICA / CHURCAMPA + JUNIN / HUANCAYO,bounded_vraem_province_subset,0,4,657
prov_subset,vraem_prov_subset_0185,VRAEM provinces: APURIMAC / ANDAHUAYLAS + AYACUCHO / LA MAR + CUSCO / LA CONVENCION + HUANCAVELICA / CHURCAMPA + JUNIN / HUANCAYO,bounded_vraem_province_subset,0,5,750
prov_subset,vraem_prov_subset_0186,VRAEM provinces: APURIMAC / CHINCHEROS + AYACUCHO / LA MAR + CUSCO / LA CONVENCION + HUANCAVELICA / CHURCAMPA + JUNIN / HUANCAYO,bounded_vraem_province_subset,0,5,735
prov_subset,vraem_prov_subset_0187,VRAEM provinces: APURIMAC / ANDAHUAYLAS + APURIMAC / CHINCHEROS + AYACUCHO / LA MAR + CUSCO / LA CONVENCION + HUANCAVELICA / CHURCAMPA + JUNIN / HUANCAYO,bounded_vraem_province_subset,0,6,828
prov_subset,vraem_prov_subset_0188,VRAEM provinces: AYACUCHO / HUANTA + AYACUCHO / LA MAR + CUSCO / LA CONVENCION + HUANCAVELICA / CHURCAMPA + JUNIN / HUANCAYO,bounded_vraem_province_subset,0,5,894
prov_subset,vraem_prov_subset_0189,VRAEM provinces: APURIMAC / ANDAHUAYLAS + AYACUCHO / HUANTA + AYACUCHO / LA MAR + CUSCO / LA CONVENCION + HUANCAVELICA / CHURCAMPA + JUNIN / HUANCAYO,bounded_vraem_province_subset,0,6,987
prov_subset,vraem_prov_subset_0190,VRAEM provinces: APURIMAC / CHINCHEROS + AYACUCHO / HUANTA + AYACUCHO / LA MAR + CUSCO / LA CONVENCION + HUANCAVELICA / CHURCAMPA + JUNIN / HUANCAYO,bounded_vraem_province_subset,0,6,972
prov_subset,vraem_prov_subset_0191,VRAEM provinces: APURIMAC / ANDAHUAYLAS + APURIMAC / CHINCHEROS + AYACUCHO / HUANTA + AYACUCHO / LA MAR + CUSCO / LA CONVENCION + HUANCAVELICA / CHURCAMPA + JUNIN / HUANCAYO,bounded_vraem_province_subset,0,7,1065
prov_subset,vraem_prov_subset_0192,VRAEM provinces: HUANCAVELICA / TAYACAJA + JUNIN / HUANCAYO,bounded_vraem_province_subset,0,2,198
prov_subset,vraem_prov_subset_0193,VRAEM provinces: APURIMAC / ANDAHUAYLAS + HUANCAVELICA / TAYACAJA + JUNIN / HUANCAYO,bounded_vraem_province_subset,0,3,291
prov_subset,vraem_prov_subset_0194,VRAEM provinces: APURIMAC / CHINCHEROS + HUANCAVELICA / TAYACAJA + JUNIN / HUANCAYO,bounded_vraem_province_subset,0,3,276
prov_subset,vraem_prov_subset_0195,VRAEM provinces: APURIMAC / ANDAHUAYLAS + APURIMAC / CHINCHEROS + HUANCAVELICA / TAYACAJA + JUNIN / HUANCAYO,bounded_vraem_province_subset,0,4,369
prov_subset,vraem_prov_subset_0196,VRAEM provinces: AYACUCHO / HUANTA + HUANCAVELICA / TAYACAJA + JUNIN / HUANCAYO,bounded_vraem_province_subset,0,3,435
prov_subset,vraem_prov_subset_0197,VRAEM provinces: APURIMAC / ANDAHUAYLAS + AYACUCHO / HUANTA + HUANCAVELICA / TAYACAJA + JUNIN / HUANCAYO,bounded_vraem_province_subset,0,4,528
prov_subset,vraem_prov_subset_0198,VRAEM provinces: APURIMAC / CHINCHEROS + AYACUCHO / HUANTA + HUANCAVELICA / TAYACAJA + JUNIN / HUANCAYO,bounded_vraem_province_subset,0,4,513
prov_subset,vraem_prov_subset_0199,VRAEM provinces: APURIMAC / ANDAHUAYLAS + APURIMAC / CHINCHEROS + AYACUCHO / HUANTA + HUANCAVELICA / TAYACAJA + JUNIN / HUANCAYO,bounded_vraem_province_subset,0,5,606
prov_subset,vraem_prov_subset_0200,VRAEM provinces: AYACUCHO / LA MAR + HUANCAVELICA / TAYACAJA + JUNIN / HUANCAYO,bounded_vraem_province_subset,0,3,493
prov_subset,vraem_prov_subset_0201,VRAEM provinces: APURIMAC / ANDAHUAYLAS + AYACUCHO / LA MAR + HUANCAVELICA / TAYACAJA + JUNIN / HUANCAYO,bounded_vraem_province_subset,0,4,586
prov_subset,vraem_prov_subset_0202,VRAEM provinces: APURIMAC / CHINCHEROS + AYACUCHO / LA MAR + HUANCAVELICA / TAYACAJA + JUNIN / HUANCAYO,bounded_vraem_province_subset,0,4,571
prov_subset,vraem_prov_subset_0203,VRAEM provinces: APURIMAC / ANDAHUAYLAS + APURIMAC / CHINCHEROS + AYACUCHO / LA MAR + HUANCAVELICA / TAYACAJA + JUNIN / HUANCAYO,bounded_vraem_province_subset,0,5,664
prov_subset,vraem_prov_subset_0204,VRAEM provinces: AYACUCHO / HUANTA + AYACUCHO / LA MAR + HUANCAVELICA / TAYACAJA + JUNIN / HUANCAYO,bounded_vraem_province_subset,0,4,730
prov_subset,vraem_prov_subset_0205,VRAEM provinces: APURIMAC / ANDAHUAYLAS + AYACUCHO / HUANTA + AYACUCHO / LA MAR + HUANCAVELICA / TAYACAJA + JUNIN / HUANCAYO,bounded_vraem_province_subset,0,5,823
prov_subset,vraem_prov_subset_0206,VRAEM provinces: APURIMAC / CHINCHEROS + AYACUCHO / HUANTA + AYACUCHO / LA MAR + HUANCAVELICA / TAYACAJA + JUNIN / HUANCAYO,bounded_vraem_province_subset,0,5,808
prov_subset,vraem_prov_subset_0207,VRAEM provinces: APURIMAC / ANDAHUAYLAS + APURIMAC / CHINCHEROS + AYACUCHO / HUANTA + AYACUCHO / LA MAR + HUANCAVELICA / TAYACAJA + JUNIN / HUANCAYO,bounded_vraem_province_subset,0,6,901
prov_subset,vraem_prov_subset_0208,VRAEM provinces: CUSCO / LA CONVENCION + HUANCAVELICA / TAYACAJA + JUNIN / HUANCAYO,bounded_vraem_province_subset,0,3,302
prov_subset,vraem_prov_subset_0209,VRAEM provinces: APURIMAC / ANDAHUAYLAS + CUSCO / LA CONVENCION + HUANCAVELICA / TAYACAJA + JUNIN / HUANCAYO,bounded_vraem_province_subset,0,4,395
prov_subset,vraem_prov_subset_0210,VRAEM provinces: APURIMAC / CHINCHEROS + CUSCO / LA CONVENCION + HUANCAVELICA / TAYACAJA + JUNIN / HUANCAYO,bounded_vraem_province_subset,0,4,380
prov_subset,vraem_prov_subset_0211,VRAEM provinces: APURIMAC / ANDAHUAYLAS + APURIMAC / CHINCHEROS + CUSCO / LA CONVENCION + HUANCAVELICA / TAYACAJA + JUNIN / HUANCAYO,bounded_vraem_province_subset,0,5,473
prov_subset,vraem_prov_subset_0212,VRAEM provinces: AYACUCHO / HUANTA + CUSCO / LA CONVENCION + HUANCAVELICA / TAYACAJA + JUNIN / HUANCAYO,bounded_vraem_province_subset,0,4,539
prov_subset,vraem_prov_subset_0213,VRAEM provinces: APURIMAC / ANDAHUAYLAS + AYACUCHO / HUANTA + CUSCO / LA CONVENCION + HUANCAVELICA / TAYACAJA + JUNIN / HUANCAYO,bounded_vraem_province_subset,0,5,632
prov_subset,vraem_prov_subset_0214,VRAEM provinces: APURIMAC / CHINCHEROS + AYACUCHO / HUANTA + CUSCO / LA CONVENCION + HUANCAVELICA / TAYACAJA + JUNIN / HUANCAYO,bounded_vraem_province_subset,0,5,617
prov_subset,vraem_prov_subset_0215,VRAEM provinces: APURIMAC / ANDAHUAYLAS + APURIMAC / CHINCHEROS + AYACUCHO / HUANTA + CUSCO / LA CONVENCION + HUANCAVELICA / TAYACAJA + JUNIN / HUANCAYO,bounded_vraem_province_subset,0,6,710
prov_subset,vraem_prov_subset_0216,VRAEM provinces: AYACUCHO / LA MAR + CUSCO / LA CONVENCION + HUANCAVELICA / TAYACAJA + JUNIN / HUANCAYO,bounded_vraem_province_subset,0,4,597
prov_subset,vraem_prov_subset_0217,VRAEM provinces: APURIMAC / ANDAHUAYLAS + AYACUCHO / LA MAR + CUSCO / LA CONVENCION + HUANCAVELICA / TAYACAJA + JUNIN / HUANCAYO,bounded_vraem_province_subset,0,5,690
prov_subset,vraem_prov_subset_0218,VRAEM provinces: APURIMAC / CHINCHEROS + AYACUCHO / LA MAR + CUSCO / LA CONVENCION + HUANCAVELICA / TAYACAJA + JUNIN / HUANCAYO,bounded_vraem_province_subset,0,5,675
prov_subset,vraem_prov_subset_0219,VRAEM provinces: APURIMAC / ANDAHUAYLAS + APURIMAC / CHINCHEROS + AYACUCHO / LA MAR + CUSCO / LA CONVENCION + HUANCAVELICA / TAYACAJA + JUNIN / HUANCAYO,bounded_vraem_province_subset,0,6,768
prov_subset,vraem_prov_subset_0220,VRAEM provinces: AYACUCHO / HUANTA + AYACUCHO / LA MAR + CUSCO / LA CONVENCION + HUANCAVELICA / TAYACAJA + JUNIN / HUANCAYO,bounded_vraem_province_subset,0,5,834
prov_subset,vraem_prov_subset_0221,VRAEM provinces: APURIMAC / ANDAHUAYLAS + AYACUCHO / HUANTA + AYACUCHO / LA MAR + CUSCO / LA CONVENCION + HUANCAVELICA / TAYACAJA + JUNIN / HUANCAYO,bounded_vraem_province_subset,0,6,927
prov_subset,vraem_prov_subset_0222,VRAEM provinces: APURIMAC / CHINCHEROS + AYACUCHO / HUANTA + AYACUCHO / LA MAR + CUSCO / LA CONVENCION + HUANCAVELICA / TAYACAJA + JUNIN / HUANCAYO,bounded_vraem_province_subset,0,6,912
prov_subset,vraem_prov_subset_0223,VRAEM provinces: APURIMAC / ANDAHUAYLAS + APURIMAC / CHINCHEROS + AYACUCHO / HUANTA + AYACUCHO / LA MAR + CUSCO / LA CONVENCION + HUANCAVELICA / TAYACAJA + JUNIN / HUANCAYO,bounded_vraem_province_subset,0,7,1005
prov_subset,vraem_prov_subset_0224,VRAEM provinces: HUANCAVELICA / CHURCAMPA + HUANCAVELICA / TAYACAJA + JUNIN / HUANCAYO,bounded_vraem_province_subset,0,3,305
prov_subset,vraem_prov_subset_0225,VRAEM provinces: APURIMAC / ANDAHUAYLAS + HUANCAVELICA / CHURCAMPA + HUANCAVELICA / TAYACAJA + JUNIN / HUANCAYO,bounded_vraem_province_subset,0,4,398
prov_subset,vraem_prov_subset_0226,VRAEM provinces: APURIMAC / CHINCHEROS + HUANCAVELICA / CHURCAMPA + HUANCAVELICA / TAYACAJA + JUNIN / HUANCAYO,bounded_vraem_province_subset,0,4,383
prov_subset,vraem_prov_subset_0227,VRAEM provinces: APURIMAC / ANDAHUAYLAS + APURIMAC / CHINCHEROS + HUANCAVELICA / CHURCAMPA + HUANCAVELICA / TAYACAJA + JUNIN / HUANCAYO,bounded_vraem_province_subset,0,5,476
prov_subset,vraem_prov_subset_0228,VRAEM provinces: AYACUCHO / HUANTA + HUANCAVELICA / CHURCAMPA + HUANCAVELICA / TAYACAJA + JUNIN / HUANCAYO,bounded_vraem_province_subset,0,4,542
prov_subset,vraem_prov_subset_0229,VRAEM provinces: APURIMAC / ANDAHUAYLAS + AYACUCHO / HUANTA + HUANCAVELICA / CHURCAMPA + HUANCAVELICA / TAYACAJA + JUNIN / HUANCAYO,bounded_vraem_province_subset,0,5,635
prov_subset,vraem_prov_subset_0230,VRAEM provinces: APURIMAC / CHINCHEROS + AYACUCHO / HUANTA + HUANCAVELICA / CHURCAMPA + HUANCAVELICA / TAYACAJA + JUNIN / HUANCAYO,bounded_vraem_province_subset,0,5,620
prov_subset,vraem_prov_subset_0231,VRAEM provinces: APURIMAC / ANDAHUAYLAS + APURIMAC / CHINCHEROS + AYACUCHO / HUANTA + HUANCAVELICA / CHURCAMPA + HUANCAVELICA / TAYACAJA + JUNIN / HUANCAYO,bounded_vraem_province_subset,0,6,713
prov_subset,vraem_prov_subset_0232,VRAEM provinces: AYACUCHO / LA MAR + HUANCAVELICA / CHURCAMPA + HUANCAVELICA / TAYACAJA + JUNIN / HUANCAYO,bounded_vraem_province_subset,0,4,600
prov_subset,vraem_prov_subset_0233,VRAEM provinces: APURIMAC / ANDAHUAYLAS + AYACUCHO / LA MAR + HUANCAVELICA / CHURCAMPA + HUANCAVELICA / TAYACAJA + JUNIN / HUANCAYO,bounded_vraem_province_subset,0,5,693
prov_subset,vraem_prov_subset_0234,VRAEM provinces: APURIMAC / CHINCHEROS + AYACUCHO / LA MAR + HUANCAVELICA / CHURCAMPA + HUANCAVELICA / TAYACAJA + JUNIN / HUANCAYO,bounded_vraem_province_subset,0,5,678
prov_subset,vraem_prov_subset_0235,VRAEM provinces: APURIMAC / ANDAHUAYLAS + APURIMAC / CHINCHEROS + AYACUCHO / LA MAR + HUANCAVELICA / CHURCAMPA + HUANCAVELICA / TAYACAJA + JUNIN / HUANCAYO,bounded_vraem_province_subset,0,6,771
prov_subset,vraem_prov_subset_0236,VRAEM provinces: AYACUCHO / HUANTA + AYACUCHO / LA MAR + HUANCAVELICA / CHURCAMPA + HUANCAVELICA / TAYACAJA + JUNIN / HUANCAYO,bounded_vraem_province_subset,0,5,837
prov_subset,vraem_prov_subset_0237,VRAEM provinces: APURIMAC / ANDAHUAYLAS + AYACUCHO / HUANTA + AYACUCHO / LA MAR + HUANCAVELICA / CHURCAMPA + HUANCAVELICA / TAYACAJA + JUNIN / HUANCAYO,bounded_vraem_province_subset,0,6,930
prov_subset,vraem_prov_subset_0238,VRAEM provinces: APURIMAC / CHINCHEROS + AYACUCHO / HUANTA + AYACUCHO / LA MAR + HUANCAVELICA / CHURCAMPA + HUANCAVELICA / TAYACAJA + JUNIN / HUANCAYO,bounded_vraem_province_subset,0,6,915
prov_subset,vraem_prov_subset_0239,VRAEM provinces: APURIMAC / ANDAHUAYLAS + APURIMAC / CHINCHEROS + AYACUCHO / HUANTA + AYACUCHO / LA MAR + HUANCAVELICA / CHURCAMPA + HUANCAVELICA / TAYACAJA + JUNIN / HUANCAYO,bounded_vraem_province_subset,0,7,1008
prov_subset,vraem_prov_subset_0240,VRAEM provinces: CUSCO / LA CONVENCION + HUANCAVELICA / CHURCAMPA + HUANCAVELICA / TAYACAJA + JUNIN / HUANCAYO,bounded_vraem_province_subset,0,4,409
prov_subset,vraem_prov_subset_0241,VRAEM provinces: APURIMAC / ANDAHUAYLAS + CUSCO / LA CONVENCION + HUANCAVELICA / CHURCAMPA + HUANCAVELICA / TAYACAJA + JUNIN / HUANCAYO,bounded_vraem_province_subset,0,5,502
prov_subset,vraem_prov_subset_0242,VRAEM provinces: APURIMAC / CHINCHEROS + CUSCO / LA CONVENCION + HUANCAVELICA / CHURCAMPA + HUANCAVELICA / TAYACAJA + JUNIN / HUANCAYO,bounded_vraem_province_subset,0,5,487
prov_subset,vraem_prov_subset_0243,VRAEM provinces: APURIMAC / ANDAHUAYLAS + APURIMAC / CHINCHEROS + CUSCO / LA CONVENCION + HUANCAVELICA / CHURCAMPA + HUANCAVELICA / TAYACAJA + JUNIN / HUANCAYO,bounded_vraem_province_subset,0,6,580
prov_subset,vraem_prov_subset_0244,VRAEM provinces: AYACUCHO / HUANTA + CUSCO / LA CONVENCION + HUANCAVELICA / CHURCAMPA + HUANCAVELICA / TAYACAJA + JUNIN / HUANCAYO,bounded_vraem_province_subset,0,5,646
prov_subset,vraem_prov_subset_0245,VRAEM provinces: APURIMAC / ANDAHUAYLAS + AYACUCHO / HUANTA + CUSCO / LA CONVENCION + HUANCAVELICA / CHURCAMPA + HUANCAVELICA / TAYACAJA + JUNIN / HUANCAYO,bounded_vraem_province_subset,0,6,739
prov_subset,vraem_prov_subset_0246,VRAEM provinces: APURIMAC / CHINCHEROS + AYACUCHO / HUANTA + CUSCO / LA CONVENCION + HUANCAVELICA / CHURCAMPA + HUANCAVELICA / TAYACAJA + JUNIN / HUANCAYO,bounded_vraem_province_subset,0,6,724
prov_subset,vraem_prov_subset_0247,VRAEM provinces: APURIMAC / ANDAHUAYLAS + APURIMAC / CHINCHEROS + AYACUCHO / HUANTA + CUSCO / LA CONVENCION + HUANCAVELICA / CHURCAMPA + HUANCAVELICA / TAYACAJA + JUNIN / HUANCAYO,bounded_vraem_province_subset,0,7,817
prov_subset,vraem_prov_subset_0248,VRAEM provinces: AYACUCHO / LA MAR + CUSCO / LA CONVENCION + HUANCAVELICA / CHURCAMPA + HUANCAVELICA / TAYACAJA + JUNIN / HUANCAYO,bounded_vraem_province_subset,0,5,704
prov_subset,vraem_prov_subset_0249,VRAEM provinces: APURIMAC / ANDAHUAYLAS + AYACUCHO / LA MAR + CUSCO / LA CONVENCION + HUANCAVELICA / CHURCAMPA + HUANCAVELICA / TAYACAJA + JUNIN / HUANCAYO,bounded_vraem_province_subset,0,6,797
prov_subset,vraem_prov_subset_0250,VRAEM provinces: APURIMAC / CHINCHEROS + AYACUCHO / LA MAR + CUSCO / LA CONVENCION + HUANCAVELICA / CHURCAMPA + HUANCAVELICA / TAYACAJA + JUNIN / HUANCAYO,bounded_vraem_province_subset,0,6,782
prov_subset,vraem_prov_subset_0251,VRAEM provinces: APURIMAC / ANDAHUAYLAS + APURIMAC / CHINCHEROS + AYACUCHO / LA MAR + CUSCO / LA CONVENCION + HUANCAVELICA / CHURCAMPA + HUANCAVELICA / TAYACAJA + JUNIN / HUANCAYO,bounded_vraem_province_subset,0,7,875
prov_subset,vraem_prov_subset_0252,VRAEM provinces: AYACUCHO / HUANTA + AYACUCHO / LA MAR + CUSCO / LA CONVENCION + HUANCAVELICA / CHURCAMPA + HUANCAVELICA / TAYACAJA + JUNIN / HUANCAYO,bounded_vraem_province_subset,0,6,941
prov_subset,vraem_prov_subset_0253,VRAEM provinces: APURIMAC / ANDAHUAYLAS + AYACUCHO / HUANTA + AYACUCHO / LA MAR + CUSCO / LA CONVENCION + HUANCAVELICA / CHURCAMPA + HUANCAVELICA / TAYACAJA + JUNIN / HUANCAYO,bounded_vraem_province_subset,0,7,1034
prov_subset,vraem_prov_subset_0254,VRAEM provinces: APURIMAC / CHINCHEROS + AYACUCHO / HUANTA + AYACUCHO / LA MAR + CUSCO / LA CONVENCION + HUANCAVELICA / CHURCAMPA + HUANCAVELICA / TAYACAJA + JUNIN / HUANCAYO,bounded_vraem_province_subset,0,7,1019
prov_subset,vraem_prov_subset_0255,VRAEM provinces: APURIMAC / ANDAHUAYLAS + APURIMAC / CHINCHEROS + AYACUCHO / HUANTA + AYACUCHO / LA MAR + CUSCO / LA CONVENCION + HUANCAVELICA / CHURCAMPA + HUANCAVELICA / TAYACAJA + JUNIN / HUANCAYO,bounded_vraem_province_subset,0,8,1112
prov_subset,vraem_prov_subset_0256,VRAEM provinces: JUNIN / CONCEPCION,bounded_vraem_province_subset,0,1,113
prov_subset,vraem_prov_subset_0257,VRAEM provinces: APURIMAC / ANDAHUAYLAS + JUNIN / CONCEPCION,bounded_vraem_province_subset,0,2,206
prov_subset,vraem_prov_subset_0258,VRAEM provinces: APURIMAC / CHINCHEROS + JUNIN / CONCEPCION,bounded_vraem_province_subset,0,2,191
prov_subset,vraem_prov_subset_0259,VRAEM provinces: APURIMAC / ANDAHUAYLAS + APURIMAC / CHINCHEROS + JUNIN / CONCEPCION,bounded_vraem_province_subset,0,3,284
prov_subset,vraem_prov_subset_0260,VRAEM provinces: AYACUCHO / HUANTA + JUNIN / CONCEPCION,bounded_vraem_province_subset,0,2,350
prov_subset,vraem_prov_subset_0261,VRAEM provinces: APURIMAC / ANDAHUAYLAS + AYACUCHO / HUANTA + JUNIN / CONCEPCION,bounded_vraem_province_subset,0,3,443
prov_subset,vraem_prov_subset_0262,VRAEM provinces: APURIMAC / CHINCHEROS + AYACUCHO / HUANTA + JUNIN / CONCEPCION,bounded_vraem_province_subset,0,3,428
prov_subset,vraem_prov_subset_0263,VRAEM provinces: APURIMAC / ANDAHUAYLAS + APURIMAC / CHINCHEROS + AYACUCHO / HUANTA + JUNIN / CONCEPCION,bounded_vraem_province_subset,0,4,521
prov_subset,vraem_prov_subset_0264,VRAEM provinces: AYACUCHO / LA MAR + JUNIN / CONCEPCION,bounded_vraem_province_subset,0,2,408
prov_subset,vraem_prov_subset_0265,VRAEM provinces: APURIMAC / ANDAHUAYLAS + AYACUCHO / LA MAR + JUNIN / CONCEPCION,bounded_vraem_province_subset,0,3,501
prov_subset,vraem_prov_subset_0266,VRAEM provinces: APURIMAC / CHINCHEROS + AYACUCHO / LA MAR + JUNIN / CONCEPCION,bounded_vraem_province_subset,0,3,486
prov_subset,vraem_prov_subset_0267,VRAEM provinces: APURIMAC / ANDAHUAYLAS + APURIMAC / CHINCHEROS + AYACUCHO / LA MAR + JUNIN / CONCEPCION,bounded_vraem_province_subset,0,4,579
prov_subset,vraem_prov_subset_0268,VRAEM provinces: AYACUCHO / HUANTA + AYACUCHO / LA MAR + JUNIN / CONCEPCION,bounded_vraem_province_subset,0,3,645
prov_subset,vraem_prov_subset_0269,VRAEM provinces: APURIMAC / ANDAHUAYLAS + AYACUCHO / HUANTA + AYACUCHO / LA MAR + JUNIN / CONCEPCION,bounded_vraem_province_subset,0,4,738
prov_subset,vraem_prov_subset_0270,VRAEM provinces: APURIMAC / CHINCHEROS + AYACUCHO / HUANTA + AYACUCHO / LA MAR + JUNIN / CONCEPCION,bounded_vraem_province_subset,0,4,723
prov_subset,vraem_prov_subset_0271,VRAEM provinces: APURIMAC / ANDAHUAYLAS + APURIMAC / CHINCHEROS + AYACUCHO / HUANTA + AYACUCHO / LA MAR + JUNIN / CONCEPCION,bounded_vraem_province_subset,0,5,816
prov_subset,vraem_prov_subset_0272,VRAEM provinces: CUSCO / LA CONVENCION + JUNIN / CONCEPCION,bounded_vraem_province_subset,0,2,217
prov_subset,vraem_prov_subset_0273,VRAEM provinces: APURIMAC / ANDAHUAYLAS + CUSCO / LA CONVENCION + JUNIN / CONCEPCION,bounded_vraem_province_subset,0,3,310
prov_subset,vraem_prov_subset_0274,VRAEM provinces: APURIMAC / CHINCHEROS + CUSCO / LA CONVENCION + JUNIN / CONCEPCION,bounded_vraem_province_subset,0,3,295
prov_subset,vraem_prov_subset_0275,VRAEM provinces: APURIMAC / ANDAHUAYLAS + APURIMAC / CHINCHEROS + CUSCO / LA CONVENCION + JUNIN / CONCEPCION,bounded_vraem_province_subset,0,4,388
prov_subset,vraem_prov_subset_0276,VRAEM provinces: AYACUCHO / HUANTA + CUSCO / LA CONVENCION + JUNIN / CONCEPCION,bounded_vraem_province_subset,0,3,454
prov_subset,vraem_prov_subset_0277,VRAEM provinces: APURIMAC / ANDAHUAYLAS + AYACUCHO / HUANTA + CUSCO / LA CONVENCION + JUNIN / CONCEPCION,bounded_vraem_province_subset,0,4,547
prov_subset,vraem_prov_subset_0278,VRAEM provinces: APURIMAC / CHINCHEROS + AYACUCHO / HUANTA + CUSCO / LA CONVENCION + JUNIN / CONCEPCION,bounded_vraem_province_subset,0,4,532
prov_subset,vraem_prov_subset_0279,VRAEM provinces: APURIMAC / ANDAHUAYLAS + APURIMAC / CHINCHEROS + AYACUCHO / HUANTA + CUSCO / LA CONVENCION + JUNIN / CONCEPCION,bounded_vraem_province_subset,0,5,625
prov_subset,vraem_prov_subset_0280,VRAEM provinces: AYACUCHO / LA MAR + CUSCO / LA CONVENCION + JUNIN / CONCEPCION,bounded_vraem_province_subset,0,3,512
prov_subset,vraem_prov_subset_0281,VRAEM provinces: APURIMAC / ANDAHUAYLAS + AYACUCHO / LA MAR + CUSCO / LA CONVENCION + JUNIN / CONCEPCION,bounded_vraem_province_subset,0,4,605
prov_subset,vraem_prov_subset_0282,VRAEM provinces: APURIMAC / CHINCHEROS + AYACUCHO / LA MAR + CUSCO / LA CONVENCION + JUNIN / CONCEPCION,bounded_vraem_province_subset,0,4,590
prov_subset,vraem_prov_subset_0283,VRAEM provinces: APURIMAC / ANDAHUAYLAS + APURIMAC / CHINCHEROS + AYACUCHO / LA MAR + CUSCO / LA CONVENCION + JUNIN / CONCEPCION,bounded_vraem_province_subset,0,5,683
prov_subset,vraem_prov_subset_0284,VRAEM provinces: AYACUCHO / HUANTA + AYACUCHO / LA MAR + CUSCO / LA CONVENCION + JUNIN / CONCEPCION,bounded_vraem_province_subset,0,4,749
prov_subset,vraem_prov_subset_0285,VRAEM provinces: APURIMAC / ANDAHUAYLAS + AYACUCHO / HUANTA + AYACUCHO / LA MAR + CUSCO / LA CONVENCION + JUNIN / CONCEPCION,bounded_vraem_province_subset,0,5,842
prov_subset,vraem_prov_subset_0286,VRAEM provinces: APURIMAC / CHINCHEROS + AYACUCHO / HUANTA + AYACUCHO / LA MAR + CUSCO / LA CONVENCION + JUNIN / CONCEPCION,bounded_vraem_province_subset,0,5,827
prov_subset,vraem_prov_subset_0287,VRAEM provinces: APURIMAC / ANDAHUAYLAS + APURIMAC / CHINCHEROS + AYACUCHO / HUANTA + AYACUCHO / LA MAR + CUSCO / LA CONVENCION + JUNIN / CONCEPCION,bounded_vraem_province_subset,0,6,920
prov_subset,vraem_prov_subset_0288,VRAEM provinces: HUANCAVELICA / CHURCAMPA + JUNIN / CONCEPCION,bounded_vraem_province_subset,0,2,220
prov_subset,vraem_prov_subset_0289,VRAEM provinces: APURIMAC / ANDAHUAYLAS + HUANCAVELICA / CHURCAMPA + JUNIN / CONCEPCION,bounded_vraem_province_subset,0,3,313
prov_subset,vraem_prov_subset_0290,VRAEM provinces: APURIMAC / CHINCHEROS + HUANCAVELICA / CHURCAMPA + JUNIN / CONCEPCION,bounded_vraem_province_subset,0,3,298
prov_subset,vraem_prov_subset_0291,VRAEM provinces: APURIMAC / ANDAHUAYLAS + APURIMAC / CHINCHEROS + HUANCAVELICA / CHURCAMPA + JUNIN / CONCEPCION,bounded_vraem_province_subset,0,4,391
prov_subset,vraem_prov_subset_0292,VRAEM provinces: AYACUCHO / HUANTA + HUANCAVELICA / CHURCAMPA + JUNIN / CONCEPCION,bounded_vraem_province_subset,0,3,457
prov_subset,vraem_prov_subset_0293,VRAEM provinces: APURIMAC / ANDAHUAYLAS + AYACUCHO / HUANTA + HUANCAVELICA / CHURCAMPA + JUNIN / CONCEPCION,bounded_vraem_province_subset,0,4,550
prov_subset,vraem_prov_subset_0294,VRAEM provinces: APURIMAC / CHINCHEROS + AYACUCHO / HUANTA + HUANCAVELICA / CHURCAMPA + JUNIN / CONCEPCION,bounded_vraem_province_subset,0,4,535
prov_subset,vraem_prov_subset_0295,VRAEM provinces: APURIMAC / ANDAHUAYLAS + APURIMAC / CHINCHEROS + AYACUCHO / HUANTA + HUANCAVELICA / CHURCAMPA + JUNIN / CONCEPCION,bounded_vraem_province_subset,0,5,628
prov_subset,vraem_prov_subset_0296,VRAEM provinces: AYACUCHO / LA MAR + HUANCAVELICA / CHURCAMPA + JUNIN / CONCEPCION,bounded_vraem_province_subset,0,3,515
prov_subset,vraem_prov_subset_0297,VRAEM provinces: APURIMAC / ANDAHUAYLAS + AYACUCHO / LA MAR + HUANCAVELICA / CHURCAMPA + JUNIN / CONCEPCION,bounded_vraem_province_subset,0,4,608
prov_subset,vraem_prov_subset_0298,VRAEM provinces: APURIMAC / CHINCHEROS + AYACUCHO / LA MAR + HUANCAVELICA / CHURCAMPA + JUNIN / CONCEPCION,bounded_vraem_province_subset,0,4,593
prov_subset,vraem_prov_subset_0299,VRAEM provinces: APURIMAC / ANDAHUAYLAS + APURIMAC / CHINCHEROS + AYACUCHO / LA MAR + HUANCAVELICA / CHURCAMPA + JUNIN / CONCEPCION,bounded_vraem_province_subset,0,5,686
prov_subset,vraem_prov_subset_0300,VRAEM provinces: AYACUCHO / HUANTA + AYACUCHO / LA MAR + HUANCAVELICA / CHURCAMPA + JUNIN / CONCEPCION,bounded_vraem_province_subset,0,4,752
prov_subset,vraem_prov_subset_0301,VRAEM provinces: APURIMAC / ANDAHUAYLAS + AYACUCHO / HUANTA + AYACUCHO / LA MAR + HUANCAVELICA / CHURCAMPA + JUNIN / CONCEPCION,bounded_vraem_province_subset,0,5,845
prov_subset,vraem_prov_subset_0302,VRAEM provinces: APURIMAC / CHINCHEROS + AYACUCHO / HUANTA + AYACUCHO / LA MAR + HUANCAVELICA / CHURCAMPA + JUNIN / CONCEPCION,bounded_vraem_province_subset,0,5,830
prov_subset,vraem_prov_subset_0303,VRAEM provinces: APURIMAC / ANDAHUAYLAS + APURIMAC / CHINCHEROS + AYACUCHO / HUANTA + AYACUCHO / LA MAR + HUANCAVELICA / CHURCAMPA + JUNIN / CONCEPCION,bounded_vraem_province_subset,0,6,923
prov_subset,vraem_prov_subset_0304,VRAEM provinces: CUSCO / LA CONVENCION + HUANCAVELICA / CHURCAMPA + JUNIN / CONCEPCION,bounded_vraem_province_subset,0,3,324
prov_subset,vraem_prov_subset_0305,VRAEM provinces: APURIMAC / ANDAHUAYLAS + CUSCO / LA CONVENCION + HUANCAVELICA / CHURCAMPA + JUNIN / CONCEPCION,bounded_vraem_province_subset,0,4,417
prov_subset,vraem_prov_subset_0306,VRAEM provinces: APURIMAC / CHINCHEROS + CUSCO / LA CONVENCION + HUANCAVELICA / CHURCAMPA + JUNIN / CONCEPCION,bounded_vraem_province_subset,0,4,402
prov_subset,vraem_prov_subset_0307,VRAEM provinces: APURIMAC / ANDAHUAYLAS + APURIMAC / CHINCHEROS + CUSCO / LA CONVENCION + HUANCAVELICA / CHURCAMPA + JUNIN / CONCEPCION,bounded_vraem_province_subset,0,5,495
prov_subset,vraem_prov_subset_0308,VRAEM provinces: AYACUCHO / HUANTA + CUSCO / LA CONVENCION + HUANCAVELICA / CHURCAMPA + JUNIN / CONCEPCION,bounded_vraem_province_subset,0,4,561
prov_subset,vraem_prov_subset_0309,VRAEM provinces: APURIMAC / ANDAHUAYLAS + AYACUCHO / HUANTA + CUSCO / LA CONVENCION + HUANCAVELICA / CHURCAMPA + JUNIN / CONCEPCION,bounded_vraem_province_subset,0,5,654
prov_subset,vraem_prov_subset_0310,VRAEM provinces: APURIMAC / CHINCHEROS + AYACUCHO / HUANTA + CUSCO / LA CONVENCION + HUANCAVELICA / CHURCAMPA + JUNIN / CONCEPCION,bounded_vraem_province_subset,0,5,639
prov_subset,vraem_prov_subset_0311,VRAEM provinces: APURIMAC / ANDAHUAYLAS + APURIMAC / CHINCHEROS + AYACUCHO / HUANTA + CUSCO / LA CONVENCION + HUANCAVELICA / CHURCAMPA + JUNIN / CONCEPCION,bounded_vraem_province_subset,0,6,732
prov_subset,vraem_prov_subset_0312,VRAEM provinces: AYACUCHO / LA MAR + CUSCO / LA CONVENCION + HUANCAVELICA / CHURCAMPA + JUNIN / CONCEPCION,bounded_vraem_province_subset,0,4,619
prov_subset,vraem_prov_subset_0313,VRAEM provinces: APURIMAC / ANDAHUAYLAS + AYACUCHO / LA MAR + CUSCO / LA CONVENCION + HUANCAVELICA / CHURCAMPA + JUNIN / CONCEPCION,bounded_vraem_province_subset,0,5,712
prov_subset,vraem_prov_subset_0314,VRAEM provinces: APURIMAC / CHINCHEROS + AYACUCHO / LA MAR + CUSCO / LA CONVENCION + HUANCAVELICA / CHURCAMPA + JUNIN / CONCEPCION,bounded_vraem_province_subset,0,5,697
prov_subset,vraem_prov_subset_0315,VRAEM provinces: APURIMAC / ANDAHUAYLAS + APURIMAC / CHINCHEROS + AYACUCHO / LA MAR + CUSCO / LA CONVENCION + HUANCAVELICA / CHURCAMPA + JUNIN / CONCEPCION,bounded_vraem_province_subset,0,6,790
prov_subset,vraem_prov_subset_0316,VRAEM provinces: AYACUCHO / HUANTA + AYACUCHO / LA MAR + CUSCO / LA CONVENCION + HUANCAVELICA / CHURCAMPA + JUNIN / CONCEPCION,bounded_vraem_province_subset,0,5,856
prov_subset,vraem_prov_subset_0317,VRAEM provinces: APURIMAC / ANDAHUAYLAS + AYACUCHO / HUANTA + AYACUCHO / LA MAR + CUSCO / LA CONVENCION + HUANCAVELICA / CHURCAMPA + JUNIN / CONCEPCION,bounded_vraem_province_subset,0,6,949
prov_subset,vraem_prov_subset_0318,VRAEM provinces: APURIMAC / CHINCHEROS + AYACUCHO / HUANTA + AYACUCHO / LA MAR + CUSCO / LA CONVENCION + HUANCAVELICA / CHURCAMPA + JUNIN / CONCEPCION,bounded_vraem_province_subset,0,6,934
prov_subset,vraem_prov_subset_0319,VRAEM provinces: APURIMAC / ANDAHUAYLAS + APURIMAC / CHINCHEROS + AYACUCHO / HUANTA + AYACUCHO / LA MAR + CUSCO / LA CONVENCION + HUANCAVELICA / CHURCAMPA + JUNIN / CONCEPCION,bounded_vraem_province_subset,0,7,1027
prov_subset,vraem_prov_subset_0320,VRAEM provinces: HUANCAVELICA / TAYACAJA + JUNIN / CONCEPCION,bounded_vraem_province_subset,0,2,160
prov_subset,vraem_prov_subset_0321,VRAEM provinces: APURIMAC / ANDAHUAYLAS + HUANCAVELICA / TAYACAJA + JUNIN / CONCEPCION,bounded_vraem_province_subset,0,3,253
prov_subset,vraem_prov_subset_0322,VRAEM provinces: APURIMAC / CHINCHEROS + HUANCAVELICA / TAYACAJA + JUNIN / CONCEPCION,bounded_vraem_province_subset,0,3,238
prov_subset,vraem_prov_subset_0323,VRAEM provinces: APURIMAC / ANDAHUAYLAS + APURIMAC / CHINCHEROS + HUANCAVELICA / TAYACAJA + JUNIN / CONCEPCION,bounded_vraem_province_subset,0,4,331
prov_subset,vraem_prov_subset_0324,VRAEM provinces: AYACUCHO / HUANTA + HUANCAVELICA / TAYACAJA + JUNIN / CONCEPCION,bounded_vraem_province_subset,0,3,397
prov_subset,vraem_prov_subset_0325,VRAEM provinces: APURIMAC / ANDAHUAYLAS + AYACUCHO / HUANTA + HUANCAVELICA / TAYACAJA + JUNIN / CONCEPCION,bounded_vraem_province_subset,0,4,490
prov_subset,vraem_prov_subset_0326,VRAEM provinces: APURIMAC / CHINCHEROS + AYACUCHO / HUANTA + HUANCAVELICA / TAYACAJA + JUNIN / CONCEPCION,bounded_vraem_province_subset,0,4,475
prov_subset,vraem_prov_subset_0327,VRAEM provinces: APURIMAC / ANDAHUAYLAS + APURIMAC / CHINCHEROS + AYACUCHO / HUANTA + HUANCAVELICA / TAYACAJA + JUNIN / CONCEPCION,bounded_vraem_province_subset,0,5,568
prov_subset,vraem_prov_subset_0328,VRAEM provinces: AYACUCHO / LA MAR + HUANCAVELICA / TAYACAJA + JUNIN / CONCEPCION,bounded_vraem_province_subset,0,3,455
prov_subset,vraem_prov_subset_0329,VRAEM provinces: APURIMAC / ANDAHUAYLAS + AYACUCHO / LA MAR + HUANCAVELICA / TAYACAJA + JUNIN / CONCEPCION,bounded_vraem_province_subset,0,4,548
prov_subset,vraem_prov_subset_0330,VRAEM provinces: APURIMAC / CHINCHEROS + AYACUCHO / LA MAR + HUANCAVELICA / TAYACAJA + JUNIN / CONCEPCION,bounded_vraem_province_subset,0,4,533
prov_subset,vraem_prov_subset_0331,VRAEM provinces: APURIMAC / ANDAHUAYLAS + APURIMAC / CHINCHEROS + AYACUCHO / LA MAR + HUANCAVELICA / TAYACAJA + JUNIN / CONCEPCION,bounded_vraem_province_subset,0,5,626
prov_subset,vraem_prov_subset_0332,VRAEM provinces: AYACUCHO / HUANTA + AYACUCHO / LA MAR + HUANCAVELICA / TAYACAJA + JUNIN / CONCEPCION,bounded_vraem_province_subset,0,4,692
prov_subset,vraem_prov_subset_0333,VRAEM provinces: APURIMAC / ANDAHUAYLAS + AYACUCHO / HUANTA + AYACUCHO / LA MAR + HUANCAVELICA / TAYACAJA + JUNIN / CONCEPCION,bounded_vraem_province_subset,0,5,785
prov_subset,vraem_prov_subset_0334,VRAEM provinces: APURIMAC / CHINCHEROS + AYACUCHO / HUANTA + AYACUCHO / LA MAR + HUANCAVELICA / TAYACAJA + JUNIN / CONCEPCION,bounded_vraem_province_subset,0,5,770
prov_subset,vraem_prov_subset_0335,VRAEM provinces: APURIMAC / ANDAHUAYLAS + APURIMAC / CHINCHEROS + AYACUCHO / HUANTA + AYACUCHO / LA MAR + HUANCAVELICA / TAYACAJA + JUNIN / CONCEPCION,bounded_vraem_province_subset,0,6,863
prov_subset,vraem_prov_subset_0336,VRAEM provinces: CUSCO / LA CONVENCION + HUANCAVELICA / TAYACAJA + JUNIN / CONCEPCION,bounded_vraem_province_subset,0,3,264
prov_subset,vraem_prov_subset_0337,VRAEM provinces: APURIMAC / ANDAHUAYLAS + CUSCO / LA CONVENCION + HUANCAVELICA / TAYACAJA + JUNIN / CONCEPCION,bounded_vraem_province_subset,0,4,357
prov_subset,vraem_prov_subset_0338,VRAEM provinces: APURIMAC / CHINCHEROS + CUSCO / LA CONVENCION + HUANCAVELICA / TAYACAJA + JUNIN / CONCEPCION,bounded_vraem_province_subset,0,4,342
prov_subset,vraem_prov_subset_0339,VRAEM provinces: APURIMAC / ANDAHUAYLAS + APURIMAC / CHINCHEROS + CUSCO / LA CONVENCION + HUANCAVELICA / TAYACAJA + JUNIN / CONCEPCION,bounded_vraem_province_subset,0,5,435
prov_subset,vraem_prov_subset_0340,VRAEM provinces: AYACUCHO / HUANTA + CUSCO / LA CONVENCION + HUANCAVELICA / TAYACAJA + JUNIN / CONCEPCION,bounded_vraem_province_subset,0,4,501
prov_subset,vraem_prov_subset_0341,VRAEM provinces: APURIMAC / ANDAHUAYLAS + AYACUCHO / HUANTA + CUSCO / LA CONVENCION + HUANCAVELICA / TAYACAJA + JUNIN / CONCEPCION,bounded_vraem_province_subset,0,5,594
prov_subset,vraem_prov_subset_0342,VRAEM provinces: APURIMAC / CHINCHEROS + AYACUCHO / HUANTA + CUSCO / LA CONVENCION + HUANCAVELICA / TAYACAJA + JUNIN / CONCEPCION,bounded_vraem_province_subset,0,5,579
prov_subset,vraem_prov_subset_0343,VRAEM provinces: APURIMAC / ANDAHUAYLAS + APURIMAC / CHINCHEROS + AYACUCHO / HUANTA + CUSCO / LA CONVENCION + HUANCAVELICA / TAYACAJA + JUNIN / CONCEPCION,bounded_vraem_province_subset,0,6,672
prov_subset,vraem_prov_subset_0344,VRAEM provinces: AYACUCHO / LA MAR + CUSCO / LA CONVENCION + HUANCAVELICA / TAYACAJA + JUNIN / CONCEPCION,bounded_vraem_province_subset,0,4,559
prov_subset,vraem_prov_subset_0345,VRAEM provinces: APURIMAC / ANDAHUAYLAS + AYACUCHO / LA MAR + CUSCO / LA CONVENCION + HUANCAVELICA / TAYACAJA + JUNIN / CONCEPCION,bounded_vraem_province_subset,0,5,652
prov_subset,vraem_prov_subset_0346,VRAEM provinces: APURIMAC / CHINCHEROS + AYACUCHO / LA MAR + CUSCO / LA CONVENCION + HUANCAVELICA / TAYACAJA + JUNIN / CONCEPCION,bounded_vraem_province_subset,0,5,637
prov_subset,vraem_prov_subset_0347,VRAEM provinces: APURIMAC / ANDAHUAYLAS + APURIMAC / CHINCHEROS + AYACUCHO / LA MAR + CUSCO / LA CONVENCION + HUANCAVELICA / TAYACAJA + JUNIN / CONCEPCION,bounded_vraem_province_subset,0,6,730
prov_subset,vraem_prov_subset_0348,VRAEM provinces: AYACUCHO / HUANTA + AYACUCHO / LA MAR + CUSCO / LA CONVENCION + HUANCAVELICA / TAYACAJA + JUNIN / CONCEPCION,bounded_vraem_province_subset,0,5,796
prov_subset,vraem_prov_subset_0349,VRAEM provinces: APURIMAC / ANDAHUAYLAS + AYACUCHO / HUANTA + AYACUCHO / LA MAR + CUSCO / LA CONVENCION + HUANCAVELICA / TAYACAJA + JUNIN / CONCEPCION,bounded_vraem_province_subset,0,6,889
prov_subset,vraem_prov_subset_0350,VRAEM provinces: APURIMAC / CHINCHEROS + AYACUCHO / HUANTA + AYACUCHO / LA MAR + CUSCO / LA CONVENCION + HUANCAVELICA / TAYACAJA + JUNIN / CONCEPCION,bounded_vraem_province_subset,0,6,874
prov_subset,vraem_prov_subset_0351,VRAEM provinces: APURIMAC / ANDAHUAYLAS + APURIMAC / CHINCHEROS + AYACUCHO / HUANTA + AYACUCHO / LA MAR + CUSCO / LA CONVENCION + HUANCAVELICA / TAYACAJA + JUNIN / CONCEPCION,bounded_vraem_province_subset,0,7,967
prov_subset,vraem_prov_subset_0352,VRAEM provinces: HUANCAVELICA / CHURCAMPA + HUANCAVELICA / TAYACAJA + JUNIN / CONCEPCION,bounded_vraem_province_subset,0,3,267
prov_subset,vraem_prov_subset_0353,VRAEM provinces: APURIMAC / ANDAHUAYLAS + HUANCAVELICA / CHURCAMPA + HUANCAVELICA / TAYACAJA + JUNIN / CONCEPCION,bounded_vraem_province_subset,0,4,360
prov_subset,vraem_prov_subset_0354,VRAEM provinces: APURIMAC / CHINCHEROS + HUANCAVELICA / CHURCAMPA + HUANCAVELICA / TAYACAJA + JUNIN / CONCEPCION,bounded_vraem_province_subset,0,4,345
prov_subset,vraem_prov_subset_0355,VRAEM provinces: APURIMAC / ANDAHUAYLAS + APURIMAC / CHINCHEROS + HUANCAVELICA / CHURCAMPA + HUANCAVELICA / TAYACAJA + JUNIN / CONCEPCION,bounded_vraem_province_subset,0,5,438
prov_subset,vraem_prov_subset_0356,VRAEM provinces: AYACUCHO / HUANTA + HUANCAVELICA / CHURCAMPA + HUANCAVELICA / TAYACAJA + JUNIN / CONCEPCION,bounded_vraem_province_subset,0,4,504
prov_subset,vraem_prov_subset_0357,VRAEM provinces: APURIMAC / ANDAHUAYLAS + AYACUCHO / HUANTA + HUANCAVELICA / CHURCAMPA + HUANCAVELICA / TAYACAJA + JUNIN / CONCEPCION,bounded_vraem_province_subset,0,5,597
prov_subset,vraem_prov_subset_0358,VRAEM provinces: APURIMAC / CHINCHEROS + AYACUCHO / HUANTA + HUANCAVELICA / CHURCAMPA + HUANCAVELICA / TAYACAJA + JUNIN / CONCEPCION,bounded_vraem_province_subset,0,5,582
prov_subset,vraem_prov_subset_0359,VRAEM provinces: APURIMAC / ANDAHUAYLAS + APURIMAC / CHINCHEROS + AYACUCHO / HUANTA + HUANCAVELICA / CHURCAMPA + HUANCAVELICA / TAYACAJA + JUNIN / CONCEPCION,bounded_vraem_province_subset,0,6,675
prov_subset,vraem_prov_subset_0360,VRAEM provinces: AYACUCHO / LA MAR + HUANCAVELICA / CHURCAMPA + HUANCAVELICA / TAYACAJA + JUNIN / CONCEPCION,bounded_vraem_province_subset,0,4,562
prov_subset,vraem_prov_subset_0361,VRAEM provinces: APURIMAC / ANDAHUAYLAS + AYACUCHO / LA MAR + HUANCAVELICA / CHURCAMPA + HUANCAVELICA / TAYACAJA + JUNIN / CONCEPCION,bounded_vraem_province_subset,0,5,655
prov_subset,vraem_prov_subset_0362,VRAEM provinces: APURIMAC / CHINCHEROS + AYACUCHO / LA MAR + HUANCAVELICA / CHURCAMPA + HUANCAVELICA / TAYACAJA + JUNIN / CONCEPCION,bounded_vraem_province_subset,0,5,640
prov_subset,vraem_prov_subset_0363,VRAEM provinces: APURIMAC / ANDAHUAYLAS + APURIMAC / CHINCHEROS + AYACUCHO / LA MAR + HUANCAVELICA / CHURCAMPA + HUANCAVELICA / TAYACAJA + JUNIN / CONCEPCION,bounded_vraem_province_subset,0,6,733
prov_subset,vraem_prov_subset_0364,VRAEM provinces: AYACUCHO / HUANTA + AYACUCHO / LA MAR + HUANCAVELICA / CHURCAMPA + HUANCAVELICA / TAYACAJA + JUNIN / CONCEPCION,bounded_vraem_province_subset,0,5,799
prov_subset,vraem_prov_subset_0365,VRAEM provinces: APURIMAC / ANDAHUAYLAS + AYACUCHO / HUANTA + AYACUCHO / LA MAR + HUANCAVELICA / CHURCAMPA + HUANCAVELICA / TAYACAJA + JUNIN / CONCEPCION,bounded_vraem_province_subset,0,6,892
prov_subset,vraem_prov_subset_0366,VRAEM provinces: APURIMAC / CHINCHEROS + AYACUCHO / HUANTA + AYACUCHO / LA MAR + HUANCAVELICA / CHURCAMPA + HUANCAVELICA / TAYACAJA + JUNIN / CONCEPCION,bounded_vraem_province_subset,0,6,877
prov_subset,vraem_prov_subset_0367,VRAEM provinces: APURIMAC / ANDAHUAYLAS + APURIMAC / CHINCHEROS + AYACUCHO / HUANTA + AYACUCHO / LA MAR + HUANCAVELICA / CHURCAMPA + HUANCAVELICA / TAYACAJA + JUNIN / CONCEPCION,bounded_vraem_province_subset,0,7,970
prov_subset,vraem_prov_subset_0368,VRAEM provinces: CUSCO / LA CONVENCION + HUANCAVELICA / CHURCAMPA + HUANCAVELICA / TAYACAJA + JUNIN / CONCEPCION,bounded_vraem_province_subset,0,4,371
prov_subset,vraem_prov_subset_0369,VRAEM provinces: APURIMAC / ANDAHUAYLAS + CUSCO / LA CONVENCION + HUANCAVELICA / CHURCAMPA + HUANCAVELICA / TAYACAJA + JUNIN / CONCEPCION,bounded_vraem_province_subset,0,5,464
prov_subset,vraem_prov_subset_0370,VRAEM provinces: APURIMAC / CHINCHEROS + CUSCO / LA CONVENCION + HUANCAVELICA / CHURCAMPA + HUANCAVELICA / TAYACAJA + JUNIN / CONCEPCION,bounded_vraem_province_subset,0,5,449
prov_subset,vraem_prov_subset_0371,VRAEM provinces: APURIMAC / ANDAHUAYLAS + APURIMAC / CHINCHEROS + CUSCO / LA CONVENCION + HUANCAVELICA / CHURCAMPA + HUANCAVELICA / TAYACAJA + JUNIN / CONCEPCION,bounded_vraem_province_subset,0,6,542
prov_subset,vraem_prov_subset_0372,VRAEM provinces: AYACUCHO / HUANTA + CUSCO / LA CONVENCION + HUANCAVELICA / CHURCAMPA + HUANCAVELICA / TAYACAJA + JUNIN / CONCEPCION,bounded_vraem_province_subset,0,5,608
prov_subset,vraem_prov_subset_0373,VRAEM provinces: APURIMAC / ANDAHUAYLAS + AYACUCHO / HUANTA + CUSCO / LA CONVENCION + HUANCAVELICA / CHURCAMPA + HUANCAVELICA / TAYACAJA + JUNIN / CONCEPCION,bounded_vraem_province_subset,0,6,701
prov_subset,vraem_prov_subset_0374,VRAEM provinces: APURIMAC / CHINCHEROS + AYACUCHO / HUANTA + CUSCO / LA CONVENCION + HUANCAVELICA / CHURCAMPA + HUANCAVELICA / TAYACAJA + JUNIN / CONCEPCION,bounded_vraem_province_subset,0,6,686
prov_subset,vraem_prov_subset_0375,VRAEM provinces: APURIMAC / ANDAHUAYLAS + APURIMAC / CHINCHEROS + AYACUCHO / HUANTA + CUSCO / LA CONVENCION + HUANCAVELICA / CHURCAMPA + HUANCAVELICA / TAYACAJA + JUNIN / CONCEPCION,bounded_vraem_province_subset,0,7,779
prov_subset,vraem_prov_subset_0376,VRAEM provinces: AYACUCHO / LA MAR + CUSCO / LA CONVENCION + HUANCAVELICA / CHURCAMPA + HUANCAVELICA / TAYACAJA + JUNIN / CONCEPCION,bounded_vraem_province_subset,0,5,666
prov_subset,vraem_prov_subset_0377,VRAEM provinces: APURIMAC / ANDAHUAYLAS + AYACUCHO / LA MAR + CUSCO / LA CONVENCION + HUANCAVELICA / CHURCAMPA + HUANCAVELICA / TAYACAJA + JUNIN / CONCEPCION,bounded_vraem_province_subset,0,6,759
prov_subset,vraem_prov_subset_0378,VRAEM provinces: APURIMAC / CHINCHEROS + AYACUCHO / LA MAR + CUSCO / LA CONVENCION + HUANCAVELICA / CHURCAMPA + HUANCAVELICA / TAYACAJA + JUNIN / CONCEPCION,bounded_vraem_province_subset,0,6,744
prov_subset,vraem_prov_subset_0379,VRAEM provinces: APURIMAC / ANDAHUAYLAS + APURIMAC / CHINCHEROS + AYACUCHO / LA MAR + CUSCO / LA CONVENCION + HUANCAVELICA / CHURCAMPA + HUANCAVELICA / TAYACAJA + JUNIN / CONCEPCION,bounded_vraem_province_subset,0,7,837
prov_subset,vraem_prov_subset_0380,VRAEM provinces: AYACUCHO / HUANTA + AYACUCHO / LA MAR + CUSCO / LA CONVENCION + HUANCAVELICA / CHURCAMPA + HUANCAVELICA / TAYACAJA + JUNIN / CONCEPCION,bounded_vraem_province_subset,0,6,903
prov_subset,vraem_prov_subset_0381,VRAEM provinces: APURIMAC / ANDAHUAYLAS + AYACUCHO / HUANTA + AYACUCHO / LA MAR + CUSCO / LA CONVENCION + HUANCAVELICA / CHURCAMPA + HUANCAVELICA / TAYACAJA + JUNIN / CONCEPCION,bounded_vraem_province_subset,0,7,996
prov_subset,vraem_prov_subset_0382,VRAEM provinces: APURIMAC / CHINCHEROS + AYACUCHO / HUANTA + AYACUCHO / LA MAR + CUSCO / LA CONVENCION + HUANCAVELICA / CHURCAMPA + HUANCAVELICA / TAYACAJA + JUNIN / CONCEPCION,bounded_vraem_province_subset,0,7,981
prov_subset,vraem_prov_subset_0383,VRAEM provinces: APURIMAC / ANDAHUAYLAS + APURIMAC / CHINCHEROS + AYACUCHO / HUANTA + AYACUCHO / LA MAR + CUSCO / LA CONVENCION + HUANCAVELICA / CHURCAMPA + HUANCAVELICA / TAYACAJA + JUNIN / CONCEPCION,bounded_vraem_province_subset,0,8,1074
prov_subset,vraem_prov_subset_0384,VRAEM provinces: JUNIN / HUANCAYO + JUNIN / CONCEPCION,bounded_vraem_province_subset,0,2,264
prov_subset,vraem_prov_subset_0385,VRAEM provinces: APURIMAC / ANDAHUAYLAS + JUNIN / HUANCAYO + JUNIN / CONCEPCION,bounded_vraem_province_subset,0,3,357
prov_subset,vraem_prov_subset_0386,VRAEM provinces: APURIMAC / CHINCHEROS + JUNIN / HUANCAYO + JUNIN / CONCEPCION,bounded_vraem_province_subset,0,3,342
prov_subset,vraem_prov_subset_0387,VRAEM provinces: APURIMAC / ANDAHUAYLAS + APURIMAC / CHINCHEROS + JUNIN / HUANCAYO + JUNIN / CONCEPCION,bounded_vraem_province_subset,0,4,435
prov_subset,vraem_prov_subset_0388,VRAEM provinces: AYACUCHO / HUANTA + JUNIN / HUANCAYO + JUNIN / CONCEPCION,bounded_vraem_province_subset,0,3,501
prov_subset,vraem_prov_subset_0389,VRAEM provinces: APURIMAC / ANDAHUAYLAS + AYACUCHO / HUANTA + JUNIN / HUANCAYO + JUNIN / CONCEPCION,bounded_vraem_province_subset,0,4,594
prov_subset,vraem_prov_subset_0390,VRAEM provinces: APURIMAC / CHINCHEROS + AYACUCHO / HUANTA + JUNIN / HUANCAYO + JUNIN / CONCEPCION,bounded_vraem_province_subset,0,4,579
prov_subset,vraem_prov_subset_0391,VRAEM provinces: APURIMAC / ANDAHUAYLAS + APURIMAC / CHINCHEROS + AYACUCHO / HUANTA + JUNIN / HUANCAYO + JUNIN / CONCEPCION,bounded_vraem_province_subset,0,5,672
prov_subset,vraem_prov_subset_0392,VRAEM provinces: AYACUCHO / LA MAR + JUNIN / HUANCAYO + JUNIN / CONCEPCION,bounded_vraem_province_subset,0,3,559
prov_subset,vraem_prov_subset_0393,VRAEM provinces: APURIMAC / ANDAHUAYLAS + AYACUCHO / LA MAR + JUNIN / HUANCAYO + JUNIN / CONCEPCION,bounded_vraem_province_subset,0,4,652
prov_subset,vraem_prov_subset_0394,VRAEM provinces: APURIMAC / CHINCHEROS + AYACUCHO / LA MAR + JUNIN / HUANCAYO + JUNIN / CONCEPCION,bounded_vraem_province_subset,0,4,637
prov_subset,vraem_prov_subset_0395,VRAEM provinces: APURIMAC / ANDAHUAYLAS + APURIMAC / CHINCHEROS + AYACUCHO / LA MAR + JUNIN / HUANCAYO + JUNIN / CONCEPCION,bounded_vraem_province_subset,0,5,730
prov_subset,vraem_prov_subset_0396,VRAEM provinces: AYACUCHO / HUANTA + AYACUCHO / LA MAR + JUNIN / HUANCAYO + JUNIN / CONCEPCION,bounded_vraem_province_subset,0,4,796
prov_subset,vraem_prov_subset_0397,VRAEM provinces: APURIMAC / ANDAHUAYLAS + AYACUCHO / HUANTA + AYACUCHO / LA MAR + JUNIN / HUANCAYO + JUNIN / CONCEPCION,bounded_vraem_province_subset,0,5,889
prov_subset,vraem_prov_subset_0398,VRAEM provinces: APURIMAC / CHINCHEROS + AYACUCHO / HUANTA + AYACUCHO / LA MAR + JUNIN / HUANCAYO + JUNIN / CONCEPCION,bounded_vraem_province_subset,0,5,874
prov_subset,vraem_prov_subset_0399,VRAEM provinces: APURIMAC / ANDAHUAYLAS + APURIMAC / CHINCHEROS + AYACUCHO / HUANTA + AYACUCHO / LA MAR + JUNIN / HUANCAYO + JUNIN / CONCEPCION,bounded_vraem_province_subset,0,6,967
prov_subset,vraem_prov_subset_0400,VRAEM provinces: CUSCO / LA CONVENCION + JUNIN / HUANCAYO + JUNIN / CONCEPCION,bounded_vraem_province_subset,0,3,368
prov_subset,vraem_prov_subset_0401,VRAEM provinces: APURIMAC / ANDAHUAYLAS + CUSCO / LA CONVENCION + JUNIN / HUANCAYO + JUNIN / CONCEPCION,bounded_vraem_province_subset,0,4,461
prov_subset,vraem_prov_subset_0402,VRAEM provinces: APURIMAC / CHINCHEROS + CUSCO / LA CONVENCION + JUNIN / HUANCAYO + JUNIN / CONCEPCION,bounded_vraem_province_subset,0,4,446
prov_subset,vraem_prov_subset_0403,VRAEM provinces: APURIMAC / ANDAHUAYLAS + APURIMAC / CHINCHEROS + CUSCO / LA CONVENCION + JUNIN / HUANCAYO + JUNIN / CONCEPCION,bounded_vraem_province_subset,0,5,539
prov_subset,vraem_prov_subset_0404,VRAEM provinces: AYACUCHO / HUANTA + CUSCO / LA CONVENCION + JUNIN / HUANCAYO + JUNIN / CONCEPCION,bounded_vraem_province_subset,0,4,605
prov_subset,vraem_prov_subset_0405,VRAEM provinces: APURIMAC / ANDAHUAYLAS + AYACUCHO / HUANTA + CUSCO / LA CONVENCION + JUNIN / HUANCAYO + JUNIN / CONCEPCION,bounded_vraem_province_subset,0,5,698
prov_subset,vraem_prov_subset_0406,VRAEM provinces: APURIMAC / CHINCHEROS + AYACUCHO / HUANTA + CUSCO / LA CONVENCION + JUNIN / HUANCAYO + JUNIN / CONCEPCION,bounded_vraem_province_subset,0,5,683
prov_subset,vraem_prov_subset_0407,VRAEM provinces: APURIMAC / ANDAHUAYLAS + APURIMAC / CHINCHEROS + AYACUCHO / HUANTA + CUSCO / LA CONVENCION + JUNIN / HUANCAYO + JUNIN / CONCEPCION,bounded_vraem_province_subset,0,6,776
prov_subset,vraem_prov_subset_0408,VRAEM provinces: AYACUCHO / LA MAR + CUSCO / LA CONVENCION + JUNIN / HUANCAYO + JUNIN / CONCEPCION,bounded_vraem_province_subset,0,4,663
prov_subset,vraem_prov_subset_0409,VRAEM provinces: APURIMAC / ANDAHUAYLAS + AYACUCHO / LA MAR + CUSCO / LA CONVENCION + JUNIN / HUANCAYO + JUNIN / CONCEPCION,bounded_vraem_province_subset,0,5,756
prov_subset,vraem_prov_subset_0410,VRAEM provinces: APURIMAC / CHINCHEROS + AYACUCHO / LA MAR + CUSCO / LA CONVENCION + JUNIN / HUANCAYO + JUNIN / CONCEPCION,bounded_vraem_province_subset,0,5,741
prov_subset,vraem_prov_subset_0411,VRAEM provinces: APURIMAC / ANDAHUAYLAS + APURIMAC / CHINCHEROS + AYACUCHO / LA MAR + CUSCO / LA CONVENCION + JUNIN / HUANCAYO + JUNIN / CONCEPCION,bounded_vraem_province_subset,0,6,834
prov_subset,vraem_prov_subset_0412,VRAEM provinces: AYACUCHO / HUANTA + AYACUCHO / LA MAR + CUSCO / LA CONVENCION + JUNIN / HUANCAYO + JUNIN / CONCEPCION,bounded_vraem_province_subset,0,5,900
prov_subset,vraem_prov_subset_0413,VRAEM provinces: APURIMAC / ANDAHUAYLAS + AYACUCHO / HUANTA + AYACUCHO / LA MAR + CUSCO / LA CONVENCION + JUNIN / HUANCAYO + JUNIN / CONCEPCION,bounded_vraem_province_subset,0,6,993
prov_subset,vraem_prov_subset_0414,VRAEM provinces: APURIMAC / CHINCHEROS + AYACUCHO / HUANTA + AYACUCHO / LA MAR + CUSCO / LA CONVENCION + JUNIN / HUANCAYO + JUNIN / CONCEPCION,bounded_vraem_province_subset,0,6,978
prov_subset,vraem_prov_subset_0415,VRAEM provinces: APURIMAC / ANDAHUAYLAS + APURIMAC / CHINCHEROS + AYACUCHO / HUANTA + AYACUCHO / LA MAR + CUSCO / LA CONVENCION + JUNIN / HUANCAYO + JUNIN / CONCEPCION,bounded_vraem_province_subset,0,7,1071
prov_subset,vraem_prov_subset_0416,VRAEM provinces: HUANCAVELICA / CHURCAMPA + JUNIN / HUANCAYO + JUNIN / CONCEPCION,bounded_vraem_province_subset,0,3,371
prov_subset,vraem_prov_subset_0417,VRAEM provinces: APURIMAC / ANDAHUAYLAS + HUANCAVELICA / CHURCAMPA + JUNIN / HUANCAYO + JUNIN / CONCEPCION,bounded_vraem_province_subset,0,4,464
prov_subset,vraem_prov_subset_0418,VRAEM provinces: APURIMAC / CHINCHEROS + HUANCAVELICA / CHURCAMPA + JUNIN / HUANCAYO + JUNIN / CONCEPCION,bounded_vraem_province_subset,0,4,449
prov_subset,vraem_prov_subset_0419,VRAEM provinces: APURIMAC / ANDAHUAYLAS + APURIMAC / CHINCHEROS + HUANCAVELICA / CHURCAMPA + JUNIN / HUANCAYO + JUNIN / CONCEPCION,bounded_vraem_province_subset,0,5,542
prov_subset,vraem_prov_subset_0420,VRAEM provinces: AYACUCHO / HUANTA + HUANCAVELICA / CHURCAMPA + JUNIN / HUANCAYO + JUNIN / CONCEPCION,bounded_vraem_province_subset,0,4,608
prov_subset,vraem_prov_subset_0421,VRAEM provinces: APURIMAC / ANDAHUAYLAS + AYACUCHO / HUANTA + HUANCAVELICA / CHURCAMPA + JUNIN / HUANCAYO + JUNIN / CONCEPCION,bounded_vraem_province_subset,0,5,701
prov_subset,vraem_prov_subset_0422,VRAEM provinces: APURIMAC / CHINCHEROS + AYACUCHO / HUANTA + HUANCAVELICA / CHURCAMPA + JUNIN / HUANCAYO + JUNIN / CONCEPCION,bounded_vraem_province_subset,0,5,686
prov_subset,vraem_prov_subset_0423,VRAEM provinces: APURIMAC / ANDAHUAYLAS + APURIMAC / CHINCHEROS + AYACUCHO / HUANTA + HUANCAVELICA / CHURCAMPA + JUNIN / HUANCAYO + JUNIN / CONCEPCION,bounded_vraem_province_subset,0,6,779
prov_subset,vraem_prov_subset_0424,VRAEM provinces: AYACUCHO / LA MAR + HUANCAVELICA / CHURCAMPA + JUNIN / HUANCAYO + JUNIN / CONCEPCION,bounded_vraem_province_subset,0,4,666
prov_subset,vraem_prov_subset_0425,VRAEM provinces: APURIMAC / ANDAHUAYLAS + AYACUCHO / LA MAR + HUANCAVELICA / CHURCAMPA + JUNIN / HUANCAYO + JUNIN / CONCEPCION,bounded_vraem_province_subset,0,5,759
prov_subset,vraem_prov_subset_0426,VRAEM provinces: APURIMAC / CHINCHEROS + AYACUCHO / LA MAR + HUANCAVELICA / CHURCAMPA + JUNIN / HUANCAYO + JUNIN / CONCEPCION,bounded_vraem_province_subset,0,5,744
prov_subset,vraem_prov_subset_0427,VRAEM provinces: APURIMAC / ANDAHUAYLAS + APURIMAC / CHINCHEROS + AYACUCHO / LA MAR + HUANCAVELICA / CHURCAMPA + JUNIN / HUANCAYO + JUNIN / CONCEPCION,bounded_vraem_province_subset,0,6,837
prov_subset,vraem_prov_subset_0428,VRAEM provinces: AYACUCHO / HUANTA + AYACUCHO / LA MAR + HUANCAVELICA / CHURCAMPA + JUNIN / HUANCAYO + JUNIN / CONCEPCION,bounded_vraem_province_subset,0,5,903
prov_subset,vraem_prov_subset_0429,VRAEM provinces: APURIMAC / ANDAHUAYLAS + AYACUCHO / HUANTA + AYACUCHO / LA MAR + HUANCAVELICA / CHURCAMPA + JUNIN / HUANCAYO + JUNIN / CONCEPCION,bounded_vraem_province_subset,0,6,996
prov_subset,vraem_prov_subset_0430,VRAEM provinces: APURIMAC / CHINCHEROS + AYACUCHO / HUANTA + AYACUCHO / LA MAR + HUANCAVELICA / CHURCAMPA + JUNIN / HUANCAYO + JUNIN / CONCEPCION,bounded_vraem_province_subset,0,6,981
prov_subset,vraem_prov_subset_0431,VRAEM provinces: APURIMAC / ANDAHUAYLAS + APURIMAC / CHINCHEROS + AYACUCHO / HUANTA + AYACUCHO / LA MAR + HUANCAVELICA / CHURCAMPA + JUNIN / HUANCAYO + JUNIN / CONCEPCION,bounded_vraem_province_subset,0,7,1074
prov_subset,vraem_prov_subset_0432,VRAEM provinces: CUSCO / LA CONVENCION + HUANCAVELICA / CHURCAMPA + JUNIN / HUANCAYO + JUNIN / CONCEPCION,bounded_vraem_province_subset,0,4,475
prov_subset,vraem_prov_subset_0433,VRAEM provinces: APURIMAC / ANDAHUAYLAS + CUSCO / LA CONVENCION + HUANCAVELICA / CHURCAMPA + JUNIN / HUANCAYO + JUNIN / CONCEPCION,bounded_vraem_province_subset,0,5,568
prov_subset,vraem_prov_subset_0434,VRAEM provinces: APURIMAC / CHINCHEROS + CUSCO / LA CONVENCION + HUANCAVELICA / CHURCAMPA + JUNIN / HUANCAYO + JUNIN / CONCEPCION,bounded_vraem_province_subset,0,5,553
prov_subset,vraem_prov_subset_0435,VRAEM provinces: APURIMAC / ANDAHUAYLAS + APURIMAC / CHINCHEROS + CUSCO / LA CONVENCION + HUANCAVELICA / CHURCAMPA + JUNIN / HUANCAYO + JUNIN / CONCEPCION,bounded_vraem_province_subset,0,6,646
prov_subset,vraem_prov_subset_0436,VRAEM provinces: AYACUCHO / HUANTA + CUSCO / LA CONVENCION + HUANCAVELICA / CHURCAMPA + JUNIN / HUANCAYO + JUNIN / CONCEPCION,bounded_vraem_province_subset,0,5,712
prov_subset,vraem_prov_subset_0437,VRAEM provinces: APURIMAC / ANDAHUAYLAS + AYACUCHO / HUANTA + CUSCO / LA CONVENCION + HUANCAVELICA / CHURCAMPA + JUNIN / HUANCAYO + JUNIN / CONCEPCION,bounded_vraem_province_subset,0,6,805
prov_subset,vraem_prov_subset_0438,VRAEM provinces: APURIMAC / CHINCHEROS + AYACUCHO / HUANTA + CUSCO / LA CONVENCION + HUANCAVELICA / CHURCAMPA + JUNIN / HUANCAYO + JUNIN / CONCEPCION,bounded_vraem_province_subset,0,6,790
prov_subset,vraem_prov_subset_0439,VRAEM provinces: APURIMAC / ANDAHUAYLAS + APURIMAC / CHINCHEROS + AYACUCHO / HUANTA + CUSCO / LA CONVENCION + HUANCAVELICA / CHURCAMPA + JUNIN / HUANCAYO + JUNIN / CONCEPCION,bounded_vraem_province_subset,0,7,883
prov_subset,vraem_prov_subset_0440,VRAEM provinces: AYACUCHO / LA MAR + CUSCO / LA CONVENCION + HUANCAVELICA / CHURCAMPA + JUNIN / HUANCAYO + JUNIN / CONCEPCION,bounded_vraem_province_subset,0,5,770
prov_subset,vraem_prov_subset_0441,VRAEM provinces: APURIMAC / ANDAHUAYLAS + AYACUCHO / LA MAR + CUSCO / LA CONVENCION + HUANCAVELICA / CHURCAMPA + JUNIN / HUANCAYO + JUNIN / CONCEPCION,bounded_vraem_province_subset,0,6,863
prov_subset,vraem_prov_subset_0442,VRAEM provinces: APURIMAC / CHINCHEROS + AYACUCHO / LA MAR + CUSCO / LA CONVENCION + HUANCAVELICA / CHURCAMPA + JUNIN / HUANCAYO + JUNIN / CONCEPCION,bounded_vraem_province_subset,0,6,848
prov_subset,vraem_prov_subset_0443,VRAEM provinces: APURIMAC / ANDAHUAYLAS + APURIMAC / CHINCHEROS + AYACUCHO / LA MAR + CUSCO / LA CONVENCION + HUANCAVELICA / CHURCAMPA + JUNIN / HUANCAYO + JUNIN / CONCEPCION,bounded_vraem_province_subset,0,7,941
prov_subset,vraem_prov_subset_0444,VRAEM provinces: AYACUCHO / HUANTA + AYACUCHO / LA MAR + CUSCO / LA CONVENCION + HUANCAVELICA / CHURCAMPA + JUNIN / HUANCAYO + JUNIN / CONCEPCION,bounded_vraem_province_subset,0,6,1007
prov_subset,vraem_prov_subset_0445,VRAEM provinces: APURIMAC / ANDAHUAYLAS + AYACUCHO / HUANTA + AYACUCHO / LA MAR + CUSCO / LA CONVENCION + HUANCAVELICA / CHURCAMPA + JUNIN / HUANCAYO + JUNIN / CONCEPCION,bounded_vraem_province_subset,0,7,1100
prov_subset,vraem_prov_subset_0446,VRAEM provinces: APURIMAC / CHINCHEROS + AYACUCHO / HUANTA + AYACUCHO / LA MAR + CUSCO / LA CONVENCION + HUANCAVELICA / CHURCAMPA + JUNIN / HUANCAYO + JUNIN / CONCEPCION,bounded_vraem_province_subset,0,7,1085
prov_subset,vraem_prov_subset_0447,VRAEM provinces: APURIMAC / ANDAHUAYLAS + APURIMAC / CHINCHEROS + AYACUCHO / HUANTA + AYACUCHO / LA MAR + CUSCO / LA CONVENCION + HUANCAVELICA / CHURCAMPA + JUNIN / HUANCAYO + JUNIN / CONCEPCION,bounded_vraem_province_subset,0,8,1178
prov_subset,vraem_prov_subset_0448,VRAEM provinces: HUANCAVELICA / TAYACAJA + JUNIN / HUANCAYO + JUNIN / CONCEPCION,bounded_vraem_province_subset,0,3,311
prov_subset,vraem_prov_subset_0449,VRAEM provinces: APURIMAC / ANDAHUAYLAS + HUANCAVELICA / TAYACAJA + JUNIN / HUANCAYO + JUNIN / CONCEPCION,bounded_vraem_province_subset,0,4,404
prov_subset,vraem_prov_subset_0450,VRAEM provinces: APURIMAC / CHINCHEROS + HUANCAVELICA / TAYACAJA + JUNIN / HUANCAYO + JUNIN / CONCEPCION,bounded_vraem_province_subset,0,4,389
prov_subset,vraem_prov_subset_0451,VRAEM provinces: APURIMAC / ANDAHUAYLAS + APURIMAC / CHINCHEROS + HUANCAVELICA / TAYACAJA + JUNIN / HUANCAYO + JUNIN / CONCEPCION,bounded_vraem_province_subset,0,5,482
prov_subset,vraem_prov_subset_0452,VRAEM provinces: AYACUCHO / HUANTA + HUANCAVELICA / TAYACAJA + JUNIN / HUANCAYO + JUNIN / CONCEPCION,bounded_vraem_province_subset,0,4,548
prov_subset,vraem_prov_subset_0453,VRAEM provinces: APURIMAC / ANDAHUAYLAS + AYACUCHO / HUANTA + HUANCAVELICA / TAYACAJA + JUNIN / HUANCAYO + JUNIN / CONCEPCION,bounded_vraem_province_subset,0,5,641
prov_subset,vraem_prov_subset_0454,VRAEM provinces: APURIMAC / CHINCHEROS + AYACUCHO / HUANTA + HUANCAVELICA / TAYACAJA + JUNIN / HUANCAYO + JUNIN / CONCEPCION,bounded_vraem_province_subset,0,5,626
prov_subset,vraem_prov_subset_0455,VRAEM provinces: APURIMAC / ANDAHUAYLAS + APURIMAC / CHINCHEROS + AYACUCHO / HUANTA + HUANCAVELICA / TAYACAJA + JUNIN / HUANCAYO + JUNIN / CONCEPCION,bounded_vraem_province_subset,0,6,719
prov_subset,vraem_prov_subset_0456,VRAEM provinces: AYACUCHO / LA MAR + HUANCAVELICA / TAYACAJA + JUNIN / HUANCAYO + JUNIN / CONCEPCION,bounded_vraem_province_subset,0,4,606
prov_subset,vraem_prov_subset_0457,VRAEM provinces: APURIMAC / ANDAHUAYLAS + AYACUCHO / LA MAR + HUANCAVELICA / TAYACAJA + JUNIN / HUANCAYO + JUNIN / CONCEPCION,bounded_vraem_province_subset,0,5,699
prov_subset,vraem_prov_subset_0458,VRAEM provinces: APURIMAC / CHINCHEROS + AYACUCHO / LA MAR + HUANCAVELICA / TAYACAJA + JUNIN / HUANCAYO + JUNIN / CONCEPCION,bounded_vraem_province_subset,0,5,684
prov_subset,vraem_prov_subset_0459,VRAEM provinces: APURIMAC / ANDAHUAYLAS + APURIMAC / CHINCHEROS + AYACUCHO / LA MAR + HUANCAVELICA / TAYACAJA + JUNIN / HUANCAYO + JUNIN / CONCEPCION,bounded_vraem_province_subset,0,6,777
prov_subset,vraem_prov_subset_0460,VRAEM provinces: AYACUCHO / HUANTA + AYACUCHO / LA MAR + HUANCAVELICA / TAYACAJA + JUNIN / HUANCAYO + JUNIN / CONCEPCION,bounded_vraem_province_subset,0,5,843
prov_subset,vraem_prov_subset_0461,VRAEM provinces: APURIMAC / ANDAHUAYLAS + AYACUCHO / HUANTA + AYACUCHO / LA MAR + HUANCAVELICA / TAYACAJA + JUNIN / HUANCAYO + JUNIN / CONCEPCION,bounded_vraem_province_subset,0,6,936
prov_subset,vraem_prov_subset_0462,VRAEM provinces: APURIMAC / CHINCHEROS + AYACUCHO / HUANTA + AYACUCHO / LA MAR + HUANCAVELICA / TAYACAJA + JUNIN / HUANCAYO + JUNIN / CONCEPCION,bounded_vraem_province_subset,0,6,921
prov_subset,vraem_prov_subset_0463,VRAEM provinces: APURIMAC / ANDAHUAYLAS + APURIMAC / CHINCHEROS + AYACUCHO / HUANTA + AYACUCHO / LA MAR + HUANCAVELICA / TAYACAJA + JUNIN / HUANCAYO + JUNIN / CONCEPCION,bounded_vraem_province_subset,0,7,1014
prov_subset,vraem_prov_subset_0464,VRAEM provinces: CUSCO / LA CONVENCION + HUANCAVELICA / TAYACAJA + JUNIN / HUANCAYO + JUNIN / CONCEPCION,bounded_vraem_province_subset,0,4,415
prov_subset,vraem_prov_subset_0465,VRAEM provinces: APURIMAC / ANDAHUAYLAS + CUSCO / LA CONVENCION + HUANCAVELICA / TAYACAJA + JUNIN / HUANCAYO + JUNIN / CONCEPCION,bounded_vraem_province_subset,0,5,508
prov_subset,vraem_prov_subset_0466,VRAEM provinces: APURIMAC / CHINCHEROS + CUSCO / LA CONVENCION + HUANCAVELICA / TAYACAJA + JUNIN / HUANCAYO + JUNIN / CONCEPCION,bounded_vraem_province_subset,0,5,493
prov_subset,vraem_prov_subset_0467,VRAEM provinces: APURIMAC / ANDAHUAYLAS + APURIMAC / CHINCHEROS + CUSCO / LA CONVENCION + HUANCAVELICA / TAYACAJA + JUNIN / HUANCAYO + JUNIN / CONCEPCION,bounded_vraem_province_subset,0,6,586
prov_subset,vraem_prov_subset_0468,VRAEM provinces: AYACUCHO / HUANTA + CUSCO / LA CONVENCION + HUANCAVELICA / TAYACAJA + JUNIN / HUANCAYO + JUNIN / CONCEPCION,bounded_vraem_province_subset,0,5,652
prov_subset,vraem_prov_subset_0469,VRAEM provinces: APURIMAC / ANDAHUAYLAS + AYACUCHO / HUANTA + CUSCO / LA CONVENCION + HUANCAVELICA / TAYACAJA + JUNIN / HUANCAYO + JUNIN / CONCEPCION,bounded_vraem_province_subset,0,6,745
prov_subset,vraem_prov_subset_0470,VRAEM provinces: APURIMAC / CHINCHEROS + AYACUCHO / HUANTA + CUSCO / LA CONVENCION + HUANCAVELICA / TAYACAJA + JUNIN / HUANCAYO + JUNIN / CONCEPCION,bounded_vraem_province_subset,0,6,730
prov_subset,vraem_prov_subset_0471,VRAEM provinces: APURIMAC / ANDAHUAYLAS + APURIMAC / CHINCHEROS + AYACUCHO / HUANTA + CUSCO / LA CONVENCION + HUANCAVELICA / TAYACAJA + JUNIN / HUANCAYO + JUNIN / CONCEPCION,bounded_vraem_province_subset,0,7,823
prov_subset,vraem_prov_subset_0472,VRAEM provinces: AYACUCHO / LA MAR + CUSCO / LA CONVENCION + HUANCAVELICA / TAYACAJA + JUNIN / HUANCAYO + JUNIN / CONCEPCION,bounded_vraem_province_subset,0,5,710
prov_subset,vraem_prov_subset_0473,VRAEM provinces: APURIMAC / ANDAHUAYLAS + AYACUCHO / LA MAR + CUSCO / LA CONVENCION + HUANCAVELICA / TAYACAJA + JUNIN / HUANCAYO + JUNIN / CONCEPCION,bounded_vraem_province_subset,0,6,803
prov_subset,vraem_prov_subset_0474,VRAEM provinces: APURIMAC / CHINCHEROS + AYACUCHO / LA MAR + CUSCO / LA CONVENCION + HUANCAVELICA / TAYACAJA + JUNIN / HUANCAYO + JUNIN / CONCEPCION,bounded_vraem_province_subset,0,6,788
prov_subset,vraem_prov_subset_0475,VRAEM provinces: APURIMAC / ANDAHUAYLAS + APURIMAC / CHINCHEROS + AYACUCHO / LA MAR + CUSCO / LA CONVENCION + HUANCAVELICA / TAYACAJA + JUNIN / HUANCAYO + JUNIN / CONCEPCION,bounded_vraem_province_subset,0,7,881
prov_subset,vraem_prov_subset_0476,VRAEM provinces: AYACUCHO / HUANTA + AYACUCHO / LA MAR + CUSCO / LA CONVENCION + HUANCAVELICA / TAYACAJA + JUNIN / HUANCAYO + JUNIN / CONCEPCION,bounded_vraem_province_subset,0,6,947
prov_subset,vraem_prov_subset_0477,VRAEM provinces: APURIMAC / ANDAHUAYLAS + AYACUCHO / HUANTA + AYACUCHO / LA MAR + CUSCO / LA CONVENCION + HUANCAVELICA / TAYACAJA + JUNIN / HUANCAYO + JUNIN / CONCEPCION,bounded_vraem_province_subset,0,7,1040
prov_subset,vraem_prov_subset_0478,VRAEM provinces: APURIMAC / CHINCHEROS + AYACUCHO / HUANTA + AYACUCHO / LA MAR + CUSCO / LA CONVENCION + HUANCAVELICA / TAYACAJA + JUNIN / HUANCAYO + JUNIN / CONCEPCION,bounded_vraem_province_subset,0,7,1025
prov_subset,vraem_prov_subset_0479,VRAEM provinces: APURIMAC / ANDAHUAYLAS + APURIMAC / CHINCHEROS + AYACUCHO / HUANTA + AYACUCHO / LA MAR + CUSCO / LA CONVENCION + HUANCAVELICA / TAYACAJA + JUNIN / HUANCAYO + JUNIN / CONCEPCION,bounded_vraem_province_subset,0,8,1118
prov_subset,vraem_prov_subset_0480,VRAEM provinces: HUANCAVELICA / CHURCAMPA + HUANCAVELICA / TAYACAJA + JUNIN / HUANCAYO + JUNIN / CONCEPCION,bounded_vraem_province_subset,0,4,418
prov_subset,vraem_prov_subset_0481,VRAEM provinces: APURIMAC / ANDAHUAYLAS + HUANCAVELICA / CHURCAMPA + HUANCAVELICA / TAYACAJA + JUNIN / HUANCAYO + JUNIN / CONCEPCION,bounded_vraem_province_subset,0,5,511
prov_subset,vraem_prov_subset_0482,VRAEM provinces: APURIMAC / CHINCHEROS + HUANCAVELICA / CHURCAMPA + HUANCAVELICA / TAYACAJA + JUNIN / HUANCAYO + JUNIN / CONCEPCION,bounded_vraem_province_subset,0,5,496
prov_subset,vraem_prov_subset_0483,VRAEM provinces: APURIMAC / ANDAHUAYLAS + APURIMAC / CHINCHEROS + HUANCAVELICA / CHURCAMPA + HUANCAVELICA / TAYACAJA + JUNIN / HUANCAYO + JUNIN / CONCEPCION,bounded_vraem_province_subset,0,6,589
prov_subset,vraem_prov_subset_0484,VRAEM provinces: AYACUCHO / HUANTA + HUANCAVELICA / CHURCAMPA + HUANCAVELICA / TAYACAJA + JUNIN / HUANCAYO + JUNIN / CONCEPCION,bounded_vraem_province_subset,0,5,655
prov_subset,vraem_prov_subset_0485,VRAEM provinces: APURIMAC / ANDAHUAYLAS + AYACUCHO / HUANTA + HUANCAVELICA / CHURCAMPA + HUANCAVELICA / TAYACAJA + JUNIN / HUANCAYO + JUNIN / CONCEPCION,bounded_vraem_province_subset,0,6,748
prov_subset,vraem_prov_subset_0486,VRAEM provinces: APURIMAC / CHINCHEROS + AYACUCHO / HUANTA + HUANCAVELICA / CHURCAMPA + HUANCAVELICA / TAYACAJA + JUNIN / HUANCAYO + JUNIN / CONCEPCION,bounded_vraem_province_subset,0,6,733
prov_subset,vraem_prov_subset_0487,VRAEM provinces: APURIMAC / ANDAHUAYLAS + APURIMAC / CHINCHEROS + AYACUCHO / HUANTA + HUANCAVELICA / CHURCAMPA + HUANCAVELICA / TAYACAJA + JUNIN / HUANCAYO + JUNIN / CONCEPCION,bounded_vraem_province_subset,0,7,826
prov_subset,vraem_prov_subset_0488,VRAEM provinces: AYACUCHO / LA MAR + HUANCAVELICA / CHURCAMPA + HUANCAVELICA / TAYACAJA + JUNIN / HUANCAYO + JUNIN / CONCEPCION,bounded_vraem_province_subset,0,5,713
prov_subset,vraem_prov_subset_0489,VRAEM provinces: APURIMAC / ANDAHUAYLAS + AYACUCHO / LA MAR + HUANCAVELICA / CHURCAMPA + HUANCAVELICA / TAYACAJA + JUNIN / HUANCAYO + JUNIN / CONCEPCION,bounded_vraem_province_subset,0,6,806
prov_subset,vraem_prov_subset_0490,VRAEM provinces: APURIMAC / CHINCHEROS + AYACUCHO / LA MAR + HUANCAVELICA / CHURCAMPA + HUANCAVELICA / TAYACAJA + JUNIN / HUANCAYO + JUNIN / CONCEPCION,bounded_vraem_province_subset,0,6,791
prov_subset,vraem_prov_subset_0491,VRAEM provinces: APURIMAC / ANDAHUAYLAS + APURIMAC / CHINCHEROS + AYACUCHO / LA MAR + HUANCAVELICA / CHURCAMPA + HUANCAVELICA / TAYACAJA + JUNIN / HUANCAYO + JUNIN / CONCEPCION,bounded_vraem_province_subset,0,7,884
prov_subset,vraem_prov_subset_0492,VRAEM provinces: AYACUCHO / HUANTA + AYACUCHO / LA MAR + HUANCAVELICA / CHURCAMPA + HUANCAVELICA / TAYACAJA + JUNIN / HUANCAYO + JUNIN / CONCEPCION,bounded_vraem_province_subset,0,6,950
prov_subset,vraem_prov_subset_0493,VRAEM provinces: APURIMAC / ANDAHUAYLAS + AYACUCHO / HUANTA + AYACUCHO / LA MAR + HUANCAVELICA / CHURCAMPA + HUANCAVELICA / TAYACAJA + JUNIN / HUANCAYO + JUNIN / CONCEPCION,bounded_vraem_province_subset,0,7,1043
prov_subset,vraem_prov_subset_0494,VRAEM provinces: APURIMAC / CHINCHEROS + AYACUCHO / HUANTA + AYACUCHO / LA MAR + HUANCAVELICA / CHURCAMPA + HUANCAVELICA / TAYACAJA + JUNIN / HUANCAYO + JUNIN / CONCEPCION,bounded_vraem_province_subset,0,7,1028
prov_subset,vraem_prov_subset_0495,VRAEM provinces: APURIMAC / ANDAHUAYLAS + APURIMAC / CHINCHEROS + AYACUCHO / HUANTA + AYACUCHO / LA MAR + HUANCAVELICA / CHURCAMPA + HUANCAVELICA / TAYACAJA + JUNIN / HUANCAYO + JUNIN / CONCEPCION,bounded_vraem_province_subset,0,8,1121
prov_subset,vraem_prov_subset_0496,VRAEM provinces: CUSCO / LA CONVENCION + HUANCAVELICA / CHURCAMPA + HUANCAVELICA / TAYACAJA + JUNIN / HUANCAYO + JUNIN / CONCEPCION,bounded_vraem_province_subset,0,5,522
prov_subset,vraem_prov_subset_0497,VRAEM provinces: APURIMAC / ANDAHUAYLAS + CUSCO / LA CONVENCION + HUANCAVELICA / CHURCAMPA + HUANCAVELICA / TAYACAJA + JUNIN / HUANCAYO + JUNIN / CONCEPCION,bounded_vraem_province_subset,0,6,615
prov_subset,vraem_prov_subset_0498,VRAEM provinces: APURIMAC / CHINCHEROS + CUSCO / LA CONVENCION + HUANCAVELICA / CHURCAMPA + HUANCAVELICA / TAYACAJA + JUNIN / HUANCAYO + JUNIN / CONCEPCION,bounded_vraem_province_subset,0,6,600
prov_subset,vraem_prov_subset_0499,VRAEM provinces: APURIMAC / ANDAHUAYLAS + APURIMAC / CHINCHEROS + CUSCO / LA CONVENCION + HUANCAVELICA / CHURCAMPA + HUANCAVELICA / TAYACAJA + JUNIN / HUANCAYO + JUNIN / CONCEPCION,bounded_vraem_province_subset,0,7,693
prov_subset,vraem_prov_subset_0500,VRAEM provinces: AYACUCHO / HUANTA + CUSCO / LA CONVENCION + HUANCAVELICA / CHURCAMPA + HUANCAVELICA / TAYACAJA + JUNIN / HUANCAYO + JUNIN / CONCEPCION,bounded_vraem_province_subset,0,6,759
prov_subset,vraem_prov_subset_0501,VRAEM provinces: APURIMAC / ANDAHUAYLAS + AYACUCHO / HUANTA + CUSCO / LA CONVENCION + HUANCAVELICA / CHURCAMPA + HUANCAVELICA / TAYACAJA + JUNIN / HUANCAYO + JUNIN / CONCEPCION,bounded_vraem_province_subset,0,7,852
prov_subset,vraem_prov_subset_0502,VRAEM provinces: APURIMAC / CHINCHEROS + AYACUCHO / HUANTA + CUSCO / LA CONVENCION + HUANCAVELICA / CHURCAMPA + HUANCAVELICA / TAYACAJA + JUNIN / HUANCAYO + JUNIN / CONCEPCION,bounded_vraem_province_subset,0,7,837
prov_subset,vraem_prov_subset_0503,VRAEM provinces: APURIMAC / ANDAHUAYLAS + APURIMAC / CHINCHEROS + AYACUCHO / HUANTA + CUSCO / LA CONVENCION + HUANCAVELICA / CHURCAMPA + HUANCAVELICA / TAYACAJA + JUNIN / HUANCAYO + JUNIN / CONCEPCION,bounded_vraem_province_subset,0,8,930
prov_subset,vraem_prov_subset_0504,VRAEM provinces: AYACUCHO / LA MAR + CUSCO / LA CONVENCION + HUANCAVELICA / CHURCAMPA + HUANCAVELICA / TAYACAJA + JUNIN / HUANCAYO + JUNIN / CONCEPCION,bounded_vraem_province_subset,0,6,817
prov_subset,vraem_prov_subset_0505,VRAEM provinces: APURIMAC / ANDAHUAYLAS + AYACUCHO / LA MAR + CUSCO / LA CONVENCION + HUANCAVELICA / CHURCAMPA + HUANCAVELICA / TAYACAJA + JUNIN / HUANCAYO + JUNIN / CONCEPCION,bounded_vraem_province_subset,0,7,910
prov_subset,vraem_prov_subset_0506,VRAEM provinces: APURIMAC / CHINCHEROS + AYACUCHO / LA MAR + CUSCO / LA CONVENCION + HUANCAVELICA / CHURCAMPA + HUANCAVELICA / TAYACAJA + JUNIN / HUANCAYO + JUNIN / CONCEPCION,bounded_vraem_province_subset,0,7,895
prov_subset,vraem_prov_subset_0507,VRAEM provinces: APURIMAC / ANDAHUAYLAS + APURIMAC / CHINCHEROS + AYACUCHO / LA MAR + CUSCO / LA CONVENCION + HUANCAVELICA / CHURCAMPA + HUANCAVELICA / TAYACAJA + JUNIN / HUANCAYO + JUNIN / CONCEPCION,bounded_vraem_province_subset,0,8,988
prov_subset,vraem_prov_subset_0508,VRAEM provinces: AYACUCHO / HUANTA + AYACUCHO / LA MAR + CUSCO / LA CONVENCION + HUANCAVELICA / CHURCAMPA + HUANCAVELICA / TAYACAJA + JUNIN / HUANCAYO + JUNIN / CONCEPCION,bounded_vraem_province_subset,0,7,1054
prov_subset,vraem_prov_subset_0509,VRAEM provinces: APURIMAC / ANDAHUAYLAS + AYACUCHO / HUANTA + AYACUCHO / LA MAR + CUSCO / LA CONVENCION + HUANCAVELICA / CHURCAMPA + HUANCAVELICA / TAYACAJA + JUNIN / HUANCAYO + JUNIN / CONCEPCION,bounded_vraem_province_subset,0,8,1147
prov_subset,vraem_prov_subset_0510,VRAEM provinces: APURIMAC / CHINCHEROS + AYACUCHO / HUANTA + AYACUCHO / LA MAR + CUSCO / LA CONVENCION + HUANCAVELICA / CHURCAMPA + HUANCAVELICA / TAYACAJA + JUNIN / HUANCAYO + JUNIN / CONCEPCION,bounded_vraem_province_subset,0,8,1132
prov_subset,vraem_prov_subset_0511,VRAEM provinces: APURIMAC / ANDAHUAYLAS + APURIMAC / CHINCHEROS + AYACUCHO / HUANTA + AYACUCHO / LA MAR + CUSCO / LA CONVENCION + HUANCAVELICA / CHURCAMPA + HUANCAVELICA / TAYACAJA + JUNIN / HUANCAYO + JUNIN / CONCEPCION,bounded_vraem_province_subset,0,9,1225
prov_subset,vraem_prov_subset_0512,VRAEM provinces: JUNIN / SATIPO,bounded_vraem_province_subset,0,1,229
prov_subset,vraem_prov_subset_0513,VRAEM provinces: APURIMAC / ANDAHUAYLAS + JUNIN / SATIPO,bounded_vraem_province_subset,0,2,322
prov_subset,vraem_prov_subset_0514,VRAEM provinces: APURIMAC / CHINCHEROS + JUNIN / SATIPO,bounded_vraem_province_subset,0,2,307
prov_subset,vraem_prov_subset_0515,VRAEM provinces: APURIMAC / ANDAHUAYLAS + APURIMAC / CHINCHEROS + JUNIN / SATIPO,bounded_vraem_province_subset,0,3,400
prov_subset,vraem_prov_subset_0516,VRAEM provinces: AYACUCHO / HUANTA + JUNIN / SATIPO,bounded_vraem_province_subset,0,2,466
prov_subset,vraem_prov_subset_0517,VRAEM provinces: APURIMAC / ANDAHUAYLAS + AYACUCHO / HUANTA + JUNIN / SATIPO,bounded_vraem_province_subset,0,3,559
prov_subset,vraem_prov_subset_0518,VRAEM provinces: APURIMAC / CHINCHEROS + AYACUCHO / HUANTA + JUNIN / SATIPO,bounded_vraem_province_subset,0,3,544
prov_subset,vraem_prov_subset_0519,VRAEM provinces: APURIMAC / ANDAHUAYLAS + APURIMAC / CHINCHEROS + AYACUCHO / HUANTA + JUNIN / SATIPO,bounded_vraem_province_subset,0,4,637
prov_subset,vraem_prov_subset_0520,VRAEM provinces: AYACUCHO / LA MAR + JUNIN / SATIPO,bounded_vraem_province_subset,0,2,524
prov_subset,vraem_prov_subset_0521,VRAEM provinces: APURIMAC / ANDAHUAYLAS + AYACUCHO / LA MAR + JUNIN / SATIPO,bounded_vraem_province_subset,0,3,617
prov_subset,vraem_prov_subset_0522,VRAEM provinces: APURIMAC / CHINCHEROS + AYACUCHO / LA MAR + JUNIN / SATIPO,bounded_vraem_province_subset,0,3,602
prov_subset,vraem_prov_subset_0523,VRAEM provinces: APURIMAC / ANDAHUAYLAS + APURIMAC / CHINCHEROS + AYACUCHO / LA MAR + JUNIN / SATIPO,bounded_vraem_province_subset,0,4,695
prov_subset,vraem_prov_subset_0524,VRAEM provinces: AYACUCHO / HUANTA + AYACUCHO / LA MAR + JUNIN / SATIPO,bounded_vraem_province_subset,0,3,761
prov_subset,vraem_prov_subset_0525,VRAEM provinces: APURIMAC / ANDAHUAYLAS + AYACUCHO / HUANTA + AYACUCHO / LA MAR + JUNIN / SATIPO,bounded_vraem_province_subset,0,4,854
prov_subset,vraem_prov_subset_0526,VRAEM provinces: APURIMAC / CHINCHEROS + AYACUCHO / HUANTA + AYACUCHO / LA MAR + JUNIN / SATIPO,bounded_vraem_province_subset,0,4,839
prov_subset,vraem_prov_subset_0527,VRAEM provinces: APURIMAC / ANDAHUAYLAS + APURIMAC / CHINCHEROS + AYACUCHO / HUANTA + AYACUCHO / LA MAR + JUNIN / SATIPO,bounded_vraem_province_subset,0,5,932
prov_subset,vraem_prov_subset_0528,VRAEM provinces: CUSCO / LA CONVENCION + JUNIN / SATIPO,bounded_vraem_province_subset,0,2,333
prov_subset,vraem_prov_subset_0529,VRAEM provinces: APURIMAC / ANDAHUAYLAS + CUSCO / LA CONVENCION + JUNIN / SATIPO,bounded_vraem_province_subset,0,3,426
prov_subset,vraem_prov_subset_0530,VRAEM provinces: APURIMAC / CHINCHEROS + CUSCO / LA CONVENCION + JUNIN / SATIPO,bounded_vraem_province_subset,0,3,411
prov_subset,vraem_prov_subset_0531,VRAEM provinces: APURIMAC / ANDAHUAYLAS + APURIMAC / CHINCHEROS + CUSCO / LA CONVENCION + JUNIN / SATIPO,bounded_vraem_province_subset,0,4,504
prov_subset,vraem_prov_subset_0532,VRAEM provinces: AYACUCHO / HUANTA + CUSCO / LA CONVENCION + JUNIN / SATIPO,bounded_vraem_province_subset,0,3,570
prov_subset,vraem_prov_subset_0533,VRAEM provinces: APURIMAC / ANDAHUAYLAS + AYACUCHO / HUANTA + CUSCO / LA CONVENCION + JUNIN / SATIPO,bounded_vraem_province_subset,0,4,663
prov_subset,vraem_prov_subset_0534,VRAEM provinces: APURIMAC / CHINCHEROS + AYACUCHO / HUANTA + CUSCO / LA CONVENCION + JUNIN / SATIPO,bounded_vraem_province_subset,0,4,648
prov_subset,vraem_prov_subset_0535,VRAEM provinces: APURIMAC / ANDAHUAYLAS + APURIMAC / CHINCHEROS + AYACUCHO / HUANTA + CUSCO / LA CONVENCION + JUNIN / SATIPO,bounded_vraem_province_subset,0,5,741
prov_subset,vraem_prov_subset_0536,VRAEM provinces: AYACUCHO / LA MAR + CUSCO / LA CONVENCION + JUNIN / SATIPO,bounded_vraem_province_subset,0,3,628
prov_subset,vraem_prov_subset_0537,VRAEM provinces: APURIMAC / ANDAHUAYLAS + AYACUCHO / LA MAR + CUSCO / LA CONVENCION + JUNIN / SATIPO,bounded_vraem_province_subset,0,4,721
prov_subset,vraem_prov_subset_0538,VRAEM provinces: APURIMAC / CHINCHEROS + AYACUCHO / LA MAR + CUSCO / LA CONVENCION + JUNIN / SATIPO,bounded_vraem_province_subset,0,4,706
prov_subset,vraem_prov_subset_0539,VRAEM provinces: APURIMAC / ANDAHUAYLAS + APURIMAC / CHINCHEROS + AYACUCHO / LA MAR + CUSCO / LA CONVENCION + JUNIN / SATIPO,bounded_vraem_province_subset,0,5,799
prov_subset,vraem_prov_subset_0540,VRAEM provinces: AYACUCHO / HUANTA + AYACUCHO / LA MAR + CUSCO / LA CONVENCION + JUNIN / SATIPO,bounded_vraem_province_subset,0,4,865
prov_subset,vraem_prov_subset_0541,VRAEM provinces: APURIMAC / ANDAHUAYLAS + AYACUCHO / HUANTA + AYACUCHO / LA MAR + CUSCO / LA CONVENCION + JUNIN / SATIPO,bounded_vraem_province_subset,0,5,958
prov_subset,vraem_prov_subset_0542,VRAEM provinces: APURIMAC / CHINCHEROS + AYACUCHO / HUANTA + AYACUCHO / LA MAR + CUSCO / LA CONVENCION + JUNIN / SATIPO,bounded_vraem_province_subset,0,5,943
prov_subset,vraem_prov_subset_0543,VRAEM provinces: APURIMAC / ANDAHUAYLAS + APURIMAC / CHINCHEROS + AYACUCHO / HUANTA + AYACUCHO / LA MAR + CUSCO / LA CONVENCION + JUNIN / SATIPO,bounded_vraem_province_subset,0,6,1036
prov_subset,vraem_prov_subset_0544,VRAEM provinces: HUANCAVELICA / CHURCAMPA + JUNIN / SATIPO,bounded_vraem_province_subset,0,2,336
prov_subset,vraem_prov_subset_0545,VRAEM provinces: APURIMAC / ANDAHUAYLAS + HUANCAVELICA / CHURCAMPA + JUNIN / SATIPO,bounded_vraem_province_subset,0,3,429
prov_subset,vraem_prov_subset_0546,VRAEM provinces: APURIMAC / CHINCHEROS + HUANCAVELICA / CHURCAMPA + JUNIN / SATIPO,bounded_vraem_province_subset,0,3,414
prov_subset,vraem_prov_subset_0547,VRAEM provinces: APURIMAC / ANDAHUAYLAS + APURIMAC / CHINCHEROS + HUANCAVELICA / CHURCAMPA + JUNIN / SATIPO,bounded_vraem_province_subset,0,4,507
prov_subset,vraem_prov_subset_0548,VRAEM provinces: AYACUCHO / HUANTA + HUANCAVELICA / CHURCAMPA + JUNIN / SATIPO,bounded_vraem_province_subset,0,3,573
prov_subset,vraem_prov_subset_0549,VRAEM provinces: APURIMAC / ANDAHUAYLAS + AYACUCHO / HUANTA + HUANCAVELICA / CHURCAMPA + JUNIN / SATIPO,bounded_vraem_province_subset,0,4,666
prov_subset,vraem_prov_subset_0550,VRAEM provinces: APURIMAC / CHINCHEROS + AYACUCHO / HUANTA + HUANCAVELICA / CHURCAMPA + JUNIN / SATIPO,bounded_vraem_province_subset,0,4,651
prov_subset,vraem_prov_subset_0551,VRAEM provinces: APURIMAC / ANDAHUAYLAS + APURIMAC / CHINCHEROS + AYACUCHO / HUANTA + HUANCAVELICA / CHURCAMPA + JUNIN / SATIPO,bounded_vraem_province_subset,0,5,744
prov_subset,vraem_prov_subset_0552,VRAEM provinces: AYACUCHO / LA MAR + HUANCAVELICA / CHURCAMPA + JUNIN / SATIPO,bounded_vraem_province_subset,0,3,631
prov_subset,vraem_prov_subset_0553,VRAEM provinces: APURIMAC / ANDAHUAYLAS + AYACUCHO / LA MAR + HUANCAVELICA / CHURCAMPA + JUNIN / SATIPO,bounded_vraem_province_subset,0,4,724
prov_subset,vraem_prov_subset_0554,VRAEM provinces: APURIMAC / CHINCHEROS + AYACUCHO / LA MAR + HUANCAVELICA / CHURCAMPA + JUNIN / SATIPO,bounded_vraem_province_subset,0,4,709
prov_subset,vraem_prov_subset_0555,VRAEM provinces: APURIMAC / ANDAHUAYLAS + APURIMAC / CHINCHEROS + AYACUCHO / LA MAR + HUANCAVELICA / CHURCAMPA + JUNIN / SATIPO,bounded_vraem_province_subset,0,5,802
prov_subset,vraem_prov_subset_0556,VRAEM provinces: AYACUCHO / HUANTA + AYACUCHO / LA MAR + HUANCAVELICA / CHURCAMPA + JUNIN / SATIPO,bounded_vraem_province_subset,0,4,868
prov_subset,vraem_prov_subset_0557,VRAEM provinces: APURIMAC / ANDAHUAYLAS + AYACUCHO / HUANTA + AYACUCHO / LA MAR + HUANCAVELICA / CHURCAMPA + JUNIN / SATIPO,bounded_vraem_province_subset,0,5,961
prov_subset,vraem_prov_subset_0558,VRAEM provinces: APURIMAC / CHINCHEROS + AYACUCHO / HUANTA + AYACUCHO / LA MAR + HUANCAVELICA / CHURCAMPA + JUNIN / SATIPO,bounded_vraem_province_subset,0,5,946
prov_subset,vraem_prov_subset_0559,VRAEM provinces: APURIMAC / ANDAHUAYLAS + APURIMAC / CHINCHEROS + AYACUCHO / HUANTA + AYACUCHO / LA MAR + HUANCAVELICA / CHURCAMPA + JUNIN / SATIPO,bounded_vraem_province_subset,0,6,1039
prov_subset,vraem_prov_subset_0560,VRAEM provinces: CUSCO / LA CONVENCION + HUANCAVELICA / CHURCAMPA + JUNIN / SATIPO,bounded_vraem_province_subset,0,3,440
prov_subset,vraem_prov_subset_0561,VRAEM provinces: APURIMAC / ANDAHUAYLAS + CUSCO / LA CONVENCION + HUANCAVELICA / CHURCAMPA + JUNIN / SATIPO,bounded_vraem_province_subset,0,4,533
prov_subset,vraem_prov_subset_0562,VRAEM provinces: APURIMAC / CHINCHEROS + CUSCO / LA CONVENCION + HUANCAVELICA / CHURCAMPA + JUNIN / SATIPO,bounded_vraem_province_subset,0,4,518
prov_subset,vraem_prov_subset_0563,VRAEM provinces: APURIMAC / ANDAHUAYLAS + APURIMAC / CHINCHEROS + CUSCO / LA CONVENCION + HUANCAVELICA / CHURCAMPA + JUNIN / SATIPO,bounded_vraem_province_subset,0,5,611
prov_subset,vraem_prov_subset_0564,VRAEM provinces: AYACUCHO / HUANTA + CUSCO / LA CONVENCION + HUANCAVELICA / CHURCAMPA + JUNIN / SATIPO,bounded_vraem_province_subset,0,4,677
prov_subset,vraem_prov_subset_0565,VRAEM provinces: APURIMAC / ANDAHUAYLAS + AYACUCHO / HUANTA + CUSCO / LA CONVENCION + HUANCAVELICA / CHURCAMPA + JUNIN / SATIPO,bounded_vraem_province_subset,0,5,770
prov_subset,vraem_prov_subset_0566,VRAEM provinces: APURIMAC / CHINCHEROS + AYACUCHO / HUANTA + CUSCO / LA CONVENCION + HUANCAVELICA / CHURCAMPA + JUNIN / SATIPO,bounded_vraem_province_subset,0,5,755
prov_subset,vraem_prov_subset_0567,VRAEM provinces: APURIMAC / ANDAHUAYLAS + APURIMAC / CHINCHEROS + AYACUCHO / HUANTA + CUSCO / LA CONVENCION + HUANCAVELICA / CHURCAMPA + JUNIN / SATIPO,bounded_vraem_province_subset,0,6,848
prov_subset,vraem_prov_subset_0568,VRAEM provinces: AYACUCHO / LA MAR + CUSCO / LA CONVENCION + HUANCAVELICA / CHURCAMPA + JUNIN / SATIPO,bounded_vraem_province_subset,0,4,735
prov_subset,vraem_prov_subset_0569,VRAEM provinces: APURIMAC / ANDAHUAYLAS + AYACUCHO / LA MAR + CUSCO / LA CONVENCION + HUANCAVELICA / CHURCAMPA + JUNIN / SATIPO,bounded_vraem_province_subset,0,5,828
prov_subset,vraem_prov_subset_0570,VRAEM provinces: APURIMAC / CHINCHEROS + AYACUCHO / LA MAR + CUSCO / LA CONVENCION + HUANCAVELICA / CHURCAMPA + JUNIN / SATIPO,bounded_vraem_province_subset,0,5,813
prov_subset,vraem_prov_subset_0571,VRAEM provinces: APURIMAC / ANDAHUAYLAS + APURIMAC / CHINCHEROS + AYACUCHO / LA MAR + CUSCO / LA CONVENCION + HUANCAVELICA / CHURCAMPA + JUNIN / SATIPO,bounded_vraem_province_subset,0,6,906
prov_subset,vraem_prov_subset_0572,VRAEM provinces: AYACUCHO / HUANTA + AYACUCHO / LA MAR + CUSCO / LA CONVENCION + HUANCAVELICA / CHURCAMPA + JUNIN / SATIPO,bounded_vraem_province_subset,0,5,972
prov_subset,vraem_prov_subset_0573,VRAEM provinces: APURIMAC / ANDAHUAYLAS + AYACUCHO / HUANTA + AYACUCHO / LA MAR + CUSCO / LA CONVENCION + HUANCAVELICA / CHURCAMPA + JUNIN / SATIPO,bounded_vraem_province_subset,0,6,1065
prov_subset,vraem_prov_subset_0574,VRAEM provinces: APURIMAC / CHINCHEROS + AYACUCHO / HUANTA + AYACUCHO / LA MAR + CUSCO / LA CONVENCION + HUANCAVELICA / CHURCAMPA + JUNIN / SATIPO,bounded_vraem_province_subset,0,6,1050
prov_subset,vraem_prov_subset_0575,VRAEM provinces: APURIMAC / ANDAHUAYLAS + APURIMAC / CHINCHEROS + AYACUCHO / HUANTA + AYACUCHO / LA MAR + CUSCO / LA CONVENCION + HUANCAVELICA / CHURCAMPA + JUNIN / SATIPO,bounded_vraem_province_subset,0,7,1143
prov_subset,vraem_prov_subset_0576,VRAEM provinces: HUANCAVELICA / TAYACAJA + JUNIN / SATIPO,bounded_vraem_province_subset,0,2,276
prov_subset,vraem_prov_subset_0577,VRAEM provinces: APURIMAC / ANDAHUAYLAS + HUANCAVELICA / TAYACAJA + JUNIN / SATIPO,bounded_vraem_province_subset,0,3,369
prov_subset,vraem_prov_subset_0578,VRAEM provinces: APURIMAC / CHINCHEROS + HUANCAVELICA / TAYACAJA + JUNIN / SATIPO,bounded_vraem_province_subset,0,3,354
prov_subset,vraem_prov_subset_0579,VRAEM provinces: APURIMAC / ANDAHUAYLAS + APURIMAC / CHINCHEROS + HUANCAVELICA / TAYACAJA + JUNIN / SATIPO,bounded_vraem_province_subset,0,4,447
prov_subset,vraem_prov_subset_0580,VRAEM provinces: AYACUCHO / HUANTA + HUANCAVELICA / TAYACAJA + JUNIN / SATIPO,bounded_vraem_province_subset,0,3,513
prov_subset,vraem_prov_subset_0581,VRAEM provinces: APURIMAC / ANDAHUAYLAS + AYACUCHO / HUANTA + HUANCAVELICA / TAYACAJA + JUNIN / SATIPO,bounded_vraem_province_subset,0,4,606
prov_subset,vraem_prov_subset_0582,VRAEM provinces: APURIMAC / CHINCHEROS + AYACUCHO / HUANTA + HUANCAVELICA / TAYACAJA + JUNIN / SATIPO,bounded_vraem_province_subset,0,4,591
prov_subset,vraem_prov_subset_0583,VRAEM provinces: APURIMAC / ANDAHUAYLAS + APURIMAC / CHINCHEROS + AYACUCHO / HUANTA + HUANCAVELICA / TAYACAJA + JUNIN / SATIPO,bounded_vraem_province_subset,0,5,684
prov_subset,vraem_prov_subset_0584,VRAEM provinces: AYACUCHO / LA MAR + HUANCAVELICA / TAYACAJA + JUNIN / SATIPO,bounded_vraem_province_subset,0,3,571
prov_subset,vraem_prov_subset_0585,VRAEM provinces: APURIMAC / ANDAHUAYLAS + AYACUCHO / LA MAR + HUANCAVELICA / TAYACAJA + JUNIN / SATIPO,bounded_vraem_province_subset,0,4,664
prov_subset,vraem_prov_subset_0586,VRAEM provinces: APURIMAC / CHINCHEROS + AYACUCHO / LA MAR + HUANCAVELICA / TAYACAJA + JUNIN / SATIPO,bounded_vraem_province_subset,0,4,649
prov_subset,vraem_prov_subset_0587,VRAEM provinces: APURIMAC / ANDAHUAYLAS + APURIMAC / CHINCHEROS + AYACUCHO / LA MAR + HUANCAVELICA / TAYACAJA + JUNIN / SATIPO,bounded_vraem_province_subset,0,5,742
prov_subset,vraem_prov_subset_0588,VRAEM provinces: AYACUCHO / HUANTA + AYACUCHO / LA MAR + HUANCAVELICA / TAYACAJA + JUNIN / SATIPO,bounded_vraem_province_subset,0,4,808
prov_subset,vraem_prov_subset_0589,VRAEM provinces: APURIMAC / ANDAHUAYLAS + AYACUCHO / HUANTA + AYACUCHO / LA MAR + HUANCAVELICA / TAYACAJA + JUNIN / SATIPO,bounded_vraem_province_subset,0,5,901
prov_subset,vraem_prov_subset_0590,VRAEM provinces: APURIMAC / CHINCHEROS + AYACUCHO / HUANTA + AYACUCHO / LA MAR + HUANCAVELICA / TAYACAJA + JUNIN / SATIPO,bounded_vraem_province_subset,0,5,886
prov_subset,vraem_prov_subset_0591,VRAEM provinces: APURIMAC / ANDAHUAYLAS + APURIMAC / CHINCHEROS + AYACUCHO / HUANTA + AYACUCHO / LA MAR + HUANCAVELICA / TAYACAJA + JUNIN / SATIPO,bounded_vraem_province_subset,0,6,979
prov_subset,vraem_prov_subset_0592,VRAEM provinces: CUSCO / LA CONVENCION + HUANCAVELICA / TAYACAJA + JUNIN / SATIPO,bounded_vraem_province_subset,0,3,380
prov_subset,vraem_prov_subset_0593,VRAEM provinces: APURIMAC / ANDAHUAYLAS + CUSCO / LA CONVENCION + HUANCAVELICA / TAYACAJA + JUNIN / SATIPO,bounded_vraem_province_subset,0,4,473
prov_subset,vraem_prov_subset_0594,VRAEM provinces: APURIMAC / CHINCHEROS + CUSCO / LA CONVENCION + HUANCAVELICA / TAYACAJA + JUNIN / SATIPO,bounded_vraem_province_subset,0,4,458
prov_subset,vraem_prov_subset_0595,VRAEM provinces: APURIMAC / ANDAHUAYLAS + APURIMAC / CHINCHEROS + CUSCO / LA CONVENCION + HUANCAVELICA / TAYACAJA + JUNIN / SATIPO,bounded_vraem_province_subset,0,5,551
prov_subset,vraem_prov_subset_0596,VRAEM provinces: AYACUCHO / HUANTA + CUSCO / LA CONVENCION + HUANCAVELICA / TAYACAJA + JUNIN / SATIPO,bounded_vraem_province_subset,0,4,617
prov_subset,vraem_prov_subset_0597,VRAEM provinces: APURIMAC / ANDAHUAYLAS + AYACUCHO / HUANTA + CUSCO / LA CONVENCION + HUANCAVELICA / TAYACAJA + JUNIN / SATIPO,bounded_vraem_province_subset,0,5,710
prov_subset,vraem_prov_subset_0598,VRAEM provinces: APURIMAC / CHINCHEROS + AYACUCHO / HUANTA + CUSCO / LA CONVENCION + HUANCAVELICA / TAYACAJA + JUNIN / SATIPO,bounded_vraem_province_subset,0,5,695
prov_subset,vraem_prov_subset_0599,VRAEM provinces: APURIMAC / ANDAHUAYLAS + APURIMAC / CHINCHEROS + AYACUCHO / HUANTA + CUSCO / LA CONVENCION + HUANCAVELICA / TAYACAJA + JUNIN / SATIPO,bounded_vraem_province_subset,0,6,788
prov_subset,vraem_prov_subset_0600,VRAEM provinces: AYACUCHO / LA MAR + CUSCO / LA CONVENCION + HUANCAVELICA / TAYACAJA + JUNIN / SATIPO,bounded_vraem_province_subset,0,4,675
prov_subset,vraem_prov_subset_0601,VRAEM provinces: APURIMAC / ANDAHUAYLAS + AYACUCHO / LA MAR + CUSCO / LA CONVENCION + HUANCAVELICA / TAYACAJA + JUNIN / SATIPO,bounded_vraem_province_subset,0,5,768
prov_subset,vraem_prov_subset_0602,VRAEM provinces: APURIMAC / CHINCHEROS + AYACUCHO / LA MAR + CUSCO / LA CONVENCION + HUANCAVELICA / TAYACAJA + JUNIN / SATIPO,bounded_vraem_province_subset,0,5,753
prov_subset,vraem_prov_subset_0603,VRAEM provinces: APURIMAC / ANDAHUAYLAS + APURIMAC / CHINCHEROS + AYACUCHO / LA MAR + CUSCO / LA CONVENCION + HUANCAVELICA / TAYACAJA + JUNIN / SATIPO,bounded_vraem_province_subset,0,6,846
prov_subset,vraem_prov_subset_0604,VRAEM provinces: AYACUCHO / HUANTA + AYACUCHO / LA MAR + CUSCO / LA CONVENCION + HUANCAVELICA / TAYACAJA + JUNIN / SATIPO,bounded_vraem_province_subset,0,5,912
prov_subset,vraem_prov_subset_0605,VRAEM provinces: APURIMAC / ANDAHUAYLAS + AYACUCHO / HUANTA + AYACUCHO / LA MAR + CUSCO / LA CONVENCION + HUANCAVELICA / TAYACAJA + JUNIN / SATIPO,bounded_vraem_province_subset,0,6,1005
prov_subset,vraem_prov_subset_0606,VRAEM provinces: APURIMAC / CHINCHEROS + AYACUCHO / HUANTA + AYACUCHO / LA MAR + CUSCO / LA CONVENCION + HUANCAVELICA / TAYACAJA + JUNIN / SATIPO,bounded_vraem_province_subset,0,6,990
prov_subset,vraem_prov_subset_0607,VRAEM provinces: APURIMAC / ANDAHUAYLAS + APURIMAC / CHINCHEROS + AYACUCHO / HUANTA + AYACUCHO / LA MAR + CUSCO / LA CONVENCION + HUANCAVELICA / TAYACAJA + JUNIN / SATIPO,bounded_vraem_province_subset,0,7,1083
prov_subset,vraem_prov_subset_0608,VRAEM provinces: HUANCAVELICA / CHURCAMPA + HUANCAVELICA / TAYACAJA + JUNIN / SATIPO,bounded_vraem_province_subset,0,3,383
prov_subset,vraem_prov_subset_0609,VRAEM provinces: APURIMAC / ANDAHUAYLAS + HUANCAVELICA / CHURCAMPA + HUANCAVELICA / TAYACAJA + JUNIN / SATIPO,bounded_vraem_province_subset,0,4,476
prov_subset,vraem_prov_subset_0610,VRAEM provinces: APURIMAC / CHINCHEROS + HUANCAVELICA / CHURCAMPA + HUANCAVELICA / TAYACAJA + JUNIN / SATIPO,bounded_vraem_province_subset,0,4,461
prov_subset,vraem_prov_subset_0611,VRAEM provinces: APURIMAC / ANDAHUAYLAS + APURIMAC / CHINCHEROS + HUANCAVELICA / CHURCAMPA + HUANCAVELICA / TAYACAJA + JUNIN / SATIPO,bounded_vraem_province_subset,0,5,554
prov_subset,vraem_prov_subset_0612,VRAEM provinces: AYACUCHO / HUANTA + HUANCAVELICA / CHURCAMPA + HUANCAVELICA / TAYACAJA + JUNIN / SATIPO,bounded_vraem_province_subset,0,4,620
prov_subset,vraem_prov_subset_0613,VRAEM provinces: APURIMAC / ANDAHUAYLAS + AYACUCHO / HUANTA + HUANCAVELICA / CHURCAMPA + HUANCAVELICA / TAYACAJA + JUNIN / SATIPO,bounded_vraem_province_subset,0,5,713
prov_subset,vraem_prov_subset_0614,VRAEM provinces: APURIMAC / CHINCHEROS + AYACUCHO / HUANTA + HUANCAVELICA / CHURCAMPA + HUANCAVELICA / TAYACAJA + JUNIN / SATIPO,bounded_vraem_province_subset,0,5,698
prov_subset,vraem_prov_subset_0615,VRAEM provinces: APURIMAC / ANDAHUAYLAS + APURIMAC / CHINCHEROS + AYACUCHO / HUANTA + HUANCAVELICA / CHURCAMPA + HUANCAVELICA / TAYACAJA + JUNIN / SATIPO,bounded_vraem_province_subset,0,6,791
prov_subset,vraem_prov_subset_0616,VRAEM provinces: AYACUCHO / LA MAR + HUANCAVELICA / CHURCAMPA + HUANCAVELICA / TAYACAJA + JUNIN / SATIPO,bounded_vraem_province_subset,0,4,678
prov_subset,vraem_prov_subset_0617,VRAEM provinces: APURIMAC / ANDAHUAYLAS + AYACUCHO / LA MAR + HUANCAVELICA / CHURCAMPA + HUANCAVELICA / TAYACAJA + JUNIN / SATIPO,bounded_vraem_province_subset,0,5,771
prov_subset,vraem_prov_subset_0618,VRAEM provinces: APURIMAC / CHINCHEROS + AYACUCHO / LA MAR + HUANCAVELICA / CHURCAMPA + HUANCAVELICA / TAYACAJA + JUNIN / SATIPO,bounded_vraem_province_subset,0,5,756
prov_subset,vraem_prov_subset_0619,VRAEM provinces: APURIMAC / ANDAHUAYLAS + APURIMAC / CHINCHEROS + AYACUCHO / LA MAR + HUANCAVELICA / CHURCAMPA + HUANCAVELICA / TAYACAJA + JUNIN / SATIPO,bounded_vraem_province_subset,0,6,849
prov_subset,vraem_prov_subset_0620,VRAEM provinces: AYACUCHO / HUANTA + AYACUCHO / LA MAR + HUANCAVELICA / CHURCAMPA + HUANCAVELICA / TAYACAJA + JUNIN / SATIPO,bounded_vraem_province_subset,0,5,915
prov_subset,vraem_prov_subset_0621,VRAEM provinces: APURIMAC / ANDAHUAYLAS + AYACUCHO / HUANTA + AYACUCHO / LA MAR + HUANCAVELICA / CHURCAMPA + HUANCAVELICA / TAYACAJA + JUNIN / SATIPO,bounded_vraem_province_subset,0,6,1008
prov_subset,vraem_prov_subset_0622,VRAEM provinces: APURIMAC / CHINCHEROS + AYACUCHO / HUANTA + AYACUCHO / LA MAR + HUANCAVELICA / CHURCAMPA + HUANCAVELICA / TAYACAJA + JUNIN / SATIPO,bounded_vraem_province_subset,0,6,993
prov_subset,vraem_prov_subset_0623,VRAEM provinces: APURIMAC / ANDAHUAYLAS + APURIMAC / CHINCHEROS + AYACUCHO / HUANTA + AYACUCHO / LA MAR + HUANCAVELICA / CHURCAMPA + HUANCAVELICA / TAYACAJA + JUNIN / SATIPO,bounded_vraem_province_subset,0,7,1086
prov_subset,vraem_prov_subset_0624,VRAEM provinces: CUSCO / LA CONVENCION + HUANCAVELICA / CHURCAMPA + HUANCAVELICA / TAYACAJA + JUNIN / SATIPO,bounded_vraem_province_subset,0,4,487
prov_subset,vraem_prov_subset_0625,VRAEM provinces: APURIMAC / ANDAHUAYLAS + CUSCO / LA CONVENCION + HUANCAVELICA / CHURCAMPA + HUANCAVELICA / TAYACAJA + JUNIN / SATIPO,bounded_vraem_province_subset,0,5,580
prov_subset,vraem_prov_subset_0626,VRAEM provinces: APURIMAC / CHINCHEROS + CUSCO / LA CONVENCION + HUANCAVELICA / CHURCAMPA + HUANCAVELICA / TAYACAJA + JUNIN / SATIPO,bounded_vraem_province_subset,0,5,565
prov_subset,vraem_prov_subset_0627,VRAEM provinces: APURIMAC / ANDAHUAYLAS + APURIMAC / CHINCHEROS + CUSCO / LA CONVENCION + HUANCAVELICA / CHURCAMPA + HUANCAVELICA / TAYACAJA + JUNIN / SATIPO,bounded_vraem_province_subset,0,6,658
prov_subset,vraem_prov_subset_0628,VRAEM provinces: AYACUCHO / HUANTA + CUSCO / LA CONVENCION + HUANCAVELICA / CHURCAMPA + HUANCAVELICA / TAYACAJA + JUNIN / SATIPO,bounded_vraem_province_subset,0,5,724
prov_subset,vraem_prov_subset_0629,VRAEM provinces: APURIMAC / ANDAHUAYLAS + AYACUCHO / HUANTA + CUSCO / LA CONVENCION + HUANCAVELICA / CHURCAMPA + HUANCAVELICA / TAYACAJA + JUNIN / SATIPO,bounded_vraem_province_subset,0,6,817
prov_subset,vraem_prov_subset_0630,VRAEM provinces: APURIMAC / CHINCHEROS + AYACUCHO / HUANTA + CUSCO / LA CONVENCION + HUANCAVELICA / CHURCAMPA + HUANCAVELICA / TAYACAJA + JUNIN / SATIPO,bounded_vraem_province_subset,0,6,802
prov_subset,vraem_prov_subset_0631,VRAEM provinces: APURIMAC / ANDAHUAYLAS + APURIMAC / CHINCHEROS + AYACUCHO / HUANTA + CUSCO / LA CONVENCION + HUANCAVELICA / CHURCAMPA + HUANCAVELICA / TAYACAJA + JUNIN / SATIPO,bounded_vraem_province_subset,0,7,895
prov_subset,vraem_prov_subset_0632,VRAEM provinces: AYACUCHO / LA MAR + CUSCO / LA CONVENCION + HUANCAVELICA / CHURCAMPA + HUANCAVELICA / TAYACAJA + JUNIN / SATIPO,bounded_vraem_province_subset,0,5,782
prov_subset,vraem_prov_subset_0633,VRAEM provinces: APURIMAC / ANDAHUAYLAS + AYACUCHO / LA MAR + CUSCO / LA CONVENCION + HUANCAVELICA / CHURCAMPA + HUANCAVELICA / TAYACAJA + JUNIN / SATIPO,bounded_vraem_province_subset,0,6,875
prov_subset,vraem_prov_subset_0634,VRAEM provinces: APURIMAC / CHINCHEROS + AYACUCHO / LA MAR + CUSCO / LA CONVENCION + HUANCAVELICA / CHURCAMPA + HUANCAVELICA / TAYACAJA + JUNIN / SATIPO,bounded_vraem_province_subset,0,6,860
prov_subset,vraem_prov_subset_0635,VRAEM provinces: APURIMAC / ANDAHUAYLAS + APURIMAC / CHINCHEROS + AYACUCHO / LA MAR + CUSCO / LA CONVENCION + HUANCAVELICA / CHURCAMPA + HUANCAVELICA / TAYACAJA + JUNIN / SATIPO,bounded_vraem_province_subset,0,7,953
prov_subset,vraem_prov_subset_0636,VRAEM provinces: AYACUCHO / HUANTA + AYACUCHO / LA MAR + CUSCO / LA CONVENCION + HUANCAVELICA / CHURCAMPA + HUANCAVELICA / TAYACAJA + JUNIN / SATIPO,bounded_vraem_province_subset,0,6,1019
prov_subset,vraem_prov_subset_0637,VRAEM provinces: APURIMAC / ANDAHUAYLAS + AYACUCHO / HUANTA + AYACUCHO / LA MAR + CUSCO / LA CONVENCION + HUANCAVELICA / CHURCAMPA + HUANCAVELICA / TAYACAJA + JUNIN / SATIPO,bounded_vraem_province_subset,0,7,1112
prov_subset,vraem_prov_subset_0638,VRAEM provinces: APURIMAC / CHINCHEROS + AYACUCHO / HUANTA + AYACUCHO / LA MAR + CUSCO / LA CONVENCION + HUANCAVELICA / CHURCAMPA + HUANCAVELICA / TAYACAJA + JUNIN / SATIPO,bounded_vraem_province_subset,0,7,1097
prov_subset,vraem_prov_subset_0639,VRAEM provinces: APURIMAC / ANDAHUAYLAS + APURIMAC / CHINCHEROS + AYACUCHO / HUANTA + AYACUCHO / LA MAR + CUSCO / LA CONVENCION + HUANCAVELICA / CHURCAMPA + HUANCAVELICA / TAYACAJA + JUNIN / SATIPO,bounded_vraem_province_subset,0,8,1190
prov_subset,vraem_prov_subset_0640,VRAEM provinces: JUNIN / HUANCAYO + JUNIN / SATIPO,bounded_vraem_province_subset,0,2,380
prov_subset,vraem_prov_subset_0641,VRAEM provinces: APURIMAC / ANDAHUAYLAS + JUNIN / HUANCAYO + JUNIN / SATIPO,bounded_vraem_province_subset,0,3,473
prov_subset,vraem_prov_subset_0642,VRAEM provinces: APURIMAC / CHINCHEROS + JUNIN / HUANCAYO + JUNIN / SATIPO,bounded_vraem_province_subset,0,3,458
prov_subset,vraem_prov_subset_0643,VRAEM provinces: APURIMAC / ANDAHUAYLAS + APURIMAC / CHINCHEROS + JUNIN / HUANCAYO + JUNIN / SATIPO,bounded_vraem_province_subset,0,4,551
prov_subset,vraem_prov_subset_0644,VRAEM provinces: AYACUCHO / HUANTA + JUNIN / HUANCAYO + JUNIN / SATIPO,bounded_vraem_province_subset,0,3,617
prov_subset,vraem_prov_subset_0645,VRAEM provinces: APURIMAC / ANDAHUAYLAS + AYACUCHO / HUANTA + JUNIN / HUANCAYO + JUNIN / SATIPO,bounded_vraem_province_subset,0,4,710
prov_subset,vraem_prov_subset_0646,VRAEM provinces: APURIMAC / CHINCHEROS + AYACUCHO / HUANTA + JUNIN / HUANCAYO + JUNIN / SATIPO,bounded_vraem_province_subset,0,4,695
prov_subset,vraem_prov_subset_0647,VRAEM provinces: APURIMAC / ANDAHUAYLAS + APURIMAC / CHINCHEROS + AYACUCHO / HUANTA + JUNIN / HUANCAYO + JUNIN / SATIPO,bounded_vraem_province_subset,0,5,788
prov_subset,vraem_prov_subset_0648,VRAEM provinces: AYACUCHO / LA MAR + JUNIN / HUANCAYO + JUNIN / SATIPO,bounded_vraem_province_subset,0,3,675
prov_subset,vraem_prov_subset_0649,VRAEM provinces: APURIMAC / ANDAHUAYLAS + AYACUCHO / LA MAR + JUNIN / HUANCAYO + JUNIN / SATIPO,bounded_vraem_province_subset,0,4,768
prov_subset,vraem_prov_subset_0650,VRAEM provinces: APURIMAC / CHINCHEROS + AYACUCHO / LA MAR + JUNIN / HUANCAYO + JUNIN / SATIPO,bounded_vraem_province_subset,0,4,753
prov_subset,vraem_prov_subset_0651,VRAEM provinces: APURIMAC / ANDAHUAYLAS + APURIMAC / CHINCHEROS + AYACUCHO / LA MAR + JUNIN / HUANCAYO + JUNIN / SATIPO,bounded_vraem_province_subset,0,5,846
prov_subset,vraem_prov_subset_0652,VRAEM provinces: AYACUCHO / HUANTA + AYACUCHO / LA MAR + JUNIN / HUANCAYO + JUNIN / SATIPO,bounded_vraem_province_subset,0,4,912
prov_subset,vraem_prov_subset_0653,VRAEM provinces: APURIMAC / ANDAHUAYLAS + AYACUCHO / HUANTA + AYACUCHO / LA MAR + JUNIN / HUANCAYO + JUNIN / SATIPO,bounded_vraem_province_subset,0,5,1005
prov_subset,vraem_prov_subset_0654,VRAEM provinces: APURIMAC / CHINCHEROS + AYACUCHO / HUANTA + AYACUCHO / LA MAR + JUNIN / HUANCAYO + JUNIN / SATIPO,bounded_vraem_province_subset,0,5,990
prov_subset,vraem_prov_subset_0655,VRAEM provinces: APURIMAC / ANDAHUAYLAS + APURIMAC / CHINCHEROS + AYACUCHO / HUANTA + AYACUCHO / LA MAR + JUNIN / HUANCAYO + JUNIN / SATIPO,bounded_vraem_province_subset,0,6,1083
prov_subset,vraem_prov_subset_0656,VRAEM provinces: CUSCO / LA CONVENCION + JUNIN / HUANCAYO + JUNIN / SATIPO,bounded_vraem_province_subset,0,3,484
prov_subset,vraem_prov_subset_0657,VRAEM provinces: APURIMAC / ANDAHUAYLAS + CUSCO / LA CONVENCION + JUNIN / HUANCAYO + JUNIN / SATIPO,bounded_vraem_province_subset,0,4,577
prov_subset,vraem_prov_subset_0658,VRAEM provinces: APURIMAC / CHINCHEROS + CUSCO / LA CONVENCION + JUNIN / HUANCAYO + JUNIN / SATIPO,bounded_vraem_province_subset,0,4,562
prov_subset,vraem_prov_subset_0659,VRAEM provinces: APURIMAC / ANDAHUAYLAS + APURIMAC / CHINCHEROS + CUSCO / LA CONVENCION + JUNIN / HUANCAYO + JUNIN / SATIPO,bounded_vraem_province_subset,0,5,655
prov_subset,vraem_prov_subset_0660,VRAEM provinces: AYACUCHO / HUANTA + CUSCO / LA CONVENCION + JUNIN / HUANCAYO + JUNIN / SATIPO,bounded_vraem_province_subset,0,4,721
prov_subset,vraem_prov_subset_0661,VRAEM provinces: APURIMAC / ANDAHUAYLAS + AYACUCHO / HUANTA + CUSCO / LA CONVENCION + JUNIN / HUANCAYO + JUNIN / SATIPO,bounded_vraem_province_subset,0,5,814
prov_subset,vraem_prov_subset_0662,VRAEM provinces: APURIMAC / CHINCHEROS + AYACUCHO / HUANTA + CUSCO / LA CONVENCION + JUNIN / HUANCAYO + JUNIN / SATIPO,bounded_vraem_province_subset,0,5,799
prov_subset,vraem_prov_subset_0663,VRAEM provinces: APURIMAC / ANDAHUAYLAS + APURIMAC / CHINCHEROS + AYACUCHO / HUANTA + CUSCO / LA CONVENCION + JUNIN / HUANCAYO + JUNIN / SATIPO,bounded_vraem_province_subset,0,6,892
prov_subset,vraem_prov_subset_0664,VRAEM provinces: AYACUCHO / LA MAR + CUSCO / LA CONVENCION + JUNIN / HUANCAYO + JUNIN / SATIPO,bounded_vraem_province_subset,0,4,779
prov_subset,vraem_prov_subset_0665,VRAEM provinces: APURIMAC / ANDAHUAYLAS + AYACUCHO / LA MAR + CUSCO / LA CONVENCION + JUNIN / HUANCAYO + JUNIN / SATIPO,bounded_vraem_province_subset,0,5,872
prov_subset,vraem_prov_subset_0666,VRAEM provinces: APURIMAC / CHINCHEROS + AYACUCHO / LA MAR + CUSCO / LA CONVENCION + JUNIN / HUANCAYO + JUNIN / SATIPO,bounded_vraem_province_subset,0,5,857
prov_subset,vraem_prov_subset_0667,VRAEM provinces: APURIMAC / ANDAHUAYLAS + APURIMAC / CHINCHEROS + AYACUCHO / LA MAR + CUSCO / LA CONVENCION + JUNIN / HUANCAYO + JUNIN / SATIPO,bounded_vraem_province_subset,0,6,950
prov_subset,vraem_prov_subset_0668,VRAEM provinces: AYACUCHO / HUANTA + AYACUCHO / LA MAR + CUSCO / LA CONVENCION + JUNIN / HUANCAYO + JUNIN / SATIPO,bounded_vraem_province_subset,0,5,1016
prov_subset,vraem_prov_subset_0669,VRAEM provinces: APURIMAC / ANDAHUAYLAS + AYACUCHO / HUANTA + AYACUCHO / LA MAR + CUSCO / LA CONVENCION + JUNIN / HUANCAYO + JUNIN / SATIPO,bounded_vraem_province_subset,0,6,1109
prov_subset,vraem_prov_subset_0670,VRAEM provinces: APURIMAC / CHINCHEROS + AYACUCHO / HUANTA + AYACUCHO / LA MAR + CUSCO / LA CONVENCION + JUNIN / HUANCAYO + JUNIN / SATIPO,bounded_vraem_province_subset,0,6,1094
prov_subset,vraem_prov_subset_0671,VRAEM provinces: APURIMAC / ANDAHUAYLAS + APURIMAC / CHINCHEROS + AYACUCHO / HUANTA + AYACUCHO / LA MAR + CUSCO / LA CONVENCION + JUNIN / HUANCAYO + JUNIN / SATIPO,bounded_vraem_province_subset,0,7,1187
prov_subset,vraem_prov_subset_0672,VRAEM provinces: HUANCAVELICA / CHURCAMPA + JUNIN / HUANCAYO + JUNIN / SATIPO,bounded_vraem_province_subset,0,3,487
prov_subset,vraem_prov_subset_0673,VRAEM provinces: APURIMAC / ANDAHUAYLAS + HUANCAVELICA / CHURCAMPA + JUNIN / HUANCAYO + JUNIN / SATIPO,bounded_vraem_province_subset,0,4,580
prov_subset,vraem_prov_subset_0674,VRAEM provinces: APURIMAC / CHINCHEROS + HUANCAVELICA / CHURCAMPA + JUNIN / HUANCAYO + JUNIN / SATIPO,bounded_vraem_province_subset,0,4,565
prov_subset,vraem_prov_subset_0675,VRAEM provinces: APURIMAC / ANDAHUAYLAS + APURIMAC / CHINCHEROS + HUANCAVELICA / CHURCAMPA + JUNIN / HUANCAYO + JUNIN / SATIPO,bounded_vraem_province_subset,0,5,658
prov_subset,vraem_prov_subset_0676,VRAEM provinces: AYACUCHO / HUANTA + HUANCAVELICA / CHURCAMPA + JUNIN / HUANCAYO + JUNIN / SATIPO,bounded_vraem_province_subset,0,4,724
prov_subset,vraem_prov_subset_0677,VRAEM provinces: APURIMAC / ANDAHUAYLAS + AYACUCHO / HUANTA + HUANCAVELICA / CHURCAMPA + JUNIN / HUANCAYO + JUNIN / SATIPO,bounded_vraem_province_subset,0,5,817
prov_subset,vraem_prov_subset_0678,VRAEM provinces: APURIMAC / CHINCHEROS + AYACUCHO / HUANTA + HUANCAVELICA / CHURCAMPA + JUNIN / HUANCAYO + JUNIN / SATIPO,bounded_vraem_province_subset,0,5,802
prov_subset,vraem_prov_subset_0679,VRAEM provinces: APURIMAC / ANDAHUAYLAS + APURIMAC / CHINCHEROS + AYACUCHO / HUANTA + HUANCAVELICA / CHURCAMPA + JUNIN / HUANCAYO + JUNIN / SATIPO,bounded_vraem_province_subset,0,6,895
prov_subset,vraem_prov_subset_0680,VRAEM provinces: AYACUCHO / LA MAR + HUANCAVELICA / CHURCAMPA + JUNIN / HUANCAYO + JUNIN / SATIPO,bounded_vraem_province_subset,0,4,782
prov_subset,vraem_prov_subset_0681,VRAEM provinces: APURIMAC / ANDAHUAYLAS + AYACUCHO / LA MAR + HUANCAVELICA / CHURCAMPA + JUNIN / HUANCAYO + JUNIN / SATIPO,bounded_vraem_province_subset,0,5,875
prov_subset,vraem_prov_subset_0682,VRAEM provinces: APURIMAC / CHINCHEROS + AYACUCHO / LA MAR + HUANCAVELICA / CHURCAMPA + JUNIN / HUANCAYO + JUNIN / SATIPO,bounded_vraem_province_subset,0,5,860
prov_subset,vraem_prov_subset_0683,VRAEM provinces: APURIMAC / ANDAHUAYLAS + APURIMAC / CHINCHEROS + AYACUCHO / LA MAR + HUANCAVELICA / CHURCAMPA + JUNIN / HUANCAYO + JUNIN / SATIPO,bounded_vraem_province_subset,0,6,953
prov_subset,vraem_prov_subset_0684,VRAEM provinces: AYACUCHO / HUANTA + AYACUCHO / LA MAR + HUANCAVELICA / CHURCAMPA + JUNIN / HUANCAYO + JUNIN / SATIPO,bounded_vraem_province_subset,0,5,1019
prov_subset,vraem_prov_subset_0685,VRAEM provinces: APURIMAC / ANDAHUAYLAS + AYACUCHO / HUANTA + AYACUCHO / LA MAR + HUANCAVELICA / CHURCAMPA + JUNIN / HUANCAYO + JUNIN / SATIPO,bounded_vraem_province_subset,0,6,1112
prov_subset,vraem_prov_subset_0686,VRAEM provinces: APURIMAC / CHINCHEROS + AYACUCHO / HUANTA + AYACUCHO / LA MAR + HUANCAVELICA / CHURCAMPA + JUNIN / HUANCAYO + JUNIN / SATIPO,bounded_vraem_province_subset,0,6,1097
prov_subset,vraem_prov_subset_0687,VRAEM provinces: APURIMAC / ANDAHUAYLAS + APURIMAC / CHINCHEROS + AYACUCHO / HUANTA + AYACUCHO / LA MAR + HUANCAVELICA / CHURCAMPA + JUNIN / HUANCAYO + JUNIN / SATIPO,bounded_vraem_province_subset,0,7,1190
prov_subset,vraem_prov_subset_0688,VRAEM provinces: CUSCO / LA CONVENCION + HUANCAVELICA / CHURCAMPA + JUNIN / HUANCAYO + JUNIN / SATIPO,bounded_vraem_province_subset,0,4,591
prov_subset,vraem_prov_subset_0689,VRAEM provinces: APURIMAC / ANDAHUAYLAS + CUSCO / LA CONVENCION + HUANCAVELICA / CHURCAMPA + JUNIN / HUANCAYO + JUNIN / SATIPO,bounded_vraem_province_subset,0,5,684
prov_subset,vraem_prov_subset_0690,VRAEM provinces: APURIMAC / CHINCHEROS + CUSCO / LA CONVENCION + HUANCAVELICA / CHURCAMPA + JUNIN / HUANCAYO + JUNIN / SATIPO,bounded_vraem_province_subset,0,5,669
prov_subset,vraem_prov_subset_0691,VRAEM provinces: APURIMAC / ANDAHUAYLAS + APURIMAC / CHINCHEROS + CUSCO / LA CONVENCION + HUANCAVELICA / CHURCAMPA + JUNIN / HUANCAYO + JUNIN / SATIPO,bounded_vraem_province_subset,0,6,762
prov_subset,vraem_prov_subset_0692,VRAEM provinces: AYACUCHO / HUANTA + CUSCO / LA CONVENCION + HUANCAVELICA / CHURCAMPA + JUNIN / HUANCAYO + JUNIN / SATIPO,bounded_vraem_province_subset,0,5,828
prov_subset,vraem_prov_subset_0693,VRAEM provinces: APURIMAC / ANDAHUAYLAS + AYACUCHO / HUANTA + CUSCO / LA CONVENCION + HUANCAVELICA / CHURCAMPA + JUNIN / HUANCAYO + JUNIN / SATIPO,bounded_vraem_province_subset,0,6,921
prov_subset,vraem_prov_subset_0694,VRAEM provinces: APURIMAC / CHINCHEROS + AYACUCHO / HUANTA + CUSCO / LA CONVENCION + HUANCAVELICA / CHURCAMPA + JUNIN / HUANCAYO + JUNIN / SATIPO,bounded_vraem_province_subset,0,6,906
prov_subset,vraem_prov_subset_0695,VRAEM provinces: APURIMAC / ANDAHUAYLAS + APURIMAC / CHINCHEROS + AYACUCHO / HUANTA + CUSCO / LA CONVENCION + HUANCAVELICA / CHURCAMPA + JUNIN / HUANCAYO + JUNIN / SATIPO,bounded_vraem_province_subset,0,7,999
prov_subset,vraem_prov_subset_0696,VRAEM provinces: AYACUCHO / LA MAR + CUSCO / LA CONVENCION + HUANCAVELICA / CHURCAMPA + JUNIN / HUANCAYO + JUNIN / SATIPO,bounded_vraem_province_subset,0,5,886
prov_subset,vraem_prov_subset_0697,VRAEM provinces: APURIMAC / ANDAHUAYLAS + AYACUCHO / LA MAR + CUSCO / LA CONVENCION + HUANCAVELICA / CHURCAMPA + JUNIN / HUANCAYO + JUNIN / SATIPO,bounded_vraem_province_subset,0,6,979
prov_subset,vraem_prov_subset_0698,VRAEM provinces: APURIMAC / CHINCHEROS + AYACUCHO / LA MAR + CUSCO / LA CONVENCION + HUANCAVELICA / CHURCAMPA + JUNIN / HUANCAYO + JUNIN / SATIPO,bounded_vraem_province_subset,0,6,964
prov_subset,vraem_prov_subset_0699,VRAEM provinces: APURIMAC / ANDAHUAYLAS + APURIMAC / CHINCHEROS + AYACUCHO / LA MAR + CUSCO / LA CONVENCION + HUANCAVELICA / CHURCAMPA + JUNIN / HUANCAYO + JUNIN / SATIPO,bounded_vraem_province_subset,0,7,1057
prov_subset,vraem_prov_subset_0700,VRAEM provinces: AYACUCHO / HUANTA + AYACUCHO / LA MAR + CUSCO / LA CONVENCION + HUANCAVELICA / CHURCAMPA + JUNIN / HUANCAYO + JUNIN / SATIPO,bounded_vraem_province_subset,0,6,1123
prov_subset,vraem_prov_subset_0701,VRAEM provinces: APURIMAC / ANDAHUAYLAS + AYACUCHO / HUANTA + AYACUCHO / LA MAR + CUSCO / LA CONVENCION + HUANCAVELICA / CHURCAMPA + JUNIN / HUANCAYO + JUNIN / SATIPO,bounded_vraem_province_subset,0,7,1216
prov_subset,vraem_prov_subset_0702,VRAEM provinces: APURIMAC / CHINCHEROS + AYACUCHO / HUANTA + AYACUCHO / LA MAR + CUSCO / LA CONVENCION + HUANCAVELICA / CHURCAMPA + JUNIN / HUANCAYO + JUNIN / SATIPO,bounded_vraem_province_subset,0,7,1201
prov_subset,vraem_prov_subset_0703,VRAEM provinces: APURIMAC / ANDAHUAYLAS + APURIMAC / CHINCHEROS + AYACUCHO / HUANTA + AYACUCHO / LA MAR + CUSCO / LA CONVENCION + HUANCAVELICA / CHURCAMPA + JUNIN / HUANCAYO + JUNIN / SATIPO,bounded_vraem_province_subset,0,8,1294
prov_subset,vraem_prov_subset_0704,VRAEM provinces: HUANCAVELICA / TAYACAJA + JUNIN / HUANCAYO + JUNIN / SATIPO,bounded_vraem_province_subset,0,3,427
prov_subset,vraem_prov_subset_0705,VRAEM provinces: APURIMAC / ANDAHUAYLAS + HUANCAVELICA / TAYACAJA + JUNIN / HUANCAYO + JUNIN / SATIPO,bounded_vraem_province_subset,0,4,520
prov_subset,vraem_prov_subset_0706,VRAEM provinces: APURIMAC / CHINCHEROS + HUANCAVELICA / TAYACAJA + JUNIN / HUANCAYO + JUNIN / SATIPO,bounded_vraem_province_subset,0,4,505
prov_subset,vraem_prov_subset_0707,VRAEM provinces: APURIMAC / ANDAHUAYLAS + APURIMAC / CHINCHEROS + HUANCAVELICA / TAYACAJA + JUNIN / HUANCAYO + JUNIN / SATIPO,bounded_vraem_province_subset,0,5,598
prov_subset,vraem_prov_subset_0708,VRAEM provinces: AYACUCHO / HUANTA + HUANCAVELICA / TAYACAJA + JUNIN / HUANCAYO + JUNIN / SATIPO,bounded_vraem_province_subset,0,4,664
prov_subset,vraem_prov_subset_0709,VRAEM provinces: APURIMAC / ANDAHUAYLAS + AYACUCHO / HUANTA + HUANCAVELICA / TAYACAJA + JUNIN / HUANCAYO + JUNIN / SATIPO,bounded_vraem_province_subset,0,5,757
prov_subset,vraem_prov_subset_0710,VRAEM provinces: APURIMAC / CHINCHEROS + AYACUCHO / HUANTA + HUANCAVELICA / TAYACAJA + JUNIN / HUANCAYO + JUNIN / SATIPO,bounded_vraem_province_subset,0,5,742
prov_subset,vraem_prov_subset_0711,VRAEM provinces: APURIMAC / ANDAHUAYLAS + APURIMAC / CHINCHEROS + AYACUCHO / HUANTA + HUANCAVELICA / TAYACAJA + JUNIN / HUANCAYO + JUNIN / SATIPO,bounded_vraem_province_subset,0,6,835
prov_subset,vraem_prov_subset_0712,VRAEM provinces: AYACUCHO / LA MAR + HUANCAVELICA / TAYACAJA + JUNIN / HUANCAYO + JUNIN / SATIPO,bounded_vraem_province_subset,0,4,722
prov_subset,vraem_prov_subset_0713,VRAEM provinces: APURIMAC / ANDAHUAYLAS + AYACUCHO / LA MAR + HUANCAVELICA / TAYACAJA + JUNIN / HUANCAYO + JUNIN / SATIPO,bounded_vraem_province_subset,0,5,815
prov_subset,vraem_prov_subset_0714,VRAEM provinces: APURIMAC / CHINCHEROS + AYACUCHO / LA MAR + HUANCAVELICA / TAYACAJA + JUNIN / HUANCAYO + JUNIN / SATIPO,bounded_vraem_province_subset,0,5,800
prov_subset,vraem_prov_subset_0715,VRAEM provinces: APURIMAC / ANDAHUAYLAS + APURIMAC / CHINCHEROS + AYACUCHO / LA MAR + HUANCAVELICA / TAYACAJA + JUNIN / HUANCAYO + JUNIN / SATIPO,bounded_vraem_province_subset,0,6,893
prov_subset,vraem_prov_subset_0716,VRAEM provinces: AYACUCHO / HUANTA + AYACUCHO / LA MAR + HUANCAVELICA / TAYACAJA + JUNIN / HUANCAYO + JUNIN / SATIPO,bounded_vraem_province_subset,0,5,959
prov_subset,vraem_prov_subset_0717,VRAEM provinces: APURIMAC / ANDAHUAYLAS + AYACUCHO / HUANTA + AYACUCHO / LA MAR + HUANCAVELICA / TAYACAJA + JUNIN / HUANCAYO + JUNIN / SATIPO,bounded_vraem_province_subset,0,6,1052
prov_subset,vraem_prov_subset_0718,VRAEM provinces: APURIMAC / CHINCHEROS + AYACUCHO / HUANTA + AYACUCHO / LA MAR + HUANCAVELICA / TAYACAJA + JUNIN / HUANCAYO + JUNIN / SATIPO,bounded_vraem_province_subset,0,6,1037
prov_subset,vraem_prov_subset_0719,VRAEM provinces: APURIMAC / ANDAHUAYLAS + APURIMAC / CHINCHEROS + AYACUCHO / HUANTA + AYACUCHO / LA MAR + HUANCAVELICA / TAYACAJA + JUNIN / HUANCAYO + JUNIN / SATIPO,bounded_vraem_province_subset,0,7,1130
prov_subset,vraem_prov_subset_0720,VRAEM provinces: CUSCO / LA CONVENCION + HUANCAVELICA / TAYACAJA + JUNIN / HUANCAYO + JUNIN / SATIPO,bounded_vraem_province_subset,0,4,531
prov_subset,vraem_prov_subset_0721,VRAEM provinces: APURIMAC / ANDAHUAYLAS + CUSCO / LA CONVENCION + HUANCAVELICA / TAYACAJA + JUNIN / HUANCAYO + JUNIN / SATIPO,bounded_vraem_province_subset,0,5,624
prov_subset,vraem_prov_subset_0722,VRAEM provinces: APURIMAC / CHINCHEROS + CUSCO / LA CONVENCION + HUANCAVELICA / TAYACAJA + JUNIN / HUANCAYO + JUNIN / SATIPO,bounded_vraem_province_subset,0,5,609
prov_subset,vraem_prov_subset_0723,VRAEM provinces: APURIMAC / ANDAHUAYLAS + APURIMAC / CHINCHEROS + CUSCO / LA CONVENCION + HUANCAVELICA / TAYACAJA + JUNIN / HUANCAYO + JUNIN / SATIPO,bounded_vraem_province_subset,0,6,702
prov_subset,vraem_prov_subset_0724,VRAEM provinces: AYACUCHO / HUANTA + CUSCO / LA CONVENCION + HUANCAVELICA / TAYACAJA + JUNIN / HUANCAYO + JUNIN / SATIPO,bounded_vraem_province_subset,0,5,768
prov_subset,vraem_prov_subset_0725,VRAEM provinces: APURIMAC / ANDAHUAYLAS + AYACUCHO / HUANTA + CUSCO / LA CONVENCION + HUANCAVELICA / TAYACAJA + JUNIN / HUANCAYO + JUNIN / SATIPO,bounded_vraem_province_subset,0,6,861
prov_subset,vraem_prov_subset_0726,VRAEM provinces: APURIMAC / CHINCHEROS + AYACUCHO / HUANTA + CUSCO / LA CONVENCION + HUANCAVELICA / TAYACAJA + JUNIN / HUANCAYO + JUNIN / SATIPO,bounded_vraem_province_subset,0,6,846
prov_subset,vraem_prov_subset_0727,VRAEM provinces: APURIMAC / ANDAHUAYLAS + APURIMAC / CHINCHEROS + AYACUCHO / HUANTA + CUSCO / LA CONVENCION + HUANCAVELICA / TAYACAJA + JUNIN / HUANCAYO + JUNIN / SATIPO,bounded_vraem_province_subset,0,7,939
prov_subset,vraem_prov_subset_0728,VRAEM provinces: AYACUCHO / LA MAR + CUSCO / LA CONVENCION + HUANCAVELICA / TAYACAJA + JUNIN / HUANCAYO + JUNIN / SATIPO,bounded_vraem_province_subset,0,5,826
prov_subset,vraem_prov_subset_0729,VRAEM provinces: APURIMAC / ANDAHUAYLAS + AYACUCHO / LA MAR + CUSCO / LA CONVENCION + HUANCAVELICA / TAYACAJA + JUNIN / HUANCAYO + JUNIN / SATIPO,bounded_vraem_province_subset,0,6,919
prov_subset,vraem_prov_subset_0730,VRAEM provinces: APURIMAC / CHINCHEROS + AYACUCHO / LA MAR + CUSCO / LA CONVENCION + HUANCAVELICA / TAYACAJA + JUNIN / HUANCAYO + JUNIN / SATIPO,bounded_vraem_province_subset,0,6,904
prov_subset,vraem_prov_subset_0731,VRAEM provinces: APURIMAC / ANDAHUAYLAS + APURIMAC / CHINCHEROS + AYACUCHO / LA MAR + CUSCO / LA CONVENCION + HUANCAVELICA / TAYACAJA + JUNIN / HUANCAYO + JUNIN / SATIPO,bounded_vraem_province_subset,0,7,997
prov_subset,vraem_prov_subset_0732,VRAEM provinces: AYACUCHO / HUANTA + AYACUCHO / LA MAR + CUSCO / LA CONVENCION + HUANCAVELICA / TAYACAJA + JUNIN / HUANCAYO + JUNIN / SATIPO,bounded_vraem_province_subset,0,6,1063
prov_subset,vraem_prov_subset_0733,VRAEM provinces: APURIMAC / ANDAHUAYLAS + AYACUCHO / HUANTA + AYACUCHO / LA MAR + CUSCO / LA CONVENCION + HUANCAVELICA / TAYACAJA + JUNIN / HUANCAYO + JUNIN / SATIPO,bounded_vraem_province_subset,0,7,1156
prov_subset,vraem_prov_subset_0734,VRAEM provinces: APURIMAC / CHINCHEROS + AYACUCHO / HUANTA + AYACUCHO / LA MAR + CUSCO / LA CONVENCION + HUANCAVELICA / TAYACAJA + JUNIN / HUANCAYO + JUNIN / SATIPO,bounded_vraem_province_subset,0,7,1141
prov_subset,vraem_prov_subset_0735,VRAEM provinces: APURIMAC / ANDAHUAYLAS + APURIMAC / CHINCHEROS + AYACUCHO / HUANTA + AYACUCHO / LA MAR + CUSCO / LA CONVENCION + HUANCAVELICA / TAYACAJA + JUNIN / HUANCAYO + JUNIN / SATIPO,bounded_vraem_province_subset,0,8,1234
prov_subset,vraem_prov_subset_0736,VRAEM provinces: HUANCAVELICA / CHURCAMPA + HUANCAVELICA / TAYACAJA + JUNIN / HUANCAYO + JUNIN / SATIPO,bounded_vraem_province_subset,0,4,534
prov_subset,vraem_prov_subset_0737,VRAEM provinces: APURIMAC / ANDAHUAYLAS + HUANCAVELICA / CHURCAMPA + HUANCAVELICA / TAYACAJA + JUNIN / HUANCAYO + JUNIN / SATIPO,bounded_vraem_province_subset,0,5,627
prov_subset,vraem_prov_subset_0738,VRAEM provinces: APURIMAC / CHINCHEROS + HUANCAVELICA / CHURCAMPA + HUANCAVELICA / TAYACAJA + JUNIN / HUANCAYO + JUNIN / SATIPO,bounded_vraem_province_subset,0,5,612
prov_subset,vraem_prov_subset_0739,VRAEM provinces: APURIMAC / ANDAHUAYLAS + APURIMAC / CHINCHEROS + HUANCAVELICA / CHURCAMPA + HUANCAVELICA / TAYACAJA + JUNIN / HUANCAYO + JUNIN / SATIPO,bounded_vraem_province_subset,0,6,705
prov_subset,vraem_prov_subset_0740,VRAEM provinces: AYACUCHO / HUANTA + HUANCAVELICA / CHURCAMPA + HUANCAVELICA / TAYACAJA + JUNIN / HUANCAYO + JUNIN / SATIPO,bounded_vraem_province_subset,0,5,771
prov_subset,vraem_prov_subset_0741,VRAEM provinces: APURIMAC / ANDAHUAYLAS + AYACUCHO / HUANTA + HUANCAVELICA / CHURCAMPA + HUANCAVELICA / TAYACAJA + JUNIN / HUANCAYO + JUNIN / SATIPO,bounded_vraem_province_subset,0,6,864
prov_subset,vraem_prov_subset_0742,VRAEM provinces: APURIMAC / CHINCHEROS + AYACUCHO / HUANTA + HUANCAVELICA / CHURCAMPA + HUANCAVELICA / TAYACAJA + JUNIN / HUANCAYO + JUNIN / SATIPO,bounded_vraem_province_subset,0,6,849
prov_subset,vraem_prov_subset_0743,VRAEM provinces: APURIMAC / ANDAHUAYLAS + APURIMAC / CHINCHEROS + AYACUCHO / HUANTA + HUANCAVELICA / CHURCAMPA + HUANCAVELICA / TAYACAJA + JUNIN / HUANCAYO + JUNIN / SATIPO,bounded_vraem_province_subset,0,7,942
prov_subset,vraem_prov_subset_0744,VRAEM provinces: AYACUCHO / LA MAR + HUANCAVELICA / CHURCAMPA + HUANCAVELICA / TAYACAJA + JUNIN / HUANCAYO + JUNIN / SATIPO,bounded_vraem_province_subset,0,5,829
prov_subset,vraem_prov_subset_0745,VRAEM provinces: APURIMAC / ANDAHUAYLAS + AYACUCHO / LA MAR + HUANCAVELICA / CHURCAMPA + HUANCAVELICA / TAYACAJA + JUNIN / HUANCAYO + JUNIN / SATIPO,bounded_vraem_province_subset,0,6,922
prov_subset,vraem_prov_subset_0746,VRAEM provinces: APURIMAC / CHINCHEROS + AYACUCHO / LA MAR + HUANCAVELICA / CHURCAMPA + HUANCAVELICA / TAYACAJA + JUNIN / HUANCAYO + JUNIN / SATIPO,bounded_vraem_province_subset,0,6,907
prov_subset,vraem_prov_subset_0747,VRAEM provinces: APURIMAC / ANDAHUAYLAS + APURIMAC / CHINCHEROS + AYACUCHO / LA MAR + HUANCAVELICA / CHURCAMPA + HUANCAVELICA / TAYACAJA + JUNIN / HUANCAYO + JUNIN / SATIPO,bounded_vraem_province_subset,0,7,1000
prov_subset,vraem_prov_subset_0748,VRAEM provinces: AYACUCHO / HUANTA + AYACUCHO / LA MAR + HUANCAVELICA / CHURCAMPA + HUANCAVELICA / TAYACAJA + JUNIN / HUANCAYO + JUNIN / SATIPO,bounded_vraem_province_subset,0,6,1066
prov_subset,vraem_prov_subset_0749,VRAEM provinces: APURIMAC / ANDAHUAYLAS + AYACUCHO / HUANTA + AYACUCHO / LA MAR + HUANCAVELICA / CHURCAMPA + HUANCAVELICA / TAYACAJA + JUNIN / HUANCAYO + JUNIN / SATIPO,bounded_vraem_province_subset,0,7,1159
prov_subset,vraem_prov_subset_0750,VRAEM provinces: APURIMAC / CHINCHEROS + AYACUCHO / HUANTA + AYACUCHO / LA MAR + HUANCAVELICA / CHURCAMPA + HUANCAVELICA / TAYACAJA + JUNIN / HUANCAYO + JUNIN / SATIPO,bounded_vraem_province_subset,0,7,1144
prov_subset,vraem_prov_subset_0751,VRAEM provinces: APURIMAC / ANDAHUAYLAS + APURIMAC / CHINCHEROS + AYACUCHO / HUANTA + AYACUCHO / LA MAR + HUANCAVELICA / CHURCAMPA + HUANCAVELICA / TAYACAJA + JUNIN / HUANCAYO + JUNIN / SATIPO,bounded_vraem_province_subset,0,8,1237
prov_subset,vraem_prov_subset_0752,VRAEM provinces: CUSCO / LA CONVENCION + HUANCAVELICA / CHURCAMPA + HUANCAVELICA / TAYACAJA + JUNIN / HUANCAYO + JUNIN / SATIPO,bounded_vraem_province_subset,0,5,638
prov_subset,vraem_prov_subset_0753,VRAEM provinces: APURIMAC / ANDAHUAYLAS + CUSCO / LA CONVENCION + HUANCAVELICA / CHURCAMPA + HUANCAVELICA / TAYACAJA + JUNIN / HUANCAYO + JUNIN / SATIPO,bounded_vraem_province_subset,0,6,731
prov_subset,vraem_prov_subset_0754,VRAEM provinces: APURIMAC / CHINCHEROS + CUSCO / LA CONVENCION + HUANCAVELICA / CHURCAMPA + HUANCAVELICA / TAYACAJA + JUNIN / HUANCAYO + JUNIN / SATIPO,bounded_vraem_province_subset,0,6,716
prov_subset,vraem_prov_subset_0755,VRAEM provinces: APURIMAC / ANDAHUAYLAS + APURIMAC / CHINCHEROS + CUSCO / LA CONVENCION + HUANCAVELICA / CHURCAMPA + HUANCAVELICA / TAYACAJA + JUNIN / HUANCAYO + JUNIN / SATIPO,bounded_vraem_province_subset,0,7,809
prov_subset,vraem_prov_subset_0756,VRAEM provinces: AYACUCHO / HUANTA + CUSCO / LA CONVENCION + HUANCAVELICA / CHURCAMPA + HUANCAVELICA / TAYACAJA + JUNIN / HUANCAYO + JUNIN / SATIPO,bounded_vraem_province_subset,0,6,875
prov_subset,vraem_prov_subset_0757,VRAEM provinces: APURIMAC / ANDAHUAYLAS + AYACUCHO / HUANTA + CUSCO / LA CONVENCION + HUANCAVELICA / CHURCAMPA + HUANCAVELICA / TAYACAJA + JUNIN / HUANCAYO + JUNIN / SATIPO,bounded_vraem_province_subset,0,7,968
prov_subset,vraem_prov_subset_0758,VRAEM provinces: APURIMAC / CHINCHEROS + AYACUCHO / HUANTA + CUSCO / LA CONVENCION + HUANCAVELICA / CHURCAMPA + HUANCAVELICA / TAYACAJA + JUNIN / HUANCAYO + JUNIN / SATIPO,bounded_vraem_province_subset,0,7,953
prov_subset,vraem_prov_subset_0759,VRAEM provinces: APURIMAC / ANDAHUAYLAS + APURIMAC / CHINCHEROS + AYACUCHO / HUANTA + CUSCO / LA CONVENCION + HUANCAVELICA / CHURCAMPA + HUANCAVELICA / TAYACAJA + JUNIN / HUANCAYO + JUNIN / SATIPO,bounded_vraem_province_subset,0,8,1046
prov_subset,vraem_prov_subset_0760,VRAEM provinces: AYACUCHO / LA MAR + CUSCO / LA CONVENCION + HUANCAVELICA / CHURCAMPA + HUANCAVELICA / TAYACAJA + JUNIN / HUANCAYO + JUNIN / SATIPO,bounded_vraem_province_subset,0,6,933
prov_subset,vraem_prov_subset_0761,VRAEM provinces: APURIMAC / ANDAHUAYLAS + AYACUCHO / LA MAR + CUSCO / LA CONVENCION + HUANCAVELICA / CHURCAMPA + HUANCAVELICA / TAYACAJA + JUNIN / HUANCAYO + JUNIN / SATIPO,bounded_vraem_province_subset,0,7,1026
prov_subset,vraem_prov_subset_0762,VRAEM provinces: APURIMAC / CHINCHEROS + AYACUCHO / LA MAR + CUSCO / LA CONVENCION + HUANCAVELICA / CHURCAMPA + HUANCAVELICA / TAYACAJA + JUNIN / HUANCAYO + JUNIN / SATIPO,bounded_vraem_province_subset,0,7,1011
prov_subset,vraem_prov_subset_0763,VRAEM provinces: APURIMAC / ANDAHUAYLAS + APURIMAC / CHINCHEROS + AYACUCHO / LA MAR + CUSCO / LA CONVENCION + HUANCAVELICA / CHURCAMPA + HUANCAVELICA / TAYACAJA + JUNIN / HUANCAYO + JUNIN / SATIPO,bounded_vraem_province_subset,0,8,1104
prov_subset,vraem_prov_subset_0764,VRAEM provinces: AYACUCHO / HUANTA + AYACUCHO / LA MAR + CUSCO / LA CONVENCION + HUANCAVELICA / CHURCAMPA + HUANCAVELICA / TAYACAJA + JUNIN / HUANCAYO + JUNIN / SATIPO,bounded_vraem_province_subset,0,7,1170
prov_subset,vraem_prov_subset_0765,VRAEM provinces: APURIMAC / ANDAHUAYLAS + AYACUCHO / HUANTA + AYACUCHO / LA MAR + CUSCO / LA CONVENCION + HUANCAVELICA / CHURCAMPA + HUANCAVELICA / TAYACAJA + JUNIN / HUANCAYO + JUNIN / SATIPO,bounded_vraem_province_subset,0,8,1263
prov_subset,vraem_prov_subset_0766,VRAEM provinces: APURIMAC / CHINCHEROS + AYACUCHO / HUANTA + AYACUCHO / LA MAR + CUSCO / LA CONVENCION + HUANCAVELICA / CHURCAMPA + HUANCAVELICA / TAYACAJA + JUNIN / HUANCAYO + JUNIN / SATIPO,bounded_vraem_province_subset,0,8,1248
prov_subset,vraem_prov_subset_0767,VRAEM provinces: APURIMAC / ANDAHUAYLAS + APURIMAC / CHINCHEROS + AYACUCHO / HUANTA + AYACUCHO / LA MAR + CUSCO / LA CONVENCION + HUANCAVELICA / CHURCAMPA + HUANCAVELICA / TAYACAJA + JUNIN / HUANCAYO + JUNIN / SATIPO,bounded_vraem_province_subset,0,9,1341
prov_subset,vraem_prov_subset_0768,VRAEM provinces: JUNIN / CONCEPCION + JUNIN / SATIPO,bounded_vraem_province_subset,0,2,342
prov_subset,vraem_prov_subset_0769,VRAEM provinces: APURIMAC / ANDAHUAYLAS + JUNIN / CONCEPCION + JUNIN / SATIPO,bounded_vraem_province_subset,0,3,435
prov_subset,vraem_prov_subset_0770,VRAEM provinces: APURIMAC / CHINCHEROS + JUNIN / CONCEPCION + JUNIN / SATIPO,bounded_vraem_province_subset,0,3,420
prov_subset,vraem_prov_subset_0771,VRAEM provinces: APURIMAC / ANDAHUAYLAS + APURIMAC / CHINCHEROS + JUNIN / CONCEPCION + JUNIN / SATIPO,bounded_vraem_province_subset,0,4,513
prov_subset,vraem_prov_subset_0772,VRAEM provinces: AYACUCHO / HUANTA + JUNIN / CONCEPCION + JUNIN / SATIPO,bounded_vraem_province_subset,0,3,579
prov_subset,vraem_prov_subset_0773,VRAEM provinces: APURIMAC / ANDAHUAYLAS + AYACUCHO / HUANTA + JUNIN / CONCEPCION + JUNIN / SATIPO,bounded_vraem_province_subset,0,4,672
prov_subset,vraem_prov_subset_0774,VRAEM provinces: APURIMAC / CHINCHEROS + AYACUCHO / HUANTA + JUNIN / CONCEPCION + JUNIN / SATIPO,bounded_vraem_province_subset,0,4,657
prov_subset,vraem_prov_subset_0775,VRAEM provinces: APURIMAC / ANDAHUAYLAS + APURIMAC / CHINCHEROS + AYACUCHO / HUANTA + JUNIN / CONCEPCION + JUNIN / SATIPO,bounded_vraem_province_subset,0,5,750
prov_subset,vraem_prov_subset_0776,VRAEM provinces: AYACUCHO / LA MAR + JUNIN / CONCEPCION + JUNIN / SATIPO,bounded_vraem_province_subset,0,3,637
prov_subset,vraem_prov_subset_0777,VRAEM provinces: APURIMAC / ANDAHUAYLAS + AYACUCHO / LA MAR + JUNIN / CONCEPCION + JUNIN / SATIPO,bounded_vraem_province_subset,0,4,730
prov_subset,vraem_prov_subset_0778,VRAEM provinces: APURIMAC / CHINCHEROS + AYACUCHO / LA MAR + JUNIN / CONCEPCION + JUNIN / SATIPO,bounded_vraem_province_subset,0,4,715
prov_subset,vraem_prov_subset_0779,VRAEM provinces: APURIMAC / ANDAHUAYLAS + APURIMAC / CHINCHEROS + AYACUCHO / LA MAR + JUNIN / CONCEPCION + JUNIN / SATIPO,bounded_vraem_province_subset,0,5,808
prov_subset,vraem_prov_subset_0780,VRAEM provinces: AYACUCHO / HUANTA + AYACUCHO / LA MAR + JUNIN / CONCEPCION + JUNIN / SATIPO,bounded_vraem_province_subset,0,4,874
prov_subset,vraem_prov_subset_0781,VRAEM provinces: APURIMAC / ANDAHUAYLAS + AYACUCHO / HUANTA + AYACUCHO / LA MAR + JUNIN / CONCEPCION + JUNIN / SATIPO,bounded_vraem_province_subset,0,5,967
prov_subset,vraem_prov_subset_0782,VRAEM provinces: APURIMAC / CHINCHEROS + AYACUCHO / HUANTA + AYACUCHO / LA MAR + JUNIN / CONCEPCION + JUNIN / SATIPO,bounded_vraem_province_subset,0,5,952
prov_subset,vraem_prov_subset_0783,VRAEM provinces: APURIMAC / ANDAHUAYLAS + APURIMAC / CHINCHEROS + AYACUCHO / HUANTA + AYACUCHO / LA MAR + JUNIN / CONCEPCION + JUNIN / SATIPO,bounded_vraem_province_subset,0,6,1045
prov_subset,vraem_prov_subset_0784,VRAEM provinces: CUSCO / LA CONVENCION + JUNIN / CONCEPCION + JUNIN / SATIPO,bounded_vraem_province_subset,0,3,446
prov_subset,vraem_prov_subset_0785,VRAEM provinces: APURIMAC / ANDAHUAYLAS + CUSCO / LA CONVENCION + JUNIN / CONCEPCION + JUNIN / SATIPO,bounded_vraem_province_subset,0,4,539
prov_subset,vraem_prov_subset_0786,VRAEM provinces: APURIMAC / CHINCHEROS + CUSCO / LA CONVENCION + JUNIN / CONCEPCION + JUNIN / SATIPO,bounded_vraem_province_subset,0,4,524
prov_subset,vraem_prov_subset_0787,VRAEM provinces: APURIMAC / ANDAHUAYLAS + APURIMAC / CHINCHEROS + CUSCO / LA CONVENCION + JUNIN / CONCEPCION + JUNIN / SATIPO,bounded_vraem_province_subset,0,5,617
prov_subset,vraem_prov_subset_0788,VRAEM provinces: AYACUCHO / HUANTA + CUSCO / LA CONVENCION + JUNIN / CONCEPCION + JUNIN / SATIPO,bounded_vraem_province_subset,0,4,683
prov_subset,vraem_prov_subset_0789,VRAEM provinces: APURIMAC / ANDAHUAYLAS + AYACUCHO / HUANTA + CUSCO / LA CONVENCION + JUNIN / CONCEPCION + JUNIN / SATIPO,bounded_vraem_province_subset,0,5,776
prov_subset,vraem_prov_subset_0790,VRAEM provinces: APURIMAC / CHINCHEROS + AYACUCHO / HUANTA + CUSCO / LA CONVENCION + JUNIN / CONCEPCION + JUNIN / SATIPO,bounded_vraem_province_subset,0,5,761
prov_subset,vraem_prov_subset_0791,VRAEM provinces: APURIMAC / ANDAHUAYLAS + APURIMAC / CHINCHEROS + AYACUCHO / HUANTA + CUSCO / LA CONVENCION + JUNIN / CONCEPCION + JUNIN / SATIPO,bounded_vraem_province_subset,0,6,854
prov_subset,vraem_prov_subset_0792,VRAEM provinces: AYACUCHO / LA MAR + CUSCO / LA CONVENCION + JUNIN / CONCEPCION + JUNIN / SATIPO,bounded_vraem_province_subset,0,4,741
prov_subset,vraem_prov_subset_0793,VRAEM provinces: APURIMAC / ANDAHUAYLAS + AYACUCHO / LA MAR + CUSCO / LA CONVENCION + JUNIN / CONCEPCION + JUNIN / SATIPO,bounded_vraem_province_subset,0,5,834
prov_subset,vraem_prov_subset_0794,VRAEM provinces: APURIMAC / CHINCHEROS + AYACUCHO / LA MAR + CUSCO / LA CONVENCION + JUNIN / CONCEPCION + JUNIN / SATIPO,bounded_vraem_province_subset,0,5,819
prov_subset,vraem_prov_subset_0795,VRAEM provinces: APURIMAC / ANDAHUAYLAS + APURIMAC / CHINCHEROS + AYACUCHO / LA MAR + CUSCO / LA CONVENCION + JUNIN / CONCEPCION + JUNIN / SATIPO,bounded_vraem_province_subset,0,6,912
prov_subset,vraem_prov_subset_0796,VRAEM provinces: AYACUCHO / HUANTA + AYACUCHO / LA MAR + CUSCO / LA CONVENCION + JUNIN / CONCEPCION + JUNIN / SATIPO,bounded_vraem_province_subset,0,5,978
prov_subset,vraem_prov_subset_0797,VRAEM provinces: APURIMAC / ANDAHUAYLAS + AYACUCHO / HUANTA + AYACUCHO / LA MAR + CUSCO / LA CONVENCION + JUNIN / CONCEPCION + JUNIN / SATIPO,bounded_vraem_province_subset,0,6,1071
prov_subset,vraem_prov_subset_0798,VRAEM provinces: APURIMAC / CHINCHEROS + AYACUCHO / HUANTA + AYACUCHO / LA MAR + CUSCO / LA CONVENCION + JUNIN / CONCEPCION + JUNIN / SATIPO,bounded_vraem_province_subset,0,6,1056
prov_subset,vraem_prov_subset_0799,VRAEM provinces: APURIMAC / ANDAHUAYLAS + APURIMAC / CHINCHEROS + AYACUCHO / HUANTA + AYACUCHO / LA MAR + CUSCO / LA CONVENCION + JUNIN / CONCEPCION + JUNIN / SATIPO,bounded_vraem_province_subset,0,7,1149
prov_subset,vraem_prov_subset_0800,VRAEM provinces: HUANCAVELICA / CHURCAMPA + JUNIN / CONCEPCION + JUNIN / SATIPO,bounded_vraem_province_subset,0,3,449
prov_subset,vraem_prov_subset_0801,VRAEM provinces: APURIMAC / ANDAHUAYLAS + HUANCAVELICA / CHURCAMPA + JUNIN / CONCEPCION + JUNIN / SATIPO,bounded_vraem_province_subset,0,4,542
prov_subset,vraem_prov_subset_0802,VRAEM provinces: APURIMAC / CHINCHEROS + HUANCAVELICA / CHURCAMPA + JUNIN / CONCEPCION + JUNIN / SATIPO,bounded_vraem_province_subset,0,4,527
prov_subset,vraem_prov_subset_0803,VRAEM provinces: APURIMAC / ANDAHUAYLAS + APURIMAC / CHINCHEROS + HUANCAVELICA / CHURCAMPA + JUNIN / CONCEPCION + JUNIN / SATIPO,bounded_vraem_province_subset,0,5,620
prov_subset,vraem_prov_subset_0804,VRAEM provinces: AYACUCHO / HUANTA + HUANCAVELICA / CHURCAMPA + JUNIN / CONCEPCION + JUNIN / SATIPO,bounded_vraem_province_subset,0,4,686
prov_subset,vraem_prov_subset_0805,VRAEM provinces: APURIMAC / ANDAHUAYLAS + AYACUCHO / HUANTA + HUANCAVELICA / CHURCAMPA + JUNIN / CONCEPCION + JUNIN / SATIPO,bounded_vraem_province_subset,0,5,779
prov_subset,vraem_prov_subset_0806,VRAEM provinces: APURIMAC / CHINCHEROS + AYACUCHO / HUANTA + HUANCAVELICA / CHURCAMPA + JUNIN / CONCEPCION + JUNIN / SATIPO,bounded_vraem_province_subset,0,5,764
prov_subset,vraem_prov_subset_0807,VRAEM provinces: APURIMAC / ANDAHUAYLAS + APURIMAC / CHINCHEROS + AYACUCHO / HUANTA + HUANCAVELICA / CHURCAMPA + JUNIN / CONCEPCION + JUNIN / SATIPO,bounded_vraem_province_subset,0,6,857
prov_subset,vraem_prov_subset_0808,VRAEM provinces: AYACUCHO / LA MAR + HUANCAVELICA / CHURCAMPA + JUNIN / CONCEPCION + JUNIN / SATIPO,bounded_vraem_province_subset,0,4,744
prov_subset,vraem_prov_subset_0809,VRAEM provinces: APURIMAC / ANDAHUAYLAS + AYACUCHO / LA MAR + HUANCAVELICA / CHURCAMPA + JUNIN / CONCEPCION + JUNIN / SATIPO,bounded_vraem_province_subset,0,5,837
prov_subset,vraem_prov_subset_0810,VRAEM provinces: APURIMAC / CHINCHEROS + AYACUCHO / LA MAR + HUANCAVELICA / CHURCAMPA + JUNIN / CONCEPCION + JUNIN / SATIPO,bounded_vraem_province_subset,0,5,822
prov_subset,vraem_prov_subset_0811,VRAEM provinces: APURIMAC / ANDAHUAYLAS + APURIMAC / CHINCHEROS + AYACUCHO / LA MAR + HUANCAVELICA / CHURCAMPA + JUNIN / CONCEPCION + JUNIN / SATIPO,bounded_vraem_province_subset,0,6,915
prov_subset,vraem_prov_subset_0812,VRAEM provinces: AYACUCHO / HUANTA + AYACUCHO / LA MAR + HUANCAVELICA / CHURCAMPA + JUNIN / CONCEPCION + JUNIN / SATIPO,bounded_vraem_province_subset,0,5,981
prov_subset,vraem_prov_subset_0813,VRAEM provinces: APURIMAC / ANDAHUAYLAS + AYACUCHO / HUANTA + AYACUCHO / LA MAR + HUANCAVELICA / CHURCAMPA + JUNIN / CONCEPCION + JUNIN / SATIPO,bounded_vraem_province_subset,0,6,1074
prov_subset,vraem_prov_subset_0814,VRAEM provinces: APURIMAC / CHINCHEROS + AYACUCHO / HUANTA + AYACUCHO / LA MAR + HUANCAVELICA / CHURCAMPA + JUNIN / CONCEPCION + JUNIN / SATIPO,bounded_vraem_province_subset,0,6,1059
prov_subset,vraem_prov_subset_0815,VRAEM provinces: APURIMAC / ANDAHUAYLAS + APURIMAC / CHINCHEROS + AYACUCHO / HUANTA + AYACUCHO / LA MAR + HUANCAVELICA / CHURCAMPA + JUNIN / CONCEPCION + JUNIN / SATIPO,bounded_vraem_province_subset,0,7,1152
prov_subset,vraem_prov_subset_0816,VRAEM provinces: CUSCO / LA CONVENCION + HUANCAVELICA / CHURCAMPA + JUNIN / CONCEPCION + JUNIN / SATIPO,bounded_vraem_province_subset,0,4,553
prov_subset,vraem_prov_subset_0817,VRAEM provinces: APURIMAC / ANDAHUAYLAS + CUSCO / LA CONVENCION + HUANCAVELICA / CHURCAMPA + JUNIN / CONCEPCION + JUNIN / SATIPO,bounded_vraem_province_subset,0,5,646
prov_subset,vraem_prov_subset_0818,VRAEM provinces: APURIMAC / CHINCHEROS + CUSCO / LA CONVENCION + HUANCAVELICA / CHURCAMPA + JUNIN / CONCEPCION + JUNIN / SATIPO,bounded_vraem_province_subset,0,5,631
prov_subset,vraem_prov_subset_0819,VRAEM provinces: APURIMAC / ANDAHUAYLAS + APURIMAC / CHINCHEROS + CUSCO / LA CONVENCION + HUANCAVELICA / CHURCAMPA + JUNIN / CONCEPCION + JUNIN / SATIPO,bounded_vraem_province_subset,0,6,724
prov_subset,vraem_prov_subset_0820,VRAEM provinces: AYACUCHO / HUANTA + CUSCO / LA CONVENCION + HUANCAVELICA / CHURCAMPA + JUNIN / CONCEPCION + JUNIN / SATIPO,bounded_vraem_province_subset,0,5,790
prov_subset,vraem_prov_subset_0821,VRAEM provinces: APURIMAC / ANDAHUAYLAS + AYACUCHO / HUANTA + CUSCO / LA CONVENCION + HUANCAVELICA / CHURCAMPA + JUNIN / CONCEPCION + JUNIN / SATIPO,bounded_vraem_province_subset,0,6,883
prov_subset,vraem_prov_subset_0822,VRAEM provinces: APURIMAC / CHINCHEROS + AYACUCHO / HUANTA + CUSCO / LA CONVENCION + HUANCAVELICA / CHURCAMPA + JUNIN / CONCEPCION + JUNIN / SATIPO,bounded_vraem_province_subset,0,6,868
prov_subset,vraem_prov_subset_0823,VRAEM provinces: APURIMAC / ANDAHUAYLAS + APURIMAC / CHINCHEROS + AYACUCHO / HUANTA + CUSCO / LA CONVENCION + HUANCAVELICA / CHURCAMPA + JUNIN / CONCEPCION + JUNIN / SATIPO,bounded_vraem_province_subset,0,7,961
prov_subset,vraem_prov_subset_0824,VRAEM provinces: AYACUCHO / LA MAR + CUSCO / LA CONVENCION + HUANCAVELICA / CHURCAMPA + JUNIN / CONCEPCION + JUNIN / SATIPO,bounded_vraem_province_subset,0,5,848
prov_subset,vraem_prov_subset_0825,VRAEM provinces: APURIMAC / ANDAHUAYLAS + AYACUCHO / LA MAR + CUSCO / LA CONVENCION + HUANCAVELICA / CHURCAMPA + JUNIN / CONCEPCION + JUNIN / SATIPO,bounded_vraem_province_subset,0,6,941
prov_subset,vraem_prov_subset_0826,VRAEM provinces: APURIMAC / CHINCHEROS + AYACUCHO / LA MAR + CUSCO / LA CONVENCION + HUANCAVELICA / CHURCAMPA + JUNIN / CONCEPCION + JUNIN / SATIPO,bounded_vraem_province_subset,0,6,926
prov_subset,vraem_prov_subset_0827,VRAEM provinces: APURIMAC / ANDAHUAYLAS + APURIMAC / CHINCHEROS + AYACUCHO / LA MAR + CUSCO / LA CONVENCION + HUANCAVELICA / CHURCAMPA + JUNIN / CONCEPCION + JUNIN / SATIPO,bounded_vraem_province_subset,0,7,1019
prov_subset,vraem_prov_subset_0828,VRAEM provinces: AYACUCHO / HUANTA + AYACUCHO / LA MAR + CUSCO / LA CONVENCION + HUANCAVELICA / CHURCAMPA + JUNIN / CONCEPCION + JUNIN / SATIPO,bounded_vraem_province_subset,0,6,1085
prov_subset,vraem_prov_subset_0829,VRAEM provinces: APURIMAC / ANDAHUAYLAS + AYACUCHO / HUANTA + AYACUCHO / LA MAR + CUSCO / LA CONVENCION + HUANCAVELICA / CHURCAMPA + JUNIN / CONCEPCION + JUNIN / SATIPO,bounded_vraem_province_subset,0,7,1178
prov_subset,vraem_prov_subset_0830,VRAEM provinces: APURIMAC / CHINCHEROS + AYACUCHO / HUANTA + AYACUCHO / LA MAR + CUSCO / LA CONVENCION + HUANCAVELICA / CHURCAMPA + JUNIN / CONCEPCION + JUNIN / SATIPO,bounded_vraem_province_subset,0,7,1163
prov_subset,vraem_prov_subset_0831,VRAEM provinces: APURIMAC / ANDAHUAYLAS + APURIMAC / CHINCHEROS + AYACUCHO / HUANTA + AYACUCHO / LA MAR + CUSCO / LA CONVENCION + HUANCAVELICA / CHURCAMPA + JUNIN / CONCEPCION + JUNIN / SATIPO,bounded_vraem_province_subset,0,8,1256
prov_subset,vraem_prov_subset_0832,VRAEM provinces: HUANCAVELICA / TAYACAJA + JUNIN / CONCEPCION + JUNIN / SATIPO,bounded_vraem_province_subset,0,3,389
prov_subset,vraem_prov_subset_0833,VRAEM provinces: APURIMAC / ANDAHUAYLAS + HUANCAVELICA / TAYACAJA + JUNIN / CONCEPCION + JUNIN / SATIPO,bounded_vraem_province_subset,0,4,482
prov_subset,vraem_prov_subset_0834,VRAEM provinces: APURIMAC / CHINCHEROS + HUANCAVELICA / TAYACAJA + JUNIN / CONCEPCION + JUNIN / SATIPO,bounded_vraem_province_subset,0,4,467
prov_subset,vraem_prov_subset_0835,VRAEM provinces: APURIMAC / ANDAHUAYLAS + APURIMAC / CHINCHEROS + HUANCAVELICA / TAYACAJA + JUNIN / CONCEPCION + JUNIN / SATIPO,bounded_vraem_province_subset,0,5,560
prov_subset,vraem_prov_subset_0836,VRAEM provinces: AYACUCHO / HUANTA + HUANCAVELICA / TAYACAJA + JUNIN / CONCEPCION + JUNIN / SATIPO,bounded_vraem_province_subset,0,4,626
prov_subset,vraem_prov_subset_0837,VRAEM provinces: APURIMAC / ANDAHUAYLAS + AYACUCHO / HUANTA + HUANCAVELICA / TAYACAJA + JUNIN / CONCEPCION + JUNIN / SATIPO,bounded_vraem_province_subset,0,5,719
prov_subset,vraem_prov_subset_0838,VRAEM provinces: APURIMAC / CHINCHEROS + AYACUCHO / HUANTA + HUANCAVELICA / TAYACAJA + JUNIN / CONCEPCION + JUNIN / SATIPO,bounded_vraem_province_subset,0,5,704
prov_subset,vraem_prov_subset_0839,VRAEM provinces: APURIMAC / ANDAHUAYLAS + APURIMAC / CHINCHEROS + AYACUCHO / HUANTA + HUANCAVELICA / TAYACAJA + JUNIN / CONCEPCION + JUNIN / SATIPO,bounded_vraem_province_subset,0,6,797
prov_subset,vraem_prov_subset_0840,VRAEM provinces: AYACUCHO / LA MAR + HUANCAVELICA / TAYACAJA + JUNIN / CONCEPCION + JUNIN / SATIPO,bounded_vraem_province_subset,0,4,684
prov_subset,vraem_prov_subset_0841,VRAEM provinces: APURIMAC / ANDAHUAYLAS + AYACUCHO / LA MAR + HUANCAVELICA / TAYACAJA + JUNIN / CONCEPCION + JUNIN / SATIPO,bounded_vraem_province_subset,0,5,777
prov_subset,vraem_prov_subset_0842,VRAEM provinces: APURIMAC / CHINCHEROS + AYACUCHO / LA MAR + HUANCAVELICA / TAYACAJA + JUNIN / CONCEPCION + JUNIN / SATIPO,bounded_vraem_province_subset,0,5,762
prov_subset,vraem_prov_subset_0843,VRAEM provinces: APURIMAC / ANDAHUAYLAS + APURIMAC / CHINCHEROS + AYACUCHO / LA MAR + HUANCAVELICA / TAYACAJA + JUNIN / CONCEPCION + JUNIN / SATIPO,bounded_vraem_province_subset,0,6,855
prov_subset,vraem_prov_subset_0844,VRAEM provinces: AYACUCHO / HUANTA + AYACUCHO / LA MAR + HUANCAVELICA / TAYACAJA + JUNIN / CONCEPCION + JUNIN / SATIPO,bounded_vraem_province_subset,0,5,921
prov_subset,vraem_prov_subset_0845,VRAEM provinces: APURIMAC / ANDAHUAYLAS + AYACUCHO / HUANTA + AYACUCHO / LA MAR + HUANCAVELICA / TAYACAJA + JUNIN / CONCEPCION + JUNIN / SATIPO,bounded_vraem_province_subset,0,6,1014
prov_subset,vraem_prov_subset_0846,VRAEM provinces: APURIMAC / CHINCHEROS + AYACUCHO / HUANTA + AYACUCHO / LA MAR + HUANCAVELICA / TAYACAJA + JUNIN / CONCEPCION + JUNIN / SATIPO,bounded_vraem_province_subset,0,6,999
prov_subset,vraem_prov_subset_0847,VRAEM provinces: APURIMAC / ANDAHUAYLAS + APURIMAC / CHINCHEROS + AYACUCHO / HUANTA + AYACUCHO / LA MAR + HUANCAVELICA / TAYACAJA + JUNIN / CONCEPCION + JUNIN / SATIPO,bounded_vraem_province_subset,0,7,1092
prov_subset,vraem_prov_subset_0848,VRAEM provinces: CUSCO / LA CONVENCION + HUANCAVELICA / TAYACAJA + JUNIN / CONCEPCION + JUNIN / SATIPO,bounded_vraem_province_subset,0,4,493
prov_subset,vraem_prov_subset_0849,VRAEM provinces: APURIMAC / ANDAHUAYLAS + CUSCO / LA CONVENCION + HUANCAVELICA / TAYACAJA + JUNIN / CONCEPCION + JUNIN / SATIPO,bounded_vraem_province_subset,0,5,586
prov_subset,vraem_prov_subset_0850,VRAEM provinces: APURIMAC / CHINCHEROS + CUSCO / LA CONVENCION + HUANCAVELICA / TAYACAJA + JUNIN / CONCEPCION + JUNIN / SATIPO,bounded_vraem_province_subset,0,5,571
prov_subset,vraem_prov_subset_0851,VRAEM provinces: APURIMAC / ANDAHUAYLAS + APURIMAC / CHINCHEROS + CUSCO / LA CONVENCION + HUANCAVELICA / TAYACAJA + JUNIN / CONCEPCION + JUNIN / SATIPO,bounded_vraem_province_subset,0,6,664
prov_subset,vraem_prov_subset_0852,VRAEM provinces: AYACUCHO / HUANTA + CUSCO / LA CONVENCION + HUANCAVELICA / TAYACAJA + JUNIN / CONCEPCION + JUNIN / SATIPO,bounded_vraem_province_subset,0,5,730
prov_subset,vraem_prov_subset_0853,VRAEM provinces: APURIMAC / ANDAHUAYLAS + AYACUCHO / HUANTA + CUSCO / LA CONVENCION + HUANCAVELICA / TAYACAJA + JUNIN / CONCEPCION + JUNIN / SATIPO,bounded_vraem_province_subset,0,6,823
prov_subset,vraem_prov_subset_0854,VRAEM provinces: APURIMAC / CHINCHEROS + AYACUCHO / HUANTA + CUSCO / LA CONVENCION + HUANCAVELICA / TAYACAJA + JUNIN / CONCEPCION + JUNIN / SATIPO,bounded_vraem_province_subset,0,6,808
prov_subset,vraem_prov_subset_0855,VRAEM provinces: APURIMAC / ANDAHUAYLAS + APURIMAC / CHINCHEROS + AYACUCHO / HUANTA + CUSCO / LA CONVENCION + HUANCAVELICA / TAYACAJA + JUNIN / CONCEPCION + JUNIN / SATIPO,bounded_vraem_province_subset,0,7,901
prov_subset,vraem_prov_subset_0856,VRAEM provinces: AYACUCHO / LA MAR + CUSCO / LA CONVENCION + HUANCAVELICA / TAYACAJA + JUNIN / CONCEPCION + JUNIN / SATIPO,bounded_vraem_province_subset,0,5,788
prov_subset,vraem_prov_subset_0857,VRAEM provinces: APURIMAC / ANDAHUAYLAS + AYACUCHO / LA MAR + CUSCO / LA CONVENCION + HUANCAVELICA / TAYACAJA + JUNIN / CONCEPCION + JUNIN / SATIPO,bounded_vraem_province_subset,0,6,881
prov_subset,vraem_prov_subset_0858,VRAEM provinces: APURIMAC / CHINCHEROS + AYACUCHO / LA MAR + CUSCO / LA CONVENCION + HUANCAVELICA / TAYACAJA + JUNIN / CONCEPCION + JUNIN / SATIPO,bounded_vraem_province_subset,0,6,866
prov_subset,vraem_prov_subset_0859,VRAEM provinces: APURIMAC / ANDAHUAYLAS + APURIMAC / CHINCHEROS + AYACUCHO / LA MAR + CUSCO / LA CONVENCION + HUANCAVELICA / TAYACAJA + JUNIN / CONCEPCION + JUNIN / SATIPO,bounded_vraem_province_subset,0,7,959
prov_subset,vraem_prov_subset_0860,VRAEM provinces: AYACUCHO / HUANTA + AYACUCHO / LA MAR + CUSCO / LA CONVENCION + HUANCAVELICA / TAYACAJA + JUNIN / CONCEPCION + JUNIN / SATIPO,bounded_vraem_province_subset,0,6,1025
prov_subset,vraem_prov_subset_0861,VRAEM provinces: APURIMAC / ANDAHUAYLAS + AYACUCHO / HUANTA + AYACUCHO / LA MAR + CUSCO / LA CONVENCION + HUANCAVELICA / TAYACAJA + JUNIN / CONCEPCION + JUNIN / SATIPO,bounded_vraem_province_subset,0,7,1118
prov_subset,vraem_prov_subset_0862,VRAEM provinces: APURIMAC / CHINCHEROS + AYACUCHO / HUANTA + AYACUCHO / LA MAR + CUSCO / LA CONVENCION + HUANCAVELICA / TAYACAJA + JUNIN / CONCEPCION + JUNIN / SATIPO,bounded_vraem_province_subset,0,7,1103
prov_subset,vraem_prov_subset_0863,VRAEM provinces: APURIMAC / ANDAHUAYLAS + APURIMAC / CHINCHEROS + AYACUCHO / HUANTA + AYACUCHO / LA MAR + CUSCO / LA CONVENCION + HUANCAVELICA / TAYACAJA + JUNIN / CONCEPCION + JUNIN / SATIPO,bounded_vraem_province_subset,0,8,1196
prov_subset,vraem_prov_subset_0864,VRAEM provinces: HUANCAVELICA / CHURCAMPA + HUANCAVELICA / TAYACAJA + JUNIN / CONCEPCION + JUNIN / SATIPO,bounded_vraem_province_subset,0,4,496
prov_subset,vraem_prov_subset_0865,VRAEM provinces: APURIMAC / ANDAHUAYLAS + HUANCAVELICA / CHURCAMPA + HUANCAVELICA / TAYACAJA + JUNIN / CONCEPCION + JUNIN / SATIPO,bounded_vraem_province_subset,0,5,589
prov_subset,vraem_prov_subset_0866,VRAEM provinces: APURIMAC / CHINCHEROS + HUANCAVELICA / CHURCAMPA + HUANCAVELICA / TAYACAJA + JUNIN / CONCEPCION + JUNIN / SATIPO,bounded_vraem_province_subset,0,5,574
prov_subset,vraem_prov_subset_0867,VRAEM provinces: APURIMAC / ANDAHUAYLAS + APURIMAC / CHINCHEROS + HUANCAVELICA / CHURCAMPA + HUANCAVELICA / TAYACAJA + JUNIN / CONCEPCION + JUNIN / SATIPO,bounded_vraem_province_subset,0,6,667
prov_subset,vraem_prov_subset_0868,VRAEM provinces: AYACUCHO / HUANTA + HUANCAVELICA / CHURCAMPA + HUANCAVELICA / TAYACAJA + JUNIN / CONCEPCION + JUNIN / SATIPO,bounded_vraem_province_subset,0,5,733
prov_subset,vraem_prov_subset_0869,VRAEM provinces: APURIMAC / ANDAHUAYLAS + AYACUCHO / HUANTA + HUANCAVELICA / CHURCAMPA + HUANCAVELICA / TAYACAJA + JUNIN / CONCEPCION + JUNIN / SATIPO,bounded_vraem_province_subset,0,6,826
prov_subset,vraem_prov_subset_0870,VRAEM provinces: APURIMAC / CHINCHEROS + AYACUCHO / HUANTA + HUANCAVELICA / CHURCAMPA + HUANCAVELICA / TAYACAJA + JUNIN / CONCEPCION + JUNIN / SATIPO,bounded_vraem_province_subset,0,6,811
prov_subset,vraem_prov_subset_0871,VRAEM provinces: APURIMAC / ANDAHUAYLAS + APURIMAC / CHINCHEROS + AYACUCHO / HUANTA + HUANCAVELICA / CHURCAMPA + HUANCAVELICA / TAYACAJA + JUNIN / CONCEPCION + JUNIN / SATIPO,bounded_vraem_province_subset,0,7,904
prov_subset,vraem_prov_subset_0872,VRAEM provinces: AYACUCHO / LA MAR + HUANCAVELICA / CHURCAMPA + HUANCAVELICA / TAYACAJA + JUNIN / CONCEPCION + JUNIN / SATIPO,bounded_vraem_province_subset,0,5,791
prov_subset,vraem_prov_subset_0873,VRAEM provinces: APURIMAC / ANDAHUAYLAS + AYACUCHO / LA MAR + HUANCAVELICA / CHURCAMPA + HUANCAVELICA / TAYACAJA + JUNIN / CONCEPCION + JUNIN / SATIPO,bounded_vraem_province_subset,0,6,884
prov_subset,vraem_prov_subset_0874,VRAEM provinces: APURIMAC / CHINCHEROS + AYACUCHO / LA MAR + HUANCAVELICA / CHURCAMPA + HUANCAVELICA / TAYACAJA + JUNIN / CONCEPCION + JUNIN / SATIPO,bounded_vraem_province_subset,0,6,869
prov_subset,vraem_prov_subset_0875,VRAEM provinces: APURIMAC / ANDAHUAYLAS + APURIMAC / CHINCHEROS + AYACUCHO / LA MAR + HUANCAVELICA / CHURCAMPA + HUANCAVELICA / TAYACAJA + JUNIN / CONCEPCION + JUNIN / SATIPO,bounded_vraem_province_subset,0,7,962
prov_subset,vraem_prov_subset_0876,VRAEM provinces: AYACUCHO / HUANTA + AYACUCHO / LA MAR + HUANCAVELICA / CHURCAMPA + HUANCAVELICA / TAYACAJA + JUNIN / CONCEPCION + JUNIN / SATIPO,bounded_vraem_province_subset,0,6,1028
prov_subset,vraem_prov_subset_0877,VRAEM provinces: APURIMAC / ANDAHUAYLAS + AYACUCHO / HUANTA + AYACUCHO / LA MAR + HUANCAVELICA / CHURCAMPA + HUANCAVELICA / TAYACAJA + JUNIN / CONCEPCION + JUNIN / SATIPO,bounded_vraem_province_subset,0,7,1121
prov_subset,vraem_prov_subset_0878,VRAEM provinces: APURIMAC / CHINCHEROS + AYACUCHO / HUANTA + AYACUCHO / LA MAR + HUANCAVELICA / CHURCAMPA + HUANCAVELICA / TAYACAJA + JUNIN / CONCEPCION + JUNIN / SATIPO,bounded_vraem_province_subset,0,7,1106
prov_subset,vraem_prov_subset_0879,VRAEM provinces: APURIMAC / ANDAHUAYLAS + APURIMAC / CHINCHEROS + AYACUCHO / HUANTA + AYACUCHO / LA MAR + HUANCAVELICA / CHURCAMPA + HUANCAVELICA / TAYACAJA + JUNIN / CONCEPCION + JUNIN / SATIPO,bounded_vraem_province_subset,0,8,1199
prov_subset,vraem_prov_subset_0880,VRAEM provinces: CUSCO / LA CONVENCION + HUANCAVELICA / CHURCAMPA + HUANCAVELICA / TAYACAJA + JUNIN / CONCEPCION + JUNIN / SATIPO,bounded_vraem_province_subset,0,5,600
prov_subset,vraem_prov_subset_0881,VRAEM provinces: APURIMAC / ANDAHUAYLAS + CUSCO / LA CONVENCION + HUANCAVELICA / CHURCAMPA + HUANCAVELICA / TAYACAJA + JUNIN / CONCEPCION + JUNIN / SATIPO,bounded_vraem_province_subset,0,6,693
prov_subset,vraem_prov_subset_0882,VRAEM provinces: APURIMAC / CHINCHEROS + CUSCO / LA CONVENCION + HUANCAVELICA / CHURCAMPA + HUANCAVELICA / TAYACAJA + JUNIN / CONCEPCION + JUNIN / SATIPO,bounded_vraem_province_subset,0,6,678
prov_subset,vraem_prov_subset_0883,VRAEM provinces: APURIMAC / ANDAHUAYLAS + APURIMAC / CHINCHEROS + CUSCO / LA CONVENCION + HUANCAVELICA / CHURCAMPA + HUANCAVELICA / TAYACAJA + JUNIN / CONCEPCION + JUNIN / SATIPO,bounded_vraem_province_subset,0,7,771
prov_subset,vraem_prov_subset_0884,VRAEM provinces: AYACUCHO / HUANTA + CUSCO / LA CONVENCION + HUANCAVELICA / CHURCAMPA + HUANCAVELICA / TAYACAJA + JUNIN / CONCEPCION + JUNIN / SATIPO,bounded_vraem_province_subset,0,6,837
prov_subset,vraem_prov_subset_0885,VRAEM provinces: APURIMAC / ANDAHUAYLAS + AYACUCHO / HUANTA + CUSCO / LA CONVENCION + HUANCAVELICA / CHURCAMPA + HUANCAVELICA / TAYACAJA + JUNIN / CONCEPCION + JUNIN / SATIPO,bounded_vraem_province_subset,0,7,930
prov_subset,vraem_prov_subset_0886,VRAEM provinces: APURIMAC / CHINCHEROS + AYACUCHO / HUANTA + CUSCO / LA CONVENCION + HUANCAVELICA / CHURCAMPA + HUANCAVELICA / TAYACAJA + JUNIN / CONCEPCION + JUNIN / SATIPO,bounded_vraem_province_subset,0,7,915
prov_subset,vraem_prov_subset_0887,VRAEM provinces: APURIMAC / ANDAHUAYLAS + APURIMAC / CHINCHEROS + AYACUCHO / HUANTA + CUSCO / LA CONVENCION + HUANCAVELICA / CHURCAMPA + HUANCAVELICA / TAYACAJA + JUNIN / CONCEPCION + JUNIN / SATIPO,bounded_vraem_province_subset,0,8,1008
prov_subset,vraem_prov_subset_0888,VRAEM provinces: AYACUCHO / LA MAR + CUSCO / LA CONVENCION + HUANCAVELICA / CHURCAMPA + HUANCAVELICA / TAYACAJA + JUNIN / CONCEPCION + JUNIN / SATIPO,bounded_vraem_province_subset,0,6,895
prov_subset,vraem_prov_subset_0889,VRAEM provinces: APURIMAC / ANDAHUAYLAS + AYACUCHO / LA MAR + CUSCO / LA CONVENCION + HUANCAVELICA / CHURCAMPA + HUANCAVELICA / TAYACAJA + JUNIN / CONCEPCION + JUNIN / SATIPO,bounded_vraem_province_subset,0,7,988
prov_subset,vraem_prov_subset_0890,VRAEM provinces: APURIMAC / CHINCHEROS + AYACUCHO / LA MAR + CUSCO / LA CONVENCION + HUANCAVELICA / CHURCAMPA + HUANCAVELICA / TAYACAJA + JUNIN / CONCEPCION + JUNIN / SATIPO,bounded_vraem_province_subset,0,7,973
prov_subset,vraem_prov_subset_0891,VRAEM provinces: APURIMAC / ANDAHUAYLAS + APURIMAC / CHINCHEROS + AYACUCHO / LA MAR + CUSCO / LA CONVENCION + HUANCAVELICA / CHURCAMPA + HUANCAVELICA / TAYACAJA + JUNIN / CONCEPCION + JUNIN / SATIPO,bounded_vraem_province_subset,0,8,1066
prov_subset,vraem_prov_subset_0892,VRAEM provinces: AYACUCHO / HUANTA + AYACUCHO / LA MAR + CUSCO / LA CONVENCION + HUANCAVELICA / CHURCAMPA + HUANCAVELICA / TAYACAJA + JUNIN / CONCEPCION + JUNIN / SATIPO,bounded_vraem_province_subset,0,7,1132
prov_subset,vraem_prov_subset_0893,VRAEM provinces: APURIMAC / ANDAHUAYLAS + AYACUCHO / HUANTA + AYACUCHO / LA MAR + CUSCO / LA CONVENCION + HUANCAVELICA / CHURCAMPA + HUANCAVELICA / TAYACAJA + JUNIN / CONCEPCION + JUNIN / SATIPO,bounded_vraem_province_subset,0,8,1225
prov_subset,vraem_prov_subset_0894,VRAEM provinces: APURIMAC / CHINCHEROS + AYACUCHO / HUANTA + AYACUCHO / LA MAR + CUSCO / LA CONVENCION + HUANCAVELICA / CHURCAMPA + HUANCAVELICA / TAYACAJA + JUNIN / CONCEPCION + JUNIN / SATIPO,bounded_vraem_province_subset,0,8,1210
prov_subset,vraem_prov_subset_0895,VRAEM provinces: APURIMAC / ANDAHUAYLAS + APURIMAC / CHINCHEROS + AYACUCHO / HUANTA + AYACUCHO / LA MAR + CUSCO / LA CONVENCION + HUANCAVELICA / CHURCAMPA + HUANCAVELICA / TAYACAJA + JUNIN / CONCEPCION + JUNIN / SATIPO,bounded_vraem_province_subset,0,9,1303
prov_subset,vraem_prov_subset_0896,VRAEM provinces: JUNIN / HUANCAYO + JUNIN / CONCEPCION + JUNIN / SATIPO,bounded_vraem_province_subset,0,3,493
prov_subset,vraem_prov_subset_0897,VRAEM provinces: APURIMAC / ANDAHUAYLAS + JUNIN / HUANCAYO + JUNIN / CONCEPCION + JUNIN / SATIPO,bounded_vraem_province_subset,0,4,586
prov_subset,vraem_prov_subset_0898,VRAEM provinces: APURIMAC / CHINCHEROS + JUNIN / HUANCAYO + JUNIN / CONCEPCION + JUNIN / SATIPO,bounded_vraem_province_subset,0,4,571
prov_subset,vraem_prov_subset_0899,VRAEM provinces: APURIMAC / ANDAHUAYLAS + APURIMAC / CHINCHEROS + JUNIN / HUANCAYO + JUNIN / CONCEPCION + JUNIN / SATIPO,bounded_vraem_province_subset,0,5,664
prov_subset,vraem_prov_subset_0900,VRAEM provinces: AYACUCHO / HUANTA + JUNIN / HUANCAYO + JUNIN / CONCEPCION + JUNIN / SATIPO,bounded_vraem_province_subset,0,4,730
prov_subset,vraem_prov_subset_0901,VRAEM provinces: APURIMAC / ANDAHUAYLAS + AYACUCHO / HUANTA + JUNIN / HUANCAYO + JUNIN / CONCEPCION + JUNIN / SATIPO,bounded_vraem_province_subset,0,5,823
prov_subset,vraem_prov_subset_0902,VRAEM provinces: APURIMAC / CHINCHEROS + AYACUCHO / HUANTA + JUNIN / HUANCAYO + JUNIN / CONCEPCION + JUNIN / SATIPO,bounded_vraem_province_subset,0,5,808
prov_subset,vraem_prov_subset_0903,VRAEM provinces: APURIMAC / ANDAHUAYLAS + APURIMAC / CHINCHEROS + AYACUCHO / HUANTA + JUNIN / HUANCAYO + JUNIN / CONCEPCION + JUNIN / SATIPO,bounded_vraem_province_subset,0,6,901
prov_subset,vraem_prov_subset_0904,VRAEM provinces: AYACUCHO / LA MAR + JUNIN / HUANCAYO + JUNIN / CONCEPCION + JUNIN / SATIPO,bounded_vraem_province_subset,0,4,788
prov_subset,vraem_prov_subset_0905,VRAEM provinces: APURIMAC / ANDAHUAYLAS + AYACUCHO / LA MAR + JUNIN / HUANCAYO + JUNIN / CONCEPCION + JUNIN / SATIPO,bounded_vraem_province_subset,0,5,881
prov_subset,vraem_prov_subset_0906,VRAEM provinces: APURIMAC / CHINCHEROS + AYACUCHO / LA MAR + JUNIN / HUANCAYO + JUNIN / CONCEPCION + JUNIN / SATIPO,bounded_vraem_province_subset,0,5,866
prov_subset,vraem_prov_subset_0907,VRAEM provinces: APURIMAC / ANDAHUAYLAS + APURIMAC / CHINCHEROS + AYACUCHO / LA MAR + JUNIN / HUANCAYO + JUNIN / CONCEPCION + JUNIN / SATIPO,bounded_vraem_province_subset,0,6,959
prov_subset,vraem_prov_subset_0908,VRAEM provinces: AYACUCHO / HUANTA + AYACUCHO / LA MAR + JUNIN / HUANCAYO + JUNIN / CONCEPCION + JUNIN / SATIPO,bounded_vraem_province_subset,0,5,1025
prov_subset,vraem_prov_subset_0909,VRAEM provinces: APURIMAC / ANDAHUAYLAS + AYACUCHO / HUANTA + AYACUCHO / LA MAR + JUNIN / HUANCAYO + JUNIN / CONCEPCION + JUNIN / SATIPO,bounded_vraem_province_subset,0,6,1118
prov_subset,vraem_prov_subset_0910,VRAEM provinces: APURIMAC / CHINCHEROS + AYACUCHO / HUANTA + AYACUCHO / LA MAR + JUNIN / HUANCAYO + JUNIN / CONCEPCION + JUNIN / SATIPO,bounded_vraem_province_subset,0,6,1103
prov_subset,vraem_prov_subset_0911,VRAEM provinces: APURIMAC / ANDAHUAYLAS + APURIMAC / CHINCHEROS + AYACUCHO / HUANTA + AYACUCHO / LA MAR + JUNIN / HUANCAYO + JUNIN / CONCEPCION + JUNIN / SATIPO,bounded_vraem_province_subset,0,7,1196
prov_subset,vraem_prov_subset_0912,VRAEM provinces: CUSCO / LA CONVENCION + JUNIN / HUANCAYO + JUNIN / CONCEPCION + JUNIN / SATIPO,bounded_vraem_province_subset,0,4,597
prov_subset,vraem_prov_subset_0913,VRAEM provinces: APURIMAC / ANDAHUAYLAS + CUSCO / LA CONVENCION + JUNIN / HUANCAYO + JUNIN / CONCEPCION + JUNIN / SATIPO,bounded_vraem_province_subset,0,5,690
prov_subset,vraem_prov_subset_0914,VRAEM provinces: APURIMAC / CHINCHEROS + CUSCO / LA CONVENCION + JUNIN / HUANCAYO + JUNIN / CONCEPCION + JUNIN / SATIPO,bounded_vraem_province_subset,0,5,675
prov_subset,vraem_prov_subset_0915,VRAEM provinces: APURIMAC / ANDAHUAYLAS + APURIMAC / CHINCHEROS + CUSCO / LA CONVENCION + JUNIN / HUANCAYO + JUNIN / CONCEPCION + JUNIN / SATIPO,bounded_vraem_province_subset,0,6,768
prov_subset,vraem_prov_subset_0916,VRAEM provinces: AYACUCHO / HUANTA + CUSCO / LA CONVENCION + JUNIN / HUANCAYO + JUNIN / CONCEPCION + JUNIN / SATIPO,bounded_vraem_province_subset,0,5,834
prov_subset,vraem_prov_subset_0917,VRAEM provinces: APURIMAC / ANDAHUAYLAS + AYACUCHO / HUANTA + CUSCO / LA CONVENCION + JUNIN / HUANCAYO + JUNIN / CONCEPCION + JUNIN / SATIPO,bounded_vraem_province_subset,0,6,927
prov_subset,vraem_prov_subset_0918,VRAEM provinces: APURIMAC / CHINCHEROS + AYACUCHO / HUANTA + CUSCO / LA CONVENCION + JUNIN / HUANCAYO + JUNIN / CONCEPCION + JUNIN / SATIPO,bounded_vraem_province_subset,0,6,912
prov_subset,vraem_prov_subset_0919,VRAEM provinces: APURIMAC / ANDAHUAYLAS + APURIMAC / CHINCHEROS + AYACUCHO / HUANTA + CUSCO / LA CONVENCION + JUNIN / HUANCAYO + JUNIN / CONCEPCION + JUNIN / SATIPO,bounded_vraem_province_subset,0,7,1005
prov_subset,vraem_prov_subset_0920,VRAEM provinces: AYACUCHO / LA MAR + CUSCO / LA CONVENCION + JUNIN / HUANCAYO + JUNIN / CONCEPCION + JUNIN / SATIPO,bounded_vraem_province_subset,0,5,892
prov_subset,vraem_prov_subset_0921,VRAEM provinces: APURIMAC / ANDAHUAYLAS + AYACUCHO / LA MAR + CUSCO / LA CONVENCION + JUNIN / HUANCAYO + JUNIN / CONCEPCION + JUNIN / SATIPO,bounded_vraem_province_subset,0,6,985
prov_subset,vraem_prov_subset_0922,VRAEM provinces: APURIMAC / CHINCHEROS + AYACUCHO / LA MAR + CUSCO / LA CONVENCION + JUNIN / HUANCAYO + JUNIN / CONCEPCION + JUNIN / SATIPO,bounded_vraem_province_subset,0,6,970
prov_subset,vraem_prov_subset_0923,VRAEM provinces: APURIMAC / ANDAHUAYLAS + APURIMAC / CHINCHEROS + AYACUCHO / LA MAR + CUSCO / LA CONVENCION + JUNIN / HUANCAYO + JUNIN / CONCEPCION + JUNIN / SATIPO,bounded_vraem_province_subset,0,7,1063
prov_subset,vraem_prov_subset_0924,VRAEM provinces: AYACUCHO / HUANTA + AYACUCHO / LA MAR + CUSCO / LA CONVENCION + JUNIN / HUANCAYO + JUNIN / CONCEPCION + JUNIN / SATIPO,bounded_vraem_province_subset,0,6,1129
prov_subset,vraem_prov_subset_0925,VRAEM provinces: APURIMAC / ANDAHUAYLAS + AYACUCHO / HUANTA + AYACUCHO / LA MAR + CUSCO / LA CONVENCION + JUNIN / HUANCAYO + JUNIN / CONCEPCION + JUNIN / SATIPO,bounded_vraem_province_subset,0,7,1222
prov_subset,vraem_prov_subset_0926,VRAEM provinces: APURIMAC / CHINCHEROS + AYACUCHO / HUANTA + AYACUCHO / LA MAR + CUSCO / LA CONVENCION + JUNIN / HUANCAYO + JUNIN / CONCEPCION + JUNIN / SATIPO,bounded_vraem_province_subset,0,7,1207
prov_subset,vraem_prov_subset_0927,VRAEM provinces: APURIMAC / ANDAHUAYLAS + APURIMAC / CHINCHEROS + AYACUCHO / HUANTA + AYACUCHO / LA MAR + CUSCO / LA CONVENCION + JUNIN / HUANCAYO + JUNIN / CONCEPCION + JUNIN / SATIPO,bounded_vraem_province_subset,0,8,1300
prov_subset,vraem_prov_subset_0928,VRAEM provinces: HUANCAVELICA / CHURCAMPA + JUNIN / HUANCAYO + JUNIN / CONCEPCION + JUNIN / SATIPO,bounded_vraem_province_subset,0,4,600
prov_subset,vraem_prov_subset_0929,VRAEM provinces: APURIMAC / ANDAHUAYLAS + HUANCAVELICA / CHURCAMPA + JUNIN / HUANCAYO + JUNIN / CONCEPCION + JUNIN / SATIPO,bounded_vraem_province_subset,0,5,693
prov_subset,vraem_prov_subset_0930,VRAEM provinces: APURIMAC / CHINCHEROS + HUANCAVELICA / CHURCAMPA + JUNIN / HUANCAYO + JUNIN / CONCEPCION + JUNIN / SATIPO,bounded_vraem_province_subset,0,5,678
prov_subset,vraem_prov_subset_0931,VRAEM provinces: APURIMAC / ANDAHUAYLAS + APURIMAC / CHINCHEROS + HUANCAVELICA / CHURCAMPA + JUNIN / HUANCAYO + JUNIN / CONCEPCION + JUNIN / SATIPO,bounded_vraem_province_subset,0,6,771
prov_subset,vraem_prov_subset_0932,VRAEM provinces: AYACUCHO / HUANTA + HUANCAVELICA / CHURCAMPA + JUNIN / HUANCAYO + JUNIN / CONCEPCION + JUNIN / SATIPO,bounded_vraem_province_subset,0,5,837
prov_subset,vraem_prov_subset_0933,VRAEM provinces: APURIMAC / ANDAHUAYLAS + AYACUCHO / HUANTA + HUANCAVELICA / CHURCAMPA + JUNIN / HUANCAYO + JUNIN / CONCEPCION + JUNIN / SATIPO,bounded_vraem_province_subset,0,6,930
prov_subset,vraem_prov_subset_0934,VRAEM provinces: APURIMAC / CHINCHEROS + AYACUCHO / HUANTA + HUANCAVELICA / CHURCAMPA + JUNIN / HUANCAYO + JUNIN / CONCEPCION + JUNIN / SATIPO,bounded_vraem_province_subset,0,6,915
prov_subset,vraem_prov_subset_0935,VRAEM provinces: APURIMAC / ANDAHUAYLAS + APURIMAC / CHINCHEROS + AYACUCHO / HUANTA + HUANCAVELICA / CHURCAMPA + JUNIN / HUANCAYO + JUNIN / CONCEPCION + JUNIN / SATIPO,bounded_vraem_province_subset,0,7,1008
prov_subset,vraem_prov_subset_0936,VRAEM provinces: AYACUCHO / LA MAR + HUANCAVELICA / CHURCAMPA + JUNIN / HUANCAYO + JUNIN / CONCEPCION + JUNIN / SATIPO,bounded_vraem_province_subset,0,5,895
prov_subset,vraem_prov_subset_0937,VRAEM provinces: APURIMAC / ANDAHUAYLAS + AYACUCHO / LA MAR + HUANCAVELICA / CHURCAMPA + JUNIN / HUANCAYO + JUNIN / CONCEPCION + JUNIN / SATIPO,bounded_vraem_province_subset,0,6,988
prov_subset,vraem_prov_subset_0938,VRAEM provinces: APURIMAC / CHINCHEROS + AYACUCHO / LA MAR + HUANCAVELICA / CHURCAMPA + JUNIN / HUANCAYO + JUNIN / CONCEPCION + JUNIN / SATIPO,bounded_vraem_province_subset,0,6,973
prov_subset,vraem_prov_subset_0939,VRAEM provinces: APURIMAC / ANDAHUAYLAS + APURIMAC / CHINCHEROS + AYACUCHO / LA MAR + HUANCAVELICA / CHURCAMPA + JUNIN / HUANCAYO + JUNIN / CONCEPCION + JUNIN / SATIPO,bounded_vraem_province_subset,0,7,1066
prov_subset,vraem_prov_subset_0940,VRAEM provinces: AYACUCHO / HUANTA + AYACUCHO / LA MAR + HUANCAVELICA / CHURCAMPA + JUNIN / HUANCAYO + JUNIN / CONCEPCION + JUNIN / SATIPO,bounded_vraem_province_subset,0,6,1132
prov_subset,vraem_prov_subset_0941,VRAEM provinces: APURIMAC / ANDAHUAYLAS + AYACUCHO / HUANTA + AYACUCHO / LA MAR + HUANCAVELICA / CHURCAMPA + JUNIN / HUANCAYO + JUNIN / CONCEPCION + JUNIN / SATIPO,bounded_vraem_province_subset,0,7,1225
prov_subset,vraem_prov_subset_0942,VRAEM provinces: APURIMAC / CHINCHEROS + AYACUCHO / HUANTA + AYACUCHO / LA MAR + HUANCAVELICA / CHURCAMPA + JUNIN / HUANCAYO + JUNIN / CONCEPCION + JUNIN / SATIPO,bounded_vraem_province_subset,0,7,1210
prov_subset,vraem_prov_subset_0943,VRAEM provinces: APURIMAC / ANDAHUAYLAS + APURIMAC / CHINCHEROS + AYACUCHO / HUANTA + AYACUCHO / LA MAR + HUANCAVELICA / CHURCAMPA + JUNIN / HUANCAYO + JUNIN / CONCEPCION + JUNIN / SATIPO,bounded_vraem_province_subset,0,8,1303
prov_subset,vraem_prov_subset_0944,VRAEM provinces: CUSCO / LA CONVENCION + HUANCAVELICA / CHURCAMPA + JUNIN / HUANCAYO + JUNIN / CONCEPCION + JUNIN / SATIPO,bounded_vraem_province_subset,0,5,704
prov_subset,vraem_prov_subset_0945,VRAEM provinces: APURIMAC / ANDAHUAYLAS + CUSCO / LA CONVENCION + HUANCAVELICA / CHURCAMPA + JUNIN / HUANCAYO + JUNIN / CONCEPCION + JUNIN / SATIPO,bounded_vraem_province_subset,0,6,797
prov_subset,vraem_prov_subset_0946,VRAEM provinces: APURIMAC / CHINCHEROS + CUSCO / LA CONVENCION + HUANCAVELICA / CHURCAMPA + JUNIN / HUANCAYO + JUNIN / CONCEPCION + JUNIN / SATIPO,bounded_vraem_province_subset,0,6,782
prov_subset,vraem_prov_subset_0947,VRAEM provinces: APURIMAC / ANDAHUAYLAS + APURIMAC / CHINCHEROS + CUSCO / LA CONVENCION + HUANCAVELICA / CHURCAMPA + JUNIN / HUANCAYO + JUNIN / CONCEPCION + JUNIN / SATIPO,bounded_vraem_province_subset,0,7,875
prov_subset,vraem_prov_subset_0948,VRAEM provinces: AYACUCHO / HUANTA + CUSCO / LA CONVENCION + HUANCAVELICA / CHURCAMPA + JUNIN / HUANCAYO + JUNIN / CONCEPCION + JUNIN / SATIPO,bounded_vraem_province_subset,0,6,941
prov_subset,vraem_prov_subset_0949,VRAEM provinces: APURIMAC / ANDAHUAYLAS + AYACUCHO / HUANTA + CUSCO / LA CONVENCION + HUANCAVELICA / CHURCAMPA + JUNIN / HUANCAYO + JUNIN / CONCEPCION + JUNIN / SATIPO,bounded_vraem_province_subset,0,7,1034
prov_subset,vraem_prov_subset_0950,VRAEM provinces: APURIMAC / CHINCHEROS + AYACUCHO / HUANTA + CUSCO / LA CONVENCION + HUANCAVELICA / CHURCAMPA + JUNIN / HUANCAYO + JUNIN / CONCEPCION + JUNIN / SATIPO,bounded_vraem_province_subset,0,7,1019
prov_subset,vraem_prov_subset_0951,VRAEM provinces: APURIMAC / ANDAHUAYLAS + APURIMAC / CHINCHEROS + AYACUCHO / HUANTA + CUSCO / LA CONVENCION + HUANCAVELICA / CHURCAMPA + JUNIN / HUANCAYO + JUNIN / CONCEPCION + JUNIN / SATIPO,bounded_vraem_province_subset,0,8,1112
prov_subset,vraem_prov_subset_0952,VRAEM provinces: AYACUCHO / LA MAR + CUSCO / LA CONVENCION + HUANCAVELICA / CHURCAMPA + JUNIN / HUANCAYO + JUNIN / CONCEPCION + JUNIN / SATIPO,bounded_vraem_province_subset,0,6,999
prov_subset,vraem_prov_subset_0953,VRAEM provinces: APURIMAC / ANDAHUAYLAS + AYACUCHO / LA MAR + CUSCO / LA CONVENCION + HUANCAVELICA / CHURCAMPA + JUNIN / HUANCAYO + JUNIN / CONCEPCION + JUNIN / SATIPO,bounded_vraem_province_subset,0,7,1092
prov_subset,vraem_prov_subset_0954,VRAEM provinces: APURIMAC / CHINCHEROS + AYACUCHO / LA MAR + CUSCO / LA CONVENCION + HUANCAVELICA / CHURCAMPA + JUNIN / HUANCAYO + JUNIN / CONCEPCION + JUNIN / SATIPO,bounded_vraem_province_subset,0,7,1077
prov_subset,vraem_prov_subset_0955,VRAEM provinces: APURIMAC / ANDAHUAYLAS + APURIMAC / CHINCHEROS + AYACUCHO / LA MAR + CUSCO / LA CONVENCION + HUANCAVELICA / CHURCAMPA + JUNIN / HUANCAYO + JUNIN / CONCEPCION + JUNIN / SATIPO,bounded_vraem_province_subset,0,8,1170
prov_subset,vraem_prov_subset_0956,VRAEM provinces: AYACUCHO / HUANTA + AYACUCHO / LA MAR + CUSCO / LA CONVENCION + HUANCAVELICA / CHURCAMPA + JUNIN / HUANCAYO + JUNIN / CONCEPCION + JUNIN / SATIPO,bounded_vraem_province_subset,0,7,1236
prov_subset,vraem_prov_subset_0957,VRAEM provinces: APURIMAC / ANDAHUAYLAS + AYACUCHO / HUANTA + AYACUCHO / LA MAR + CUSCO / LA CONVENCION + HUANCAVELICA / CHURCAMPA + JUNIN / HUANCAYO + JUNIN / CONCEPCION + JUNIN / SATIPO,bounded_vraem_province_subset,0,8,1329
prov_subset,vraem_prov_subset_0958,VRAEM provinces: APURIMAC / CHINCHEROS + AYACUCHO / HUANTA + AYACUCHO / LA MAR + CUSCO / LA CONVENCION + HUANCAVELICA / CHURCAMPA + JUNIN / HUANCAYO + JUNIN / CONCEPCION + JUNIN / SATIPO,bounded_vraem_province_subset,0,8,1314
prov_subset,vraem_prov_subset_0959,VRAEM provinces: APURIMAC / ANDAHUAYLAS + APURIMAC / CHINCHEROS + AYACUCHO / HUANTA + AYACUCHO / LA MAR + CUSCO / LA CONVENCION + HUANCAVELICA / CHURCAMPA + JUNIN / HUANCAYO + JUNIN / CONCEPCION + JUNIN / SATIPO,bounded_vraem_province_subset,0,9,1407
prov_subset,vraem_prov_subset_0960,VRAEM provinces: HUANCAVELICA / TAYACAJA + JUNIN / HUANCAYO + JUNIN / CONCEPCION + JUNIN / SATIPO,bounded_vraem_province_subset,0,4,540
prov_subset,vraem_prov_subset_0961,VRAEM provinces: APURIMAC / ANDAHUAYLAS + HUANCAVELICA / TAYACAJA + JUNIN / HUANCAYO + JUNIN / CONCEPCION + JUNIN / SATIPO,bounded_vraem_province_subset,0,5,633
prov_subset,vraem_prov_subset_0962,VRAEM provinces: APURIMAC / CHINCHEROS + HUANCAVELICA / TAYACAJA + JUNIN / HUANCAYO + JUNIN / CONCEPCION + JUNIN / SATIPO,bounded_vraem_province_subset,0,5,618
prov_subset,vraem_prov_subset_0963,VRAEM provinces: APURIMAC / ANDAHUAYLAS + APURIMAC / CHINCHEROS + HUANCAVELICA / TAYACAJA + JUNIN / HUANCAYO + JUNIN / CONCEPCION + JUNIN / SATIPO,bounded_vraem_province_subset,0,6,711
prov_subset,vraem_prov_subset_0964,VRAEM provinces: AYACUCHO / HUANTA + HUANCAVELICA / TAYACAJA + JUNIN / HUANCAYO + JUNIN / CONCEPCION + JUNIN / SATIPO,bounded_vraem_province_subset,0,5,777
prov_subset,vraem_prov_subset_0965,VRAEM provinces: APURIMAC / ANDAHUAYLAS + AYACUCHO / HUANTA + HUANCAVELICA / TAYACAJA + JUNIN / HUANCAYO + JUNIN / CONCEPCION + JUNIN / SATIPO,bounded_vraem_province_subset,0,6,870
prov_subset,vraem_prov_subset_0966,VRAEM provinces: APURIMAC / CHINCHEROS + AYACUCHO / HUANTA + HUANCAVELICA / TAYACAJA + JUNIN / HUANCAYO + JUNIN / CONCEPCION + JUNIN / SATIPO,bounded_vraem_province_subset,0,6,855
prov_subset,vraem_prov_subset_0967,VRAEM provinces: APURIMAC / ANDAHUAYLAS + APURIMAC / CHINCHEROS + AYACUCHO / HUANTA + HUANCAVELICA / TAYACAJA + JUNIN / HUANCAYO + JUNIN / CONCEPCION + JUNIN / SATIPO,bounded_vraem_province_subset,0,7,948
prov_subset,vraem_prov_subset_0968,VRAEM provinces: AYACUCHO / LA MAR + HUANCAVELICA / TAYACAJA + JUNIN / HUANCAYO + JUNIN / CONCEPCION + JUNIN / SATIPO,bounded_vraem_province_subset,0,5,835
prov_subset,vraem_prov_subset_0969,VRAEM provinces: APURIMAC / ANDAHUAYLAS + AYACUCHO / LA MAR + HUANCAVELICA / TAYACAJA + JUNIN / HUANCAYO + JUNIN / CONCEPCION + JUNIN / SATIPO,bounded_vraem_province_subset,0,6,928
prov_subset,vraem_prov_subset_0970,VRAEM provinces: APURIMAC / CHINCHEROS + AYACUCHO / LA MAR + HUANCAVELICA / TAYACAJA + JUNIN / HUANCAYO + JUNIN / CONCEPCION + JUNIN / SATIPO,bounded_vraem_province_subset,0,6,913
prov_subset,vraem_prov_subset_0971,VRAEM provinces: APURIMAC / ANDAHUAYLAS + APURIMAC / CHINCHEROS + AYACUCHO / LA MAR + HUANCAVELICA / TAYACAJA + JUNIN / HUANCAYO + JUNIN / CONCEPCION + JUNIN / SATIPO,bounded_vraem_province_subset,0,7,1006
prov_subset,vraem_prov_subset_0972,VRAEM provinces: AYACUCHO / HUANTA + AYACUCHO / LA MAR + HUANCAVELICA / TAYACAJA + JUNIN / HUANCAYO + JUNIN / CONCEPCION + JUNIN / SATIPO,bounded_vraem_province_subset,0,6,1072
prov_subset,vraem_prov_subset_0973,VRAEM provinces: APURIMAC / ANDAHUAYLAS + AYACUCHO / HUANTA + AYACUCHO / LA MAR + HUANCAVELICA / TAYACAJA + JUNIN / HUANCAYO + JUNIN / CONCEPCION + JUNIN / SATIPO,bounded_vraem_province_subset,0,7,1165
prov_subset,vraem_prov_subset_0974,VRAEM provinces: APURIMAC / CHINCHEROS + AYACUCHO / HUANTA + AYACUCHO / LA MAR + HUANCAVELICA / TAYACAJA + JUNIN / HUANCAYO + JUNIN / CONCEPCION + JUNIN / SATIPO,bounded_vraem_province_subset,0,7,1150
prov_subset,vraem_prov_subset_0975,VRAEM provinces: APURIMAC / ANDAHUAYLAS + APURIMAC / CHINCHEROS + AYACUCHO / HUANTA + AYACUCHO / LA MAR + HUANCAVELICA / TAYACAJA + JUNIN / HUANCAYO + JUNIN / CONCEPCION + JUNIN / SATIPO,bounded_vraem_province_subset,0,8,1243
prov_subset,vraem_prov_subset_0976,VRAEM provinces: CUSCO / LA CONVENCION + HUANCAVELICA / TAYACAJA + JUNIN / HUANCAYO + JUNIN / CONCEPCION + JUNIN / SATIPO,bounded_vraem_province_subset,0,5,644
prov_subset,vraem_prov_subset_0977,VRAEM provinces: APURIMAC / ANDAHUAYLAS + CUSCO / LA CONVENCION + HUANCAVELICA / TAYACAJA + JUNIN / HUANCAYO + JUNIN / CONCEPCION + JUNIN / SATIPO,bounded_vraem_province_subset,0,6,737
prov_subset,vraem_prov_subset_0978,VRAEM provinces: APURIMAC / CHINCHEROS + CUSCO / LA CONVENCION + HUANCAVELICA / TAYACAJA + JUNIN / HUANCAYO + JUNIN / CONCEPCION + JUNIN / SATIPO,bounded_vraem_province_subset,0,6,722
prov_subset,vraem_prov_subset_0979,VRAEM provinces: APURIMAC / ANDAHUAYLAS + APURIMAC / CHINCHEROS + CUSCO / LA CONVENCION + HUANCAVELICA / TAYACAJA + JUNIN / HUANCAYO + JUNIN / CONCEPCION + JUNIN / SATIPO,bounded_vraem_province_subset,0,7,815
prov_subset,vraem_prov_subset_0980,VRAEM provinces: AYACUCHO / HUANTA + CUSCO / LA CONVENCION + HUANCAVELICA / TAYACAJA + JUNIN / HUANCAYO + JUNIN / CONCEPCION + JUNIN / SATIPO,bounded_vraem_province_subset,0,6,881
prov_subset,vraem_prov_subset_0981,VRAEM provinces: APURIMAC / ANDAHUAYLAS + AYACUCHO / HUANTA + CUSCO / LA CONVENCION + HUANCAVELICA / TAYACAJA + JUNIN / HUANCAYO + JUNIN / CONCEPCION + JUNIN / SATIPO,bounded_vraem_province_subset,0,7,974
prov_subset,vraem_prov_subset_0982,VRAEM provinces: APURIMAC / CHINCHEROS + AYACUCHO / HUANTA + CUSCO / LA CONVENCION + HUANCAVELICA / TAYACAJA + JUNIN / HUANCAYO + JUNIN / CONCEPCION + JUNIN / SATIPO,bounded_vraem_province_subset,0,7,959
prov_subset,vraem_prov_subset_0983,VRAEM provinces: APURIMAC / ANDAHUAYLAS + APURIMAC / CHINCHEROS + AYACUCHO / HUANTA + CUSCO / LA CONVENCION + HUANCAVELICA / TAYACAJA + JUNIN / HUANCAYO + JUNIN / CONCEPCION + JUNIN / SATIPO,bounded_vraem_province_subset,0,8,1052
prov_subset,vraem_prov_subset_0984,VRAEM provinces: AYACUCHO / LA MAR + CUSCO / LA CONVENCION + HUANCAVELICA / TAYACAJA + JUNIN / HUANCAYO + JUNIN / CONCEPCION + JUNIN / SATIPO,bounded_vraem_province_subset,0,6,939
prov_subset,vraem_prov_subset_0985,VRAEM provinces: APURIMAC / ANDAHUAYLAS + AYACUCHO / LA MAR + CUSCO / LA CONVENCION + HUANCAVELICA / TAYACAJA + JUNIN / HUANCAYO + JUNIN / CONCEPCION + JUNIN / SATIPO,bounded_vraem_province_subset,0,7,1032
prov_subset,vraem_prov_subset_0986,VRAEM provinces: APURIMAC / CHINCHEROS + AYACUCHO / LA MAR + CUSCO / LA CONVENCION + HUANCAVELICA / TAYACAJA + JUNIN / HUANCAYO + JUNIN / CONCEPCION + JUNIN / SATIPO,bounded_vraem_province_subset,0,7,1017
prov_subset,vraem_prov_subset_0987,VRAEM provinces: APURIMAC / ANDAHUAYLAS + APURIMAC / CHINCHEROS + AYACUCHO / LA MAR + CUSCO / LA CONVENCION + HUANCAVELICA / TAYACAJA + JUNIN / HUANCAYO + JUNIN / CONCEPCION + JUNIN / SATIPO,bounded_vraem_province_subset,0,8,1110
prov_subset,vraem_prov_subset_0988,VRAEM provinces: AYACUCHO / HUANTA + AYACUCHO / LA MAR + CUSCO / LA CONVENCION + HUANCAVELICA / TAYACAJA + JUNIN / HUANCAYO + JUNIN / CONCEPCION + JUNIN / SATIPO,bounded_vraem_province_subset,0,7,1176
prov_subset,vraem_prov_subset_0989,VRAEM provinces: APURIMAC / ANDAHUAYLAS + AYACUCHO / HUANTA + AYACUCHO / LA MAR + CUSCO / LA CONVENCION + HUANCAVELICA / TAYACAJA + JUNIN / HUANCAYO + JUNIN / CONCEPCION + JUNIN / SATIPO,bounded_vraem_province_subset,0,8,1269
prov_subset,vraem_prov_subset_0990,VRAEM provinces: APURIMAC / CHINCHEROS + AYACUCHO / HUANTA + AYACUCHO / LA MAR + CUSCO / LA CONVENCION + HUANCAVELICA / TAYACAJA + JUNIN / HUANCAYO + JUNIN / CONCEPCION + JUNIN / SATIPO,bounded_vraem_province_subset,0,8,1254
prov_subset,vraem_prov_subset_0991,VRAEM provinces: APURIMAC / ANDAHUAYLAS + APURIMAC / CHINCHEROS + AYACUCHO / HUANTA + AYACUCHO / LA MAR + CUSCO / LA CONVENCION + HUANCAVELICA / TAYACAJA + JUNIN / HUANCAYO + JUNIN / CONCEPCION + JUNIN / SATIPO,bounded_vraem_province_subset,0,9,1347
prov_subset,vraem_prov_subset_0992,VRAEM provinces: HUANCAVELICA / CHURCAMPA + HUANCAVELICA / TAYACAJA + JUNIN / HUANCAYO + JUNIN / CONCEPCION + JUNIN / SATIPO,bounded_vraem_province_subset,0,5,647
prov_subset,vraem_prov_subset_0993,VRAEM provinces: APURIMAC / ANDAHUAYLAS + HUANCAVELICA / CHURCAMPA + HUANCAVELICA / TAYACAJA + JUNIN / HUANCAYO + JUNIN / CONCEPCION + JUNIN / SATIPO,bounded_vraem_province_subset,0,6,740
prov_subset,vraem_prov_subset_0994,VRAEM provinces: APURIMAC / CHINCHEROS + HUANCAVELICA / CHURCAMPA + HUANCAVELICA / TAYACAJA + JUNIN / HUANCAYO + JUNIN / CONCEPCION + JUNIN / SATIPO,bounded_vraem_province_subset,0,6,725
prov_subset,vraem_prov_subset_0995,VRAEM provinces: APURIMAC / ANDAHUAYLAS + APURIMAC / CHINCHEROS + HUANCAVELICA / CHURCAMPA + HUANCAVELICA / TAYACAJA + JUNIN / HUANCAYO + JUNIN / CONCEPCION + JUNIN / SATIPO,bounded_vraem_province_subset,0,7,818
prov_subset,vraem_prov_subset_0996,VRAEM provinces: AYACUCHO / HUANTA + HUANCAVELICA / CHURCAMPA + HUANCAVELICA / TAYACAJA + JUNIN / HUANCAYO + JUNIN / CONCEPCION + JUNIN / SATIPO,bounded_vraem_province_subset,0,6,884
prov_subset,vraem_prov_subset_0997,VRAEM provinces: APURIMAC / ANDAHUAYLAS + AYACUCHO / HUANTA + HUANCAVELICA / CHURCAMPA + HUANCAVELICA / TAYACAJA + JUNIN / HUANCAYO + JUNIN / CONCEPCION + JUNIN / SATIPO,bounded_vraem_province_subset,0,7,977
prov_subset,vraem_prov_subset_0998,VRAEM provinces: APURIMAC / CHINCHEROS + AYACUCHO / HUANTA + HUANCAVELICA / CHURCAMPA + HUANCAVELICA / TAYACAJA + JUNIN / HUANCAYO + JUNIN / CONCEPCION + JUNIN / SATIPO,bounded_vraem_province_subset,0,7,962
prov_subset,vraem_prov_subset_0999,VRAEM provinces: APURIMAC / ANDAHUAYLAS + APURIMAC / CHINCHEROS + AYACUCHO / HUANTA + HUANCAVELICA / CHURCAMPA + HUANCAVELICA / TAYACAJA + JUNIN / HUANCAYO + JUNIN / CONCEPCION + JUNIN / SATIPO,bounded_vraem_province_subset,0,8,1055
prov_subset,vraem_prov_subset_1000,VRAEM provinces: AYACUCHO / LA MAR + HUANCAVELICA / CHURCAMPA + HUANCAVELICA / TAYACAJA + JUNIN / HUANCAYO + JUNIN / CONCEPCION + JUNIN / SATIPO,bounded_vraem_province_subset,0,6,942
prov_subset,vraem_prov_subset_1001,VRAEM provinces: APURIMAC / ANDAHUAYLAS + AYACUCHO / LA MAR + HUANCAVELICA / CHURCAMPA + HUANCAVELICA / TAYACAJA + JUNIN / HUANCAYO + JUNIN / CONCEPCION + JUNIN / SATIPO,bounded_vraem_province_subset,0,7,1035
prov_subset,vraem_prov_subset_1002,VRAEM provinces: APURIMAC / CHINCHEROS + AYACUCHO / LA MAR + HUANCAVELICA / CHURCAMPA + HUANCAVELICA / TAYACAJA + JUNIN / HUANCAYO + JUNIN / CONCEPCION + JUNIN / SATIPO,bounded_vraem_province_subset,0,7,1020
prov_subset,vraem_prov_subset_1003,VRAEM provinces: APURIMAC / ANDAHUAYLAS + APURIMAC / CHINCHEROS + AYACUCHO / LA MAR + HUANCAVELICA / CHURCAMPA + HUANCAVELICA / TAYACAJA + JUNIN / HUANCAYO + JUNIN / CONCEPCION + JUNIN / SATIPO,bounded_vraem_province_subset,0,8,1113
prov_subset,vraem_prov_subset_1004,VRAEM provinces: AYACUCHO / HUANTA + AYACUCHO / LA MAR + HUANCAVELICA / CHURCAMPA + HUANCAVELICA / TAYACAJA + JUNIN / HUANCAYO + JUNIN / CONCEPCION + JUNIN / SATIPO,bounded_vraem_province_subset,0,7,1179
prov_subset,vraem_prov_subset_1005,VRAEM provinces: APURIMAC / ANDAHUAYLAS + AYACUCHO / HUANTA + AYACUCHO / LA MAR + HUANCAVELICA / CHURCAMPA + HUANCAVELICA / TAYACAJA + JUNIN / HUANCAYO + JUNIN / CONCEPCION + JUNIN / SATIPO,bounded_vraem_province_subset,0,8,1272
prov_subset,vraem_prov_subset_1006,VRAEM provinces: APURIMAC / CHINCHEROS + AYACUCHO / HUANTA + AYACUCHO / LA MAR + HUANCAVELICA / CHURCAMPA + HUANCAVELICA / TAYACAJA + JUNIN / HUANCAYO + JUNIN / CONCEPCION + JUNIN / SATIPO,bounded_vraem_province_subset,0,8,1257
prov_subset,vraem_prov_subset_1007,VRAEM provinces: APURIMAC / ANDAHUAYLAS + APURIMAC / CHINCHEROS + AYACUCHO / HUANTA + AYACUCHO / LA MAR + HUANCAVELICA / CHURCAMPA + HUANCAVELICA / TAYACAJA + JUNIN / HUANCAYO + JUNIN / CONCEPCION + JUNIN / SATIPO,bounded_vraem_province_subset,0,9,1350
prov_subset,vraem_prov_subset_1008,VRAEM provinces: CUSCO / LA CONVENCION + HUANCAVELICA / CHURCAMPA + HUANCAVELICA / TAYACAJA + JUNIN / HUANCAYO + JUNIN / CONCEPCION + JUNIN / SATIPO,bounded_vraem_province_subset,0,6,751
prov_subset,vraem_prov_subset_1009,VRAEM provinces: APURIMAC / ANDAHUAYLAS + CUSCO / LA CONVENCION + HUANCAVELICA / CHURCAMPA + HUANCAVELICA / TAYACAJA + JUNIN / HUANCAYO + JUNIN / CONCEPCION + JUNIN / SATIPO,bounded_vraem_province_subset,0,7,844
prov_subset,vraem_prov_subset_1010,VRAEM provinces: APURIMAC / CHINCHEROS + CUSCO / LA CONVENCION + HUANCAVELICA / CHURCAMPA + HUANCAVELICA / TAYACAJA + JUNIN / HUANCAYO + JUNIN / CONCEPCION + JUNIN / SATIPO,bounded_vraem_province_subset,0,7,829
prov_subset,vraem_prov_subset_1011,VRAEM provinces: APURIMAC / ANDAHUAYLAS + APURIMAC / CHINCHEROS + CUSCO / LA CONVENCION + HUANCAVELICA / CHURCAMPA + HUANCAVELICA / TAYACAJA + JUNIN / HUANCAYO + JUNIN / CONCEPCION + JUNIN / SATIPO,bounded_vraem_province_subset,0,8,922
prov_subset,vraem_prov_subset_1012,VRAEM provinces: AYACUCHO / HUANTA + CUSCO / LA CONVENCION + HUANCAVELICA / CHURCAMPA + HUANCAVELICA / TAYACAJA + JUNIN / HUANCAYO + JUNIN / CONCEPCION + JUNIN / SATIPO,bounded_vraem_province_subset,0,7,988
prov_subset,vraem_prov_subset_1013,VRAEM provinces: APURIMAC / ANDAHUAYLAS + AYACUCHO / HUANTA + CUSCO / LA CONVENCION + HUANCAVELICA / CHURCAMPA + HUANCAVELICA / TAYACAJA + JUNIN / HUANCAYO + JUNIN / CONCEPCION + JUNIN / SATIPO,bounded_vraem_province_subset,0,8,1081
prov_subset,vraem_prov_subset_1014,VRAEM provinces: APURIMAC / CHINCHEROS + AYACUCHO / HUANTA + CUSCO / LA CONVENCION + HUANCAVELICA / CHURCAMPA + HUANCAVELICA / TAYACAJA + JUNIN / HUANCAYO + JUNIN / CONCEPCION + JUNIN / SATIPO,bounded_vraem_province_subset,0,8,1066
prov_subset,vraem_prov_subset_1015,VRAEM provinces: APURIMAC / ANDAHUAYLAS + APURIMAC / CHINCHEROS + AYACUCHO / HUANTA + CUSCO / LA CONVENCION + HUANCAVELICA / CHURCAMPA + HUANCAVELICA / TAYACAJA + JUNIN / HUANCAYO + JUNIN / CONCEPCION + JUNIN / SATIPO,bounded_vraem_province_subset,0,9,1159
prov_subset,vraem_prov_subset_1016,VRAEM provinces: AYACUCHO / LA MAR + CUSCO / LA CONVENCION + HUANCAVELICA / CHURCAMPA + HUANCAVELICA / TAYACAJA + JUNIN / HUANCAYO + JUNIN / CONCEPCION + JUNIN / SATIPO,bounded_vraem_province_subset,0,7,1046
prov_subset,vraem_prov_subset_1017,VRAEM provinces: APURIMAC / ANDAHUAYLAS + AYACUCHO / LA MAR + CUSCO / LA CONVENCION + HUANCAVELICA / CHURCAMPA + HUANCAVELICA / TAYACAJA + JUNIN / HUANCAYO + JUNIN / CONCEPCION + JUNIN / SATIPO,bounded_vraem_province_subset,0,8,1139
prov_subset,vraem_prov_subset_1018,VRAEM provinces: APURIMAC / CHINCHEROS + AYACUCHO / LA MAR + CUSCO / LA CONVENCION + HUANCAVELICA / CHURCAMPA + HUANCAVELICA / TAYACAJA + JUNIN / HUANCAYO + JUNIN / CONCEPCION + JUNIN / SATIPO,bounded_vraem_province_subset,0,8,1124
prov_subset,vraem_prov_subset_1019,VRAEM provinces: APURIMAC / ANDAHUAYLAS + APURIMAC / CHINCHEROS + AYACUCHO / LA MAR + CUSCO / LA CONVENCION + HUANCAVELICA / CHURCAMPA + HUANCAVELICA / TAYACAJA + JUNIN / HUANCAYO + JUNIN / CONCEPCION + JUNIN / SATIPO,bounded_vraem_province_subset,0,9,1217
prov_subset,vraem_prov_subset_1020,VRAEM provinces: AYACUCHO / HUANTA + AYACUCHO / LA MAR + CUSCO / LA CONVENCION + HUANCAVELICA / CHURCAMPA + HUANCAVELICA / TAYACAJA + JUNIN / HUANCAYO + JUNIN / CONCEPCION + JUNIN / SATIPO,bounded_vraem_province_subset,0,8,1283
prov_subset,vraem_prov_subset_1021,VRAEM provinces: APURIMAC / ANDAHUAYLAS + AYACUCHO / HUANTA + AYACUCHO / LA MAR + CUSCO / LA CONVENCION + HUANCAVELICA / CHURCAMPA + HUANCAVELICA / TAYACAJA + JUNIN / HUANCAYO + JUNIN / CONCEPCION + JUNIN / SATIPO,bounded_vraem_province_subset,0,9,1376
prov_subset,vraem_prov_subset_1022,VRAEM provinces: APURIMAC / CHINCHEROS + AYACUCHO / HUANTA + AYACUCHO / LA MAR + CUSCO / LA CONVENCION + HUANCAVELICA / CHURCAMPA + HUANCAVELICA / TAYACAJA + JUNIN / HUANCAYO + JUNIN / CONCEPCION + JUNIN / SATIPO,bounded_vraem_province_subset,0,9,1361
prov_subset,vraem_prov_subset_1023,VRAEM provinces: APURIMAC / ANDAHUAYLAS + APURIMAC / CHINCHEROS + AYACUCHO / HUANTA + AYACUCHO / LA MAR + CUSCO / LA CONVENCION + HUANCAVELICA / CHURCAMPA + HUANCAVELICA / TAYACAJA + JUNIN / HUANCAYO + JUNIN / CONCEPCION + JUNIN / SATIPO,bounded_vraem_province_subset,0,10,1454
named,conflict_belt7_departments,Combined conflict and VRAEM department belt,derived_official_envelope,1,0,4614
named,legacy_historical,Legacy restricted geography,historical_benchmark,1,0,1162
named,legacy_department_core,Legacy two-department core,historical_component,1,0,907
named,national_full,National RUV universe,national_baseline,1,0,5712
named,cvr6_departments,CVR six high-burden departments,official_conflict_envelope,1,0,4468
named,vraem5_departments,VRAEM five-department envelope,official_department_envelope,1,0,3199
named,vraem10_provinces,Official VRAEM ten-province study envelope,official_province_envelope,1,0,1454
named,vraem6_direct_provinces,VRAEM direct-intervention province envelope,official_province_envelope,1,0,1063
named,cvr5_no_ayacucho,CVR high-burden departments excluding Ayacucho,predeclared_exclusion,1,0,3080
named,vraem4_no_ayacucho,VRAEM departments excluding Ayacucho,predeclared_exclusion,1,0,1811
named,vraem8_no_ayacucho,VRAEM province envelope excluding Ayacucho,predeclared_exclusion,1,0,922
