grid_scope,candidate_id,candidate_label,candidate_type,team_review_eligible,subset_size,cutoff,treatment_var,treatment_year,tie_rule,specification,candidate_n,analysis_n,treated_n,untreated_n,n_left,n_right,treated_left,untreated_left,treated_right,untreated_right,unique_left,unique_right,clusters_left,clusters_right,sign_conflicts,rounding_band_n,support_ok,attempted,estimation_rc,tau_cl,tau_bc,se_rb,p_rb,ci_left,ci_right,h_left,h_right,b_left,b_right,effective_left,effective_right
named,conflict_belt7_departments,Combined conflict and VRAEM department belt,derived_official_envelope,1,0,ab,treat_12,2012,drop_rounding_band,p1_cerrd,4614,2186,1099,1087,1067,1119,450,617,649,470,601,918,282,267,0,10,1,1,0,-.0632232665517785,-.0868332623290486,.1616922993583229,.5912484005207213,-.4037443456488304,.2300778209907331,.0176190344422337,.0176190344422337,.0390288696420016,.0390288696420016,152,96
named,conflict_belt7_departments,Combined conflict and VRAEM department belt,derived_official_envelope,1,0,ab,treat_12,2012,drop_rounding_band,p1_mserd,4614,2186,1099,1087,1067,1119,450,617,649,470,601,918,282,267,0,10,1,1,0,-.0560786516976696,-.1005807929526078,.1498582249360511,.5021103329665697,-.3942975166143702,.1931359307091546,.0241524238643704,.0241524238643704,.0390288696420016,.0390288696420016,214,134
named,conflict_belt7_departments,Combined conflict and VRAEM department belt,derived_official_envelope,1,0,ab,treat_12,2012,drop_rounding_band,p2_mserd,4614,2186,1099,1087,1067,1119,450,617,649,470,601,918,282,267,0,10,1,1,0,-.1028120155220837,-.1138772548716402,.1940766581977384,.5573620150896432,-.4942605151790977,.2665060054358173,.0314107965569021,.0314107965569021,.0423539443529543,.0423539443529543,274,169
named,conflict_belt7_departments,Combined conflict and VRAEM department belt,derived_official_envelope,1,0,ab,treat_12,2012,drop_sign_conflicts,p1_cerrd,4614,2196,1107,1089,1076,1120,457,619,650,470,602,919,283,267,0,10,1,1,0,-.0994788794102501,-.1184553196559258,.1514166586701205,.4340302639247918,-.4152265173087565,.1783158779969048,.0159509844009073,.0159509844009073,.0352161474072482,.0352161474072482,144,90
named,conflict_belt7_departments,Combined conflict and VRAEM department belt,derived_official_envelope,1,0,ab,treat_12,2012,drop_sign_conflicts,p1_mserd,4614,2196,1107,1089,1076,1120,457,619,650,470,602,919,283,267,0,10,1,1,0,-.1055091061612914,-.1448554137004312,.144211522629857,.3151545779527589,-.4275048042106339,.1377939768097715,.0218678267652369,.0218678267652369,.0352161474072482,.0352161474072482,196,123
named,conflict_belt7_departments,Combined conflict and VRAEM department belt,derived_official_envelope,1,0,ab,treat_12,2012,drop_sign_conflicts,p2_mserd,4614,2196,1107,1089,1076,1120,457,619,650,470,602,919,283,267,0,10,1,1,0,-.1432612568941074,-.1431942075269772,.1716198058196221,.4040732059831208,-.479562845967194,.1931744309132395,.0307084084566975,.0307084084566975,.0394957534251878,.0394957534251878,279,168
named,conflict_belt7_departments,Combined conflict and VRAEM department belt,derived_official_envelope,1,0,ab,treat_12,2012,score_as_recorded,p1_cerrd,4614,2196,1107,1089,1076,1120,457,619,650,470,602,919,283,267,0,10,1,1,0,-.0994788794102501,-.1184553196559258,.1514166586701205,.4340302639247918,-.4152265173087565,.1783158779969048,.0159509844009073,.0159509844009073,.0352161474072482,.0352161474072482,144,90
named,conflict_belt7_departments,Combined conflict and VRAEM department belt,derived_official_envelope,1,0,ab,treat_12,2012,score_as_recorded,p1_mserd,4614,2196,1107,1089,1076,1120,457,619,650,470,602,919,283,267,0,10,1,1,0,-.1055091061612914,-.1448554137004312,.144211522629857,.3151545779527589,-.4275048042106339,.1377939768097715,.0218678267652369,.0218678267652369,.0352161474072482,.0352161474072482,196,123
named,conflict_belt7_departments,Combined conflict and VRAEM department belt,derived_official_envelope,1,0,ab,treat_12,2012,score_as_recorded,p2_mserd,4614,2196,1107,1089,1076,1120,457,619,650,470,602,919,283,267,0,10,1,1,0,-.1432612568941074,-.1431942075269772,.1716198058196221,.4040732059831208,-.479562845967194,.1931744309132395,.0307084084566975,.0307084084566975,.0394957534251878,.0394957534251878,279,168
named,conflict_belt7_departments,Combined conflict and VRAEM department belt,derived_official_envelope,1,0,ab,treat_16,2016,drop_rounding_band,p1_cerrd,4614,2186,1443,743,1067,1119,554,513,889,230,601,918,282,267,0,10,1,1,0,-.2455111019749416,-.2747898887369649,.1585298787444952,.0830310995584202,-.5855027415496773,.0359229640757476,.0131066008583129,.0131066008583129,.0323436756708198,.0323436756708198,108,80
named,conflict_belt7_departments,Combined conflict and VRAEM department belt,derived_official_envelope,1,0,ab,treat_16,2016,drop_rounding_band,p1_mserd,4614,2186,1443,743,1067,1119,554,513,889,230,601,918,282,267,0,10,1,1,0,-.237622456036676,-.2934755604938826,.1463901668766029,.0449898727402248,-.5803950152628325,-.0065561057249326,.0179667155081038,.0179667155081038,.0323436756708198,.0323436756708198,159,98
named,conflict_belt7_departments,Combined conflict and VRAEM department belt,derived_official_envelope,1,0,ab,treat_16,2016,drop_rounding_band,p2_mserd,4614,2186,1443,743,1067,1119,554,513,889,230,601,918,282,267,0,10,1,1,0,-.2965921476622646,-.3199255423017009,.1756961252568928,.0686216543821895,-.6642836200284488,.024432535425047,.0279405836053949,.0279405836053949,.0385307965604145,.0385307965604145,245,153
named,conflict_belt7_departments,Combined conflict and VRAEM department belt,derived_official_envelope,1,0,ab,treat_16,2016,drop_sign_conflicts,p1_cerrd,4614,2196,1452,744,1076,1120,562,514,890,230,602,919,283,267,0,10,1,1,0,-.2152986766712968,-.2348879204273842,.1384785025456797,.0898470748113693,-.5063007980499545,.0365249571951862,.0137600164289165,.0137600164289165,.0325298441937551,.0325298441937551,128,84
named,conflict_belt7_departments,Combined conflict and VRAEM department belt,derived_official_envelope,1,0,ab,treat_16,2016,drop_sign_conflicts,p1_mserd,4614,2196,1452,744,1076,1120,562,514,890,230,602,919,283,267,0,10,1,1,0,-.2221402143957043,-.2642546578018359,.1305731401033677,.0429901533529344,-.520173309752739,-.0083360058509327,.0188641433024814,.0188641433024814,.0325298441937551,.0325298441937551,175,105
named,conflict_belt7_departments,Combined conflict and VRAEM department belt,derived_official_envelope,1,0,ab,treat_16,2016,drop_sign_conflicts,p2_mserd,4614,2196,1452,744,1076,1120,562,514,890,230,602,919,283,267,0,10,1,1,0,-.2549506888487558,-.2665888712831372,.1504138840317481,.0763333616544958,-.5613946667601478,.0282169241938733,.0294598325506313,.0294598325506313,.0392097424056221,.0392097424056221,267,163
named,conflict_belt7_departments,Combined conflict and VRAEM department belt,derived_official_envelope,1,0,ab,treat_16,2016,score_as_recorded,p1_cerrd,4614,2196,1452,744,1076,1120,562,514,890,230,602,919,283,267,0,10,1,1,0,-.2152986766712968,-.2348879204273842,.1384785025456797,.0898470748113693,-.5063007980499545,.0365249571951862,.0137600164289165,.0137600164289165,.0325298441937551,.0325298441937551,128,84
named,conflict_belt7_departments,Combined conflict and VRAEM department belt,derived_official_envelope,1,0,ab,treat_16,2016,score_as_recorded,p1_mserd,4614,2196,1452,744,1076,1120,562,514,890,230,602,919,283,267,0,10,1,1,0,-.2221402143957043,-.2642546578018359,.1305731401033677,.0429901533529344,-.520173309752739,-.0083360058509327,.0188641433024814,.0188641433024814,.0325298441937551,.0325298441937551,175,105
named,conflict_belt7_departments,Combined conflict and VRAEM department belt,derived_official_envelope,1,0,ab,treat_16,2016,score_as_recorded,p2_mserd,4614,2196,1452,744,1076,1120,562,514,890,230,602,919,283,267,0,10,1,1,0,-.2549506888487558,-.2665888712831372,.1504138840317481,.0763333616544958,-.5613946667601478,.0282169241938733,.0294598325506313,.0294598325506313,.0392097424056221,.0392097424056221,267,163
named,conflict_belt7_departments,Combined conflict and VRAEM department belt,derived_official_envelope,1,0,ab,treat_23,2023,drop_rounding_band,p1_cerrd,4614,2186,1959,227,1067,1119,932,135,1027,92,601,918,282,267,0,10,1,1,0,.0080308251104393,.0155430697309085,.0787460995764246,.8435285438617003,-.1387964493618885,.1698825888237054,.0282418199861741,.0282418199861741,.0529918255437831,.0529918255437831,245,154
named,conflict_belt7_departments,Combined conflict and VRAEM department belt,derived_official_envelope,1,0,ab,treat_23,2023,drop_rounding_band,p1_mserd,4614,2186,1959,227,1067,1119,932,135,1027,92,601,918,282,267,0,10,1,1,0,.0320955432395984,.0449312462315075,.0753387902212679,.5509152057692428,-.102730069240996,.1925925617040109,.0387142898916343,.0387142898916343,.0529918255437831,.0529918255437831,349,208
named,conflict_belt7_departments,Combined conflict and VRAEM department belt,derived_official_envelope,1,0,ab,treat_23,2023,drop_rounding_band,p2_mserd,4614,2186,1959,227,1067,1119,932,135,1027,92,601,918,282,267,0,10,1,1,0,-.0234270698552423,-.0399134008932718,.1095034350193441,.7154887726342163,-.2545361897146083,.1747093879280647,.0298714701072452,.0298714701072452,.0418565864576621,.0418565864576621,263,164
named,conflict_belt7_departments,Combined conflict and VRAEM department belt,derived_official_envelope,1,0,ab,treat_23,2023,drop_sign_conflicts,p1_cerrd,4614,2196,1968,228,1076,1120,940,136,1028,92,602,919,283,267,0,10,1,1,0,.0094061415261939,.0161573945401228,.0737463236411046,.8265766396073506,-.128382743788677,.1606975328689225,.0280780512677225,.0280780512677225,.0517247071635262,.0517247071635262,254,155
named,conflict_belt7_departments,Combined conflict and VRAEM department belt,derived_official_envelope,1,0,ab,treat_23,2023,drop_sign_conflicts,p1_mserd,4614,2196,1968,228,1076,1120,940,136,1028,92,602,919,283,267,0,10,1,1,0,.0315835802104028,.0428738605312442,.0716293553960023,.5494719839636686,-.09751709628074,.1832648173432284,.0384932958114528,.0384932958114528,.0517247071635262,.0517247071635262,356,207
named,conflict_belt7_departments,Combined conflict and VRAEM department belt,derived_official_envelope,1,0,ab,treat_23,2023,drop_sign_conflicts,p2_mserd,4614,2196,1968,228,1076,1120,940,136,1028,92,602,919,283,267,0,10,1,1,0,-.0149502919405986,-.0273175290694687,.0942037130158878,.771828806558564,-.2119534137905558,.1573183556516184,.0309009765204951,.0309009765204951,.0425671359668267,.0425671359668267,280,168
named,conflict_belt7_departments,Combined conflict and VRAEM department belt,derived_official_envelope,1,0,ab,treat_23,2023,score_as_recorded,p1_cerrd,4614,2196,1968,228,1076,1120,940,136,1028,92,602,919,283,267,0,10,1,1,0,.0094061415261939,.0161573945401228,.0737463236411046,.8265766396073506,-.128382743788677,.1606975328689225,.0280780512677225,.0280780512677225,.0517247071635262,.0517247071635262,254,155
named,conflict_belt7_departments,Combined conflict and VRAEM department belt,derived_official_envelope,1,0,ab,treat_23,2023,score_as_recorded,p1_mserd,4614,2196,1968,228,1076,1120,940,136,1028,92,602,919,283,267,0,10,1,1,0,.0315835802104028,.0428738605312442,.0716293553960023,.5494719839636686,-.09751709628074,.1832648173432284,.0384932958114528,.0384932958114528,.0517247071635262,.0517247071635262,356,207
named,conflict_belt7_departments,Combined conflict and VRAEM department belt,derived_official_envelope,1,0,ab,treat_23,2023,score_as_recorded,p2_mserd,4614,2196,1968,228,1076,1120,940,136,1028,92,602,919,283,267,0,10,1,1,0,-.0149502919405986,-.0273175290694687,.0942037130158878,.771828806558564,-.2119534137905558,.1573183556516184,.0309009765204951,.0309009765204951,.0425671359668267,.0425671359668267,280,168
named,conflict_belt7_departments,Combined conflict and VRAEM department belt,derived_official_envelope,1,0,bc,treat_12,2012,drop_rounding_band,p1_cerrd,4614,2110,781,1329,1034,1076,324,710,457,619,291,602,327,283,0,5,1,1,0,.0546793510357652,.0513539214595919,.1163210690337868,.6588624516950002,-.1766311844898274,.2793390274090113,.0110995368797039,.0110995368797039,.0241284974419301,.0241284974419301,219,182
named,conflict_belt7_departments,Combined conflict and VRAEM department belt,derived_official_envelope,1,0,bc,treat_12,2012,drop_rounding_band,p1_mserd,4614,2110,781,1329,1034,1076,324,710,457,619,291,602,327,283,0,5,1,1,0,.0448156163435875,.0380202279879419,.1055327810088329,.7186457065631662,-.1688202219777231,.2448606779536069,.0152957702014749,.0152957702014749,.0241284974419301,.0241284974419301,318,246
named,conflict_belt7_departments,Combined conflict and VRAEM department belt,derived_official_envelope,1,0,bc,treat_12,2012,drop_rounding_band,p2_mserd,4614,2110,781,1329,1034,1076,324,710,457,619,291,602,327,283,0,5,1,1,0,.0688619596022544,.0952634007522932,.1349520888758715,.4802470038775782,-.1692378330828633,.3597646345874498,.0193466883987473,.0193466883987473,.0277860701385384,.0277860701385384,438,316
named,conflict_belt7_departments,Combined conflict and VRAEM department belt,derived_official_envelope,1,0,bc,treat_12,2012,drop_sign_conflicts,p1_cerrd,4614,2115,783,1332,1039,1076,326,713,457,619,292,602,328,283,0,5,1,1,0,.0461430855556224,.0467306479943989,.1172542522326141,.6902313099625146,-.1830834634157,.2765447594044977,.0106025119043021,.0106025119043021,.0226846902217257,.0226846902217257,218,174
named,conflict_belt7_departments,Combined conflict and VRAEM department belt,derived_official_envelope,1,0,bc,treat_12,2012,drop_sign_conflicts,p1_mserd,4614,2115,783,1332,1039,1076,326,713,457,619,292,602,328,283,0,5,1,1,0,.0393617076467959,.0390300333840401,.1070868758801889,.7155065161210989,-.170856386558041,.2489164533261212,.0146120392212043,.0146120392212043,.0226846902217257,.0226846902217257,307,232
named,conflict_belt7_departments,Combined conflict and VRAEM department belt,derived_official_envelope,1,0,bc,treat_12,2012,drop_sign_conflicts,p2_mserd,4614,2115,783,1332,1039,1076,326,713,457,619,292,602,328,283,0,5,1,1,0,.0682585989518474,.0990477978887585,.1396886205241196,.4782864238602109,-.1747368673885985,.3728324631661155,.0175359108366839,.0175359108366839,.0252902588687147,.0252902588687147,388,281
named,conflict_belt7_departments,Combined conflict and VRAEM department belt,derived_official_envelope,1,0,bc,treat_12,2012,score_as_recorded,p1_cerrd,4614,2115,783,1332,1039,1076,326,713,457,619,292,602,328,283,0,5,1,1,0,.0461430855556224,.0467306479943989,.1172542522326141,.6902313099625146,-.1830834634157,.2765447594044977,.0106025119043021,.0106025119043021,.0226846902217257,.0226846902217257,218,174
named,conflict_belt7_departments,Combined conflict and VRAEM department belt,derived_official_envelope,1,0,bc,treat_12,2012,score_as_recorded,p1_mserd,4614,2115,783,1332,1039,1076,326,713,457,619,292,602,328,283,0,5,1,1,0,.0393617076467959,.0390300333840401,.1070868758801889,.7155065161210989,-.170856386558041,.2489164533261212,.0146120392212043,.0146120392212043,.0226846902217257,.0226846902217257,307,232
named,conflict_belt7_departments,Combined conflict and VRAEM department belt,derived_official_envelope,1,0,bc,treat_12,2012,score_as_recorded,p2_mserd,4614,2115,783,1332,1039,1076,326,713,457,619,292,602,328,283,0,5,1,1,0,.0682585989518474,.0990477978887585,.1396886205241196,.4782864238602109,-.1747368673885985,.3728324631661155,.0175359108366839,.0175359108366839,.0252902588687147,.0252902588687147,388,281
named,conflict_belt7_departments,Combined conflict and VRAEM department belt,derived_official_envelope,1,0,bc,treat_16,2016,drop_rounding_band,p1_cerrd,4614,2110,895,1215,1034,1076,333,701,562,514,291,602,327,283,0,5,1,1,0,.1583441799772305,.1578602251048236,.111814776967588,.158008534537094,-.0612927106910276,.3770131609006747,.0122989786391393,.0122989786391393,.0262230925634622,.0262230925634622,247,197
named,conflict_belt7_departments,Combined conflict and VRAEM department belt,derived_official_envelope,1,0,bc,treat_16,2016,drop_rounding_band,p1_mserd,4614,2110,895,1215,1034,1076,333,701,562,514,291,602,327,283,0,5,1,1,0,.1400929266374747,.138899939069665,.1016668012949815,.1718676941591459,-.0603633298918888,.3381632080312189,.0169486666890683,.0169486666890683,.0262230925634622,.0262230925634622,375,271
named,conflict_belt7_departments,Combined conflict and VRAEM department belt,derived_official_envelope,1,0,bc,treat_16,2016,drop_rounding_band,p2_mserd,4614,2110,895,1215,1034,1076,333,701,562,514,291,602,327,283,0,5,1,1,0,.1946547823948193,.2187433506210674,.1504785790485479,.1460430644002797,-.07618924475885,.5136759460009849,.0171241695818972,.0171241695818972,.0241707836247489,.0241707836247489,377,275
named,conflict_belt7_departments,Combined conflict and VRAEM department belt,derived_official_envelope,1,0,bc,treat_16,2016,drop_sign_conflicts,p1_cerrd,4614,2115,897,1218,1039,1076,335,704,562,514,292,602,328,283,0,5,1,1,0,.1443033681463135,.1437154152055481,.1110901100968494,.1957748517029726,-.0740171996228661,.3614480300339623,.0121072161482367,.0121072161482367,.0256738181917208,.0256738181917208,249,190
named,conflict_belt7_departments,Combined conflict and VRAEM department belt,derived_official_envelope,1,0,bc,treat_16,2016,drop_sign_conflicts,p1_mserd,4614,2115,897,1218,1039,1076,335,704,562,514,292,602,328,283,0,5,1,1,0,.1318739589615139,.1299770820856628,.1013932344741948,.1998739397361603,-.068750005759784,.3287041699311097,.0166857739764338,.0166857739764338,.0256738181917208,.0256738181917208,364,270
named,conflict_belt7_departments,Combined conflict and VRAEM department belt,derived_official_envelope,1,0,bc,treat_16,2016,drop_sign_conflicts,p2_mserd,4614,2115,897,1218,1039,1076,335,704,562,514,292,602,328,283,0,5,1,1,0,.1592625800765231,.1780047043361288,.1353828304764487,.1885687872985552,-.0873407675228022,.4433501761950598,.0195431781130441,.0195431781130441,.0271128915378362,.0271128915378362,447,317
named,conflict_belt7_departments,Combined conflict and VRAEM department belt,derived_official_envelope,1,0,bc,treat_16,2016,score_as_recorded,p1_cerrd,4614,2115,897,1218,1039,1076,335,704,562,514,292,602,328,283,0,5,1,1,0,.1443033681463135,.1437154152055481,.1110901100968494,.1957748517029726,-.0740171996228661,.3614480300339623,.0121072161482367,.0121072161482367,.0256738181917208,.0256738181917208,249,190
named,conflict_belt7_departments,Combined conflict and VRAEM department belt,derived_official_envelope,1,0,bc,treat_16,2016,score_as_recorded,p1_mserd,4614,2115,897,1218,1039,1076,335,704,562,514,292,602,328,283,0,5,1,1,0,.1318739589615139,.1299770820856628,.1013932344741948,.1998739397361603,-.068750005759784,.3287041699311097,.0166857739764338,.0166857739764338,.0256738181917208,.0256738181917208,364,270
named,conflict_belt7_departments,Combined conflict and VRAEM department belt,derived_official_envelope,1,0,bc,treat_16,2016,score_as_recorded,p2_mserd,4614,2115,897,1218,1039,1076,335,704,562,514,292,602,328,283,0,5,1,1,0,.1592625800765231,.1780047043361288,.1353828304764487,.1885687872985552,-.0873407675228022,.4433501761950598,.0195431781130441,.0195431781130441,.0271128915378362,.0271128915378362,447,317
named,conflict_belt7_departments,Combined conflict and VRAEM department belt,derived_official_envelope,1,0,bc,treat_23,2023,drop_rounding_band,p1_cerrd,4614,2110,1837,273,1034,1076,897,137,940,136,291,602,327,283,0,5,1,1,0,.0433984140827868,.0503868556426399,.0884801726869473,.5690368277032956,-.1230310961696614,.2238048074549412,.0111941828703381,.0111941828703381,.0252162381086034,.0252162381086034,220,183
named,conflict_belt7_departments,Combined conflict and VRAEM department belt,derived_official_envelope,1,0,bc,treat_23,2023,drop_rounding_band,p1_mserd,4614,2110,1837,273,1034,1076,897,137,940,136,291,602,327,283,0,5,1,1,0,.0212281018666713,.0335367000455318,.0821968321078611,.6832701687771273,-.1275661305291614,.194639530620225,.0154261975642488,.0154261975642488,.0252162381086034,.0252162381086034,324,249
named,conflict_belt7_departments,Combined conflict and VRAEM department belt,derived_official_envelope,1,0,bc,treat_23,2023,drop_rounding_band,p2_mserd,4614,2110,1837,273,1034,1076,897,137,940,136,291,602,327,283,0,5,1,1,0,.1423253913220774,.1723153034531446,.129356400827149,.1828282398841256,-.0812185833377947,.4258491902440839,.0116333686857864,.0116333686857864,.016769624342758,.016769624342758,233,187
named,conflict_belt7_departments,Combined conflict and VRAEM department belt,derived_official_envelope,1,0,bc,treat_23,2023,drop_sign_conflicts,p1_cerrd,4614,2115,1841,274,1039,1076,901,138,940,136,292,602,328,283,0,5,1,1,0,.0453408078466426,.0523168739678928,.0840029188760586,.5334170842464124,-.112325821625422,.2169595695612075,.0118493714169055,.0118493714169055,.026448679741911,.026448679741911,242,189
named,conflict_belt7_departments,Combined conflict and VRAEM department belt,derived_official_envelope,1,0,bc,treat_23,2023,drop_sign_conflicts,p1_mserd,4614,2115,1841,274,1039,1076,901,138,940,136,292,602,328,283,0,5,1,1,0,.0211924214073569,.0341589048338495,.0781682258522192,.6621170061936428,-.1190480025718928,.1873658122395919,.0163304207015495,.0163304207015495,.026448679741911,.026448679741911,351,261
named,conflict_belt7_departments,Combined conflict and VRAEM department belt,derived_official_envelope,1,0,bc,treat_23,2023,drop_sign_conflicts,p2_mserd,4614,2115,1841,274,1039,1076,901,138,940,136,292,602,328,283,0,5,1,1,0,.1220778406714116,.1477882251161335,.1185278831360951,.2124471378458222,-.0845221569943852,.3800986072266523,.0121516618211088,.0121516618211088,.0170477767642865,.0170477767642865,251,190
named,conflict_belt7_departments,Combined conflict and VRAEM department belt,derived_official_envelope,1,0,bc,treat_23,2023,score_as_recorded,p1_cerrd,4614,2115,1841,274,1039,1076,901,138,940,136,292,602,328,283,0,5,1,1,0,.0453408078466426,.0523168739678928,.0840029188760586,.5334170842464124,-.112325821625422,.2169595695612075,.0118493714169055,.0118493714169055,.026448679741911,.026448679741911,242,189
named,conflict_belt7_departments,Combined conflict and VRAEM department belt,derived_official_envelope,1,0,bc,treat_23,2023,score_as_recorded,p1_mserd,4614,2115,1841,274,1039,1076,901,138,940,136,292,602,328,283,0,5,1,1,0,.0211924214073569,.0341589048338495,.0781682258522192,.6621170061936428,-.1190480025718928,.1873658122395919,.0163304207015495,.0163304207015495,.026448679741911,.026448679741911,351,261
named,conflict_belt7_departments,Combined conflict and VRAEM department belt,derived_official_envelope,1,0,bc,treat_23,2023,score_as_recorded,p2_mserd,4614,2115,1841,274,1039,1076,901,138,940,136,292,602,328,283,0,5,1,1,0,.1220778406714116,.1477882251161335,.1185278831360951,.2124471378458222,-.0845221569943852,.3800986072266523,.0121516618211088,.0121516618211088,.0170477767642865,.0170477767642865,251,190
named,conflict_belt7_departments,Combined conflict and VRAEM department belt,derived_official_envelope,1,0,cd,treat_12,2012,drop_rounding_band,p1_cerrd,4614,1895,462,1433,858,1037,136,722,326,711,60,291,299,327,4,3,1,1,0,-.0234059261760091,-.0253293279497006,.1529399536425084,.8684590284827829,-.3250861288862425,.2744274729868413,.0024624665466698,.0024624665466698,.0053150118466337,.0053150118466337,120,103
named,conflict_belt7_departments,Combined conflict and VRAEM department belt,derived_official_envelope,1,0,cd,treat_12,2012,drop_rounding_band,p1_mserd,4614,1895,462,1433,858,1037,136,722,326,711,60,291,299,327,4,3,1,1,0,-.0601566597143365,-.0649203675819373,.1426285917391766,.6489863791549122,-.3444672705563904,.2146265353925158,.0033978097314914,.0033978097314914,.0053150118466337,.0053150118466337,178,147
named,conflict_belt7_departments,Combined conflict and VRAEM department belt,derived_official_envelope,1,0,cd,treat_12,2012,drop_rounding_band,p2_mserd,4614,1895,462,1433,858,1037,136,722,326,711,60,291,299,327,4,3,1,1,0,-.0217011943968741,.0064055552397893,.1743039455450827,.9706848662706355,-.3352239003918037,.3480350108713822,.0044452672303704,.0044452672303704,.0060716879073321,.0060716879073321,259,187
named,conflict_belt7_departments,Combined conflict and VRAEM department belt,derived_official_envelope,1,0,cd,treat_12,2012,drop_sign_conflicts,p1_cerrd,4614,1894,461,1433,858,1036,136,722,325,711,60,291,299,327,4,3,1,1,0,-.0244212184145294,-.0263147583336497,.1526432192748952,.8631278754430065,-.3254899705966943,.272860453929395,.0024738643668543,.0024738643668543,.0053309936430665,.0053309936430665,120,108
named,conflict_belt7_departments,Combined conflict and VRAEM department belt,derived_official_envelope,1,0,cd,treat_12,2012,drop_sign_conflicts,p1_mserd,4614,1894,461,1433,858,1036,136,722,325,711,60,291,299,327,4,3,1,1,0,-.0579190535206907,-.0627205445564761,.1422918514810305,.6593664617591432,-.3416074487528181,.2161663596398659,.0034135368991936,.0034135368991936,.0053309936430665,.0053309936430665,178,146
named,conflict_belt7_departments,Combined conflict and VRAEM department belt,derived_official_envelope,1,0,cd,treat_12,2012,drop_sign_conflicts,p2_mserd,4614,1894,461,1433,858,1036,136,722,325,711,60,291,299,327,4,3,1,1,0,-.019955497286956,.0065726677719287,.174132606572998,.9698908477506004,-.3347209696452301,.3478663051890874,.0044611076804119,.0044611076804119,.0060826316165301,.0060826316165301,259,186
named,conflict_belt7_departments,Combined conflict and VRAEM department belt,derived_official_envelope,1,0,cd,treat_12,2012,score_as_recorded,p1_cerrd,4614,1898,463,1435,861,1037,137,724,326,711,61,291,300,327,4,3,1,1,0,-.0266807019681071,-.0273301591260289,.1478887871837228,.8533842570206445,-.3171868557234342,.2625265374713763,.0024674789960627,.0024674789960627,.0052849649034757,.0052849649034757,123,103
named,conflict_belt7_departments,Combined conflict and VRAEM department belt,derived_official_envelope,1,0,cd,treat_12,2012,score_as_recorded,p1_mserd,4614,1898,463,1435,861,1037,137,724,326,711,61,291,300,327,4,3,1,1,0,-.0631659932153357,-.0656789035844316,.1385047446559478,.6353575318965898,-.3371432147980058,.2057854076291427,.0034049978462887,.0034049978462887,.0052849649034757,.0052849649034757,181,147
named,conflict_belt7_departments,Combined conflict and VRAEM department belt,derived_official_envelope,1,0,cd,treat_12,2012,score_as_recorded,p2_mserd,4614,1898,463,1435,861,1037,137,724,326,711,61,291,300,327,4,3,1,1,0,-.0217272015397818,.0079632217511456,.1675132661907145,.9620845586319751,-.3203567469153258,.336283190417617,.0044666560515423,.0044666560515423,.006074615679988,.006074615679988,262,187
named,conflict_belt7_departments,Combined conflict and VRAEM department belt,derived_official_envelope,1,0,cd,treat_16,2016,drop_rounding_band,p1_cerrd,4614,1895,480,1415,858,1037,145,713,335,702,60,291,299,327,4,3,1,1,0,.0433130842815431,.0450901740034477,.1549241485868134,.7710155449798303,-.2585555775622385,.3487359255691338,.002706374236725,.002706374236725,.0056661881174979,.0056661881174979,126,109
named,conflict_belt7_departments,Combined conflict and VRAEM department belt,derived_official_envelope,1,0,cd,treat_16,2016,drop_rounding_band,p1_mserd,4614,1895,480,1415,858,1037,145,713,335,702,60,291,299,327,4,3,1,1,0,-.0032221012081515,-.0003688169560867,.1426978735887299,.9979377896811537,-.2800515098604467,.2793138759482733,.0037343633078134,.0037343633078134,.0056661881174979,.0056661881174979,216,168
named,conflict_belt7_departments,Combined conflict and VRAEM department belt,derived_official_envelope,1,0,cd,treat_16,2016,drop_rounding_band,p2_mserd,4614,1895,480,1415,858,1037,145,713,335,702,60,291,299,327,4,3,1,1,0,.0682517174585386,.1078231818105793,.1832565489695608,.5562820431825473,-.2513530541008606,.4669994177220191,.0042753579877848,.0042753579877848,.005883854497791,.005883854497791,235,187
named,conflict_belt7_departments,Combined conflict and VRAEM department belt,derived_official_envelope,1,0,cd,treat_16,2016,drop_sign_conflicts,p1_cerrd,4614,1894,479,1415,858,1036,145,713,334,702,60,291,299,327,4,3,1,1,0,.0430379480902124,.0453616399833657,.1547754579439579,.769460762734312,-.2579926832774855,.348715963244217,.0027128411897305,.0027128411897305,.0056746750686992,.0056746750686992,126,109
named,conflict_belt7_departments,Combined conflict and VRAEM department belt,derived_official_envelope,1,0,cd,treat_16,2016,drop_sign_conflicts,p1_mserd,4614,1894,479,1415,858,1036,145,713,334,702,60,291,299,327,4,3,1,1,0,-.0003446987004659,.0035905481980889,.1425219322018836,.9799010586562327,-.2757473059246623,.2829284023208401,.0037432866679641,.0037432866679641,.0056746750686992,.0056746750686992,216,167
named,conflict_belt7_departments,Combined conflict and VRAEM department belt,derived_official_envelope,1,0,cd,treat_16,2016,drop_sign_conflicts,p2_mserd,4614,1894,479,1415,858,1036,145,713,334,702,60,291,299,327,4,3,1,1,0,.0680319428716529,.1065971953687859,.1831381207873425,.5605269261077632,-.2523469255707516,.4655413163083233,.0042944728725679,.0042944728725679,.0058954499607316,.0058954499607316,235,186
named,conflict_belt7_departments,Combined conflict and VRAEM department belt,derived_official_envelope,1,0,cd,treat_16,2016,score_as_recorded,p1_cerrd,4614,1898,481,1417,861,1037,146,715,335,702,61,291,300,327,4,3,1,1,0,.0405877854088388,.0427200351650875,.1503094468266694,.7762464583752623,-.2518810671513227,.3373211374814978,.0027203541253932,.0027203541253932,.0056473623860526,.0056473623860526,129,109
named,conflict_belt7_departments,Combined conflict and VRAEM department belt,derived_official_envelope,1,0,cd,treat_16,2016,score_as_recorded,p1_mserd,4614,1898,481,1417,861,1037,146,715,335,702,61,291,300,327,4,3,1,1,0,-.0061520836236407,-.0028623067421893,.1387417307406681,.9835404362263335,-.2747911021466525,.2690664886622738,.0037539529020862,.0037539529020862,.0056473623860526,.0056473623860526,219,168
named,conflict_belt7_departments,Combined conflict and VRAEM department belt,derived_official_envelope,1,0,cd,treat_16,2016,score_as_recorded,p2_mserd,4614,1898,481,1417,861,1037,146,715,335,702,61,291,300,327,4,3,1,1,0,.0674660986178317,.1089424081510706,.1764482852884994,.5369588253705977,-.2368898761482368,.454774692450378,.0042947259901949,.0042947259901949,.0058950031770335,.0058950031770335,238,187
named,conflict_belt7_departments,Combined conflict and VRAEM department belt,derived_official_envelope,1,0,cd,treat_23,2023,drop_rounding_band,p1_cerrd,4614,1895,1510,385,858,1037,611,247,899,138,60,291,299,327,4,3,1,1,0,.0802569680643181,.0847408596954164,.088053234968322,.3358576875237816,-.0878403095647375,.2573220289555704,.0036929462542792,.0036929462542792,.0078936796157378,.0078936796157378,203,168
named,conflict_belt7_departments,Combined conflict and VRAEM department belt,derived_official_envelope,1,0,cd,treat_23,2023,drop_rounding_band,p1_mserd,4614,1895,1510,385,858,1037,611,247,899,138,60,291,299,327,4,3,1,1,0,.0776719938074424,.0860061438582713,.0842365560956064,.3072509511211714,-.0790944722708051,.2511067599873478,.0050956747971394,.0050956747971394,.0078936796157378,.0078936796157378,282,220
named,conflict_belt7_departments,Combined conflict and VRAEM department belt,derived_official_envelope,1,0,cd,treat_23,2023,drop_rounding_band,p2_mserd,4614,1895,1510,385,858,1037,611,247,899,138,60,291,299,327,4,3,1,1,0,.0804012586698839,.0729552420810382,.1176846430633152,.5353094609791405,-.157702419856511,.3036129040185874,.0047218127582398,.0047218127582398,.0065639676307366,.0065639676307366,267,205
named,conflict_belt7_departments,Combined conflict and VRAEM department belt,derived_official_envelope,1,0,cd,treat_23,2023,drop_sign_conflicts,p1_cerrd,4614,1894,1509,385,858,1036,611,247,898,138,60,291,299,327,4,3,1,1,0,.0807984439533811,.0854657237906082,.0881378539055329,.3322048367525712,-.0872812955388892,.2582127431201057,.0036889734417311,.0036889734417311,.007893131256921,.007893131256921,203,167
named,conflict_belt7_departments,Combined conflict and VRAEM department belt,derived_official_envelope,1,0,cd,treat_23,2023,drop_sign_conflicts,p1_mserd,4614,1894,1509,385,858,1036,611,247,898,138,60,291,299,327,4,3,1,1,0,.0780281898932955,.0867125909693915,.0842628065406604,.3034453065433748,-.0784394750865689,.251864657025352,.0050901929516477,.0050901929516477,.007893131256921,.007893131256921,282,219
named,conflict_belt7_departments,Combined conflict and VRAEM department belt,derived_official_envelope,1,0,cd,treat_23,2023,drop_sign_conflicts,p2_mserd,4614,1894,1509,385,858,1036,611,247,898,138,60,291,299,327,4,3,1,1,0,.080837207218849,.0732169897333694,.1176548231524202,.5337424236095402,-.1573822262528034,.3038162057195423,.0047236558780804,.0047236558780804,.0065674395464775,.0065674395464775,267,204
named,conflict_belt7_departments,Combined conflict and VRAEM department belt,derived_official_envelope,1,0,cd,treat_23,2023,score_as_recorded,p1_cerrd,4614,1898,1513,385,861,1037,614,247,899,138,61,291,300,327,4,3,1,1,0,.0701406163021099,.0728989339298083,.0820113257901948,.3740629438250528,-.0878403109433543,.2336381788029709,.0040093738852862,.0040093738852862,.0083866228602814,.0083866228602814,228,178
named,conflict_belt7_departments,Combined conflict and VRAEM department belt,derived_official_envelope,1,0,cd,treat_23,2023,score_as_recorded,p1_mserd,4614,1898,1513,385,861,1037,614,247,899,138,61,291,300,327,4,3,1,1,0,.0639455599027274,.0691950029361652,.0793623625381975,.3832700899410287,-.0863523693667126,.2247423752390431,.0055327358271945,.0055327358271945,.0083866228602814,.0083866228602814,336,247
named,conflict_belt7_departments,Combined conflict and VRAEM department belt,derived_official_envelope,1,0,cd,treat_23,2023,score_as_recorded,p2_mserd,4614,1898,1513,385,861,1037,614,247,899,138,61,291,300,327,4,3,1,1,0,.0482005535675887,.0389911389617597,.1136820961275133,.7316105042952255,-.1838216751351868,.2618039530587061,.0045211768726871,.0045211768726871,.0062160091573286,.0062160091573286,262,201
named,conflict_belt7_departments,Combined conflict and VRAEM department belt,derived_official_envelope,1,0,de,treat_12,2012,drop_rounding_band,p1_cerrd,4614,1325,152,1173,520,805,19,501,133,672,13,60,210,294,54,54,1,1,0,.0022165387894283,-.0153008260977874,.1044950875817252,.883584888911356,-.2201074343193274,.1895057821237527,.001022888860071,.001022888860071,.0028726167981908,.0028726167981908,70,53
named,conflict_belt7_departments,Combined conflict and VRAEM department belt,derived_official_envelope,1,0,de,treat_12,2012,drop_rounding_band,p1_mserd,4614,1325,152,1173,520,805,19,501,133,672,13,60,210,294,54,54,1,1,0,-.0272740384607939,-.0919585920842185,.0796259173165005,.248138476579339,-.2480225222605237,.0641053380920867,.0013962075293572,.0013962075293572,.0028726167981908,.0028726167981908,72,104
named,conflict_belt7_departments,Combined conflict and VRAEM department belt,derived_official_envelope,1,0,de,treat_12,2012,drop_rounding_band,p2_mserd,4614,1325,152,1173,520,805,19,501,133,672,13,60,210,294,54,54,1,1,0,-.1371627589129565,-.1750834277819743,.1601776194094343,.2743683364550292,-.4890257929538294,.1388589373898809,.0023613942494848,.0023613942494848,.0038271455239054,.0038271455239054,159,160
named,conflict_belt7_departments,Combined conflict and VRAEM department belt,derived_official_envelope,1,0,de,treat_12,2012,drop_sign_conflicts,p1_cerrd,4614,1325,152,1173,520,805,19,501,133,672,13,60,210,294,54,54,1,1,0,.0022165387894283,-.0153008260977874,.1044950875817252,.883584888911356,-.2201074343193274,.1895057821237527,.001022888860071,.001022888860071,.0028726167981908,.0028726167981908,70,53
named,conflict_belt7_departments,Combined conflict and VRAEM department belt,derived_official_envelope,1,0,de,treat_12,2012,drop_sign_conflicts,p1_mserd,4614,1325,152,1173,520,805,19,501,133,672,13,60,210,294,54,54,1,1,0,-.0272740384607939,-.0919585920842185,.0796259173165005,.248138476579339,-.2480225222605237,.0641053380920867,.0013962075293572,.0013962075293572,.0028726167981908,.0028726167981908,72,104
named,conflict_belt7_departments,Combined conflict and VRAEM department belt,derived_official_envelope,1,0,de,treat_12,2012,drop_sign_conflicts,p2_mserd,4614,1325,152,1173,520,805,19,501,133,672,13,60,210,294,54,54,1,1,0,-.1371627589129565,-.1750834277819743,.1601776194094343,.2743683364550292,-.4890257929538294,.1388589373898809,.0023613942494848,.0023613942494848,.0038271455239054,.0038271455239054,159,160
named,conflict_belt7_departments,Combined conflict and VRAEM department belt,derived_official_envelope,1,0,de,treat_12,2012,score_as_recorded,p1_cerrd,4614,1379,156,1223,574,805,23,551,133,672,14,60,217,294,54,54,1,1,0,-.0962952123344584,-.0989567211238104,.0521135985059651,.0575821451992108,-.2010974973002823,.0031840550526615,.0025052542170735,.0025052542170735,.0056853534895656,.0056853534895656,213,193
named,conflict_belt7_departments,Combined conflict and VRAEM department belt,derived_official_envelope,1,0,de,treat_12,2012,score_as_recorded,p1_mserd,4614,1379,156,1223,574,805,23,551,133,672,14,60,217,294,54,54,1,1,0,-.0365739274204456,-.0418482592091639,.0475536318135571,.3788471976151657,-.1350516648978139,.0513551464794861,.0034219435966297,.0034219435966297,.0056853534895656,.0056853534895656,303,279
named,conflict_belt7_departments,Combined conflict and VRAEM department belt,derived_official_envelope,1,0,de,treat_12,2012,score_as_recorded,p2_mserd,4614,1379,156,1223,574,805,23,551,133,672,14,60,217,294,54,54,1,1,0,-.1671002599912727,-.2154549886368028,.1586222224527523,.1743716619264857,-.5263488317918978,.0954388545182923,.001998448101416,.001998448101416,.0036024697878309,.0036024697878309,204,160
named,conflict_belt7_departments,Combined conflict and VRAEM department belt,derived_official_envelope,1,0,de,treat_16,2016,drop_rounding_band,p1_cerrd,4614,1325,163,1162,520,805,21,499,142,663,13,60,210,294,54,54,1,1,0,.002216538789429,-.0185967965866145,.1194718020069403,.876302242917123,-.2527572256883175,.2155636325150885,.000981313150754,.000981313150754,.0027278715178217,.0027278715178217,70,53
named,conflict_belt7_departments,Combined conflict and VRAEM department belt,derived_official_envelope,1,0,de,treat_16,2016,drop_rounding_band,p1_mserd,4614,1325,163,1162,520,805,21,499,142,663,13,60,210,294,54,54,1,1,0,.0079209035431671,-.0413609583193324,.0919741833004321,.6529254533992584,-.2216270450956645,.1389051284569997,.001339458139807,.001339458139807,.0027278715178217,.0027278715178217,72,58
named,conflict_belt7_departments,Combined conflict and VRAEM department belt,derived_official_envelope,1,0,de,treat_16,2016,drop_rounding_band,p2_mserd,4614,1325,163,1162,520,805,21,499,142,663,13,60,210,294,54,54,1,1,0,-.1673837977367398,-.2345718645469703,.1762305389939224,.1831721755242139,-.5799773739511398,.1108336448571992,.0019893321018061,.0019893321018061,.0035874651913699,.0035874651913699,150,160
named,conflict_belt7_departments,Combined conflict and VRAEM department belt,derived_official_envelope,1,0,de,treat_16,2016,drop_sign_conflicts,p1_cerrd,4614,1325,163,1162,520,805,21,499,142,663,13,60,210,294,54,54,1,1,0,.002216538789429,-.0185967965866145,.1194718020069403,.876302242917123,-.2527572256883175,.2155636325150885,.000981313150754,.000981313150754,.0027278715178217,.0027278715178217,70,53
named,conflict_belt7_departments,Combined conflict and VRAEM department belt,derived_official_envelope,1,0,de,treat_16,2016,drop_sign_conflicts,p1_mserd,4614,1325,163,1162,520,805,21,499,142,663,13,60,210,294,54,54,1,1,0,.0079209035431671,-.0413609583193324,.0919741833004321,.6529254533992584,-.2216270450956645,.1389051284569997,.001339458139807,.001339458139807,.0027278715178217,.0027278715178217,72,58
named,conflict_belt7_departments,Combined conflict and VRAEM department belt,derived_official_envelope,1,0,de,treat_16,2016,drop_sign_conflicts,p2_mserd,4614,1325,163,1162,520,805,21,499,142,663,13,60,210,294,54,54,1,1,0,-.1673837977367398,-.2345718645469703,.1762305389939224,.1831721755242139,-.5799773739511398,.1108336448571992,.0019893321018061,.0019893321018061,.0035874651913699,.0035874651913699,150,160
named,conflict_belt7_departments,Combined conflict and VRAEM department belt,derived_official_envelope,1,0,de,treat_16,2016,score_as_recorded,p1_cerrd,4614,1379,167,1212,574,805,25,549,142,663,14,60,217,294,54,54,1,1,0,-.1143872131651815,-.1233034483514261,.0550279796872001,.025042858880048,-.23115630668034,-.0154505900225122,.0023248667316206,.0023248667316206,.0054305965249032,.0054305965249032,213,160
named,conflict_belt7_departments,Combined conflict and VRAEM department belt,derived_official_envelope,1,0,de,treat_16,2016,score_as_recorded,p1_mserd,4614,1379,167,1212,574,805,25,549,142,663,14,60,217,294,54,54,1,1,0,-.0404664153212406,-.0546763824006433,.0495762464832183,.2700816313292564,-.1518440399964316,.0424912751951451,.0031755511161577,.0031755511161577,.0054305965249032,.0054305965249032,303,246
named,conflict_belt7_departments,Combined conflict and VRAEM department belt,derived_official_envelope,1,0,de,treat_16,2016,score_as_recorded,p2_mserd,4614,1379,167,1212,574,805,25,549,142,663,14,60,217,294,54,54,1,1,0,-.0594828111790772,-.0877101482392854,.174714062659807,.6156526694504216,-.4301434186451812,.2547231221666104,.0018848270897084,.0018848270897084,.0034065694696767,.0034065694696767,204,160
named,conflict_belt7_departments,Combined conflict and VRAEM department belt,derived_official_envelope,1,0,de,treat_23,2023,drop_rounding_band,p1_cerrd,4614,1325,709,616,520,805,124,396,585,220,13,60,210,294,54,54,1,1,0,.6485791418016476,.6694678776501961,.8870655472794419,.4504293386316289,-1.069148646943822,2.408084402244214,.0008548011008016,.0008548011008016,.0027065724200727,.0027065724200727,70,53
named,conflict_belt7_departments,Combined conflict and VRAEM department belt,derived_official_envelope,1,0,de,treat_23,2023,drop_rounding_band,p1_mserd,4614,1325,709,616,520,805,124,396,585,220,13,60,210,294,54,54,1,1,0,.5943581782134508,.616337059108325,.8821680416832285,.4847634495814952,-1.112680530903032,2.345354649119682,.001166773615033,.001166773615033,.0027065724200727,.0027065724200727,72,53
named,conflict_belt7_departments,Combined conflict and VRAEM department belt,derived_official_envelope,1,0,de,treat_23,2023,drop_rounding_band,p2_mserd,4614,1325,709,616,520,805,124,396,585,220,13,60,210,294,54,54,1,1,0,.620109429659248,.6951629530788352,.7295939080297908,.3406873318871668,-.7348148299993831,2.125140736157054,.0019793690376101,.0019793690376101,.0034446268703904,.0034446268703904,150,160
named,conflict_belt7_departments,Combined conflict and VRAEM department belt,derived_official_envelope,1,0,de,treat_23,2023,drop_sign_conflicts,p1_cerrd,4614,1325,709,616,520,805,124,396,585,220,13,60,210,294,54,54,1,1,0,.6485791418016476,.6694678776501961,.8870655472794419,.4504293386316289,-1.069148646943822,2.408084402244214,.0008548011008016,.0008548011008016,.0027065724200727,.0027065724200727,70,53
named,conflict_belt7_departments,Combined conflict and VRAEM department belt,derived_official_envelope,1,0,de,treat_23,2023,drop_sign_conflicts,p1_mserd,4614,1325,709,616,520,805,124,396,585,220,13,60,210,294,54,54,1,1,0,.5943581782134508,.616337059108325,.8821680416832285,.4847634495814952,-1.112680530903032,2.345354649119682,.001166773615033,.001166773615033,.0027065724200727,.0027065724200727,72,53
named,conflict_belt7_departments,Combined conflict and VRAEM department belt,derived_official_envelope,1,0,de,treat_23,2023,drop_sign_conflicts,p2_mserd,4614,1325,709,616,520,805,124,396,585,220,13,60,210,294,54,54,1,1,0,.620109429659248,.6951629530788352,.7295939080297908,.3406873318871668,-.7348148299993831,2.125140736157054,.0019793690376101,.0019793690376101,.0034446268703904,.0034446268703904,150,160
named,conflict_belt7_departments,Combined conflict and VRAEM department belt,derived_official_envelope,1,0,de,treat_23,2023,score_as_recorded,p1_cerrd,4614,1379,736,643,574,805,151,423,585,220,14,60,217,294,54,54,1,1,0,.0714389953192301,.068375167034965,.2057927703661607,.7396985870463333,-.3349712511614316,.4717215852313615,.0016332992979992,.0016332992979992,.0036889839103793,.0036889839103793,132,104
named,conflict_belt7_departments,Combined conflict and VRAEM department belt,derived_official_envelope,1,0,de,treat_23,2023,score_as_recorded,p1_mserd,4614,1379,736,643,574,805,151,423,585,220,14,60,217,294,54,54,1,1,0,.0026287576654132,.009350739667915,.1849982490081774,.9596880767334529,-.3532391655910854,.3719406449269154,.0022309345040029,.0022309345040029,.0036889839103793,.0036889839103793,213,160
named,conflict_belt7_departments,Combined conflict and VRAEM department belt,derived_official_envelope,1,0,de,treat_23,2023,score_as_recorded,p2_mserd,4614,1379,736,643,574,805,151,423,585,220,14,60,217,294,54,54,1,1,0,.1236171505702426,.1451934274653039,.8030601148962637,.85652440799638,-1.42877547515197,1.719162330082578,.0018599492103751,.0018599492103751,.0030141230537966,.0030141230537966,204,104
named,cvr5_no_ayacucho,CVR high-burden departments excluding Ayacucho,predeclared_exclusion,1,0,ab,treat_12,2012,drop_rounding_band,p1_cerrd,3080,1153,566,587,569,584,255,314,311,273,396,517,193,177,0,9,1,1,0,-.0396441917660774,-.0613665089260218,.2120873378510914,.772317025120425,-.4770500526911395,.3543170348390959,.024266559279699,.024266559279699,.0475176512194465,.0475176512194465,96,69
named,cvr5_no_ayacucho,CVR high-burden departments excluding Ayacucho,predeclared_exclusion,1,0,ab,treat_12,2012,drop_rounding_band,p1_mserd,3080,1153,566,587,569,584,255,314,311,273,396,517,193,177,0,9,1,1,0,.0310604159228806,-.0063399782867853,.1956063284561338,.9741435501040078,-.3897213372089199,.3770413806353492,.0326150680438147,.0326150680438147,.0475176512194465,.0475176512194465,131,85
named,cvr5_no_ayacucho,CVR high-burden departments excluding Ayacucho,predeclared_exclusion,1,0,ab,treat_12,2012,drop_rounding_band,p2_mserd,3080,1153,566,587,569,584,255,314,311,273,396,517,193,177,0,9,1,1,0,-.1344233361089073,-.1990611615411373,.2607731928967824,.4452548167819916,-.7101672277523469,.3120449046700723,.0363792992945799,.0363792992945799,.0499587778190917,.0499587778190917,155,95
named,cvr5_no_ayacucho,CVR high-burden departments excluding Ayacucho,predeclared_exclusion,1,0,ab,treat_12,2012,drop_sign_conflicts,p1_cerrd,3080,1162,573,589,577,585,261,316,312,273,397,518,194,177,0,9,1,1,0,-.1235495778220972,-.1499280999874877,.1966122107422248,.445727387182604,-.5352809519630475,.2354247519880721,.0198958702915926,.0198958702915926,.0407332673176242,.0407332673176242,87,57
named,cvr5_no_ayacucho,CVR high-burden departments excluding Ayacucho,predeclared_exclusion,1,0,ab,treat_12,2012,drop_sign_conflicts,p1_mserd,3080,1162,573,589,577,585,261,316,312,273,397,518,194,177,0,9,1,1,0,-.0768642525370995,-.1285754444456964,.1885945787997038,.4953933889766515,-.4982140265726169,.2410631376812242,.0267443247054641,.0267443247054641,.0407332673176242,.0407332673176242,118,74
named,cvr5_no_ayacucho,CVR high-burden departments excluding Ayacucho,predeclared_exclusion,1,0,ab,treat_12,2012,drop_sign_conflicts,p2_mserd,3080,1162,573,589,577,585,261,316,312,273,397,518,194,177,0,9,1,1,0,-.1903572266554125,-.2495804370131196,.2284568412717191,.2746300471902062,-.6973476179274728,.1981867439012336,.0329748702520917,.0329748702520917,.0453095820494763,.0453095820494763,145,87
named,cvr5_no_ayacucho,CVR high-burden departments excluding Ayacucho,predeclared_exclusion,1,0,ab,treat_12,2012,score_as_recorded,p1_cerrd,3080,1162,573,589,577,585,261,316,312,273,397,518,194,177,0,9,1,1,0,-.1235495778220972,-.1499280999874877,.1966122107422248,.445727387182604,-.5352809519630475,.2354247519880721,.0198958702915926,.0198958702915926,.0407332673176242,.0407332673176242,87,57
named,cvr5_no_ayacucho,CVR high-burden departments excluding Ayacucho,predeclared_exclusion,1,0,ab,treat_12,2012,score_as_recorded,p1_mserd,3080,1162,573,589,577,585,261,316,312,273,397,518,194,177,0,9,1,1,0,-.0768642525370995,-.1285754444456964,.1885945787997038,.4953933889766515,-.4982140265726169,.2410631376812242,.0267443247054641,.0267443247054641,.0407332673176242,.0407332673176242,118,74
named,cvr5_no_ayacucho,CVR high-burden departments excluding Ayacucho,predeclared_exclusion,1,0,ab,treat_12,2012,score_as_recorded,p2_mserd,3080,1162,573,589,577,585,261,316,312,273,397,518,194,177,0,9,1,1,0,-.1903572266554125,-.2495804370131196,.2284568412717191,.2746300471902062,-.6973476179274728,.1981867439012336,.0329748702520917,.0329748702520917,.0453095820494763,.0453095820494763,145,87
named,cvr5_no_ayacucho,CVR high-burden departments excluding Ayacucho,predeclared_exclusion,1,0,ab,treat_16,2016,drop_rounding_band,p1_cerrd,3080,1153,756,397,569,584,309,260,447,137,396,517,193,177,0,9,1,1,0,-.2001329034992241,-.2262556076426248,.1851950487066585,.2218153427681931,-.5892312332228163,.1367200179375668,.0251642419547059,.0251642419547059,.051736102622082,.051736102622082,104,71
named,cvr5_no_ayacucho,CVR high-burden departments excluding Ayacucho,predeclared_exclusion,1,0,ab,treat_16,2016,drop_rounding_band,p1_mserd,3080,1153,756,397,569,584,309,260,447,137,396,517,193,177,0,9,1,1,0,-.1226789846041909,-.1667393320874968,.1790965148289659,.35185218709372,-.5177620509089136,.1842833867339199,.0338215836107579,.0338215836107579,.051736102622082,.051736102622082,140,87
named,cvr5_no_ayacucho,CVR high-burden departments excluding Ayacucho,predeclared_exclusion,1,0,ab,treat_16,2016,drop_rounding_band,p2_mserd,3080,1153,756,397,569,584,309,260,447,137,396,517,193,177,0,9,1,1,0,-.3098810904314955,-.3745434189233983,.2312278347910019,.1052747146162969,-.8277416473369397,.0786548094901431,.0339295283462803,.0339295283462803,.0474197118591408,.0474197118591408,140,88
named,cvr5_no_ayacucho,CVR high-burden departments excluding Ayacucho,predeclared_exclusion,1,0,ab,treat_16,2016,drop_sign_conflicts,p1_cerrd,3080,1162,764,398,577,585,316,261,448,137,397,518,194,177,0,9,1,1,0,-.197982692044698,-.2194624506122888,.1685069964986395,.1927818351801281,-.5497300948926391,.1108051936680616,.0238821209119848,.0238821209119848,.0488534360350342,.0488534360350342,102,67
named,cvr5_no_ayacucho,CVR high-burden departments excluding Ayacucho,predeclared_exclusion,1,0,ab,treat_16,2016,drop_sign_conflicts,p1_mserd,3080,1162,764,398,577,585,316,261,448,137,397,518,194,177,0,9,1,1,0,-.1403284159330768,-.179545465808533,.1646915552026586,.2756284432892849,-.5023349825636341,.1432440509465679,.0321027020665277,.0321027020665277,.0488534360350342,.0488534360350342,138,85
named,cvr5_no_ayacucho,CVR high-burden departments excluding Ayacucho,predeclared_exclusion,1,0,ab,treat_16,2016,drop_sign_conflicts,p2_mserd,3080,1162,764,398,577,585,316,261,448,137,397,518,194,177,0,9,1,1,0,-.2602015555892552,-.3003727954454405,.1972438792745671,.127796295914207,-.6869636949945583,.0862181041036774,.0341964515902681,.0341964515902681,.0462235603501563,.0462235603501563,149,89
named,cvr5_no_ayacucho,CVR high-burden departments excluding Ayacucho,predeclared_exclusion,1,0,ab,treat_16,2016,score_as_recorded,p1_cerrd,3080,1162,764,398,577,585,316,261,448,137,397,518,194,177,0,9,1,1,0,-.197982692044698,-.2194624506122888,.1685069964986395,.1927818351801281,-.5497300948926391,.1108051936680616,.0238821209119848,.0238821209119848,.0488534360350342,.0488534360350342,102,67
named,cvr5_no_ayacucho,CVR high-burden departments excluding Ayacucho,predeclared_exclusion,1,0,ab,treat_16,2016,score_as_recorded,p1_mserd,3080,1162,764,398,577,585,316,261,448,137,397,518,194,177,0,9,1,1,0,-.1403284159330768,-.179545465808533,.1646915552026586,.2756284432892849,-.5023349825636341,.1432440509465679,.0321027020665277,.0321027020665277,.0488534360350342,.0488534360350342,138,85
named,cvr5_no_ayacucho,CVR high-burden departments excluding Ayacucho,predeclared_exclusion,1,0,ab,treat_16,2016,score_as_recorded,p2_mserd,3080,1162,764,398,577,585,316,261,448,137,397,518,194,177,0,9,1,1,0,-.2602015555892552,-.3003727954454405,.1972438792745671,.127796295914207,-.6869636949945583,.0862181041036774,.0341964515902681,.0341964515902681,.0462235603501563,.0462235603501563,149,89
named,cvr5_no_ayacucho,CVR high-burden departments excluding Ayacucho,predeclared_exclusion,1,0,ab,treat_23,2023,drop_rounding_band,p1_cerrd,3080,1153,1037,116,569,584,498,71,539,45,396,517,193,177,0,9,1,1,0,.01707193296639,.031796226550004,.0928286212237023,.7319549978709832,-.1501445277829629,.213736980882971,.0375065549414614,.0375065549414614,.0678766712255438,.0678766712255438,158,103
named,cvr5_no_ayacucho,CVR high-burden departments excluding Ayacucho,predeclared_exclusion,1,0,ab,treat_23,2023,drop_rounding_band,p1_mserd,3080,1153,1037,116,569,584,498,71,539,45,396,517,193,177,0,9,1,1,0,.0112222082015228,.0388640445103574,.0832548151415048,.6406369872944674,-.124312394706532,.2020404837272468,.0504100654487187,.0504100654487187,.0678766712255438,.0678766712255438,238,138
named,cvr5_no_ayacucho,CVR high-burden departments excluding Ayacucho,predeclared_exclusion,1,0,ab,treat_23,2023,drop_rounding_band,p2_mserd,3080,1153,1037,116,569,584,498,71,539,45,396,517,193,177,0,9,1,1,0,-.0806175031953771,-.1126614425742916,.1721047409767456,.5127190408718617,-.4499805364573077,.2246576513087246,.0319513556165279,.0319513556165279,.046688827101535,.046688827101535,130,84
named,cvr5_no_ayacucho,CVR high-burden departments excluding Ayacucho,predeclared_exclusion,1,0,ab,treat_23,2023,drop_sign_conflicts,p1_cerrd,3080,1162,1045,117,577,585,505,72,540,45,397,518,194,177,0,9,1,1,0,.0164259640615876,.0299565475658528,.0906853157271195,.7411467347311342,-.1477834051859453,.2076965003176508,.0345177126211665,.0345177126211665,.0630068890244981,.0630068890244981,149,91
named,cvr5_no_ayacucho,CVR high-burden departments excluding Ayacucho,predeclared_exclusion,1,0,ab,treat_23,2023,drop_sign_conflicts,p1_mserd,3080,1162,1045,117,577,585,505,72,540,45,397,518,194,177,0,9,1,1,0,.0234586096488161,.0500345497533945,.078854581314586,.5257436630842105,-.1045175896391792,.2045866891459682,.0463992225974891,.0463992225974891,.0630068890244981,.0630068890244981,229,127
named,cvr5_no_ayacucho,CVR high-burden departments excluding Ayacucho,predeclared_exclusion,1,0,ab,treat_23,2023,drop_sign_conflicts,p2_mserd,3080,1162,1045,117,577,585,505,72,540,45,397,518,194,177,0,9,1,1,0,-.0422530759807058,-.0657104032528233,.1377941838234338,.6334521592003908,-.3357820408258452,.2043612343201986,.0334016670412763,.0334016670412763,.0476256066997853,.0476256066997853,146,87
named,cvr5_no_ayacucho,CVR high-burden departments excluding Ayacucho,predeclared_exclusion,1,0,ab,treat_23,2023,score_as_recorded,p1_cerrd,3080,1162,1045,117,577,585,505,72,540,45,397,518,194,177,0,9,1,1,0,.0164259640615876,.0299565475658528,.0906853157271195,.7411467347311342,-.1477834051859453,.2076965003176508,.0345177126211665,.0345177126211665,.0630068890244981,.0630068890244981,149,91
named,cvr5_no_ayacucho,CVR high-burden departments excluding Ayacucho,predeclared_exclusion,1,0,ab,treat_23,2023,score_as_recorded,p1_mserd,3080,1162,1045,117,577,585,505,72,540,45,397,518,194,177,0,9,1,1,0,.0234586096488161,.0500345497533945,.078854581314586,.5257436630842105,-.1045175896391792,.2045866891459682,.0463992225974891,.0463992225974891,.0630068890244981,.0630068890244981,229,127
named,cvr5_no_ayacucho,CVR high-burden departments excluding Ayacucho,predeclared_exclusion,1,0,ab,treat_23,2023,score_as_recorded,p2_mserd,3080,1162,1045,117,577,585,505,72,540,45,397,518,194,177,0,9,1,1,0,-.0422530759807058,-.0657104032528233,.1377941838234338,.6334521592003908,-.3357820408258452,.2043612343201986,.0334016670412763,.0334016670412763,.0476256066997853,.0476256066997853,146,87
named,cvr5_no_ayacucho,CVR high-burden departments excluding Ayacucho,predeclared_exclusion,1,0,bc,treat_12,2012,drop_rounding_band,p1_cerrd,3080,1333,509,824,756,577,248,508,261,316,258,397,246,194,0,2,1,1,0,.0568345177339221,.050558428181286,.1388464239781048,.7157594307518012,-.221575562197978,.3226924185605499,.0121897051616545,.0121897051616545,.0255329776265082,.0255329776265082,165,125
named,cvr5_no_ayacucho,CVR high-burden departments excluding Ayacucho,predeclared_exclusion,1,0,bc,treat_12,2012,drop_rounding_band,p1_mserd,3080,1333,509,824,756,577,248,508,261,316,258,397,246,194,0,2,1,1,0,.025623135087826,.0131858196968478,.1281951119389892,.9180761247192307,-.2380719826976516,.2644436220913473,.0165259271926275,.0165259271926275,.0255329776265082,.0255329776265082,234,166
named,cvr5_no_ayacucho,CVR high-burden departments excluding Ayacucho,predeclared_exclusion,1,0,bc,treat_12,2012,drop_rounding_band,p2_mserd,3080,1333,509,824,756,577,248,508,261,316,258,397,246,194,0,2,1,1,0,.185853980292856,.2348761301413456,.2044756257932478,.2506898352762187,-.1658887321297093,.6356409924124005,.0135873016144261,.0135873016144261,.019755716327931,.019755716327931,183,135
named,cvr5_no_ayacucho,CVR high-burden departments excluding Ayacucho,predeclared_exclusion,1,0,bc,treat_12,2012,drop_sign_conflicts,p1_cerrd,3080,1335,510,825,758,577,249,509,261,316,259,397,246,194,0,2,1,1,0,.0494893557086759,.0450441050940671,.1395030307566545,.7467787046350209,-.228376810923159,.3184650211112932,.0118509174523432,.0118509174523432,.024611450243661,.024611450243661,163,124
named,cvr5_no_ayacucho,CVR high-burden departments excluding Ayacucho,predeclared_exclusion,1,0,bc,treat_12,2012,drop_sign_conflicts,p1_mserd,3080,1335,510,825,758,577,249,509,261,316,259,397,246,194,0,2,1,1,0,.0200797258959489,.0099256767050508,.1296643904480687,.9389823486244965,-.2442118586505031,.2640632120606048,.016066623136985,.016066623136985,.024611450243661,.024611450243661,223,163
named,cvr5_no_ayacucho,CVR high-burden departments excluding Ayacucho,predeclared_exclusion,1,0,bc,treat_12,2012,drop_sign_conflicts,p2_mserd,3080,1335,510,825,758,577,249,509,261,316,259,397,246,194,0,2,1,1,0,.1509958126896409,.1966591177424024,.1958418879355895,.315295279102245,-.1871839292756823,.5805021647604871,.0141426150411865,.0141426150411865,.0201919209310941,.0201919209310941,192,140
named,cvr5_no_ayacucho,CVR high-burden departments excluding Ayacucho,predeclared_exclusion,1,0,bc,treat_12,2012,score_as_recorded,p1_cerrd,3080,1335,510,825,758,577,249,509,261,316,259,397,246,194,0,2,1,1,0,.0494893557086759,.0450441050940671,.1395030307566545,.7467787046350209,-.228376810923159,.3184650211112932,.0118509174523432,.0118509174523432,.024611450243661,.024611450243661,163,124
named,cvr5_no_ayacucho,CVR high-burden departments excluding Ayacucho,predeclared_exclusion,1,0,bc,treat_12,2012,score_as_recorded,p1_mserd,3080,1335,510,825,758,577,249,509,261,316,259,397,246,194,0,2,1,1,0,.0200797258959489,.0099256767050508,.1296643904480687,.9389823486244965,-.2442118586505031,.2640632120606048,.016066623136985,.016066623136985,.024611450243661,.024611450243661,223,163
named,cvr5_no_ayacucho,CVR high-burden departments excluding Ayacucho,predeclared_exclusion,1,0,bc,treat_12,2012,score_as_recorded,p2_mserd,3080,1335,510,825,758,577,249,509,261,316,259,397,246,194,0,2,1,1,0,.1509958126896409,.1966591177424024,.1958418879355895,.315295279102245,-.1871839292756823,.5805021647604871,.0141426150411865,.0141426150411865,.0201919209310941,.0201919209310941,192,140
named,cvr5_no_ayacucho,CVR high-burden departments excluding Ayacucho,predeclared_exclusion,1,0,bc,treat_16,2016,drop_rounding_band,p1_cerrd,3080,1333,569,764,756,577,253,503,316,261,258,397,246,194,0,2,1,1,0,.163215752269338,.1670177975142415,.134740051556184,.2151397785628711,-.0970678508109491,.4311034458394321,.0128110673350869,.0128110673350869,.0264761222570931,.0264761222570931,172,130
named,cvr5_no_ayacucho,CVR high-burden departments excluding Ayacucho,predeclared_exclusion,1,0,bc,treat_16,2016,drop_rounding_band,p1_mserd,3080,1333,569,764,756,577,253,503,316,261,258,397,246,194,0,2,1,1,0,.1258885126277418,.1313783681418961,.1238359052261724,.2887322065343735,-.1113355460943172,.3740922823781093,.0173683254214787,.0173683254214787,.0264761222570931,.0264761222570931,250,172
named,cvr5_no_ayacucho,CVR high-burden departments excluding Ayacucho,predeclared_exclusion,1,0,bc,treat_16,2016,drop_rounding_band,p2_mserd,3080,1333,569,764,756,577,253,503,316,261,258,397,246,194,0,2,1,1,0,.3107435376133776,.3614792051712528,.2003269754863746,.071161420790306,-.0311544519138797,.7541128622563852,.0137890164210548,.0137890164210548,.0203036695604924,.0203036695604924,185,138
named,cvr5_no_ayacucho,CVR high-burden departments excluding Ayacucho,predeclared_exclusion,1,0,bc,treat_16,2016,drop_sign_conflicts,p1_cerrd,3080,1335,570,765,758,577,254,504,316,261,259,397,246,194,0,2,1,1,0,.152254351888862,.1556495294077597,.1335410431548791,.2437941113829297,-.1060861056337125,.4173851644492318,.0128506482079566,.0128506482079566,.0263575420195016,.0263575420195016,179,130
named,cvr5_no_ayacucho,CVR high-burden departments excluding Ayacucho,predeclared_exclusion,1,0,bc,treat_16,2016,drop_sign_conflicts,p1_mserd,3080,1335,570,765,758,577,254,504,316,261,259,397,246,194,0,2,1,1,0,.1183806900838644,.1227468947812008,.1230870211444113,.3186496309041156,-.1184992336261655,.3639930231885671,.017421986327513,.017421986327513,.0263575420195016,.0263575420195016,254,172
named,cvr5_no_ayacucho,CVR high-burden departments excluding Ayacucho,predeclared_exclusion,1,0,bc,treat_16,2016,drop_sign_conflicts,p2_mserd,3080,1335,570,765,758,577,254,504,316,261,259,397,246,194,0,2,1,1,0,.2767218210047198,.3257092902005276,.1925080968519669,.0906602464409628,-.051599646361676,.7030182267627313,.0142777664186442,.0142777664186442,.0207770035894011,.0207770035894011,196,140
named,cvr5_no_ayacucho,CVR high-burden departments excluding Ayacucho,predeclared_exclusion,1,0,bc,treat_16,2016,score_as_recorded,p1_cerrd,3080,1335,570,765,758,577,254,504,316,261,259,397,246,194,0,2,1,1,0,.152254351888862,.1556495294077597,.1335410431548791,.2437941113829297,-.1060861056337125,.4173851644492318,.0128506482079566,.0128506482079566,.0263575420195016,.0263575420195016,179,130
named,cvr5_no_ayacucho,CVR high-burden departments excluding Ayacucho,predeclared_exclusion,1,0,bc,treat_16,2016,score_as_recorded,p1_mserd,3080,1335,570,765,758,577,254,504,316,261,259,397,246,194,0,2,1,1,0,.1183806900838644,.1227468947812008,.1230870211444113,.3186496309041156,-.1184992336261655,.3639930231885671,.017421986327513,.017421986327513,.0263575420195016,.0263575420195016,254,172
named,cvr5_no_ayacucho,CVR high-burden departments excluding Ayacucho,predeclared_exclusion,1,0,bc,treat_16,2016,score_as_recorded,p2_mserd,3080,1335,570,765,758,577,254,504,316,261,259,397,246,194,0,2,1,1,0,.2767218210047198,.3257092902005276,.1925080968519669,.0906602464409628,-.051599646361676,.7030182267627313,.0142777664186442,.0142777664186442,.0207770035894011,.0207770035894011,196,140
named,cvr5_no_ayacucho,CVR high-burden departments excluding Ayacucho,predeclared_exclusion,1,0,bc,treat_23,2023,drop_rounding_band,p1_cerrd,3080,1333,1159,174,756,577,654,102,505,72,258,397,246,194,0,2,1,1,0,.0988905391903947,.1013301229023615,.1009288468669188,.3153902633380019,-.0964867819579575,.2991470277626807,.0120357629297739,.0120357629297739,.026569920812521,.026569920812521,164,124
named,cvr5_no_ayacucho,CVR high-burden departments excluding Ayacucho,predeclared_exclusion,1,0,bc,treat_23,2023,drop_rounding_band,p1_mserd,3080,1333,1159,174,756,577,654,102,505,72,258,397,246,194,0,2,1,1,0,.0690312450623953,.0722397457645161,.0948659954352546,.4463629459344142,-.1136941886461241,.2581736801751563,.016317223365735,.016317223365735,.026569920812521,.026569920812521,229,166
named,cvr5_no_ayacucho,CVR high-burden departments excluding Ayacucho,predeclared_exclusion,1,0,bc,treat_23,2023,drop_rounding_band,p2_mserd,3080,1333,1159,174,756,577,654,102,505,72,258,397,246,194,0,2,1,1,0,.1556844110784423,.1820844160001855,.1504206377152183,.2260864940820996,-.1127346164531896,.4769034484535607,.0122286270061438,.0122286270061438,.0169411760838105,.0169411760838105,166,125
named,cvr5_no_ayacucho,CVR high-burden departments excluding Ayacucho,predeclared_exclusion,1,0,bc,treat_23,2023,drop_sign_conflicts,p1_cerrd,3080,1335,1161,174,758,577,656,102,505,72,259,397,246,194,0,2,1,1,0,.0846128047918173,.0868106134922442,.0986797434745948,.3790106300878407,-.1065981297216129,.2802193567061013,.0113962774287768,.0113962774287768,.0247440280997592,.0247440280997592,157,122
named,cvr5_no_ayacucho,CVR high-burden departments excluding Ayacucho,predeclared_exclusion,1,0,bc,treat_23,2023,drop_sign_conflicts,p1_mserd,3080,1335,1161,174,758,577,656,102,505,72,259,397,246,194,0,2,1,1,0,.0624818481639124,.0636228404441395,.0943249866765697,.4999891941853282,-.1212507362841576,.2484964171724365,.0154502548303956,.0154502548303956,.0247440280997592,.0247440280997592,216,158
named,cvr5_no_ayacucho,CVR high-burden departments excluding Ayacucho,predeclared_exclusion,1,0,bc,treat_23,2023,drop_sign_conflicts,p2_mserd,3080,1335,1161,174,758,577,656,102,505,72,259,397,246,194,0,2,1,1,0,.1199789128897075,.143087290302244,.135190514082704,.2898675568719753,-.1218812483513108,.4080558289557988,.0129429016001651,.0129429016001651,.0178396732227423,.0178396732227423,179,130
named,cvr5_no_ayacucho,CVR high-burden departments excluding Ayacucho,predeclared_exclusion,1,0,bc,treat_23,2023,score_as_recorded,p1_cerrd,3080,1335,1161,174,758,577,656,102,505,72,259,397,246,194,0,2,1,1,0,.0846128047918173,.0868106134922442,.0986797434745948,.3790106300878407,-.1065981297216129,.2802193567061013,.0113962774287768,.0113962774287768,.0247440280997592,.0247440280997592,157,122
named,cvr5_no_ayacucho,CVR high-burden departments excluding Ayacucho,predeclared_exclusion,1,0,bc,treat_23,2023,score_as_recorded,p1_mserd,3080,1335,1161,174,758,577,656,102,505,72,259,397,246,194,0,2,1,1,0,.0624818481639124,.0636228404441395,.0943249866765697,.4999891941853282,-.1212507362841576,.2484964171724365,.0154502548303956,.0154502548303956,.0247440280997592,.0247440280997592,216,158
named,cvr5_no_ayacucho,CVR high-burden departments excluding Ayacucho,predeclared_exclusion,1,0,bc,treat_23,2023,score_as_recorded,p2_mserd,3080,1335,1161,174,758,577,656,102,505,72,259,397,246,194,0,2,1,1,0,.1199789128897075,.143087290302244,.135190514082704,.2898675568719753,-.1218812483513108,.4080558289557988,.0129429016001651,.0129429016001651,.0178396732227423,.0178396732227423,179,130
named,cvr5_no_ayacucho,CVR high-burden departments excluding Ayacucho,predeclared_exclusion,1,0,cd,treat_12,2012,drop_rounding_band,p1_cerrd,3080,1476,367,1109,718,758,117,601,250,508,59,258,242,245,2,1,1,1,0,-.1004615275162076,-.1133104505679751,.1627363325952858,.4862519686217447,-.4322678014308668,.2056469002949167,.0024775884207837,.0024775884207837,.0054144050128017,.0054144050128017,102,84
named,cvr5_no_ayacucho,CVR high-burden departments excluding Ayacucho,predeclared_exclusion,1,0,cd,treat_12,2012,drop_rounding_band,p1_mserd,3080,1476,367,1109,718,758,117,601,250,508,59,258,242,245,2,1,1,1,0,-.1064364503990809,-.1323899281298753,.15201280804278,.3838016672515144,-.4303295570825247,.1655497008227742,.0033760246635416,.0033760246635416,.0054144050128017,.0054144050128017,149,118
named,cvr5_no_ayacucho,CVR high-burden departments excluding Ayacucho,predeclared_exclusion,1,0,cd,treat_12,2012,drop_rounding_band,p2_mserd,3080,1476,367,1109,718,758,117,601,250,508,59,258,242,245,2,1,1,1,0,-.1001899576442016,-.0750462018254503,.196940538086041,.7031585753765073,-.4610425635700293,.3109501599191287,.0039567932968628,.0039567932968628,.0053446286163601,.0053446286163601,185,142
named,cvr5_no_ayacucho,CVR high-burden departments excluding Ayacucho,predeclared_exclusion,1,0,cd,treat_12,2012,drop_sign_conflicts,p1_cerrd,3080,1475,366,1109,718,757,117,601,249,508,59,258,242,245,2,1,1,1,0,-.1015586146655812,-.1140248478173631,.1622131333119353,.4820979525807309,-.4319567469281507,.2039070512934246,.002497309098885,.002497309098885,.0054354785126743,.0054354785126743,102,84
named,cvr5_no_ayacucho,CVR high-burden departments excluding Ayacucho,predeclared_exclusion,1,0,cd,treat_12,2012,drop_sign_conflicts,p1_mserd,3080,1475,366,1109,718,757,117,601,249,508,59,258,242,245,2,1,1,1,0,-.1031093927686225,-.1283324590812605,.1514612025367618,.3968301997280872,-.4251909611084401,.1685260429459192,.0034028965584428,.0034028965584428,.0054354785126743,.0054354785126743,149,117
named,cvr5_no_ayacucho,CVR high-burden departments excluding Ayacucho,predeclared_exclusion,1,0,cd,treat_12,2012,drop_sign_conflicts,p2_mserd,3080,1475,366,1109,718,757,117,601,249,508,59,258,242,245,2,1,1,1,0,-.1020006457648595,-.0793066423479201,.1968369421340363,.6870179104369156,-.4650999597576259,.3064866750617857,.0039728490623547,.0039728490623547,.0053578564345865,.0053578564345865,185,143
named,cvr5_no_ayacucho,CVR high-burden departments excluding Ayacucho,predeclared_exclusion,1,0,cd,treat_12,2012,score_as_recorded,p1_cerrd,3080,1477,367,1110,719,758,117,602,250,508,60,258,242,245,2,1,1,1,0,-.0877861825402181,-.0996823855235597,.1562830232751969,.5235827456902651,-.4059914825379807,.2066267114908612,.0025960278545729,.0025960278545729,.0055257342709586,.0055257342709586,108,85
named,cvr5_no_ayacucho,CVR high-burden departments excluding Ayacucho,predeclared_exclusion,1,0,cd,treat_12,2012,score_as_recorded,p1_mserd,3080,1477,367,1110,719,758,117,602,250,508,60,258,242,245,2,1,1,1,0,-.0898248793292783,-.1140015263791548,.1458654222241647,.4344774463397212,-.3998925005282459,.1718894477699364,.0035374132324636,.0035374132324636,.0055257342709586,.0055257342709586,168,128
named,cvr5_no_ayacucho,CVR high-burden departments excluding Ayacucho,predeclared_exclusion,1,0,cd,treat_12,2012,score_as_recorded,p2_mserd,3080,1477,367,1110,719,758,117,602,250,508,60,258,242,245,2,1,1,1,0,-.0821390946155829,-.0552968314849109,.1899282092813029,.7709396879899477,-.4275492813244506,.3169556183546287,.0040505799687968,.0040505799687968,.005454924473058,.005454924473058,186,144
named,cvr5_no_ayacucho,CVR high-burden departments excluding Ayacucho,predeclared_exclusion,1,0,cd,treat_16,2016,drop_rounding_band,p1_cerrd,3080,1476,379,1097,718,758,124,594,255,503,59,258,242,245,2,1,1,1,0,-.0685003474091808,-.0779227559852223,.162620515874166,.6318182046108614,-.3966531102459118,.2408075982754672,.0028025188670041,.0028025188670041,.0057632651174242,.0057632651174242,120,96
named,cvr5_no_ayacucho,CVR high-burden departments excluding Ayacucho,predeclared_exclusion,1,0,cd,treat_16,2016,drop_rounding_band,p1_mserd,3080,1476,379,1097,718,758,124,594,255,503,59,258,242,245,2,1,1,1,0,-.070602294728223,-.0904835253675982,.150512668739517,.5477275411563827,-.3854829353140592,.2045158845788628,.0038187831100912,.0038187831100912,.0057632651174242,.0057632651174242,179,136
named,cvr5_no_ayacucho,CVR high-burden departments excluding Ayacucho,predeclared_exclusion,1,0,cd,treat_16,2016,drop_rounding_band,p2_mserd,3080,1476,379,1097,718,758,124,594,255,503,59,258,242,245,2,1,1,1,0,-.0493138947746568,-.015456296617133,.2009169898772567,.9386802113421424,-.4092463606587546,.3783337674244887,.0040481767494285,.0040481767494285,.0054423818645257,.0054423818645257,185,144
named,cvr5_no_ayacucho,CVR high-burden departments excluding Ayacucho,predeclared_exclusion,1,0,cd,treat_16,2016,drop_sign_conflicts,p1_cerrd,3080,1475,378,1097,718,757,124,594,254,503,59,258,242,245,2,1,1,1,0,-.0697583885287576,-.0784960529973852,.1621519046571208,.6283222715792859,-.3963079461499144,.2393158401551441,.002822047870441,.002822047870441,.0057808387403274,.0057808387403274,120,96
named,cvr5_no_ayacucho,CVR high-burden departments excluding Ayacucho,predeclared_exclusion,1,0,cd,treat_16,2016,drop_sign_conflicts,p1_mserd,3080,1475,378,1097,718,757,124,594,254,503,59,258,242,245,2,1,1,1,0,-.0668594208214951,-.0851971568457794,.150137772294423,.5704018014060517,-.3794617832619241,.2090674695703652,.0038453938242455,.0038453938242455,.0057808387403274,.0057808387403274,179,135
named,cvr5_no_ayacucho,CVR high-burden departments excluding Ayacucho,predeclared_exclusion,1,0,cd,treat_16,2016,drop_sign_conflicts,p2_mserd,3080,1475,378,1097,718,757,124,594,254,503,59,258,242,245,2,1,1,1,0,-.0509926908748217,-.0196451721543378,.200705716531452,.9220271991371838,-.4130211480472889,.3737308037386133,.0040801130941906,.0040801130941906,.005455583942708,.005455583942708,185,143
named,cvr5_no_ayacucho,CVR high-burden departments excluding Ayacucho,predeclared_exclusion,1,0,cd,treat_16,2016,score_as_recorded,p1_cerrd,3080,1477,379,1098,719,758,124,595,255,503,60,258,242,245,2,1,1,1,0,-.0577651215400203,-.0664813046721881,.1574522206270174,.6728559708681028,-.3750819863869967,.2421193770426205,.0028915655315243,.0028915655315243,.0058902994781208,.0058902994781208,121,100
named,cvr5_no_ayacucho,CVR high-burden departments excluding Ayacucho,predeclared_exclusion,1,0,cd,treat_16,2016,score_as_recorded,p1_mserd,3080,1477,379,1098,719,758,124,595,255,503,60,258,242,245,2,1,1,1,0,-.0562767899159834,-.073999988735756,.1460546068640554,.6123935856566118,-.360261757965461,.2122617804939491,.0039401203479893,.0039401203479893,.0058902994781208,.0058902994781208,186,142
named,cvr5_no_ayacucho,CVR high-burden departments excluding Ayacucho,predeclared_exclusion,1,0,cd,treat_16,2016,score_as_recorded,p2_mserd,3080,1477,379,1098,719,758,124,595,255,503,60,258,242,245,2,1,1,1,0,-.0331256070303108,.0001710459224185,.1937064969117644,.9992954553144759,-.379486711596059,.3798288034408959,.0041955916751145,.0041955916751145,.0055515833268235,.0055515833268235,192,144
named,cvr5_no_ayacucho,CVR high-burden departments excluding Ayacucho,predeclared_exclusion,1,0,cd,treat_23,2023,drop_rounding_band,p1_cerrd,3080,1476,1170,306,718,758,514,204,656,102,59,258,242,245,2,1,1,1,0,.0644538973301438,.0687366486203327,.1006994316248416,.4948645513582745,-.1286306106280106,.266103907868676,.003687725292093,.003687725292093,.0077169960575543,.0077169960575543,167,135
named,cvr5_no_ayacucho,CVR high-burden departments excluding Ayacucho,predeclared_exclusion,1,0,cd,treat_23,2023,drop_rounding_band,p1_mserd,3080,1476,1170,306,718,758,514,204,656,102,59,258,242,245,2,1,1,1,0,.0785660958981935,.0871721922065698,.0963586298868367,.3656433708647023,-.101687251971255,.2760316363843946,.0050249877800664,.0050249877800664,.0077169960575543,.0077169960575543,232,177
named,cvr5_no_ayacucho,CVR high-burden departments excluding Ayacucho,predeclared_exclusion,1,0,cd,treat_23,2023,drop_rounding_band,p2_mserd,3080,1476,1170,306,718,758,514,204,656,102,59,258,242,245,2,1,1,1,0,.0316877572379664,.0186625615762814,.1423956137651191,.8957267744796827,-.2604277129598278,.2977528361123907,.0043304438724571,.0043304438724571,.0058817144469619,.0058817144469619,191,151
named,cvr5_no_ayacucho,CVR high-burden departments excluding Ayacucho,predeclared_exclusion,1,0,cd,treat_23,2023,drop_sign_conflicts,p1_cerrd,3080,1475,1169,306,718,757,514,204,655,102,59,258,242,245,2,1,1,1,0,.0649069850380635,.0694301863394651,.1008270793196644,.4910709036551864,-.1281872577934405,.2670476304723707,.0036826390330793,.0036826390330793,.0077150705502823,.0077150705502823,167,134
named,cvr5_no_ayacucho,CVR high-burden departments excluding Ayacucho,predeclared_exclusion,1,0,cd,treat_23,2023,drop_sign_conflicts,p1_mserd,3080,1475,1169,306,718,757,514,204,655,102,59,258,242,245,2,1,1,1,0,.078901735559294,.0879116787154717,.096408047651711,.3618367608630849,-.1010446225017032,.2768679799326466,.0050180571148552,.0050180571148552,.0077150705502823,.0077150705502823,232,176
named,cvr5_no_ayacucho,CVR high-burden departments excluding Ayacucho,predeclared_exclusion,1,0,cd,treat_23,2023,drop_sign_conflicts,p2_mserd,3080,1475,1169,306,718,757,514,204,655,102,59,258,242,245,2,1,1,1,0,.0316471858131067,.0183049762214891,.1423975927412656,.8977150343117172,-.2607891770365937,.2973991294795718,.0043276433283692,.0043276433283692,.0058843111120383,.0058843111120383,191,150
named,cvr5_no_ayacucho,CVR high-burden departments excluding Ayacucho,predeclared_exclusion,1,0,cd,treat_23,2023,score_as_recorded,p1_cerrd,3080,1477,1171,306,719,758,515,204,656,102,60,258,242,245,2,1,1,1,0,.0643885077894861,.0674273657154549,.0967464780850822,.4858346815875957,-.1221922469623997,.2570469783933096,.0039141331659702,.0039141331659702,.0081070936103498,.0081070936103498,180,142
named,cvr5_no_ayacucho,CVR high-burden departments excluding Ayacucho,predeclared_exclusion,1,0,cd,treat_23,2023,score_as_recorded,p1_mserd,3080,1477,1171,306,719,758,515,204,656,102,60,258,242,245,2,1,1,1,0,.0742446640216547,.0804283740236869,.0933801253628715,.3890724108590866,-.1025933085593765,.2634500566067502,.0053334968769839,.0053334968769839,.0081070936103498,.0081070936103498,251,191
named,cvr5_no_ayacucho,CVR high-burden departments excluding Ayacucho,predeclared_exclusion,1,0,cd,treat_23,2023,score_as_recorded,p2_mserd,3080,1477,1171,306,719,758,515,204,656,102,60,258,242,245,2,1,1,1,0,.0208474835017016,.0066749606276284,.1394884099674958,.9618332727692946,-.2667172991694212,.280067220424678,.0043201984585879,.0043201984585879,.0058289096388567,.0058289096388567,192,151
named,cvr5_no_ayacucho,CVR high-burden departments excluding Ayacucho,predeclared_exclusion,1,0,de,treat_12,2012,drop_rounding_band,p1_cerrd,3080,1111,132,979,441,670,18,423,114,556,12,59,170,238,49,49,1,1,0,.0017776970650401,-.0172611620726597,.0649095062646794,.7902957651502304,-.1444814566057082,.1099591324603888,.0012903337204534,.0012903337204534,.0031268009565788,.0031268009565788,59,51
named,cvr5_no_ayacucho,CVR high-burden departments excluding Ayacucho,predeclared_exclusion,1,0,de,treat_12,2012,drop_rounding_band,p1_mserd,3080,1111,132,979,441,670,18,423,114,556,12,59,170,238,49,49,1,1,0,-.137376022385528,-.1849681959976212,.1010014658729926,.0670495575312312,-.382927431494438,.0129910394991956,.0017427498540948,.0017427498540948,.0031268009565788,.0031268009565788,65,89
named,cvr5_no_ayacucho,CVR high-burden departments excluding Ayacucho,predeclared_exclusion,1,0,de,treat_12,2012,drop_rounding_band,p2_mserd,3080,1111,132,979,441,670,18,423,114,556,12,59,170,238,49,49,1,1,0,-.1538590083293689,-.1903131412808561,.1743097452292219,.2749165764493185,-.5319539640844835,.1513276815227713,.0023780310507608,.0023780310507608,.0037849412450285,.0037849412450285,130,140
named,cvr5_no_ayacucho,CVR high-burden departments excluding Ayacucho,predeclared_exclusion,1,0,de,treat_12,2012,drop_sign_conflicts,p1_cerrd,3080,1111,132,979,441,670,18,423,114,556,12,59,170,238,49,49,1,1,0,.0017776970650401,-.0172611620726597,.0649095062646794,.7902957651502304,-.1444814566057082,.1099591324603888,.0012903337204534,.0012903337204534,.0031268009565788,.0031268009565788,59,51
named,cvr5_no_ayacucho,CVR high-burden departments excluding Ayacucho,predeclared_exclusion,1,0,de,treat_12,2012,drop_sign_conflicts,p1_mserd,3080,1111,132,979,441,670,18,423,114,556,12,59,170,238,49,49,1,1,0,-.137376022385528,-.1849681959976212,.1010014658729926,.0670495575312312,-.382927431494438,.0129910394991956,.0017427498540948,.0017427498540948,.0031268009565788,.0031268009565788,65,89
named,cvr5_no_ayacucho,CVR high-burden departments excluding Ayacucho,predeclared_exclusion,1,0,de,treat_12,2012,drop_sign_conflicts,p2_mserd,3080,1111,132,979,441,670,18,423,114,556,12,59,170,238,49,49,1,1,0,-.1538590083293689,-.1903131412808561,.1743097452292219,.2749165764493185,-.5319539640844835,.1513276815227713,.0023780310507608,.0023780310507608,.0037849412450285,.0037849412450285,130,140
named,cvr5_no_ayacucho,CVR high-burden departments excluding Ayacucho,predeclared_exclusion,1,0,de,treat_12,2012,score_as_recorded,p1_cerrd,3080,1160,136,1024,490,670,22,468,114,556,13,59,177,238,49,49,1,1,0,-.0986970449839904,-.1060167120624411,.0566043733827129,.0610763853988831,-.2169592452600159,.0049258211351338,.0025202036353649,.0025202036353649,.005724148042361,.005724148042361,179,166
named,cvr5_no_ayacucho,CVR high-burden departments excluding Ayacucho,predeclared_exclusion,1,0,de,treat_12,2012,score_as_recorded,p1_mserd,3080,1160,136,1024,490,670,22,468,114,556,13,59,177,238,49,49,1,1,0,-.0517653596432208,-.063840157952965,.0524791283308205,.2237996012386685,-.1666973594214288,.0390170435154988,.0034067325380895,.0034067325380895,.005724148042361,.005724148042361,251,233
named,cvr5_no_ayacucho,CVR high-burden departments excluding Ayacucho,predeclared_exclusion,1,0,de,treat_12,2012,score_as_recorded,p2_mserd,3080,1160,136,1024,490,670,22,468,114,556,13,59,177,238,49,49,1,1,0,-.1879102269291152,-.2367779136676023,.1692019082339059,.1616988001535911,-.5684075599215088,.0948517325863044,.0020279026964607,.0020279026964607,.0036305113843119,.0036305113843119,172,140
named,cvr5_no_ayacucho,CVR high-burden departments excluding Ayacucho,predeclared_exclusion,1,0,de,treat_16,2016,drop_rounding_band,p1_cerrd,3080,1111,141,970,441,670,20,421,121,549,12,59,170,238,49,49,1,1,0,.0044254658385093,-.0138944292466925,.1041223922167866,.8938428515615989,-.2179705679757478,.1901817094823628,.0010794589429805,.0010794589429805,.0029040093983047,.0029040093983047,57,48
named,cvr5_no_ayacucho,CVR high-burden departments excluding Ayacucho,predeclared_exclusion,1,0,de,treat_16,2016,drop_rounding_band,p1_mserd,3080,1111,141,970,441,670,20,421,121,549,12,59,170,238,49,49,1,1,0,-.0944935147601577,-.1752274025484515,.1001893319130291,.0802974704658805,-.371594884733118,.021140079636215,.0014579382725265,.0014579382725265,.0029040093983047,.0029040093983047,65,89
named,cvr5_no_ayacucho,CVR high-burden departments excluding Ayacucho,predeclared_exclusion,1,0,de,treat_16,2016,drop_rounding_band,p2_mserd,3080,1111,141,970,441,670,20,421,121,549,12,59,170,238,49,49,1,1,0,-.1941873891798194,-.2666538164137813,.1930147899082123,.167119094735254,-.6449558531174424,.1116482202898799,.0019972034847833,.0019972034847833,.0035081065973204,.0035081065973204,123,140
named,cvr5_no_ayacucho,CVR high-burden departments excluding Ayacucho,predeclared_exclusion,1,0,de,treat_16,2016,drop_sign_conflicts,p1_cerrd,3080,1111,141,970,441,670,20,421,121,549,12,59,170,238,49,49,1,1,0,.0044254658385093,-.0138944292466925,.1041223922167866,.8938428515615989,-.2179705679757478,.1901817094823628,.0010794589429805,.0010794589429805,.0029040093983047,.0029040093983047,57,48
named,cvr5_no_ayacucho,CVR high-burden departments excluding Ayacucho,predeclared_exclusion,1,0,de,treat_16,2016,drop_sign_conflicts,p1_mserd,3080,1111,141,970,441,670,20,421,121,549,12,59,170,238,49,49,1,1,0,-.0944935147601577,-.1752274025484515,.1001893319130291,.0802974704658805,-.371594884733118,.021140079636215,.0014579382725265,.0014579382725265,.0029040093983047,.0029040093983047,65,89
named,cvr5_no_ayacucho,CVR high-burden departments excluding Ayacucho,predeclared_exclusion,1,0,de,treat_16,2016,drop_sign_conflicts,p2_mserd,3080,1111,141,970,441,670,20,421,121,549,12,59,170,238,49,49,1,1,0,-.1941873891798194,-.2666538164137813,.1930147899082123,.167119094735254,-.6449558531174424,.1116482202898799,.0019972034847833,.0019972034847833,.0035081065973204,.0035081065973204,123,140
named,cvr5_no_ayacucho,CVR high-burden departments excluding Ayacucho,predeclared_exclusion,1,0,de,treat_16,2016,score_as_recorded,p1_cerrd,3080,1160,145,1015,490,670,24,466,121,549,13,59,177,238,49,49,1,1,0,-.126045687988499,-.1428203192670085,.0623132803781213,.0219072354165277,-.2649521045666727,-.0206885339673442,.0021015224590331,.0021015224590331,.0050379839235015,.0050379839235015,172,140
named,cvr5_no_ayacucho,CVR high-burden departments excluding Ayacucho,predeclared_exclusion,1,0,de,treat_16,2016,score_as_recorded,p1_mserd,3080,1160,145,1015,490,670,24,466,121,549,13,59,177,238,49,49,1,1,0,-.0759968699195425,-.097359698346048,.0587734726874046,.0976156446776386,-.2125535880597094,.0178341913676135,.0028407724043605,.0028407724043605,.0050379839235015,.0050379839235015,179,166
named,cvr5_no_ayacucho,CVR high-burden departments excluding Ayacucho,predeclared_exclusion,1,0,de,treat_16,2016,score_as_recorded,p2_mserd,3080,1160,145,1015,490,670,24,466,121,549,13,59,177,238,49,49,1,1,0,-.1408885059016201,-.1859220867482455,.1694541179905516,.272561637204229,-.5180460550417274,.1462018815452364,.0018966778693484,.0018966778693484,.0034332325329751,.0034332325329751,172,140
named,cvr5_no_ayacucho,CVR high-burden departments excluding Ayacucho,predeclared_exclusion,1,0,de,treat_23,2023,drop_rounding_band,p1_cerrd,3080,1111,587,524,441,670,97,344,490,180,12,59,170,238,49,49,1,1,0,.665993788819875,.6961503664880717,.8849674995938959,.4314929459102977,-1.038354060204429,2.430654793180572,.0008570175441083,.0008570175441083,.0026045505544548,.0026045505544548,57,48
named,cvr5_no_ayacucho,CVR high-burden departments excluding Ayacucho,predeclared_exclusion,1,0,de,treat_23,2023,drop_rounding_band,p1_mserd,3080,1111,587,524,441,670,97,344,490,180,12,59,170,238,49,49,1,1,0,.6215907071024702,.6525692789513933,.8816117780112818,.4591784818417735,-1.07535805429704,2.380496612199826,.0011575045868185,.0011575045868185,.0026045505544548,.0026045505544548,59,48
named,cvr5_no_ayacucho,CVR high-burden departments excluding Ayacucho,predeclared_exclusion,1,0,de,treat_23,2023,drop_rounding_band,p2_mserd,3080,1111,587,524,441,670,97,344,490,180,12,59,170,238,49,49,1,1,0,.8610005617974466,.9949216095250861,.8707695495166183,.2532140925066902,-.7117553463616526,2.701598565411825,.0015451021716136,.0015451021716136,.002891194553836,.002891194553836,65,89
named,cvr5_no_ayacucho,CVR high-burden departments excluding Ayacucho,predeclared_exclusion,1,0,de,treat_23,2023,drop_sign_conflicts,p1_cerrd,3080,1111,587,524,441,670,97,344,490,180,12,59,170,238,49,49,1,1,0,.665993788819875,.6961503664880717,.8849674995938959,.4314929459102977,-1.038354060204429,2.430654793180572,.0008570175441083,.0008570175441083,.0026045505544548,.0026045505544548,57,48
named,cvr5_no_ayacucho,CVR high-burden departments excluding Ayacucho,predeclared_exclusion,1,0,de,treat_23,2023,drop_sign_conflicts,p1_mserd,3080,1111,587,524,441,670,97,344,490,180,12,59,170,238,49,49,1,1,0,.6215907071024702,.6525692789513933,.8816117780112818,.4591784818417735,-1.07535805429704,2.380496612199826,.0011575045868185,.0011575045868185,.0026045505544548,.0026045505544548,59,48
named,cvr5_no_ayacucho,CVR high-burden departments excluding Ayacucho,predeclared_exclusion,1,0,de,treat_23,2023,drop_sign_conflicts,p2_mserd,3080,1111,587,524,441,670,97,344,490,180,12,59,170,238,49,49,1,1,0,.8610005617974466,.9949216095250861,.8707695495166183,.2532140925066902,-.7117553463616526,2.701598565411825,.0015451021716136,.0015451021716136,.002891194553836,.002891194553836,65,89
named,cvr5_no_ayacucho,CVR high-burden departments excluding Ayacucho,predeclared_exclusion,1,0,de,treat_23,2023,score_as_recorded,p1_cerrd,3080,1160,612,548,490,670,122,368,490,180,13,59,177,238,49,49,1,1,0,-.0264930041776945,-.0453374545756137,.1652373997104622,.7837943929486707,-.3691968069071686,.2785218977559413,.0024162847385003,.0024162847385003,.0051751591411335,.0051751591411335,179,166
named,cvr5_no_ayacucho,CVR high-burden departments excluding Ayacucho,predeclared_exclusion,1,0,de,treat_23,2023,score_as_recorded,p1_mserd,3080,1160,612,548,490,670,122,368,490,180,13,59,177,238,49,49,1,1,0,-.0776029409207661,-.1003760536538897,.1487642826700072,.499845914635266,-.3919486898730398,.1911965825652604,.0032662582199418,.0032662582199418,.0051751591411335,.0051751591411335,251,210
named,cvr5_no_ayacucho,CVR high-burden departments excluding Ayacucho,predeclared_exclusion,1,0,de,treat_23,2023,score_as_recorded,p2_mserd,3080,1160,612,548,490,670,122,368,490,180,13,59,177,238,49,49,1,1,0,.0006505163138552,.0159842843790586,.8522441999564895,.9850361363099895,-1.654383653568813,1.68635222232693,.0015786613433982,.0015786613433982,.002850523347219,.002850523347219,114,89
named,cvr6_departments,CVR six high-burden departments,official_conflict_envelope,1,0,ab,treat_12,2012,drop_rounding_band,p1_cerrd,4468,2108,1086,1022,1029,1079,442,587,644,435,587,891,271,254,0,9,1,1,0,-.0377953424703483,-.0633282996224319,.1721769252673859,.71301532459148,-.4007888721153526,.2741322728704888,.0162492658783777,.0162492658783777,.0368507663085044,.0368507663085044,128,82
named,cvr6_departments,CVR six high-burden departments,official_conflict_envelope,1,0,ab,treat_12,2012,drop_rounding_band,p1_mserd,4468,2108,1086,1022,1029,1079,442,587,644,435,587,891,271,254,0,9,1,1,0,-.0434737848466209,-.0929900393297707,.1606684137519537,.5627444538824888,-.4078943437367799,.2219142650772385,.0222249969500556,.0222249969500556,.0368507663085044,.0368507663085044,184,115
named,cvr6_departments,CVR six high-burden departments,official_conflict_envelope,1,0,ab,treat_12,2012,drop_rounding_band,p2_mserd,4468,2108,1086,1022,1029,1079,442,587,644,435,587,891,271,254,0,9,1,1,0,-.0930150758215635,-.1133650310241152,.1953422873453317,.5616850543600898,-.4962288788786395,.2694988168304091,.0316866861965383,.0316866861965383,.0430573195384077,.0430573195384077,269,161
named,cvr6_departments,CVR six high-burden departments,official_conflict_envelope,1,0,ab,treat_12,2012,drop_sign_conflicts,p1_cerrd,4468,2117,1093,1024,1037,1080,448,589,645,435,588,892,272,254,0,9,1,1,0,-.06226743960348,-.0822638108655777,.1558823716616867,.5976867174471618,-.3877876451471707,.2232600234160154,.0155619686733701,.0155619686733701,.0343829767224645,.0343829767224645,129,82
named,cvr6_departments,CVR six high-burden departments,official_conflict_envelope,1,0,ab,treat_12,2012,drop_sign_conflicts,p1_mserd,4468,2117,1093,1024,1037,1080,448,589,645,435,588,892,272,254,0,9,1,1,0,-.0758458941482012,-.1173084602011037,.1494639047842488,.4325347940533628,-.4102523305669551,.1756354101647477,.0212869688158076,.0212869688158076,.0343829767224645,.0343829767224645,180,113
named,cvr6_departments,CVR six high-burden departments,official_conflict_envelope,1,0,ab,treat_12,2012,drop_sign_conflicts,p2_mserd,4468,2117,1093,1024,1037,1080,448,589,645,435,588,892,272,254,0,9,1,1,0,-.1178798431069645,-.1306136565913607,.1730710429870245,.4504396160306023,-.4698266676127121,.2085993544299907,.0312880951031279,.0312880951031279,.0409091733085872,.0409091733085872,272,162
named,cvr6_departments,CVR six high-burden departments,official_conflict_envelope,1,0,ab,treat_12,2012,score_as_recorded,p1_cerrd,4468,2117,1093,1024,1037,1080,448,589,645,435,588,892,272,254,0,9,1,1,0,-.06226743960348,-.0822638108655777,.1558823716616867,.5976867174471618,-.3877876451471707,.2232600234160154,.0155619686733701,.0155619686733701,.0343829767224645,.0343829767224645,129,82
named,cvr6_departments,CVR six high-burden departments,official_conflict_envelope,1,0,ab,treat_12,2012,score_as_recorded,p1_mserd,4468,2117,1093,1024,1037,1080,448,589,645,435,588,892,272,254,0,9,1,1,0,-.0758458941482012,-.1173084602011037,.1494639047842488,.4325347940533628,-.4102523305669551,.1756354101647477,.0212869688158076,.0212869688158076,.0343829767224645,.0343829767224645,180,113
named,cvr6_departments,CVR six high-burden departments,official_conflict_envelope,1,0,ab,treat_12,2012,score_as_recorded,p2_mserd,4468,2117,1093,1024,1037,1080,448,589,645,435,588,892,272,254,0,9,1,1,0,-.1178798431069645,-.1306136565913607,.1730710429870245,.4504396160306023,-.4698266676127121,.2085993544299907,.0312880951031279,.0312880951031279,.0409091733085872,.0409091733085872,272,162
named,cvr6_departments,CVR six high-burden departments,official_conflict_envelope,1,0,ab,treat_16,2016,drop_rounding_band,p1_cerrd,4468,2108,1420,688,1029,1079,544,485,876,203,587,891,271,254,0,9,1,1,0,-.2419992509204698,-.2748820088655037,.1637117719077581,.0931402066727586,-.5957511856499457,.0459871679189382,.0124388233865464,.0124388233865464,.0310346552684161,.0310346552684161,99,71
named,cvr6_departments,CVR six high-burden departments,official_conflict_envelope,1,0,ab,treat_16,2016,drop_rounding_band,p1_mserd,4468,2108,1420,688,1029,1079,544,485,876,203,587,891,271,254,0,9,1,1,0,-.2307006302721228,-.2897949277731322,.1517037495611067,.0560986228282337,-.5871288132325851,.0075389576863208,.0170132493306136,.0170132493306136,.0310346552684161,.0310346552684161,139,87
named,cvr6_departments,CVR six high-burden departments,official_conflict_envelope,1,0,ab,treat_16,2016,drop_rounding_band,p2_mserd,4468,2108,1420,688,1029,1079,544,485,876,203,587,891,271,254,0,9,1,1,0,-.3012365869525233,-.3378909470067732,.1740144161428408,.0521684482523335,-.6789529354375066,.00317104142396,.0279705821212499,.0279705821212499,.0395555094908931,.0395555094908931,235,146
named,cvr6_departments,CVR six high-burden departments,official_conflict_envelope,1,0,ab,treat_16,2016,drop_sign_conflicts,p1_cerrd,4468,2117,1428,689,1037,1080,551,486,877,203,588,892,272,254,0,9,1,1,0,-.2048154876321655,-.2276017719523777,.1430119457008124,.1114998308366358,-.5079000348849678,.0526964909802123,.0131963379634923,.0131963379634923,.0316069230011279,.0316069230011279,111,74
named,cvr6_departments,CVR six high-burden departments,official_conflict_envelope,1,0,ab,treat_16,2016,drop_sign_conflicts,p1_mserd,4468,2117,1428,689,1037,1080,551,486,877,203,588,892,272,254,0,9,1,1,0,-.2032360660048953,-.2491815400740317,.1353476160547101,.0656144358921974,-.5144579929346186,.0160949127865552,.0180510602872769,.0180510602872769,.0316069230011279,.0316069230011279,160,92
named,cvr6_departments,CVR six high-burden departments,official_conflict_envelope,1,0,ab,treat_16,2016,drop_sign_conflicts,p2_mserd,4468,2117,1428,689,1037,1080,551,486,877,203,588,892,272,254,0,9,1,1,0,-.2493100127499113,-.2751448962304992,.1507168665732843,.0679143518739526,-.5705445265768652,.0202547341158668,.0295755186952962,.0295755186952962,.0404738536327182,.0404738536327182,257,157
named,cvr6_departments,CVR six high-burden departments,official_conflict_envelope,1,0,ab,treat_16,2016,score_as_recorded,p1_cerrd,4468,2117,1428,689,1037,1080,551,486,877,203,588,892,272,254,0,9,1,1,0,-.2048154876321655,-.2276017719523777,.1430119457008124,.1114998308366358,-.5079000348849678,.0526964909802123,.0131963379634923,.0131963379634923,.0316069230011279,.0316069230011279,111,74
named,cvr6_departments,CVR six high-burden departments,official_conflict_envelope,1,0,ab,treat_16,2016,score_as_recorded,p1_mserd,4468,2117,1428,689,1037,1080,551,486,877,203,588,892,272,254,0,9,1,1,0,-.2032360660048953,-.2491815400740317,.1353476160547101,.0656144358921974,-.5144579929346186,.0160949127865552,.0180510602872769,.0180510602872769,.0316069230011279,.0316069230011279,160,92
named,cvr6_departments,CVR six high-burden departments,official_conflict_envelope,1,0,ab,treat_16,2016,score_as_recorded,p2_mserd,4468,2117,1428,689,1037,1080,551,486,877,203,588,892,272,254,0,9,1,1,0,-.2493100127499113,-.2751448962304992,.1507168665732843,.0679143518739526,-.5705445265768652,.0202547341158668,.0295755186952962,.0295755186952962,.0404738536327182,.0404738536327182,257,157
named,cvr6_departments,CVR six high-burden departments,official_conflict_envelope,1,0,ab,treat_23,2023,drop_rounding_band,p1_cerrd,4468,2108,1906,202,1029,1079,905,124,1001,78,587,891,271,254,0,9,1,1,0,-.0045687659160312,.0018259079181573,.0794572547996324,.9816664251688003,-.1539074497995445,.1575592656358591,.0292349773379355,.0292349773379355,.0547338322209664,.0547338322209664,245,153
named,cvr6_departments,CVR six high-burden departments,official_conflict_envelope,1,0,ab,treat_23,2023,drop_rounding_band,p1_mserd,4468,2108,1906,202,1029,1079,905,124,1001,78,587,891,271,254,0,9,1,1,0,.0202111550567501,.0314571643549129,.0744180480833286,.6725077288903142,-.1143995296881811,.1773138583980068,.0399862545812087,.0399862545812087,.0547338322209664,.0547338322209664,350,208
named,cvr6_departments,CVR six high-burden departments,official_conflict_envelope,1,0,ab,treat_23,2023,drop_rounding_band,p2_mserd,4468,2108,1906,202,1029,1079,905,124,1001,78,587,891,271,254,0,9,1,1,0,-.0488393955941833,-.0660111381657629,.1114924672040635,.5538049575166217,-.2845323584332405,.1525100821017148,.0294965411008909,.0294965411008909,.0414886058278778,.0414886058278778,248,154
named,cvr6_departments,CVR six high-burden departments,official_conflict_envelope,1,0,ab,treat_23,2023,drop_sign_conflicts,p1_cerrd,4468,2117,1914,203,1037,1080,912,125,1002,78,588,892,272,254,0,9,1,1,0,.0042108113385582,.0125471323756194,.074543990249478,.8663327232060908,-.1335564037772624,.1586506685285012,.0295320300593491,.0295320300593491,.0561359177269652,.0561359177269652,256,155
named,cvr6_departments,CVR six high-burden departments,official_conflict_envelope,1,0,ab,treat_23,2023,drop_sign_conflicts,p1_mserd,4468,2117,1914,203,1037,1080,912,125,1002,78,588,892,272,254,0,9,1,1,0,.0239307768989407,.038911644194326,.0699802806600736,.5781853768522942,-.0982471855274231,.1760704739160752,.0403963930358381,.0403963930358381,.0561359177269652,.0561359177269652,362,211
named,cvr6_departments,CVR six high-burden departments,official_conflict_envelope,1,0,ab,treat_23,2023,drop_sign_conflicts,p2_mserd,4468,2117,1914,203,1037,1080,912,125,1002,78,588,892,272,254,0,9,1,1,0,-.0316350961089702,-.0452443048149789,.0969782447000671,.6408284729687795,-.2353181717110227,.144829562081065,.0308143206167045,.0308143206167045,.0426800521036795,.0426800521036795,268,160
named,cvr6_departments,CVR six high-burden departments,official_conflict_envelope,1,0,ab,treat_23,2023,score_as_recorded,p1_cerrd,4468,2117,1914,203,1037,1080,912,125,1002,78,588,892,272,254,0,9,1,1,0,.0042108113385582,.0125471323756194,.074543990249478,.8663327232060908,-.1335564037772624,.1586506685285012,.0295320300593491,.0295320300593491,.0561359177269652,.0561359177269652,256,155
named,cvr6_departments,CVR six high-burden departments,official_conflict_envelope,1,0,ab,treat_23,2023,score_as_recorded,p1_mserd,4468,2117,1914,203,1037,1080,912,125,1002,78,588,892,272,254,0,9,1,1,0,.0239307768989407,.038911644194326,.0699802806600736,.5781853768522942,-.0982471855274231,.1760704739160752,.0403963930358381,.0403963930358381,.0561359177269652,.0561359177269652,362,211
named,cvr6_departments,CVR six high-burden departments,official_conflict_envelope,1,0,ab,treat_23,2023,score_as_recorded,p2_mserd,4468,2117,1914,203,1037,1080,912,125,1002,78,588,892,272,254,0,9,1,1,0,-.0316350961089702,-.0452443048149789,.0969782447000671,.6408284729687795,-.2353181717110227,.144829562081065,.0308143206167045,.0308143206167045,.0426800521036795,.0426800521036795,268,160
named,cvr6_departments,CVR six high-burden departments,official_conflict_envelope,1,0,bc,treat_12,2012,drop_rounding_band,p1_cerrd,4468,2041,769,1272,1004,1037,321,683,448,589,290,588,320,272,0,4,1,1,0,.0636550365114393,.0589488449953023,.1195665719926442,.6219976658406758,-.1753973298651959,.2932950198558004,.0110491050574205,.0110491050574205,.0241286419020895,.0241286419020895,214,173
named,cvr6_departments,CVR six high-burden departments,official_conflict_envelope,1,0,bc,treat_12,2012,drop_rounding_band,p1_mserd,4468,2041,769,1272,1004,1037,321,683,448,589,290,588,320,272,0,4,1,1,0,.052612619141698,.0433899257578667,.1086158660543009,.6895391533940605,-.1694932598581896,.2562731113739231,.0152034863418773,.0152034863418773,.0241286419020895,.0241286419020895,310,237
named,cvr6_departments,CVR six high-burden departments,official_conflict_envelope,1,0,bc,treat_12,2012,drop_rounding_band,p2_mserd,4468,2041,769,1272,1004,1037,321,683,448,589,290,588,320,272,0,4,1,1,0,.093250371000225,.1219612971973119,.14576794718358,.4027718039204009,-.1637386293828417,.4076612237774654,.0179750335020371,.0179750335020371,.0259545912102388,.0259545912102388,382,276
named,cvr6_departments,CVR six high-burden departments,official_conflict_envelope,1,0,bc,treat_12,2012,drop_sign_conflicts,p1_cerrd,4468,2045,771,1274,1008,1037,323,685,448,589,291,588,320,272,0,4,1,1,0,.0570288240387773,.0585033962518322,.1252936498555973,.6405497761885368,-.1870676449567106,.304074437460375,.0100752801034932,.0100752801034932,.0216926272780225,.0216926272780225,201,159
named,cvr6_departments,CVR six high-burden departments,official_conflict_envelope,1,0,bc,treat_12,2012,drop_sign_conflicts,p1_mserd,4468,2045,771,1274,1008,1037,323,685,448,589,291,588,320,272,0,4,1,1,0,.0407135359247086,.0422430127973566,.114103031551815,.7112199570869829,-.1813948195710381,.2658808451657514,.0138635104515702,.0138635104515702,.0216926272780225,.0216926272780225,279,210
named,cvr6_departments,CVR six high-burden departments,official_conflict_envelope,1,0,bc,treat_12,2012,drop_sign_conflicts,p2_mserd,4468,2045,771,1274,1008,1037,323,685,448,589,291,588,320,272,0,4,1,1,0,.0656672047870475,.0946192920149498,.1452229286751373,.5146946541525946,-.1900124179177483,.3792510019476479,.0175748285350866,.0175748285350866,.0251349438704671,.0251349438704671,376,271
named,cvr6_departments,CVR six high-burden departments,official_conflict_envelope,1,0,bc,treat_12,2012,score_as_recorded,p1_cerrd,4468,2045,771,1274,1008,1037,323,685,448,589,291,588,320,272,0,4,1,1,0,.0570288240387773,.0585033962518322,.1252936498555973,.6405497761885368,-.1870676449567106,.304074437460375,.0100752801034932,.0100752801034932,.0216926272780225,.0216926272780225,201,159
named,cvr6_departments,CVR six high-burden departments,official_conflict_envelope,1,0,bc,treat_12,2012,score_as_recorded,p1_mserd,4468,2045,771,1274,1008,1037,323,685,448,589,291,588,320,272,0,4,1,1,0,.0407135359247086,.0422430127973566,.114103031551815,.7112199570869829,-.1813948195710381,.2658808451657514,.0138635104515702,.0138635104515702,.0216926272780225,.0216926272780225,279,210
named,cvr6_departments,CVR six high-burden departments,official_conflict_envelope,1,0,bc,treat_12,2012,score_as_recorded,p2_mserd,4468,2045,771,1274,1008,1037,323,685,448,589,291,588,320,272,0,4,1,1,0,.0656672047870475,.0946192920149498,.1452229286751373,.5146946541525946,-.1900124179177483,.3792510019476479,.0175748285350866,.0175748285350866,.0251349438704671,.0251349438704671,376,271
named,cvr6_departments,CVR six high-burden departments,official_conflict_envelope,1,0,bc,treat_16,2016,drop_rounding_band,p1_cerrd,4468,2041,880,1161,1004,1037,329,675,551,486,290,588,320,272,0,4,1,1,0,.171126390902316,.1709316046375506,.1123009322115335,.1279876942144353,-.049174177927329,.3910373872024303,.0127177825423103,.0127177825423103,.027135956341799,.027135956341799,251,193
named,cvr6_departments,CVR six high-burden departments,official_conflict_envelope,1,0,bc,treat_16,2016,drop_rounding_band,p1_mserd,4468,2041,880,1161,1004,1037,329,675,551,486,290,588,320,272,0,4,1,1,0,.1504522179649336,.1500064571023296,.1020011815306473,.1413899872580292,-.0499121850782712,.3499250992829305,.0174995741443444,.0174995741443444,.027135956341799,.027135956341799,370,271
named,cvr6_departments,CVR six high-burden departments,official_conflict_envelope,1,0,bc,treat_16,2016,drop_rounding_band,p2_mserd,4468,2041,880,1161,1004,1037,329,675,551,486,290,588,320,272,0,4,1,1,0,.2076528992208648,.2321963399251982,.1564367841941389,.1377340608056894,-.0744141229525788,.5388068028029751,.0167702707690358,.0167702707690358,.0236474263506888,.0236474263506888,351,262
named,cvr6_departments,CVR six high-burden departments,official_conflict_envelope,1,0,bc,treat_16,2016,drop_sign_conflicts,p1_cerrd,4468,2045,882,1163,1008,1037,331,677,551,486,291,588,320,272,0,4,1,1,0,.1491385155420074,.1484531499462383,.1183054042332537,.2095405423049009,-.0834211815273913,.3803274814198678,.0114411485548034,.0114411485548034,.0244170137315935,.0244170137315935,229,178
named,cvr6_departments,CVR six high-burden departments,official_conflict_envelope,1,0,bc,treat_16,2016,drop_sign_conflicts,p1_mserd,4468,2045,882,1163,1008,1037,331,677,551,486,291,588,320,272,0,4,1,1,0,.1455589082957336,.1428690892401994,.1080565078599776,.1861114983976984,-.068917774460526,.3546559529409247,.0157429352770542,.0157429352770542,.0244170137315935,.0244170137315935,327,244
named,cvr6_departments,CVR six high-burden departments,official_conflict_envelope,1,0,bc,treat_16,2016,drop_sign_conflicts,p2_mserd,4468,2045,882,1163,1008,1037,331,677,551,486,291,588,320,272,0,4,1,1,0,.1576832084778934,.1693144249793872,.1375610529606426,.2183860334537268,-.1003002844988793,.4389291344576537,.0203370539608393,.0203370539608393,.0278776626690112,.0278776626690112,449,312
named,cvr6_departments,CVR six high-burden departments,official_conflict_envelope,1,0,bc,treat_16,2016,score_as_recorded,p1_cerrd,4468,2045,882,1163,1008,1037,331,677,551,486,291,588,320,272,0,4,1,1,0,.1491385155420074,.1484531499462383,.1183054042332537,.2095405423049009,-.0834211815273913,.3803274814198678,.0114411485548034,.0114411485548034,.0244170137315935,.0244170137315935,229,178
named,cvr6_departments,CVR six high-burden departments,official_conflict_envelope,1,0,bc,treat_16,2016,score_as_recorded,p1_mserd,4468,2045,882,1163,1008,1037,331,677,551,486,291,588,320,272,0,4,1,1,0,.1455589082957336,.1428690892401994,.1080565078599776,.1861114983976984,-.068917774460526,.3546559529409247,.0157429352770542,.0157429352770542,.0244170137315935,.0244170137315935,327,244
named,cvr6_departments,CVR six high-burden departments,official_conflict_envelope,1,0,bc,treat_16,2016,score_as_recorded,p2_mserd,4468,2045,882,1163,1008,1037,331,677,551,486,291,588,320,272,0,4,1,1,0,.1576832084778934,.1693144249793872,.1375610529606426,.2183860334537268,-.1003002844988793,.4389291344576537,.0203370539608393,.0203370539608393,.0278776626690112,.0278776626690112,449,312
named,cvr6_departments,CVR six high-burden departments,official_conflict_envelope,1,0,bc,treat_23,2023,drop_rounding_band,p1_cerrd,4468,2041,1788,253,1004,1037,876,128,912,125,290,588,320,272,0,4,1,1,0,.0816912341519478,.090037120300323,.0846474652617212,.2874774113516832,-.0758688629952559,.2559431035959018,.0112767121029368,.0112767121029368,.0258177606950843,.0258177606950843,215,175
named,cvr6_departments,CVR six high-burden departments,official_conflict_envelope,1,0,bc,treat_23,2023,drop_rounding_band,p1_mserd,4468,2041,1788,253,1004,1037,876,128,912,125,290,588,320,272,0,4,1,1,0,.0499276631872085,.0647066090568551,.0787146946839837,.4110542659824027,-.0895713575778194,.2189845756915296,.0155166719428684,.0155166719428684,.0258177606950843,.0258177606950843,317,241
named,cvr6_departments,CVR six high-burden departments,official_conflict_envelope,1,0,bc,treat_23,2023,drop_rounding_band,p2_mserd,4468,2041,1788,253,1004,1037,876,128,912,125,290,588,320,272,0,4,1,1,0,.2226327910719226,.2547006103902074,.1262887407431361,.0437151671048037,.0071792268807446,.5022219938996703,.0108567100136549,.0108567100136549,.0160622472511994,.0160622472511994,210,170
named,cvr6_departments,CVR six high-burden departments,official_conflict_envelope,1,0,bc,treat_23,2023,drop_sign_conflicts,p1_cerrd,4468,2045,1792,253,1008,1037,880,128,912,125,291,588,320,272,0,4,1,1,0,.0709527212687702,.0790209859372031,.0817418681998469,.3336871637158347,-.0811901317635167,.2392321036379228,.0104890369570039,.0104890369570039,.022787402990879,.022787402990879,210,168
named,cvr6_departments,CVR six high-burden departments,official_conflict_envelope,1,0,bc,treat_23,2023,drop_sign_conflicts,p1_mserd,4468,2045,1792,253,1008,1037,880,128,912,125,291,588,320,272,0,4,1,1,0,.0423092318286793,.0547514270387015,.0784794496362238,.4853941993487456,-.0990654677748221,.2085683218522251,.0144328368032085,.0144328368032085,.022787402990879,.022787402990879,298,215
named,cvr6_departments,CVR six high-burden departments,official_conflict_envelope,1,0,bc,treat_23,2023,drop_sign_conflicts,p2_mserd,4468,2045,1792,253,1008,1037,880,128,912,125,291,588,320,272,0,4,1,1,0,.1398314516735661,.1653175270135887,.1055091097586807,.1171484754444942,-.0414765281543091,.3721115821814865,.0122208451208424,.0122208451208424,.0174585857412289,.0174585857412289,246,184
named,cvr6_departments,CVR six high-burden departments,official_conflict_envelope,1,0,bc,treat_23,2023,score_as_recorded,p1_cerrd,4468,2045,1792,253,1008,1037,880,128,912,125,291,588,320,272,0,4,1,1,0,.0709527212687702,.0790209859372031,.0817418681998469,.3336871637158347,-.0811901317635167,.2392321036379228,.0104890369570039,.0104890369570039,.022787402990879,.022787402990879,210,168
named,cvr6_departments,CVR six high-burden departments,official_conflict_envelope,1,0,bc,treat_23,2023,score_as_recorded,p1_mserd,4468,2045,1792,253,1008,1037,880,128,912,125,291,588,320,272,0,4,1,1,0,.0423092318286793,.0547514270387015,.0784794496362238,.4853941993487456,-.0990654677748221,.2085683218522251,.0144328368032085,.0144328368032085,.022787402990879,.022787402990879,298,215
named,cvr6_departments,CVR six high-burden departments,official_conflict_envelope,1,0,bc,treat_23,2023,score_as_recorded,p2_mserd,4468,2045,1792,253,1008,1037,880,128,912,125,291,588,320,272,0,4,1,1,0,.1398314516735661,.1653175270135887,.1055091097586807,.1171484754444942,-.0414765281543091,.3721115821814865,.0122208451208424,.0122208451208424,.0174585857412289,.0174585857412289,246,184
named,cvr6_departments,CVR six high-burden departments,official_conflict_envelope,1,0,cd,treat_12,2012,drop_rounding_band,p1_cerrd,4468,1844,456,1388,838,1006,133,705,323,683,60,290,294,319,4,3,1,1,0,-.0302818903931075,-.0325605911259753,.155730078372484,.8343830486980863,-.3377859360456439,.2726647537936934,.002410725128183,.002410725128183,.0052091977700473,.0052091977700473,115,99
named,cvr6_departments,CVR six high-burden departments,official_conflict_envelope,1,0,cd,treat_12,2012,drop_rounding_band,p1_mserd,4468,1844,456,1388,838,1006,133,705,323,683,60,290,294,319,4,3,1,1,0,-.0594883296840677,-.0653177337290031,.1460084729421496,.654618201178587,-.3514890821333072,.2208536146753011,.0033229263722214,.0033229263722214,.0052091977700473,.0052091977700473,172,138
named,cvr6_departments,CVR six high-burden departments,official_conflict_envelope,1,0,cd,treat_12,2012,drop_rounding_band,p2_mserd,4468,1844,456,1388,838,1006,133,705,323,683,60,290,294,319,4,3,1,1,0,-.0339667495046911,-.0043074936133736,.1794499028426396,.9808495152319483,-.3560228402141589,.3474078529874118,.0042148872707531,.0042148872707531,.0056559211584211,.0056559211584211,230,174
named,cvr6_departments,CVR six high-burden departments,official_conflict_envelope,1,0,cd,treat_12,2012,drop_sign_conflicts,p1_cerrd,4468,1843,455,1388,838,1005,133,705,322,683,60,290,294,319,4,3,1,1,0,-.0311748441456777,-.0333244691126343,.1554977325182507,.8303065737095898,-.3380944245260484,.2714454863007799,.0024206824805791,.0024206824805791,.0052239916995395,.0052239916995395,115,99
named,cvr6_departments,CVR six high-burden departments,official_conflict_envelope,1,0,cd,treat_12,2012,drop_sign_conflicts,p1_mserd,4468,1843,455,1388,838,1005,133,705,322,683,60,290,294,319,4,3,1,1,0,-.0577139429291381,-.0634371243240793,.1457468982125713,.66337705493413,-.3490957956791442,.2222215470309856,.0033366515159499,.0033366515159499,.0052239916995395,.0052239916995395,176,137
named,cvr6_departments,CVR six high-burden departments,official_conflict_envelope,1,0,cd,treat_12,2012,drop_sign_conflicts,p2_mserd,4468,1843,455,1388,838,1005,133,705,322,683,60,290,294,319,4,3,1,1,0,-.0341526270553891,-.0062640467218871,.1792955250866257,.9721299814949033,-.3576768184808711,.345148725037097,.004235012324614,.004235012324614,.0056688472033545,.0056688472033545,230,173
named,cvr6_departments,CVR six high-burden departments,official_conflict_envelope,1,0,cd,treat_12,2012,score_as_recorded,p1_cerrd,4468,1847,457,1390,841,1006,134,707,323,683,61,290,295,319,4,3,1,1,0,-.0334530776751187,-.0346852135849789,.1499180967195387,.8170342943669129,-.328519283786067,.2591488566161092,.0024287506123659,.0024287506123659,.00519890456815,.00519890456815,118,99
named,cvr6_departments,CVR six high-burden departments,official_conflict_envelope,1,0,cd,treat_12,2012,score_as_recorded,p1_mserd,4468,1847,457,1390,841,1006,134,707,323,683,61,290,295,319,4,3,1,1,0,-.0617030866668131,-.065914162717557,.1410581489047493,.6402969726650385,-.3423830542967537,.2105547288616397,.0033480454247057,.0033480454247057,.00519890456815,.00519890456815,179,138
named,cvr6_departments,CVR six high-burden departments,official_conflict_envelope,1,0,cd,treat_12,2012,score_as_recorded,p2_mserd,4468,1847,457,1390,841,1006,134,707,323,683,61,290,295,319,4,3,1,1,0,-.0335594908901806,-.0024955488917582,.1718791203493282,.9884157542168269,-.339372434470867,.3343813366873506,.0042509392407156,.0042509392407156,.0056741752995819,.0056741752995819,233,174
named,cvr6_departments,CVR six high-burden departments,official_conflict_envelope,1,0,cd,treat_16,2016,drop_rounding_band,p1_cerrd,4468,1844,473,1371,838,1006,142,696,331,675,60,290,294,319,4,3,1,1,0,.0388004755267226,.0402655339549952,.1579185782307138,.79874121262222,-.2692491918669749,.3497802597769653,.0026340725039431,.0026340725039431,.0055307768569517,.0055307768569517,124,104
named,cvr6_departments,CVR six high-burden departments,official_conflict_envelope,1,0,cd,treat_16,2016,drop_rounding_band,p1_mserd,4468,1844,473,1371,838,1006,142,696,331,675,60,290,294,319,4,3,1,1,0,.0005784314380475,.0021369324478508,.1467090925284822,.9883785995135227,-.2854076051125285,.2896814700082301,.0036307868065792,.0036307868065792,.0055307768569517,.0055307768569517,200,160
named,cvr6_departments,CVR six high-burden departments,official_conflict_envelope,1,0,cd,treat_16,2016,drop_rounding_band,p2_mserd,4468,1844,473,1371,838,1006,142,696,331,675,60,290,294,319,4,3,1,1,0,.0625969870020948,.1061488010543028,.187985970361931,.5723027191199193,-.2622969304538959,.4745945325625015,.0040570806029325,.0040570806029325,.005522895494181,.005522895494181,222,172
named,cvr6_departments,CVR six high-burden departments,official_conflict_envelope,1,0,cd,treat_16,2016,drop_sign_conflicts,p1_cerrd,4468,1843,472,1371,838,1005,142,696,330,675,60,290,294,319,4,3,1,1,0,.0384927025112236,.0404341177362939,.1577306021090095,.7976811900595018,-.2687121816571822,.3495804171297699,.0026432589237645,.0026432589237645,.0055406223800401,.0055406223800401,124,104
named,cvr6_departments,CVR six high-burden departments,official_conflict_envelope,1,0,cd,treat_16,2016,drop_sign_conflicts,p1_mserd,4468,1843,472,1371,838,1005,142,696,330,675,60,290,294,319,4,3,1,1,0,.0032575586223504,.0057175272814652,.1464698636975423,.968862069387002,-.2813581303862083,.2927931849491388,.0036434493023294,.0036434493023294,.0055406223800401,.0055406223800401,200,159
named,cvr6_departments,CVR six high-burden departments,official_conflict_envelope,1,0,cd,treat_16,2016,drop_sign_conflicts,p2_mserd,4468,1843,472,1371,838,1005,142,696,330,675,60,290,294,319,4,3,1,1,0,.0610580136672707,.1029411142442616,.1877838937438542,.5835619540532793,-.2651085543703889,.470990782858912,.0040862082421657,.0040862082421657,.0055358066031386,.0055358066031386,222,172
named,cvr6_departments,CVR six high-burden departments,official_conflict_envelope,1,0,cd,treat_16,2016,score_as_recorded,p1_cerrd,4468,1847,474,1373,841,1006,143,698,331,675,61,290,295,319,4,3,1,1,0,.0376482428735877,.0399657057524357,.1529818430458184,.7939037582956878,-.2598731969059276,.339804608410799,.0026436060240719,.0026436060240719,.005510095887834,.005510095887834,127,104
named,cvr6_departments,CVR six high-burden departments,official_conflict_envelope,1,0,cd,treat_16,2016,score_as_recorded,p1_mserd,4468,1847,474,1373,841,1006,143,698,331,675,61,290,295,319,4,3,1,1,0,-.0018685463058201,.0010977663442414,.1425256382763078,.9938545642186442,-.2782473515509053,.280442884239388,.0036442247337188,.0036442247337188,.005510095887834,.005510095887834,203,160
named,cvr6_departments,CVR six high-burden departments,official_conflict_envelope,1,0,cd,treat_16,2016,score_as_recorded,p2_mserd,4468,1847,474,1373,841,1006,143,698,331,675,61,290,295,319,4,3,1,1,0,.0623369728513061,.1071106957928092,.18030339536617,.5524732416918625,-.24627746541517,.4604988570007884,.0040992887450892,.0040992887450892,.0055492415087088,.0055492415087088,225,173
named,cvr6_departments,CVR six high-burden departments,official_conflict_envelope,1,0,cd,treat_23,2023,drop_rounding_band,p1_cerrd,4468,1844,1477,367,838,1006,599,239,878,128,60,290,294,319,4,3,1,1,0,.0754104512662581,.0788719761134367,.0840909015783829,.3482767373221538,-.0859431624076961,.2436871146345694,.0039228918260737,.0039228918260737,.0083349729129304,.0083349729129304,213,170
named,cvr6_departments,CVR six high-burden departments,official_conflict_envelope,1,0,cd,treat_23,2023,drop_rounding_band,p1_mserd,4468,1844,1477,367,838,1006,599,239,878,128,60,290,294,319,4,3,1,1,0,.073016817706971,.0794414007808606,.0813584280163776,.3288478231902061,-.0800181879700339,.2389009895317551,.0054072861944476,.0054072861944476,.0083349729129304,.0083349729129304,294,228
named,cvr6_departments,CVR six high-burden departments,official_conflict_envelope,1,0,cd,treat_23,2023,drop_rounding_band,p2_mserd,4468,1844,1477,367,838,1006,599,239,878,128,60,290,294,319,4,3,1,1,0,.0564229364824653,.0457439412332841,.1169268822617975,.6956358502317389,-.1834285368243942,.2749164192909623,.0046657645721902,.0046657645721902,.0065630704738449,.0065630704738449,262,197
named,cvr6_departments,CVR six high-burden departments,official_conflict_envelope,1,0,cd,treat_23,2023,drop_sign_conflicts,p1_cerrd,4468,1843,1476,367,838,1005,599,239,877,128,60,290,294,319,4,3,1,1,0,.0759466454450217,.0795841701856319,.0841425116500251,.344237372525349,-.0853321222171591,.244500462588423,.0039212207955691,.0039212207955691,.0083377324159753,.0083377324159753,213,169
named,cvr6_departments,CVR six high-burden departments,official_conflict_envelope,1,0,cd,treat_23,2023,drop_sign_conflicts,p1_mserd,4468,1843,1476,367,838,1005,599,239,877,128,60,290,294,319,4,3,1,1,0,.0732160148928844,.0799757991733012,.0813682166582885,.3256628340351297,-.0795029749631962,.2394545733097987,.005404982857884,.005404982857884,.0083377324159753,.0083377324159753,294,227
named,cvr6_departments,CVR six high-burden departments,official_conflict_envelope,1,0,cd,treat_23,2023,drop_sign_conflicts,p2_mserd,4468,1843,1476,367,838,1005,599,239,877,128,60,290,294,319,4,3,1,1,0,.0568074475064257,.0459642594884988,.1168957662410223,.6941664361816975,-.1831472322891179,.2750757512661155,.0046670781602914,.0046670781602914,.0065664825233631,.0065664825233631,262,196
named,cvr6_departments,CVR six high-burden departments,official_conflict_envelope,1,0,cd,treat_23,2023,score_as_recorded,p1_cerrd,4468,1847,1480,367,841,1006,602,239,878,128,61,290,295,319,4,3,1,1,0,.0533467570921189,.0552944776206623,.0829605679700152,.5050818663087773,-.1073052477375545,.2178942029788792,.0037223247395095,.0037223247395095,.0078027926095745,.0078027926095745,203,162
named,cvr6_departments,CVR six high-burden departments,official_conflict_envelope,1,0,cd,treat_23,2023,score_as_recorded,p1_mserd,4468,1847,1480,367,841,1006,602,239,878,128,61,290,295,319,4,3,1,1,0,.0598311727585541,.0631404727326892,.0804780248540813,.4327069730136376,-.0945935575282295,.2208745029936079,.0051312441260667,.0051312441260667,.0078027926095745,.0078027926095745,294,213
named,cvr6_departments,CVR six high-burden departments,official_conflict_envelope,1,0,cd,treat_23,2023,score_as_recorded,p2_mserd,4468,1847,1480,367,841,1006,602,239,878,128,61,290,295,319,4,3,1,1,0,.0267510612175865,.0151992883987679,.112881688404439,.8928902249286357,-.2060447553880051,.236443332185541,.0044894337889251,.0044894337889251,.0062436388575132,.0062436388575132,257,195
named,cvr6_departments,CVR six high-burden departments,official_conflict_envelope,1,0,de,treat_12,2012,drop_rounding_band,p1_cerrd,4468,1290,149,1141,504,786,19,485,130,656,13,60,204,289,53,53,1,1,0,.0024509803921565,-.0145112145963844,.1024159121506618,.8873256144919643,-.2152427138554996,.1862202846627309,.0010489223217144,.0010489223217144,.0028904810405382,.0028904810405382,69,53
named,cvr6_departments,CVR six high-burden departments,official_conflict_envelope,1,0,de,treat_12,2012,drop_rounding_band,p1_mserd,4468,1290,149,1141,504,786,19,485,130,656,13,60,204,289,53,53,1,1,0,-.0627338171027235,-.1378015061399449,.0868873897821471,.1127442546237639,-.3080976608236468,.0324946485437569,.001430163445841,.001430163445841,.0028904810405382,.0028904810405382,77,102
named,cvr6_departments,CVR six high-burden departments,official_conflict_envelope,1,0,de,treat_12,2012,drop_rounding_band,p2_mserd,4468,1290,149,1141,504,786,19,485,130,656,13,60,204,289,53,53,1,1,0,-.1490507895562976,-.1891568503554304,.1658162759732872,.2539691191526157,-.5141507793136275,.1358370786027667,.0023207964431088,.0023207964431088,.0037859662223827,.0037859662223827,157,157
named,cvr6_departments,CVR six high-burden departments,official_conflict_envelope,1,0,de,treat_12,2012,drop_sign_conflicts,p1_cerrd,4468,1290,149,1141,504,786,19,485,130,656,13,60,204,289,53,53,1,1,0,.0024509803921565,-.0145112145963844,.1024159121506618,.8873256144919643,-.2152427138554996,.1862202846627309,.0010489223217144,.0010489223217144,.0028904810405382,.0028904810405382,69,53
named,cvr6_departments,CVR six high-burden departments,official_conflict_envelope,1,0,de,treat_12,2012,drop_sign_conflicts,p1_mserd,4468,1290,149,1141,504,786,19,485,130,656,13,60,204,289,53,53,1,1,0,-.0627338171027235,-.1378015061399449,.0868873897821471,.1127442546237639,-.3080976608236468,.0324946485437569,.001430163445841,.001430163445841,.0028904810405382,.0028904810405382,77,102
named,cvr6_departments,CVR six high-burden departments,official_conflict_envelope,1,0,de,treat_12,2012,drop_sign_conflicts,p2_mserd,4468,1290,149,1141,504,786,19,485,130,656,13,60,204,289,53,53,1,1,0,-.1490507895562976,-.1891568503554304,.1658162759732872,.2539691191526157,-.5141507793136275,.1358370786027667,.0023207964431088,.0023207964431088,.0037859662223827,.0037859662223827,157,157
named,cvr6_departments,CVR six high-burden departments,official_conflict_envelope,1,0,de,treat_12,2012,score_as_recorded,p1_cerrd,4468,1343,153,1190,557,786,23,534,130,656,14,60,211,289,53,53,1,1,0,-.1107952666948951,-.1177715725788462,.0542162879476019,.0298364759395855,-.2240335443315989,-.0115096008260935,.002408021975569,.002408021975569,.0055876556534497,.0055876556534497,210,188
named,cvr6_departments,CVR six high-burden departments,official_conflict_envelope,1,0,de,treat_12,2012,score_as_recorded,p1_mserd,4468,1343,153,1190,557,786,23,534,130,656,14,60,211,289,53,53,1,1,0,-.0448731890784677,-.0566629056401869,.0487988741108186,.2455801295631596,-.1523069413834954,.0389811301031215,.0032855565473491,.0032855565473491,.0055876556534497,.0055876556534497,296,272
named,cvr6_departments,CVR six high-burden departments,official_conflict_envelope,1,0,de,treat_12,2012,score_as_recorded,p2_mserd,4468,1343,153,1190,557,786,23,534,130,656,14,60,211,289,53,53,1,1,0,-.1738805132430531,-.2224266217477062,.1625316886570632,.1711517617206944,-.5409828778620271,.0961296343666147,.001978232606375,.001978232606375,.0035705697174032,.0035705697174032,201,157
named,cvr6_departments,CVR six high-burden departments,official_conflict_envelope,1,0,de,treat_16,2016,drop_rounding_band,p1_cerrd,4468,1290,160,1130,504,786,21,483,139,647,13,60,204,289,53,53,1,1,0,.0024509803921569,-.0193367831453064,.12251411788118,.8745883147104552,-.2594600417901138,.220786475499501,.000973731102691,.000973731102691,.0027040208586232,.0027040208586232,69,53
named,cvr6_departments,CVR six high-burden departments,official_conflict_envelope,1,0,de,treat_16,2016,drop_rounding_band,p1_mserd,4468,1290,160,1130,504,786,21,483,139,647,13,60,204,289,53,53,1,1,0,.0017737592040725,-.039690147788864,.1011764368998666,.6948465557719044,-.2379923201966918,.1586120246189637,.001327643239464,.001327643239464,.0027040208586232,.0027040208586232,71,56
named,cvr6_departments,CVR six high-burden departments,official_conflict_envelope,1,0,de,treat_16,2016,drop_rounding_band,p2_mserd,4468,1290,160,1130,504,786,21,483,139,647,13,60,204,289,53,53,1,1,0,-.1737114885972559,-.2414570400945668,.1819050011147834,.1843830490537915,-.5979842908872606,.1150702106981269,.0019743817883784,.0019743817883784,.0035588965232766,.0035588965232766,148,157
named,cvr6_departments,CVR six high-burden departments,official_conflict_envelope,1,0,de,treat_16,2016,drop_sign_conflicts,p1_cerrd,4468,1290,160,1130,504,786,21,483,139,647,13,60,204,289,53,53,1,1,0,.0024509803921569,-.0193367831453064,.12251411788118,.8745883147104552,-.2594600417901138,.220786475499501,.000973731102691,.000973731102691,.0027040208586232,.0027040208586232,69,53
named,cvr6_departments,CVR six high-burden departments,official_conflict_envelope,1,0,de,treat_16,2016,drop_sign_conflicts,p1_mserd,4468,1290,160,1130,504,786,21,483,139,647,13,60,204,289,53,53,1,1,0,.0017737592040725,-.039690147788864,.1011764368998666,.6948465557719044,-.2379923201966918,.1586120246189637,.001327643239464,.001327643239464,.0027040208586232,.0027040208586232,71,56
named,cvr6_departments,CVR six high-burden departments,official_conflict_envelope,1,0,de,treat_16,2016,drop_sign_conflicts,p2_mserd,4468,1290,160,1130,504,786,21,483,139,647,13,60,204,289,53,53,1,1,0,-.1737114885972559,-.2414570400945668,.1819050011147834,.1843830490537915,-.5979842908872606,.1150702106981269,.0019743817883784,.0019743817883784,.0035588965232766,.0035588965232766,148,157
named,cvr6_departments,CVR six high-burden departments,official_conflict_envelope,1,0,de,treat_16,2016,score_as_recorded,p1_cerrd,4468,1343,164,1179,557,786,25,532,139,647,14,60,211,289,53,53,1,1,0,-.1171204886550643,-.1278382225334901,.0555647244288392,.0214081247832177,-.2367430812249078,-.0189333638420724,.0023009647710352,.0023009647710352,.0054601250476914,.0054601250476914,210,157
named,cvr6_departments,CVR six high-burden departments,official_conflict_envelope,1,0,de,treat_16,2016,score_as_recorded,p1_mserd,4468,1343,164,1179,557,786,25,532,139,647,14,60,211,289,53,53,1,1,0,-.0441415785121012,-.060910260178413,.0503981449458746,.2268237088228006,-.1596888091599566,.0378682888031306,.0031394854139185,.0031394854139185,.0054601250476914,.0054601250476914,296,240
named,cvr6_departments,CVR six high-burden departments,official_conflict_envelope,1,0,de,treat_16,2016,score_as_recorded,p2_mserd,4468,1343,164,1179,557,786,25,532,139,647,14,60,211,289,53,53,1,1,0,-.0347734031644186,-.0516779772918424,.2032372196393377,.7992837460654039,-.4500156081030007,.3466596535193159,.0018656321706967,.0018656321706967,.0033797527838839,.0033797527838839,201,102
named,cvr6_departments,CVR six high-burden departments,official_conflict_envelope,1,0,de,treat_23,2023,drop_rounding_band,p1_cerrd,4468,1290,695,595,504,786,122,382,573,213,13,60,204,289,53,53,1,1,0,.6514705882352931,.6695695892927587,.8925178182314356,.4531324222382054,-1.079733190001121,2.418872368586638,.0008443922513195,.0008443922513195,.0026451151068002,.0026451151068002,69,53
named,cvr6_departments,CVR six high-burden departments,official_conflict_envelope,1,0,de,treat_23,2023,drop_rounding_band,p1_mserd,4468,1290,695,595,504,786,122,382,573,213,13,60,204,289,53,53,1,1,0,.61361324185415,.6325186242766918,.8890945644967008,.4768247272434007,-1.110074700987165,2.375111949540549,.0011512949117287,.0011512949117287,.0026451151068002,.0026451151068002,71,53
named,cvr6_departments,CVR six high-burden departments,official_conflict_envelope,1,0,de,treat_23,2023,drop_rounding_band,p2_mserd,4468,1290,695,595,504,786,122,382,573,213,13,60,204,289,53,53,1,1,0,.5333265399091651,.5853940227361392,.7291614752638361,.4220719568999845,-.8437362076950727,2.014524253167351,.0019924535812088,.0019924535812088,.0034563300425815,.0034563300425815,148,157
named,cvr6_departments,CVR six high-burden departments,official_conflict_envelope,1,0,de,treat_23,2023,drop_sign_conflicts,p1_cerrd,4468,1290,695,595,504,786,122,382,573,213,13,60,204,289,53,53,1,1,0,.6514705882352931,.6695695892927587,.8925178182314356,.4531324222382054,-1.079733190001121,2.418872368586638,.0008443922513195,.0008443922513195,.0026451151068002,.0026451151068002,69,53
named,cvr6_departments,CVR six high-burden departments,official_conflict_envelope,1,0,de,treat_23,2023,drop_sign_conflicts,p1_mserd,4468,1290,695,595,504,786,122,382,573,213,13,60,204,289,53,53,1,1,0,.61361324185415,.6325186242766918,.8890945644967008,.4768247272434007,-1.110074700987165,2.375111949540549,.0011512949117287,.0011512949117287,.0026451151068002,.0026451151068002,71,53
named,cvr6_departments,CVR six high-burden departments,official_conflict_envelope,1,0,de,treat_23,2023,drop_sign_conflicts,p2_mserd,4468,1290,695,595,504,786,122,382,573,213,13,60,204,289,53,53,1,1,0,.5333265399091651,.5853940227361392,.7291614752638361,.4220719568999845,-.8437362076950727,2.014524253167351,.0019924535812088,.0019924535812088,.0034563300425815,.0034563300425815,148,157
named,cvr6_departments,CVR six high-burden departments,official_conflict_envelope,1,0,de,treat_23,2023,score_as_recorded,p1_cerrd,4468,1343,722,621,557,786,149,408,573,213,14,60,211,289,53,53,1,1,0,.0197661992791995,.0062774049204157,.1777668898404783,.9718305038538204,-.3421392968106209,.3546941066514523,.0019524691024949,.0019524691024949,.0043832182480115,.0043832182480115,201,157
named,cvr6_departments,CVR six high-burden departments,official_conflict_envelope,1,0,de,treat_23,2023,score_as_recorded,p1_mserd,4468,1343,722,621,557,786,149,408,573,213,14,60,211,289,53,53,1,1,0,.0001990450500561,-.0125410355162372,.1624498148362269,.9384648833009904,-.3309368218904424,.305854750857968,.0026639904902376,.0026639904902376,.0043832182480115,.0043832182480115,211,188
named,cvr6_departments,CVR six high-burden departments,official_conflict_envelope,1,0,de,treat_23,2023,score_as_recorded,p2_mserd,4468,1343,722,621,557,786,149,408,573,213,14,60,211,289,53,53,1,1,0,.0685105547767305,.0950214109512927,.6193054815594694,.8780574428289908,-1.118795028333502,1.308837850236087,.001896483524617,.001896483524617,.0030324021652591,.0030324021652591,201,157
named,legacy_department_core,Legacy two-department core,historical_component,1,0,ab,treat_12,2012,drop_rounding_band,p1_cerrd,907,454,242,212,196,258,101,95,141,117,174,233,89,88,0,6,1,1,0,.0238563361492106,.0208351338798567,.2905835572778153,.9428398541945966,-.548698172884193,.5903684406439064,.0415111603265949,.0415111603265949,.0732688083689526,.0732688083689526,74,41
named,legacy_department_core,Legacy two-department core,historical_component,1,0,ab,treat_12,2012,drop_rounding_band,p1_mserd,907,454,242,212,196,258,101,95,141,117,174,233,89,88,0,6,1,1,0,-.0420380718768987,-.0486180557641879,.2751827894657723,.8597632895831983,-.5879664122823697,.4907303007539939,.0537729095961483,.0537729095961483,.0732688083689526,.0732688083689526,102,53
named,legacy_department_core,Legacy two-department core,historical_component,1,0,ab,treat_12,2012,drop_rounding_band,p2_mserd,907,454,242,212,196,258,101,95,141,117,174,233,89,88,0,6,1,1,0,.084288770550438,.1493734142711656,.4079671051311599,.7142599921389097,-.6502274186629735,.9489742472053047,.0564136433937836,.0564136433937836,.0740449573403222,.0740449573403222,109,54
named,legacy_department_core,Legacy two-department core,historical_component,1,0,ab,treat_12,2012,drop_sign_conflicts,p1_cerrd,907,460,247,213,201,259,105,96,142,117,175,234,90,88,0,6,1,1,0,.0263703727815483,.0370773280367594,.2428941619383249,.8786758050625348,-.4389864814173968,.5131411374909157,.0408513122980796,.0408513122980796,.0689191601748749,.0689191601748749,78,40
named,legacy_department_core,Legacy two-department core,historical_component,1,0,ab,treat_12,2012,drop_sign_conflicts,p1_mserd,907,460,247,213,201,259,105,96,142,117,175,234,90,88,0,6,1,1,0,-.0427303533904317,-.0300428881871169,.2343330748269317,.8979860127447177,-.4893272752344324,.4292414988601987,.0529330614133647,.0529330614133647,.0689191601748749,.0689191601748749,105,54
named,legacy_department_core,Legacy two-department core,historical_component,1,0,ab,treat_12,2012,drop_sign_conflicts,p2_mserd,907,460,247,213,201,259,105,96,142,117,175,234,90,88,0,6,1,1,0,.091380215968289,.1568187516901154,.2890272533313231,.5874229568024083,-.409664255389812,.7233017587700428,.0551819366680662,.0551819366680662,.0697608803751615,.0697608803751615,112,54
named,legacy_department_core,Legacy two-department core,historical_component,1,0,ab,treat_12,2012,score_as_recorded,p1_cerrd,907,460,247,213,201,259,105,96,142,117,175,234,90,88,0,6,1,1,0,.0263703727815483,.0370773280367594,.2428941619383249,.8786758050625348,-.4389864814173968,.5131411374909157,.0408513122980796,.0408513122980796,.0689191601748749,.0689191601748749,78,40
named,legacy_department_core,Legacy two-department core,historical_component,1,0,ab,treat_12,2012,score_as_recorded,p1_mserd,907,460,247,213,201,259,105,96,142,117,175,234,90,88,0,6,1,1,0,-.0427303533904317,-.0300428881871169,.2343330748269317,.8979860127447177,-.4893272752344324,.4292414988601987,.0529330614133647,.0529330614133647,.0689191601748749,.0689191601748749,105,54
named,legacy_department_core,Legacy two-department core,historical_component,1,0,ab,treat_12,2012,score_as_recorded,p2_mserd,907,460,247,213,201,259,105,96,142,117,175,234,90,88,0,6,1,1,0,.091380215968289,.1568187516901154,.2890272533313231,.5874229568024083,-.409664255389812,.7233017587700428,.0551819366680662,.0551819366680662,.0697608803751615,.0697608803751615,112,54
named,legacy_department_core,Legacy two-department core,historical_component,1,0,ab,treat_16,2016,drop_rounding_band,p1_cerrd,907,454,338,116,196,258,128,68,210,48,174,233,89,88,0,6,1,1,0,-.2603672286859056,-.3144938729993791,.2495726928346538,.207622707204707,-.8036473624799781,.1746596164812199,.0430076915914928,.0430076915914928,.0823015990563292,.0823015990563292,77,41
named,legacy_department_core,Legacy two-department core,historical_component,1,0,ab,treat_16,2016,drop_rounding_band,p1_mserd,907,454,338,116,196,258,128,68,210,48,174,233,89,88,0,6,1,1,0,-.2751749953196001,-.366763132719655,.2371714784947344,.1220068153402975,-.8316106887294503,.0980844232901403,.055711492853808,.055711492853808,.0823015990563292,.0823015990563292,108,53
named,legacy_department_core,Legacy two-department core,historical_component,1,0,ab,treat_16,2016,drop_rounding_band,p2_mserd,907,454,338,116,196,258,128,68,210,48,174,233,89,88,0,6,1,1,0,-.2745501600164895,-.223820891698467,.3630860863068836,.5376039701050885,-.9354565441475604,.4878147607506265,.0576002475393322,.0576002475393322,.074376147844724,.074376147844724,112,54
named,legacy_department_core,Legacy two-department core,historical_component,1,0,ab,treat_16,2016,drop_sign_conflicts,p1_cerrd,907,460,344,116,201,259,133,68,211,48,175,234,90,88,0,6,1,1,0,-.2422787683028249,-.2756090197162344,.2169411396170513,.2039307023041846,-.7008058401307303,.1495878006982615,.0441985702215947,.0441985702215947,.0783523532506789,.0783523532506789,84,42
named,legacy_department_core,Legacy two-department core,historical_component,1,0,ab,treat_16,2016,drop_sign_conflicts,p1_mserd,907,460,344,116,201,259,133,68,211,48,175,234,90,88,0,6,1,1,0,-.2573442911647483,-.319607576927701,.2096259597593189,.1273448031782135,-.7304669082806086,.0912517544252066,.0572702686966697,.0572702686966697,.0783523532506789,.0783523532506789,115,55
named,legacy_department_core,Legacy two-department core,historical_component,1,0,ab,treat_16,2016,drop_sign_conflicts,p2_mserd,907,460,344,116,201,259,133,68,211,48,175,234,90,88,0,6,1,1,0,-.2138705962664029,-.1620696496430827,.2661787707074753,.5426071701218764,-.6837704536788793,.359631154392714,.0581260649373288,.0581260649373288,.072368056434221,.072368056434221,119,55
named,legacy_department_core,Legacy two-department core,historical_component,1,0,ab,treat_16,2016,score_as_recorded,p1_cerrd,907,460,344,116,201,259,133,68,211,48,175,234,90,88,0,6,1,1,0,-.2422787683028249,-.2756090197162344,.2169411396170513,.2039307023041846,-.7008058401307303,.1495878006982615,.0441985702215947,.0441985702215947,.0783523532506789,.0783523532506789,84,42
named,legacy_department_core,Legacy two-department core,historical_component,1,0,ab,treat_16,2016,score_as_recorded,p1_mserd,907,460,344,116,201,259,133,68,211,48,175,234,90,88,0,6,1,1,0,-.2573442911647483,-.319607576927701,.2096259597593189,.1273448031782135,-.7304669082806086,.0912517544252066,.0572702686966697,.0572702686966697,.0783523532506789,.0783523532506789,115,55
named,legacy_department_core,Legacy two-department core,historical_component,1,0,ab,treat_16,2016,score_as_recorded,p2_mserd,907,460,344,116,201,259,133,68,211,48,175,234,90,88,0,6,1,1,0,-.2138705962664029,-.1620696496430827,.2661787707074753,.5426071701218764,-.6837704536788793,.359631154392714,.0581260649373288,.0581260649373288,.072368056434221,.072368056434221,119,55
named,legacy_department_core,Legacy two-department core,historical_component,1,0,ab,treat_23,2023,drop_rounding_band,p1_cerrd,907,454,428,26,196,258,182,14,246,12,174,233,89,88,0,6,1,1,0,.0611960658183948,.0967398802075363,.0658473606409063,.1417911600277903,-.0323185751256602,.2257983355407329,.0261202171651422,.0261202171651422,.0629865835906158,.0629865835906158,46,20
named,legacy_department_core,Legacy two-department core,historical_component,1,0,ab,treat_23,2023,drop_rounding_band,p1_mserd,907,454,428,26,196,258,182,14,246,12,174,233,89,88,0,6,1,1,0,.156769436313382,.2167259676967941,.0864971418380892,.0122248904526544,.0471946849284866,.3862572504651016,.033835721892676,.033835721892676,.0629865835906158,.0629865835906158,59,29
named,legacy_department_core,Legacy two-department core,historical_component,1,0,ab,treat_23,2023,drop_rounding_band,p2_mserd,907,454,428,26,196,258,182,14,246,12,174,233,89,88,0,6,1,1,0,.2013247098298923,.2451683624850025,.1185280219782369,.0385984605034596,.0128577082488863,.4774790167211188,.0524054383398879,.0524054383398879,.0711975136797089,.0711975136797089,98,53
named,legacy_department_core,Legacy two-department core,historical_component,1,0,ab,treat_23,2023,drop_sign_conflicts,p1_cerrd,907,460,434,26,201,259,187,14,247,12,175,234,90,88,0,6,1,1,0,.0335225537399915,.057664602174496,.0568993551363771,.3108456807374633,-.0538560846363572,.1691852889853491,.0247427104289754,.0247427104289754,.0593498495478463,.0593498495478463,49,20
named,legacy_department_core,Legacy two-department core,historical_component,1,0,ab,treat_23,2023,drop_sign_conflicts,p1_mserd,907,460,434,26,201,259,187,14,247,12,175,234,90,88,0,6,1,1,0,.1067811752790737,.1512407455633791,.0697618925636811,.0301619995272244,.0145099486452115,.2879715424815467,.0320603509897924,.0320603509897924,.0593498495478463,.0593498495478463,62,28
named,legacy_department_core,Legacy two-department core,historical_component,1,0,ab,treat_23,2023,drop_sign_conflicts,p2_mserd,907,460,434,26,201,259,187,14,247,12,175,234,90,88,0,6,1,1,0,.142460165082817,.1705938247420571,.0839279682417753,.0420907390447898,.006098029692556,.3350896197915582,.0544460074364945,.0544460074364945,.0735777367175676,.0735777367175676,108,54
named,legacy_department_core,Legacy two-department core,historical_component,1,0,ab,treat_23,2023,score_as_recorded,p1_cerrd,907,460,434,26,201,259,187,14,247,12,175,234,90,88,0,6,1,1,0,.0335225537399915,.057664602174496,.0568993551363771,.3108456807374633,-.0538560846363572,.1691852889853491,.0247427104289754,.0247427104289754,.0593498495478463,.0593498495478463,49,20
named,legacy_department_core,Legacy two-department core,historical_component,1,0,ab,treat_23,2023,score_as_recorded,p1_mserd,907,460,434,26,201,259,187,14,247,12,175,234,90,88,0,6,1,1,0,.1067811752790737,.1512407455633791,.0697618925636811,.0301619995272244,.0145099486452115,.2879715424815467,.0320603509897924,.0320603509897924,.0593498495478463,.0593498495478463,62,28
named,legacy_department_core,Legacy two-department core,historical_component,1,0,ab,treat_23,2023,score_as_recorded,p2_mserd,907,460,434,26,201,259,187,14,247,12,175,234,90,88,0,6,1,1,0,.142460165082817,.1705938247420571,.0839279682417753,.0420907390447898,.006098029692556,.3350896197915582,.0544460074364945,.0544460074364945,.0735777367175676,.0735777367175676,108,54
named,legacy_department_core,Legacy two-department core,historical_component,1,0,bc,treat_12,2012,drop_rounding_band,p1_cerrd,907,429,177,252,228,201,72,156,105,96,139,175,89,90,0,0,1,1,0,.8710981882127546,.9317443497700693,.1403780410745922,3.19277677111e-11,.6566084450435843,1.206880254496554,.0054413961577632,.0054413961577632,.0119899810197314,.0119899810197314,28,13
named,legacy_department_core,Legacy two-department core,historical_component,1,0,bc,treat_12,2012,drop_rounding_band,p1_mserd,907,429,177,252,228,201,72,156,105,96,139,175,89,90,0,0,1,1,0,.8996067461234298,1.01911421336211,.1552202563506642,5.18235399963e-11,.7148881012437338,1.323340325480487,.0070526608057828,.0070526608057828,.0119899810197314,.0119899810197314,34,16
named,legacy_department_core,Legacy two-department core,historical_component,1,0,bc,treat_12,2012,drop_rounding_band,p2_mserd,907,429,177,252,228,201,72,156,105,96,139,175,89,90,0,0,1,1,0,1.036004941120595,1.109384375713713,.156287849022348,1.26263750903e-12,.8030658204086774,1.415702931018749,.01229765886843,.01229765886843,.0176764221289983,.0176764221289983,58,29
named,legacy_department_core,Legacy two-department core,historical_component,1,0,bc,treat_12,2012,drop_sign_conflicts,p1_cerrd,907,429,177,252,228,201,72,156,105,96,139,175,89,90,0,0,1,1,0,.8710981882127546,.9317443497700693,.1403780410745922,3.19277677111e-11,.6566084450435843,1.206880254496554,.0054413961577632,.0054413961577632,.0119899810197314,.0119899810197314,28,13
named,legacy_department_core,Legacy two-department core,historical_component,1,0,bc,treat_12,2012,drop_sign_conflicts,p1_mserd,907,429,177,252,228,201,72,156,105,96,139,175,89,90,0,0,1,1,0,.8996067461234298,1.01911421336211,.1552202563506642,5.18235399963e-11,.7148881012437338,1.323340325480487,.0070526608057828,.0070526608057828,.0119899810197314,.0119899810197314,34,16
named,legacy_department_core,Legacy two-department core,historical_component,1,0,bc,treat_12,2012,drop_sign_conflicts,p2_mserd,907,429,177,252,228,201,72,156,105,96,139,175,89,90,0,0,1,1,0,1.036004941120595,1.109384375713713,.156287849022348,1.26263750903e-12,.8030658204086774,1.415702931018749,.01229765886843,.01229765886843,.0176764221289983,.0176764221289983,58,29
named,legacy_department_core,Legacy two-department core,historical_component,1,0,bc,treat_12,2012,score_as_recorded,p1_cerrd,907,429,177,252,228,201,72,156,105,96,139,175,89,90,0,0,1,1,0,.8710981882127546,.9317443497700693,.1403780410745922,3.19277677111e-11,.6566084450435843,1.206880254496554,.0054413961577632,.0054413961577632,.0119899810197314,.0119899810197314,28,13
named,legacy_department_core,Legacy two-department core,historical_component,1,0,bc,treat_12,2012,score_as_recorded,p1_mserd,907,429,177,252,228,201,72,156,105,96,139,175,89,90,0,0,1,1,0,.8996067461234298,1.01911421336211,.1552202563506642,5.18235399963e-11,.7148881012437338,1.323340325480487,.0070526608057828,.0070526608057828,.0119899810197314,.0119899810197314,34,16
named,legacy_department_core,Legacy two-department core,historical_component,1,0,bc,treat_12,2012,score_as_recorded,p2_mserd,907,429,177,252,228,201,72,156,105,96,139,175,89,90,0,0,1,1,0,1.036004941120595,1.109384375713713,.156287849022348,1.26263750903e-12,.8030658204086774,1.415702931018749,.01229765886843,.01229765886843,.0176764221289983,.0176764221289983,58,29
named,legacy_department_core,Legacy two-department core,historical_component,1,0,bc,treat_16,2016,drop_rounding_band,p1_cerrd,907,429,206,223,228,201,73,155,133,68,139,175,89,90,0,0,1,1,0,.8706222878340292,.9324709724739727,.1379270583086115,1.37412486172e-11,.6621389056955382,1.202803039252407,.0052048898571216,.0052048898571216,.0120647673635772,.0120647673635772,26,13
named,legacy_department_core,Legacy two-department core,historical_component,1,0,bc,treat_16,2016,drop_rounding_band,p1_mserd,907,429,206,223,228,201,73,155,133,68,139,175,89,90,0,0,1,1,0,.8907008269404767,1.000566091270833,.1531640310889478,6.46186094644e-11,.7003701066095223,1.300762075932144,.0067461220667359,.0067461220667359,.0120647673635772,.0120647673635772,33,15
named,legacy_department_core,Legacy two-department core,historical_component,1,0,bc,treat_16,2016,drop_rounding_band,p2_mserd,907,429,206,223,228,201,73,155,133,68,139,175,89,90,0,0,1,1,0,1.071109197449147,1.155691966698329,.1538612538407975,5.85607050180e-14,.8541294505541903,1.457254482842467,.0118514224386924,.0118514224386924,.0178992944669684,.0178992944669684,57,28
named,legacy_department_core,Legacy two-department core,historical_component,1,0,bc,treat_16,2016,drop_sign_conflicts,p1_cerrd,907,429,206,223,228,201,73,155,133,68,139,175,89,90,0,0,1,1,0,.8706222878340292,.9324709724739727,.1379270583086115,1.37412486172e-11,.6621389056955382,1.202803039252407,.0052048898571216,.0052048898571216,.0120647673635772,.0120647673635772,26,13
named,legacy_department_core,Legacy two-department core,historical_component,1,0,bc,treat_16,2016,drop_sign_conflicts,p1_mserd,907,429,206,223,228,201,73,155,133,68,139,175,89,90,0,0,1,1,0,.8907008269404767,1.000566091270833,.1531640310889478,6.46186094644e-11,.7003701066095223,1.300762075932144,.0067461220667359,.0067461220667359,.0120647673635772,.0120647673635772,33,15
named,legacy_department_core,Legacy two-department core,historical_component,1,0,bc,treat_16,2016,drop_sign_conflicts,p2_mserd,907,429,206,223,228,201,73,155,133,68,139,175,89,90,0,0,1,1,0,1.071109197449147,1.155691966698329,.1538612538407975,5.85607050180e-14,.8541294505541903,1.457254482842467,.0118514224386924,.0118514224386924,.0178992944669684,.0178992944669684,57,28
named,legacy_department_core,Legacy two-department core,historical_component,1,0,bc,treat_16,2016,score_as_recorded,p1_cerrd,907,429,206,223,228,201,73,155,133,68,139,175,89,90,0,0,1,1,0,.8706222878340292,.9324709724739727,.1379270583086115,1.37412486172e-11,.6621389056955382,1.202803039252407,.0052048898571216,.0052048898571216,.0120647673635772,.0120647673635772,26,13
named,legacy_department_core,Legacy two-department core,historical_component,1,0,bc,treat_16,2016,score_as_recorded,p1_mserd,907,429,206,223,228,201,73,155,133,68,139,175,89,90,0,0,1,1,0,.8907008269404767,1.000566091270833,.1531640310889478,6.46186094644e-11,.7003701066095223,1.300762075932144,.0067461220667359,.0067461220667359,.0120647673635772,.0120647673635772,33,15
named,legacy_department_core,Legacy two-department core,historical_component,1,0,bc,treat_16,2016,score_as_recorded,p2_mserd,907,429,206,223,228,201,73,155,133,68,139,175,89,90,0,0,1,1,0,1.071109197449147,1.155691966698329,.1538612538407975,5.85607050180e-14,.8541294505541903,1.457254482842467,.0118514224386924,.0118514224386924,.0178992944669684,.0178992944669684,57,28
named,legacy_department_core,Legacy two-department core,historical_component,1,0,bc,treat_23,2023,drop_rounding_band,p1_cerrd,907,429,391,38,228,201,204,24,187,14,139,175,89,90,0,0,1,1,0,.1576977898669403,.1747232124036271,.1383639777982208,.2066683879796844,-.0964652008385852,.4459116256458394,.0119615668692138,.0119615668692138,.0248120286737772,.0248120286737772,58,28
named,legacy_department_core,Legacy two-department core,historical_component,1,0,bc,treat_23,2023,drop_rounding_band,p1_mserd,907,429,391,38,228,201,204,24,187,14,139,175,89,90,0,0,1,1,0,.1240776835813497,.1501168511542488,.1278162025427731,.2402050808155937,-.1003983024702634,.4006320047787609,.0155035346422807,.0155035346422807,.0248120286737772,.0248120286737772,79,36
named,legacy_department_core,Legacy two-department core,historical_component,1,0,bc,treat_23,2023,drop_rounding_band,p2_mserd,907,429,391,38,228,201,204,24,187,14,139,175,89,90,0,0,1,1,0,.390449472274736,.4399110975190852,.2131161959418408,.0390002491674051,.0222110289508962,.8576111660872743,.0113083725891695,.0113083725891695,.0167370499480971,.0167370499480971,55,28
named,legacy_department_core,Legacy two-department core,historical_component,1,0,bc,treat_23,2023,drop_sign_conflicts,p1_cerrd,907,429,391,38,228,201,204,24,187,14,139,175,89,90,0,0,1,1,0,.1576977898669403,.1747232124036271,.1383639777982208,.2066683879796844,-.0964652008385852,.4459116256458394,.0119615668692138,.0119615668692138,.0248120286737772,.0248120286737772,58,28
named,legacy_department_core,Legacy two-department core,historical_component,1,0,bc,treat_23,2023,drop_sign_conflicts,p1_mserd,907,429,391,38,228,201,204,24,187,14,139,175,89,90,0,0,1,1,0,.1240776835813497,.1501168511542488,.1278162025427731,.2402050808155937,-.1003983024702634,.4006320047787609,.0155035346422807,.0155035346422807,.0248120286737772,.0248120286737772,79,36
named,legacy_department_core,Legacy two-department core,historical_component,1,0,bc,treat_23,2023,drop_sign_conflicts,p2_mserd,907,429,391,38,228,201,204,24,187,14,139,175,89,90,0,0,1,1,0,.390449472274736,.4399110975190852,.2131161959418408,.0390002491674051,.0222110289508962,.8576111660872743,.0113083725891695,.0113083725891695,.0167370499480971,.0167370499480971,55,28
named,legacy_department_core,Legacy two-department core,historical_component,1,0,bc,treat_23,2023,score_as_recorded,p1_cerrd,907,429,391,38,228,201,204,24,187,14,139,175,89,90,0,0,1,1,0,.1576977898669403,.1747232124036271,.1383639777982208,.2066683879796844,-.0964652008385852,.4459116256458394,.0119615668692138,.0119615668692138,.0248120286737772,.0248120286737772,58,28
named,legacy_department_core,Legacy two-department core,historical_component,1,0,bc,treat_23,2023,score_as_recorded,p1_mserd,907,429,391,38,228,201,204,24,187,14,139,175,89,90,0,0,1,1,0,.1240776835813497,.1501168511542488,.1278162025427731,.2402050808155937,-.1003983024702634,.4006320047787609,.0155035346422807,.0155035346422807,.0248120286737772,.0248120286737772,79,36
named,legacy_department_core,Legacy two-department core,historical_component,1,0,bc,treat_23,2023,score_as_recorded,p2_mserd,907,429,391,38,228,201,204,24,187,14,139,175,89,90,0,0,1,1,0,.390449472274736,.4399110975190852,.2131161959418408,.0390002491674051,.0222110289508962,.8576111660872743,.0113083725891695,.0113083725891695,.0167370499480971,.0167370499480971,55,28
named,legacy_department_core,Legacy two-department core,historical_component,1,0,cd,treat_12,2012,drop_rounding_band,p1_cerrd,907,374,110,264,146,228,37,109,73,155,45,138,70,88,2,1,1,1,0,-.3857087838799518,-.3914062498126335,.2557610077995265,.1259278049047688,-.8926886137493731,.1098761141241061,.003688267905506,.003688267905506,.0071324618006564,.0071324618006564,41,37
named,legacy_department_core,Legacy two-department core,historical_component,1,0,cd,treat_12,2012,drop_rounding_band,p1_mserd,907,374,110,264,146,228,37,109,73,155,45,138,70,88,2,1,1,1,0,-.3455536421920246,-.3550636951743021,.2398708439813254,.1388122374560712,-.8252019103189261,.1150745199703219,.0047506749239152,.0047506749239152,.0071324618006564,.0071324618006564,55,48
named,legacy_department_core,Legacy two-department core,historical_component,1,0,cd,treat_12,2012,drop_rounding_band,p2_mserd,907,374,110,264,146,228,37,109,73,155,45,138,70,88,2,1,1,1,0,-.3778745793603493,-.3923846637946323,.2885274461355311,.1738438127105217,-.9578880667715934,.173118739182329,.006172963505904,.006172963505904,.0082033817165005,.0082033817165005,76,63
named,legacy_department_core,Legacy two-department core,historical_component,1,0,cd,treat_12,2012,drop_sign_conflicts,p1_cerrd,907,373,109,264,146,227,37,109,72,155,45,138,70,88,2,1,1,1,0,-.3752052903382798,-.3764926709391325,.2555750959936646,.1407188022110408,-.8774106544320821,.1244253125538171,.0037004647220568,.0037004647220568,.0071308705706329,.0071308705706329,41,36
named,legacy_department_core,Legacy two-department core,historical_component,1,0,cd,treat_12,2012,drop_sign_conflicts,p1_mserd,907,373,109,264,146,227,37,109,72,155,45,138,70,88,2,1,1,1,0,-.337366569487263,-.3395849913570097,.2398792453184518,.1568780803897365,-.8097396728198235,.1305696901058041,.0047663850382626,.0047663850382626,.0071308705706329,.0071308705706329,55,47
named,legacy_department_core,Legacy two-department core,historical_component,1,0,cd,treat_12,2012,drop_sign_conflicts,p2_mserd,907,373,109,264,146,227,37,109,72,155,45,138,70,88,2,1,1,1,0,-.3631113447442293,-.3760521149334568,.287994195273063,.1916332246196357,-.9405103654252557,.1884061355583421,.0061941253266956,.0061941253266956,.0082172963528935,.0082172963528935,76,62
named,legacy_department_core,Legacy two-department core,historical_component,1,0,cd,treat_12,2012,score_as_recorded,p1_cerrd,907,375,110,265,147,228,37,110,73,155,46,138,70,88,2,1,1,1,0,-.292625412299753,-.2872571340836033,.2171311109247966,.1858465979107155,-.7128262914193759,.1383120232521693,.0046481696536581,.0046481696536581,.0088202074046928,.0088202074046928,56,47
named,legacy_department_core,Legacy two-department core,historical_component,1,0,cd,treat_12,2012,score_as_recorded,p1_mserd,907,375,110,265,147,228,37,110,73,155,46,138,70,88,2,1,1,1,0,-.2837158592507726,-.2726272473465975,.2063151577224025,.186364152747196,-.6769975259472071,.1317430312540121,.0059870767475357,.0059870767475357,.0088202074046928,.0088202074046928,77,59
named,legacy_department_core,Legacy two-department core,historical_component,1,0,cd,treat_12,2012,score_as_recorded,p2_mserd,907,375,110,265,147,228,37,110,73,155,46,138,70,88,2,1,1,1,0,-.3025745240776103,-.313828429404168,.2871148654221148,.2743756307484695,-.8765632250575773,.2489063662492413,.0053930353887128,.0053930353887128,.0070838920270463,.0070838920270463,62,51
named,legacy_department_core,Legacy two-department core,historical_component,1,0,cd,treat_16,2016,drop_rounding_band,p1_cerrd,907,374,112,262,146,228,38,108,74,154,45,138,70,88,2,1,1,1,0,-.3946291268194005,-.4047261343601034,.2676173849252648,.1304496148925351,-.9292465704504147,.1197943017302079,.003365853491122,.003365853491122,.0064869513683814,.0064869513683814,38,31
named,legacy_department_core,Legacy two-department core,historical_component,1,0,cd,treat_16,2016,drop_rounding_band,p1_mserd,907,374,112,262,146,228,38,108,74,154,45,138,70,88,2,1,1,1,0,-.3593433672015504,-.3758558215674156,.2516946407460717,.1353584525698302,-.8691682525314637,.1174566093966325,.0043353889108693,.0043353889108693,.0064869513683814,.0064869513683814,47,40
named,legacy_department_core,Legacy two-department core,historical_component,1,0,cd,treat_16,2016,drop_rounding_band,p2_mserd,907,374,112,262,146,228,38,108,74,154,45,138,70,88,2,1,1,1,0,-.3411246917453952,-.3723626792777426,.2712431256745853,.1698143973770999,-.9039894366540012,.1592640780985161,.0069836285017672,.0069836285017672,.009316544850863,.009316544850863,85,70
named,legacy_department_core,Legacy two-department core,historical_component,1,0,cd,treat_16,2016,drop_sign_conflicts,p1_cerrd,907,373,111,262,146,227,38,108,73,154,45,138,70,88,2,1,1,1,0,-.3880472749113583,-.3940743984280227,.2674254259714459,.1405930581470589,-.9182186018823389,.1300698050262935,.0033906799720588,.0033906799720588,.0065005434281628,.0065005434281628,38,31
named,legacy_department_core,Legacy two-department core,historical_component,1,0,cd,treat_16,2016,drop_sign_conflicts,p1_mserd,907,373,111,262,146,227,38,108,73,154,45,138,70,88,2,1,1,1,0,-.3493911605997472,-.3594770835288797,.2513957988544875,.1527386077359049,-.852203795148351,.1332496280905915,.0043673666693883,.0043673666693883,.0065005434281628,.0065005434281628,47,39
named,legacy_department_core,Legacy two-department core,historical_component,1,0,cd,treat_16,2016,drop_sign_conflicts,p2_mserd,907,373,111,262,146,227,38,108,73,154,45,138,70,88,2,1,1,1,0,-.3273978266381277,-.3547107554517297,.2709250169680724,.1904469594138734,-.8857140312200545,.1762925203165951,.0070226460630026,.0070226460630026,.0093213662664268,.0093213662664268,85,69
named,legacy_department_core,Legacy two-department core,historical_component,1,0,cd,treat_16,2016,score_as_recorded,p1_cerrd,907,375,112,263,147,228,38,109,74,154,46,138,70,88,2,1,1,1,0,-.3018272831191213,-.2963479869361937,.2337504018761868,.2048705627834672,-.7544903559852838,.1617943821128963,.0039367334557605,.0039367334557605,.0075539121351051,.0075539121351051,45,38
named,legacy_department_core,Legacy two-department core,historical_component,1,0,cd,treat_16,2016,score_as_recorded,p1_mserd,907,375,112,263,147,228,38,109,74,154,46,138,70,88,2,1,1,1,0,-.2700019309396793,-.2591846679051745,.2220068786641183,.2430237123202245,-.6943101544069999,.175940818596651,.0050707110734825,.0050707110734825,.0075539121351051,.0075539121351051,58,50
named,legacy_department_core,Legacy two-department core,historical_component,1,0,cd,treat_16,2016,score_as_recorded,p2_mserd,907,375,112,263,147,228,38,109,74,154,46,138,70,88,2,1,1,1,0,-.3008393263893312,-.3191306229229207,.2777479567714397,.2505586223891081,-.8635066149745303,.2252453691286889,.0057450385308521,.0057450385308521,.007665967543929,.007665967543929,71,57
named,legacy_department_core,Legacy two-department core,historical_component,1,0,cd,treat_23,2023,drop_rounding_band,p1_cerrd,907,374,320,54,146,228,116,30,204,24,45,138,70,88,2,1,1,1,0,-.3641363702322056,-.3992078201082485,.2193721391821033,.0687933558793833,-.8291693121166789,.0307536719001819,.00228092152927,.00228092152927,.0051315588989199,.0051315588989199,25,20
named,legacy_department_core,Legacy two-department core,historical_component,1,0,cd,treat_23,2023,drop_rounding_band,p1_mserd,907,374,320,54,146,228,116,30,204,24,45,138,70,88,2,1,1,1,0,-.3493021899674478,-.4052809626492433,.2055249589056555,.0486175255795832,-.8081024800284027,-.002459445270084,.0029379418713986,.0029379418713986,.0051315588989199,.0051315588989199,35,27
named,legacy_department_core,Legacy two-department core,historical_component,1,0,cd,treat_23,2023,drop_rounding_band,p2_mserd,907,374,320,54,146,228,116,30,204,24,45,138,70,88,2,1,1,1,0,-.4066831072228574,-.4242997720529535,.2491142645275274,.0885243712482783,-.9125547585620911,.063955214456184,.0046274395247932,.0046274395247932,.0055511173641358,.0055511173641358,51,47
named,legacy_department_core,Legacy two-department core,historical_component,1,0,cd,treat_23,2023,drop_sign_conflicts,p1_cerrd,907,373,319,54,146,227,116,30,203,24,45,138,70,88,2,1,1,1,0,-.3642231881612512,-.3996197154395578,.2192414880474884,.0683431345394399,-.8293251359296037,.0300857050504881,.0022900606159383,.0022900606159383,.0051457653176939,.0051457653176939,25,20
named,legacy_department_core,Legacy two-department core,historical_component,1,0,cd,treat_23,2023,drop_sign_conflicts,p1_mserd,907,373,319,54,146,227,116,30,203,24,45,138,70,88,2,1,1,1,0,-.3488415091485955,-.4054890191843019,.2053628042932804,.0483248277721338,-.8079927193632789,-.0029853190053249,.0029497134755702,.0029497134755702,.0051457653176939,.0051457653176939,35,27
named,legacy_department_core,Legacy two-department core,historical_component,1,0,cd,treat_23,2023,drop_sign_conflicts,p2_mserd,907,373,319,54,146,227,116,30,203,24,45,138,70,88,2,1,1,1,0,-.4068175104292595,-.4247474526287138,.2492610017595601,.0883760614639293,-.9132900388278267,.063795133570399,.0046291161638411,.0046291161638411,.0055559640450013,.0055559640450013,51,46
named,legacy_department_core,Legacy two-department core,historical_component,1,0,cd,treat_23,2023,score_as_recorded,p1_cerrd,907,375,321,54,147,228,117,30,204,24,46,138,70,88,2,1,1,1,0,-.3581763332639369,-.392526367534366,.2158908723739177,.0690381111839723,-.815664701978178,.030611966909446,.0023282055612511,.0023282055612511,.0054303612097806,.0054303612097806,26,20
named,legacy_department_core,Legacy two-department core,historical_component,1,0,cd,treat_23,2023,score_as_recorded,p1_mserd,907,375,321,54,147,228,117,30,204,24,46,138,70,88,2,1,1,1,0,-.3378317681401086,-.3936820969010049,.2006139953987305,.0497175609211252,-.7868783026772006,-.0004858911248091,.0029988460873583,.0029988460873583,.0054303612097806,.0054303612097806,36,28
named,legacy_department_core,Legacy two-department core,historical_component,1,0,cd,treat_23,2023,score_as_recorded,p2_mserd,907,375,321,54,147,228,117,30,204,24,46,138,70,88,2,1,1,1,0,-.3953372174974983,-.4161181758748109,.2479877004286684,.0933511811319904,-.902165137323909,.0699287855742872,.0046307484833701,.0046307484833701,.005536507719223,.005536507719223,56,47
named,legacy_department_core,Legacy two-department core,historical_component,1,0,de,treat_12,2012,drop_rounding_band,p1_cerrd,907,209,42,167,72,137,5,67,37,100,10,45,44,70,10,10,1,1,0,-.6368446593327974,-.6819612247191809,.5829626811117326,.2420735368675807,-1.824547084029085,.4606246345907232,.001802197740104,.001802197740104,.0042584553690274,.0042584553690274,8,12
named,legacy_department_core,Legacy two-department core,historical_component,1,0,de,treat_12,2012,drop_rounding_band,p1_mserd,907,209,42,167,72,137,5,67,37,100,10,45,44,70,10,10,1,1,0,-.3413656742669638,-.4034840817229215,.497001068336882,.4168849078379387,-1.37758827594114,.5706201124952971,.0022837453881143,.0022837453881143,.0042584553690274,.0042584553690274,24,19
named,legacy_department_core,Legacy two-department core,historical_component,1,0,de,treat_12,2012,drop_rounding_band,p2_mserd,907,209,42,167,72,137,5,67,37,100,10,45,44,70,10,10,1,1,0,-.4476700758647123,-.6105225254754285,.7314773535960583,.4039186878433492,-2.044191794030373,.8231467430795156,.0033020303162884,.0033020303162884,.0050024187475186,.0050024187475186,34,36
named,legacy_department_core,Legacy two-department core,historical_component,1,0,de,treat_12,2012,drop_sign_conflicts,p1_cerrd,907,209,42,167,72,137,5,67,37,100,10,45,44,70,10,10,1,1,0,-.6368446593327974,-.6819612247191809,.5829626811117326,.2420735368675807,-1.824547084029085,.4606246345907232,.001802197740104,.001802197740104,.0042584553690274,.0042584553690274,8,12
named,legacy_department_core,Legacy two-department core,historical_component,1,0,de,treat_12,2012,drop_sign_conflicts,p1_mserd,907,209,42,167,72,137,5,67,37,100,10,45,44,70,10,10,1,1,0,-.3413656742669638,-.4034840817229215,.497001068336882,.4168849078379387,-1.37758827594114,.5706201124952971,.0022837453881143,.0022837453881143,.0042584553690274,.0042584553690274,24,19
named,legacy_department_core,Legacy two-department core,historical_component,1,0,de,treat_12,2012,drop_sign_conflicts,p2_mserd,907,209,42,167,72,137,5,67,37,100,10,45,44,70,10,10,1,1,0,-.4476700758647123,-.6105225254754285,.7314773535960583,.4039186878433492,-2.044191794030373,.8231467430795156,.0033020303162884,.0033020303162884,.0050024187475186,.0050024187475186,34,36
named,legacy_department_core,Legacy two-department core,historical_component,1,0,de,treat_12,2012,score_as_recorded,p1_cerrd,907,219,43,176,82,137,6,76,37,100,11,45,47,70,10,10,1,1,0,-.2395480331589445,-.318144006933567,.2252767117676547,.1578803209404464,-.7596782485537807,.1233902346866467,.0015151584950407,.0015151584950407,.0034923633568482,.0034923633568482,18,12
named,legacy_department_core,Legacy two-department core,historical_component,1,0,de,treat_12,2012,score_as_recorded,p1_mserd,907,219,43,176,82,137,6,76,37,100,11,45,47,70,10,10,1,1,0,-.252833569541066,-.3406518102573669,.2244888990573189,.1291518377997448,-.7806419673387595,.0993383468240256,.0019225044698564,.0019225044698564,.0034923633568482,.0034923633568482,32,19
named,legacy_department_core,Legacy two-department core,historical_component,1,0,de,treat_12,2012,score_as_recorded,p2_mserd,907,219,43,176,82,137,6,76,37,100,11,45,47,70,10,10,1,1,0,-.3916912335587992,-.4650955766510001,.6155369905935024,.4498931222871164,-1.671525909366435,.7413347560644343,.0022665977002717,.0022665977002717,.0039848134881964,.0039848134881964,34,19
named,legacy_department_core,Legacy two-department core,historical_component,1,0,de,treat_16,2016,drop_rounding_band,p1_cerrd,907,209,43,166,72,137,5,67,38,99,10,45,44,70,10,10,1,1,0,-.6369128556055434,-.6818939266285533,.582730051688043,.2419320783132563,-1.824023840646281,.4602359873891748,.0018039803188509,.0018039803188509,.0042618659244592,.0042618659244592,8,12
named,legacy_department_core,Legacy two-department core,historical_component,1,0,de,treat_16,2016,drop_rounding_band,p1_mserd,907,209,43,166,72,137,5,67,38,99,10,45,44,70,10,10,1,1,0,-.3412582071741326,-.4032065116837502,.4965474156487331,.4167800639054143,-1.376421562971707,.5700085396042069,.0022860042723098,.0022860042723098,.0042618659244592,.0042618659244592,24,19
named,legacy_department_core,Legacy two-department core,historical_component,1,0,de,treat_16,2016,drop_rounding_band,p2_mserd,907,209,43,166,72,137,5,67,38,99,10,45,44,70,10,10,1,1,0,-.4410184160810058,-.5950975197870605,.7038974674551868,.3978696238840201,-1.974711204808181,.78451616523406,.0033487400196837,.0033487400196837,.0050270820910419,.0050270820910419,34,36
named,legacy_department_core,Legacy two-department core,historical_component,1,0,de,treat_16,2016,drop_sign_conflicts,p1_cerrd,907,209,43,166,72,137,5,67,38,99,10,45,44,70,10,10,1,1,0,-.6369128556055434,-.6818939266285533,.582730051688043,.2419320783132563,-1.824023840646281,.4602359873891748,.0018039803188509,.0018039803188509,.0042618659244592,.0042618659244592,8,12
named,legacy_department_core,Legacy two-department core,historical_component,1,0,de,treat_16,2016,drop_sign_conflicts,p1_mserd,907,209,43,166,72,137,5,67,38,99,10,45,44,70,10,10,1,1,0,-.3412582071741326,-.4032065116837502,.4965474156487331,.4167800639054143,-1.376421562971707,.5700085396042069,.0022860042723098,.0022860042723098,.0042618659244592,.0042618659244592,24,19
named,legacy_department_core,Legacy two-department core,historical_component,1,0,de,treat_16,2016,drop_sign_conflicts,p2_mserd,907,209,43,166,72,137,5,67,38,99,10,45,44,70,10,10,1,1,0,-.4410184160810058,-.5950975197870605,.7038974674551868,.3978696238840201,-1.974711204808181,.78451616523406,.0033487400196837,.0033487400196837,.0050270820910419,.0050270820910419,34,36
named,legacy_department_core,Legacy two-department core,historical_component,1,0,de,treat_16,2016,score_as_recorded,p1_cerrd,907,219,44,175,82,137,6,76,38,99,11,45,47,70,10,10,1,1,0,-.2395480331589585,-.3181440069335774,.2252767117676557,.1578803209404347,-.759678248553793,.1233902346866382,.0015151584950407,.0015151584950407,.0034923633568483,.0034923633568483,18,12
named,legacy_department_core,Legacy two-department core,historical_component,1,0,de,treat_16,2016,score_as_recorded,p1_mserd,907,219,44,175,82,137,6,76,38,99,11,45,47,70,10,10,1,1,0,-.2528335695410386,-.3406518102573462,.2244888990572887,.1291518377997166,-.7806419673386797,.0993383468239873,.0019225044698565,.0019225044698565,.0034923633568483,.0034923633568483,32,19
named,legacy_department_core,Legacy two-department core,historical_component,1,0,de,treat_16,2016,score_as_recorded,p2_mserd,907,219,44,175,82,137,6,76,38,99,11,45,47,70,10,10,1,1,0,-.3915073162994857,-.4653259820697905,.6160963711473216,.4500803002608522,-1.672852680524363,.7422007163847818,.0022639558703932,.0022639558703932,.0039734473739146,.0039734473739146,34,19
named,legacy_department_core,Legacy two-department core,historical_component,1,0,de,treat_23,2023,drop_rounding_band,p1_cerrd,907,209,132,77,72,137,22,50,110,27,10,45,44,70,10,10,1,1,0,-.4096262216698063,-.3061949874531091,.8741161220182992,.726120338674384,-2.019431104914795,1.407041130008576,.001801865990225,.001801865990225,.0041268743342538,.0041268743342538,8,12
named,legacy_department_core,Legacy two-department core,historical_component,1,0,de,treat_23,2023,drop_rounding_band,p1_mserd,907,209,132,77,72,137,22,50,110,27,10,45,44,70,10,10,1,1,0,-.0238346627827895,.1103865904657653,.6517041959729519,.8654966269789307,-1.166930162214854,1.387703343146384,.0022833249945918,.0022833249945918,.0041268743342538,.0041268743342538,24,19
named,legacy_department_core,Legacy two-department core,historical_component,1,0,de,treat_23,2023,drop_rounding_band,p2_mserd,907,209,132,77,72,137,22,50,110,27,10,45,44,70,10,10,1,1,0,.2070531692855688,.1947173621608727,.9097054954270376,.8305124373409289,-1.588272645414287,1.977707369736033,.0034360741967278,.0034360741967278,.0049092827773714,.0049092827773714,34,36
named,legacy_department_core,Legacy two-department core,historical_component,1,0,de,treat_23,2023,drop_sign_conflicts,p1_cerrd,907,209,132,77,72,137,22,50,110,27,10,45,44,70,10,10,1,1,0,-.4096262216698063,-.3061949874531091,.8741161220182992,.726120338674384,-2.019431104914795,1.407041130008576,.001801865990225,.001801865990225,.0041268743342538,.0041268743342538,8,12
named,legacy_department_core,Legacy two-department core,historical_component,1,0,de,treat_23,2023,drop_sign_conflicts,p1_mserd,907,209,132,77,72,137,22,50,110,27,10,45,44,70,10,10,1,1,0,-.0238346627827895,.1103865904657653,.6517041959729519,.8654966269789307,-1.166930162214854,1.387703343146384,.0022833249945918,.0022833249945918,.0041268743342538,.0041268743342538,24,19
named,legacy_department_core,Legacy two-department core,historical_component,1,0,de,treat_23,2023,drop_sign_conflicts,p2_mserd,907,209,132,77,72,137,22,50,110,27,10,45,44,70,10,10,1,1,0,.2070531692855688,.1947173621608727,.9097054954270376,.8305124373409289,-1.588272645414287,1.977707369736033,.0034360741967278,.0034360741967278,.0049092827773714,.0049092827773714,34,36
named,legacy_department_core,Legacy two-department core,historical_component,1,0,de,treat_23,2023,score_as_recorded,p1_cerrd,907,219,139,80,82,137,29,53,110,27,11,45,47,70,10,10,1,1,0,.0491252069919624,.0912992466373485,.398047047407903,.8185829221693771,-.6888586304346488,.8714571237093457,.0024169681838363,.0024169681838363,.0052655430114029,.0052655430114029,34,24
named,legacy_department_core,Legacy two-department core,historical_component,1,0,de,treat_23,2023,score_as_recorded,p1_mserd,907,219,139,80,82,137,29,53,110,27,11,45,47,70,10,10,1,1,0,.0283504585894911,.0896804222207412,.3776583549207504,.8122965185615756,-.6505163518845745,.8298771963260569,.0030667630826313,.0030667630826313,.0052655430114029,.0052655430114029,34,33
named,legacy_department_core,Legacy two-department core,historical_component,1,0,de,treat_23,2023,score_as_recorded,p2_mserd,907,219,139,80,82,137,29,53,110,27,11,45,47,70,10,10,1,1,0,1.024985205088173,1.315635629883455,.9390647854139477,.161212205298949,-.524897528677716,3.156168788444627,.0022351418930522,.0022351418930522,.0037144440683203,.0037144440683203,34,19
named,legacy_historical,Legacy restricted geography,historical_benchmark,1,0,ab,treat_12,2012,drop_rounding_band,p1_cerrd,1162,533,268,265,249,284,119,130,149,135,211,258,105,96,0,7,1,1,0,-.1232708259711774,-.1286272122028946,.2335027836886046,.581730034960277,-.5862842585224062,.329029834116617,.0394786058144638,.0394786058144638,.0714823321125955,.0714823321125955,83,47
named,legacy_historical,Legacy restricted geography,historical_benchmark,1,0,ab,treat_12,2012,drop_rounding_band,p1_mserd,1162,533,268,265,249,284,119,130,149,135,211,258,105,96,0,7,1,1,0,-.1921094807043193,-.2003057725267592,.2209003655217031,.3645285617713224,-.6332625331210308,.2326509880675124,.0514661415397837,.0514661415397837,.0714823321125955,.0714823321125955,118,64
named,legacy_historical,Legacy restricted geography,historical_benchmark,1,0,ab,treat_12,2012,drop_rounding_band,p2_mserd,1162,533,268,265,249,284,119,130,149,135,211,258,105,96,0,7,1,1,0,-.0261085941360939,.0293120198771408,.3663166586794684,.9362227369779865,-.6886554380716688,.7472794778259505,.0467450569125043,.0467450569125043,.0600930533891128,.0600930533891128,109,57
named,legacy_historical,Legacy restricted geography,historical_benchmark,1,0,ab,treat_12,2012,drop_sign_conflicts,p1_cerrd,1162,540,274,266,255,285,124,131,150,135,212,259,106,96,0,7,1,1,0,-.1243781519692062,-.090864574218627,.2401041402739054,.7051051087618712,-.5614600416944346,.3797308932571806,.030538742026514,.030538742026514,.0570573308553971,.0570573308553971,72,35
named,legacy_historical,Legacy restricted geography,historical_benchmark,1,0,ab,treat_12,2012,drop_sign_conflicts,p1_mserd,1162,540,274,266,255,285,124,131,150,135,212,259,106,96,0,7,1,1,0,-.148817395991742,-.0912148883078321,.2289918803955809,.6903851708344448,-.5400307266352742,.35760095001961,.0398216005638085,.0398216005638085,.0570573308553971,.0570573308553971,91,49
named,legacy_historical,Legacy restricted geography,historical_benchmark,1,0,ab,treat_12,2012,drop_sign_conflicts,p2_mserd,1162,540,274,266,255,285,124,131,150,135,212,259,106,96,0,7,1,1,0,-.0502418134041138,-.01414207644966,.2811286199324958,.9598796193791984,-.5651440465408007,.5368598936414807,.0434496720053584,.0434496720053584,.0522790481368114,.0522790481368114,102,53
named,legacy_historical,Legacy restricted geography,historical_benchmark,1,0,ab,treat_12,2012,score_as_recorded,p1_cerrd,1162,540,274,266,255,285,124,131,150,135,212,259,106,96,0,7,1,1,0,-.1243781519692062,-.090864574218627,.2401041402739054,.7051051087618712,-.5614600416944346,.3797308932571806,.030538742026514,.030538742026514,.0570573308553971,.0570573308553971,72,35
named,legacy_historical,Legacy restricted geography,historical_benchmark,1,0,ab,treat_12,2012,score_as_recorded,p1_mserd,1162,540,274,266,255,285,124,131,150,135,212,259,106,96,0,7,1,1,0,-.148817395991742,-.0912148883078321,.2289918803955809,.6903851708344448,-.5400307266352742,.35760095001961,.0398216005638085,.0398216005638085,.0570573308553971,.0570573308553971,91,49
named,legacy_historical,Legacy restricted geography,historical_benchmark,1,0,ab,treat_12,2012,score_as_recorded,p2_mserd,1162,540,274,266,255,285,124,131,150,135,212,259,106,96,0,7,1,1,0,-.0502418134041138,-.01414207644966,.2811286199324958,.9598796193791984,-.5651440465408007,.5368598936414807,.0434496720053584,.0434496720053584,.0522790481368114,.0522790481368114,102,53
named,legacy_historical,Legacy restricted geography,historical_benchmark,1,0,ab,treat_16,2016,drop_rounding_band,p1_cerrd,1162,533,370,163,249,284,150,99,220,64,211,258,105,96,0,7,1,1,0,-.3360649546975443,-.3754178241100898,.1840798039559322,.0414071581897392,-.7362076101449107,-.014628038075269,.0396567183780235,.0396567183780235,.0738263517736417,.0738263517736417,85,48
named,legacy_historical,Legacy restricted geography,historical_benchmark,1,0,ab,treat_16,2016,drop_rounding_band,p1_mserd,1162,533,370,163,249,284,150,99,220,64,211,258,105,96,0,7,1,1,0,-.3668291785422579,-.4333157325426478,.1771357964015615,.0144356992923083,-.780495513862528,-.0861359512227676,.0516983373384211,.0516983373384211,.0738263517736417,.0738263517736417,119,64
named,legacy_historical,Legacy restricted geography,historical_benchmark,1,0,ab,treat_16,2016,drop_rounding_band,p2_mserd,1162,533,370,163,249,284,150,99,220,64,211,258,105,96,0,7,1,1,0,-.3539931226622581,-.3428784942768637,.2971992358682422,.2486235484227655,-.9253782928114429,.2396213042577156,.0420980741954648,.0420980741954648,.0568230796514698,.0568230796514698,92,52
named,legacy_historical,Legacy restricted geography,historical_benchmark,1,0,ab,treat_16,2016,drop_sign_conflicts,p1_cerrd,1162,540,377,163,255,285,156,99,221,64,212,259,106,96,0,7,1,1,0,-.3304703235585273,-.3489087123183208,.1701875768672246,.0403505683829896,-.682470233594223,-.0153471910424186,.0407701837349524,.0407701837349524,.0707105882494649,.0707105882494649,96,51
named,legacy_historical,Legacy restricted geography,historical_benchmark,1,0,ab,treat_16,2016,drop_sign_conflicts,p1_mserd,1162,540,377,163,255,285,156,99,221,64,212,259,106,96,0,7,1,1,0,-.359442079319312,-.3942673008906664,.1654404225331856,.0171657740390423,-.718524570642799,-.0700100311385338,.0531630926446411,.0531630926446411,.0707105882494649,.0707105882494649,129,66
named,legacy_historical,Legacy restricted geography,historical_benchmark,1,0,ab,treat_16,2016,drop_sign_conflicts,p2_mserd,1162,540,377,163,255,285,156,99,221,64,212,259,106,96,0,7,1,1,0,-.2836449773422274,-.2529835809882002,.2283065592438403,.267824148895744,-.7004562145403872,.1944890525639869,.0413138598376827,.0413138598376827,.0535182772893886,.0535182772893886,97,52
named,legacy_historical,Legacy restricted geography,historical_benchmark,1,0,ab,treat_16,2016,score_as_recorded,p1_cerrd,1162,540,377,163,255,285,156,99,221,64,212,259,106,96,0,7,1,1,0,-.3304703235585273,-.3489087123183208,.1701875768672246,.0403505683829896,-.682470233594223,-.0153471910424186,.0407701837349524,.0407701837349524,.0707105882494649,.0707105882494649,96,51
named,legacy_historical,Legacy restricted geography,historical_benchmark,1,0,ab,treat_16,2016,score_as_recorded,p1_mserd,1162,540,377,163,255,285,156,99,221,64,212,259,106,96,0,7,1,1,0,-.359442079319312,-.3942673008906664,.1654404225331856,.0171657740390423,-.718524570642799,-.0700100311385338,.0531630926446411,.0531630926446411,.0707105882494649,.0707105882494649,129,66
named,legacy_historical,Legacy restricted geography,historical_benchmark,1,0,ab,treat_16,2016,score_as_recorded,p2_mserd,1162,540,377,163,255,285,156,99,221,64,212,259,106,96,0,7,1,1,0,-.2836449773422274,-.2529835809882002,.2283065592438403,.267824148895744,-.7004562145403872,.1944890525639869,.0413138598376827,.0413138598376827,.0535182772893886,.0535182772893886,97,52
named,legacy_historical,Legacy restricted geography,historical_benchmark,1,0,ab,treat_23,2023,drop_rounding_band,p1_cerrd,1162,533,483,50,249,284,221,28,262,22,211,258,105,96,0,7,1,1,0,.0469928090482672,.0698874716996889,.1446288999249098,.6289400530266218,-.213579963276782,.3533549066761598,.0413476796644725,.0413476796644725,.0765314865024138,.0765314865024138,91,51
named,legacy_historical,Legacy restricted geography,historical_benchmark,1,0,ab,treat_23,2023,drop_rounding_band,p1_mserd,1162,533,483,50,249,284,221,28,262,22,211,258,105,96,0,7,1,1,0,-.013473139257713,.0219557794262026,.1425771222676849,.87761580444008,-.2574902452378234,.3014018040902287,.0539027528974627,.0539027528974627,.0765314865024138,.0765314865024138,124,65
named,legacy_historical,Legacy restricted geography,historical_benchmark,1,0,ab,treat_23,2023,drop_rounding_band,p2_mserd,1162,533,483,50,249,284,221,28,262,22,211,258,105,96,0,7,1,1,0,.1154562966124679,.0821442757412374,.1184098623815204,.4878525978597706,-.1499347899408868,.3142233414233616,.0455516314617147,.0455516314617147,.0565223609261001,.0565223609261001,105,54
named,legacy_historical,Legacy restricted geography,historical_benchmark,1,0,ab,treat_23,2023,drop_sign_conflicts,p1_cerrd,1162,540,490,50,255,285,227,28,263,22,212,259,106,96,0,7,1,1,0,.0522341466795877,.0816105067087651,.1202538662287185,.4973584924503401,-.1540827401012205,.3173037535187507,.035526336341898,.035526336341898,.0650200675227451,.0650200675227451,82,38
named,legacy_historical,Legacy restricted geography,historical_benchmark,1,0,ab,treat_23,2023,drop_sign_conflicts,p1_mserd,1162,540,490,50,255,285,227,28,263,22,212,259,106,96,0,7,1,1,0,.0002807623844052,.051900856200477,.1235283404312137,.6743733712309985,-.1902102421147047,.2940119545156588,.0463252734534484,.0463252734534484,.0650200675227451,.0650200675227451,115,57
named,legacy_historical,Legacy restricted geography,historical_benchmark,1,0,ab,treat_23,2023,drop_sign_conflicts,p2_mserd,1162,540,490,50,255,285,227,28,263,22,212,259,106,96,0,7,1,1,0,.0500391620311262,.0031255854476826,.0710080574042676,.9648905859587681,-.1360476496768345,.1422988205721997,.0419086140895651,.0419086140895651,.0521586576075866,.0521586576075866,98,53
named,legacy_historical,Legacy restricted geography,historical_benchmark,1,0,ab,treat_23,2023,score_as_recorded,p1_cerrd,1162,540,490,50,255,285,227,28,263,22,212,259,106,96,0,7,1,1,0,.0522341466795877,.0816105067087651,.1202538662287185,.4973584924503401,-.1540827401012205,.3173037535187507,.035526336341898,.035526336341898,.0650200675227451,.0650200675227451,82,38
named,legacy_historical,Legacy restricted geography,historical_benchmark,1,0,ab,treat_23,2023,score_as_recorded,p1_mserd,1162,540,490,50,255,285,227,28,263,22,212,259,106,96,0,7,1,1,0,.0002807623844052,.051900856200477,.1235283404312137,.6743733712309985,-.1902102421147047,.2940119545156588,.0463252734534484,.0463252734534484,.0650200675227451,.0650200675227451,115,57
named,legacy_historical,Legacy restricted geography,historical_benchmark,1,0,ab,treat_23,2023,score_as_recorded,p2_mserd,1162,540,490,50,255,285,227,28,263,22,212,259,106,96,0,7,1,1,0,.0500391620311262,.0031255854476826,.0710080574042676,.9648905859587681,-.1360476496768345,.1422988205721997,.0419086140895651,.0419086140895651,.0521586576075866,.0521586576075866,98,53
named,legacy_historical,Legacy restricted geography,historical_benchmark,1,0,bc,treat_12,2012,drop_rounding_band,p1_cerrd,1162,549,216,333,294,255,92,202,124,131,160,212,105,106,0,0,1,1,0,.62171357138864,.6812410869499254,.2260443039812025,.00258040095796,.2382023922363445,1.124279781663506,.005630686991077,.005630686991077,.0133758423297164,.0133758423297164,37,20
named,legacy_historical,Legacy restricted geography,historical_benchmark,1,0,bc,treat_12,2012,drop_rounding_band,p1_mserd,1162,549,216,333,294,255,92,202,124,131,160,212,105,106,0,0,1,1,0,.6518635676281209,.7659172905984629,.2196217531451078,.0004876716212848,.3354665642125054,1.19636801698442,.0073582664231436,.0073582664231436,.0133758423297164,.0133758423297164,45,24
named,legacy_historical,Legacy restricted geography,historical_benchmark,1,0,bc,treat_12,2012,drop_rounding_band,p2_mserd,1162,549,216,333,294,255,92,202,124,131,160,212,105,106,0,0,1,1,0,.7997484698736328,.8916750252722058,.2263123808428096,.0000814752387998,.4481109095647866,1.335239140979625,.011528457065861,.011528457065861,.0167935707512962,.0167935707512962,66,43
named,legacy_historical,Legacy restricted geography,historical_benchmark,1,0,bc,treat_12,2012,drop_sign_conflicts,p1_cerrd,1162,549,216,333,294,255,92,202,124,131,160,212,105,106,0,0,1,1,0,.62171357138864,.6812410869499254,.2260443039812025,.00258040095796,.2382023922363445,1.124279781663506,.005630686991077,.005630686991077,.0133758423297164,.0133758423297164,37,20
named,legacy_historical,Legacy restricted geography,historical_benchmark,1,0,bc,treat_12,2012,drop_sign_conflicts,p1_mserd,1162,549,216,333,294,255,92,202,124,131,160,212,105,106,0,0,1,1,0,.6518635676281209,.7659172905984629,.2196217531451078,.0004876716212848,.3354665642125054,1.19636801698442,.0073582664231436,.0073582664231436,.0133758423297164,.0133758423297164,45,24
named,legacy_historical,Legacy restricted geography,historical_benchmark,1,0,bc,treat_12,2012,drop_sign_conflicts,p2_mserd,1162,549,216,333,294,255,92,202,124,131,160,212,105,106,0,0,1,1,0,.7997484698736328,.8916750252722058,.2263123808428096,.0000814752387998,.4481109095647866,1.335239140979625,.011528457065861,.011528457065861,.0167935707512962,.0167935707512962,66,43
named,legacy_historical,Legacy restricted geography,historical_benchmark,1,0,bc,treat_12,2012,score_as_recorded,p1_cerrd,1162,549,216,333,294,255,92,202,124,131,160,212,105,106,0,0,1,1,0,.62171357138864,.6812410869499254,.2260443039812025,.00258040095796,.2382023922363445,1.124279781663506,.005630686991077,.005630686991077,.0133758423297164,.0133758423297164,37,20
named,legacy_historical,Legacy restricted geography,historical_benchmark,1,0,bc,treat_12,2012,score_as_recorded,p1_mserd,1162,549,216,333,294,255,92,202,124,131,160,212,105,106,0,0,1,1,0,.6518635676281209,.7659172905984629,.2196217531451078,.0004876716212848,.3354665642125054,1.19636801698442,.0073582664231436,.0073582664231436,.0133758423297164,.0133758423297164,45,24
named,legacy_historical,Legacy restricted geography,historical_benchmark,1,0,bc,treat_12,2012,score_as_recorded,p2_mserd,1162,549,216,333,294,255,92,202,124,131,160,212,105,106,0,0,1,1,0,.7997484698736328,.8916750252722058,.2263123808428096,.0000814752387998,.4481109095647866,1.335239140979625,.011528457065861,.011528457065861,.0167935707512962,.0167935707512962,66,43
named,legacy_historical,Legacy restricted geography,historical_benchmark,1,0,bc,treat_16,2016,drop_rounding_band,p1_cerrd,1162,549,250,299,294,255,94,200,156,99,160,212,105,106,0,0,1,1,0,.8107181861496218,.8726807039223692,.1993398088884469,.0000119853248808,.4819818578159161,1.263379550028822,.005054057480358,.005054057480358,.0128024868320963,.0128024868320963,31,18
named,legacy_historical,Legacy restricted geography,historical_benchmark,1,0,bc,treat_16,2016,drop_rounding_band,p1_mserd,1162,549,250,299,294,255,94,200,156,99,160,212,105,106,0,0,1,1,0,.8400932948421719,.9553076613775381,.2019014364781133,2.22806918644e-06,.5595881174535347,1.351027205301542,.0066047183083148,.0066047183083148,.0128024868320963,.0128024868320963,41,21
named,legacy_historical,Legacy restricted geography,historical_benchmark,1,0,bc,treat_16,2016,drop_rounding_band,p2_mserd,1162,549,250,299,294,255,94,200,156,99,160,212,105,106,0,0,1,1,0,1.044113654923561,1.13585303817872,.2108114588236001,7.12443641578e-08,.7226701713561151,1.549035905001324,.0111287648407683,.0111287648407683,.016922734343692,.016922734343692,65,41
named,legacy_historical,Legacy restricted geography,historical_benchmark,1,0,bc,treat_16,2016,drop_sign_conflicts,p1_cerrd,1162,549,250,299,294,255,94,200,156,99,160,212,105,106,0,0,1,1,0,.8107181861496218,.8726807039223692,.1993398088884469,.0000119853248808,.4819818578159161,1.263379550028822,.005054057480358,.005054057480358,.0128024868320963,.0128024868320963,31,18
named,legacy_historical,Legacy restricted geography,historical_benchmark,1,0,bc,treat_16,2016,drop_sign_conflicts,p1_mserd,1162,549,250,299,294,255,94,200,156,99,160,212,105,106,0,0,1,1,0,.8400932948421719,.9553076613775381,.2019014364781133,2.22806918644e-06,.5595881174535347,1.351027205301542,.0066047183083148,.0066047183083148,.0128024868320963,.0128024868320963,41,21
named,legacy_historical,Legacy restricted geography,historical_benchmark,1,0,bc,treat_16,2016,drop_sign_conflicts,p2_mserd,1162,549,250,299,294,255,94,200,156,99,160,212,105,106,0,0,1,1,0,1.044113654923561,1.13585303817872,.2108114588236001,7.12443641578e-08,.7226701713561151,1.549035905001324,.0111287648407683,.0111287648407683,.016922734343692,.016922734343692,65,41
named,legacy_historical,Legacy restricted geography,historical_benchmark,1,0,bc,treat_16,2016,score_as_recorded,p1_cerrd,1162,549,250,299,294,255,94,200,156,99,160,212,105,106,0,0,1,1,0,.8107181861496218,.8726807039223692,.1993398088884469,.0000119853248808,.4819818578159161,1.263379550028822,.005054057480358,.005054057480358,.0128024868320963,.0128024868320963,31,18
named,legacy_historical,Legacy restricted geography,historical_benchmark,1,0,bc,treat_16,2016,score_as_recorded,p1_mserd,1162,549,250,299,294,255,94,200,156,99,160,212,105,106,0,0,1,1,0,.8400932948421719,.9553076613775381,.2019014364781133,2.22806918644e-06,.5595881174535347,1.351027205301542,.0066047183083148,.0066047183083148,.0128024868320963,.0128024868320963,41,21
named,legacy_historical,Legacy restricted geography,historical_benchmark,1,0,bc,treat_16,2016,score_as_recorded,p2_mserd,1162,549,250,299,294,255,94,200,156,99,160,212,105,106,0,0,1,1,0,1.044113654923561,1.13585303817872,.2108114588236001,7.12443641578e-08,.7226701713561151,1.549035905001324,.0111287648407683,.0111287648407683,.016922734343692,.016922734343692,65,41
named,legacy_historical,Legacy restricted geography,historical_benchmark,1,0,bc,treat_23,2023,drop_rounding_band,p1_cerrd,1162,549,476,73,294,255,249,45,227,28,160,212,105,106,0,0,1,1,0,.0637324892645863,.0817450618235966,.1731331119873672,.6368186414956384,-.2575896022029828,.4210797258501761,.0101552090185519,.0101552090185519,.0208057891523994,.0208057891523994,64,37
named,legacy_historical,Legacy restricted geography,historical_benchmark,1,0,bc,treat_23,2023,drop_rounding_band,p1_mserd,1162,549,476,73,294,255,249,45,227,28,160,212,105,106,0,0,1,1,0,.0351856057730051,.0600993566913224,.1647062772973848,.7151949552401115,-.2627190148392188,.3829177282218636,.0132709798395174,.0132709798395174,.0208057891523994,.0208057891523994,76,46
named,legacy_historical,Legacy restricted geography,historical_benchmark,1,0,bc,treat_23,2023,drop_rounding_band,p2_mserd,1162,549,476,73,294,255,249,45,227,28,160,212,105,106,0,0,1,1,0,.1377072939197839,.1770148484082643,.2406216073490681,.4619397715681627,-.2945948358980474,.6486245327145761,.0136728350879838,.0136728350879838,.0186290512340748,.0186290512340748,77,46
named,legacy_historical,Legacy restricted geography,historical_benchmark,1,0,bc,treat_23,2023,drop_sign_conflicts,p1_cerrd,1162,549,476,73,294,255,249,45,227,28,160,212,105,106,0,0,1,1,0,.0637324892645863,.0817450618235966,.1731331119873672,.6368186414956384,-.2575896022029828,.4210797258501761,.0101552090185519,.0101552090185519,.0208057891523994,.0208057891523994,64,37
named,legacy_historical,Legacy restricted geography,historical_benchmark,1,0,bc,treat_23,2023,drop_sign_conflicts,p1_mserd,1162,549,476,73,294,255,249,45,227,28,160,212,105,106,0,0,1,1,0,.0351856057730051,.0600993566913224,.1647062772973848,.7151949552401115,-.2627190148392188,.3829177282218636,.0132709798395174,.0132709798395174,.0208057891523994,.0208057891523994,76,46
named,legacy_historical,Legacy restricted geography,historical_benchmark,1,0,bc,treat_23,2023,drop_sign_conflicts,p2_mserd,1162,549,476,73,294,255,249,45,227,28,160,212,105,106,0,0,1,1,0,.1377072939197839,.1770148484082643,.2406216073490681,.4619397715681627,-.2945948358980474,.6486245327145761,.0136728350879838,.0136728350879838,.0186290512340748,.0186290512340748,77,46
named,legacy_historical,Legacy restricted geography,historical_benchmark,1,0,bc,treat_23,2023,score_as_recorded,p1_cerrd,1162,549,476,73,294,255,249,45,227,28,160,212,105,106,0,0,1,1,0,.0637324892645863,.0817450618235966,.1731331119873672,.6368186414956384,-.2575896022029828,.4210797258501761,.0101552090185519,.0101552090185519,.0208057891523994,.0208057891523994,64,37
named,legacy_historical,Legacy restricted geography,historical_benchmark,1,0,bc,treat_23,2023,score_as_recorded,p1_mserd,1162,549,476,73,294,255,249,45,227,28,160,212,105,106,0,0,1,1,0,.0351856057730051,.0600993566913224,.1647062772973848,.7151949552401115,-.2627190148392188,.3829177282218636,.0132709798395174,.0132709798395174,.0208057891523994,.0208057891523994,76,46
named,legacy_historical,Legacy restricted geography,historical_benchmark,1,0,bc,treat_23,2023,score_as_recorded,p2_mserd,1162,549,476,73,294,255,249,45,227,28,160,212,105,106,0,0,1,1,0,.1377072939197839,.1770148484082643,.2406216073490681,.4619397715681627,-.2945948358980474,.6486245327145761,.0136728350879838,.0136728350879838,.0186290512340748,.0186290512340748,77,46
named,legacy_historical,Legacy restricted geography,historical_benchmark,1,0,cd,treat_12,2012,drop_rounding_band,p1_cerrd,1162,510,136,374,216,294,43,173,93,201,50,159,91,104,2,1,1,1,0,-.2846638131434724,-.2989568395160311,.1978421593550132,.1307661261411804,-.6867203464754911,.0888066674434288,.0044647903138338,.0044647903138338,.0086955956333706,.0086955956333706,72,53
named,legacy_historical,Legacy restricted geography,historical_benchmark,1,0,cd,treat_12,2012,drop_rounding_band,p1_mserd,1162,510,136,374,216,294,43,173,93,201,50,159,91,104,2,1,1,1,0,-.247871852373262,-.2754411124924376,.1868307930817085,.1404059140462794,-.6416227381356413,.090740513150766,.0058116947807135,.0058116947807135,.0086955956333706,.0086955956333706,98,78
named,legacy_historical,Legacy restricted geography,historical_benchmark,1,0,cd,treat_12,2012,drop_rounding_band,p2_mserd,1162,510,136,374,216,294,43,173,93,201,50,159,91,104,2,1,1,1,0,-.3372599132777423,-.3496139655568191,.2788569295454507,.2099366820538236,-.8961635043053255,.1969355731916874,.0049724068482258,.0049724068482258,.0066810056514369,.0066810056514369,80,65
named,legacy_historical,Legacy restricted geography,historical_benchmark,1,0,cd,treat_12,2012,drop_sign_conflicts,p1_cerrd,1162,509,135,374,216,293,43,173,92,201,50,159,91,104,2,1,1,1,0,-.2749192972908618,-.2856912950614445,.1970109460656395,.1470225369669693,-.6718256539102609,.1004430637873719,.0045225511962644,.0045225511962644,.0087106456748774,.0087106456748774,72,59
named,legacy_historical,Legacy restricted geography,historical_benchmark,1,0,cd,treat_12,2012,drop_sign_conflicts,p1_mserd,1162,509,135,374,216,293,43,173,92,201,50,159,91,104,2,1,1,1,0,-.2456889194015341,-.2661830414388959,.1863795648636483,.1532408670292673,-.6314802760258933,.0991141931481015,.0058868805330905,.0058868805330905,.0087106456748774,.0087106456748774,98,80
named,legacy_historical,Legacy restricted geography,historical_benchmark,1,0,cd,treat_12,2012,drop_sign_conflicts,p2_mserd,1162,509,135,374,216,293,43,173,92,201,50,159,91,104,2,1,1,1,0,-.3287349670020614,-.3435002889961415,.2792198759210933,.2186168598998223,-.8907611895692269,.2037606115769439,.0049562150568223,.0049562150568223,.0066667374302045,.0066667374302045,80,61
named,legacy_historical,Legacy restricted geography,historical_benchmark,1,0,cd,treat_12,2012,score_as_recorded,p1_cerrd,1162,511,136,375,217,294,43,174,93,201,51,159,91,104,2,1,1,1,0,-.2411973904095845,-.2524033575870743,.1944247042008085,.1942164861495511,-.6334687755255122,.1286620603513636,.0043491598598372,.0043491598598372,.0084014716433083,.0084014716433083,68,53
named,legacy_historical,Legacy restricted geography,historical_benchmark,1,0,cd,treat_12,2012,score_as_recorded,p1_mserd,1162,511,136,375,217,294,43,174,93,201,51,159,91,104,2,1,1,1,0,-.2222934482564389,-.2438889647906546,.1850900336068585,.1876116440851244,-.6066587645574053,.1188808349760962,.0056611817983006,.0056611817983006,.0084014716433083,.0084014716433083,99,76
named,legacy_historical,Legacy restricted geography,historical_benchmark,1,0,cd,treat_12,2012,score_as_recorded,p2_mserd,1162,511,136,375,217,294,43,174,93,201,51,159,91,104,2,1,1,1,0,-.2644800280816531,-.2610147104687685,.2719899847013904,.3372322809995897,-.7941052846390937,.2720758637015567,.0046614391603453,.0046614391603453,.0061643580617262,.0061643580617262,77,61
named,legacy_historical,Legacy restricted geography,historical_benchmark,1,0,cd,treat_16,2016,drop_rounding_band,p1_cerrd,1162,510,139,371,216,294,44,172,95,199,50,159,91,104,2,1,1,1,0,-.2959078306736102,-.3095063847661856,.2088826424255122,.1384137990158473,-.7189088409157478,.0998960713833765,.0039600723180679,.0039600723180679,.0077347961630482,.0077347961630482,62,50
named,legacy_historical,Legacy restricted geography,historical_benchmark,1,0,cd,treat_16,2016,drop_rounding_band,p1_mserd,1162,510,139,371,216,294,44,172,95,199,50,159,91,104,2,1,1,1,0,-.2537422108145818,-.2783120977416497,.1983457500996005,.1605672160575902,-.6670626244234483,.110438428940149,.0051547172441344,.0051547172441344,.0077347961630482,.0077347961630482,84,66
named,legacy_historical,Legacy restricted geography,historical_benchmark,1,0,cd,treat_16,2016,drop_rounding_band,p2_mserd,1162,510,139,371,216,294,44,172,95,199,50,159,91,104,2,1,1,1,0,-.3356741887077397,-.3618439040297246,.2686842717452488,.1780687237684594,-.8884553998627849,.1647675918033358,.0052720956967308,.0052720956967308,.00713977580184,.00713977580184,84,71
named,legacy_historical,Legacy restricted geography,historical_benchmark,1,0,cd,treat_16,2016,drop_sign_conflicts,p1_cerrd,1162,509,138,371,216,293,44,172,94,199,50,159,91,104,2,1,1,1,0,-.284652845418768,-.2942633259592349,.2086746129904786,.1584942353406649,-.7032580519084071,.1147313999899373,.0039892406704701,.0039892406704701,.007717201031526,.007717201031526,62,49
named,legacy_historical,Legacy restricted geography,historical_benchmark,1,0,cd,treat_16,2016,drop_sign_conflicts,p1_mserd,1162,509,138,371,216,293,44,172,94,199,50,159,91,104,2,1,1,1,0,-.2492739321123905,-.2667841687006252,.1986143568866047,.1791984782990455,-.6560611550109551,.1224928176097048,.005192684886398,.005192684886398,.007717201031526,.007717201031526,84,66
named,legacy_historical,Legacy restricted geography,historical_benchmark,1,0,cd,treat_16,2016,drop_sign_conflicts,p2_mserd,1162,509,138,371,216,293,44,172,94,199,50,159,91,104,2,1,1,1,0,-.3254456884499,-.3523881214582864,.2686763790655872,.1896649554892202,-.8789841479234686,.1742079050068958,.0052648992486804,.0052648992486804,.0071367881566784,.0071367881566784,84,66
named,legacy_historical,Legacy restricted geography,historical_benchmark,1,0,cd,treat_16,2016,score_as_recorded,p1_cerrd,1162,511,139,372,217,294,44,173,95,199,51,159,91,104,2,1,1,1,0,-.2226874975357755,-.2187820148350795,.1832058863483519,.2324049829178134,-.5778589538335874,.1402949241634284,.0049987247525271,.0049987247525271,.0094581029710896,.0094581029710896,81,65
named,legacy_historical,Legacy restricted geography,historical_benchmark,1,0,cd,treat_16,2016,score_as_recorded,p1_mserd,1162,511,139,372,217,294,44,173,95,199,51,159,91,104,2,1,1,1,0,-.2032137019668231,-.1960196677253102,.1741146481328142,.2602467876408045,-.5372781072464901,.1452387717958697,.0065067025576705,.0065067025576705,.0094581029710896,.0094581029710896,110,89
named,legacy_historical,Legacy restricted geography,historical_benchmark,1,0,cd,treat_16,2016,score_as_recorded,p2_mserd,1162,511,139,372,217,294,44,173,95,199,51,159,91,104,2,1,1,1,0,-.2767501935661463,-.2825157858796266,.2671378778108149,.2902536079277356,-.8060964052952855,.2410648335360322,.0048376918785061,.0048376918785061,.0064522831264103,.0064522831264103,78,62
named,legacy_historical,Legacy restricted geography,historical_benchmark,1,0,cd,treat_23,2023,drop_rounding_band,p1_cerrd,1162,510,402,108,216,294,153,63,249,45,50,159,91,104,2,1,1,1,0,-.0692155136797328,-.0803717143162153,.2432977276136012,.7411407648996161,-.5572264979593097,.3964830693268792,.0031823353459443,.0031823353459443,.0063545141863013,.0063545141863013,52,40
named,legacy_historical,Legacy restricted geography,historical_benchmark,1,0,cd,treat_23,2023,drop_rounding_band,p1_mserd,1162,510,402,108,216,294,153,63,249,45,50,159,91,104,2,1,1,1,0,-.0662100680763988,-.086663603589773,.2222354301475511,.6965638785476049,-.5222370427677399,.3489098355881939,.004142358413384,.004142358413384,.0063545141863013,.0063545141863013,67,50
named,legacy_historical,Legacy restricted geography,historical_benchmark,1,0,cd,treat_23,2023,drop_rounding_band,p2_mserd,1162,510,402,108,216,294,153,63,249,45,50,159,91,104,2,1,1,1,0,-.0928199091022837,-.1067544286266409,.27484277482351,.6977052512671446,-.6454363686917722,.4319275114384905,.005439119764624,.005439119764624,.0072810662154857,.0072810662154857,96,71
named,legacy_historical,Legacy restricted geography,historical_benchmark,1,0,cd,treat_23,2023,drop_sign_conflicts,p1_cerrd,1162,509,401,108,216,293,153,63,248,45,50,159,91,104,2,1,1,1,0,-.069250496340642,-.0795607593128578,.243322998975304,.7436861047398824,-.5564650739147301,.3973435552890145,.0031904677857255,.0031904677857255,.0063612560381466,.0063612560381466,52,39
named,legacy_historical,Legacy restricted geography,historical_benchmark,1,0,cd,treat_23,2023,drop_sign_conflicts,p1_mserd,1162,509,401,108,216,293,153,63,248,45,50,159,91,104,2,1,1,1,0,-.0650001720455609,-.0840385848278111,.222559125343856,.7057268997271714,-.5202464549325043,.3521692852768821,.004152944186625,.004152944186625,.0063612560381466,.0063612560381466,67,49
named,legacy_historical,Legacy restricted geography,historical_benchmark,1,0,cd,treat_23,2023,drop_sign_conflicts,p2_mserd,1162,509,401,108,216,293,153,63,248,45,50,159,91,104,2,1,1,1,0,-.0912279026285674,-.1044561431329365,.2746611760712654,.7037159854732669,-.6427821561840311,.4338698699181581,.0054539297209561,.0054539297209561,.0072948978409166,.0072948978409166,96,70
named,legacy_historical,Legacy restricted geography,historical_benchmark,1,0,cd,treat_23,2023,score_as_recorded,p1_cerrd,1162,511,403,108,217,294,154,63,249,45,51,159,91,104,2,1,1,1,0,-.0996061043283474,-.1123069809939474,.2232151121974102,.6148704771029674,-.5498005617059385,.3251865997180437,.0034360625379208,.0034360625379208,.0068145493131861,.0068145493131861,53,41
named,legacy_historical,Legacy restricted geography,historical_benchmark,1,0,cd,treat_23,2023,score_as_recorded,p1_mserd,1162,511,403,108,217,294,154,63,249,45,51,159,91,104,2,1,1,1,0,-.084465156981256,-.1059635321496635,.2060735015161869,.6071103437917162,-.5098601732894499,.297933108990123,.0044726281223031,.0044726281223031,.0068145493131861,.0068145493131861,73,60
named,legacy_historical,Legacy restricted geography,historical_benchmark,1,0,cd,treat_23,2023,score_as_recorded,p2_mserd,1162,511,403,108,217,294,154,63,249,45,51,159,91,104,2,1,1,1,0,-.123071886978507,-.133395920115948,.246606549745309,.5885585176985738,-.6167358759684388,.3499440357365428,.0060750230953894,.0060750230953894,.0079359909700267,.0079359909700267,109,82
named,legacy_historical,Legacy restricted geography,historical_benchmark,1,0,de,treat_12,2012,drop_rounding_band,p1_cerrd,1162,315,48,267,111,204,5,106,43,161,10,50,61,90,13,13,1,1,0,-.3920893112467522,-.4398970853996378,.3143968900015547,.1617597325757092,-1.056103666654086,.1763094958548104,.001691047450478,.001691047450478,.0039994871257408,.0039994871257408,14,23
named,legacy_historical,Legacy restricted geography,historical_benchmark,1,0,de,treat_12,2012,drop_rounding_band,p1_mserd,1162,315,48,267,111,204,5,106,43,161,10,50,61,90,13,13,1,1,0,-.2177228915671489,-.2842515924185596,.2832385796474324,.3155827693870056,-.8393890075598065,.2708858227226874,.0021732247447834,.0021732247447834,.0039994871257408,.0039994871257408,32,34
named,legacy_historical,Legacy restricted geography,historical_benchmark,1,0,de,treat_12,2012,drop_rounding_band,p2_mserd,1162,315,48,267,111,204,5,106,43,161,10,50,61,90,13,13,1,1,0,-.4586796577019308,-.5708744134411735,.5302329507407971,.2816374103694606,-1.610111900309536,.4683630734271892,.0029074707700577,.0029074707700577,.0047942872057633,.0047942872057633,35,52
named,legacy_historical,Legacy restricted geography,historical_benchmark,1,0,de,treat_12,2012,drop_sign_conflicts,p1_cerrd,1162,315,48,267,111,204,5,106,43,161,10,50,61,90,13,13,1,1,0,-.3920893112467522,-.4398970853996378,.3143968900015547,.1617597325757092,-1.056103666654086,.1763094958548104,.001691047450478,.001691047450478,.0039994871257408,.0039994871257408,14,23
named,legacy_historical,Legacy restricted geography,historical_benchmark,1,0,de,treat_12,2012,drop_sign_conflicts,p1_mserd,1162,315,48,267,111,204,5,106,43,161,10,50,61,90,13,13,1,1,0,-.2177228915671489,-.2842515924185596,.2832385796474324,.3155827693870056,-.8393890075598065,.2708858227226874,.0021732247447834,.0021732247447834,.0039994871257408,.0039994871257408,32,34
named,legacy_historical,Legacy restricted geography,historical_benchmark,1,0,de,treat_12,2012,drop_sign_conflicts,p2_mserd,1162,315,48,267,111,204,5,106,43,161,10,50,61,90,13,13,1,1,0,-.4586796577019308,-.5708744134411735,.5302329507407971,.2816374103694606,-1.610111900309536,.4683630734271892,.0029074707700577,.0029074707700577,.0047942872057633,.0047942872057633,35,52
named,legacy_historical,Legacy restricted geography,historical_benchmark,1,0,de,treat_12,2012,score_as_recorded,p1_cerrd,1162,328,49,279,124,204,6,118,43,161,11,50,65,90,13,13,1,1,0,-.229717557957469,-.3156086136482846,.1640039302833912,.0543048843309112,-.6370504103267493,.00583318303018,.001529386683047,.001529386683047,.0038201334332698,.0038201334332698,27,23
named,legacy_historical,Legacy restricted geography,historical_benchmark,1,0,de,treat_12,2012,score_as_recorded,p1_mserd,1162,328,49,279,124,204,6,118,43,161,11,50,65,90,13,13,1,1,0,-.2375302884645303,-.3401212403662581,.1568115400606258,.0300841315567675,-.6474662112453445,-.0327762694871717,.0019680398553566,.0019680398553566,.0038201334332698,.0038201334332698,45,34
named,legacy_historical,Legacy restricted geography,historical_benchmark,1,0,de,treat_12,2012,score_as_recorded,p2_mserd,1162,328,49,279,124,204,6,118,43,161,11,50,65,90,13,13,1,1,0,.081658823268074,-.0359135951475419,.3875776109099729,.9261723356055949,-.7955517537451671,.7237245634500833,.0018940973245652,.0018940973245652,.0035503860239811,.0035503860239811,45,34
named,legacy_historical,Legacy restricted geography,historical_benchmark,1,0,de,treat_16,2016,drop_rounding_band,p1_cerrd,1162,315,49,266,111,204,5,106,44,160,10,50,61,90,13,13,1,1,0,-.3922668664442849,-.4398553895604631,.3143048303749632,.1616766569325039,-1.055881537262362,.1761707581414353,.0016929802090233,.0016929802090233,.004008033569379,.004008033569379,14,23
named,legacy_historical,Legacy restricted geography,historical_benchmark,1,0,de,treat_16,2016,drop_rounding_band,p1_mserd,1162,315,49,266,111,204,5,106,44,160,10,50,61,90,13,13,1,1,0,-.2175075894463488,-.2837981781629403,.2830685815290325,.316064777855681,-.8386024031146838,.2710060467888032,.0021757086009846,.0021757086009846,.004008033569379,.004008033569379,32,34
named,legacy_historical,Legacy restricted geography,historical_benchmark,1,0,de,treat_16,2016,drop_rounding_band,p2_mserd,1162,315,49,266,111,204,5,106,44,160,10,50,61,90,13,13,1,1,0,-.4288280200553709,-.5452410322339032,.5241889445664044,.2982649872449486,-1.572632484678119,.4821504202103122,.0029381726020658,.0029381726020658,.0048195642047163,.0048195642047163,35,52
named,legacy_historical,Legacy restricted geography,historical_benchmark,1,0,de,treat_16,2016,drop_sign_conflicts,p1_cerrd,1162,315,49,266,111,204,5,106,44,160,10,50,61,90,13,13,1,1,0,-.3922668664442849,-.4398553895604631,.3143048303749632,.1616766569325039,-1.055881537262362,.1761707581414353,.0016929802090233,.0016929802090233,.004008033569379,.004008033569379,14,23
named,legacy_historical,Legacy restricted geography,historical_benchmark,1,0,de,treat_16,2016,drop_sign_conflicts,p1_mserd,1162,315,49,266,111,204,5,106,44,160,10,50,61,90,13,13,1,1,0,-.2175075894463488,-.2837981781629403,.2830685815290325,.316064777855681,-.8386024031146838,.2710060467888032,.0021757086009846,.0021757086009846,.004008033569379,.004008033569379,32,34
named,legacy_historical,Legacy restricted geography,historical_benchmark,1,0,de,treat_16,2016,drop_sign_conflicts,p2_mserd,1162,315,49,266,111,204,5,106,44,160,10,50,61,90,13,13,1,1,0,-.4288280200553709,-.5452410322339032,.5241889445664044,.2982649872449486,-1.572632484678119,.4821504202103122,.0029381726020658,.0029381726020658,.0048195642047163,.0048195642047163,35,52
named,legacy_historical,Legacy restricted geography,historical_benchmark,1,0,de,treat_16,2016,score_as_recorded,p1_cerrd,1162,328,50,278,124,204,6,118,44,160,11,50,65,90,13,13,1,1,0,-.2300389035330375,-.3158151005560977,.1640504701314234,.0542156744199298,-.6373481136605513,.0057179125483559,.001530552256538,.001530552256538,.0038221347490127,.0038221347490127,27,23
named,legacy_historical,Legacy restricted geography,historical_benchmark,1,0,de,treat_16,2016,score_as_recorded,p1_mserd,1162,328,50,278,124,204,6,118,44,160,11,50,65,90,13,13,1,1,0,-.2372212054672623,-.3398157496189892,.1565240846089733,.0299302248980621,-.646597318165677,-.0330341810723014,.0019695397344322,.0019695397344322,.0038221347490127,.0038221347490127,45,34
named,legacy_historical,Legacy restricted geography,historical_benchmark,1,0,de,treat_16,2016,score_as_recorded,p2_mserd,1162,328,50,278,124,204,6,118,44,160,11,50,65,90,13,13,1,1,0,.0816588232974146,-.0359135951173734,.3875776109082018,.9261723356670988,-.795551753711527,.7237245634767803,.0018940973245639,.0018940973245639,.003550386023978,.003550386023978,45,34
named,legacy_historical,Legacy restricted geography,historical_benchmark,1,0,de,treat_23,2023,drop_rounding_band,p1_cerrd,1162,315,173,142,111,204,26,85,147,57,10,50,61,90,13,13,1,1,0,.3642999757403667,.6094273201489049,.8169231966006634,.4556654810015808,-.9917127233237288,2.210567363621538,.0015654528265517,.0015654528265517,.0037397777381713,.0037397777381713,14,23
named,legacy_historical,Legacy restricted geography,historical_benchmark,1,0,de,treat_23,2023,drop_rounding_band,p1_mserd,1162,315,173,142,111,204,26,85,147,57,10,50,61,90,13,13,1,1,0,.4035986402232492,.711128831600182,.6143456377865367,.2470523503561563,-.4929664925207191,1.915224155721083,.0020118186621503,.0020118186621503,.0037397777381713,.0037397777381713,32,34
named,legacy_historical,Legacy restricted geography,historical_benchmark,1,0,de,treat_23,2023,drop_rounding_band,p2_mserd,1162,315,173,142,111,204,26,85,147,57,10,50,61,90,13,13,1,1,0,.7451558896870036,.9215391012214265,.8421644418642072,.2738450038094862,-.7290728738926955,2.572151076335548,.0034315442571555,.0034315442571555,.0050189581109733,.0050189581109733,53,58
named,legacy_historical,Legacy restricted geography,historical_benchmark,1,0,de,treat_23,2023,drop_sign_conflicts,p1_cerrd,1162,315,173,142,111,204,26,85,147,57,10,50,61,90,13,13,1,1,0,.3642999757403667,.6094273201489049,.8169231966006634,.4556654810015808,-.9917127233237288,2.210567363621538,.0015654528265517,.0015654528265517,.0037397777381713,.0037397777381713,14,23
named,legacy_historical,Legacy restricted geography,historical_benchmark,1,0,de,treat_23,2023,drop_sign_conflicts,p1_mserd,1162,315,173,142,111,204,26,85,147,57,10,50,61,90,13,13,1,1,0,.4035986402232492,.711128831600182,.6143456377865367,.2470523503561563,-.4929664925207191,1.915224155721083,.0020118186621503,.0020118186621503,.0037397777381713,.0037397777381713,32,34
named,legacy_historical,Legacy restricted geography,historical_benchmark,1,0,de,treat_23,2023,drop_sign_conflicts,p2_mserd,1162,315,173,142,111,204,26,85,147,57,10,50,61,90,13,13,1,1,0,.7451558896870036,.9215391012214265,.8421644418642072,.2738450038094862,-.7290728738926955,2.572151076335548,.0034315442571555,.0034315442571555,.0050189581109733,.0050189581109733,53,58
named,legacy_historical,Legacy restricted geography,historical_benchmark,1,0,de,treat_23,2023,score_as_recorded,p1_cerrd,1162,328,180,148,124,204,33,91,147,57,11,50,65,90,13,13,1,1,0,.2146094530006588,.2055507292349154,.5525627822919139,.709896387425192,-.8774524232544824,1.288553881724313,.001599313879481,.001599313879481,.0035927708408075,.0035927708408075,27,23
named,legacy_historical,Legacy restricted geography,historical_benchmark,1,0,de,treat_23,2023,score_as_recorded,p1_mserd,1162,328,180,148,124,204,33,91,147,57,11,50,65,90,13,13,1,1,0,.0189069153338201,.0104349403860022,.4831666485758612,.982769442680942,-.9365542893536065,.957424170125611,.0020580233180616,.0020580233180616,.0035927708408075,.0035927708408075,45,34
named,legacy_historical,Legacy restricted geography,historical_benchmark,1,0,de,treat_23,2023,score_as_recorded,p2_mserd,1162,328,180,148,124,204,33,91,147,57,11,50,65,90,13,13,1,1,0,.9852398251500036,1.307634886239728,1.162273931088903,.2605610662511625,-.9703801588643097,3.585649931343767,.0020840458097707,.0020840458097707,.0035463185490532,.0035463185490532,45,34
named,national_full,National RUV universe,national_baseline,1,0,ab,treat_12,2012,drop_rounding_band,p1_cerrd,5712,2543,1190,1353,1260,1283,488,772,702,581,649,1036,340,316,0,10,1,1,0,-.1513694522659352,-.1782440923606352,.1570139278541466,.256286510016081,-.4859857360259329,.1294975513046625,.0156101429482632,.0156101429482632,.0374744404010348,.0374744404010348,151,104
named,national_full,National RUV universe,national_baseline,1,0,ab,treat_12,2012,drop_rounding_band,p1_mserd,5712,2543,1190,1353,1260,1283,488,772,702,581,649,1036,340,316,0,10,1,1,0,-.1226182056976477,-.1741564148203919,.1440533284090291,.2266736713625589,-.4564957503552094,.1081829207144256,.0215899716498857,.0215899716498857,.0374744404010348,.0374744404010348,213,142
named,national_full,National RUV universe,national_baseline,1,0,ab,treat_12,2012,drop_rounding_band,p2_mserd,5712,2543,1190,1353,1260,1283,488,772,702,581,649,1036,340,316,0,10,1,1,0,-.1923892320957505,-.2241330935139003,.1819982412100652,.2181312763088787,-.5808430915352615,.1325769045074608,.0296807552947067,.0296807552947067,.0417491345796862,.0417491345796862,295,191
named,national_full,National RUV universe,national_baseline,1,0,ab,treat_12,2012,drop_sign_conflicts,p1_cerrd,5712,2553,1198,1355,1269,1284,495,774,703,581,650,1037,341,316,0,10,1,1,0,-.1788777355522901,-.2011084551993624,.1452201930728943,.166097768104895,-.4857348034501882,.0835178930514634,.0142857154880027,.0142857154880027,.0339202487375882,.0339202487375882,152,99
named,national_full,National RUV universe,national_baseline,1,0,ab,treat_12,2012,drop_sign_conflicts,p1_mserd,5712,2553,1198,1355,1269,1284,495,774,703,581,650,1037,341,316,0,10,1,1,0,-.1743336016812393,-.2201162832224514,.1371003413584537,.1083811103705883,-.4888280145531677,.048595448108265,.0197596962851561,.0197596962851561,.0339202487375882,.0339202487375882,207,133
named,national_full,National RUV universe,national_baseline,1,0,ab,treat_12,2012,drop_sign_conflicts,p2_mserd,5712,2553,1198,1355,1269,1284,495,774,703,581,650,1037,341,316,0,10,1,1,0,-.2214204138221909,-.2452093186591804,.1602050994313058,.1258692180021569,-.5592055436841981,.0687869063658372,.0294539672201356,.0294539672201356,.0401029007871716,.0401029007871716,300,190
named,national_full,National RUV universe,national_baseline,1,0,ab,treat_12,2012,score_as_recorded,p1_cerrd,5712,2553,1198,1355,1269,1284,495,774,703,581,650,1037,341,316,0,10,1,1,0,-.1788777355522901,-.2011084551993624,.1452201930728943,.166097768104895,-.4857348034501882,.0835178930514634,.0142857154880027,.0142857154880027,.0339202487375882,.0339202487375882,152,99
named,national_full,National RUV universe,national_baseline,1,0,ab,treat_12,2012,score_as_recorded,p1_mserd,5712,2553,1198,1355,1269,1284,495,774,703,581,650,1037,341,316,0,10,1,1,0,-.1743336016812393,-.2201162832224514,.1371003413584537,.1083811103705883,-.4888280145531677,.048595448108265,.0197596962851561,.0197596962851561,.0339202487375882,.0339202487375882,207,133
named,national_full,National RUV universe,national_baseline,1,0,ab,treat_12,2012,score_as_recorded,p2_mserd,5712,2553,1198,1355,1269,1284,495,774,703,581,650,1037,341,316,0,10,1,1,0,-.2214204138221909,-.2452093186591804,.1602050994313058,.1258692180021569,-.5592055436841981,.0687869063658372,.0294539672201356,.0294539672201356,.0401029007871716,.0401029007871716,300,190
named,national_full,National RUV universe,national_baseline,1,0,ab,treat_16,2016,drop_rounding_band,p1_cerrd,5712,2543,1615,928,1260,1283,609,651,1006,277,649,1036,340,316,0,10,1,1,0,-.3054300779082049,-.3363675452376678,.1524151360538494,.0273198629117995,-.6350957226019849,-.0376393678733507,.0123500309827526,.0123500309827526,.0324573332652865,.0324573332652865,121,90
named,national_full,National RUV universe,national_baseline,1,0,ab,treat_16,2016,drop_rounding_band,p1_mserd,5712,2543,1615,928,1260,1283,609,651,1006,277,649,1036,340,316,0,10,1,1,0,-.3082976095673176,-.365582418604413,.1391055361932524,.008586479660508,-.6382242595933206,-.0929405776155053,.0170809978919831,.0170809978919831,.0324573332652865,.0324573332652865,171,114
named,national_full,National RUV universe,national_baseline,1,0,ab,treat_16,2016,drop_rounding_band,p2_mserd,5712,2543,1615,928,1260,1283,609,651,1006,277,649,1036,340,316,0,10,1,1,0,-.3767835420388095,-.4162843592566969,.1624913390375439,.0104105349965636,-.7347615315699701,-.0978071869434237,.0276005067652191,.0276005067652191,.0409422529135178,.0409422529135178,275,176
named,national_full,National RUV universe,national_baseline,1,0,ab,treat_16,2016,drop_sign_conflicts,p1_cerrd,5712,2553,1624,929,1269,1284,617,652,1007,277,650,1037,341,316,0,10,1,1,0,-.2759010100720387,-.2978902822623481,.1348896967643452,.0272164658678316,-.5622692298059937,-.0335113347187026,.0130128664891834,.0130128664891834,.032965951183325,.032965951183325,134,93
named,national_full,National RUV universe,national_baseline,1,0,ab,treat_16,2016,drop_sign_conflicts,p1_mserd,5712,2553,1624,929,1269,1284,617,652,1007,277,650,1037,341,316,0,10,1,1,0,-.2817277204493156,-.3267210048007041,.1248831591872635,.0088910948796742,-.571487499083323,-.0819545105180852,.0179991187589793,.0179991187589793,.032965951183325,.032965951183325,193,119
named,national_full,National RUV universe,national_baseline,1,0,ab,treat_16,2016,drop_sign_conflicts,p2_mserd,5712,2553,1624,929,1269,1284,617,652,1007,277,650,1037,341,316,0,10,1,1,0,-.3240955791208182,-.3522179277761053,.1420582812078654,.0131607197866822,-.6306470426491846,-.073788812903026,.0291563726807011,.0291563726807011,.041663065867803,.041663065867803,296,189
named,national_full,National RUV universe,national_baseline,1,0,ab,treat_16,2016,score_as_recorded,p1_cerrd,5712,2553,1624,929,1269,1284,617,652,1007,277,650,1037,341,316,0,10,1,1,0,-.2759010100720387,-.2978902822623481,.1348896967643452,.0272164658678316,-.5622692298059937,-.0335113347187026,.0130128664891834,.0130128664891834,.032965951183325,.032965951183325,134,93
named,national_full,National RUV universe,national_baseline,1,0,ab,treat_16,2016,score_as_recorded,p1_mserd,5712,2553,1624,929,1269,1284,617,652,1007,277,650,1037,341,316,0,10,1,1,0,-.2817277204493156,-.3267210048007041,.1248831591872635,.0088910948796742,-.571487499083323,-.0819545105180852,.0179991187589793,.0179991187589793,.032965951183325,.032965951183325,193,119
named,national_full,National RUV universe,national_baseline,1,0,ab,treat_16,2016,score_as_recorded,p2_mserd,5712,2553,1624,929,1269,1284,617,652,1007,277,650,1037,341,316,0,10,1,1,0,-.3240955791208182,-.3522179277761053,.1420582812078654,.0131607197866822,-.6306470426491846,-.073788812903026,.0291563726807011,.0291563726807011,.041663065867803,.041663065867803,296,189
named,national_full,National RUV universe,national_baseline,1,0,ab,treat_23,2023,drop_rounding_band,p1_cerrd,5712,2543,2254,289,1260,1283,1083,177,1171,112,649,1036,340,316,0,10,1,1,0,-.0400803099448943,-.0371921945675822,.083000509976295,.6540839316929008,-.1998702048195778,.1254858156844135,.0246747806080411,.0246747806080411,.0478857565268096,.0478857565268096,248,160
named,national_full,National RUV universe,national_baseline,1,0,ab,treat_23,2023,drop_rounding_band,p1_mserd,5712,2543,2254,289,1260,1283,1083,177,1171,112,649,1036,340,316,0,10,1,1,0,-.0164522195259398,-.0114272186825526,.0788922185212629,.8848324984630001,-.1660531256446916,.1431986882795864,.034127029813909,.034127029813909,.0478857565268096,.0478857565268096,345,208
named,national_full,National RUV universe,national_baseline,1,0,ab,treat_23,2023,drop_rounding_band,p2_mserd,5712,2543,2254,289,1260,1283,1083,177,1171,112,649,1036,340,316,0,10,1,1,0,-.0683327982435635,-.0882454929047949,.1102495114053704,.4234697089200467,-.3043305645724588,.127839578762869,.0308906335772478,.0308906335772478,.0440434931839317,.0440434931839317,309,195
named,national_full,National RUV universe,national_baseline,1,0,ab,treat_23,2023,drop_sign_conflicts,p1_cerrd,5712,2553,2263,290,1269,1284,1091,178,1172,112,650,1037,341,316,0,10,1,1,0,-.0334165011505207,-.0297848264600651,.0776247494208589,.701198806246369,-.1819265396338949,.1223568867137647,.0248828692625357,.0248828692625357,.04774455023402,.04774455023402,258,165
named,national_full,National RUV universe,national_baseline,1,0,ab,treat_23,2023,drop_sign_conflicts,p1_mserd,5712,2553,2263,290,1269,1284,1091,178,1172,112,650,1037,341,316,0,10,1,1,0,-.0139367241709965,-.0076931135143723,.0746976830763957,.9179709167900911,-.1540978820726949,.1387116550439503,.0344174528565873,.0344174528565873,.04774455023402,.04774455023402,357,210
named,national_full,National RUV universe,national_baseline,1,0,ab,treat_23,2023,drop_sign_conflicts,p2_mserd,5712,2553,2263,290,1269,1284,1091,178,1172,112,650,1037,341,316,0,10,1,1,0,-.0509331771723525,-.0662329515970264,.0977703736910142,.4981307862252647,-.2578593627864365,.1253934595923838,.0321553856010462,.0321553856010462,.0448848346952818,.0448848346952818,330,198
named,national_full,National RUV universe,national_baseline,1,0,ab,treat_23,2023,score_as_recorded,p1_cerrd,5712,2553,2263,290,1269,1284,1091,178,1172,112,650,1037,341,316,0,10,1,1,0,-.0334165011505207,-.0297848264600651,.0776247494208589,.701198806246369,-.1819265396338949,.1223568867137647,.0248828692625357,.0248828692625357,.04774455023402,.04774455023402,258,165
named,national_full,National RUV universe,national_baseline,1,0,ab,treat_23,2023,score_as_recorded,p1_mserd,5712,2553,2263,290,1269,1284,1091,178,1172,112,650,1037,341,316,0,10,1,1,0,-.0139367241709965,-.0076931135143723,.0746976830763957,.9179709167900911,-.1540978820726949,.1387116550439503,.0344174528565873,.0344174528565873,.04774455023402,.04774455023402,357,210
named,national_full,National RUV universe,national_baseline,1,0,ab,treat_23,2023,score_as_recorded,p2_mserd,5712,2553,2263,290,1269,1284,1091,178,1172,112,650,1037,341,316,0,10,1,1,0,-.0509331771723525,-.0662329515970264,.0977703736910142,.4981307862252647,-.2578593627864365,.1253934595923838,.0321553856010462,.0321553856010462,.0448848346952818,.0448848346952818,330,198
named,national_full,National RUV universe,national_baseline,1,0,bc,treat_12,2012,drop_rounding_band,p1_cerrd,5712,2573,843,1730,1305,1268,349,956,494,774,305,649,417,340,1,6,1,1,0,.0653512629060808,.0641551374286287,.1069003444930394,.5484131566788564,-.1453656877126532,.2736759625699106,.0106075478462191,.0106075478462191,.023374534422983,.023374534422983,274,214
named,national_full,National RUV universe,national_baseline,1,0,bc,treat_12,2012,drop_rounding_band,p1_mserd,5712,2573,843,1730,1305,1268,349,956,494,774,305,649,417,340,1,6,1,1,0,.0574131473068061,.0544327827493145,.096908910766888,.5743271316282126,-.1355051921347917,.2443707576334208,.0147764392742823,.0147764392742823,.023374534422983,.023374534422983,399,286
named,national_full,National RUV universe,national_baseline,1,0,bc,treat_12,2012,drop_rounding_band,p2_mserd,5712,2573,843,1730,1305,1268,349,956,494,774,305,649,417,340,1,6,1,1,0,.0987642650315315,.1292034039189274,.132072515644874,.3279377183331077,-.1296539700926284,.3880607779304832,.0168280501983464,.0168280501983464,.0245586127820754,.0245586127820754,478,331
named,national_full,National RUV universe,national_baseline,1,0,bc,treat_12,2012,drop_sign_conflicts,p1_cerrd,5712,2578,845,1733,1310,1268,351,959,494,774,306,649,418,340,1,6,1,1,0,.061688123617768,.0666366529307806,.1118002840112222,.5511532157950498,-.1524878771925641,.2857611830541253,.0096514094024667,.0096514094024667,.0212638774701163,.0212638774701163,260,192
named,national_full,National RUV universe,national_baseline,1,0,bc,treat_12,2012,drop_sign_conflicts,p1_mserd,5712,2578,845,1733,1310,1268,351,959,494,774,306,649,418,340,1,6,1,1,0,.0480040181502339,.0563420474480777,.1013702157177089,.5783443376890338,-.1423399244636878,.2550240193598433,.0134454146006705,.0134454146006705,.0212638774701163,.0212638774701163,359,256
named,national_full,National RUV universe,national_baseline,1,0,bc,treat_12,2012,drop_sign_conflicts,p2_mserd,5712,2578,845,1733,1310,1268,351,959,494,774,306,649,418,340,1,6,1,1,0,.0599879266479402,.0832303294205603,.1214808414421751,.4932610571287142,-.1548677446177237,.3213284034588443,.0190191244990736,.0190191244990736,.0269504365304683,.0269504365304683,553,372
named,national_full,National RUV universe,national_baseline,1,0,bc,treat_12,2012,score_as_recorded,p1_cerrd,5712,2579,846,1733,1311,1268,352,959,494,774,306,649,419,340,1,6,1,1,0,.0536518500127637,.0580671104369371,.1171471378085354,.6201225059830084,-.1715370605597428,.287671281433617,.0090225872615657,.0090225872615657,.0196218035828334,.0196218035828334,247,182
named,national_full,National RUV universe,national_baseline,1,0,bc,treat_12,2012,score_as_recorded,p1_mserd,5712,2579,846,1733,1311,1268,352,959,494,774,306,649,419,340,1,6,1,1,0,.0295952758555096,.0375183607799312,.1061078414003364,.7236483655641013,-.1704491868420161,.2454859084018785,.0125702287170811,.0125702287170811,.0196218035828334,.0196218035828334,335,244
named,national_full,National RUV universe,national_baseline,1,0,bc,treat_12,2012,score_as_recorded,p2_mserd,5712,2579,846,1733,1311,1268,352,959,494,774,306,649,419,340,1,6,1,1,0,.0564554969309443,.0822907370394284,.1333172941890121,.5370666886979325,-.1790063580873663,.343587832166223,.0163662304399849,.0163662304399849,.0229193125969021,.0229193125969021,453,320
named,national_full,National RUV universe,national_baseline,1,0,bc,treat_16,2016,drop_rounding_band,p1_cerrd,5712,2573,976,1597,1305,1268,360,945,616,652,305,649,417,340,1,6,1,1,0,.1634745129325964,.1620910897274032,.1017748829828551,.1112402246508824,-.0373840154497713,.3615661949045776,.0120877227203736,.0120877227203736,.0261928569783825,.0261928569783825,316,233
named,national_full,National RUV universe,national_baseline,1,0,bc,treat_16,2016,drop_rounding_band,p1_mserd,5712,2573,976,1597,1305,1268,360,945,616,652,305,649,417,340,1,6,1,1,0,.1524476450602644,.1495422151776516,.0915704649565832,.10245143686357,-.0299325981848384,.3290170285401417,.0168383403338245,.0168383403338245,.0261928569783825,.0261928569783825,478,331
named,national_full,National RUV universe,national_baseline,1,0,bc,treat_16,2016,drop_rounding_band,p2_mserd,5712,2573,976,1597,1305,1268,360,945,616,652,305,649,417,340,1,6,1,1,0,.1914990813086999,.2089609666533403,.1390914604021132,.1330124744057563,-.0636532862918806,.4815752195985612,.0166426183088533,.0166426183088533,.0228649058953249,.0228649058953249,462,329
named,national_full,National RUV universe,national_baseline,1,0,bc,treat_16,2016,drop_sign_conflicts,p1_cerrd,5712,2578,978,1600,1310,1268,362,948,616,652,306,649,418,340,1,6,1,1,0,.1471429534011148,.1467048861329807,.1070373323642309,.1705010863627402,-.0630844303021554,.3564942025681168,.0108977289105229,.0108977289105229,.0236866167916492,.0236866167916492,282,216
named,national_full,National RUV universe,national_baseline,1,0,bc,treat_16,2016,drop_sign_conflicts,p1_mserd,5712,2578,978,1600,1310,1268,362,948,616,652,306,649,418,340,1,6,1,1,0,.1540980627008433,.1518670110154959,.097462065251217,.1191819037331588,-.039155126735782,.3428891487667738,.0151816669770784,.0151816669770784,.0236866167916492,.0236866167916492,412,299
named,national_full,National RUV universe,national_baseline,1,0,bc,treat_16,2016,drop_sign_conflicts,p2_mserd,5712,2578,978,1600,1310,1268,362,948,616,652,306,649,418,340,1,6,1,1,0,.1665608299654826,.1805422492620135,.1295500152688246,.1634352847081766,-.0733711148614969,.4344556133855238,.0183409078603346,.0183409078603346,.0248821110470858,.0248821110470858,538,358
named,national_full,National RUV universe,national_baseline,1,0,bc,treat_16,2016,score_as_recorded,p1_cerrd,5712,2579,979,1600,1311,1268,363,948,616,652,306,649,419,340,1,6,1,1,0,.1369591940776913,.1392734177129366,.1139155112662016,.2214797727182355,-.0839968816492853,.3625437170751584,.0098490462240387,.0098490462240387,.0214081300828265,.0214081300828265,262,200
named,national_full,National RUV universe,national_baseline,1,0,bc,treat_16,2016,score_as_recorded,p1_mserd,5712,2579,979,1600,1311,1268,363,948,616,652,306,649,419,340,1,6,1,1,0,.1470626530245897,.1503671652432344,.1042263310717833,.1491054388932066,-.0539126898982089,.3546470203846777,.0137216476928577,.0137216476928577,.0214081300828265,.0214081300828265,367,261
named,national_full,National RUV universe,national_baseline,1,0,bc,treat_16,2016,score_as_recorded,p2_mserd,5712,2579,979,1600,1311,1268,363,948,616,652,306,649,419,340,1,6,1,1,0,.1411579938797223,.1472412250009716,.1236887909673333,.2338825805907214,-.0951843505863048,.389666800588248,.0200912970356504,.0200912970356504,.0271105008078995,.0271105008078995,592,393
named,national_full,National RUV universe,national_baseline,1,0,bc,treat_23,2023,drop_rounding_band,p1_cerrd,5712,2573,2187,386,1305,1268,1097,208,1090,178,305,649,417,340,1,6,1,1,0,.0370910326651672,.0457367735728691,.0974725082022251,.6389070878126768,-.1453058319862771,.2367793791320153,.0092552154732741,.0092552154732741,.020193502211164,.020193502211164,243,187
named,national_full,National RUV universe,national_baseline,1,0,bc,treat_23,2023,drop_rounding_band,p1_mserd,5712,2573,2187,386,1305,1268,1097,208,1090,178,305,649,417,340,1,6,1,1,0,.0086141540423148,.0243881041024827,.0907408101605881,.788109254195502,-.1534606157402562,.2022368239452216,.0128926243269296,.0128926243269296,.020193502211164,.020193502211164,341,249
named,national_full,National RUV universe,national_baseline,1,0,bc,treat_23,2023,drop_rounding_band,p2_mserd,5712,2573,2187,386,1305,1268,1097,208,1090,178,305,649,417,340,1,6,1,1,0,.0598987077438826,.0774753380068551,.1287270078131979,.5472688779554152,-.1748249611446188,.329775637158329,.0132881832090301,.0132881832090301,.0178745355894028,.0178745355894028,352,254
named,national_full,National RUV universe,national_baseline,1,0,bc,treat_23,2023,drop_sign_conflicts,p1_cerrd,5712,2578,2191,387,1310,1268,1101,209,1090,178,306,649,418,340,1,6,1,1,0,.038813254063778,.0478353807544789,.0956259286188691,.6169100261818996,-.1395879953267025,.2352587568356603,.0092196017268578,.0092196017268578,.0199506742595614,.0199506742595614,247,187
named,national_full,National RUV universe,national_baseline,1,0,bc,treat_23,2023,drop_sign_conflicts,p1_mserd,5712,2578,2191,387,1310,1268,1101,209,1090,178,306,649,418,340,1,6,1,1,0,.0116428586344455,.0283275646185883,.0894369911985876,.7514469016396705,-.1469657170162692,.2036208462534458,.012843861709874,.012843861709874,.0199506742595614,.0199506742595614,346,248
named,national_full,National RUV universe,national_baseline,1,0,bc,treat_23,2023,drop_sign_conflicts,p2_mserd,5712,2578,2191,387,1310,1268,1101,209,1090,178,306,649,418,340,1,6,1,1,0,.0552987602149271,.0694577212298286,.1224183702814758,.5704561110332387,-.1704778755679524,.3093933180276097,.0136481130405691,.0136481130405691,.0180736590366114,.0180736590366114,362,260
named,national_full,National RUV universe,national_baseline,1,0,bc,treat_23,2023,score_as_recorded,p1_cerrd,5712,2579,2192,387,1311,1268,1102,209,1090,178,306,649,419,340,1,6,1,1,0,.0286497032821227,.0367152656601482,.0931978471472445,.6936181621811743,-.14594915818512,.2193796895054163,.009584687071257,.009584687071257,.0206265479835495,.0206265479835495,252,192
named,national_full,National RUV universe,national_baseline,1,0,bc,treat_23,2023,score_as_recorded,p1_mserd,5712,2579,2192,387,1311,1268,1102,209,1090,178,306,649,419,340,1,6,1,1,0,.0058560368188836,.0206470784546458,.0872770107810634,.8129907871535919,-.1504127193545525,.191706876263844,.0133533436889635,.0133533436889635,.0206265479835495,.0206265479835495,358,254
named,national_full,National RUV universe,national_baseline,1,0,bc,treat_23,2023,score_as_recorded,p2_mserd,5712,2579,2192,387,1311,1268,1102,209,1090,178,306,649,419,340,1,6,1,1,0,.0479653933792692,.060975115650407,.1195627776285651,.6100626004890872,-.1733636223931517,.2953138536939658,.013911248750339,.013911248750339,.018335790711034,.018335790711034,368,265
named,national_full,National RUV universe,national_baseline,1,0,cd,treat_12,2012,drop_rounding_band,p1_cerrd,5712,2434,495,1939,1126,1308,144,982,351,957,67,305,401,417,4,3,1,1,0,.0498711994199781,.0498637093469639,.1242025455653915,.6880734492543492,-.1935688067493984,.2932962254433261,.0026758117096871,.0026758117096871,.0055834839341333,.0055834839341333,174,134
named,national_full,National RUV universe,national_baseline,1,0,cd,treat_12,2012,drop_rounding_band,p1_mserd,5712,2434,495,1939,1126,1308,144,982,351,957,67,305,401,417,4,3,1,1,0,.0080592098683497,.0071927151214601,.1139203176292424,.9496565164171618,-.2160870045392184,.2304724347821387,.0037419089439176,.0037419089439176,.0055834839341333,.0055834839341333,287,203
named,national_full,National RUV universe,national_baseline,1,0,cd,treat_12,2012,drop_rounding_band,p2_mserd,5712,2434,495,1939,1126,1308,144,982,351,957,67,305,401,417,4,3,1,1,0,.0592047266122877,.088742173153695,.1437487367149872,.5370089835754785,-.1930001736308104,.3704845199382005,.0045777020689426,.0045777020689426,.0064645068539462,.0064645068539462,344,247
named,national_full,National RUV universe,national_baseline,1,0,cd,treat_12,2012,drop_sign_conflicts,p1_cerrd,5712,2433,494,1939,1126,1307,144,982,350,957,67,305,401,417,4,3,1,1,0,.0494964541994164,.0498074480039336,.124016942456848,.6879651117858288,-.1932612926842647,.2928761886921318,.0026872080599624,.0026872080599624,.0055973781374754,.0055973781374754,174,134
named,national_full,National RUV universe,national_baseline,1,0,cd,treat_12,2012,drop_sign_conflicts,p1_mserd,5712,2433,494,1939,1126,1307,144,982,350,957,67,305,401,417,4,3,1,1,0,.0105663910485201,.0103086420316592,.113658761919824,.9277324225234551,-.2124584378586082,.2330757219219267,.0037578458294872,.0037578458294872,.0055973781374754,.0055973781374754,287,202
named,national_full,National RUV universe,national_baseline,1,0,cd,treat_12,2012,drop_sign_conflicts,p2_mserd,5712,2433,494,1939,1126,1307,144,982,350,957,67,305,401,417,4,3,1,1,0,.0598035166532469,.0886807263984808,.1435890172860023,.5368383589217283,-.1927485760575829,.3701100288545445,.0045917004179778,.0045917004179778,.006469258236537,.006469258236537,344,246
named,national_full,National RUV universe,national_baseline,1,0,cd,treat_12,2012,score_as_recorded,p1_cerrd,5712,2437,496,1941,1129,1308,145,984,351,957,68,305,402,417,4,3,1,1,0,.0418553353309543,.0426500905554462,.1233514914068056,.7295226078252768,-.1991143900411946,.284414571152087,.0026324062005422,.0026324062005422,.0055077541521314,.0055077541521314,177,134
named,national_full,National RUV universe,national_baseline,1,0,cd,treat_12,2012,score_as_recorded,p1_mserd,5712,2437,496,1941,1129,1308,145,984,351,957,68,305,402,417,4,3,1,1,0,.0011811075822704,.0015335986151362,.1136272703466687,.9892314802179927,-.2211717589259305,.2242389561562029,.0036814346886863,.0036814346886863,.0055077541521314,.0055077541521314,274,203
named,national_full,National RUV universe,national_baseline,1,0,cd,treat_12,2012,score_as_recorded,p2_mserd,5712,2437,496,1941,1129,1308,145,984,351,957,68,305,402,417,4,3,1,1,0,.0526574732771379,.0835993799201817,.1440344740327364,.5616366144891318,-.1987030017161512,.3659017615565147,.0044316441454837,.0044316441454837,.0062164140828183,.0062164140828183,345,228
named,national_full,National RUV universe,national_baseline,1,0,cd,treat_16,2016,drop_rounding_band,p1_cerrd,5712,2434,515,1919,1126,1308,153,973,362,946,67,305,401,417,4,3,1,1,0,.1090636292389543,.1131688305624536,.1289883378360302,.3802927214299703,-.1396436660218506,.3659813271467579,.0027863265609409,.0027863265609409,.0058137493907209,.0058137493907209,195,151
named,national_full,National RUV universe,national_baseline,1,0,cd,treat_16,2016,drop_rounding_band,p1_mserd,5712,2434,515,1919,1126,1308,153,973,362,946,67,305,401,417,4,3,1,1,0,.0506972715688717,.0590226834170521,.1183985940961177,.6181258113222431,-.1730342968315152,.2910796636656193,.0038964551359554,.0038964551359554,.0058137493907209,.0058137493907209,287,217
named,national_full,National RUV universe,national_baseline,1,0,cd,treat_16,2016,drop_rounding_band,p2_mserd,5712,2434,515,1919,1126,1308,153,973,362,946,67,305,401,417,4,3,1,1,0,.1447124463231213,.1864570195385638,.1541791730009102,.2265273215461704,-.1157286067093904,.4886426457865179,.0042169041553188,.0042169041553188,.006046523164867,.006046523164867,311,221
named,national_full,National RUV universe,national_baseline,1,0,cd,treat_16,2016,drop_sign_conflicts,p1_cerrd,5712,2433,514,1919,1126,1307,153,973,361,946,67,305,401,417,4,3,1,1,0,.1093756881144347,.1140595359481403,.1290073972552653,.3766250954714876,-.138790316411431,.3669093883077117,.0027839797727216,.0027839797727216,.0058156616746197,.0058156616746197,195,151
named,national_full,National RUV universe,national_baseline,1,0,cd,treat_16,2016,drop_sign_conflicts,p1_mserd,5712,2433,514,1919,1126,1307,153,973,361,946,67,305,401,417,4,3,1,1,0,.053305393423049,.062822617328432,.1184128436723372,.5957383603216262,-.1692622915763206,.2949075262331846,.0038931733400819,.0038931733400819,.0058156616746197,.0058156616746197,287,216
named,national_full,National RUV universe,national_baseline,1,0,cd,treat_16,2016,drop_sign_conflicts,p2_mserd,5712,2433,514,1919,1126,1307,153,973,361,946,67,305,401,417,4,3,1,1,0,.144172024518616,.1849416196108717,.1540927644193769,.2300629761660113,-.1170746489293221,.4869578881510656,.004236504601904,.004236504601904,.0060544754656729,.0060544754656729,311,220
named,national_full,National RUV universe,national_baseline,1,0,cd,treat_16,2016,score_as_recorded,p1_cerrd,5712,2437,516,1921,1129,1308,154,975,362,946,68,305,402,417,4,3,1,1,0,.1016239967844104,.1057288838946406,.1277475048309084,.4078746785761118,-.1446516246887963,.3561093924780775,.0027767721990399,.0027767721990399,.0057582494253089,.0057582494253089,198,151
named,national_full,National RUV universe,national_baseline,1,0,cd,treat_16,2016,score_as_recorded,p1_mserd,5712,2437,516,1921,1129,1308,154,975,362,946,68,305,402,417,4,3,1,1,0,.0434823031307869,.0515289323137957,.1173261528494207,.6605210343415895,-.1784261017157103,.2814839663433016,.003883331339221,.003883331339221,.0057582494253089,.0057582494253089,290,217
named,national_full,National RUV universe,national_baseline,1,0,cd,treat_16,2016,score_as_recorded,p2_mserd,5712,2437,516,1921,1129,1308,154,975,362,946,68,305,402,417,4,3,1,1,0,.1375114452638102,.1811873465620426,.1524847845457597,.2347419007324094,-.1176773393379961,.4800520324620813,.004146505769737,.004146505769737,.005924634875551,.005924634875551,314,220
named,national_full,National RUV universe,national_baseline,1,0,cd,treat_23,2023,drop_rounding_band,p1_cerrd,5712,2434,1814,620,1126,1308,715,411,1099,209,67,305,401,417,4,3,1,1,0,.0257583939773032,.0157333936045276,.1061493689500576,.8821696380786064,-.1923155465192395,.2237823337282948,.0023706290757716,.0023706290757716,.0054778299478466,.0054778299478466,160,126
named,national_full,National RUV universe,national_baseline,1,0,cd,treat_23,2023,drop_rounding_band,p1_mserd,5712,2434,1814,620,1126,1308,715,411,1099,209,67,305,401,417,4,3,1,1,0,.0199074800592351,-.0024041524719212,.1018487908738662,.9811675917119443,-.2020241144536505,.1972158095098082,.0033151354070343,.0033151354070343,.0054778299478466,.0054778299478466,237,172
named,national_full,National RUV universe,national_baseline,1,0,cd,treat_23,2023,drop_rounding_band,p2_mserd,5712,2434,1814,620,1126,1308,715,411,1099,209,67,305,401,417,4,3,1,1,0,-.010102325958,-.0220613324747694,.1237450330461445,.8585026534510738,-.2645971405109314,.2204744755613927,.0043615520659816,.0043615520659816,.0059783521493742,.0059783521493742,311,228
named,national_full,National RUV universe,national_baseline,1,0,cd,treat_23,2023,drop_sign_conflicts,p1_cerrd,5712,2433,1813,620,1126,1307,715,411,1098,209,67,305,401,417,4,3,1,1,0,.0259446870334106,.0159896298601903,.106077256504139,.8801842078699976,-.1919179724667393,.2238972321871198,.0023765138601916,.0023765138601916,.0054820534018924,.0054820534018924,160,126
named,national_full,National RUV universe,national_baseline,1,0,cd,treat_23,2023,drop_sign_conflicts,p1_mserd,5712,2433,1813,620,1126,1307,715,411,1098,209,67,305,401,417,4,3,1,1,0,.0202980713712644,-.0019305062921673,.101811510664011,.9848717609777587,-.2014774004052443,.1976163878209098,.0033233648079949,.0033233648079949,.0054820534018924,.0054820534018924,237,171
named,national_full,National RUV universe,national_baseline,1,0,cd,treat_23,2023,drop_sign_conflicts,p2_mserd,5712,2433,1813,620,1126,1307,715,411,1098,209,67,305,401,417,4,3,1,1,0,-.0100135312791085,-.0223546320729779,.1237283814723956,.8566226401006493,-.2648578036243061,.2201485394783502,.0043596312982744,.0043596312982744,.0059830876271575,.0059830876271575,311,227
named,national_full,National RUV universe,national_baseline,1,0,cd,treat_23,2023,score_as_recorded,p1_cerrd,5712,2437,1817,620,1129,1308,718,411,1099,209,68,305,402,417,4,3,1,1,0,.003887656138472,-.0059610022120331,.1037055303626978,.9541627734938639,-.2092201067205457,.1972981022964795,.0022762928709643,.0022762928709643,.0053252936579179,.0053252936579179,156,122
named,national_full,National RUV universe,national_baseline,1,0,cd,treat_23,2023,score_as_recorded,p1_mserd,5712,2437,1817,620,1129,1308,718,411,1099,209,68,305,402,417,4,3,1,1,0,.0057155497805401,-.0158502201216759,.0997439557093001,.8737405077097828,-.2113447809874623,.1796443407441105,.0031834082198452,.0031834082198452,.0053252936579179,.0053252936579179,239,170
named,national_full,National RUV universe,national_baseline,1,0,cd,treat_23,2023,score_as_recorded,p2_mserd,5712,2437,1817,620,1129,1308,718,411,1099,209,68,305,402,417,4,3,1,1,0,-.0256328050966634,-.036885636460771,.1187695818646249,.7561315861646641,-.2696697393743173,.1958984664527752,.0043287683234054,.0043287683234054,.0058390760670536,.0058390760670536,314,228
named,national_full,National RUV universe,national_baseline,1,0,de,treat_12,2012,drop_rounding_band,p1_cerrd,5712,1781,160,1621,722,1059,19,703,141,918,13,67,284,392,68,68,1,1,0,.0027359428064083,-.004181015624646,.0473001143182699,.9295640454532625,-.0968875361530822,.0885255049037902,.0011337417345182,.0011337417345182,.002905577413498,.002905577413498,98,77
named,national_full,National RUV universe,national_baseline,1,0,de,treat_12,2012,drop_rounding_band,p1_mserd,5712,1781,160,1621,722,1059,19,703,141,918,13,67,284,392,68,68,1,1,0,-.068960052727357,-.1035303006473183,.0650362996087571,.1114105781688148,-.2309991055682387,.0239385042736021,.0015704042744003,.0015704042744003,.002905577413498,.002905577413498,106,147
named,national_full,National RUV universe,national_baseline,1,0,de,treat_12,2012,drop_rounding_band,p2_mserd,5712,1781,160,1621,722,1059,19,703,141,918,13,67,284,392,68,68,1,1,0,-.0872048641941978,-.1004818561764432,.111650006145758,.3681352620223778,-.3193118470958045,.118348134742918,.0023629581439879,.0023629581439879,.0037566428542518,.0037566428542518,215,227
named,national_full,National RUV universe,national_baseline,1,0,de,treat_12,2012,drop_sign_conflicts,p1_cerrd,5712,1781,160,1621,722,1059,19,703,141,918,13,67,284,392,68,68,1,1,0,.0027359428064083,-.004181015624646,.0473001143182699,.9295640454532625,-.0968875361530822,.0885255049037902,.0011337417345182,.0011337417345182,.002905577413498,.002905577413498,98,77
named,national_full,National RUV universe,national_baseline,1,0,de,treat_12,2012,drop_sign_conflicts,p1_mserd,5712,1781,160,1621,722,1059,19,703,141,918,13,67,284,392,68,68,1,1,0,-.068960052727357,-.1035303006473183,.0650362996087571,.1114105781688148,-.2309991055682387,.0239385042736021,.0015704042744003,.0015704042744003,.002905577413498,.002905577413498,106,147
named,national_full,National RUV universe,national_baseline,1,0,de,treat_12,2012,drop_sign_conflicts,p2_mserd,5712,1781,160,1621,722,1059,19,703,141,918,13,67,284,392,68,68,1,1,0,-.0872048641941978,-.1004818561764432,.111650006145758,.3681352620223778,-.3193118470958045,.118348134742918,.0023629581439879,.0023629581439879,.0037566428542518,.0037566428542518,215,227
named,national_full,National RUV universe,national_baseline,1,0,de,treat_12,2012,score_as_recorded,p1_cerrd,5712,1849,164,1685,790,1059,23,767,141,918,14,67,297,392,68,68,1,1,0,-.0767482439238209,-.0775887062577638,.0376840177284743,.0395010676707626,-.1514480237983423,-.0037293887171854,.0025510752871998,.0025510752871998,.0059291565161864,.0059291565161864,283,273
named,national_full,National RUV universe,national_baseline,1,0,de,treat_12,2012,score_as_recorded,p1_mserd,5712,1849,164,1685,790,1059,23,767,141,918,14,67,297,392,68,68,1,1,0,-.0373266084192618,-.0396494475261508,.0349833226983624,.2570541183530995,-.1082155000744836,.028916605022182,.0035369932969314,.0035369932969314,.0059291565161864,.0059291565161864,399,380
named,national_full,National RUV universe,national_baseline,1,0,de,treat_12,2012,score_as_recorded,p2_mserd,5712,1849,164,1685,790,1059,23,767,141,918,14,67,297,392,68,68,1,1,0,-.1303536166832787,-.1489158428633671,.1128167210863772,.1868416145732499,-.370032553046567,.0722008673198327,.0020834972506519,.0020834972506519,.0036117550265361,.0036117550265361,272,227
named,national_full,National RUV universe,national_baseline,1,0,de,treat_16,2016,drop_rounding_band,p1_cerrd,5712,1781,171,1610,722,1059,21,701,150,909,13,67,284,392,68,68,1,1,0,.0030609157682817,-.0068815259458845,.0590392058042845,.9072098629202369,-.1225962429981302,.1088331911063611,.0010360347049994,.0010360347049994,.0027784951715684,.0027784951715684,96,77
named,national_full,National RUV universe,national_baseline,1,0,de,treat_16,2016,drop_rounding_band,p1_mserd,5712,1781,171,1610,722,1059,21,701,150,909,13,67,284,392,68,68,1,1,0,-.041456944462771,-.0883840522596856,.0645726940048056,.1710765763072193,-.2149442068938301,.0381761023744589,.0014350652177848,.0014350652177848,.0027784951715684,.0027784951715684,106,147
named,national_full,National RUV universe,national_baseline,1,0,de,treat_16,2016,drop_rounding_band,p2_mserd,5712,1781,171,1610,722,1059,21,701,150,909,13,67,284,392,68,68,1,1,0,-.1168746944442307,-.1497291806756796,.1202299900008519,.2130007933330744,-.3853756309389602,.0859172695876009,.0020793419212773,.0020793419212773,.0036614790236714,.0036614790236714,204,227
named,national_full,National RUV universe,national_baseline,1,0,de,treat_16,2016,drop_sign_conflicts,p1_cerrd,5712,1781,171,1610,722,1059,21,701,150,909,13,67,284,392,68,68,1,1,0,.0030609157682817,-.0068815259458845,.0590392058042845,.9072098629202369,-.1225962429981302,.1088331911063611,.0010360347049994,.0010360347049994,.0027784951715684,.0027784951715684,96,77
named,national_full,National RUV universe,national_baseline,1,0,de,treat_16,2016,drop_sign_conflicts,p1_mserd,5712,1781,171,1610,722,1059,21,701,150,909,13,67,284,392,68,68,1,1,0,-.041456944462771,-.0883840522596856,.0645726940048056,.1710765763072193,-.2149442068938301,.0381761023744589,.0014350652177848,.0014350652177848,.0027784951715684,.0027784951715684,106,147
named,national_full,National RUV universe,national_baseline,1,0,de,treat_16,2016,drop_sign_conflicts,p2_mserd,5712,1781,171,1610,722,1059,21,701,150,909,13,67,284,392,68,68,1,1,0,-.1168746944442307,-.1497291806756796,.1202299900008519,.2130007933330744,-.3853756309389602,.0859172695876009,.0020793419212773,.0020793419212773,.0036614790236714,.0036614790236714,204,227
named,national_full,National RUV universe,national_baseline,1,0,de,treat_16,2016,score_as_recorded,p1_cerrd,5712,1849,175,1674,790,1059,25,765,150,909,14,67,297,392,68,68,1,1,0,-.0898124051447497,-.0971521554288695,.0404264291019782,.0162529985995061,-.1763865004923086,-.0179178103654304,.0022366079622606,.0022366079622606,.0054327257386577,.0054327257386577,283,227
named,national_full,National RUV universe,national_baseline,1,0,de,treat_16,2016,score_as_recorded,p1_mserd,5712,1849,175,1674,790,1059,25,765,150,909,14,67,297,392,68,68,1,1,0,-.0473664338933553,-.0586168444897198,.0376108752644406,.1191129076839739,-.1323328054350517,.015099116455612,.0031009932988149,.0031009932988149,.0054327257386577,.0054327257386577,287,339
named,national_full,National RUV universe,national_baseline,1,0,de,treat_16,2016,score_as_recorded,p2_mserd,5712,1849,175,1674,790,1059,25,765,150,909,14,67,297,392,68,68,1,1,0,-.143595449956448,-.170141267570194,.114166564338919,.1361480504388831,-.3939036219131501,.0536210867727621,.0019760547541661,.0019760547541661,.0034208575078579,.0034208575078579,272,227
named,national_full,National RUV universe,national_baseline,1,0,de,treat_23,2023,drop_rounding_band,p1_cerrd,5712,1781,825,956,722,1059,141,581,684,375,13,67,284,392,68,68,1,1,0,.4314628216148115,.4366535635873809,.6318775035010575,.4895394757780945,-.8018035859157735,1.675110713090535,.0009721447631667,.0009721447631667,.0027887624342299,.0027887624342299,96,77
named,national_full,National RUV universe,national_baseline,1,0,de,treat_23,2023,drop_rounding_band,p1_mserd,5712,1781,825,956,722,1059,141,581,684,375,13,67,284,392,68,68,1,1,0,.660946532036224,.6718339308683277,.5125400365913504,.1899276826426911,-.3327260814855604,1.676393943222216,.0013465679571738,.0013465679571738,.0027887624342299,.0027887624342299,98,88
named,national_full,National RUV universe,national_baseline,1,0,de,treat_23,2023,drop_rounding_band,p2_mserd,5712,1781,825,956,722,1059,141,581,684,375,13,67,284,392,68,68,1,1,0,.5356165223559053,.5769031521123011,.510087739736772,.2580601095937303,-.4228504467272124,1.576656750951815,.0020933267206254,.0020933267206254,.0034279741641917,.0034279741641917,204,227
named,national_full,National RUV universe,national_baseline,1,0,de,treat_23,2023,drop_sign_conflicts,p1_cerrd,5712,1781,825,956,722,1059,141,581,684,375,13,67,284,392,68,68,1,1,0,.4314628216148115,.4366535635873809,.6318775035010575,.4895394757780945,-.8018035859157735,1.675110713090535,.0009721447631667,.0009721447631667,.0027887624342299,.0027887624342299,96,77
named,national_full,National RUV universe,national_baseline,1,0,de,treat_23,2023,drop_sign_conflicts,p1_mserd,5712,1781,825,956,722,1059,141,581,684,375,13,67,284,392,68,68,1,1,0,.660946532036224,.6718339308683277,.5125400365913504,.1899276826426911,-.3327260814855604,1.676393943222216,.0013465679571738,.0013465679571738,.0027887624342299,.0027887624342299,98,88
named,national_full,National RUV universe,national_baseline,1,0,de,treat_23,2023,drop_sign_conflicts,p2_mserd,5712,1781,825,956,722,1059,141,581,684,375,13,67,284,392,68,68,1,1,0,.5356165223559053,.5769031521123011,.510087739736772,.2580601095937303,-.4228504467272124,1.576656750951815,.0020933267206254,.0020933267206254,.0034279741641917,.0034279741641917,204,227
named,national_full,National RUV universe,national_baseline,1,0,de,treat_23,2023,score_as_recorded,p1_cerrd,5712,1849,857,992,790,1059,173,617,684,375,14,67,297,392,68,68,1,1,0,-.0425530598596736,-.0393267475111658,.182032595669895,.8289547460102373,-.3961040790365017,.3174505840141701,.0016322407360462,.0016322407360462,.0034241193646304,.0034241193646304,174,149
named,national_full,National RUV universe,national_baseline,1,0,de,treat_23,2023,score_as_recorded,p1_mserd,5712,1849,857,992,790,1059,173,617,684,375,14,67,297,392,68,68,1,1,0,-.0902782092347845,-.0800559408342126,.1601766704159001,.617217489106869,-.3939964460129191,.2338845643444938,.0022630553364463,.0022630553364463,.0034241193646304,.0034241193646304,283,227
named,national_full,National RUV universe,national_baseline,1,0,de,treat_23,2023,score_as_recorded,p2_mserd,5712,1849,857,992,790,1059,173,617,684,375,14,67,297,392,68,68,1,1,0,.0736250557438658,.0980957719632202,.6104733030341677,.8723390923938836,-1.098409915506955,1.294601459433395,.0018390810745598,.0018390810745598,.0029486933008059,.0029486933008059,272,150
named,vraem10_provinces,Official VRAEM ten-province study envelope,official_province_envelope,1,0,ab,treat_12,2012,drop_rounding_band,p1_cerrd,1454,826,460,366,405,421,198,207,262,159,325,374,75,55,0,4,1,1,0,-.2077472426521503,-.2438314686037382,.221336074615324,.2706205782914806,-.6776422033292433,.189979266121767,.0186767001629932,.0186767001629932,.0357532820014404,.0357532820014404,68,45
named,vraem10_provinces,Official VRAEM ten-province study envelope,official_province_envelope,1,0,ab,treat_12,2012,drop_rounding_band,p1_mserd,1454,826,460,366,405,421,198,207,262,159,325,374,75,55,0,4,1,1,0,-.1473677436487664,-.208579461107716,.2139381194882806,.3295839227609866,-.6278904702249726,.2107315480095406,.023823047368136,.023823047368136,.0357532820014404,.0357532820014404,85,52
named,vraem10_provinces,Official VRAEM ten-province study envelope,official_province_envelope,1,0,ab,treat_12,2012,drop_rounding_band,p2_mserd,1454,826,460,366,405,421,198,207,262,159,325,374,75,55,0,4,1,1,0,-.2608650973947686,-.2921340306274072,.2633354563066193,.2672745689467,-.8082620408408019,.2239939795859875,.0280030520481671,.0280030520481671,.0371659118510807,.0371659118510807,99,62
named,vraem10_provinces,Official VRAEM ten-province study envelope,official_province_envelope,1,0,ab,treat_12,2012,drop_sign_conflicts,p1_cerrd,1454,830,463,367,409,421,201,208,262,159,326,374,75,55,0,4,1,1,0,-.1965747269886494,-.2173002569448267,.2019686394778697,.2819671148756208,-.6131515163280058,.1785510024383524,.019241244307167,.019241244307167,.0358619240942215,.0358619240942215,74,45
named,vraem10_provinces,Official VRAEM ten-province study envelope,official_province_envelope,1,0,ab,treat_12,2012,drop_sign_conflicts,p1_mserd,1454,830,463,367,409,421,201,208,262,159,326,374,75,55,0,4,1,1,0,-.1615951311735246,-.2000167086623954,.1978169118280628,.3119588230217554,-.5877307313783338,.187697314053543,.0245431511215124,.0245431511215124,.0358619240942215,.0358619240942215,92,54
named,vraem10_provinces,Official VRAEM ten-province study envelope,official_province_envelope,1,0,ab,treat_12,2012,drop_sign_conflicts,p2_mserd,1454,830,463,367,409,421,201,208,262,159,326,374,75,55,0,4,1,1,0,-.2165986086379146,-.2166699185761973,.2480886012015415,.3824685163289328,-.7029146419061389,.2695748047537442,.0290672804689497,.0290672804689497,.0379026196899626,.0379026196899626,107,66
named,vraem10_provinces,Official VRAEM ten-province study envelope,official_province_envelope,1,0,ab,treat_12,2012,score_as_recorded,p1_cerrd,1454,830,463,367,409,421,201,208,262,159,326,374,75,55,0,4,1,1,0,-.1965747269886494,-.2173002569448267,.2019686394778697,.2819671148756208,-.6131515163280058,.1785510024383524,.019241244307167,.019241244307167,.0358619240942215,.0358619240942215,74,45
named,vraem10_provinces,Official VRAEM ten-province study envelope,official_province_envelope,1,0,ab,treat_12,2012,score_as_recorded,p1_mserd,1454,830,463,367,409,421,201,208,262,159,326,374,75,55,0,4,1,1,0,-.1615951311735246,-.2000167086623954,.1978169118280628,.3119588230217554,-.5877307313783338,.187697314053543,.0245431511215124,.0245431511215124,.0358619240942215,.0358619240942215,92,54
named,vraem10_provinces,Official VRAEM ten-province study envelope,official_province_envelope,1,0,ab,treat_12,2012,score_as_recorded,p2_mserd,1454,830,463,367,409,421,201,208,262,159,326,374,75,55,0,4,1,1,0,-.2165986086379146,-.2166699185761973,.2480886012015415,.3824685163289328,-.7029146419061389,.2695748047537442,.0290672804689497,.0290672804689497,.0379026196899626,.0379026196899626,107,66
named,vraem10_provinces,Official VRAEM ten-province study envelope,official_province_envelope,1,0,ab,treat_16,2016,drop_rounding_band,p1_cerrd,1454,826,560,266,405,421,224,181,336,85,325,374,75,55,0,4,1,1,0,-.3094582230195553,-.358979100652818,.1990676994578714,.0713408617283944,-.7491446220754894,.0311864207698534,.014861292607746,.014861292607746,.0319717310747507,.0319717310747507,51,41
named,vraem10_provinces,Official VRAEM ten-province study envelope,official_province_envelope,1,0,ab,treat_16,2016,drop_rounding_band,p1_mserd,1454,826,560,266,405,421,224,181,336,85,325,374,75,55,0,4,1,1,0,-.2444807438629097,-.3303506282974022,.1870653793174663,.0774019759309607,-.69699203451396,.0362907779191555,.0189563078411236,.0189563078411236,.0319717310747507,.0319717310747507,70,45
named,vraem10_provinces,Official VRAEM ten-province study envelope,official_province_envelope,1,0,ab,treat_16,2016,drop_rounding_band,p2_mserd,1454,826,560,266,405,421,224,181,336,85,325,374,75,55,0,4,1,1,0,-.3312416932401088,-.3789722451509636,.2184540648810544,.0827777501996081,-.8071343445942063,.0491898542922791,.0302313947260406,.0302313947260406,.0418682259840336,.0418682259840336,106,66
named,vraem10_provinces,Official VRAEM ten-province study envelope,official_province_envelope,1,0,ab,treat_16,2016,drop_sign_conflicts,p1_cerrd,1454,830,563,267,409,421,227,182,336,85,326,374,75,55,0,4,1,1,0,-.1879765787534284,-.2146475096470309,.1970950278969325,.2761292206671256,-.6009466658569358,.171651646562874,.0164046338327754,.0164046338327754,.0339340637307206,.0339340637307206,59,44
named,vraem10_provinces,Official VRAEM ten-province study envelope,official_province_envelope,1,0,ab,treat_16,2016,drop_sign_conflicts,p1_mserd,1454,830,563,267,409,421,227,182,336,85,326,374,75,55,0,4,1,1,0,-.1639303766210092,-.2160573775863392,.1858241463897086,.2449520222861762,-.5802660119680667,.1481512567953882,.020924915292558,.020924915292558,.0339340637307206,.0339340637307206,78,48
named,vraem10_provinces,Official VRAEM ten-province study envelope,official_province_envelope,1,0,ab,treat_16,2016,drop_sign_conflicts,p2_mserd,1454,830,563,267,409,421,227,182,336,85,326,374,75,55,0,4,1,1,0,-.2240189546078262,-.2458189352003233,.2226155715052024,.2694931011678617,-.6821374377483209,.1904995673476744,.0321290292316193,.0321290292316193,.0450772365559532,.0450772365559532,116,68
named,vraem10_provinces,Official VRAEM ten-province study envelope,official_province_envelope,1,0,ab,treat_16,2016,score_as_recorded,p1_cerrd,1454,830,563,267,409,421,227,182,336,85,326,374,75,55,0,4,1,1,0,-.1879765787534284,-.2146475096470309,.1970950278969325,.2761292206671256,-.6009466658569358,.171651646562874,.0164046338327754,.0164046338327754,.0339340637307206,.0339340637307206,59,44
named,vraem10_provinces,Official VRAEM ten-province study envelope,official_province_envelope,1,0,ab,treat_16,2016,score_as_recorded,p1_mserd,1454,830,563,267,409,421,227,182,336,85,326,374,75,55,0,4,1,1,0,-.1639303766210092,-.2160573775863392,.1858241463897086,.2449520222861762,-.5802660119680667,.1481512567953882,.020924915292558,.020924915292558,.0339340637307206,.0339340637307206,78,48
named,vraem10_provinces,Official VRAEM ten-province study envelope,official_province_envelope,1,0,ab,treat_16,2016,score_as_recorded,p2_mserd,1454,830,563,267,409,421,227,182,336,85,326,374,75,55,0,4,1,1,0,-.2240189546078262,-.2458189352003233,.2226155715052024,.2694931011678617,-.6821374377483209,.1904995673476744,.0321290292316193,.0321290292316193,.0450772365559532,.0450772365559532,116,68
named,vraem10_provinces,Official VRAEM ten-province study envelope,official_province_envelope,1,0,ab,treat_23,2023,drop_rounding_band,p1_cerrd,1454,826,732,94,405,421,349,56,383,38,325,374,75,55,0,4,1,1,0,.0239915182233799,.0382793679242681,.1083082709022098,.7237662663290347,-.1740009422718705,.2505596781204067,.0346411221422966,.0346411221422966,.0583001783893151,.0583001783893151,123,71
named,vraem10_provinces,Official VRAEM ten-province study envelope,official_province_envelope,1,0,ab,treat_23,2023,drop_rounding_band,p1_mserd,1454,826,732,94,405,421,349,56,383,38,325,374,75,55,0,4,1,1,0,.0150235405903889,.0366618413830375,.1074109432542145,.7328603228178101,-.1738597389406984,.2471834217067734,.0441864508440586,.0441864508440586,.0583001783893151,.0583001783893151,166,89
named,vraem10_provinces,Official VRAEM ten-province study envelope,official_province_envelope,1,0,ab,treat_23,2023,drop_rounding_band,p2_mserd,1454,826,732,94,405,421,349,56,383,38,325,374,75,55,0,4,1,1,0,.0110573312877245,-.0222953327971687,.0903027781818733,.8049892427782643,-.1992855257375498,.1546948601432124,.0383439633134436,.0383439633134436,.0473057760949897,.0473057760949897,141,75
named,vraem10_provinces,Official VRAEM ten-province study envelope,official_province_envelope,1,0,ab,treat_23,2023,drop_sign_conflicts,p1_cerrd,1454,830,735,95,409,421,352,57,383,38,326,374,75,55,0,4,1,1,0,.0535270262542316,.0728053672440037,.1076794981126784,.4989579448172499,-.1382425709301947,.283853305418202,.0340799326962164,.0340799326962164,.0631641240585439,.0631641240585439,124,71
named,vraem10_provinces,Official VRAEM ten-province study envelope,official_province_envelope,1,0,ab,treat_23,2023,drop_sign_conflicts,p1_mserd,1454,830,735,95,409,421,352,57,383,38,326,374,75,55,0,4,1,1,0,.0368768879266534,.0677949538011713,.1054471692836703,.5202707205618059,-.1388777002665207,.2744676078688633,.0434706261726877,.0434706261726877,.0631641240585439,.0631641240585439,169,87
named,vraem10_provinces,Official VRAEM ten-province study envelope,official_province_envelope,1,0,ab,treat_23,2023,drop_sign_conflicts,p2_mserd,1454,830,735,95,409,421,352,57,383,38,326,374,75,55,0,4,1,1,0,.0711213299809601,.0761794923487709,.1042905822034177,.4651126071434444,-.1282262926966416,.2805852773941833,.0456327660155741,.0456327660155741,.0546489808433266,.0546489808433266,176,92
named,vraem10_provinces,Official VRAEM ten-province study envelope,official_province_envelope,1,0,ab,treat_23,2023,score_as_recorded,p1_cerrd,1454,830,735,95,409,421,352,57,383,38,326,374,75,55,0,4,1,1,0,.0535270262542316,.0728053672440037,.1076794981126784,.4989579448172499,-.1382425709301947,.283853305418202,.0340799326962164,.0340799326962164,.0631641240585439,.0631641240585439,124,71
named,vraem10_provinces,Official VRAEM ten-province study envelope,official_province_envelope,1,0,ab,treat_23,2023,score_as_recorded,p1_mserd,1454,830,735,95,409,421,352,57,383,38,326,374,75,55,0,4,1,1,0,.0368768879266534,.0677949538011713,.1054471692836703,.5202707205618059,-.1388777002665207,.2744676078688633,.0434706261726877,.0434706261726877,.0631641240585439,.0631641240585439,169,87
named,vraem10_provinces,Official VRAEM ten-province study envelope,official_province_envelope,1,0,ab,treat_23,2023,score_as_recorded,p2_mserd,1454,830,735,95,409,421,352,57,383,38,326,374,75,55,0,4,1,1,0,.0711213299809601,.0761794923487709,.1042905822034177,.4651126071434444,-.1282262926966416,.2805852773941833,.0456327660155741,.0456327660155741,.0546489808433266,.0546489808433266,176,92
named,vraem10_provinces,Official VRAEM ten-province study envelope,official_province_envelope,1,0,bc,treat_12,2012,drop_rounding_band,p1_cerrd,1454,703,303,400,294,409,102,192,201,208,161,326,72,75,0,2,1,1,0,-.1288714805917065,-.1638291215009301,.2386922791049925,.4924853589359224,-.6316573919344978,.3039991489326376,.0087530502461819,.0087530502461819,.0198028680904935,.0198028680904935,45,48
named,vraem10_provinces,Official VRAEM ten-province study envelope,official_province_envelope,1,0,bc,treat_12,2012,drop_rounding_band,p1_mserd,1454,703,303,400,294,409,102,192,201,208,161,326,72,75,0,2,1,1,0,-.0874038346701491,-.1420524930626177,.2182057601161777,.515044879843111,-.5697279241095123,.285622937984277,.011233763801063,.011233763801063,.0198028680904935,.0198028680904935,53,66
named,vraem10_provinces,Official VRAEM ten-province study envelope,official_province_envelope,1,0,bc,treat_12,2012,drop_rounding_band,p2_mserd,1454,703,303,400,294,409,102,192,201,208,161,326,72,75,0,2,1,1,0,-.149592444176982,-.1762348923570303,.2582431462061585,.4949621416654292,-.6823821581754124,.3299123734613518,.0167265926530073,.0167265926530073,.0241972470962116,.0241972470962116,85,96
named,vraem10_provinces,Official VRAEM ten-province study envelope,official_province_envelope,1,0,bc,treat_12,2012,drop_sign_conflicts,p1_cerrd,1454,705,304,401,296,409,103,193,201,208,162,326,72,75,0,2,1,1,0,-.1953933257202464,-.2272617467885508,.2300892820272204,.3232941376894918,-.6782284527905817,.2237049592134802,.0084036990566991,.0084036990566991,.0183761779064858,.0183761779064858,44,46
named,vraem10_provinces,Official VRAEM ten-province study envelope,official_province_envelope,1,0,bc,treat_12,2012,drop_sign_conflicts,p1_mserd,1454,705,304,401,296,409,103,193,201,208,162,326,72,75,0,2,1,1,0,-.1331873617870599,-.185581668629491,.2144006837143546,.3867186726912457,-.6057992869703892,.2346359497114073,.0107854025286046,.0107854025286046,.0183761779064858,.0183761779064858,55,63
named,vraem10_provinces,Official VRAEM ten-province study envelope,official_province_envelope,1,0,bc,treat_12,2012,drop_sign_conflicts,p2_mserd,1454,705,304,401,296,409,103,193,201,208,162,326,72,75,0,2,1,1,0,-.1598501384321789,-.1831841158790195,.2289955111727383,.4237419005875567,-.632007070398926,.2656388386408871,.0183721427981882,.0183721427981882,.0255143426123288,.0255143426123288,107,107
named,vraem10_provinces,Official VRAEM ten-province study envelope,official_province_envelope,1,0,bc,treat_12,2012,score_as_recorded,p1_cerrd,1454,705,304,401,296,409,103,193,201,208,162,326,72,75,0,2,1,1,0,-.1953933257202464,-.2272617467885508,.2300892820272204,.3232941376894918,-.6782284527905817,.2237049592134802,.0084036990566991,.0084036990566991,.0183761779064858,.0183761779064858,44,46
named,vraem10_provinces,Official VRAEM ten-province study envelope,official_province_envelope,1,0,bc,treat_12,2012,score_as_recorded,p1_mserd,1454,705,304,401,296,409,103,193,201,208,162,326,72,75,0,2,1,1,0,-.1331873617870599,-.185581668629491,.2144006837143546,.3867186726912457,-.6057992869703892,.2346359497114073,.0107854025286046,.0107854025286046,.0183761779064858,.0183761779064858,55,63
named,vraem10_provinces,Official VRAEM ten-province study envelope,official_province_envelope,1,0,bc,treat_12,2012,score_as_recorded,p2_mserd,1454,705,304,401,296,409,103,193,201,208,162,326,72,75,0,2,1,1,0,-.1598501384321789,-.1831841158790195,.2289955111727383,.4237419005875567,-.632007070398926,.2656388386408871,.0183721427981882,.0183721427981882,.0255143426123288,.0255143426123288,107,107
named,vraem10_provinces,Official VRAEM ten-province study envelope,official_province_envelope,1,0,bc,treat_16,2016,drop_rounding_band,p1_cerrd,1454,703,331,372,294,409,104,190,227,182,161,326,72,75,0,2,1,1,0,.0360034440810425,.0034017354946749,.2565680801614632,.9894214716424941,-.4994624612043783,.5062659321937282,.009122184301963,.009122184301963,.0205988965836253,.0205988965836253,46,53
named,vraem10_provinces,Official VRAEM ten-province study envelope,official_province_envelope,1,0,bc,treat_16,2016,drop_rounding_band,p1_mserd,1454,703,331,372,294,409,104,190,227,182,161,326,72,75,0,2,1,1,0,.0372842601995637,-.0118775448682787,.2294070151619012,.9587079875434932,-.461507032386439,.4377519426498815,.0117075146281397,.0117075146281397,.0205988965836253,.0205988965836253,54,66
named,vraem10_provinces,Official VRAEM ten-province study envelope,official_province_envelope,1,0,bc,treat_16,2016,drop_rounding_band,p2_mserd,1454,703,331,372,294,409,104,190,227,182,161,326,72,75,0,2,1,1,0,-.0092634411314514,-.0299472188273104,.2830657813575572,.9157442345589933,-.5847459555438118,.5248515178891909,.0170745309605789,.0170745309605789,.0245196019300952,.0245196019300952,89,97
named,vraem10_provinces,Official VRAEM ten-province study envelope,official_province_envelope,1,0,bc,treat_16,2016,drop_sign_conflicts,p1_cerrd,1454,705,332,373,296,409,105,191,227,182,162,326,72,75,0,2,1,1,0,-.007810930826857,-.0395436103664542,.2457924385388922,.8721862393382309,-.5212879375749576,.4422007168420493,.0090581367402209,.0090581367402209,.0200630684752462,.0200630684752462,48,53
named,vraem10_provinces,Official VRAEM ten-province study envelope,official_province_envelope,1,0,bc,treat_16,2016,drop_sign_conflicts,p1_mserd,1454,705,332,373,296,409,105,191,227,182,162,326,72,75,0,2,1,1,0,-.0012305173542198,-.0506068383885765,.2220723128010236,.8197360314445995,-.4858605734420959,.384646896664943,.0116253152621577,.0116253152621577,.0200630684752462,.0200630684752462,56,66
named,vraem10_provinces,Official VRAEM ten-province study envelope,official_province_envelope,1,0,bc,treat_16,2016,drop_sign_conflicts,p2_mserd,1454,705,332,373,296,409,105,191,227,182,162,326,72,75,0,2,1,1,0,-.0330759569085723,-.0506178761880856,.2523483486651381,.8410212823405143,-.5452115511299124,.4439757987537413,.0188863972712581,.0188863972712581,.0262162391108006,.0262162391108006,110,112
named,vraem10_provinces,Official VRAEM ten-province study envelope,official_province_envelope,1,0,bc,treat_16,2016,score_as_recorded,p1_cerrd,1454,705,332,373,296,409,105,191,227,182,162,326,72,75,0,2,1,1,0,-.007810930826857,-.0395436103664542,.2457924385388922,.8721862393382309,-.5212879375749576,.4422007168420493,.0090581367402209,.0090581367402209,.0200630684752462,.0200630684752462,48,53
named,vraem10_provinces,Official VRAEM ten-province study envelope,official_province_envelope,1,0,bc,treat_16,2016,score_as_recorded,p1_mserd,1454,705,332,373,296,409,105,191,227,182,162,326,72,75,0,2,1,1,0,-.0012305173542198,-.0506068383885765,.2220723128010236,.8197360314445995,-.4858605734420959,.384646896664943,.0116253152621577,.0116253152621577,.0200630684752462,.0200630684752462,56,66
named,vraem10_provinces,Official VRAEM ten-province study envelope,official_province_envelope,1,0,bc,treat_16,2016,score_as_recorded,p2_mserd,1454,705,332,373,296,409,105,191,227,182,162,326,72,75,0,2,1,1,0,-.0330759569085723,-.0506178761880856,.2523483486651381,.8410212823405143,-.5452115511299124,.4439757987537413,.0188863972712581,.0188863972712581,.0262162391108006,.0262162391108006,110,112
named,vraem10_provinces,Official VRAEM ten-province study envelope,official_province_envelope,1,0,bc,treat_23,2023,drop_rounding_band,p1_cerrd,1454,703,595,108,294,409,243,51,352,57,161,326,72,75,0,2,1,1,0,-.0473226084141096,-.0690098226432492,.177181268657924,.6969158342260431,-.4162787279478956,.2782590826613972,.0078183138223877,.0078183138223877,.0158512319595603,.0158512319595603,38,41
named,vraem10_provinces,Official VRAEM ten-province study envelope,official_province_envelope,1,0,bc,treat_23,2023,drop_rounding_band,p1_mserd,1454,703,595,108,294,409,243,51,352,57,161,326,72,75,0,2,1,1,0,-.0613436033303525,-.096467021335737,.169747842741817,.569833989458479,-.4291666795630671,.2362326368915931,.0100341124902831,.0100341124902831,.0158512319595603,.0158512319595603,50,59
named,vraem10_provinces,Official VRAEM ten-province study envelope,official_province_envelope,1,0,bc,treat_23,2023,drop_rounding_band,p2_mserd,1454,703,595,108,294,409,243,51,352,57,161,326,72,75,0,2,1,1,0,-.0738417180434716,-.0974988948888615,.1801285398745074,.5883187400940431,-.450544345630683,.2555465558529599,.017104599845084,.017104599845084,.0246302920530164,.0246302920530164,89,97
named,vraem10_provinces,Official VRAEM ten-province study envelope,official_province_envelope,1,0,bc,treat_23,2023,drop_sign_conflicts,p1_cerrd,1454,705,597,108,296,409,245,51,352,57,162,326,72,75,0,2,1,1,0,-.0598328053937864,-.076848916439701,.1644643998127668,.6403082990665443,-.39919321681172,.2454953839323179,.0080663216233765,.0080663216233765,.0160047982663348,.0160047982663348,42,42
named,vraem10_provinces,Official VRAEM ten-province study envelope,official_province_envelope,1,0,bc,treat_23,2023,drop_sign_conflicts,p1_mserd,1454,705,597,108,296,409,245,51,352,57,162,326,72,75,0,2,1,1,0,-.076570650735611,-.1061756362777309,.154434166151334,.4917589428502605,-.4088610399168202,.1965097673613585,.0103524085103869,.0103524085103869,.0160047982663348,.0160047982663348,55,62
named,vraem10_provinces,Official VRAEM ten-province study envelope,official_province_envelope,1,0,bc,treat_23,2023,drop_sign_conflicts,p2_mserd,1454,705,597,108,296,409,245,51,352,57,162,326,72,75,0,2,1,1,0,-.0769452793363863,-.095967020552,.1663850671194847,.5640903494989946,-.4220757596714695,.2301417185674695,.0174107120232135,.0174107120232135,.024522263161711,.024522263161711,92,100
named,vraem10_provinces,Official VRAEM ten-province study envelope,official_province_envelope,1,0,bc,treat_23,2023,score_as_recorded,p1_cerrd,1454,705,597,108,296,409,245,51,352,57,162,326,72,75,0,2,1,1,0,-.0598328053937864,-.076848916439701,.1644643998127668,.6403082990665443,-.39919321681172,.2454953839323179,.0080663216233765,.0080663216233765,.0160047982663348,.0160047982663348,42,42
named,vraem10_provinces,Official VRAEM ten-province study envelope,official_province_envelope,1,0,bc,treat_23,2023,score_as_recorded,p1_mserd,1454,705,597,108,296,409,245,51,352,57,162,326,72,75,0,2,1,1,0,-.076570650735611,-.1061756362777309,.154434166151334,.4917589428502605,-.4088610399168202,.1965097673613585,.0103524085103869,.0103524085103869,.0160047982663348,.0160047982663348,55,62
named,vraem10_provinces,Official VRAEM ten-province study envelope,official_province_envelope,1,0,bc,treat_23,2023,score_as_recorded,p2_mserd,1454,705,597,108,296,409,245,51,352,57,162,326,72,75,0,2,1,1,0,-.0769452793363863,-.095967020552,.1663850671194847,.5640903494989946,-.4220757596714695,.2301417185674695,.0174107120232135,.0174107120232135,.024522263161711,.024522263161711,92,100
named,vraem10_provinces,Official VRAEM ten-province study envelope,official_province_envelope,1,0,cd,treat_12,2012,drop_rounding_band,p1_cerrd,1454,513,144,369,217,296,41,176,103,193,47,162,71,72,0,0,1,1,0,-.2655656385011746,-.2628946807394383,.2410730020079627,.2754846036584285,-.7353890823199973,.2095997208411206,.0033843818541226,.0033843818541226,.0064942151214193,.0064942151214193,44,39
named,vraem10_provinces,Official VRAEM ten-province study envelope,official_province_envelope,1,0,cd,treat_12,2012,drop_rounding_band,p1_mserd,1454,513,144,369,217,296,41,176,103,193,47,162,71,72,0,0,1,1,0,-.2866312379116021,-.2811897073916236,.2180440907558479,.1971894993334677,-.7085482723148684,.1461688575316212,.0043375666360961,.0043375666360961,.0064942151214193,.0064942151214193,69,49
named,vraem10_provinces,Official VRAEM ten-province study envelope,official_province_envelope,1,0,cd,treat_12,2012,drop_rounding_band,p2_mserd,1454,513,144,369,217,296,41,176,103,193,47,162,71,72,0,0,1,1,0,-.1611171157785452,-.1067921225030199,.3335696737443991,.7488550980385473,-.7605766693768181,.5469924243707782,.004242329202941,.004242329202941,.0060964710549285,.0060964710549285,69,47
named,vraem10_provinces,Official VRAEM ten-province study envelope,official_province_envelope,1,0,cd,treat_12,2012,drop_sign_conflicts,p1_cerrd,1454,513,144,369,217,296,41,176,103,193,47,162,71,72,0,0,1,1,0,-.2655656385011746,-.2628946807394383,.2410730020079627,.2754846036584285,-.7353890823199973,.2095997208411206,.0033843818541226,.0033843818541226,.0064942151214193,.0064942151214193,44,39
named,vraem10_provinces,Official VRAEM ten-province study envelope,official_province_envelope,1,0,cd,treat_12,2012,drop_sign_conflicts,p1_mserd,1454,513,144,369,217,296,41,176,103,193,47,162,71,72,0,0,1,1,0,-.2866312379116021,-.2811897073916236,.2180440907558479,.1971894993334677,-.7085482723148684,.1461688575316212,.0043375666360961,.0043375666360961,.0064942151214193,.0064942151214193,69,49
named,vraem10_provinces,Official VRAEM ten-province study envelope,official_province_envelope,1,0,cd,treat_12,2012,drop_sign_conflicts,p2_mserd,1454,513,144,369,217,296,41,176,103,193,47,162,71,72,0,0,1,1,0,-.1611171157785452,-.1067921225030199,.3335696737443991,.7488550980385473,-.7605766693768181,.5469924243707782,.004242329202941,.004242329202941,.0060964710549285,.0060964710549285,69,47
named,vraem10_provinces,Official VRAEM ten-province study envelope,official_province_envelope,1,0,cd,treat_12,2012,score_as_recorded,p1_cerrd,1454,513,144,369,217,296,41,176,103,193,47,162,71,72,0,0,1,1,0,-.2655656385011746,-.2628946807394383,.2410730020079627,.2754846036584285,-.7353890823199973,.2095997208411206,.0033843818541226,.0033843818541226,.0064942151214193,.0064942151214193,44,39
named,vraem10_provinces,Official VRAEM ten-province study envelope,official_province_envelope,1,0,cd,treat_12,2012,score_as_recorded,p1_mserd,1454,513,144,369,217,296,41,176,103,193,47,162,71,72,0,0,1,1,0,-.2866312379116021,-.2811897073916236,.2180440907558479,.1971894993334677,-.7085482723148684,.1461688575316212,.0043375666360961,.0043375666360961,.0064942151214193,.0064942151214193,69,49
named,vraem10_provinces,Official VRAEM ten-province study envelope,official_province_envelope,1,0,cd,treat_12,2012,score_as_recorded,p2_mserd,1454,513,144,369,217,296,41,176,103,193,47,162,71,72,0,0,1,1,0,-.1611171157785452,-.1067921225030199,.3335696737443991,.7488550980385473,-.7605766693768181,.5469924243707782,.004242329202941,.004242329202941,.0060964710549285,.0060964710549285,69,47
named,vraem10_provinces,Official VRAEM ten-province study envelope,official_province_envelope,1,0,cd,treat_16,2016,drop_rounding_band,p1_cerrd,1454,513,146,367,217,296,41,176,105,191,47,162,71,72,0,0,1,1,0,-.265215032505341,-.2625805716605873,.2413553032494054,.2766207125286189,-.7356282735071649,.2104671301859903,.0033785544705136,.0033785544705136,.0064813199138539,.0064813199138539,44,39
named,vraem10_provinces,Official VRAEM ten-province study envelope,official_province_envelope,1,0,cd,treat_16,2016,drop_rounding_band,p1_mserd,1454,513,146,367,217,296,41,176,105,191,47,162,71,72,0,0,1,1,0,-.2862531653804739,-.2808549443768437,.2182345809789386,.1981149898929612,-.7085868632767532,.1468769745230659,.0043300980152938,.0043300980152938,.0064813199138539,.0064813199138539,69,49
named,vraem10_provinces,Official VRAEM ten-province study envelope,official_province_envelope,1,0,cd,treat_16,2016,drop_rounding_band,p2_mserd,1454,513,146,367,217,296,41,176,105,191,47,162,71,72,0,0,1,1,0,-.1609312567614349,-.1063951696039396,.3336983516606727,.7498506006293194,-.7604319205592396,.5476415813513604,.0042379426974588,.0042379426974588,.0060893673938446,.0060893673938446,69,47
named,vraem10_provinces,Official VRAEM ten-province study envelope,official_province_envelope,1,0,cd,treat_16,2016,drop_sign_conflicts,p1_cerrd,1454,513,146,367,217,296,41,176,105,191,47,162,71,72,0,0,1,1,0,-.265215032505341,-.2625805716605873,.2413553032494054,.2766207125286189,-.7356282735071649,.2104671301859903,.0033785544705136,.0033785544705136,.0064813199138539,.0064813199138539,44,39
named,vraem10_provinces,Official VRAEM ten-province study envelope,official_province_envelope,1,0,cd,treat_16,2016,drop_sign_conflicts,p1_mserd,1454,513,146,367,217,296,41,176,105,191,47,162,71,72,0,0,1,1,0,-.2862531653804739,-.2808549443768437,.2182345809789386,.1981149898929612,-.7085868632767532,.1468769745230659,.0043300980152938,.0043300980152938,.0064813199138539,.0064813199138539,69,49
named,vraem10_provinces,Official VRAEM ten-province study envelope,official_province_envelope,1,0,cd,treat_16,2016,drop_sign_conflicts,p2_mserd,1454,513,146,367,217,296,41,176,105,191,47,162,71,72,0,0,1,1,0,-.1609312567614349,-.1063951696039396,.3336983516606727,.7498506006293194,-.7604319205592396,.5476415813513604,.0042379426974588,.0042379426974588,.0060893673938446,.0060893673938446,69,47
named,vraem10_provinces,Official VRAEM ten-province study envelope,official_province_envelope,1,0,cd,treat_16,2016,score_as_recorded,p1_cerrd,1454,513,146,367,217,296,41,176,105,191,47,162,71,72,0,0,1,1,0,-.265215032505341,-.2625805716605873,.2413553032494054,.2766207125286189,-.7356282735071649,.2104671301859903,.0033785544705136,.0033785544705136,.0064813199138539,.0064813199138539,44,39
named,vraem10_provinces,Official VRAEM ten-province study envelope,official_province_envelope,1,0,cd,treat_16,2016,score_as_recorded,p1_mserd,1454,513,146,367,217,296,41,176,105,191,47,162,71,72,0,0,1,1,0,-.2862531653804739,-.2808549443768437,.2182345809789386,.1981149898929612,-.7085868632767532,.1468769745230659,.0043300980152938,.0043300980152938,.0064813199138539,.0064813199138539,69,49
named,vraem10_provinces,Official VRAEM ten-province study envelope,official_province_envelope,1,0,cd,treat_16,2016,score_as_recorded,p2_mserd,1454,513,146,367,217,296,41,176,105,191,47,162,71,72,0,0,1,1,0,-.1609312567614349,-.1063951696039396,.3336983516606727,.7498506006293194,-.7604319205592396,.5476415813513604,.0042379426974588,.0042379426974588,.0060893673938446,.0060893673938446,69,47
named,vraem10_provinces,Official VRAEM ten-province study envelope,official_province_envelope,1,0,cd,treat_23,2023,drop_rounding_band,p1_cerrd,1454,513,392,121,217,296,147,70,245,51,47,162,71,72,0,0,1,1,0,.1632959688593778,.1964921106788204,.1994457463907808,.3245303680756292,-.1944143691168194,.5873985904744603,.0036578367712414,.0036578367712414,.0078887882520399,.0078887882520399,57,44
named,vraem10_provinces,Official VRAEM ten-province study envelope,official_province_envelope,1,0,cd,treat_23,2023,drop_rounding_band,p1_mserd,1454,513,392,121,217,296,147,70,245,51,47,162,71,72,0,0,1,1,0,.1278940975371794,.1830410598924321,.1827881747849168,.3166414441838158,-.1752171794858172,.5412992992706814,.0046880380001728,.0046880380001728,.0078887882520399,.0078887882520399,78,54
named,vraem10_provinces,Official VRAEM ten-province study envelope,official_province_envelope,1,0,cd,treat_23,2023,drop_rounding_band,p2_mserd,1454,513,392,121,217,296,147,70,245,51,47,162,71,72,0,0,1,1,0,.2129441048335421,.2386506632877485,.2549733622387654,.3492820803659779,-.2610879437173166,.7383892702928136,.0055469948476045,.0055469948476045,.007712038389496,.007712038389496,99,67
named,vraem10_provinces,Official VRAEM ten-province study envelope,official_province_envelope,1,0,cd,treat_23,2023,drop_sign_conflicts,p1_cerrd,1454,513,392,121,217,296,147,70,245,51,47,162,71,72,0,0,1,1,0,.1632959688593778,.1964921106788204,.1994457463907808,.3245303680756292,-.1944143691168194,.5873985904744603,.0036578367712414,.0036578367712414,.0078887882520399,.0078887882520399,57,44
named,vraem10_provinces,Official VRAEM ten-province study envelope,official_province_envelope,1,0,cd,treat_23,2023,drop_sign_conflicts,p1_mserd,1454,513,392,121,217,296,147,70,245,51,47,162,71,72,0,0,1,1,0,.1278940975371794,.1830410598924321,.1827881747849168,.3166414441838158,-.1752171794858172,.5412992992706814,.0046880380001728,.0046880380001728,.0078887882520399,.0078887882520399,78,54
named,vraem10_provinces,Official VRAEM ten-province study envelope,official_province_envelope,1,0,cd,treat_23,2023,drop_sign_conflicts,p2_mserd,1454,513,392,121,217,296,147,70,245,51,47,162,71,72,0,0,1,1,0,.2129441048335421,.2386506632877485,.2549733622387654,.3492820803659779,-.2610879437173166,.7383892702928136,.0055469948476045,.0055469948476045,.007712038389496,.007712038389496,99,67
named,vraem10_provinces,Official VRAEM ten-province study envelope,official_province_envelope,1,0,cd,treat_23,2023,score_as_recorded,p1_cerrd,1454,513,392,121,217,296,147,70,245,51,47,162,71,72,0,0,1,1,0,.1632959688593778,.1964921106788204,.1994457463907808,.3245303680756292,-.1944143691168194,.5873985904744603,.0036578367712414,.0036578367712414,.0078887882520399,.0078887882520399,57,44
named,vraem10_provinces,Official VRAEM ten-province study envelope,official_province_envelope,1,0,cd,treat_23,2023,score_as_recorded,p1_mserd,1454,513,392,121,217,296,147,70,245,51,47,162,71,72,0,0,1,1,0,.1278940975371794,.1830410598924321,.1827881747849168,.3166414441838158,-.1752171794858172,.5412992992706814,.0046880380001728,.0046880380001728,.0078887882520399,.0078887882520399,78,54
named,vraem10_provinces,Official VRAEM ten-province study envelope,official_province_envelope,1,0,cd,treat_23,2023,score_as_recorded,p2_mserd,1454,513,392,121,217,296,147,70,245,51,47,162,71,72,0,0,1,1,0,.2129441048335421,.2386506632877485,.2549733622387654,.3492820803659779,-.2610879437173166,.7383892702928136,.0055469948476045,.0055469948476045,.007712038389496,.007712038389496,99,67
named,vraem10_provinces,Official VRAEM ten-province study envelope,official_province_envelope,1,0,de,treat_12,2012,drop_rounding_band,p1_cerrd,1454,316,47,269,111,205,8,103,39,166,11,46,48,70,12,12,1,1,0,-.0871447545846746,-.1633610425229618,.1854982322706845,.378501378835828,-.5269308969693489,.2002088119234254,.0014433789679252,.0014433789679252,.0032731320285722,.0032731320285722,20,25
named,vraem10_provinces,Official VRAEM ten-province study envelope,official_province_envelope,1,0,de,treat_12,2012,drop_rounding_band,p1_mserd,1454,316,47,269,111,205,8,103,39,166,11,46,48,70,12,12,1,1,0,-.1799308018597794,-.2388505588185539,.1966023128919528,.2244073208940484,-.6241840113640561,.1464828937269483,.0018322067259653,.0018322067259653,.0032731320285722,.0032731320285722,35,25
named,vraem10_provinces,Official VRAEM ten-province study envelope,official_province_envelope,1,0,de,treat_12,2012,drop_rounding_band,p2_mserd,1454,316,47,269,111,205,8,103,39,166,11,46,48,70,12,12,1,1,0,-.2174172973995088,-.2770385216162419,.3388707601942818,.4136230685331974,-.9412130070107434,.3871359637782597,.0022285184069086,.0022285184069086,.0038746965225877,.0038746965225877,37,36
named,vraem10_provinces,Official VRAEM ten-province study envelope,official_province_envelope,1,0,de,treat_12,2012,drop_sign_conflicts,p1_cerrd,1454,316,47,269,111,205,8,103,39,166,11,46,48,70,12,12,1,1,0,-.0871447545846746,-.1633610425229618,.1854982322706845,.378501378835828,-.5269308969693489,.2002088119234254,.0014433789679252,.0014433789679252,.0032731320285722,.0032731320285722,20,25
named,vraem10_provinces,Official VRAEM ten-province study envelope,official_province_envelope,1,0,de,treat_12,2012,drop_sign_conflicts,p1_mserd,1454,316,47,269,111,205,8,103,39,166,11,46,48,70,12,12,1,1,0,-.1799308018597794,-.2388505588185539,.1966023128919528,.2244073208940484,-.6241840113640561,.1464828937269483,.0018322067259653,.0018322067259653,.0032731320285722,.0032731320285722,35,25
named,vraem10_provinces,Official VRAEM ten-province study envelope,official_province_envelope,1,0,de,treat_12,2012,drop_sign_conflicts,p2_mserd,1454,316,47,269,111,205,8,103,39,166,11,46,48,70,12,12,1,1,0,-.2174172973995088,-.2770385216162419,.3388707601942818,.4136230685331974,-.9412130070107434,.3871359637782597,.0022285184069086,.0022285184069086,.0038746965225877,.0038746965225877,37,36
named,vraem10_provinces,Official VRAEM ten-province study envelope,official_province_envelope,1,0,de,treat_12,2012,score_as_recorded,p1_cerrd,1454,328,49,279,123,205,10,113,39,166,12,46,51,70,12,12,1,1,0,-.309978933607743,-.3863394698740973,.1672787679204573,.0209128182836585,-.7141998303764276,-.0584791093717669,.0015376467800239,.0015376467800239,.003870598352916,.003870598352916,32,25
named,vraem10_provinces,Official VRAEM ten-province study envelope,official_province_envelope,1,0,de,treat_12,2012,score_as_recorded,p1_mserd,1454,328,49,279,123,205,10,113,39,166,12,46,51,70,12,12,1,1,0,-.3031196236704196,-.4000840617321333,.1622868320498693,.0136902498527799,-.7181604077149775,-.0820077157492891,.0019543207880975,.0019543207880975,.003870598352916,.003870598352916,47,36
named,vraem10_provinces,Official VRAEM ten-province study envelope,official_province_envelope,1,0,de,treat_12,2012,score_as_recorded,p2_mserd,1454,328,49,279,123,205,10,113,39,166,12,46,51,70,12,12,1,1,0,-.3298082423604966,-.3441783940573928,.3420844789173446,.3143573454679781,-1.01465165240554,.3262948642907538,.0020358893271504,.0020358893271504,.0031641021608268,.0031641021608268,47,36
named,vraem10_provinces,Official VRAEM ten-province study envelope,official_province_envelope,1,0,de,treat_16,2016,drop_rounding_band,p1_cerrd,1454,316,47,269,111,205,8,103,39,166,11,46,48,70,12,12,1,1,0,-.0871447545846746,-.1633610425229618,.1854982322706845,.378501378835828,-.5269308969693489,.2002088119234254,.0014433789679252,.0014433789679252,.0032731320285722,.0032731320285722,20,25
named,vraem10_provinces,Official VRAEM ten-province study envelope,official_province_envelope,1,0,de,treat_16,2016,drop_rounding_band,p1_mserd,1454,316,47,269,111,205,8,103,39,166,11,46,48,70,12,12,1,1,0,-.1799308018597794,-.2388505588185539,.1966023128919528,.2244073208940484,-.6241840113640561,.1464828937269483,.0018322067259653,.0018322067259653,.0032731320285722,.0032731320285722,35,25
named,vraem10_provinces,Official VRAEM ten-province study envelope,official_province_envelope,1,0,de,treat_16,2016,drop_rounding_band,p2_mserd,1454,316,47,269,111,205,8,103,39,166,11,46,48,70,12,12,1,1,0,-.2174172973995088,-.2770385216162419,.3388707601942818,.4136230685331974,-.9412130070107434,.3871359637782597,.0022285184069086,.0022285184069086,.0038746965225877,.0038746965225877,37,36
named,vraem10_provinces,Official VRAEM ten-province study envelope,official_province_envelope,1,0,de,treat_16,2016,drop_sign_conflicts,p1_cerrd,1454,316,47,269,111,205,8,103,39,166,11,46,48,70,12,12,1,1,0,-.0871447545846746,-.1633610425229618,.1854982322706845,.378501378835828,-.5269308969693489,.2002088119234254,.0014433789679252,.0014433789679252,.0032731320285722,.0032731320285722,20,25
named,vraem10_provinces,Official VRAEM ten-province study envelope,official_province_envelope,1,0,de,treat_16,2016,drop_sign_conflicts,p1_mserd,1454,316,47,269,111,205,8,103,39,166,11,46,48,70,12,12,1,1,0,-.1799308018597794,-.2388505588185539,.1966023128919528,.2244073208940484,-.6241840113640561,.1464828937269483,.0018322067259653,.0018322067259653,.0032731320285722,.0032731320285722,35,25
named,vraem10_provinces,Official VRAEM ten-province study envelope,official_province_envelope,1,0,de,treat_16,2016,drop_sign_conflicts,p2_mserd,1454,316,47,269,111,205,8,103,39,166,11,46,48,70,12,12,1,1,0,-.2174172973995088,-.2770385216162419,.3388707601942818,.4136230685331974,-.9412130070107434,.3871359637782597,.0022285184069086,.0022285184069086,.0038746965225877,.0038746965225877,37,36
named,vraem10_provinces,Official VRAEM ten-province study envelope,official_province_envelope,1,0,de,treat_16,2016,score_as_recorded,p1_cerrd,1454,328,49,279,123,205,10,113,39,166,12,46,51,70,12,12,1,1,0,-.309978933607743,-.3863394698740973,.1672787679204573,.0209128182836585,-.7141998303764276,-.0584791093717669,.0015376467800239,.0015376467800239,.003870598352916,.003870598352916,32,25
named,vraem10_provinces,Official VRAEM ten-province study envelope,official_province_envelope,1,0,de,treat_16,2016,score_as_recorded,p1_mserd,1454,328,49,279,123,205,10,113,39,166,12,46,51,70,12,12,1,1,0,-.3031196236704196,-.4000840617321333,.1622868320498693,.0136902498527799,-.7181604077149775,-.0820077157492891,.0019543207880975,.0019543207880975,.003870598352916,.003870598352916,47,36
named,vraem10_provinces,Official VRAEM ten-province study envelope,official_province_envelope,1,0,de,treat_16,2016,score_as_recorded,p2_mserd,1454,328,49,279,123,205,10,113,39,166,12,46,51,70,12,12,1,1,0,-.3298082423604966,-.3441783940573928,.3420844789173446,.3143573454679781,-1.01465165240554,.3262948642907538,.0020358893271504,.0020358893271504,.0031641021608268,.0031641021608268,47,36
named,vraem10_provinces,Official VRAEM ten-province study envelope,official_province_envelope,1,0,de,treat_23,2023,drop_rounding_band,p1_cerrd,1454,316,164,152,111,205,24,87,140,65,11,46,48,70,12,12,1,1,0,.4045058028016677,.4032143358500351,.4284198157967692,.3466195922951109,-.4364730733749166,1.242901745074987,.0016194474819444,.0016194474819444,.0032693038795997,.0032693038795997,20,25
named,vraem10_provinces,Official VRAEM ten-province study envelope,official_province_envelope,1,0,de,treat_23,2023,drop_rounding_band,p1_mserd,1454,316,164,152,111,205,24,87,140,65,11,46,48,70,12,12,1,1,0,.3084445743526114,.4696530502776088,.4219855417425568,.265725587017451,-.3574234135344259,1.296729514089644,.0020557058365838,.0020557058365838,.0032693038795997,.0032693038795997,35,36
named,vraem10_provinces,Official VRAEM ten-province study envelope,official_province_envelope,1,0,de,treat_23,2023,drop_rounding_band,p2_mserd,1454,316,164,152,111,205,24,87,140,65,11,46,48,70,12,12,1,1,0,.2403683072669729,.1673781065551694,.6140014774654514,.7851590794723493,-1.036042675731497,1.370798888841835,.0025132322010659,.0025132322010659,.0037847337442524,.0037847337442524,37,43
named,vraem10_provinces,Official VRAEM ten-province study envelope,official_province_envelope,1,0,de,treat_23,2023,drop_sign_conflicts,p1_cerrd,1454,316,164,152,111,205,24,87,140,65,11,46,48,70,12,12,1,1,0,.4045058028016677,.4032143358500351,.4284198157967692,.3466195922951109,-.4364730733749166,1.242901745074987,.0016194474819444,.0016194474819444,.0032693038795997,.0032693038795997,20,25
named,vraem10_provinces,Official VRAEM ten-province study envelope,official_province_envelope,1,0,de,treat_23,2023,drop_sign_conflicts,p1_mserd,1454,316,164,152,111,205,24,87,140,65,11,46,48,70,12,12,1,1,0,.3084445743526114,.4696530502776088,.4219855417425568,.265725587017451,-.3574234135344259,1.296729514089644,.0020557058365838,.0020557058365838,.0032693038795997,.0032693038795997,35,36
named,vraem10_provinces,Official VRAEM ten-province study envelope,official_province_envelope,1,0,de,treat_23,2023,drop_sign_conflicts,p2_mserd,1454,316,164,152,111,205,24,87,140,65,11,46,48,70,12,12,1,1,0,.2403683072669729,.1673781065551694,.6140014774654514,.7851590794723493,-1.036042675731497,1.370798888841835,.0025132322010659,.0025132322010659,.0037847337442524,.0037847337442524,37,43
named,vraem10_provinces,Official VRAEM ten-province study envelope,official_province_envelope,1,0,de,treat_23,2023,score_as_recorded,p1_cerrd,1454,328,171,157,123,205,31,92,140,65,12,46,51,70,12,12,1,1,0,-.4155520197868259,-.4723433399233309,.5232887137355469,.3667149452498907,-1.497970372361293,.5532836925146311,.0012939813800058,.0012939813800058,.0029769633105006,.0029769633105006,31,15
named,vraem10_provinces,Official VRAEM ten-province study envelope,official_province_envelope,1,0,de,treat_23,2023,score_as_recorded,p1_mserd,1454,328,171,157,123,205,31,92,140,65,12,46,51,70,12,12,1,1,0,-.1643465883774602,-.257946208993228,.4509127423431341,.5672857355179358,-1.14171894415596,.6258265261695037,.0016446265444117,.0016446265444117,.0029769633105006,.0029769633105006,32,25
named,vraem10_provinces,Official VRAEM ten-province study envelope,official_province_envelope,1,0,de,treat_23,2023,score_as_recorded,p2_mserd,1454,328,171,157,123,205,31,92,140,65,12,46,51,70,12,12,1,1,0,-.3068165583475482,-.3762828032728939,.7023552793887409,.5921353160671009,-1.752873855226393,1.000308248680605,.0021146371473553,.0021146371473553,.0029897789774353,.0029897789774353,47,36
named,vraem4_no_ayacucho,VRAEM departments excluding Ayacucho,predeclared_exclusion,1,0,ab,treat_12,2012,drop_rounding_band,p1_cerrd,1811,839,416,423,402,437,183,219,233,204,310,386,144,142,0,10,1,1,0,.0183894589915746,.0290117645935036,.2049490709728716,.8874307472633902,-.372681033178268,.4307045623652752,.0354542864056513,.0354542864056513,.0626470994821317,.0626470994821317,118,61
named,vraem4_no_ayacucho,VRAEM departments excluding Ayacucho,predeclared_exclusion,1,0,ab,treat_12,2012,drop_rounding_band,p1_mserd,1811,839,416,423,402,437,183,219,233,204,310,386,144,142,0,10,1,1,0,-.0082839784130297,.0091999570033312,.1965370032863317,.9626644160966948,-.3760054910673091,.3944054050739715,.0470421378633217,.0470421378633217,.0626470994821317,.0626470994821317,172,85
named,vraem4_no_ayacucho,VRAEM departments excluding Ayacucho,predeclared_exclusion,1,0,ab,treat_12,2012,drop_rounding_band,p2_mserd,1811,839,416,423,402,437,183,219,233,204,310,386,144,142,0,10,1,1,0,-.0140507269965378,-.0782079337955839,.2888031155791542,.7865447264555425,-.6442516389536845,.4878357713625168,.0408985819791868,.0408985819791868,.0496798856719871,.0496798856719871,140,76
named,vraem4_no_ayacucho,VRAEM departments excluding Ayacucho,predeclared_exclusion,1,0,ab,treat_12,2012,drop_sign_conflicts,p1_cerrd,1811,849,424,425,411,438,190,221,234,204,311,387,145,142,0,10,1,1,0,-.0389048040772221,-.0194390097718919,.1803667231778813,.9141742352418341,-.3729512912100451,.3340732716662612,.0320396604417862,.0320396604417862,.0508933438463364,.0508933438463364,108,57
named,vraem4_no_ayacucho,VRAEM departments excluding Ayacucho,predeclared_exclusion,1,0,ab,treat_12,2012,drop_sign_conflicts,p1_mserd,1811,849,424,425,411,438,190,221,234,204,311,387,145,142,0,10,1,1,0,-.0451793442353869,-.0171096804536802,.1748003744358405,.9220265828946382,-.3597121188320434,.325492757924683,.0425188979601501,.0425188979601501,.0508933438463364,.0508933438463364,154,80
named,vraem4_no_ayacucho,VRAEM departments excluding Ayacucho,predeclared_exclusion,1,0,ab,treat_12,2012,drop_sign_conflicts,p2_mserd,1811,849,424,425,411,438,190,221,234,204,311,387,145,142,0,10,1,1,0,-.0626323080788902,-.0953180481131604,.2309904323579789,.6798635505649268,-.5480509763081344,.3574148800818137,.037592142542868,.037592142542868,.0462445619862993,.0462445619862993,132,69
named,vraem4_no_ayacucho,VRAEM departments excluding Ayacucho,predeclared_exclusion,1,0,ab,treat_12,2012,score_as_recorded,p1_cerrd,1811,849,424,425,411,438,190,221,234,204,311,387,145,142,0,10,1,1,0,-.0389048040772221,-.0194390097718919,.1803667231778813,.9141742352418341,-.3729512912100451,.3340732716662612,.0320396604417862,.0320396604417862,.0508933438463364,.0508933438463364,108,57
named,vraem4_no_ayacucho,VRAEM departments excluding Ayacucho,predeclared_exclusion,1,0,ab,treat_12,2012,score_as_recorded,p1_mserd,1811,849,424,425,411,438,190,221,234,204,311,387,145,142,0,10,1,1,0,-.0451793442353869,-.0171096804536802,.1748003744358405,.9220265828946382,-.3597121188320434,.325492757924683,.0425188979601501,.0425188979601501,.0508933438463364,.0508933438463364,154,80
named,vraem4_no_ayacucho,VRAEM departments excluding Ayacucho,predeclared_exclusion,1,0,ab,treat_12,2012,score_as_recorded,p2_mserd,1811,849,424,425,411,438,190,221,234,204,311,387,145,142,0,10,1,1,0,-.0626323080788902,-.0953180481131604,.2309904323579789,.6798635505649268,-.5480509763081344,.3574148800818137,.037592142542868,.037592142542868,.0462445619862993,.0462445619862993,132,69
named,vraem4_no_ayacucho,VRAEM departments excluding Ayacucho,predeclared_exclusion,1,0,ab,treat_16,2016,drop_rounding_band,p1_cerrd,1811,839,557,282,402,437,224,178,333,104,310,386,144,142,0,10,1,1,0,-.0553537643740782,-.0581032492671765,.1617007932913227,.7193514573895712,-.3750309803897249,.258824481855372,.0403789958390506,.0403789958390506,.0675966404859069,.0675966404859069,137,76
named,vraem4_no_ayacucho,VRAEM departments excluding Ayacucho,predeclared_exclusion,1,0,ab,treat_16,2016,drop_rounding_band,p1_mserd,1811,839,557,282,402,437,224,178,333,104,310,386,144,142,0,10,1,1,0,-.0765079617279236,-.0823848596631542,.1579434984431324,.6019421133951741,-.3919484282039518,.2271787088776434,.0535764355065496,.0535764355065496,.0675966404859069,.0675966404859069,196,97
named,vraem4_no_ayacucho,VRAEM departments excluding Ayacucho,predeclared_exclusion,1,0,ab,treat_16,2016,drop_rounding_band,p2_mserd,1811,839,557,282,402,437,224,178,333,104,310,386,144,142,0,10,1,1,0,-.1784997810880169,-.2743118045154596,.2365244900879525,.2461462552216521,-.7378912865495475,.1892676775186283,.0380114055811361,.0380114055811361,.0494178627018288,.0494178627018288,125,68
named,vraem4_no_ayacucho,VRAEM departments excluding Ayacucho,predeclared_exclusion,1,0,ab,treat_16,2016,drop_sign_conflicts,p1_cerrd,1811,849,566,283,411,438,232,179,334,104,311,387,145,142,0,10,1,1,0,-.0786856518167074,-.0722868066184871,.1431789697579844,.6136499492598726,-.3529124306876861,.2083388174507119,.037762175554554,.037762175554554,.0629796833878823,.0629796833878823,133,69
named,vraem4_no_ayacucho,VRAEM departments excluding Ayacucho,predeclared_exclusion,1,0,ab,treat_16,2016,drop_sign_conflicts,p1_mserd,1811,849,566,283,411,438,232,179,334,104,311,387,145,142,0,10,1,1,0,-.0950156132252437,-.0874523256237477,.1407472447120294,.5343739187110561,-.3633118561825709,.1884072049350755,.0501130806949289,.0501130806949289,.0629796833878823,.0629796833878823,191,94
named,vraem4_no_ayacucho,VRAEM departments excluding Ayacucho,predeclared_exclusion,1,0,ab,treat_16,2016,drop_sign_conflicts,p2_mserd,1811,849,566,283,411,438,232,179,334,104,311,387,145,142,0,10,1,1,0,-.1251544609738531,-.1575697892688392,.192814484730193,.4138088311647855,-.5354792350376656,.2203396564999871,.0388134303319036,.0388134303319036,.048580485718128,.048580485718128,135,70
named,vraem4_no_ayacucho,VRAEM departments excluding Ayacucho,predeclared_exclusion,1,0,ab,treat_16,2016,score_as_recorded,p1_cerrd,1811,849,566,283,411,438,232,179,334,104,311,387,145,142,0,10,1,1,0,-.0786856518167074,-.0722868066184871,.1431789697579844,.6136499492598726,-.3529124306876861,.2083388174507119,.037762175554554,.037762175554554,.0629796833878823,.0629796833878823,133,69
named,vraem4_no_ayacucho,VRAEM departments excluding Ayacucho,predeclared_exclusion,1,0,ab,treat_16,2016,score_as_recorded,p1_mserd,1811,849,566,283,411,438,232,179,334,104,311,387,145,142,0,10,1,1,0,-.0950156132252437,-.0874523256237477,.1407472447120294,.5343739187110561,-.3633118561825709,.1884072049350755,.0501130806949289,.0501130806949289,.0629796833878823,.0629796833878823,191,94
named,vraem4_no_ayacucho,VRAEM departments excluding Ayacucho,predeclared_exclusion,1,0,ab,treat_16,2016,score_as_recorded,p2_mserd,1811,849,566,283,411,438,232,179,334,104,311,387,145,142,0,10,1,1,0,-.1251544609738531,-.1575697892688392,.192814484730193,.4138088311647855,-.5354792350376656,.2203396564999871,.0388134303319036,.0388134303319036,.048580485718128,.048580485718128,135,70
named,vraem4_no_ayacucho,VRAEM departments excluding Ayacucho,predeclared_exclusion,1,0,ab,treat_23,2023,drop_rounding_band,p1_cerrd,1811,839,755,84,402,437,353,49,402,35,310,386,144,142,0,10,1,1,0,.112672059734845,.142777376017978,.0831485577775856,.0859543387922223,-.0201908025925375,.3057455546284935,.028898704818815,.028898704818815,.0623230307319978,.0623230307319978,91,50
named,vraem4_no_ayacucho,VRAEM departments excluding Ayacucho,predeclared_exclusion,1,0,ab,treat_23,2023,drop_rounding_band,p1_mserd,1811,839,755,84,402,437,353,49,402,35,310,386,144,142,0,10,1,1,0,.1082604013246384,.1602688937001133,.0896364945059959,.0737780929902835,-.0154154072320609,.3359531946322876,.0383439350775212,.0383439350775212,.0623230307319978,.0623230307319978,125,69
named,vraem4_no_ayacucho,VRAEM departments excluding Ayacucho,predeclared_exclusion,1,0,ab,treat_23,2023,drop_rounding_band,p2_mserd,1811,839,755,84,402,437,353,49,402,35,310,386,144,142,0,10,1,1,0,.1161340982188879,.0657355936726733,.085525456270663,.4421257509227925,-.1018912203791815,.2333624077245282,.0396149281077863,.0396149281077863,.0507809811492274,.0507809811492274,129,74
named,vraem4_no_ayacucho,VRAEM departments excluding Ayacucho,predeclared_exclusion,1,0,ab,treat_23,2023,drop_sign_conflicts,p1_cerrd,1811,849,764,85,411,438,361,50,403,35,311,387,145,142,0,10,1,1,0,.1091904216526571,.1332298662200937,.0713778343937915,.0619652986035788,-.006668118486202,.2731278509263894,.0282511480255839,.0282511480255839,.0576481347500472,.0576481347500472,97,50
named,vraem4_no_ayacucho,VRAEM departments excluding Ayacucho,predeclared_exclusion,1,0,ab,treat_23,2023,drop_sign_conflicts,p1_mserd,1811,849,764,85,411,438,361,50,403,35,311,387,145,142,0,10,1,1,0,.1104381571325144,.1534657991534134,.0793173892167917,.0530109514988858,-.0019934270592439,.3089250253660707,.0374912737399139,.0374912737399139,.0576481347500472,.0576481347500472,132,69
named,vraem4_no_ayacucho,VRAEM departments excluding Ayacucho,predeclared_exclusion,1,0,ab,treat_23,2023,drop_sign_conflicts,p2_mserd,1811,849,764,85,411,438,361,50,403,35,311,387,145,142,0,10,1,1,0,.1229134345627068,.0943513801645413,.0724858557947472,.1930352760822749,-.0477182865817272,.2364210469108097,.0395787277835822,.0395787277835822,.0502835083525885,.0502835083525885,138,75
named,vraem4_no_ayacucho,VRAEM departments excluding Ayacucho,predeclared_exclusion,1,0,ab,treat_23,2023,score_as_recorded,p1_cerrd,1811,849,764,85,411,438,361,50,403,35,311,387,145,142,0,10,1,1,0,.1091904216526571,.1332298662200937,.0713778343937915,.0619652986035788,-.006668118486202,.2731278509263894,.0282511480255839,.0282511480255839,.0576481347500472,.0576481347500472,97,50
named,vraem4_no_ayacucho,VRAEM departments excluding Ayacucho,predeclared_exclusion,1,0,ab,treat_23,2023,score_as_recorded,p1_mserd,1811,849,764,85,411,438,361,50,403,35,311,387,145,142,0,10,1,1,0,.1104381571325144,.1534657991534134,.0793173892167917,.0530109514988858,-.0019934270592439,.3089250253660707,.0374912737399139,.0374912737399139,.0576481347500472,.0576481347500472,132,69
named,vraem4_no_ayacucho,VRAEM departments excluding Ayacucho,predeclared_exclusion,1,0,ab,treat_23,2023,score_as_recorded,p2_mserd,1811,849,764,85,411,438,361,50,403,35,311,387,145,142,0,10,1,1,0,.1229134345627068,.0943513801645413,.0724858557947472,.1930352760822749,-.0477182865817272,.2364210469108097,.0395787277835822,.0395787277835822,.0502835083525885,.0502835083525885,138,75
named,vraem4_no_ayacucho,VRAEM departments excluding Ayacucho,predeclared_exclusion,1,0,bc,treat_12,2012,drop_rounding_band,p1_cerrd,1811,852,326,526,441,411,136,305,190,221,198,311,153,145,0,1,1,1,0,.1976679773541767,.2290265579458858,.1913590405377675,.2313681013044432,-.1460302696242786,.6040833855160502,.0096539227407361,.0096539227407361,.0199510662521242,.0199510662521242,79,62
named,vraem4_no_ayacucho,VRAEM departments excluding Ayacucho,predeclared_exclusion,1,0,bc,treat_12,2012,drop_rounding_band,p1_mserd,1811,852,326,526,441,411,136,305,190,221,198,311,153,145,0,1,1,1,0,.1502542518039189,.1977406971629606,.1811541089375944,.275026259389494,-.1573148320061699,.5527962263320909,.0128355544118967,.0128355544118967,.0199510662521242,.0199510662521242,97,78
named,vraem4_no_ayacucho,VRAEM departments excluding Ayacucho,predeclared_exclusion,1,0,bc,treat_12,2012,drop_rounding_band,p2_mserd,1811,852,326,526,441,411,136,305,190,221,198,311,153,145,0,1,1,1,0,.272453611252925,.3240692988108664,.2524564701811842,.199259522993478,-.1707362904083645,.8188748880300973,.0135596756445582,.0135596756445582,.0190239482032995,.0190239482032995,99,82
named,vraem4_no_ayacucho,VRAEM departments excluding Ayacucho,predeclared_exclusion,1,0,bc,treat_12,2012,drop_sign_conflicts,p1_cerrd,1811,853,326,527,442,411,136,306,190,221,199,311,154,145,0,1,1,1,0,.2488155384282495,.2841534740031311,.1951036407618966,.1452756586391174,-.0982426351428269,.6665495831490891,.0088643777986315,.0088643777986315,.0188363046949863,.0188363046949863,75,54
named,vraem4_no_ayacucho,VRAEM departments excluding Ayacucho,predeclared_exclusion,1,0,bc,treat_12,2012,drop_sign_conflicts,p1_mserd,1811,853,326,527,442,411,136,306,190,221,199,311,154,145,0,1,1,1,0,.1710841343712021,.2296200997982774,.1830770495521084,.2097596651922094,-.1292043237197097,.5884445233162645,.0117877744337978,.0117877744337978,.0188363046949863,.0188363046949863,88,75
named,vraem4_no_ayacucho,VRAEM departments excluding Ayacucho,predeclared_exclusion,1,0,bc,treat_12,2012,drop_sign_conflicts,p2_mserd,1811,853,326,527,442,411,136,306,190,221,199,311,154,145,0,1,1,1,0,.2940714828998583,.3429755007038993,.2490696531121011,.1685040697845889,-.1451920490377033,.831143050445502,.0134112472741824,.0134112472741824,.0187427855473334,.0187427855473334,100,81
named,vraem4_no_ayacucho,VRAEM departments excluding Ayacucho,predeclared_exclusion,1,0,bc,treat_12,2012,score_as_recorded,p1_cerrd,1811,853,326,527,442,411,136,306,190,221,199,311,154,145,0,1,1,1,0,.2488155384282495,.2841534740031311,.1951036407618966,.1452756586391174,-.0982426351428269,.6665495831490891,.0088643777986315,.0088643777986315,.0188363046949863,.0188363046949863,75,54
named,vraem4_no_ayacucho,VRAEM departments excluding Ayacucho,predeclared_exclusion,1,0,bc,treat_12,2012,score_as_recorded,p1_mserd,1811,853,326,527,442,411,136,306,190,221,199,311,154,145,0,1,1,1,0,.1710841343712021,.2296200997982774,.1830770495521084,.2097596651922094,-.1292043237197097,.5884445233162645,.0117877744337978,.0117877744337978,.0188363046949863,.0188363046949863,88,75
named,vraem4_no_ayacucho,VRAEM departments excluding Ayacucho,predeclared_exclusion,1,0,bc,treat_12,2012,score_as_recorded,p2_mserd,1811,853,326,527,442,411,136,306,190,221,199,311,154,145,0,1,1,1,0,.2940714828998583,.3429755007038993,.2490696531121011,.1685040697845889,-.1451920490377033,.831143050445502,.0134112472741824,.0134112472741824,.0187427855473334,.0187427855473334,100,81
named,vraem4_no_ayacucho,VRAEM departments excluding Ayacucho,predeclared_exclusion,1,0,bc,treat_16,2016,drop_rounding_band,p1_cerrd,1811,852,370,482,441,411,138,303,232,179,198,311,153,145,0,1,1,1,0,.3895693145575691,.4309967537193603,.2045661754552718,.0351278258455696,.030054417371926,.8319390900667947,.0081902305034263,.0081902305034263,.0182929053111868,.0182929053111868,67,50
named,vraem4_no_ayacucho,VRAEM departments excluding Ayacucho,predeclared_exclusion,1,0,bc,treat_16,2016,drop_rounding_band,p1_mserd,1811,852,370,482,441,411,138,303,232,179,198,311,153,145,0,1,1,1,0,.2568237515229902,.3303163640090676,.1890742419838154,.0806339773836081,-.0402623406834215,.7008950687015567,.0108894748897368,.0108894748897368,.0182929053111868,.0182929053111868,85,70
named,vraem4_no_ayacucho,VRAEM departments excluding Ayacucho,predeclared_exclusion,1,0,bc,treat_16,2016,drop_rounding_band,p2_mserd,1811,852,370,482,441,411,138,303,232,179,198,311,153,145,0,1,1,1,0,.4342723518508371,.4993487638140354,.2540301642446107,.0493325150194881,.001458790907804,.9972387367202667,.0129390455777074,.0129390455777074,.0189574946302343,.0189574946302343,97,78
named,vraem4_no_ayacucho,VRAEM departments excluding Ayacucho,predeclared_exclusion,1,0,bc,treat_16,2016,drop_sign_conflicts,p1_cerrd,1811,853,370,483,442,411,138,304,232,179,199,311,154,145,0,1,1,1,0,.4156028508347756,.4600870082913177,.2069585278620046,.0262098704024096,.0544557473883596,.8657182691942759,.0077176561008147,.0077176561008147,.0175854391243813,.0175854391243813,62,47
named,vraem4_no_ayacucho,VRAEM departments excluding Ayacucho,predeclared_exclusion,1,0,bc,treat_16,2016,drop_sign_conflicts,p1_mserd,1811,853,370,483,442,411,138,304,232,179,199,311,154,145,0,1,1,1,0,.2933314601249415,.3730895447891889,.1900615052774716,.0496469016014431,.0005758395978752,.7456032499805028,.0102628736433224,.0102628736433224,.0175854391243813,.0175854391243813,85,67
named,vraem4_no_ayacucho,VRAEM departments excluding Ayacucho,predeclared_exclusion,1,0,bc,treat_16,2016,drop_sign_conflicts,p2_mserd,1811,853,370,483,442,411,138,304,232,179,199,311,154,145,0,1,1,1,0,.4607074332097816,.5234374360607045,.2494535228486949,.0358754289562741,.0345175154606231,1.012357356660786,.0127929023718191,.0127929023718191,.0186455815645667,.0186455815645667,94,78
named,vraem4_no_ayacucho,VRAEM departments excluding Ayacucho,predeclared_exclusion,1,0,bc,treat_16,2016,score_as_recorded,p1_cerrd,1811,853,370,483,442,411,138,304,232,179,199,311,154,145,0,1,1,1,0,.4156028508347756,.4600870082913177,.2069585278620046,.0262098704024096,.0544557473883596,.8657182691942759,.0077176561008147,.0077176561008147,.0175854391243813,.0175854391243813,62,47
named,vraem4_no_ayacucho,VRAEM departments excluding Ayacucho,predeclared_exclusion,1,0,bc,treat_16,2016,score_as_recorded,p1_mserd,1811,853,370,483,442,411,138,304,232,179,199,311,154,145,0,1,1,1,0,.2933314601249415,.3730895447891889,.1900615052774716,.0496469016014431,.0005758395978752,.7456032499805028,.0102628736433224,.0102628736433224,.0175854391243813,.0175854391243813,85,67
named,vraem4_no_ayacucho,VRAEM departments excluding Ayacucho,predeclared_exclusion,1,0,bc,treat_16,2016,score_as_recorded,p2_mserd,1811,853,370,483,442,411,138,304,232,179,199,311,154,145,0,1,1,1,0,.4607074332097816,.5234374360607045,.2494535228486949,.0358754289562741,.0345175154606231,1.012357356660786,.0127929023718191,.0127929023718191,.0186455815645667,.0186455815645667,94,78
named,vraem4_no_ayacucho,VRAEM departments excluding Ayacucho,predeclared_exclusion,1,0,bc,treat_23,2023,drop_rounding_band,p1_cerrd,1811,852,735,117,441,411,374,67,361,50,198,311,153,145,0,1,1,1,0,.0510508083775969,.0586293768116195,.1406478140048543,.6767863824970233,-.2170352731421832,.3342940267654222,.0105239912471769,.0105239912471769,.0218080654898665,.0218080654898665,85,70
named,vraem4_no_ayacucho,VRAEM departments excluding Ayacucho,predeclared_exclusion,1,0,bc,treat_23,2023,drop_rounding_band,p1_mserd,1811,852,735,117,441,411,374,67,361,50,198,311,153,145,0,1,1,1,0,.0428514861022964,.0527325077539482,.1381308814670725,.7026412037406903,-.217999045074285,.3234640605821814,.0139923703463535,.0139923703463535,.0218080654898665,.0218080654898665,103,83
named,vraem4_no_ayacucho,VRAEM departments excluding Ayacucho,predeclared_exclusion,1,0,bc,treat_23,2023,drop_rounding_band,p2_mserd,1811,852,735,117,441,411,374,67,361,50,198,311,153,145,0,1,1,1,0,.1447656831186621,.1771576774263051,.2038249112495703,.3847563557027737,-.2223318077749256,.5766471626275358,.0120208837633886,.0120208837633886,.016465749349127,.016465749349127,88,75
named,vraem4_no_ayacucho,VRAEM departments excluding Ayacucho,predeclared_exclusion,1,0,bc,treat_23,2023,drop_sign_conflicts,p1_cerrd,1811,853,735,118,442,411,374,68,361,50,199,311,154,145,0,1,1,1,0,.0867901493375414,.0961742124844784,.1368221208582021,.4821092173030182,-.1719922166859841,.364340641654941,.0123814990580581,.0123814990580581,.0267634026951408,.0267634026951408,91,77
named,vraem4_no_ayacucho,VRAEM departments excluding Ayacucho,predeclared_exclusion,1,0,bc,treat_23,2023,drop_sign_conflicts,p1_mserd,1811,853,735,118,442,411,374,68,361,50,199,311,154,145,0,1,1,1,0,.0689325099371854,.0841569885338345,.1297775551738412,.5166803240232758,-.170202345608554,.3385163226762229,.0164648124622126,.0164648124622126,.0267634026951408,.0267634026951408,132,100
named,vraem4_no_ayacucho,VRAEM departments excluding Ayacucho,predeclared_exclusion,1,0,bc,treat_23,2023,drop_sign_conflicts,p2_mserd,1811,853,735,118,442,411,374,68,361,50,199,311,154,145,0,1,1,1,0,.2474316136895438,.2932367205280098,.2156538332011099,.1739069641151508,-.1294370256741737,.7159104667301932,.0111278716576319,.0111278716576319,.0155440652953301,.0155440652953301,86,73
named,vraem4_no_ayacucho,VRAEM departments excluding Ayacucho,predeclared_exclusion,1,0,bc,treat_23,2023,score_as_recorded,p1_cerrd,1811,853,735,118,442,411,374,68,361,50,199,311,154,145,0,1,1,1,0,.0867901493375414,.0961742124844784,.1368221208582021,.4821092173030182,-.1719922166859841,.364340641654941,.0123814990580581,.0123814990580581,.0267634026951408,.0267634026951408,91,77
named,vraem4_no_ayacucho,VRAEM departments excluding Ayacucho,predeclared_exclusion,1,0,bc,treat_23,2023,score_as_recorded,p1_mserd,1811,853,735,118,442,411,374,68,361,50,199,311,154,145,0,1,1,1,0,.0689325099371854,.0841569885338345,.1297775551738412,.5166803240232758,-.170202345608554,.3385163226762229,.0164648124622126,.0164648124622126,.0267634026951408,.0267634026951408,132,100
named,vraem4_no_ayacucho,VRAEM departments excluding Ayacucho,predeclared_exclusion,1,0,bc,treat_23,2023,score_as_recorded,p2_mserd,1811,853,735,118,442,411,374,68,361,50,199,311,154,145,0,1,1,1,0,.2474316136895438,.2932367205280098,.2156538332011099,.1739069641151508,-.1294370256741737,.7159104667301932,.0111278716576319,.0111278716576319,.0155440652953301,.0155440652953301,86,73
named,vraem4_no_ayacucho,VRAEM departments excluding Ayacucho,predeclared_exclusion,1,0,cd,treat_12,2012,drop_rounding_band,p1_cerrd,1811,780,202,578,338,442,65,273,137,305,54,198,139,153,2,1,1,1,0,-.1666225399258344,-.1642539541984267,.1845298887369749,.373400844994697,-.5259258901940809,.1974179817972274,.0035687619516335,.0035687619516335,.0068498690771127,.0068498690771127,95,72
named,vraem4_no_ayacucho,VRAEM departments excluding Ayacucho,predeclared_exclusion,1,0,cd,treat_12,2012,drop_rounding_band,p1_mserd,1811,780,202,578,338,442,65,273,137,305,54,198,139,153,2,1,1,1,0,-.1473182272714623,-.1422665691391952,.1684472068275994,.3983472788192793,-.4724170278176594,.1878838895392689,.0047400914724172,.0047400914724172,.0068498690771127,.0068498690771127,124,94
named,vraem4_no_ayacucho,VRAEM departments excluding Ayacucho,predeclared_exclusion,1,0,cd,treat_12,2012,drop_rounding_band,p2_mserd,1811,780,202,578,338,442,65,273,137,305,54,198,139,153,2,1,1,1,0,-.138371840520221,-.138398493505075,.1996636908011505,.4882103744174512,-.5297321364956712,.2529351494855211,.0064657967746333,.0064657967746333,.0085174563685975,.0085174563685975,172,131
named,vraem4_no_ayacucho,VRAEM departments excluding Ayacucho,predeclared_exclusion,1,0,cd,treat_12,2012,drop_sign_conflicts,p1_cerrd,1811,779,201,578,338,441,65,273,136,305,54,198,139,153,2,1,1,1,0,-.1614281908242475,-.1565023037951211,.1847737424654216,.3969983071968702,-.5186521843160266,.2056475767257843,.0035619706718258,.0035619706718258,.0068411894125354,.0068411894125354,95,71
named,vraem4_no_ayacucho,VRAEM departments excluding Ayacucho,predeclared_exclusion,1,0,cd,treat_12,2012,drop_sign_conflicts,p1_mserd,1811,779,201,578,338,441,65,273,136,305,54,198,139,153,2,1,1,1,0,-.1433170341635129,-.1338475496327841,.1684667354626989,.4269018931919846,-.4640362837327106,.1963411844671425,.0047310711768807,.0047310711768807,.0068411894125354,.0068411894125354,124,93
named,vraem4_no_ayacucho,VRAEM departments excluding Ayacucho,predeclared_exclusion,1,0,cd,treat_12,2012,drop_sign_conflicts,p2_mserd,1811,779,201,578,338,441,65,273,136,305,54,198,139,153,2,1,1,1,0,-.1306937346374688,-.1287905877524611,.1995845818381653,.5187371522220028,-.519969180024752,.2623880045198298,.0064613266486201,.0064613266486201,.0085091471353286,.0085091471353286,172,130
named,vraem4_no_ayacucho,VRAEM departments excluding Ayacucho,predeclared_exclusion,1,0,cd,treat_12,2012,score_as_recorded,p1_cerrd,1811,781,202,579,339,442,65,274,137,305,55,198,139,153,2,1,1,1,0,-.1294326116363619,-.1296878615747968,.1656504771788098,.4336854723806875,-.4543568308671381,.1949811077175445,.003978194613039,.003978194613039,.0075800095616643,.0075800095616643,108,81
named,vraem4_no_ayacucho,VRAEM departments excluding Ayacucho,predeclared_exclusion,1,0,cd,treat_12,2012,score_as_recorded,p1_mserd,1811,781,202,579,339,442,65,274,137,305,55,198,139,153,2,1,1,1,0,-.122911390508191,-.1228105408023166,.1576884352560758,.4360871233410251,-.4318741946827012,.1862531130780681,.005283907028949,.005283907028949,.0075800095616643,.0075800095616643,137,108
named,vraem4_no_ayacucho,VRAEM departments excluding Ayacucho,predeclared_exclusion,1,0,cd,treat_12,2012,score_as_recorded,p2_mserd,1811,781,202,579,339,442,65,274,137,305,55,198,139,153,2,1,1,1,0,-.1184978449487797,-.0995984269191543,.2066107617908327,.6297645511189376,-.5045480788475707,.305351225009262,.0056896012757661,.0056896012757661,.007622112258387,.007622112258387,154,117
named,vraem4_no_ayacucho,VRAEM departments excluding Ayacucho,predeclared_exclusion,1,0,cd,treat_16,2016,drop_rounding_band,p1_cerrd,1811,780,207,573,338,442,68,270,139,303,54,198,139,153,2,1,1,1,0,-.1653875638142897,-.1580781631828488,.1854530709329258,.3939982069100852,-.5215595030337352,.2054031766680376,.0035375740605519,.0035375740605519,.0068590458178263,.0068590458178263,95,72
named,vraem4_no_ayacucho,VRAEM departments excluding Ayacucho,predeclared_exclusion,1,0,cd,treat_16,2016,drop_rounding_band,p1_mserd,1811,780,207,573,338,442,68,270,139,303,54,198,139,153,2,1,1,1,0,-.1457610436820574,-.1310437293693392,.1692770556570886,.4388494391592557,-.4628206618662151,.2007332031275367,.0046986671749823,.0046986671749823,.0068590458178263,.0068590458178263,124,94
named,vraem4_no_ayacucho,VRAEM departments excluding Ayacucho,predeclared_exclusion,1,0,cd,treat_16,2016,drop_rounding_band,p2_mserd,1811,780,207,573,338,442,68,270,139,303,54,198,139,153,2,1,1,1,0,-.1364367568013602,-.1462977862039264,.1886500754653062,.4380453529449493,-.5160451397966898,.2234495673888369,.0072615361347655,.0072615361347655,.0093868087282676,.0093868087282676,206,146
named,vraem4_no_ayacucho,VRAEM departments excluding Ayacucho,predeclared_exclusion,1,0,cd,treat_16,2016,drop_sign_conflicts,p1_cerrd,1811,779,206,573,338,441,68,270,138,303,54,198,139,153,2,1,1,1,0,-.1605215578917533,-.1507323698540694,.1864273244051684,.4187846627321354,-.5161232114223644,.2146584717142256,.0035062541445111,.0035062541445111,.0068279764957779,.0068279764957779,81,71
named,vraem4_no_ayacucho,VRAEM departments excluding Ayacucho,predeclared_exclusion,1,0,cd,treat_16,2016,drop_sign_conflicts,p1_mserd,1811,779,206,573,338,441,68,270,138,303,54,198,139,153,2,1,1,1,0,-.142384874714847,-.1234169036785864,.1696578761018812,.4669529270890403,-.4559402305318323,.2091064231746594,.0046570675197087,.0046570675197087,.0068279764957779,.0068279764957779,124,92
named,vraem4_no_ayacucho,VRAEM departments excluding Ayacucho,predeclared_exclusion,1,0,cd,treat_16,2016,drop_sign_conflicts,p2_mserd,1811,779,206,573,338,441,68,270,138,303,54,198,139,153,2,1,1,1,0,-.1299840262946426,-.13709209069634,.1885069902578428,.4670715803563437,-.5065590024357545,.2323748210430746,.0072724800576951,.0072724800576951,.0093822670477934,.0093822670477934,206,147
named,vraem4_no_ayacucho,VRAEM departments excluding Ayacucho,predeclared_exclusion,1,0,cd,treat_16,2016,score_as_recorded,p1_cerrd,1811,781,207,574,339,442,68,271,139,303,55,198,139,153,2,1,1,1,0,-.129157742012834,-.121715933280202,.1681223027200335,.4690825836338673,-.4512295916094079,.2077977250490038,.0038735981513,.0038735981513,.0074644278510467,.0074644278510467,104,81
named,vraem4_no_ayacucho,VRAEM departments excluding Ayacucho,predeclared_exclusion,1,0,cd,treat_16,2016,score_as_recorded,p1_mserd,1811,781,207,574,339,442,68,271,139,303,55,198,139,153,2,1,1,1,0,-.1201423909215275,-.1065647007015129,.1591292311204948,.5030656616332889,-.418452262585233,.2053228611822072,.0051449801957633,.0051449801957633,.0074644278510467,.0074644278510467,137,101
named,vraem4_no_ayacucho,VRAEM departments excluding Ayacucho,predeclared_exclusion,1,0,cd,treat_16,2016,score_as_recorded,p2_mserd,1811,781,207,574,339,442,68,271,139,303,55,198,139,153,2,1,1,1,0,-.0989190902277435,-.0898907629270358,.1928579769880809,.6411451856788007,-.4678854519549289,.2881039261008573,.0064340509197511,.0064340509197511,.0084475349884644,.0084475349884644,173,131
named,vraem4_no_ayacucho,VRAEM departments excluding Ayacucho,predeclared_exclusion,1,0,cd,treat_23,2023,drop_rounding_band,p1_cerrd,1811,780,607,173,338,442,233,105,374,68,54,198,139,153,2,1,1,1,0,.1082889061254872,.117463905806672,.1444550348837867,.4161308948689183,-.165662759951027,.400590571564371,.0040490369382197,.0040490369382197,.0085028210217014,.0085028210217014,107,81
named,vraem4_no_ayacucho,VRAEM departments excluding Ayacucho,predeclared_exclusion,1,0,cd,treat_23,2023,drop_rounding_band,p1_mserd,1811,780,607,173,338,442,233,105,374,68,54,198,139,153,2,1,1,1,0,.1077629234875432,.1233716298829404,.1354551971458241,.3624045117214029,-.1421156780416476,.3888589378075283,.0053780010329836,.0053780010329836,.0085028210217014,.0085028210217014,138,108
named,vraem4_no_ayacucho,VRAEM departments excluding Ayacucho,predeclared_exclusion,1,0,cd,treat_23,2023,drop_rounding_band,p2_mserd,1811,780,607,173,338,442,233,105,374,68,54,198,139,153,2,1,1,1,0,.0547966988633659,.0242428144095612,.2090316998674432,.9076709788168199,-.3854517889578133,.4339374177769357,.0045529801023856,.0045529801023856,.0064930810986807,.0064930810986807,120,92
named,vraem4_no_ayacucho,VRAEM departments excluding Ayacucho,predeclared_exclusion,1,0,cd,treat_23,2023,drop_sign_conflicts,p1_cerrd,1811,779,606,173,338,441,233,105,373,68,54,198,139,153,2,1,1,1,0,.1090714022503236,.1186455554358652,.1446578980404782,.4121133415985381,-.1648787148027392,.4021698256744696,.0040453119251377,.0040453119251377,.0085053874607563,.0085053874607563,107,80
named,vraem4_no_ayacucho,VRAEM departments excluding Ayacucho,predeclared_exclusion,1,0,cd,treat_23,2023,drop_sign_conflicts,p1_mserd,1811,779,606,173,338,441,233,105,373,68,54,198,139,153,2,1,1,1,0,.1081796836974867,.1244603839813128,.1355259048767308,.3584350048544338,-.1411655085492808,.3900862765119064,.0053730534060519,.0053730534060519,.0085053874607563,.0085053874607563,138,107
named,vraem4_no_ayacucho,VRAEM departments excluding Ayacucho,predeclared_exclusion,1,0,cd,treat_23,2023,drop_sign_conflicts,p2_mserd,1811,779,606,173,338,441,233,105,373,68,54,198,139,153,2,1,1,1,0,.0551723372476181,.0243259496591439,.2090000151772253,.9073417999480894,-.3853065528565423,.4339584521748301,.0045525432482563,.0045525432482563,.0064997571748565,.0064997571748565,120,91
named,vraem4_no_ayacucho,VRAEM departments excluding Ayacucho,predeclared_exclusion,1,0,cd,treat_23,2023,score_as_recorded,p1_cerrd,1811,781,608,173,339,442,234,105,374,68,55,198,139,153,2,1,1,1,0,.0879678869258138,.091115055212672,.1425771806408839,.5227853504099651,-.1883310838607217,.3705611942860658,.0039360957512379,.0039360957512379,.0080389805149878,.0080389805149878,108,81
named,vraem4_no_ayacucho,VRAEM departments excluding Ayacucho,predeclared_exclusion,1,0,cd,treat_23,2023,score_as_recorded,p1_mserd,1811,781,608,173,339,442,234,105,374,68,55,198,139,153,2,1,1,1,0,.0951881167895181,.10093591436044,.1342451022877947,.4521245398735571,-.162179651224533,.3640514799454131,.0052279905911125,.0052279905911125,.0080389805149878,.0080389805149878,137,102
named,vraem4_no_ayacucho,VRAEM departments excluding Ayacucho,predeclared_exclusion,1,0,cd,treat_23,2023,score_as_recorded,p2_mserd,1811,781,608,173,339,442,234,105,374,68,55,198,139,153,2,1,1,1,0,.0293857006636209,-.0008530205605948,.1980595418560117,.9965636099890551,-.3890425893928811,.3873365482716915,.0045045670134838,.0045045670134838,.0063273870819524,.0063273870819524,120,92
named,vraem4_no_ayacucho,VRAEM departments excluding Ayacucho,predeclared_exclusion,1,0,de,treat_12,2012,drop_rounding_band,p1_cerrd,1811,500,73,427,181,319,9,172,64,255,11,54,89,137,20,20,1,1,0,-.0523969735530398,-.1072890270231759,.1204509533547361,.3730751530868621,-.3433685575019726,.1287905034556208,.0014196125821838,.0014196125821838,.0033046637321736,.0033046637321736,21,35
named,vraem4_no_ayacucho,VRAEM departments excluding Ayacucho,predeclared_exclusion,1,0,de,treat_12,2012,drop_rounding_band,p1_mserd,1811,500,73,427,181,319,9,172,64,255,11,54,89,137,20,20,1,1,0,-.161027344147195,-.1799115434556128,.1617143793684705,.2659118135527679,-.496865902800062,.1370428158888364,.0018615523844144,.0018615523844144,.0033046637321736,.0033046637321736,52,35
named,vraem4_no_ayacucho,VRAEM departments excluding Ayacucho,predeclared_exclusion,1,0,de,treat_12,2012,drop_rounding_band,p2_mserd,1811,500,73,427,181,319,9,172,64,255,11,54,89,137,20,20,1,1,0,-.271374041193253,-.3385642526651207,.2764226017776373,.2206480627307217,-.8803425966621472,.2032140913319058,.002186068045167,.002186068045167,.0038073230076254,.0038073230076254,52,55
named,vraem4_no_ayacucho,VRAEM departments excluding Ayacucho,predeclared_exclusion,1,0,de,treat_12,2012,drop_sign_conflicts,p1_cerrd,1811,500,73,427,181,319,9,172,64,255,11,54,89,137,20,20,1,1,0,-.0523969735530398,-.1072890270231759,.1204509533547361,.3730751530868621,-.3433685575019726,.1287905034556208,.0014196125821838,.0014196125821838,.0033046637321736,.0033046637321736,21,35
named,vraem4_no_ayacucho,VRAEM departments excluding Ayacucho,predeclared_exclusion,1,0,de,treat_12,2012,drop_sign_conflicts,p1_mserd,1811,500,73,427,181,319,9,172,64,255,11,54,89,137,20,20,1,1,0,-.161027344147195,-.1799115434556128,.1617143793684705,.2659118135527679,-.496865902800062,.1370428158888364,.0018615523844144,.0018615523844144,.0033046637321736,.0033046637321736,52,35
named,vraem4_no_ayacucho,VRAEM departments excluding Ayacucho,predeclared_exclusion,1,0,de,treat_12,2012,drop_sign_conflicts,p2_mserd,1811,500,73,427,181,319,9,172,64,255,11,54,89,137,20,20,1,1,0,-.271374041193253,-.3385642526651207,.2764226017776373,.2206480627307217,-.8803425966621472,.2032140913319058,.002186068045167,.002186068045167,.0038073230076254,.0038073230076254,52,55
named,vraem4_no_ayacucho,VRAEM departments excluding Ayacucho,predeclared_exclusion,1,0,de,treat_12,2012,score_as_recorded,p1_cerrd,1811,520,75,445,201,319,11,190,64,255,12,54,95,137,20,20,1,1,0,-.2372040577605456,-.2849566912047398,.1182513864561768,.0159633023097582,-.5167251497807737,-.0531882326287058,.0016246953728545,.0016246953728545,.0040834587811009,.0040834587811009,45,35
named,vraem4_no_ayacucho,VRAEM departments excluding Ayacucho,predeclared_exclusion,1,0,de,treat_12,2012,score_as_recorded,p1_mserd,1811,520,75,445,201,319,11,190,64,255,12,54,95,137,20,20,1,1,0,-.1691633401071604,-.2355109816374029,.0953541341356025,.0135167445328823,-.4224016503201851,-.0486203129546208,.0021332725389683,.0021332725389683,.0040834587811009,.0040834587811009,72,55
named,vraem4_no_ayacucho,VRAEM departments excluding Ayacucho,predeclared_exclusion,1,0,de,treat_12,2012,score_as_recorded,p2_mserd,1811,520,75,445,201,319,11,190,64,255,12,54,95,137,20,20,1,1,0,-.0026250424727596,-.0285431287456934,.3058507732345286,.9256463967309292,-.6279996289290966,.5709133714377097,.0018842349409316,.0018842349409316,.0031511696025845,.0031511696025845,72,55
named,vraem4_no_ayacucho,VRAEM departments excluding Ayacucho,predeclared_exclusion,1,0,de,treat_16,2016,drop_rounding_band,p1_cerrd,1811,500,76,424,181,319,9,172,67,252,11,54,89,137,20,20,1,1,0,-.0523969735529109,-.1072890270230406,.1204509533547141,.3730751530873779,-.3433685575017942,.1287905034557131,.0014196125821837,.0014196125821837,.0033046637321733,.0033046637321733,21,35
named,vraem4_no_ayacucho,VRAEM departments excluding Ayacucho,predeclared_exclusion,1,0,de,treat_16,2016,drop_rounding_band,p1_mserd,1811,500,76,424,181,319,9,172,67,252,11,54,89,137,20,20,1,1,0,-.1610273441472583,-.1799115434557426,.1617143793684427,.2659118135523411,-.4968659028001374,.1370428158886523,.0018615523844143,.0018615523844143,.0033046637321733,.0033046637321733,52,35
named,vraem4_no_ayacucho,VRAEM departments excluding Ayacucho,predeclared_exclusion,1,0,de,treat_16,2016,drop_rounding_band,p2_mserd,1811,500,76,424,181,319,9,172,67,252,11,54,89,137,20,20,1,1,0,-.2713740411885457,-.3385642526619623,.2764226017792532,.2206480627377261,-.8803425966621559,.2032140913382312,.0021860680451428,.0021860680451428,.0038073230075865,.0038073230075865,52,55
named,vraem4_no_ayacucho,VRAEM departments excluding Ayacucho,predeclared_exclusion,1,0,de,treat_16,2016,drop_sign_conflicts,p1_cerrd,1811,500,76,424,181,319,9,172,67,252,11,54,89,137,20,20,1,1,0,-.0523969735529109,-.1072890270230406,.1204509533547141,.3730751530873779,-.3433685575017942,.1287905034557131,.0014196125821837,.0014196125821837,.0033046637321733,.0033046637321733,21,35
named,vraem4_no_ayacucho,VRAEM departments excluding Ayacucho,predeclared_exclusion,1,0,de,treat_16,2016,drop_sign_conflicts,p1_mserd,1811,500,76,424,181,319,9,172,67,252,11,54,89,137,20,20,1,1,0,-.1610273441472583,-.1799115434557426,.1617143793684427,.2659118135523411,-.4968659028001374,.1370428158886523,.0018615523844143,.0018615523844143,.0033046637321733,.0033046637321733,52,35
named,vraem4_no_ayacucho,VRAEM departments excluding Ayacucho,predeclared_exclusion,1,0,de,treat_16,2016,drop_sign_conflicts,p2_mserd,1811,500,76,424,181,319,9,172,67,252,11,54,89,137,20,20,1,1,0,-.2713740411885457,-.3385642526619623,.2764226017792532,.2206480627377261,-.8803425966621559,.2032140913382312,.0021860680451428,.0021860680451428,.0038073230075865,.0038073230075865,52,55
named,vraem4_no_ayacucho,VRAEM departments excluding Ayacucho,predeclared_exclusion,1,0,de,treat_16,2016,score_as_recorded,p1_cerrd,1811,520,78,442,201,319,11,190,67,252,12,54,95,137,20,20,1,1,0,-.2425825166440524,-.2737023887222756,.1154844020683213,.0177862706939485,-.5000476575523281,-.0473571198922231,.0018865143256493,.0018865143256493,.0044864160154148,.0044864160154148,72,55
named,vraem4_no_ayacucho,VRAEM departments excluding Ayacucho,predeclared_exclusion,1,0,de,treat_16,2016,score_as_recorded,p1_mserd,1811,520,78,442,201,319,11,190,67,252,12,54,95,137,20,20,1,1,0,-.1287531094046501,-.1760532542496424,.0837429272922415,.0355264837820079,-.340186375702392,-.0119201327968927,.0024770484809145,.0024770484809145,.0044864160154148,.0044864160154148,75,67
named,vraem4_no_ayacucho,VRAEM departments excluding Ayacucho,predeclared_exclusion,1,0,de,treat_16,2016,score_as_recorded,p2_mserd,1811,520,78,442,201,319,11,190,67,252,12,54,95,137,20,20,1,1,0,-.0026250424577123,-.0285431287291715,.3058507732390897,.9256463967749489,-.6279996289215142,.5709133714631711,.0018842349409305,.0018842349409305,.0031511696025835,.0031511696025835,72,55
named,vraem4_no_ayacucho,VRAEM departments excluding Ayacucho,predeclared_exclusion,1,0,de,treat_23,2023,drop_rounding_band,p1_cerrd,1811,500,259,241,181,319,35,146,224,95,11,54,89,137,20,20,1,1,0,.4221359412133108,.4689040418345689,.3549985345150784,.1865474127310544,-.2268803003794839,1.164688384048622,.0014537308645072,.0014537308645072,.0032411195977037,.0032411195977037,25,35
named,vraem4_no_ayacucho,VRAEM departments excluding Ayacucho,predeclared_exclusion,1,0,de,treat_23,2023,drop_rounding_band,p1_mserd,1811,500,259,241,181,319,35,146,224,95,11,54,89,137,20,20,1,1,0,.2436481564866697,.4475623876532602,.3755282944587441,.2333315648028463,-.2884595446616305,1.183584319968151,.0019062920342374,.0019062920342374,.0032411195977037,.0032411195977037,52,55
named,vraem4_no_ayacucho,VRAEM departments excluding Ayacucho,predeclared_exclusion,1,0,de,treat_23,2023,drop_rounding_band,p2_mserd,1811,500,259,241,181,319,35,146,224,95,11,54,89,137,20,20,1,1,0,.3167041921000973,.3451324195828924,.6145950431258879,.5744153662532346,-.8594517300206888,1.549716569186474,.002444377974729,.002444377974729,.0036898629209629,.0036898629209629,55,67
named,vraem4_no_ayacucho,VRAEM departments excluding Ayacucho,predeclared_exclusion,1,0,de,treat_23,2023,drop_sign_conflicts,p1_cerrd,1811,500,259,241,181,319,35,146,224,95,11,54,89,137,20,20,1,1,0,.4221359412133108,.4689040418345689,.3549985345150784,.1865474127310544,-.2268803003794839,1.164688384048622,.0014537308645072,.0014537308645072,.0032411195977037,.0032411195977037,25,35
named,vraem4_no_ayacucho,VRAEM departments excluding Ayacucho,predeclared_exclusion,1,0,de,treat_23,2023,drop_sign_conflicts,p1_mserd,1811,500,259,241,181,319,35,146,224,95,11,54,89,137,20,20,1,1,0,.2436481564866697,.4475623876532602,.3755282944587441,.2333315648028463,-.2884595446616305,1.183584319968151,.0019062920342374,.0019062920342374,.0032411195977037,.0032411195977037,52,55
named,vraem4_no_ayacucho,VRAEM departments excluding Ayacucho,predeclared_exclusion,1,0,de,treat_23,2023,drop_sign_conflicts,p2_mserd,1811,500,259,241,181,319,35,146,224,95,11,54,89,137,20,20,1,1,0,.3167041921000973,.3451324195828924,.6145950431258879,.5744153662532346,-.8594517300206888,1.549716569186474,.002444377974729,.002444377974729,.0036898629209629,.0036898629209629,55,67
named,vraem4_no_ayacucho,VRAEM departments excluding Ayacucho,predeclared_exclusion,1,0,de,treat_23,2023,score_as_recorded,p1_cerrd,1811,520,269,251,201,319,45,156,224,95,12,54,95,137,20,20,1,1,0,-.1775071970386222,-.1897375755711425,.4424837421420411,.6680678792587005,-1.056989773914051,.6775146227717661,.0013744572110708,.0013744572110708,.0031034071413013,.0031034071413013,41,22
named,vraem4_no_ayacucho,VRAEM departments excluding Ayacucho,predeclared_exclusion,1,0,de,treat_23,2023,score_as_recorded,p1_mserd,1811,520,269,251,201,319,45,156,224,95,12,54,95,137,20,20,1,1,0,-.1110395812090058,-.1331039264613374,.3634290219443385,.7141825447391207,-.8454117204088577,.5792038674861829,.0018047025143014,.0018047025143014,.0031034071413013,.0031034071413013,45,35
named,vraem4_no_ayacucho,VRAEM departments excluding Ayacucho,predeclared_exclusion,1,0,de,treat_23,2023,score_as_recorded,p2_mserd,1811,520,269,251,201,319,45,156,224,95,12,54,95,137,20,20,1,1,0,-.3501882926691792,-.3920174024791803,.6662158368100201,.5562477174287377,-1.697776448557033,.9137416435986727,.0019127250778736,.0019127250778736,.0029007122534937,.0029007122534937,72,55
named,vraem5_departments,VRAEM five-department envelope,official_department_envelope,1,0,ab,treat_12,2012,drop_rounding_band,p1_cerrd,3199,1794,936,858,862,932,370,492,566,366,532,775,222,219,0,10,1,1,0,-.0344186660108114,-.0519029871667669,.161359336385248,.7477096123816684,-.3681614750511365,.2643555007176027,.020924900324033,.020924900324033,.0422338521737363,.0422338521737363,154,93
named,vraem5_departments,VRAEM five-department envelope,official_department_envelope,1,0,ab,treat_12,2012,drop_rounding_band,p1_mserd,3199,1794,936,858,862,932,370,492,566,366,532,775,222,219,0,10,1,1,0,-.0172092475447321,-.0478614956423061,.1511743365361061,.7515486382651029,-.3441577506398117,.2484347593551994,.0283716979337086,.0283716979337086,.0422338521737363,.0422338521737363,212,119
named,vraem5_departments,VRAEM five-department envelope,official_department_envelope,1,0,ab,treat_12,2012,drop_rounding_band,p2_mserd,3199,1794,936,858,862,932,370,492,566,366,532,775,222,219,0,10,1,1,0,-.0364420952384692,-.0235882450103508,.2172106921686248,.9135228141774432,-.4493133787178717,.40213688869717,.0288202145561323,.0288202145561323,.0381293147837109,.0381293147837109,216,120
named,vraem5_departments,VRAEM five-department envelope,official_department_envelope,1,0,ab,treat_12,2012,drop_sign_conflicts,p1_cerrd,3199,1804,944,860,871,933,377,494,567,366,533,776,223,219,0,10,1,1,0,-.0693904479511196,-.0829556829572489,.1463541994725689,.5708402155226016,-.3698046429096749,.2038932769951772,.0193727805298341,.0193727805298341,.0391296070548523,.0391296070548523,156,86
named,vraem5_departments,VRAEM five-department envelope,official_department_envelope,1,0,ab,treat_12,2012,drop_sign_conflicts,p1_mserd,3199,1804,944,860,871,933,377,494,567,366,533,776,223,219,0,10,1,1,0,-.0611407281625577,-.0884111208331719,.139919580143696,.5274711940996876,-.3626484586467817,.1858262169804379,.0262701814156045,.0262701814156045,.0391296070548523,.0391296070548523,206,113
named,vraem5_departments,VRAEM five-department envelope,official_department_envelope,1,0,ab,treat_12,2012,drop_sign_conflicts,p2_mserd,3199,1804,944,860,871,933,377,494,567,366,533,776,223,219,0,10,1,1,0,-.0523897631796764,-.0100889815669705,.1751229939165478,.9540586204750628,-.353323742508231,.3331457793742901,.0286151489520011,.0286151489520011,.0365776379261307,.0365776379261307,224,121
named,vraem5_departments,VRAEM five-department envelope,official_department_envelope,1,0,ab,treat_12,2012,score_as_recorded,p1_cerrd,3199,1804,944,860,871,933,377,494,567,366,533,776,223,219,0,10,1,1,0,-.0693904479511196,-.0829556829572489,.1463541994725689,.5708402155226016,-.3698046429096749,.2038932769951772,.0193727805298341,.0193727805298341,.0391296070548523,.0391296070548523,156,86
named,vraem5_departments,VRAEM five-department envelope,official_department_envelope,1,0,ab,treat_12,2012,score_as_recorded,p1_mserd,3199,1804,944,860,871,933,377,494,567,366,533,776,223,219,0,10,1,1,0,-.0611407281625577,-.0884111208331719,.139919580143696,.5274711940996876,-.3626484586467817,.1858262169804379,.0262701814156045,.0262701814156045,.0391296070548523,.0391296070548523,206,113
named,vraem5_departments,VRAEM five-department envelope,official_department_envelope,1,0,ab,treat_12,2012,score_as_recorded,p2_mserd,3199,1804,944,860,871,933,377,494,567,366,533,776,223,219,0,10,1,1,0,-.0523897631796764,-.0100889815669705,.1751229939165478,.9540586204750628,-.353323742508231,.3331457793742901,.0286151489520011,.0286151489520011,.0365776379261307,.0365776379261307,224,121
named,vraem5_departments,VRAEM five-department envelope,official_department_envelope,1,0,ab,treat_16,2016,drop_rounding_band,p1_cerrd,3199,1794,1221,573,862,932,459,403,762,170,532,775,222,219,0,10,1,1,0,-.2677283904534868,-.305250464534945,.1555578522114665,.0497280974412487,-.6101382523818235,-.0003626766880664,.0131488014614675,.0131488014614675,.0332660642010997,.0332660642010997,94,65
named,vraem5_departments,VRAEM five-department envelope,official_department_envelope,1,0,ab,treat_16,2016,drop_rounding_band,p1_mserd,3199,1794,1221,573,862,932,459,403,762,170,532,775,222,219,0,10,1,1,0,-.2253244179823852,-.2943525576870072,.1408105294476985,.036580463451204,-.5703361240485129,-.0183689913255015,.0178282246260737,.0178282246260737,.0332660642010997,.0332660642010997,132,78
named,vraem5_departments,VRAEM five-department envelope,official_department_envelope,1,0,ab,treat_16,2016,drop_rounding_band,p2_mserd,3199,1794,1221,573,862,932,459,403,762,170,532,775,222,219,0,10,1,1,0,-.3404700163877932,-.3876606487706988,.1852212197260083,.0363527038510747,-.7506875686062549,-.0246337289351428,.0247620986512173,.0247620986512173,.0358389849586182,.0358389849586182,189,107
named,vraem5_departments,VRAEM five-department envelope,official_department_envelope,1,0,ab,treat_16,2016,drop_sign_conflicts,p1_cerrd,3199,1804,1230,574,871,933,467,404,763,170,533,776,223,219,0,10,1,1,0,-.1905597650529949,-.2118744450344427,.1355913885553941,.1181478517052945,-.4776286832167915,.053879793147906,.0142907278676325,.0142907278676325,.0341389537682546,.0341389537682546,116,69
named,vraem5_departments,VRAEM five-department envelope,official_department_envelope,1,0,ab,treat_16,2016,drop_sign_conflicts,p1_mserd,3199,1804,1230,574,871,933,467,404,763,170,533,776,223,219,0,10,1,1,0,-.1777349155109866,-.2237906923353604,.1252722603227101,.0740289278103162,-.4693198108297982,.0217384261590774,.0193787367314461,.0193787367314461,.0341389537682546,.0341389537682546,156,86
named,vraem5_departments,VRAEM five-department envelope,official_department_envelope,1,0,ab,treat_16,2016,drop_sign_conflicts,p2_mserd,3199,1804,1230,574,871,933,467,404,763,170,533,776,223,219,0,10,1,1,0,-.2163239411627425,-.2334718485699536,.1585274835590106,.1408176130417639,-.5441800069053799,.0772363097654726,.027235798983598,.027235798983598,.0371598210843294,.0371598210843294,215,115
named,vraem5_departments,VRAEM five-department envelope,official_department_envelope,1,0,ab,treat_16,2016,score_as_recorded,p1_cerrd,3199,1804,1230,574,871,933,467,404,763,170,533,776,223,219,0,10,1,1,0,-.1905597650529949,-.2118744450344427,.1355913885553941,.1181478517052945,-.4776286832167915,.053879793147906,.0142907278676325,.0142907278676325,.0341389537682546,.0341389537682546,116,69
named,vraem5_departments,VRAEM five-department envelope,official_department_envelope,1,0,ab,treat_16,2016,score_as_recorded,p1_mserd,3199,1804,1230,574,871,933,467,404,763,170,533,776,223,219,0,10,1,1,0,-.1777349155109866,-.2237906923353604,.1252722603227101,.0740289278103162,-.4693198108297982,.0217384261590774,.0193787367314461,.0193787367314461,.0341389537682546,.0341389537682546,156,86
named,vraem5_departments,VRAEM five-department envelope,official_department_envelope,1,0,ab,treat_16,2016,score_as_recorded,p2_mserd,3199,1804,1230,574,871,933,467,404,763,170,533,776,223,219,0,10,1,1,0,-.2163239411627425,-.2334718485699536,.1585274835590106,.1408176130417639,-.5441800069053799,.0772363097654726,.027235798983598,.027235798983598,.0371598210843294,.0371598210843294,215,115
named,vraem5_departments,VRAEM five-department envelope,official_department_envelope,1,0,ab,treat_23,2023,drop_rounding_band,p1_cerrd,3199,1794,1624,170,862,932,760,102,864,68,532,775,222,219,0,10,1,1,0,.0360304261665809,.0505497582989487,.0759584140481294,.5057355100657042,-.0983259975581662,.1994255141560636,.0244154103732091,.0244154103732091,.0480113076174062,.0480113076174062,187,103
named,vraem5_departments,VRAEM five-department envelope,official_department_envelope,1,0,ab,treat_23,2023,drop_rounding_band,p1_mserd,3199,1794,1624,170,862,932,760,102,864,68,532,775,222,219,0,10,1,1,0,.0670772512991906,.0926353889643261,.0781147196024773,.2356661263968272,-.0604666481189743,.2457374260476265,.0331044180526216,.0331044180526216,.0480113076174062,.0480113076174062,246,140
named,vraem5_departments,VRAEM five-department envelope,official_department_envelope,1,0,ab,treat_23,2023,drop_rounding_band,p2_mserd,3199,1794,1624,170,862,932,760,102,864,68,532,775,222,219,0,10,1,1,0,-.0117441737346269,-.0476272293453528,.0762734793241212,.5323471163658715,-.1971205017961907,.1018660431054851,.0286956909178991,.0286956909178991,.0411865065195487,.0411865065195487,215,120
named,vraem5_departments,VRAEM five-department envelope,official_department_envelope,1,0,ab,treat_23,2023,drop_sign_conflicts,p1_cerrd,3199,1804,1633,171,871,933,768,103,865,68,533,776,223,219,0,10,1,1,0,.043614093725391,.0583893175546866,.0700175202367706,.4043235946166822,-.0788425003961882,.1956211355055613,.0243535976621546,.0243535976621546,.0481594251118151,.0481594251118151,196,104
named,vraem5_departments,VRAEM five-department envelope,official_department_envelope,1,0,ab,treat_23,2023,drop_sign_conflicts,p1_mserd,3199,1804,1633,171,871,933,768,103,865,68,533,776,223,219,0,10,1,1,0,.0678900776781959,.0940133518762725,.07260027552987,.1953392600358457,-.0482805734299573,.2363072771825022,.0330243471102246,.0330243471102246,.0481594251118151,.0481594251118151,255,140
named,vraem5_departments,VRAEM five-department envelope,official_department_envelope,1,0,ab,treat_23,2023,drop_sign_conflicts,p2_mserd,3199,1804,1633,171,871,933,768,103,865,68,533,776,223,219,0,10,1,1,0,.0169075741004709,-.0075452391406676,.0711071487660305,.9154944122450541,-.1469126897654192,.1318222114840839,.030413912692125,.030413912692125,.0420108482649523,.0420108482649523,239,130
named,vraem5_departments,VRAEM five-department envelope,official_department_envelope,1,0,ab,treat_23,2023,score_as_recorded,p1_cerrd,3199,1804,1633,171,871,933,768,103,865,68,533,776,223,219,0,10,1,1,0,.043614093725391,.0583893175546866,.0700175202367706,.4043235946166822,-.0788425003961882,.1956211355055613,.0243535976621546,.0243535976621546,.0481594251118151,.0481594251118151,196,104
named,vraem5_departments,VRAEM five-department envelope,official_department_envelope,1,0,ab,treat_23,2023,score_as_recorded,p1_mserd,3199,1804,1633,171,871,933,768,103,865,68,533,776,223,219,0,10,1,1,0,.0678900776781959,.0940133518762725,.07260027552987,.1953392600358457,-.0482805734299573,.2363072771825022,.0330243471102246,.0330243471102246,.0481594251118151,.0481594251118151,255,140
named,vraem5_departments,VRAEM five-department envelope,official_department_envelope,1,0,ab,treat_23,2023,score_as_recorded,p2_mserd,3199,1804,1633,171,871,933,768,103,865,68,533,776,223,219,0,10,1,1,0,.0169075741004709,-.0075452391406676,.0711071487660305,.9154944122450541,-.1469126897654192,.1318222114840839,.030413912692125,.030413912692125,.0420108482649523,.0420108482649523,239,130
named,vraem5_departments,VRAEM five-department envelope,official_department_envelope,1,0,bc,treat_12,2012,drop_rounding_band,p1_cerrd,3199,1560,586,974,689,871,209,480,377,494,251,533,227,223,0,3,1,1,0,.098624672478943,.1017660198088704,.1380928662266967,.4611594410979327,-.1688910245173626,.3724230641351034,.010916540047767,.010916540047767,.0231288484035292,.0231288484035292,150,124
named,vraem5_departments,VRAEM five-department envelope,official_department_envelope,1,0,bc,treat_12,2012,drop_rounding_band,p1_mserd,3199,1560,586,974,689,871,209,480,377,494,251,533,227,223,0,3,1,1,0,.0978448681316769,.1026287445468649,.1268547504668069,.4185004033686433,-.1460019976358922,.351259486729622,.0148165004322219,.0148165004322219,.0231288484035292,.0231288484035292,212,166
named,vraem5_departments,VRAEM five-department envelope,official_department_envelope,1,0,bc,treat_12,2012,drop_rounding_band,p2_mserd,3199,1560,586,974,689,871,209,480,377,494,251,533,227,223,0,3,1,1,0,.1472246579126539,.1856960689446261,.1651606042295763,.260870368213205,-.1380127670102171,.5094049048994693,.0175473277121153,.0175473277121153,.0254700313904187,.0254700313904187,262,202
named,vraem5_departments,VRAEM five-department envelope,official_department_envelope,1,0,bc,treat_12,2012,drop_sign_conflicts,p1_cerrd,3199,1563,587,976,692,871,210,482,377,494,252,533,228,223,0,3,1,1,0,.0863851052966365,.0871462424507506,.1343244885392849,.5164844329104061,-.176124917328011,.3504174022295122,.0112308715694306,.0112308715694306,.0236644365532186,.0236644365532186,154,129
named,vraem5_departments,VRAEM five-department envelope,official_department_envelope,1,0,bc,treat_12,2012,drop_sign_conflicts,p1_mserd,3199,1563,587,976,692,871,210,482,377,494,252,533,228,223,0,3,1,1,0,.0838688174527991,.0841219699363918,.1237650879998408,.4967003737787803,-.1584531450867265,.3266970849595101,.0152448195473256,.0152448195473256,.0236644365532186,.0236644365532186,222,174
named,vraem5_departments,VRAEM five-department envelope,official_department_envelope,1,0,bc,treat_12,2012,drop_sign_conflicts,p2_mserd,3199,1563,587,976,692,871,210,482,377,494,252,533,228,223,0,3,1,1,0,.1098517049608416,.1460986594790994,.1530313726983614,.3397307257651483,-.153837319514415,.4460346384726138,.0194388085950285,.0194388085950285,.0278593936470473,.0278593936470473,305,234
named,vraem5_departments,VRAEM five-department envelope,official_department_envelope,1,0,bc,treat_12,2012,score_as_recorded,p1_cerrd,3199,1563,587,976,692,871,210,482,377,494,252,533,228,223,0,3,1,1,0,.0863851052966365,.0871462424507506,.1343244885392849,.5164844329104061,-.176124917328011,.3504174022295122,.0112308715694306,.0112308715694306,.0236644365532186,.0236644365532186,154,129
named,vraem5_departments,VRAEM five-department envelope,official_department_envelope,1,0,bc,treat_12,2012,score_as_recorded,p1_mserd,3199,1563,587,976,692,871,210,482,377,494,252,533,228,223,0,3,1,1,0,.0838688174527991,.0841219699363918,.1237650879998408,.4967003737787803,-.1584531450867265,.3266970849595101,.0152448195473256,.0152448195473256,.0236644365532186,.0236644365532186,222,174
named,vraem5_departments,VRAEM five-department envelope,official_department_envelope,1,0,bc,treat_12,2012,score_as_recorded,p2_mserd,3199,1563,587,976,692,871,210,482,377,494,252,533,228,223,0,3,1,1,0,.1098517049608416,.1460986594790994,.1530313726983614,.3397307257651483,-.153837319514415,.4460346384726138,.0194388085950285,.0194388085950285,.0278593936470473,.0278593936470473,305,234
named,vraem5_departments,VRAEM five-department envelope,official_department_envelope,1,0,bc,treat_16,2016,drop_rounding_band,p1_cerrd,3199,1560,681,879,689,871,214,475,467,404,251,533,227,223,0,3,1,1,0,.2067691602491308,.2185767287368146,.1513536366953521,.1486979486154925,-.0780709481152354,.5152244055888644,.0097772988213341,.0097772988213341,.0208999675514808,.0208999675514808,138,114
named,vraem5_departments,VRAEM five-department envelope,official_department_envelope,1,0,bc,treat_16,2016,drop_rounding_band,p1_mserd,3199,1560,681,879,689,871,214,475,467,404,251,533,227,223,0,3,1,1,0,.2056475763954914,.2261098891342977,.13816520781231,.1017311617409569,-.0446889420943219,.4969087203629174,.013270262517096,.013270262517096,.0208999675514808,.0208999675514808,188,147
named,vraem5_departments,VRAEM five-department envelope,official_department_envelope,1,0,bc,treat_16,2016,drop_rounding_band,p2_mserd,3199,1560,681,879,689,871,214,475,467,404,251,533,227,223,0,3,1,1,0,.2385281294158159,.2652597172806914,.1773314006558186,.1346948919878795,-.0823034413327556,.6128228758941384,.0167859258678979,.0167859258678979,.0231307706861088,.0231307706861088,247,194
named,vraem5_departments,VRAEM five-department envelope,official_department_envelope,1,0,bc,treat_16,2016,drop_sign_conflicts,p1_cerrd,3199,1563,682,881,692,871,215,477,467,404,252,533,228,223,0,3,1,1,0,.1911050455919166,.2002425063885881,.14396465026116,.1642513829798336,-.0819230231701903,.4824080359473665,.0104115457986272,.0104115457986272,.0219561105499396,.0219561105499396,152,123
named,vraem5_departments,VRAEM five-department envelope,official_department_envelope,1,0,bc,treat_16,2016,drop_sign_conflicts,p1_mserd,3199,1563,682,881,692,871,215,477,467,404,252,533,228,223,0,3,1,1,0,.1970923158110595,.2123977406769388,.1324835841220595,.108890407849553,-.0472653127450802,.4720607940989579,.014132664230692,.014132664230692,.0219561105499396,.0219561105499396,200,156
named,vraem5_departments,VRAEM five-department envelope,official_department_envelope,1,0,bc,treat_16,2016,drop_sign_conflicts,p2_mserd,3199,1563,682,881,692,871,215,477,467,404,252,533,228,223,0,3,1,1,0,.2256363150208847,.2524998068118912,.1684367962139809,.1338535349039739,-.0776302474388237,.5826298610626062,.0177498294110572,.0177498294110572,.024391555842591,.024391555842591,271,203
named,vraem5_departments,VRAEM five-department envelope,official_department_envelope,1,0,bc,treat_16,2016,score_as_recorded,p1_cerrd,3199,1563,682,881,692,871,215,477,467,404,252,533,228,223,0,3,1,1,0,.1911050455919166,.2002425063885881,.14396465026116,.1642513829798336,-.0819230231701903,.4824080359473665,.0104115457986272,.0104115457986272,.0219561105499396,.0219561105499396,152,123
named,vraem5_departments,VRAEM five-department envelope,official_department_envelope,1,0,bc,treat_16,2016,score_as_recorded,p1_mserd,3199,1563,682,881,692,871,215,477,467,404,252,533,228,223,0,3,1,1,0,.1970923158110595,.2123977406769388,.1324835841220595,.108890407849553,-.0472653127450802,.4720607940989579,.014132664230692,.014132664230692,.0219561105499396,.0219561105499396,200,156
named,vraem5_departments,VRAEM five-department envelope,official_department_envelope,1,0,bc,treat_16,2016,score_as_recorded,p2_mserd,3199,1563,682,881,692,871,215,477,467,404,252,533,228,223,0,3,1,1,0,.2256363150208847,.2524998068118912,.1684367962139809,.1338535349039739,-.0776302474388237,.5826298610626062,.0177498294110572,.0177498294110572,.024391555842591,.024391555842591,271,203
named,vraem5_departments,VRAEM five-department envelope,official_department_envelope,1,0,bc,treat_23,2023,drop_rounding_band,p1_cerrd,3199,1560,1364,196,689,871,596,93,768,103,251,533,227,223,0,3,1,1,0,.0737055884761919,.0868691406281534,.1065977921651609,.4151155918433619,-.1220586928470478,.2957969741033546,.0097443502516166,.0097443502516166,.0216662806922252,.0216662806922252,138,114
named,vraem5_departments,VRAEM five-department envelope,official_department_envelope,1,0,bc,treat_23,2023,drop_rounding_band,p1_mserd,3199,1560,1364,196,689,871,596,93,768,103,251,533,227,223,0,3,1,1,0,.0347319778583686,.0574631842582274,.1025340263561192,.5751859084910951,-.1434998145896469,.2584261831061017,.0132255429910077,.0132255429910077,.0216662806922252,.0216662806922252,188,147
named,vraem5_departments,VRAEM five-department envelope,official_department_envelope,1,0,bc,treat_23,2023,drop_rounding_band,p2_mserd,3199,1560,1364,196,689,871,596,93,768,103,251,533,227,223,0,3,1,1,0,.2377591749208587,.2812189597265058,.1478809342991954,.0572158818402448,-.008622345500051,.5710602649530626,.0105111555308785,.0105111555308785,.015757655912652,.015757655912652,149,123
named,vraem5_departments,VRAEM five-department envelope,official_department_envelope,1,0,bc,treat_23,2023,drop_sign_conflicts,p1_cerrd,3199,1563,1366,197,692,871,598,94,768,103,252,533,228,223,0,3,1,1,0,.0603864468754807,.0735252234012225,.100035953408606,.4623468141011813,-.1225416424387721,.269592089241217,.0113213945851643,.0113213945851643,.0262184743903105,.0262184743903105,156,131
named,vraem5_departments,VRAEM five-department envelope,official_department_envelope,1,0,bc,treat_23,2023,drop_sign_conflicts,p1_mserd,3199,1563,1366,197,692,871,598,94,768,103,252,533,228,223,0,3,1,1,0,.0389208748435099,.0625310476315299,.0944708573390545,.5080299714551864,-.1226284303416383,.2476905256046982,.0153676957667899,.0153676957667899,.0262184743903105,.0262184743903105,222,175
named,vraem5_departments,VRAEM five-department envelope,official_department_envelope,1,0,bc,treat_23,2023,drop_sign_conflicts,p2_mserd,3199,1563,1366,197,692,871,598,94,768,103,252,533,228,223,0,3,1,1,0,.2500039329654489,.2902626332508529,.142352189807227,.0414454578136333,.0112574681082783,.5692677983934276,.0104720189797684,.0104720189797684,.0155156595392393,.0155156595392393,152,123
named,vraem5_departments,VRAEM five-department envelope,official_department_envelope,1,0,bc,treat_23,2023,score_as_recorded,p1_cerrd,3199,1563,1366,197,692,871,598,94,768,103,252,533,228,223,0,3,1,1,0,.0603864468754807,.0735252234012225,.100035953408606,.4623468141011813,-.1225416424387721,.269592089241217,.0113213945851643,.0113213945851643,.0262184743903105,.0262184743903105,156,131
named,vraem5_departments,VRAEM five-department envelope,official_department_envelope,1,0,bc,treat_23,2023,score_as_recorded,p1_mserd,3199,1563,1366,197,692,871,598,94,768,103,252,533,228,223,0,3,1,1,0,.0389208748435099,.0625310476315299,.0944708573390545,.5080299714551864,-.1226284303416383,.2476905256046982,.0153676957667899,.0153676957667899,.0262184743903105,.0262184743903105,222,175
named,vraem5_departments,VRAEM five-department envelope,official_department_envelope,1,0,bc,treat_23,2023,score_as_recorded,p2_mserd,3199,1563,1366,197,692,871,598,94,768,103,252,533,228,223,0,3,1,1,0,.2500039329654489,.2902626332508529,.142352189807227,.0414454578136333,.0112574681082783,.5692677983934276,.0104720189797684,.0104720189797684,.0155156595392393,.0155156595392393,152,123
named,vraem5_departments,VRAEM five-department envelope,official_department_envelope,1,0,cd,treat_12,2012,drop_rounding_band,p1_cerrd,3199,1148,291,857,458,690,81,377,210,480,56,251,191,227,4,3,1,1,0,-.0733786831233817,-.0715438930762588,.1842897488517787,.6978575430108935,-.4327451635456768,.2896573773931592,.0029342882977475,.0029342882977475,.0059543302983905,.0059543302983905,89,78
named,vraem5_departments,VRAEM five-department envelope,official_department_envelope,1,0,cd,treat_12,2012,drop_rounding_band,p1_mserd,3199,1148,291,857,458,690,81,377,210,480,56,251,191,227,4,3,1,1,0,-.0857832205949348,-.0827289490692039,.1661247230372911,.6184889765824586,-.4083274231639858,.2428695250255781,.0039679080152397,.0039679080152397,.0059543302983905,.0059543302983905,144,109
named,vraem5_departments,VRAEM five-department envelope,official_department_envelope,1,0,cd,treat_12,2012,drop_rounding_band,p2_mserd,3199,1148,291,857,458,690,81,377,210,480,56,251,191,227,4,3,1,1,0,-.0618745064321118,-.0367788608460136,.2097535582239678,.8608099660939641,-.4478882805941157,.3743305589020886,.0050791828437776,.0050791828437776,.0069175925257509,.0069175925257509,176,134
named,vraem5_departments,VRAEM five-department envelope,official_department_envelope,1,0,cd,treat_12,2012,drop_sign_conflicts,p1_cerrd,3199,1147,290,857,458,689,81,377,209,480,56,251,191,227,4,3,1,1,0,-.073665689795983,-.0705307458080716,.1838545087299646,.7012581823458393,-.4308789613141072,.289817469697964,.0029510261676072,.0029510261676072,.0059750644871812,.0059750644871812,89,78
named,vraem5_departments,VRAEM five-department envelope,official_department_envelope,1,0,cd,treat_12,2012,drop_sign_conflicts,p1_mserd,3199,1147,290,857,458,689,81,377,209,480,56,251,191,227,4,3,1,1,0,-.0812648325596692,-.0757242930544924,.1655711573802879,.6474180893380861,-.4002377983984696,.2487892122894849,.0039905418948164,.0039905418948164,.0059750644871812,.0059750644871812,144,108
named,vraem5_departments,VRAEM five-department envelope,official_department_envelope,1,0,cd,treat_12,2012,drop_sign_conflicts,p2_mserd,3199,1147,290,857,458,689,81,377,209,480,56,251,191,227,4,3,1,1,0,-.0582892485635422,-.0341561894555187,.20952455876355,.8705045819567768,-.4448167785087228,.3765043995976854,.0050888358551007,.0050888358551007,.0069225420106431,.0069225420106431,176,133
named,vraem5_departments,VRAEM five-department envelope,official_department_envelope,1,0,cd,treat_12,2012,score_as_recorded,p1_cerrd,3199,1151,292,859,461,690,82,379,210,480,57,251,192,227,4,3,1,1,0,-.0689626440560621,-.0659877325980494,.1709685786604263,.6995232609702261,-.4010799892604881,.2691045240643894,.0030510814928241,.0030510814928241,.006058106538621,.006058106538621,93,80
named,vraem5_departments,VRAEM five-department envelope,official_department_envelope,1,0,cd,treat_12,2012,score_as_recorded,p1_mserd,3199,1151,292,859,461,690,82,379,210,480,57,251,192,227,4,3,1,1,0,-.0826408896344294,-.0774152339047404,.1544954333624845,.6163118055662099,-.3802207190711178,.225390251261637,.0041263352384357,.0041263352384357,.006058106538621,.006058106538621,147,110
named,vraem5_departments,VRAEM five-department envelope,official_department_envelope,1,0,cd,treat_12,2012,score_as_recorded,p2_mserd,3199,1151,292,859,461,690,82,379,210,480,57,251,192,227,4,3,1,1,0,-.0552410522125646,-.0290343655982745,.1959077403887855,.8821815542198398,-.413006481052917,.3549377498563679,.0050913873122191,.0050913873122191,.0068542655212431,.0068542655212431,179,134
named,vraem5_departments,VRAEM five-department envelope,official_department_envelope,1,0,cd,treat_16,2016,drop_rounding_band,p1_cerrd,3199,1148,301,847,458,690,86,372,215,475,56,251,191,227,4,3,1,1,0,-.0063102651557272,.0039198069785942,.1889413772730761,.9834481510730541,-.3663984876660294,.3742381016232179,.0028997394453673,.0028997394453673,.006037118315187,.006037118315187,87,78
named,vraem5_departments,VRAEM five-department envelope,official_department_envelope,1,0,cd,treat_16,2016,drop_rounding_band,p1_mserd,3199,1148,301,847,458,690,86,372,215,475,56,251,191,227,4,3,1,1,0,-.0332063645407071,-.01289382051993,.1705360099358518,.9397312800746831,-.3471382580613643,.3213506170215044,.0039211891333963,.0039211891333963,.006037118315187,.006037118315187,137,109
named,vraem5_departments,VRAEM five-department envelope,official_department_envelope,1,0,cd,treat_16,2016,drop_rounding_band,p2_mserd,3199,1148,301,847,458,690,86,372,215,475,56,251,191,227,4,3,1,1,0,-.0097644537219266,.0127632176056678,.191967470607323,.9469906199487284,-.3634861109879367,.3890125461992722,.0060642055470272,.0060642055470272,.0080930148098386,.0080930148098386,219,162
named,vraem5_departments,VRAEM five-department envelope,official_department_envelope,1,0,cd,treat_16,2016,drop_sign_conflicts,p1_cerrd,3199,1147,300,847,458,689,86,372,214,475,56,251,191,227,4,3,1,1,0,-.005628573370558,.0057667129255791,.1890409623315361,.975664228318304,-.3647467648470245,.3762801906981827,.0028913928750904,.0028913928750904,.0060374752958763,.0060374752958763,87,78
named,vraem5_departments,VRAEM five-department envelope,official_department_envelope,1,0,cd,treat_16,2016,drop_sign_conflicts,p1_mserd,3199,1147,300,847,458,689,86,372,214,475,56,251,191,227,4,3,1,1,0,-.0287111720530633,-.0061903532191239,.170632498096162,.9710600028036458,-.3406239040797006,.3282431976414528,.003909902436337,.003909902436337,.0060374752958763,.0060374752958763,137,108
named,vraem5_departments,VRAEM five-department envelope,official_department_envelope,1,0,cd,treat_16,2016,drop_sign_conflicts,p2_mserd,3199,1147,300,847,458,689,86,372,214,475,56,251,191,227,4,3,1,1,0,-.0041950981631544,.0196958288633082,.1924719914050551,.918494042756056,-.3575423423233024,.3969340000499189,.0060286710309066,.0060286710309066,.0080745377780909,.0080745377780909,219,161
named,vraem5_departments,VRAEM five-department envelope,official_department_envelope,1,0,cd,treat_16,2016,score_as_recorded,p1_cerrd,3199,1151,302,849,461,690,87,374,215,475,57,251,192,227,4,3,1,1,0,-.0031953053675867,.0073779412973915,.176998178147205,.9667508376481585,-.3395321132003347,.3542879957951177,.0029574548840129,.0029574548840129,.0060785289257173,.0060785289257173,92,78
named,vraem5_departments,VRAEM five-department envelope,official_department_envelope,1,0,cd,treat_16,2016,score_as_recorded,p1_mserd,3199,1151,302,849,461,690,87,374,215,475,57,251,192,227,4,3,1,1,0,-.0308604128775727,-.0097851062682404,.1603587088198895,.951343192357592,-.3240824001625692,.3045121876260884,.0039997129977313,.0039997129977313,.0060785289257173,.0060785289257173,147,109
named,vraem5_departments,VRAEM five-department envelope,official_department_envelope,1,0,cd,treat_16,2016,score_as_recorded,p2_mserd,3199,1151,302,849,461,690,87,374,215,475,57,251,192,227,4,3,1,1,0,-.0083188326872439,.0175155239106579,.1810492669737732,.9229292860569189,-.3373345187853145,.3723655666066303,.0060509069386402,.0060509069386402,.0080455419505207,.0080455419505207,222,162
named,vraem5_departments,VRAEM five-department envelope,official_department_envelope,1,0,cd,treat_23,2023,drop_rounding_band,p1_cerrd,3199,1148,914,234,458,690,318,140,596,94,56,251,191,227,4,3,1,1,0,.08099055243123,.0843211165467295,.1237230400352272,.4955354082002038,-.158171585980123,.326813819073582,.0034629349006894,.0034629349006894,.0073093891375565,.0073093891375565,108,90
named,vraem5_departments,VRAEM five-department envelope,official_department_envelope,1,0,cd,treat_23,2023,drop_rounding_band,p1_mserd,3199,1148,914,234,458,690,318,140,596,94,56,251,191,227,4,3,1,1,0,.0948251190474239,.1011177623996338,.1134836932537592,.3729112457675426,-.1213061892103252,.3235417140095928,.0046827733863937,.0046827733863937,.0073093891375565,.0073093891375565,167,127
named,vraem5_departments,VRAEM five-department envelope,official_department_envelope,1,0,cd,treat_23,2023,drop_rounding_band,p2_mserd,3199,1148,914,234,458,690,318,140,596,94,56,251,191,227,4,3,1,1,0,.0962664800713782,.0917615905954476,.1376882986441392,.5051271140191683,-.1781025158396603,.3616256970305556,.0062457782657496,.0062457782657496,.0085676229815156,.0085676229815156,229,168
named,vraem5_departments,VRAEM five-department envelope,official_department_envelope,1,0,cd,treat_23,2023,drop_sign_conflicts,p1_cerrd,3199,1147,913,234,458,689,318,140,595,94,56,251,191,227,4,3,1,1,0,.0816651892191378,.0852699047198959,.1239389210754345,.4914531521776929,-.1576459168707079,.3281857263104997,.0034592566421787,.0034592566421787,.0073068471308326,.0073068471308326,108,89
named,vraem5_departments,VRAEM five-department envelope,official_department_envelope,1,0,cd,treat_23,2023,drop_sign_conflicts,p1_mserd,3199,1147,913,234,458,689,318,140,595,94,56,251,191,227,4,3,1,1,0,.0955754742459811,.1024242669895503,.1136105598722149,.3673021983674097,-.1202483386234224,.325096872602523,.0046777994404329,.0046777994404329,.0073068471308326,.0073068471308326,167,126
named,vraem5_departments,VRAEM five-department envelope,official_department_envelope,1,0,cd,treat_23,2023,drop_sign_conflicts,p2_mserd,3199,1147,913,234,458,689,318,140,595,94,56,251,191,227,4,3,1,1,0,.097361699890183,.0930291604018789,.1377458816959702,.4994419919852442,-.1769478067409376,.3630061275446954,.0062486494452846,.0062486494452846,.0085708790020833,.0085708790020833,229,167
named,vraem5_departments,VRAEM five-department envelope,official_department_envelope,1,0,cd,treat_23,2023,score_as_recorded,p1_cerrd,3199,1151,917,234,461,690,321,140,596,94,57,251,192,227,4,3,1,1,0,.04635320689676,.0465972895952607,.1205059057721707,.6989927190679353,-.1895899456425713,.2827845248330926,.0031064230955442,.0031064230955442,.0064073282049058,.0064073282049058,93,84
named,vraem5_departments,VRAEM five-department envelope,official_department_envelope,1,0,cd,treat_23,2023,score_as_recorded,p1_mserd,3199,1151,917,234,461,690,321,140,596,94,57,251,192,227,4,3,1,1,0,.072627590122138,.0737081070789514,.1109007645041827,.506286414898669,-.1436533972072047,.2910696113651075,.0042011801765314,.0042011801765314,.0064073282049058,.0064073282049058,154,111
named,vraem5_departments,VRAEM five-department envelope,official_department_envelope,1,0,cd,treat_23,2023,score_as_recorded,p2_mserd,3199,1151,917,234,461,690,321,140,596,94,57,251,192,227,4,3,1,1,0,.0534022977563211,.0476227650854457,.1285157214389443,.7109653992310558,-.2042634203820672,.2995089505529586,.0058573082879243,.0058573082879243,.007876169014921,.007876169014921,205,157
named,vraem5_departments,VRAEM five-department envelope,official_department_envelope,1,0,de,treat_12,2012,drop_rounding_band,p1_cerrd,3199,679,90,589,244,435,10,234,80,355,12,56,123,188,24,24,1,1,0,.0114583333333333,-.0198836051790054,.2551706600895264,.9378894850108473,-.5200089088657892,.4802416985077783,.0009594773329098,.0009594773329098,.0026341371009397,.0026341371009397,33,22
named,vraem5_departments,VRAEM five-department envelope,official_department_envelope,1,0,de,treat_12,2012,drop_rounding_band,p1_mserd,3199,679,90,589,244,435,10,234,80,355,12,56,123,188,24,24,1,1,0,.0114583333333333,-.0654303185730123,.172877035592081,.7050748297488525,-.40426308208754,.2734024449415154,.0012784175933459,.0012784175933459,.0026341371009397,.0026341371009397,33,27
named,vraem5_departments,VRAEM five-department envelope,official_department_envelope,1,0,de,treat_12,2012,drop_rounding_band,p2_mserd,3199,679,90,589,244,435,10,234,80,355,12,56,123,188,24,24,1,1,0,.136126523081024,.1121440602491146,.3406983518387771,.7420352193449555,-.555612438947044,.7799005594452733,.0018424511948412,.0018424511948412,.0032985464623372,.0032985464623372,77,48
named,vraem5_departments,VRAEM five-department envelope,official_department_envelope,1,0,de,treat_12,2012,drop_sign_conflicts,p1_cerrd,3199,679,90,589,244,435,10,234,80,355,12,56,123,188,24,24,1,1,0,.0114583333333333,-.0198836051790054,.2551706600895264,.9378894850108473,-.5200089088657892,.4802416985077783,.0009594773329098,.0009594773329098,.0026341371009397,.0026341371009397,33,22
named,vraem5_departments,VRAEM five-department envelope,official_department_envelope,1,0,de,treat_12,2012,drop_sign_conflicts,p1_mserd,3199,679,90,589,244,435,10,234,80,355,12,56,123,188,24,24,1,1,0,.0114583333333333,-.0654303185730123,.172877035592081,.7050748297488525,-.40426308208754,.2734024449415154,.0012784175933459,.0012784175933459,.0026341371009397,.0026341371009397,33,27
named,vraem5_departments,VRAEM five-department envelope,official_department_envelope,1,0,de,treat_12,2012,drop_sign_conflicts,p2_mserd,3199,679,90,589,244,435,10,234,80,355,12,56,123,188,24,24,1,1,0,.136126523081024,.1121440602491146,.3406983518387771,.7420352193449555,-.555612438947044,.7799005594452733,.0018424511948412,.0018424511948412,.0032985464623372,.0032985464623372,77,48
named,vraem5_departments,VRAEM five-department envelope,official_department_envelope,1,0,de,treat_12,2012,score_as_recorded,p1_cerrd,3199,703,92,611,268,435,12,256,80,355,13,56,129,188,24,24,1,1,0,-.1695007944573128,-.1915087486711052,.0743113038153124,.0099628903260273,-.3371562277933313,-.045861269548879,.0020672151274156,.0020672151274156,.0048179354946608,.0048179354946608,101,72
named,vraem5_departments,VRAEM five-department envelope,official_department_envelope,1,0,de,treat_12,2012,score_as_recorded,p1_mserd,3199,703,92,611,268,435,12,256,80,355,13,56,129,188,24,24,1,1,0,-.0859664139794608,-.1157219540088697,.0659440597209569,.0792849145344787,-.2449699360563036,.0135260280385641,.002757011880105,.002757011880105,.0048179354946608,.0048179354946608,107,89
named,vraem5_departments,VRAEM five-department envelope,official_department_envelope,1,0,de,treat_12,2012,score_as_recorded,p2_mserd,3199,703,92,611,268,435,12,256,80,355,13,56,129,188,24,24,1,1,0,.0555501732239362,.0385456700353183,.3408365917117283,.9099581332801387,-.6294817743330521,.7065731144036886,.0018018311347539,.0018018311347539,.0032540169373439,.0032540169373439,61,48
named,vraem5_departments,VRAEM five-department envelope,official_department_envelope,1,0,de,treat_16,2016,drop_rounding_band,p1_cerrd,3199,679,95,584,244,435,10,234,85,350,12,56,123,188,24,24,1,1,0,.0114583333333333,-.0198836051790108,.2551706600894939,.9378894850108227,-.5200089088657309,.4802416985077093,.0009594773329096,.0009594773329096,.0026341371009393,.0026341371009393,33,22
named,vraem5_departments,VRAEM five-department envelope,official_department_envelope,1,0,de,treat_16,2016,drop_rounding_band,p1_mserd,3199,679,95,584,244,435,10,234,85,350,12,56,123,188,24,24,1,1,0,.0114583333333335,-.0654303185729577,.1728770355921574,.7050748297492115,-.4042630820876352,.2734024449417199,.0012784175933456,.0012784175933456,.0026341371009393,.0026341371009393,33,27
named,vraem5_departments,VRAEM five-department envelope,official_department_envelope,1,0,de,treat_16,2016,drop_rounding_band,p2_mserd,3199,679,95,584,244,435,10,234,85,350,12,56,123,188,24,24,1,1,0,.1361265230784254,.1121440602460628,.3406983518397363,.742035219352426,-.5556124389519759,.7799005594441015,.0018424511948494,.0018424511948494,.0032985464623454,.0032985464623454,77,48
named,vraem5_departments,VRAEM five-department envelope,official_department_envelope,1,0,de,treat_16,2016,drop_sign_conflicts,p1_cerrd,3199,679,95,584,244,435,10,234,85,350,12,56,123,188,24,24,1,1,0,.0114583333333333,-.0198836051790108,.2551706600894939,.9378894850108227,-.5200089088657309,.4802416985077093,.0009594773329096,.0009594773329096,.0026341371009393,.0026341371009393,33,22
named,vraem5_departments,VRAEM five-department envelope,official_department_envelope,1,0,de,treat_16,2016,drop_sign_conflicts,p1_mserd,3199,679,95,584,244,435,10,234,85,350,12,56,123,188,24,24,1,1,0,.0114583333333335,-.0654303185729577,.1728770355921574,.7050748297492115,-.4042630820876352,.2734024449417199,.0012784175933456,.0012784175933456,.0026341371009393,.0026341371009393,33,27
named,vraem5_departments,VRAEM five-department envelope,official_department_envelope,1,0,de,treat_16,2016,drop_sign_conflicts,p2_mserd,3199,679,95,584,244,435,10,234,85,350,12,56,123,188,24,24,1,1,0,.1361265230784254,.1121440602460628,.3406983518397363,.742035219352426,-.5556124389519759,.7799005594441015,.0018424511948494,.0018424511948494,.0032985464623454,.0032985464623454,77,48
named,vraem5_departments,VRAEM five-department envelope,official_department_envelope,1,0,de,treat_16,2016,score_as_recorded,p1_cerrd,3199,703,97,606,268,435,12,256,85,350,13,56,129,188,24,24,1,1,0,-.1507603352103288,-.1599933026377098,.0718095160926203,.0258789356448954,-.300737367926495,-.0192492373489245,.0023074183305868,.0023074183305868,.005043960853023,.005043960853023,106,72
named,vraem5_departments,VRAEM five-department envelope,official_department_envelope,1,0,de,treat_16,2016,score_as_recorded,p1_mserd,3199,703,97,606,268,435,12,256,85,350,13,56,129,188,24,24,1,1,0,-.0454366165234394,-.0607062952619121,.0628880325711469,.3343907704961572,-.1839645741599419,.0625519836361177,.0030773670652037,.0030773670652037,.005043960853023,.005043960853023,107,118
named,vraem5_departments,VRAEM five-department envelope,official_department_envelope,1,0,de,treat_16,2016,score_as_recorded,p2_mserd,3199,703,97,606,268,435,12,256,85,350,13,56,129,188,24,24,1,1,0,.055546005832247,.0386550801118036,.3402445416190178,.9095471980924795,-.6282119673978106,.7055221276214179,.0018017846835441,.0018017846835441,.0032475434054979,.0032475434054979,61,48
named,vraem5_departments,VRAEM five-department envelope,official_department_envelope,1,0,de,treat_23,2023,drop_rounding_band,p1_cerrd,3199,679,367,312,244,435,60,184,307,128,12,56,123,188,24,24,1,1,0,.406350184546957,.4183813375493415,.3875909289106234,.2803914145487001,-.3412829238499047,1.178045598948588,.0015173624102323,.0015173624102323,.0033316504197526,.0033316504197526,37,48
named,vraem5_departments,VRAEM five-department envelope,official_department_envelope,1,0,de,treat_23,2023,drop_rounding_band,p1_mserd,3199,679,367,312,244,435,60,184,307,128,12,56,123,188,24,24,1,1,0,.1482169307209826,.2694786569635022,.3435411772405442,.4327969735885787,-.4038496776344557,.94280699156146,.0020217494819183,.0020217494819183,.0033316504197526,.0033316504197526,77,72
named,vraem5_departments,VRAEM five-department envelope,official_department_envelope,1,0,de,treat_23,2023,drop_rounding_band,p2_mserd,3199,679,367,312,244,435,60,184,307,128,12,56,123,188,24,24,1,1,0,.4237547335697336,.401893413472159,.6043934655252288,.5060803799668601,-.7826960114486399,1.586482838392958,.0023232795308868,.0023232795308868,.0036048462658621,.0036048462658621,82,72
named,vraem5_departments,VRAEM five-department envelope,official_department_envelope,1,0,de,treat_23,2023,drop_sign_conflicts,p1_cerrd,3199,679,367,312,244,435,60,184,307,128,12,56,123,188,24,24,1,1,0,.406350184546957,.4183813375493415,.3875909289106234,.2803914145487001,-.3412829238499047,1.178045598948588,.0015173624102323,.0015173624102323,.0033316504197526,.0033316504197526,37,48
named,vraem5_departments,VRAEM five-department envelope,official_department_envelope,1,0,de,treat_23,2023,drop_sign_conflicts,p1_mserd,3199,679,367,312,244,435,60,184,307,128,12,56,123,188,24,24,1,1,0,.1482169307209826,.2694786569635022,.3435411772405442,.4327969735885787,-.4038496776344557,.94280699156146,.0020217494819183,.0020217494819183,.0033316504197526,.0033316504197526,77,72
named,vraem5_departments,VRAEM five-department envelope,official_department_envelope,1,0,de,treat_23,2023,drop_sign_conflicts,p2_mserd,3199,679,367,312,244,435,60,184,307,128,12,56,123,188,24,24,1,1,0,.4237547335697336,.401893413472159,.6043934655252288,.5060803799668601,-.7826960114486399,1.586482838392958,.0023232795308868,.0023232795308868,.0036048462658621,.0036048462658621,82,72
named,vraem5_departments,VRAEM five-department envelope,official_department_envelope,1,0,de,treat_23,2023,score_as_recorded,p1_cerrd,3199,703,379,324,268,435,72,196,307,128,13,56,129,188,24,24,1,1,0,-.2580643890048896,-.2967510619407745,.4971682108360879,.5505857548659684,-1.271182849437723,.6776807255561739,.0012853828387692,.0012853828387692,.0030139929183608,.0030139929183608,57,27
named,vraem5_departments,VRAEM five-department envelope,official_department_envelope,1,0,de,treat_23,2023,score_as_recorded,p1_mserd,3199,703,379,324,268,435,72,196,307,128,13,56,129,188,24,24,1,1,0,-.0464300873997549,-.1162810461927553,.3293820907591057,.724067573469604,-.7618580812331057,.5292959888475952,.0017142946130625,.0017142946130625,.0030139929183608,.0030139929183608,61,48
named,vraem5_departments,VRAEM five-department envelope,official_department_envelope,1,0,de,treat_23,2023,score_as_recorded,p2_mserd,3199,703,379,324,268,435,72,196,307,128,13,56,129,188,24,24,1,1,0,-.1399903774440002,-.2209384290500451,.6025630201739284,.7138693386897168,-1.401940247006626,.9600633889065362,.0020223908190406,.0020223908190406,.0031567122088466,.0031567122088466,101,72
named,vraem6_direct_provinces,VRAEM direct-intervention province envelope,official_province_envelope,1,0,ab,treat_12,2012,drop_rounding_band,p1_cerrd,1063,651,370,281,321,330,152,169,218,112,269,300,43,32,0,4,1,1,0,.0120597192875724,-.0092769989078443,.2428954540887912,.9695334973030667,-.4853433409303771,.4667893431146886,.0213548853538811,.0213548853538811,.0387439262858671,.0387439262858671,63,39
named,vraem6_direct_provinces,VRAEM direct-intervention province envelope,official_province_envelope,1,0,ab,treat_12,2012,drop_rounding_band,p1_mserd,1063,651,370,281,321,330,152,169,218,112,269,300,43,32,0,4,1,1,0,.0119936800921834,-.0117518902964,.229953881391398,.9592415149988539,-.4624532159287352,.4389494353359352,.0265002705234324,.0265002705234324,.0387439262858671,.0387439262858671,76,50
named,vraem6_direct_provinces,VRAEM direct-intervention province envelope,official_province_envelope,1,0,ab,treat_12,2012,drop_rounding_band,p2_mserd,1063,651,370,281,321,330,152,169,218,112,269,300,43,32,0,4,1,1,0,-.0658245797445085,-.0941447096073693,.3171732097565068,.7666006676855726,-.7157927775910906,.527503358376352,.0298027763014906,.0298027763014906,.0394323903621914,.0394323903621914,84,56
named,vraem6_direct_provinces,VRAEM direct-intervention province envelope,official_province_envelope,1,0,ab,treat_12,2012,drop_sign_conflicts,p1_cerrd,1063,655,373,282,325,330,155,170,218,112,270,300,43,32,0,4,1,1,0,-.0306148949695321,-.0462091961787308,.214194829382834,.8291947736623938,-.4660233474437872,.3736049550863256,.0205901275443274,.0205901275443274,.0365858969355344,.0365858969355344,63,39
named,vraem6_direct_provinces,VRAEM direct-intervention province envelope,official_province_envelope,1,0,ab,treat_12,2012,drop_sign_conflicts,p1_mserd,1063,655,373,282,325,330,155,170,218,112,270,300,43,32,0,4,1,1,0,-.0442534377840186,-.0673772131057155,.2059629082915093,.7435674805097626,-.4710570955081999,.3363026692967688,.02555124698609,.02555124698609,.0365858969355344,.0365858969355344,78,49
named,vraem6_direct_provinces,VRAEM direct-intervention province envelope,official_province_envelope,1,0,ab,treat_12,2012,drop_sign_conflicts,p2_mserd,1063,655,373,282,325,330,155,170,218,112,270,300,43,32,0,4,1,1,0,-.075199459534967,-.0565614673750141,.2704589520593446,.8343456396271216,-.5866512727077745,.4735283379577463,.0305545858308691,.0305545858308691,.0391522197154891,.0391522197154891,90,57
named,vraem6_direct_provinces,VRAEM direct-intervention province envelope,official_province_envelope,1,0,ab,treat_12,2012,score_as_recorded,p1_cerrd,1063,655,373,282,325,330,155,170,218,112,270,300,43,32,0,4,1,1,0,-.0306148949695321,-.0462091961787308,.214194829382834,.8291947736623938,-.4660233474437872,.3736049550863256,.0205901275443274,.0205901275443274,.0365858969355344,.0365858969355344,63,39
named,vraem6_direct_provinces,VRAEM direct-intervention province envelope,official_province_envelope,1,0,ab,treat_12,2012,score_as_recorded,p1_mserd,1063,655,373,282,325,330,155,170,218,112,270,300,43,32,0,4,1,1,0,-.0442534377840186,-.0673772131057155,.2059629082915093,.7435674805097626,-.4710570955081999,.3363026692967688,.02555124698609,.02555124698609,.0365858969355344,.0365858969355344,78,49
named,vraem6_direct_provinces,VRAEM direct-intervention province envelope,official_province_envelope,1,0,ab,treat_12,2012,score_as_recorded,p2_mserd,1063,655,373,282,325,330,155,170,218,112,270,300,43,32,0,4,1,1,0,-.075199459534967,-.0565614673750141,.2704589520593446,.8343456396271216,-.5866512727077745,.4735283379577463,.0305545858308691,.0305545858308691,.0391522197154891,.0391522197154891,90,57
named,vraem6_direct_provinces,VRAEM direct-intervention province envelope,official_province_envelope,1,0,ab,treat_16,2016,drop_rounding_band,p1_cerrd,1063,651,439,212,321,330,172,149,267,63,269,300,43,32,0,4,1,1,0,-.2060887487000214,-.2621984614044937,.2236809478773409,.2411173887702867,-.7006050632718627,.1762081404628754,.0154792884748484,.0154792884748484,.032646038342819,.032646038342819,44,37
named,vraem6_direct_provinces,VRAEM direct-intervention province envelope,official_province_envelope,1,0,ab,treat_16,2016,drop_rounding_band,p1_mserd,1063,651,439,212,321,330,172,149,267,63,269,300,43,32,0,4,1,1,0,-.1418737442225633,-.2309102604216176,.2122194767066209,.2765629283840887,-.6468527915845315,.1850322707412964,.0192089690623967,.0192089690623967,.032646038342819,.032646038342819,57,38
named,vraem6_direct_provinces,VRAEM direct-intervention province envelope,official_province_envelope,1,0,ab,treat_16,2016,drop_rounding_band,p2_mserd,1063,651,439,212,321,330,172,149,267,63,269,300,43,32,0,4,1,1,0,-.2588747664835895,-.3023976611855881,.2485063229962669,.223657093319392,-.7894611041887489,.1846657818175728,.030798390664312,.030798390664312,.0426216067388072,.0426216067388072,86,58
named,vraem6_direct_provinces,VRAEM direct-intervention province envelope,official_province_envelope,1,0,ab,treat_16,2016,drop_sign_conflicts,p1_cerrd,1063,655,442,213,325,330,175,150,267,63,270,300,43,32,0,4,1,1,0,-.093495418309828,-.1198911774667176,.2070014485521194,.5624674685246444,-.5256065613764924,.2858242064430572,.0169457793858234,.0169457793858234,.0343206755337755,.0343206755337755,53,38
named,vraem6_direct_provinces,VRAEM direct-intervention province envelope,official_province_envelope,1,0,ab,treat_16,2016,drop_sign_conflicts,p1_mserd,1063,655,442,213,325,330,175,150,267,63,270,300,43,32,0,4,1,1,0,-.0797920081067722,-.1253012175835705,.1979206686467879,.5266761210407715,-.5132185999273605,.2626161647602195,.0210288058452681,.0210288058452681,.0343206755337755,.0343206755337755,65,39
named,vraem6_direct_provinces,VRAEM direct-intervention province envelope,official_province_envelope,1,0,ab,treat_16,2016,drop_sign_conflicts,p2_mserd,1063,655,442,213,325,330,175,150,267,63,270,300,43,32,0,4,1,1,0,-.1448928327338459,-.1530751352772475,.2380516129058707,.5202024351880215,-.6196477230344242,.3134974524799293,.0321785777247964,.0321785777247964,.0449673577507024,.0449673577507024,93,58
named,vraem6_direct_provinces,VRAEM direct-intervention province envelope,official_province_envelope,1,0,ab,treat_16,2016,score_as_recorded,p1_cerrd,1063,655,442,213,325,330,175,150,267,63,270,300,43,32,0,4,1,1,0,-.093495418309828,-.1198911774667176,.2070014485521194,.5624674685246444,-.5256065613764924,.2858242064430572,.0169457793858234,.0169457793858234,.0343206755337755,.0343206755337755,53,38
named,vraem6_direct_provinces,VRAEM direct-intervention province envelope,official_province_envelope,1,0,ab,treat_16,2016,score_as_recorded,p1_mserd,1063,655,442,213,325,330,175,150,267,63,270,300,43,32,0,4,1,1,0,-.0797920081067722,-.1253012175835705,.1979206686467879,.5266761210407715,-.5132185999273605,.2626161647602195,.0210288058452681,.0210288058452681,.0343206755337755,.0343206755337755,65,39
named,vraem6_direct_provinces,VRAEM direct-intervention province envelope,official_province_envelope,1,0,ab,treat_16,2016,score_as_recorded,p2_mserd,1063,655,442,213,325,330,175,150,267,63,270,300,43,32,0,4,1,1,0,-.1448928327338459,-.1530751352772475,.2380516129058707,.5202024351880215,-.6196477230344242,.3134974524799293,.0321785777247964,.0321785777247964,.0449673577507024,.0449673577507024,93,58
named,vraem6_direct_provinces,VRAEM direct-intervention province envelope,official_province_envelope,1,0,ab,treat_23,2023,drop_rounding_band,p1_cerrd,1063,651,565,86,321,330,268,53,297,33,269,300,43,32,0,4,1,1,0,.0156229261145451,.0325071775381971,.1205893907581701,.7874917496255333,-.2038436852654434,.2688580403418376,.040565148904983,.040565148904983,.067059191620624,.067059191620624,123,70
named,vraem6_direct_provinces,VRAEM direct-intervention province envelope,official_province_envelope,1,0,ab,treat_23,2023,drop_rounding_band,p1_mserd,1063,651,565,86,321,330,268,53,297,33,269,300,43,32,0,4,1,1,0,.0076421105486542,.0325904739687979,.1215915870486491,.7886744484646497,-.2057246574696213,.270905605407217,.0503391800981967,.0503391800981967,.067059191620624,.067059191620624,156,83
named,vraem6_direct_provinces,VRAEM direct-intervention province envelope,official_province_envelope,1,0,ab,treat_23,2023,drop_rounding_band,p2_mserd,1063,651,565,86,321,330,268,53,297,33,269,300,43,32,0,4,1,1,0,.0222902733762469,-.0059558650808378,.1114157176854599,.9573683980720209,-.2243266590560214,.2124149288943459,.0407850999456206,.0407850999456206,.0483044125867767,.0483044125867767,123,70
named,vraem6_direct_provinces,VRAEM direct-intervention province envelope,official_province_envelope,1,0,ab,treat_23,2023,drop_sign_conflicts,p1_cerrd,1063,655,568,87,325,330,271,54,297,33,270,300,43,32,0,4,1,1,0,.0528757745949782,.0676672853576961,.1252880872711808,.5891325322043219,-.1778928533857294,.3132274241011215,.0345091006045171,.0345091006045171,.0558920143948108,.0558920143948108,103,61
named,vraem6_direct_provinces,VRAEM direct-intervention province envelope,official_province_envelope,1,0,ab,treat_23,2023,drop_sign_conflicts,p1_mserd,1063,655,568,87,325,330,271,54,297,33,270,300,43,32,0,4,1,1,0,.0402981174281871,.0626694983928529,.1232219486966492,.6110393695350959,-.1788410831574218,.3041800799431276,.0428239480748999,.0428239480748999,.0558920143948108,.0558920143948108,136,73
named,vraem6_direct_provinces,VRAEM direct-intervention province envelope,official_province_envelope,1,0,ab,treat_23,2023,drop_sign_conflicts,p2_mserd,1063,655,568,87,325,330,271,54,297,33,270,300,43,32,0,4,1,1,0,.0745521221879257,.0841858290180553,.1205472766005103,.4849498395830764,-.1520824915533329,.3204541495894435,.0477598144380706,.0477598144380706,.0572679140919932,.0572679140919932,152,80
named,vraem6_direct_provinces,VRAEM direct-intervention province envelope,official_province_envelope,1,0,ab,treat_23,2023,score_as_recorded,p1_cerrd,1063,655,568,87,325,330,271,54,297,33,270,300,43,32,0,4,1,1,0,.0528757745949782,.0676672853576961,.1252880872711808,.5891325322043219,-.1778928533857294,.3132274241011215,.0345091006045171,.0345091006045171,.0558920143948108,.0558920143948108,103,61
named,vraem6_direct_provinces,VRAEM direct-intervention province envelope,official_province_envelope,1,0,ab,treat_23,2023,score_as_recorded,p1_mserd,1063,655,568,87,325,330,271,54,297,33,270,300,43,32,0,4,1,1,0,.0402981174281871,.0626694983928529,.1232219486966492,.6110393695350959,-.1788410831574218,.3041800799431276,.0428239480748999,.0428239480748999,.0558920143948108,.0558920143948108,136,73
named,vraem6_direct_provinces,VRAEM direct-intervention province envelope,official_province_envelope,1,0,ab,treat_23,2023,score_as_recorded,p2_mserd,1063,655,568,87,325,330,271,54,297,33,270,300,43,32,0,4,1,1,0,.0745521221879257,.0841858290180553,.1205472766005103,.4849498395830764,-.1520824915533329,.3204541495894435,.0477598144380706,.0477598144380706,.0572679140919932,.0572679140919932,152,80
named,vraem6_direct_provinces,VRAEM direct-intervention province envelope,official_province_envelope,1,0,bc,treat_12,2012,drop_rounding_band,p1_cerrd,1063,513,212,301,188,325,57,131,155,170,123,270,42,43,0,2,1,1,0,-.455345543907155,-.5034666925866297,.2978773568687074,.0909933041354884,-1.087295583859281,.0803621986860215,.006612306034314,.006612306034314,.0161779552131376,.0161779552131376,23,28
named,vraem6_direct_provinces,VRAEM direct-intervention province envelope,official_province_envelope,1,0,bc,treat_12,2012,drop_rounding_band,p1_mserd,1063,513,212,301,188,325,57,131,155,170,123,270,42,43,0,2,1,1,0,-.3629209161787169,-.4311236516600787,.2679199145638372,.1075832843727265,-.9562370349462478,.0939897316260904,.00825703055887,.00825703055887,.0161779552131376,.0161779552131376,30,33
named,vraem6_direct_provinces,VRAEM direct-intervention province envelope,official_province_envelope,1,0,bc,treat_12,2012,drop_rounding_band,p2_mserd,1063,513,212,301,188,325,57,131,155,170,123,270,42,43,0,2,1,1,0,-.4932947685542173,-.5465712112052608,.2957950503012421,.0646307343120472,-1.126318856600909,.0331764341903873,.0140481718472186,.0140481718472186,.0213760638240136,.0213760638240136,51,59
named,vraem6_direct_provinces,VRAEM direct-intervention province envelope,official_province_envelope,1,0,bc,treat_12,2012,drop_sign_conflicts,p1_cerrd,1063,515,213,302,190,325,58,132,155,170,124,270,42,43,0,2,1,1,0,-.4639507267917284,-.5120442395434375,.2451232260771519,.036714399892482,-.9924769344289246,-.0316115446579504,.0068498286016063,.0068498286016063,.0162058795220963,.0162058795220963,27,28
named,vraem6_direct_provinces,VRAEM direct-intervention province envelope,official_province_envelope,1,0,bc,treat_12,2012,drop_sign_conflicts,p1_mserd,1063,515,213,302,190,325,58,132,155,170,124,270,42,43,0,2,1,1,0,-.3840029513851698,-.4540476696190584,.2304802184089028,.0488375553884484,-.9057805968494332,-.0023147423886835,.0085536337539393,.0085536337539393,.0162058795220963,.0162058795220963,33,35
named,vraem6_direct_provinces,VRAEM direct-intervention province envelope,official_province_envelope,1,0,bc,treat_12,2012,drop_sign_conflicts,p2_mserd,1063,515,213,302,190,325,58,132,155,170,124,270,42,43,0,2,1,1,0,-.4704416143946655,-.5254296391211676,.2414448555955359,.029541131014651,-.9986528603408921,-.0522064179014431,.0150620837975229,.0150620837975229,.0219397345189523,.0219397345189523,57,66
named,vraem6_direct_provinces,VRAEM direct-intervention province envelope,official_province_envelope,1,0,bc,treat_12,2012,score_as_recorded,p1_cerrd,1063,515,213,302,190,325,58,132,155,170,124,270,42,43,0,2,1,1,0,-.4639507267917284,-.5120442395434375,.2451232260771519,.036714399892482,-.9924769344289246,-.0316115446579504,.0068498286016063,.0068498286016063,.0162058795220963,.0162058795220963,27,28
named,vraem6_direct_provinces,VRAEM direct-intervention province envelope,official_province_envelope,1,0,bc,treat_12,2012,score_as_recorded,p1_mserd,1063,515,213,302,190,325,58,132,155,170,124,270,42,43,0,2,1,1,0,-.3840029513851698,-.4540476696190584,.2304802184089028,.0488375553884484,-.9057805968494332,-.0023147423886835,.0085536337539393,.0085536337539393,.0162058795220963,.0162058795220963,33,35
named,vraem6_direct_provinces,VRAEM direct-intervention province envelope,official_province_envelope,1,0,bc,treat_12,2012,score_as_recorded,p2_mserd,1063,515,213,302,190,325,58,132,155,170,124,270,42,43,0,2,1,1,0,-.4704416143946655,-.5254296391211676,.2414448555955359,.029541131014651,-.9986528603408921,-.0522064179014431,.0150620837975229,.0150620837975229,.0219397345189523,.0219397345189523,57,66
named,vraem6_direct_provinces,VRAEM direct-intervention province envelope,official_province_envelope,1,0,bc,treat_16,2016,drop_rounding_band,p1_cerrd,1063,513,234,279,188,325,59,129,175,150,123,270,42,43,0,2,1,1,0,-.1889420168688919,-.2310700738974015,.3334009662086339,.4882658751157182,-.8845239600771793,.4223838122823762,.0071008647319543,.0071008647319543,.0168697784477982,.0168697784477982,25,28
named,vraem6_direct_provinces,VRAEM direct-intervention province envelope,official_province_envelope,1,0,bc,treat_16,2016,drop_rounding_band,p1_mserd,1063,513,234,279,188,325,59,129,175,150,123,270,42,43,0,2,1,1,0,-.1368924048754048,-.2000915925881411,.296810891386372,.500223385650765,-.7818302499246599,.3816470647483776,.0088671118338871,.0088671118338871,.0168697784477982,.0168697784477982,33,36
named,vraem6_direct_provinces,VRAEM direct-intervention province envelope,official_province_envelope,1,0,bc,treat_16,2016,drop_rounding_band,p2_mserd,1063,513,234,279,188,325,59,129,175,150,123,270,42,43,0,2,1,1,0,-.2564002579354803,-.2991913210593586,.3287200807242675,.3627325978110995,-.9434708402740221,.3450881981553048,.0148997644517762,.0148997644517762,.0222143883631593,.0222143883631593,55,66
named,vraem6_direct_provinces,VRAEM direct-intervention province envelope,official_province_envelope,1,0,bc,treat_16,2016,drop_sign_conflicts,p1_cerrd,1063,515,235,280,190,325,60,130,175,150,124,270,42,43,0,2,1,1,0,-.2115235408241559,-.25207657144456,.2937356325409488,.3907958478426064,-.8277878322009111,.323634689311791,.0073532617811615,.0073532617811615,.0168827188492597,.0168827188492597,29,28
named,vraem6_direct_provinces,VRAEM direct-intervention province envelope,official_province_envelope,1,0,bc,treat_16,2016,drop_sign_conflicts,p1_mserd,1063,515,235,280,190,325,60,130,175,150,124,270,42,43,0,2,1,1,0,-.1747528349712027,-.2395287482157519,.2667473742234468,.369206323219265,-.7623439946643356,.2832864982328316,.0091822893434363,.0091822893434363,.0168827188492597,.0168827188492597,36,40
named,vraem6_direct_provinces,VRAEM direct-intervention province envelope,official_province_envelope,1,0,bc,treat_16,2016,drop_sign_conflicts,p2_mserd,1063,515,235,280,190,325,60,130,175,150,124,270,42,43,0,2,1,1,0,-.2550660166448557,-.2998897705986474,.2832901886221817,.2897839539890706,-.855128337471682,.2553487962743872,.0160610417453137,.0160610417453137,.0228101748724745,.0228101748724745,60,70
named,vraem6_direct_provinces,VRAEM direct-intervention province envelope,official_province_envelope,1,0,bc,treat_16,2016,score_as_recorded,p1_cerrd,1063,515,235,280,190,325,60,130,175,150,124,270,42,43,0,2,1,1,0,-.2115235408241559,-.25207657144456,.2937356325409488,.3907958478426064,-.8277878322009111,.323634689311791,.0073532617811615,.0073532617811615,.0168827188492597,.0168827188492597,29,28
named,vraem6_direct_provinces,VRAEM direct-intervention province envelope,official_province_envelope,1,0,bc,treat_16,2016,score_as_recorded,p1_mserd,1063,515,235,280,190,325,60,130,175,150,124,270,42,43,0,2,1,1,0,-.1747528349712027,-.2395287482157519,.2667473742234468,.369206323219265,-.7623439946643356,.2832864982328316,.0091822893434363,.0091822893434363,.0168827188492597,.0168827188492597,36,40
named,vraem6_direct_provinces,VRAEM direct-intervention province envelope,official_province_envelope,1,0,bc,treat_16,2016,score_as_recorded,p2_mserd,1063,515,235,280,190,325,60,130,175,150,124,270,42,43,0,2,1,1,0,-.2550660166448557,-.2998897705986474,.2832901886221817,.2897839539890706,-.855128337471682,.2553487962743872,.0160610417453137,.0160610417453137,.0228101748724745,.0228101748724745,60,70
named,vraem6_direct_provinces,VRAEM direct-intervention province envelope,official_province_envelope,1,0,bc,treat_23,2023,drop_rounding_band,p1_cerrd,1063,513,417,96,188,325,146,42,271,54,123,270,42,43,0,2,1,1,0,-.0042534608059615,-.0138793891186821,.2042721811231888,.9458289655144437,-.4142455071635748,.3864867289262105,.0093843224162766,.0093843224162766,.0177093025267357,.0177093025267357,35,41
named,vraem6_direct_provinces,VRAEM direct-intervention province envelope,official_province_envelope,1,0,bc,treat_23,2023,drop_rounding_band,p1_mserd,1063,513,417,96,188,325,146,42,271,54,123,270,42,43,0,2,1,1,0,-.0326131064544,-.0469637613449838,.2031038115446493,.8171358685502982,-.4450399170953067,.3511123944053391,.0117185497107021,.0117185497107021,.0177093025267357,.0177093025267357,39,48
named,vraem6_direct_provinces,VRAEM direct-intervention province envelope,official_province_envelope,1,0,bc,treat_23,2023,drop_rounding_band,p2_mserd,1063,513,417,96,188,325,146,42,271,54,123,270,42,43,0,2,1,1,0,-.0431775412440309,-.0540112888173034,.227612463059427,.812427976910283,-.5001235188462338,.3921009412116269,.0166880487185243,.0166880487185243,.0234650020601548,.0234650020601548,60,73
named,vraem6_direct_provinces,VRAEM direct-intervention province envelope,official_province_envelope,1,0,bc,treat_23,2023,drop_sign_conflicts,p1_cerrd,1063,515,419,96,190,325,148,42,271,54,124,270,42,43,0,2,1,1,0,-.0480131570751832,-.0552206782219582,.182283191804589,.7619363894944883,-.4124891691459592,.3020478127020428,.0095609468160926,.0095609468160926,.017367912401506,.017367912401506,37,42
named,vraem6_direct_provinces,VRAEM direct-intervention province envelope,official_province_envelope,1,0,bc,treat_23,2023,drop_sign_conflicts,p1_mserd,1063,515,419,96,190,325,148,42,271,54,124,270,42,43,0,2,1,1,0,-.0661492344574559,-.0788674248147934,.181423220914718,.663769191792892,-.4344504037668945,.2767155541373078,.0119391071167197,.0119391071167197,.017367912401506,.017367912401506,42,48
named,vraem6_direct_provinces,VRAEM direct-intervention province envelope,official_province_envelope,1,0,bc,treat_23,2023,drop_sign_conflicts,p2_mserd,1063,515,419,96,190,325,148,42,271,54,124,270,42,43,0,2,1,1,0,-.0699688376553351,-.078348424118583,.2005934690846287,.6961054006666436,-.4715043990584039,.3148075508212379,.0171578000483118,.0171578000483118,.0234202574587626,.0234202574587626,63,74
named,vraem6_direct_provinces,VRAEM direct-intervention province envelope,official_province_envelope,1,0,bc,treat_23,2023,score_as_recorded,p1_cerrd,1063,515,419,96,190,325,148,42,271,54,124,270,42,43,0,2,1,1,0,-.0480131570751832,-.0552206782219582,.182283191804589,.7619363894944883,-.4124891691459592,.3020478127020428,.0095609468160926,.0095609468160926,.017367912401506,.017367912401506,37,42
named,vraem6_direct_provinces,VRAEM direct-intervention province envelope,official_province_envelope,1,0,bc,treat_23,2023,score_as_recorded,p1_mserd,1063,515,419,96,190,325,148,42,271,54,124,270,42,43,0,2,1,1,0,-.0661492344574559,-.0788674248147934,.181423220914718,.663769191792892,-.4344504037668945,.2767155541373078,.0119391071167197,.0119391071167197,.017367912401506,.017367912401506,42,48
named,vraem6_direct_provinces,VRAEM direct-intervention province envelope,official_province_envelope,1,0,bc,treat_23,2023,score_as_recorded,p2_mserd,1063,515,419,96,190,325,148,42,271,54,124,270,42,43,0,2,1,1,0,-.0699688376553351,-.078348424118583,.2005934690846287,.6961054006666436,-.4715043990584039,.3148075508212379,.0171578000483118,.0171578000483118,.0234202574587626,.0234202574587626,63,74
named,vraem6_direct_provinces,VRAEM direct-intervention province envelope,official_province_envelope,1,0,cd,treat_12,2012,drop_rounding_band,p1_cerrd,1063,338,80,258,148,190,22,126,58,132,39,124,44,42,0,0,1,1,0,.0439570343966455,.0568690592402027,.3483142934757644,.8703063404691709,-.62581441127281,.7395525297532154,.0029907885030049,.0029907885030049,.0061552257218643,.0061552257218643,21,22
named,vraem6_direct_provinces,VRAEM direct-intervention province envelope,official_province_envelope,1,0,cd,treat_12,2012,drop_rounding_band,p1_mserd,1063,338,80,258,148,190,22,126,58,132,39,124,44,42,0,0,1,1,0,.0378279076559884,.0537691518761325,.3124303444565961,.8633591905704063,-.5585830709362389,.666121374688504,.0037368926761166,.0037368926761166,.0061552257218643,.0061552257218643,39,26
named,vraem6_direct_provinces,VRAEM direct-intervention province envelope,official_province_envelope,1,0,cd,treat_12,2012,drop_rounding_band,p2_mserd,1063,338,80,258,148,190,22,126,58,132,39,124,44,42,0,0,1,1,0,.1218475608205936,.1727252920642899,.4415042269586524,.6956346121352885,-.6926070917968667,1.038057675925447,.0044626223867605,.0044626223867605,.006661689032659,.006661689032659,50,31
named,vraem6_direct_provinces,VRAEM direct-intervention province envelope,official_province_envelope,1,0,cd,treat_12,2012,drop_sign_conflicts,p1_cerrd,1063,338,80,258,148,190,22,126,58,132,39,124,44,42,0,0,1,1,0,.0439570343966455,.0568690592402027,.3483142934757644,.8703063404691709,-.62581441127281,.7395525297532154,.0029907885030049,.0029907885030049,.0061552257218643,.0061552257218643,21,22
named,vraem6_direct_provinces,VRAEM direct-intervention province envelope,official_province_envelope,1,0,cd,treat_12,2012,drop_sign_conflicts,p1_mserd,1063,338,80,258,148,190,22,126,58,132,39,124,44,42,0,0,1,1,0,.0378279076559884,.0537691518761325,.3124303444565961,.8633591905704063,-.5585830709362389,.666121374688504,.0037368926761166,.0037368926761166,.0061552257218643,.0061552257218643,39,26
named,vraem6_direct_provinces,VRAEM direct-intervention province envelope,official_province_envelope,1,0,cd,treat_12,2012,drop_sign_conflicts,p2_mserd,1063,338,80,258,148,190,22,126,58,132,39,124,44,42,0,0,1,1,0,.1218475608205936,.1727252920642899,.4415042269586524,.6956346121352885,-.6926070917968667,1.038057675925447,.0044626223867605,.0044626223867605,.006661689032659,.006661689032659,50,31
named,vraem6_direct_provinces,VRAEM direct-intervention province envelope,official_province_envelope,1,0,cd,treat_12,2012,score_as_recorded,p1_cerrd,1063,338,80,258,148,190,22,126,58,132,39,124,44,42,0,0,1,1,0,.0439570343966455,.0568690592402027,.3483142934757644,.8703063404691709,-.62581441127281,.7395525297532154,.0029907885030049,.0029907885030049,.0061552257218643,.0061552257218643,21,22
named,vraem6_direct_provinces,VRAEM direct-intervention province envelope,official_province_envelope,1,0,cd,treat_12,2012,score_as_recorded,p1_mserd,1063,338,80,258,148,190,22,126,58,132,39,124,44,42,0,0,1,1,0,.0378279076559884,.0537691518761325,.3124303444565961,.8633591905704063,-.5585830709362389,.666121374688504,.0037368926761166,.0037368926761166,.0061552257218643,.0061552257218643,39,26
named,vraem6_direct_provinces,VRAEM direct-intervention province envelope,official_province_envelope,1,0,cd,treat_12,2012,score_as_recorded,p2_mserd,1063,338,80,258,148,190,22,126,58,132,39,124,44,42,0,0,1,1,0,.1218475608205936,.1727252920642899,.4415042269586524,.6956346121352885,-.6926070917968667,1.038057675925447,.0044626223867605,.0044626223867605,.006661689032659,.006661689032659,50,31
named,vraem6_direct_provinces,VRAEM direct-intervention province envelope,official_province_envelope,1,0,cd,treat_16,2016,drop_rounding_band,p1_cerrd,1063,338,82,256,148,190,22,126,60,130,39,124,44,42,0,0,1,1,0,.0435849974386477,.0565382398209163,.347871751381411,.8708915749375553,-.6252778641255208,.7383543437673534,.002998176492953,.002998176492953,.0061620327414667,.0061620327414667,21,22
named,vraem6_direct_provinces,VRAEM direct-intervention province envelope,official_province_envelope,1,0,cd,treat_16,2016,drop_rounding_band,p1_mserd,1063,338,82,256,148,190,22,126,60,130,39,124,44,42,0,0,1,1,0,.0381808854980331,.0540676759244932,.3119545899047444,.8624006436044872,-.5573520851007681,.6654874369497543,.0037461237285632,.0037461237285632,.0061620327414667,.0061620327414667,39,26
named,vraem6_direct_provinces,VRAEM direct-intervention province envelope,official_province_envelope,1,0,cd,treat_16,2016,drop_rounding_band,p2_mserd,1063,338,82,256,148,190,22,126,60,130,39,124,44,42,0,0,1,1,0,.1236291345445983,.1744190946339974,.4401728818611795,.6919196198568184,-.6883039007851182,1.037142090053113,.0044844099540742,.0044844099540742,.0066930208013153,.0066930208013153,50,32
named,vraem6_direct_provinces,VRAEM direct-intervention province envelope,official_province_envelope,1,0,cd,treat_16,2016,drop_sign_conflicts,p1_cerrd,1063,338,82,256,148,190,22,126,60,130,39,124,44,42,0,0,1,1,0,.0435849974386477,.0565382398209163,.347871751381411,.8708915749375553,-.6252778641255208,.7383543437673534,.002998176492953,.002998176492953,.0061620327414667,.0061620327414667,21,22
named,vraem6_direct_provinces,VRAEM direct-intervention province envelope,official_province_envelope,1,0,cd,treat_16,2016,drop_sign_conflicts,p1_mserd,1063,338,82,256,148,190,22,126,60,130,39,124,44,42,0,0,1,1,0,.0381808854980331,.0540676759244932,.3119545899047444,.8624006436044872,-.5573520851007681,.6654874369497543,.0037461237285632,.0037461237285632,.0061620327414667,.0061620327414667,39,26
named,vraem6_direct_provinces,VRAEM direct-intervention province envelope,official_province_envelope,1,0,cd,treat_16,2016,drop_sign_conflicts,p2_mserd,1063,338,82,256,148,190,22,126,60,130,39,124,44,42,0,0,1,1,0,.1236291345445983,.1744190946339974,.4401728818611795,.6919196198568184,-.6883039007851182,1.037142090053113,.0044844099540742,.0044844099540742,.0066930208013153,.0066930208013153,50,32
named,vraem6_direct_provinces,VRAEM direct-intervention province envelope,official_province_envelope,1,0,cd,treat_16,2016,score_as_recorded,p1_cerrd,1063,338,82,256,148,190,22,126,60,130,39,124,44,42,0,0,1,1,0,.0435849974386477,.0565382398209163,.347871751381411,.8708915749375553,-.6252778641255208,.7383543437673534,.002998176492953,.002998176492953,.0061620327414667,.0061620327414667,21,22
named,vraem6_direct_provinces,VRAEM direct-intervention province envelope,official_province_envelope,1,0,cd,treat_16,2016,score_as_recorded,p1_mserd,1063,338,82,256,148,190,22,126,60,130,39,124,44,42,0,0,1,1,0,.0381808854980331,.0540676759244932,.3119545899047444,.8624006436044872,-.5573520851007681,.6654874369497543,.0037461237285632,.0037461237285632,.0061620327414667,.0061620327414667,39,26
named,vraem6_direct_provinces,VRAEM direct-intervention province envelope,official_province_envelope,1,0,cd,treat_16,2016,score_as_recorded,p2_mserd,1063,338,82,256,148,190,22,126,60,130,39,124,44,42,0,0,1,1,0,.1236291345445983,.1744190946339974,.4401728818611795,.6919196198568184,-.6883039007851182,1.037142090053113,.0044844099540742,.0044844099540742,.0066930208013153,.0066930208013153,50,32
named,vraem6_direct_provinces,VRAEM direct-intervention province envelope,official_province_envelope,1,0,cd,treat_23,2023,drop_rounding_band,p1_cerrd,1063,338,239,99,148,190,91,57,148,42,39,124,44,42,0,0,1,1,0,.5028690467511521,.5545496243199823,.2751224325429185,.0438369323560679,.0153195651968118,1.093779683443153,.0028404202687497,.0028404202687497,.0058689600827312,.0058689600827312,21,21
named,vraem6_direct_provinces,VRAEM direct-intervention province envelope,official_province_envelope,1,0,cd,treat_23,2023,drop_rounding_band,p1_mserd,1063,338,239,99,148,190,91,57,148,42,39,124,44,42,0,0,1,1,0,.4279093045040587,.5112729972228063,.2493597604741575,.0403309877344118,.0225368474999231,1.000009146945689,.0035490124723695,.0035490124723695,.0058689600827312,.0058689600827312,35,25
named,vraem6_direct_provinces,VRAEM direct-intervention province envelope,official_province_envelope,1,0,cd,treat_23,2023,drop_rounding_band,p2_mserd,1063,338,239,99,148,190,91,57,148,42,39,124,44,42,0,0,1,1,0,.5338397082807664,.5722059517468248,.3165451362148014,.0706594480793106,-.0482111147155114,1.192623018209161,.0044575719322113,.0044575719322113,.0063521160283881,.0063521160283881,50,31
named,vraem6_direct_provinces,VRAEM direct-intervention province envelope,official_province_envelope,1,0,cd,treat_23,2023,drop_sign_conflicts,p1_cerrd,1063,338,239,99,148,190,91,57,148,42,39,124,44,42,0,0,1,1,0,.5028690467511521,.5545496243199823,.2751224325429185,.0438369323560679,.0153195651968118,1.093779683443153,.0028404202687497,.0028404202687497,.0058689600827312,.0058689600827312,21,21
named,vraem6_direct_provinces,VRAEM direct-intervention province envelope,official_province_envelope,1,0,cd,treat_23,2023,drop_sign_conflicts,p1_mserd,1063,338,239,99,148,190,91,57,148,42,39,124,44,42,0,0,1,1,0,.4279093045040587,.5112729972228063,.2493597604741575,.0403309877344118,.0225368474999231,1.000009146945689,.0035490124723695,.0035490124723695,.0058689600827312,.0058689600827312,35,25
named,vraem6_direct_provinces,VRAEM direct-intervention province envelope,official_province_envelope,1,0,cd,treat_23,2023,drop_sign_conflicts,p2_mserd,1063,338,239,99,148,190,91,57,148,42,39,124,44,42,0,0,1,1,0,.5338397082807664,.5722059517468248,.3165451362148014,.0706594480793106,-.0482111147155114,1.192623018209161,.0044575719322113,.0044575719322113,.0063521160283881,.0063521160283881,50,31
named,vraem6_direct_provinces,VRAEM direct-intervention province envelope,official_province_envelope,1,0,cd,treat_23,2023,score_as_recorded,p1_cerrd,1063,338,239,99,148,190,91,57,148,42,39,124,44,42,0,0,1,1,0,.5028690467511521,.5545496243199823,.2751224325429185,.0438369323560679,.0153195651968118,1.093779683443153,.0028404202687497,.0028404202687497,.0058689600827312,.0058689600827312,21,21
named,vraem6_direct_provinces,VRAEM direct-intervention province envelope,official_province_envelope,1,0,cd,treat_23,2023,score_as_recorded,p1_mserd,1063,338,239,99,148,190,91,57,148,42,39,124,44,42,0,0,1,1,0,.4279093045040587,.5112729972228063,.2493597604741575,.0403309877344118,.0225368474999231,1.000009146945689,.0035490124723695,.0035490124723695,.0058689600827312,.0058689600827312,35,25
named,vraem6_direct_provinces,VRAEM direct-intervention province envelope,official_province_envelope,1,0,cd,treat_23,2023,score_as_recorded,p2_mserd,1063,338,239,99,148,190,91,57,148,42,39,124,44,42,0,0,1,1,0,.5338397082807664,.5722059517468248,.3165451362148014,.0706594480793106,-.0482111147155114,1.192623018209161,.0044575719322113,.0044575719322113,.0063521160283881,.0063521160283881,50,31
named,vraem6_direct_provinces,VRAEM direct-intervention province envelope,official_province_envelope,1,0,de,treat_12,2012,drop_rounding_band,p1_cerrd,1063,212,22,190,70,142,2,68,20,122,10,38,32,43,6,6,1,1,0,-.1203515287859341,-.1617459738225057,.1637880894855856,.3233819207107078,-.482764730310877,.1592727826658655,.0016599213827047,.0016599213827047,.003940192123535,.003940192123535,15,23
named,vraem6_direct_provinces,VRAEM direct-intervention province envelope,official_province_envelope,1,0,de,treat_12,2012,drop_rounding_band,p1_mserd,1063,212,22,190,70,142,2,68,20,122,10,38,32,43,6,6,1,1,0,-.058888418434208,-.0785681892724441,.1759708379652146,.6552475623347221,-.4234646940135982,.2663283154687101,.0020598736523449,.0020598736523449,.003940192123535,.003940192123535,23,29
named,vraem6_direct_provinces,VRAEM direct-intervention province envelope,official_province_envelope,1,0,de,treat_12,2012,drop_rounding_band,p2_mserd,1063,212,22,190,70,142,2,68,20,122,10,38,32,43,6,6,1,1,0,-.228333686589105,-.2592404512422142,.2532365733550992,.3059729447019429,-.7555750145865441,.2370941121021157,.0028048509639407,.0028048509639407,.0050827619336147,.0050827619336147,24,34
named,vraem6_direct_provinces,VRAEM direct-intervention province envelope,official_province_envelope,1,0,de,treat_12,2012,drop_sign_conflicts,p1_cerrd,1063,212,22,190,70,142,2,68,20,122,10,38,32,43,6,6,1,1,0,-.1203515287859341,-.1617459738225057,.1637880894855856,.3233819207107078,-.482764730310877,.1592727826658655,.0016599213827047,.0016599213827047,.003940192123535,.003940192123535,15,23
named,vraem6_direct_provinces,VRAEM direct-intervention province envelope,official_province_envelope,1,0,de,treat_12,2012,drop_sign_conflicts,p1_mserd,1063,212,22,190,70,142,2,68,20,122,10,38,32,43,6,6,1,1,0,-.058888418434208,-.0785681892724441,.1759708379652146,.6552475623347221,-.4234646940135982,.2663283154687101,.0020598736523449,.0020598736523449,.003940192123535,.003940192123535,23,29
named,vraem6_direct_provinces,VRAEM direct-intervention province envelope,official_province_envelope,1,0,de,treat_12,2012,drop_sign_conflicts,p2_mserd,1063,212,22,190,70,142,2,68,20,122,10,38,32,43,6,6,1,1,0,-.228333686589105,-.2592404512422142,.2532365733550992,.3059729447019429,-.7555750145865441,.2370941121021157,.0028048509639407,.0028048509639407,.0050827619336147,.0050827619336147,24,34
named,vraem6_direct_provinces,VRAEM direct-intervention province envelope,official_province_envelope,1,0,de,treat_12,2012,score_as_recorded,p1_cerrd,1063,218,24,194,76,142,4,72,20,122,11,38,33,43,6,6,1,1,0,-.3873113321046068,-.4532098157415658,.234291261975878,.0530656452281033,-.9124122511067252,.0059926196235935,.0014420175652806,.0014420175652806,.0032829319221249,.0032829319221249,21,23
named,vraem6_direct_provinces,VRAEM direct-intervention province envelope,official_province_envelope,1,0,de,treat_12,2012,score_as_recorded,p1_mserd,1063,218,24,194,76,142,4,72,20,122,11,38,33,43,6,6,1,1,0,-.4394807844474918,-.5190348846177208,.2487416169010943,.0369204424072878,-1.006559495200125,-.0315102740353166,.0017906521569592,.0017906521569592,.0032829319221249,.0032829319221249,21,23
named,vraem6_direct_provinces,VRAEM direct-intervention province envelope,official_province_envelope,1,0,de,treat_12,2012,score_as_recorded,p2_mserd,1063,218,24,194,76,142,4,72,20,122,11,38,33,43,6,6,1,1,0,-.5343262182496467,-.5610461982870596,.3192481984232313,.0788499657806538,-1.18676116932589,.0646687727517705,.0025522857449247,.0025522857449247,.0036173479661236,.0036173479661236,30,34
named,vraem6_direct_provinces,VRAEM direct-intervention province envelope,official_province_envelope,1,0,de,treat_16,2016,drop_rounding_band,p1_cerrd,1063,212,22,190,70,142,2,68,20,122,10,38,32,43,6,6,1,1,0,-.1203515287859341,-.1617459738225057,.1637880894855856,.3233819207107078,-.482764730310877,.1592727826658655,.0016599213827047,.0016599213827047,.003940192123535,.003940192123535,15,23
named,vraem6_direct_provinces,VRAEM direct-intervention province envelope,official_province_envelope,1,0,de,treat_16,2016,drop_rounding_band,p1_mserd,1063,212,22,190,70,142,2,68,20,122,10,38,32,43,6,6,1,1,0,-.058888418434208,-.0785681892724441,.1759708379652146,.6552475623347221,-.4234646940135982,.2663283154687101,.0020598736523449,.0020598736523449,.003940192123535,.003940192123535,23,29
named,vraem6_direct_provinces,VRAEM direct-intervention province envelope,official_province_envelope,1,0,de,treat_16,2016,drop_rounding_band,p2_mserd,1063,212,22,190,70,142,2,68,20,122,10,38,32,43,6,6,1,1,0,-.228333686589105,-.2592404512422142,.2532365733550992,.3059729447019429,-.7555750145865441,.2370941121021157,.0028048509639407,.0028048509639407,.0050827619336147,.0050827619336147,24,34
named,vraem6_direct_provinces,VRAEM direct-intervention province envelope,official_province_envelope,1,0,de,treat_16,2016,drop_sign_conflicts,p1_cerrd,1063,212,22,190,70,142,2,68,20,122,10,38,32,43,6,6,1,1,0,-.1203515287859341,-.1617459738225057,.1637880894855856,.3233819207107078,-.482764730310877,.1592727826658655,.0016599213827047,.0016599213827047,.003940192123535,.003940192123535,15,23
named,vraem6_direct_provinces,VRAEM direct-intervention province envelope,official_province_envelope,1,0,de,treat_16,2016,drop_sign_conflicts,p1_mserd,1063,212,22,190,70,142,2,68,20,122,10,38,32,43,6,6,1,1,0,-.058888418434208,-.0785681892724441,.1759708379652146,.6552475623347221,-.4234646940135982,.2663283154687101,.0020598736523449,.0020598736523449,.003940192123535,.003940192123535,23,29
named,vraem6_direct_provinces,VRAEM direct-intervention province envelope,official_province_envelope,1,0,de,treat_16,2016,drop_sign_conflicts,p2_mserd,1063,212,22,190,70,142,2,68,20,122,10,38,32,43,6,6,1,1,0,-.228333686589105,-.2592404512422142,.2532365733550992,.3059729447019429,-.7555750145865441,.2370941121021157,.0028048509639407,.0028048509639407,.0050827619336147,.0050827619336147,24,34
named,vraem6_direct_provinces,VRAEM direct-intervention province envelope,official_province_envelope,1,0,de,treat_16,2016,score_as_recorded,p1_cerrd,1063,218,24,194,76,142,4,72,20,122,11,38,33,43,6,6,1,1,0,-.3873113321046068,-.4532098157415658,.234291261975878,.0530656452281033,-.9124122511067252,.0059926196235935,.0014420175652806,.0014420175652806,.0032829319221249,.0032829319221249,21,23
named,vraem6_direct_provinces,VRAEM direct-intervention province envelope,official_province_envelope,1,0,de,treat_16,2016,score_as_recorded,p1_mserd,1063,218,24,194,76,142,4,72,20,122,11,38,33,43,6,6,1,1,0,-.4394807844474918,-.5190348846177208,.2487416169010943,.0369204424072878,-1.006559495200125,-.0315102740353166,.0017906521569592,.0017906521569592,.0032829319221249,.0032829319221249,21,23
named,vraem6_direct_provinces,VRAEM direct-intervention province envelope,official_province_envelope,1,0,de,treat_16,2016,score_as_recorded,p2_mserd,1063,218,24,194,76,142,4,72,20,122,11,38,33,43,6,6,1,1,0,-.5343262182496467,-.5610461982870596,.3192481984232313,.0788499657806538,-1.18676116932589,.0646687727517705,.0025522857449247,.0025522857449247,.0036173479661236,.0036173479661236,30,34
named,vraem6_direct_provinces,VRAEM direct-intervention province envelope,official_province_envelope,1,0,de,treat_23,2023,drop_rounding_band,p1_cerrd,1063,212,98,114,70,142,9,61,89,53,10,38,32,43,6,6,1,1,0,.4091399795092814,.4811215518393521,.3966318096675391,.2251229123268141,-.29626251023197,1.258505613910674,.0024699683013833,.0024699683013833,.005382474352598,.005382474352598,24,34
named,vraem6_direct_provinces,VRAEM direct-intervention province envelope,official_province_envelope,1,0,de,treat_23,2023,drop_rounding_band,p1_mserd,1063,212,98,114,70,142,9,61,89,53,10,38,32,43,6,6,1,1,0,.4984706584566572,.5768100157557812,.3963126264821605,.1455469542490236,-.199948458767728,1.35356849027929,.0030650985517496,.0030650985517496,.005382474352598,.005382474352598,24,43
named,vraem6_direct_provinces,VRAEM direct-intervention province envelope,official_province_envelope,1,0,de,treat_23,2023,drop_rounding_band,p2_mserd,1063,212,98,114,70,142,9,61,89,53,10,38,32,43,6,6,1,1,0,.500415369996229,.4575943302744776,.5700652603979314,.4221451655197138,-.6597130489429153,1.57490170949187,.0036847704297435,.0036847704297435,.0052230208765905,.0052230208765905,36,53
named,vraem6_direct_provinces,VRAEM direct-intervention province envelope,official_province_envelope,1,0,de,treat_23,2023,drop_sign_conflicts,p1_cerrd,1063,212,98,114,70,142,9,61,89,53,10,38,32,43,6,6,1,1,0,.4091399795092814,.4811215518393521,.3966318096675391,.2251229123268141,-.29626251023197,1.258505613910674,.0024699683013833,.0024699683013833,.005382474352598,.005382474352598,24,34
named,vraem6_direct_provinces,VRAEM direct-intervention province envelope,official_province_envelope,1,0,de,treat_23,2023,drop_sign_conflicts,p1_mserd,1063,212,98,114,70,142,9,61,89,53,10,38,32,43,6,6,1,1,0,.4984706584566572,.5768100157557812,.3963126264821605,.1455469542490236,-.199948458767728,1.35356849027929,.0030650985517496,.0030650985517496,.005382474352598,.005382474352598,24,43
named,vraem6_direct_provinces,VRAEM direct-intervention province envelope,official_province_envelope,1,0,de,treat_23,2023,drop_sign_conflicts,p2_mserd,1063,212,98,114,70,142,9,61,89,53,10,38,32,43,6,6,1,1,0,.500415369996229,.4575943302744776,.5700652603979314,.4221451655197138,-.6597130489429153,1.57490170949187,.0036847704297435,.0036847704297435,.0052230208765905,.0052230208765905,36,53
named,vraem6_direct_provinces,VRAEM direct-intervention province envelope,official_province_envelope,1,0,de,treat_23,2023,score_as_recorded,p1_cerrd,1063,218,100,118,76,142,11,65,89,53,11,38,33,43,6,6,1,1,0,.0494316602918229,-.0087695544891989,.4666815663392588,.9850075921904212,-.9234486167628859,.9059095077844881,.0017243276132557,.0017243276132557,.003615837900823,.003615837900823,21,23
named,vraem6_direct_provinces,VRAEM direct-intervention province envelope,official_province_envelope,1,0,de,treat_23,2023,score_as_recorded,p1_mserd,1063,218,100,118,76,142,11,65,89,53,11,38,33,43,6,6,1,1,0,.0929104784356459,.0121165523759207,.4301403191559418,.9775274921276458,-.8309429814682894,.8551760862201307,.0021412159146478,.0021412159146478,.003615837900823,.003615837900823,29,29
named,vraem6_direct_provinces,VRAEM direct-intervention province envelope,official_province_envelope,1,0,de,treat_23,2023,score_as_recorded,p2_mserd,1063,218,100,118,76,142,11,65,89,53,11,38,33,43,6,6,1,1,0,-.08357895633824,-.1743271965407127,.6502261318379451,.7886204866080425,-1.448746996749878,1.100092603668452,.0023992677353685,.0023992677353685,.0035431009544015,.0035431009544015,30,34
named,vraem8_no_ayacucho,VRAEM province envelope excluding Ayacucho,predeclared_exclusion,1,0,ab,treat_12,2012,drop_rounding_band,p1_cerrd,922,392,206,186,214,178,110,104,96,82,184,162,59,39,0,4,1,1,0,-.1985160861096413,-.2027780601407505,.2803170862277376,.4694414456852368,-.7521894533983249,.3466333331168239,.0304396655132302,.0304396655132302,.049263883591208,.049263883591208,49,31
named,vraem8_no_ayacucho,VRAEM province envelope excluding Ayacucho,predeclared_exclusion,1,0,ab,treat_12,2012,drop_rounding_band,p1_mserd,922,392,206,186,214,178,110,104,96,82,184,162,59,39,0,4,1,1,0,-.1879560306683159,-.2005278822976925,.2719899296768635,.460962940567506,-.7336183486219268,.3325625840265418,.0382825783170237,.0382825783170237,.049263883591208,.049263883591208,66,36
named,vraem8_no_ayacucho,VRAEM province envelope excluding Ayacucho,predeclared_exclusion,1,0,ab,treat_12,2012,drop_rounding_band,p2_mserd,922,392,206,186,214,178,110,104,96,82,184,162,59,39,0,4,1,1,0,-.2924022007229725,-.3636332130466537,.4368628603938049,.4051979679781924,-1.219868685601661,.4926022595083532,.0293639587212335,.0293639587212335,.0395161249393387,.0395161249393387,47,30
named,vraem8_no_ayacucho,VRAEM province envelope excluding Ayacucho,predeclared_exclusion,1,0,ab,treat_12,2012,drop_sign_conflicts,p1_cerrd,922,396,209,187,218,178,113,105,96,82,185,162,59,39,0,4,1,1,0,-.2148019414067934,-.205123081169629,.2490970494820178,.4102427470865742,-.6933443268095755,.2830981644703175,.0327209049681076,.0327209049681076,.049292855853577,.049292855853577,55,33
named,vraem8_no_ayacucho,VRAEM province envelope excluding Ayacucho,predeclared_exclusion,1,0,ab,treat_12,2012,drop_sign_conflicts,p1_mserd,922,396,209,187,218,178,113,105,96,82,185,162,59,39,0,4,1,1,0,-.2249101140423611,-.2199690434751358,.2426096022226937,.3645765456501261,-.6954751261352041,.2555370391849325,.0411515890836916,.0411515890836916,.049292855853577,.049292855853577,78,41
named,vraem8_no_ayacucho,VRAEM province envelope excluding Ayacucho,predeclared_exclusion,1,0,ab,treat_12,2012,drop_sign_conflicts,p2_mserd,922,396,209,187,218,178,113,105,96,82,185,162,59,39,0,4,1,1,0,-.2118750187237646,-.2426591009077497,.4338544688213367,.5759502379221071,-1.092998234329325,.6076800325138259,.0298407291659593,.0298407291659593,.0395600439151459,.0395600439151459,51,30
named,vraem8_no_ayacucho,VRAEM province envelope excluding Ayacucho,predeclared_exclusion,1,0,ab,treat_12,2012,score_as_recorded,p1_cerrd,922,396,209,187,218,178,113,105,96,82,185,162,59,39,0,4,1,1,0,-.2148019414067934,-.205123081169629,.2490970494820178,.4102427470865742,-.6933443268095755,.2830981644703175,.0327209049681076,.0327209049681076,.049292855853577,.049292855853577,55,33
named,vraem8_no_ayacucho,VRAEM province envelope excluding Ayacucho,predeclared_exclusion,1,0,ab,treat_12,2012,score_as_recorded,p1_mserd,922,396,209,187,218,178,113,105,96,82,185,162,59,39,0,4,1,1,0,-.2249101140423611,-.2199690434751358,.2426096022226937,.3645765456501261,-.6954751261352041,.2555370391849325,.0411515890836916,.0411515890836916,.049292855853577,.049292855853577,78,41
named,vraem8_no_ayacucho,VRAEM province envelope excluding Ayacucho,predeclared_exclusion,1,0,ab,treat_12,2012,score_as_recorded,p2_mserd,922,396,209,187,218,178,113,105,96,82,185,162,59,39,0,4,1,1,0,-.2118750187237646,-.2426591009077497,.4338544688213367,.5759502379221071,-1.092998234329325,.6076800325138259,.0298407291659593,.0298407291659593,.0395600439151459,.0395600439151459,51,30
named,vraem8_no_ayacucho,VRAEM province envelope excluding Ayacucho,predeclared_exclusion,1,0,ab,treat_16,2016,drop_rounding_band,p1_cerrd,922,392,256,136,214,178,126,88,130,48,184,162,59,39,0,4,1,1,0,-.0320924085821701,-.0128626896017328,.2195315692540089,.9532774605280764,-.4431366588091507,.4174112796056851,.0312501230092342,.0312501230092342,.0510380978170751,.0510380978170751,49,32
named,vraem8_no_ayacucho,VRAEM province envelope excluding Ayacucho,predeclared_exclusion,1,0,ab,treat_16,2016,drop_rounding_band,p1_mserd,922,392,256,136,214,178,126,88,130,48,184,162,59,39,0,4,1,1,0,-.0208546852605427,.0009019363810682,.2173381390657947,.996688850604929,-.4250729886548471,.4268768614169834,.0393018537275864,.0393018537275864,.0510380978170751,.0510380978170751,68,38
named,vraem8_no_ayacucho,VRAEM province envelope excluding Ayacucho,predeclared_exclusion,1,0,ab,treat_16,2016,drop_rounding_band,p2_mserd,922,392,256,136,214,178,126,88,130,48,184,162,59,39,0,4,1,1,0,-.1323338708838273,-.186217222120117,.3455219653758726,.5899250322511795,-.8634278301243228,.4909933858840887,.0312845918859452,.0312845918859452,.0450837542119384,.0450837542119384,49,32
named,vraem8_no_ayacucho,VRAEM province envelope excluding Ayacucho,predeclared_exclusion,1,0,ab,treat_16,2016,drop_sign_conflicts,p1_cerrd,922,396,259,137,218,178,129,89,130,48,185,162,59,39,0,4,1,1,0,-.014239686275256,.0249951411198872,.1879359021165041,.8941947854332074,-.3433524584305057,.3933427406702801,.0342691481751487,.0342691481751487,.0560682208170928,.0560682208170928,58,33
named,vraem8_no_ayacucho,VRAEM province envelope excluding Ayacucho,predeclared_exclusion,1,0,ab,treat_16,2016,drop_sign_conflicts,p1_mserd,922,396,259,137,218,178,129,89,130,48,185,162,59,39,0,4,1,1,0,-.0284873339465439,.0279295137421577,.1853437297690635,.8802199763858518,-.3353375213655309,.3911965488498463,.0430987439169662,.0430987439169662,.0560682208170928,.0560682208170928,81,42
named,vraem8_no_ayacucho,VRAEM province envelope excluding Ayacucho,predeclared_exclusion,1,0,ab,treat_16,2016,drop_sign_conflicts,p2_mserd,922,396,259,137,218,178,129,89,130,48,185,162,59,39,0,4,1,1,0,-.0392799893693683,-.0639863058984314,.3590150456039397,.8585444188895994,-.7676428651901581,.6396702533932954,.0305928120557562,.0305928120557562,.0452443893686521,.0452443893686521,53,31
named,vraem8_no_ayacucho,VRAEM province envelope excluding Ayacucho,predeclared_exclusion,1,0,ab,treat_16,2016,score_as_recorded,p1_cerrd,922,396,259,137,218,178,129,89,130,48,185,162,59,39,0,4,1,1,0,-.014239686275256,.0249951411198872,.1879359021165041,.8941947854332074,-.3433524584305057,.3933427406702801,.0342691481751487,.0342691481751487,.0560682208170928,.0560682208170928,58,33
named,vraem8_no_ayacucho,VRAEM province envelope excluding Ayacucho,predeclared_exclusion,1,0,ab,treat_16,2016,score_as_recorded,p1_mserd,922,396,259,137,218,178,129,89,130,48,185,162,59,39,0,4,1,1,0,-.0284873339465439,.0279295137421577,.1853437297690635,.8802199763858518,-.3353375213655309,.3911965488498463,.0430987439169662,.0430987439169662,.0560682208170928,.0560682208170928,81,42
named,vraem8_no_ayacucho,VRAEM province envelope excluding Ayacucho,predeclared_exclusion,1,0,ab,treat_16,2016,score_as_recorded,p2_mserd,922,396,259,137,218,178,129,89,130,48,185,162,59,39,0,4,1,1,0,-.0392799893693683,-.0639863058984314,.3590150456039397,.8585444188895994,-.7676428651901581,.6396702533932954,.0305928120557562,.0305928120557562,.0452443893686521,.0452443893686521,53,31
named,vraem8_no_ayacucho,VRAEM province envelope excluding Ayacucho,predeclared_exclusion,1,0,ab,treat_23,2023,drop_rounding_band,p1_cerrd,922,392,345,47,214,178,188,26,157,21,184,162,59,39,0,4,1,1,0,.0889763194032671,.124579744407098,.1164248692308782,.2845994589197278,-.1036088061902087,.3527682950044047,.0331166250791742,.0331166250791742,.0623118242102265,.0623118242102265,52,33
named,vraem8_no_ayacucho,VRAEM province envelope excluding Ayacucho,predeclared_exclusion,1,0,ab,treat_23,2023,drop_rounding_band,p1_mserd,922,392,345,47,214,178,188,26,157,21,184,162,59,39,0,4,1,1,0,.0506549951736768,.1078215228496326,.1188519126454493,.3643051911555885,-.1251239454291485,.3407669911284138,.04164926821019,.04164926821019,.0623118242102265,.0623118242102265,74,42
named,vraem8_no_ayacucho,VRAEM province envelope excluding Ayacucho,predeclared_exclusion,1,0,ab,treat_23,2023,drop_rounding_band,p2_mserd,922,392,345,47,214,178,188,26,157,21,184,162,59,39,0,4,1,1,0,.0897707183997194,.0505002346837289,.0785440562767075,.5202537872536781,-.103443286818305,.2044437561857627,.037089601196374,.037089601196374,.0494238610998354,.0494238610998354,65,34
named,vraem8_no_ayacucho,VRAEM province envelope excluding Ayacucho,predeclared_exclusion,1,0,ab,treat_23,2023,drop_sign_conflicts,p1_cerrd,922,396,348,48,218,178,191,27,157,21,185,162,59,39,0,4,1,1,0,.1526416510516018,.1890988943032195,.1040431376011703,.0691398653165258,-.0148219082336194,.3930196968400583,.0245963238346598,.0245963238346598,.0455257348021198,.0455257348021198,44,28
named,vraem8_no_ayacucho,VRAEM province envelope excluding Ayacucho,predeclared_exclusion,1,0,ab,treat_23,2023,drop_sign_conflicts,p1_mserd,922,396,348,48,218,178,191,27,157,21,185,162,59,39,0,4,1,1,0,.152051960423996,.2061265204488401,.1123637032787057,.0665860024344378,-.0141022911469683,.4263553320446485,.0309336741266747,.0309336741266747,.0455257348021198,.0455257348021198,53,32
named,vraem8_no_ayacucho,VRAEM province envelope excluding Ayacucho,predeclared_exclusion,1,0,ab,treat_23,2023,drop_sign_conflicts,p2_mserd,922,396,348,48,218,178,191,27,157,21,185,162,59,39,0,4,1,1,0,.1902523714094646,.20279190630484,.1107772990689587,.0671562469894953,-.0143276101749414,.4199114227846215,.0418503573446484,.0418503573446484,.0547492664899001,.0547492664899001,78,42
named,vraem8_no_ayacucho,VRAEM province envelope excluding Ayacucho,predeclared_exclusion,1,0,ab,treat_23,2023,score_as_recorded,p1_cerrd,922,396,348,48,218,178,191,27,157,21,185,162,59,39,0,4,1,1,0,.1526416510516018,.1890988943032195,.1040431376011703,.0691398653165258,-.0148219082336194,.3930196968400583,.0245963238346598,.0245963238346598,.0455257348021198,.0455257348021198,44,28
named,vraem8_no_ayacucho,VRAEM province envelope excluding Ayacucho,predeclared_exclusion,1,0,ab,treat_23,2023,score_as_recorded,p1_mserd,922,396,348,48,218,178,191,27,157,21,185,162,59,39,0,4,1,1,0,.152051960423996,.2061265204488401,.1123637032787057,.0665860024344378,-.0141022911469683,.4263553320446485,.0309336741266747,.0309336741266747,.0455257348021198,.0455257348021198,53,32
named,vraem8_no_ayacucho,VRAEM province envelope excluding Ayacucho,predeclared_exclusion,1,0,ab,treat_23,2023,score_as_recorded,p2_mserd,922,396,348,48,218,178,191,27,157,21,185,162,59,39,0,4,1,1,0,.1902523714094646,.20279190630484,.1107772990689587,.0671562469894953,-.0143276101749414,.4199114227846215,.0418503573446484,.0418503573446484,.0547492664899001,.0547492664899001,78,42
named,vraem8_no_ayacucho,VRAEM province envelope excluding Ayacucho,predeclared_exclusion,1,0,bc,treat_12,2012,drop_rounding_band,p1_cerrd,922,448,194,254,230,218,81,149,113,105,134,185,57,59,0,0,1,1,0,-.1478973116947703,-.1844734364884343,.2481692723241833,.4572775927836752,-.6708762723133463,.3019293993364777,.0109158319292911,.0109158319292911,.0222075476830231,.0222075476830231,34,43
named,vraem8_no_ayacucho,VRAEM province envelope excluding Ayacucho,predeclared_exclusion,1,0,bc,treat_12,2012,drop_rounding_band,p1_mserd,922,448,194,254,230,218,81,149,113,105,134,185,57,59,0,0,1,1,0,-.0880825916920325,-.1406796085801565,.2351739744456008,.5497106416671593,-.6016121285946771,.320252911434364,.0138445785497947,.0138445785497947,.0222075476830231,.0222075476830231,41,49
named,vraem8_no_ayacucho,VRAEM province envelope excluding Ayacucho,predeclared_exclusion,1,0,bc,treat_12,2012,drop_rounding_band,p2_mserd,922,448,194,254,230,218,81,149,113,105,134,185,57,59,0,0,1,1,0,-.1761059986455467,-.1835638916960272,.29182318212061,.5293331053983736,-.7555268185062958,.3883990351142415,.0166662192546516,.0166662192546516,.0236563440452353,.0236563440452353,55,58
named,vraem8_no_ayacucho,VRAEM province envelope excluding Ayacucho,predeclared_exclusion,1,0,bc,treat_12,2012,drop_sign_conflicts,p1_cerrd,922,448,194,254,230,218,81,149,113,105,134,185,57,59,0,0,1,1,0,-.1478973116947703,-.1844734364884343,.2481692723241833,.4572775927836752,-.6708762723133463,.3019293993364777,.0109158319292911,.0109158319292911,.0222075476830231,.0222075476830231,34,43
named,vraem8_no_ayacucho,VRAEM province envelope excluding Ayacucho,predeclared_exclusion,1,0,bc,treat_12,2012,drop_sign_conflicts,p1_mserd,922,448,194,254,230,218,81,149,113,105,134,185,57,59,0,0,1,1,0,-.0880825916920325,-.1406796085801565,.2351739744456008,.5497106416671593,-.6016121285946771,.320252911434364,.0138445785497947,.0138445785497947,.0222075476830231,.0222075476830231,41,49
named,vraem8_no_ayacucho,VRAEM province envelope excluding Ayacucho,predeclared_exclusion,1,0,bc,treat_12,2012,drop_sign_conflicts,p2_mserd,922,448,194,254,230,218,81,149,113,105,134,185,57,59,0,0,1,1,0,-.1761059986455467,-.1835638916960272,.29182318212061,.5293331053983736,-.7555268185062958,.3883990351142415,.0166662192546516,.0166662192546516,.0236563440452353,.0236563440452353,55,58
named,vraem8_no_ayacucho,VRAEM province envelope excluding Ayacucho,predeclared_exclusion,1,0,bc,treat_12,2012,score_as_recorded,p1_cerrd,922,448,194,254,230,218,81,149,113,105,134,185,57,59,0,0,1,1,0,-.1478973116947703,-.1844734364884343,.2481692723241833,.4572775927836752,-.6708762723133463,.3019293993364777,.0109158319292911,.0109158319292911,.0222075476830231,.0222075476830231,34,43
named,vraem8_no_ayacucho,VRAEM province envelope excluding Ayacucho,predeclared_exclusion,1,0,bc,treat_12,2012,score_as_recorded,p1_mserd,922,448,194,254,230,218,81,149,113,105,134,185,57,59,0,0,1,1,0,-.0880825916920325,-.1406796085801565,.2351739744456008,.5497106416671593,-.6016121285946771,.320252911434364,.0138445785497947,.0138445785497947,.0222075476830231,.0222075476830231,41,49
named,vraem8_no_ayacucho,VRAEM province envelope excluding Ayacucho,predeclared_exclusion,1,0,bc,treat_12,2012,score_as_recorded,p2_mserd,922,448,194,254,230,218,81,149,113,105,134,185,57,59,0,0,1,1,0,-.1761059986455467,-.1835638916960272,.29182318212061,.5293331053983736,-.7555268185062958,.3883990351142415,.0166662192546516,.0166662192546516,.0236563440452353,.0236563440452353,55,58
named,vraem8_no_ayacucho,VRAEM province envelope excluding Ayacucho,predeclared_exclusion,1,0,bc,treat_16,2016,drop_rounding_band,p1_cerrd,922,448,212,236,230,218,83,147,129,89,134,185,57,59,0,0,1,1,0,.0362049830476827,.0145614261815848,.2609292292845137,.9554963257394092,-.4968504657298558,.5259733180930255,.0116322113096282,.0116322113096282,.022857227670283,.022857227670283,35,46
named,vraem8_no_ayacucho,VRAEM province envelope excluding Ayacucho,predeclared_exclusion,1,0,bc,treat_16,2016,drop_rounding_band,p1_mserd,922,448,212,236,230,218,83,147,129,89,134,185,57,59,0,0,1,1,0,.0762662027404545,.0395159196165016,.242752167844416,.8706893149140549,-.4362695865275759,.515301425760579,.0147531644154231,.0147531644154231,.022857227670283,.022857227670283,45,51
named,vraem8_no_ayacucho,VRAEM province envelope excluding Ayacucho,predeclared_exclusion,1,0,bc,treat_16,2016,drop_rounding_band,p2_mserd,922,448,212,236,230,218,83,147,129,89,134,185,57,59,0,0,1,1,0,.0376379850335362,.0429035277043235,.3309565795315878,.8968552789871205,-.6057594486241545,.6915665040328015,.0169370333062997,.0169370333062997,.0239750552231856,.0239750552231856,59,58
named,vraem8_no_ayacucho,VRAEM province envelope excluding Ayacucho,predeclared_exclusion,1,0,bc,treat_16,2016,drop_sign_conflicts,p1_cerrd,922,448,212,236,230,218,83,147,129,89,134,185,57,59,0,0,1,1,0,.0362049830476827,.0145614261815848,.2609292292845137,.9554963257394092,-.4968504657298558,.5259733180930255,.0116322113096282,.0116322113096282,.022857227670283,.022857227670283,35,46
named,vraem8_no_ayacucho,VRAEM province envelope excluding Ayacucho,predeclared_exclusion,1,0,bc,treat_16,2016,drop_sign_conflicts,p1_mserd,922,448,212,236,230,218,83,147,129,89,134,185,57,59,0,0,1,1,0,.0762662027404545,.0395159196165016,.242752167844416,.8706893149140549,-.4362695865275759,.515301425760579,.0147531644154231,.0147531644154231,.022857227670283,.022857227670283,45,51
named,vraem8_no_ayacucho,VRAEM province envelope excluding Ayacucho,predeclared_exclusion,1,0,bc,treat_16,2016,drop_sign_conflicts,p2_mserd,922,448,212,236,230,218,83,147,129,89,134,185,57,59,0,0,1,1,0,.0376379850335362,.0429035277043235,.3309565795315878,.8968552789871205,-.6057594486241545,.6915665040328015,.0169370333062997,.0169370333062997,.0239750552231856,.0239750552231856,59,58
named,vraem8_no_ayacucho,VRAEM province envelope excluding Ayacucho,predeclared_exclusion,1,0,bc,treat_16,2016,score_as_recorded,p1_cerrd,922,448,212,236,230,218,83,147,129,89,134,185,57,59,0,0,1,1,0,.0362049830476827,.0145614261815848,.2609292292845137,.9554963257394092,-.4968504657298558,.5259733180930255,.0116322113096282,.0116322113096282,.022857227670283,.022857227670283,35,46
named,vraem8_no_ayacucho,VRAEM province envelope excluding Ayacucho,predeclared_exclusion,1,0,bc,treat_16,2016,score_as_recorded,p1_mserd,922,448,212,236,230,218,83,147,129,89,134,185,57,59,0,0,1,1,0,.0762662027404545,.0395159196165016,.242752167844416,.8706893149140549,-.4362695865275759,.515301425760579,.0147531644154231,.0147531644154231,.022857227670283,.022857227670283,45,51
named,vraem8_no_ayacucho,VRAEM province envelope excluding Ayacucho,predeclared_exclusion,1,0,bc,treat_16,2016,score_as_recorded,p2_mserd,922,448,212,236,230,218,83,147,129,89,134,185,57,59,0,0,1,1,0,.0376379850335362,.0429035277043235,.3309565795315878,.8968552789871205,-.6057594486241545,.6915665040328015,.0169370333062997,.0169370333062997,.0239750552231856,.0239750552231856,59,58
named,vraem8_no_ayacucho,VRAEM province envelope excluding Ayacucho,predeclared_exclusion,1,0,bc,treat_23,2023,drop_rounding_band,p1_cerrd,922,448,385,63,230,218,194,36,191,27,134,185,57,59,0,0,1,1,0,-.1230143695501817,-.1587672125602415,.2319372454155564,.49364270237996,-.6133558602481597,.2958214351276767,.0076945833980897,.0076945833980897,.0160978066242378,.0160978066242378,27,27
named,vraem8_no_ayacucho,VRAEM province envelope excluding Ayacucho,predeclared_exclusion,1,0,bc,treat_23,2023,drop_rounding_band,p1_mserd,922,448,385,63,230,218,194,36,191,27,134,185,57,59,0,0,1,1,0,-.1381347698221838,-.1920062662458297,.2031693613055369,.3446306832275504,-.5902108971666877,.2061983646750282,.0097590605052231,.0097590605052231,.0160978066242378,.0160978066242378,32,40
named,vraem8_no_ayacucho,VRAEM province envelope excluding Ayacucho,predeclared_exclusion,1,0,bc,treat_23,2023,drop_rounding_band,p2_mserd,922,448,385,63,230,218,194,36,191,27,134,185,57,59,0,0,1,1,0,-.1459567172814786,-.1851240175628446,.2242420199935232,.4090568322563485,-.6246303005706606,.2543822654449714,.0171254670792071,.0171254670792071,.0251194468880771,.0251194468880771,59,58
named,vraem8_no_ayacucho,VRAEM province envelope excluding Ayacucho,predeclared_exclusion,1,0,bc,treat_23,2023,drop_sign_conflicts,p1_cerrd,922,448,385,63,230,218,194,36,191,27,134,185,57,59,0,0,1,1,0,-.1230143695501817,-.1587672125602415,.2319372454155564,.49364270237996,-.6133558602481597,.2958214351276767,.0076945833980897,.0076945833980897,.0160978066242378,.0160978066242378,27,27
named,vraem8_no_ayacucho,VRAEM province envelope excluding Ayacucho,predeclared_exclusion,1,0,bc,treat_23,2023,drop_sign_conflicts,p1_mserd,922,448,385,63,230,218,194,36,191,27,134,185,57,59,0,0,1,1,0,-.1381347698221838,-.1920062662458297,.2031693613055369,.3446306832275504,-.5902108971666877,.2061983646750282,.0097590605052231,.0097590605052231,.0160978066242378,.0160978066242378,32,40
named,vraem8_no_ayacucho,VRAEM province envelope excluding Ayacucho,predeclared_exclusion,1,0,bc,treat_23,2023,drop_sign_conflicts,p2_mserd,922,448,385,63,230,218,194,36,191,27,134,185,57,59,0,0,1,1,0,-.1459567172814786,-.1851240175628446,.2242420199935232,.4090568322563485,-.6246303005706606,.2543822654449714,.0171254670792071,.0171254670792071,.0251194468880771,.0251194468880771,59,58
named,vraem8_no_ayacucho,VRAEM province envelope excluding Ayacucho,predeclared_exclusion,1,0,bc,treat_23,2023,score_as_recorded,p1_cerrd,922,448,385,63,230,218,194,36,191,27,134,185,57,59,0,0,1,1,0,-.1230143695501817,-.1587672125602415,.2319372454155564,.49364270237996,-.6133558602481597,.2958214351276767,.0076945833980897,.0076945833980897,.0160978066242378,.0160978066242378,27,27
named,vraem8_no_ayacucho,VRAEM province envelope excluding Ayacucho,predeclared_exclusion,1,0,bc,treat_23,2023,score_as_recorded,p1_mserd,922,448,385,63,230,218,194,36,191,27,134,185,57,59,0,0,1,1,0,-.1381347698221838,-.1920062662458297,.2031693613055369,.3446306832275504,-.5902108971666877,.2061983646750282,.0097590605052231,.0097590605052231,.0160978066242378,.0160978066242378,32,40
named,vraem8_no_ayacucho,VRAEM province envelope excluding Ayacucho,predeclared_exclusion,1,0,bc,treat_23,2023,score_as_recorded,p2_mserd,922,448,385,63,230,218,194,36,191,27,134,185,57,59,0,0,1,1,0,-.1459567172814786,-.1851240175628446,.2242420199935232,.4090568322563485,-.6246303005706606,.2543822654449714,.0171254670792071,.0171254670792071,.0251194468880771,.0251194468880771,59,58
named,vraem8_no_ayacucho,VRAEM province envelope excluding Ayacucho,predeclared_exclusion,1,0,cd,treat_12,2012,drop_rounding_band,p1_cerrd,922,420,121,299,190,230,40,150,81,149,47,134,61,57,0,0,1,1,0,-.2662982743410967,-.2604779983509873,.2243776071393156,.2456861321436353,-.7002500272813232,.1792940305793486,.0030138201419995,.0030138201419995,.0056171970189336,.0056171970189336,35,31
named,vraem8_no_ayacucho,VRAEM province envelope excluding Ayacucho,predeclared_exclusion,1,0,cd,treat_12,2012,drop_rounding_band,p1_mserd,922,420,121,299,190,230,40,150,81,149,47,134,61,57,0,0,1,1,0,-.2945653421127593,-.28038280782978,.2038272638808159,.168948510328044,-.6798769041035209,.119111288443961,.0038257045846793,.0038257045846793,.0056171970189336,.0056171970189336,56,39
named,vraem8_no_ayacucho,VRAEM province envelope excluding Ayacucho,predeclared_exclusion,1,0,cd,treat_12,2012,drop_rounding_band,p2_mserd,922,420,121,299,190,230,40,150,81,149,47,134,61,57,0,0,1,1,0,-.1807667893056952,-.125582629427988,.2801809720511639,.6539946512057137,-.6747272438016926,.4235619849457165,.0040700284414559,.0040700284414559,.0057782785779143,.0057782785779143,60,41
named,vraem8_no_ayacucho,VRAEM province envelope excluding Ayacucho,predeclared_exclusion,1,0,cd,treat_12,2012,drop_sign_conflicts,p1_cerrd,922,420,121,299,190,230,40,150,81,149,47,134,61,57,0,0,1,1,0,-.2662982743410967,-.2604779983509873,.2243776071393156,.2456861321436353,-.7002500272813232,.1792940305793486,.0030138201419995,.0030138201419995,.0056171970189336,.0056171970189336,35,31
named,vraem8_no_ayacucho,VRAEM province envelope excluding Ayacucho,predeclared_exclusion,1,0,cd,treat_12,2012,drop_sign_conflicts,p1_mserd,922,420,121,299,190,230,40,150,81,149,47,134,61,57,0,0,1,1,0,-.2945653421127593,-.28038280782978,.2038272638808159,.168948510328044,-.6798769041035209,.119111288443961,.0038257045846793,.0038257045846793,.0056171970189336,.0056171970189336,56,39
named,vraem8_no_ayacucho,VRAEM province envelope excluding Ayacucho,predeclared_exclusion,1,0,cd,treat_12,2012,drop_sign_conflicts,p2_mserd,922,420,121,299,190,230,40,150,81,149,47,134,61,57,0,0,1,1,0,-.1807667893056952,-.125582629427988,.2801809720511639,.6539946512057137,-.6747272438016926,.4235619849457165,.0040700284414559,.0040700284414559,.0057782785779143,.0057782785779143,60,41
named,vraem8_no_ayacucho,VRAEM province envelope excluding Ayacucho,predeclared_exclusion,1,0,cd,treat_12,2012,score_as_recorded,p1_cerrd,922,420,121,299,190,230,40,150,81,149,47,134,61,57,0,0,1,1,0,-.2662982743410967,-.2604779983509873,.2243776071393156,.2456861321436353,-.7002500272813232,.1792940305793486,.0030138201419995,.0030138201419995,.0056171970189336,.0056171970189336,35,31
named,vraem8_no_ayacucho,VRAEM province envelope excluding Ayacucho,predeclared_exclusion,1,0,cd,treat_12,2012,score_as_recorded,p1_mserd,922,420,121,299,190,230,40,150,81,149,47,134,61,57,0,0,1,1,0,-.2945653421127593,-.28038280782978,.2038272638808159,.168948510328044,-.6798769041035209,.119111288443961,.0038257045846793,.0038257045846793,.0056171970189336,.0056171970189336,56,39
named,vraem8_no_ayacucho,VRAEM province envelope excluding Ayacucho,predeclared_exclusion,1,0,cd,treat_12,2012,score_as_recorded,p2_mserd,922,420,121,299,190,230,40,150,81,149,47,134,61,57,0,0,1,1,0,-.1807667893056952,-.125582629427988,.2801809720511639,.6539946512057137,-.6747272438016926,.4235619849457165,.0040700284414559,.0040700284414559,.0057782785779143,.0057782785779143,60,41
named,vraem8_no_ayacucho,VRAEM province envelope excluding Ayacucho,predeclared_exclusion,1,0,cd,treat_16,2016,drop_rounding_band,p1_cerrd,922,420,123,297,190,230,40,150,83,147,47,134,61,57,0,0,1,1,0,-.267674126743522,-.2621667698783401,.2239964150441624,.2418375832243621,-.7011916760309842,.176858136274304,.0030305270896979,.0030305270896979,.0056360944681142,.0056360944681142,35,31
named,vraem8_no_ayacucho,VRAEM province envelope excluding Ayacucho,predeclared_exclusion,1,0,cd,treat_16,2016,drop_rounding_band,p1_mserd,922,420,123,297,190,230,40,150,83,147,47,134,61,57,0,0,1,1,0,-.2944688272295377,-.2803467515935895,.2030160376076202,.16730682402768,-.6782508735885541,.1175573704013751,.0038469121695364,.0038469121695364,.0056360944681142,.0056360944681142,56,39
named,vraem8_no_ayacucho,VRAEM province envelope excluding Ayacucho,predeclared_exclusion,1,0,cd,treat_16,2016,drop_rounding_band,p2_mserd,922,420,123,297,190,230,40,150,83,147,47,134,61,57,0,0,1,1,0,-.1793035649596277,-.1236375674280725,.2802468554259409,.6590871861887583,-.67291131084352,.4256361759873749,.004059316454166,.004059316454166,.0057461626295426,.0057461626295426,60,41
named,vraem8_no_ayacucho,VRAEM province envelope excluding Ayacucho,predeclared_exclusion,1,0,cd,treat_16,2016,drop_sign_conflicts,p1_cerrd,922,420,123,297,190,230,40,150,83,147,47,134,61,57,0,0,1,1,0,-.267674126743522,-.2621667698783401,.2239964150441624,.2418375832243621,-.7011916760309842,.176858136274304,.0030305270896979,.0030305270896979,.0056360944681142,.0056360944681142,35,31
named,vraem8_no_ayacucho,VRAEM province envelope excluding Ayacucho,predeclared_exclusion,1,0,cd,treat_16,2016,drop_sign_conflicts,p1_mserd,922,420,123,297,190,230,40,150,83,147,47,134,61,57,0,0,1,1,0,-.2944688272295377,-.2803467515935895,.2030160376076202,.16730682402768,-.6782508735885541,.1175573704013751,.0038469121695364,.0038469121695364,.0056360944681142,.0056360944681142,56,39
named,vraem8_no_ayacucho,VRAEM province envelope excluding Ayacucho,predeclared_exclusion,1,0,cd,treat_16,2016,drop_sign_conflicts,p2_mserd,922,420,123,297,190,230,40,150,83,147,47,134,61,57,0,0,1,1,0,-.1793035649596277,-.1236375674280725,.2802468554259409,.6590871861887583,-.67291131084352,.4256361759873749,.004059316454166,.004059316454166,.0057461626295426,.0057461626295426,60,41
named,vraem8_no_ayacucho,VRAEM province envelope excluding Ayacucho,predeclared_exclusion,1,0,cd,treat_16,2016,score_as_recorded,p1_cerrd,922,420,123,297,190,230,40,150,83,147,47,134,61,57,0,0,1,1,0,-.267674126743522,-.2621667698783401,.2239964150441624,.2418375832243621,-.7011916760309842,.176858136274304,.0030305270896979,.0030305270896979,.0056360944681142,.0056360944681142,35,31
named,vraem8_no_ayacucho,VRAEM province envelope excluding Ayacucho,predeclared_exclusion,1,0,cd,treat_16,2016,score_as_recorded,p1_mserd,922,420,123,297,190,230,40,150,83,147,47,134,61,57,0,0,1,1,0,-.2944688272295377,-.2803467515935895,.2030160376076202,.16730682402768,-.6782508735885541,.1175573704013751,.0038469121695364,.0038469121695364,.0056360944681142,.0056360944681142,56,39
named,vraem8_no_ayacucho,VRAEM province envelope excluding Ayacucho,predeclared_exclusion,1,0,cd,treat_16,2016,score_as_recorded,p2_mserd,922,420,123,297,190,230,40,150,83,147,47,134,61,57,0,0,1,1,0,-.1793035649596277,-.1236375674280725,.2802468554259409,.6590871861887583,-.67291131084352,.4256361759873749,.004059316454166,.004059316454166,.0057461626295426,.0057461626295426,60,41
named,vraem8_no_ayacucho,VRAEM province envelope excluding Ayacucho,predeclared_exclusion,1,0,cd,treat_23,2023,drop_rounding_band,p1_cerrd,922,420,329,91,190,230,135,55,194,36,47,134,61,57,0,0,1,1,0,.2263453841888068,.2526075654387341,.2708263964915729,.3509600384291614,-.2782024177475135,.7834175486249817,.0029910104193391,.0029910104193391,.0059565513796932,.0059565513796932,35,31
named,vraem8_no_ayacucho,VRAEM province envelope excluding Ayacucho,predeclared_exclusion,1,0,cd,treat_23,2023,drop_rounding_band,p1_mserd,922,420,329,91,190,230,135,55,194,36,47,134,61,57,0,0,1,1,0,.1830667139493956,.2315596277821448,.2399236820794414,.3344753513532153,-.2386821481317983,.7018014036960878,.0037967502156573,.0037967502156573,.0059565513796932,.0059565513796932,56,39
named,vraem8_no_ayacucho,VRAEM province envelope excluding Ayacucho,predeclared_exclusion,1,0,cd,treat_23,2023,drop_rounding_band,p2_mserd,922,420,329,91,190,230,135,55,194,36,47,134,61,57,0,0,1,1,0,.2530052526375197,.2445415647447362,.3281325019814259,.4561190953485976,-.3985863212958762,.8876694507853486,.0048272371459513,.0048272371459513,.0067796112853238,.0067796112853238,69,48
named,vraem8_no_ayacucho,VRAEM province envelope excluding Ayacucho,predeclared_exclusion,1,0,cd,treat_23,2023,drop_sign_conflicts,p1_cerrd,922,420,329,91,190,230,135,55,194,36,47,134,61,57,0,0,1,1,0,.2263453841888068,.2526075654387341,.2708263964915729,.3509600384291614,-.2782024177475135,.7834175486249817,.0029910104193391,.0029910104193391,.0059565513796932,.0059565513796932,35,31
named,vraem8_no_ayacucho,VRAEM province envelope excluding Ayacucho,predeclared_exclusion,1,0,cd,treat_23,2023,drop_sign_conflicts,p1_mserd,922,420,329,91,190,230,135,55,194,36,47,134,61,57,0,0,1,1,0,.1830667139493956,.2315596277821448,.2399236820794414,.3344753513532153,-.2386821481317983,.7018014036960878,.0037967502156573,.0037967502156573,.0059565513796932,.0059565513796932,56,39
named,vraem8_no_ayacucho,VRAEM province envelope excluding Ayacucho,predeclared_exclusion,1,0,cd,treat_23,2023,drop_sign_conflicts,p2_mserd,922,420,329,91,190,230,135,55,194,36,47,134,61,57,0,0,1,1,0,.2530052526375197,.2445415647447362,.3281325019814259,.4561190953485976,-.3985863212958762,.8876694507853486,.0048272371459513,.0048272371459513,.0067796112853238,.0067796112853238,69,48
named,vraem8_no_ayacucho,VRAEM province envelope excluding Ayacucho,predeclared_exclusion,1,0,cd,treat_23,2023,score_as_recorded,p1_cerrd,922,420,329,91,190,230,135,55,194,36,47,134,61,57,0,0,1,1,0,.2263453841888068,.2526075654387341,.2708263964915729,.3509600384291614,-.2782024177475135,.7834175486249817,.0029910104193391,.0029910104193391,.0059565513796932,.0059565513796932,35,31
named,vraem8_no_ayacucho,VRAEM province envelope excluding Ayacucho,predeclared_exclusion,1,0,cd,treat_23,2023,score_as_recorded,p1_mserd,922,420,329,91,190,230,135,55,194,36,47,134,61,57,0,0,1,1,0,.1830667139493956,.2315596277821448,.2399236820794414,.3344753513532153,-.2386821481317983,.7018014036960878,.0037967502156573,.0037967502156573,.0059565513796932,.0059565513796932,56,39
named,vraem8_no_ayacucho,VRAEM province envelope excluding Ayacucho,predeclared_exclusion,1,0,cd,treat_23,2023,score_as_recorded,p2_mserd,922,420,329,91,190,230,135,55,194,36,47,134,61,57,0,0,1,1,0,.2530052526375197,.2445415647447362,.3281325019814259,.4561190953485976,-.3985863212958762,.8876694507853486,.0048272371459513,.0048272371459513,.0067796112853238,.0067796112853238,69,48
named,vraem8_no_ayacucho,VRAEM province envelope excluding Ayacucho,predeclared_exclusion,1,0,de,treat_12,2012,drop_rounding_band,p1_cerrd,922,284,46,238,106,178,8,98,38,140,11,46,44,60,12,12,1,1,0,-.0673006881533637,-.1522413249888259,.2060043481483878,.4598948776004794,-.5560024280183166,.2515197780406647,.0014190625247238,.0014190625247238,.0032837161788485,.0032837161788485,16,20
named,vraem8_no_ayacucho,VRAEM province envelope excluding Ayacucho,predeclared_exclusion,1,0,de,treat_12,2012,drop_rounding_band,p1_mserd,922,284,46,238,106,178,8,98,38,140,11,46,44,60,12,12,1,1,0,-.2617234320893396,-.3556086789783186,.234979541549313,.1301881964339935,-.8161601175187052,.104942759562068,.0017900006888586,.0017900006888586,.0032837161788485,.0032837161788485,17,20
named,vraem8_no_ayacucho,VRAEM province envelope excluding Ayacucho,predeclared_exclusion,1,0,de,treat_12,2012,drop_rounding_band,p2_mserd,922,284,46,238,106,178,8,98,38,140,11,46,44,60,12,12,1,1,0,-.311711920488122,-.3846965839619326,.4159372656718473,.3550226706573486,-1.199918644506821,.430525476582956,.0021982577222608,.0021982577222608,.0038254584517529,.0038254584517529,31,31
named,vraem8_no_ayacucho,VRAEM province envelope excluding Ayacucho,predeclared_exclusion,1,0,de,treat_12,2012,drop_sign_conflicts,p1_cerrd,922,284,46,238,106,178,8,98,38,140,11,46,44,60,12,12,1,1,0,-.0673006881533637,-.1522413249888259,.2060043481483878,.4598948776004794,-.5560024280183166,.2515197780406647,.0014190625247238,.0014190625247238,.0032837161788485,.0032837161788485,16,20
named,vraem8_no_ayacucho,VRAEM province envelope excluding Ayacucho,predeclared_exclusion,1,0,de,treat_12,2012,drop_sign_conflicts,p1_mserd,922,284,46,238,106,178,8,98,38,140,11,46,44,60,12,12,1,1,0,-.2617234320893396,-.3556086789783186,.234979541549313,.1301881964339935,-.8161601175187052,.104942759562068,.0017900006888586,.0017900006888586,.0032837161788485,.0032837161788485,17,20
named,vraem8_no_ayacucho,VRAEM province envelope excluding Ayacucho,predeclared_exclusion,1,0,de,treat_12,2012,drop_sign_conflicts,p2_mserd,922,284,46,238,106,178,8,98,38,140,11,46,44,60,12,12,1,1,0,-.311711920488122,-.3846965839619326,.4159372656718473,.3550226706573486,-1.199918644506821,.430525476582956,.0021982577222608,.0021982577222608,.0038254584517529,.0038254584517529,31,31
named,vraem8_no_ayacucho,VRAEM province envelope excluding Ayacucho,predeclared_exclusion,1,0,de,treat_12,2012,score_as_recorded,p1_cerrd,922,296,48,248,118,178,10,108,38,140,12,46,47,60,12,12,1,1,0,-.3240798905826818,-.3789294856171662,.1513437207502641,.012287876118651,-.675557727573971,-.0823012436603614,.0019989174393502,.0019989174393502,.0046825690178614,.0046825690178614,43,31
named,vraem8_no_ayacucho,VRAEM province envelope excluding Ayacucho,predeclared_exclusion,1,0,de,treat_12,2012,score_as_recorded,p1_mserd,922,296,48,248,118,178,10,108,38,140,12,46,47,60,12,12,1,1,0,-.2082823302982893,-.2794937620283506,.1337924484027565,.0367068234153612,-.5417221423011869,-.0172653817555143,.002525015485079,.002525015485079,.0046825690178614,.0046825690178614,45,37
named,vraem8_no_ayacucho,VRAEM province envelope excluding Ayacucho,predeclared_exclusion,1,0,de,treat_12,2012,score_as_recorded,p2_mserd,922,296,48,248,118,178,10,108,38,140,12,46,47,60,12,12,1,1,0,-.3773553047538686,-.4129646990012525,.4123906791184399,.3166373629686344,-1.221235577633409,.3953061796309036,.0019877686249128,.0019877686249128,.0031931112328029,.0031931112328029,43,31
named,vraem8_no_ayacucho,VRAEM province envelope excluding Ayacucho,predeclared_exclusion,1,0,de,treat_16,2016,drop_rounding_band,p1_cerrd,922,284,46,238,106,178,8,98,38,140,11,46,44,60,12,12,1,1,0,-.0673006881533637,-.1522413249888259,.2060043481483878,.4598948776004794,-.5560024280183166,.2515197780406647,.0014190625247238,.0014190625247238,.0032837161788485,.0032837161788485,16,20
named,vraem8_no_ayacucho,VRAEM province envelope excluding Ayacucho,predeclared_exclusion,1,0,de,treat_16,2016,drop_rounding_band,p1_mserd,922,284,46,238,106,178,8,98,38,140,11,46,44,60,12,12,1,1,0,-.2617234320893396,-.3556086789783186,.234979541549313,.1301881964339935,-.8161601175187052,.104942759562068,.0017900006888586,.0017900006888586,.0032837161788485,.0032837161788485,17,20
named,vraem8_no_ayacucho,VRAEM province envelope excluding Ayacucho,predeclared_exclusion,1,0,de,treat_16,2016,drop_rounding_band,p2_mserd,922,284,46,238,106,178,8,98,38,140,11,46,44,60,12,12,1,1,0,-.311711920488122,-.3846965839619326,.4159372656718473,.3550226706573486,-1.199918644506821,.430525476582956,.0021982577222608,.0021982577222608,.0038254584517529,.0038254584517529,31,31
named,vraem8_no_ayacucho,VRAEM province envelope excluding Ayacucho,predeclared_exclusion,1,0,de,treat_16,2016,drop_sign_conflicts,p1_cerrd,922,284,46,238,106,178,8,98,38,140,11,46,44,60,12,12,1,1,0,-.0673006881533637,-.1522413249888259,.2060043481483878,.4598948776004794,-.5560024280183166,.2515197780406647,.0014190625247238,.0014190625247238,.0032837161788485,.0032837161788485,16,20
named,vraem8_no_ayacucho,VRAEM province envelope excluding Ayacucho,predeclared_exclusion,1,0,de,treat_16,2016,drop_sign_conflicts,p1_mserd,922,284,46,238,106,178,8,98,38,140,11,46,44,60,12,12,1,1,0,-.2617234320893396,-.3556086789783186,.234979541549313,.1301881964339935,-.8161601175187052,.104942759562068,.0017900006888586,.0017900006888586,.0032837161788485,.0032837161788485,17,20
named,vraem8_no_ayacucho,VRAEM province envelope excluding Ayacucho,predeclared_exclusion,1,0,de,treat_16,2016,drop_sign_conflicts,p2_mserd,922,284,46,238,106,178,8,98,38,140,11,46,44,60,12,12,1,1,0,-.311711920488122,-.3846965839619326,.4159372656718473,.3550226706573486,-1.199918644506821,.430525476582956,.0021982577222608,.0021982577222608,.0038254584517529,.0038254584517529,31,31
named,vraem8_no_ayacucho,VRAEM province envelope excluding Ayacucho,predeclared_exclusion,1,0,de,treat_16,2016,score_as_recorded,p1_cerrd,922,296,48,248,118,178,10,108,38,140,12,46,47,60,12,12,1,1,0,-.3240798905826818,-.3789294856171662,.1513437207502641,.012287876118651,-.675557727573971,-.0823012436603614,.0019989174393502,.0019989174393502,.0046825690178614,.0046825690178614,43,31
named,vraem8_no_ayacucho,VRAEM province envelope excluding Ayacucho,predeclared_exclusion,1,0,de,treat_16,2016,score_as_recorded,p1_mserd,922,296,48,248,118,178,10,108,38,140,12,46,47,60,12,12,1,1,0,-.2082823302982893,-.2794937620283506,.1337924484027565,.0367068234153612,-.5417221423011869,-.0172653817555143,.002525015485079,.002525015485079,.0046825690178614,.0046825690178614,45,37
named,vraem8_no_ayacucho,VRAEM province envelope excluding Ayacucho,predeclared_exclusion,1,0,de,treat_16,2016,score_as_recorded,p2_mserd,922,296,48,248,118,178,10,108,38,140,12,46,47,60,12,12,1,1,0,-.3773553047538686,-.4129646990012525,.4123906791184399,.3166373629686344,-1.221235577633409,.3953061796309036,.0019877686249128,.0019877686249128,.0031931112328029,.0031931112328029,43,31
named,vraem8_no_ayacucho,VRAEM province envelope excluding Ayacucho,predeclared_exclusion,1,0,de,treat_23,2023,drop_rounding_band,p1_cerrd,922,284,150,134,106,178,22,84,128,50,11,46,44,60,12,12,1,1,0,.3061368711310033,.3232641363984401,.4757222177328081,.4968066089682077,-.6091342770033854,1.255662549800266,.0016356128189742,.0016356128189742,.0031938469594209,.0031938469594209,17,20
named,vraem8_no_ayacucho,VRAEM province envelope excluding Ayacucho,predeclared_exclusion,1,0,de,treat_23,2023,drop_rounding_band,p1_mserd,922,284,150,134,106,178,22,84,128,50,11,46,44,60,12,12,1,1,0,.3370736916351833,.4993045829499039,.4241423688487614,.2391117501067267,-.3319991843111717,1.33060835021098,.0020631565006198,.0020631565006198,.0031938469594209,.0031938469594209,31,31
named,vraem8_no_ayacucho,VRAEM province envelope excluding Ayacucho,predeclared_exclusion,1,0,de,treat_23,2023,drop_rounding_band,p2_mserd,922,284,150,134,106,178,22,84,128,50,11,46,44,60,12,12,1,1,0,.1299378484976739,.0605859809366258,.6319749953880843,.9236256585230069,-1.178062249153886,1.299234211027138,.0025069165867679,.0025069165867679,.0037741854184012,.0037741854184012,33,37
named,vraem8_no_ayacucho,VRAEM province envelope excluding Ayacucho,predeclared_exclusion,1,0,de,treat_23,2023,drop_sign_conflicts,p1_cerrd,922,284,150,134,106,178,22,84,128,50,11,46,44,60,12,12,1,1,0,.3061368711310033,.3232641363984401,.4757222177328081,.4968066089682077,-.6091342770033854,1.255662549800266,.0016356128189742,.0016356128189742,.0031938469594209,.0031938469594209,17,20
named,vraem8_no_ayacucho,VRAEM province envelope excluding Ayacucho,predeclared_exclusion,1,0,de,treat_23,2023,drop_sign_conflicts,p1_mserd,922,284,150,134,106,178,22,84,128,50,11,46,44,60,12,12,1,1,0,.3370736916351833,.4993045829499039,.4241423688487614,.2391117501067267,-.3319991843111717,1.33060835021098,.0020631565006198,.0020631565006198,.0031938469594209,.0031938469594209,31,31
named,vraem8_no_ayacucho,VRAEM province envelope excluding Ayacucho,predeclared_exclusion,1,0,de,treat_23,2023,drop_sign_conflicts,p2_mserd,922,284,150,134,106,178,22,84,128,50,11,46,44,60,12,12,1,1,0,.1299378484976739,.0605859809366258,.6319749953880843,.9236256585230069,-1.178062249153886,1.299234211027138,.0025069165867679,.0025069165867679,.0037741854184012,.0037741854184012,33,37
named,vraem8_no_ayacucho,VRAEM province envelope excluding Ayacucho,predeclared_exclusion,1,0,de,treat_23,2023,score_as_recorded,p1_cerrd,922,296,157,139,118,178,29,89,128,50,12,46,47,60,12,12,1,1,0,-.9553753776751051,-.997087779255963,.5526809751751599,.0712167570712361,-2.080322585539752,.0861470270278258,.0011530366492404,.0011530366492404,.0028641392055121,.0028641392055121,28,10
named,vraem8_no_ayacucho,VRAEM province envelope excluding Ayacucho,predeclared_exclusion,1,0,de,treat_23,2023,score_as_recorded,p1_mserd,922,296,157,139,118,178,29,89,128,50,12,46,47,60,12,12,1,1,0,-.2855382067505942,-.3962894202454099,.5033358773234797,.4310910564295291,-1.382809611926301,.590230771435481,.0014565060751794,.0014565060751794,.0028641392055121,.0028641392055121,29,20
named,vraem8_no_ayacucho,VRAEM province envelope excluding Ayacucho,predeclared_exclusion,1,0,de,treat_23,2023,score_as_recorded,p2_mserd,922,296,157,139,118,178,29,89,128,50,12,46,47,60,12,12,1,1,0,-.41337882211773,-.5031996567071211,.6694388318858256,.4522472266125483,-1.815275657055903,.8088763436416608,.0021062007506767,.0021062007506767,.0029332460890934,.0029332460890934,43,31
