source_pipeline,path,artifact_type,disposition,evidence_class,scientific_review_status,owner_approved,publication_status,overleaf_destination,review_note,generation_status,checksum_verified,input_data,input_datasignature,generator,run_id,checksum
heterogeneity,output/figures/rd_heterogeneity/fig_hte_2013_ccpp_assignment_M01.png,figure,internal_only,assignment_effect,preliminary_reviewed,0,preliminary_reviewed,,Assignment-effect heterogeneity only; rdhte does not identify fuzzy treatment-effect heterogeneity and cannot rescue failed IV gates.,generated_unreviewed,1,11_community_registry_sisfoh_2013.dta;03_cman_projects_2023.dta,5712:403(97249):3030251695:1380430990,code/stata/pipeline/05a_sisfoh2013_ccpp_heterogeneity.do,27sep2026_160800,4067132176
heterogeneity,output/figures/rd_heterogeneity/fig_hte_2013_ccpp_assignment_S01.png,figure,internal_only,assignment_effect,preliminary_reviewed,0,preliminary_reviewed,,Assignment-effect heterogeneity only; rdhte does not identify fuzzy treatment-effect heterogeneity and cannot rescue failed IV gates.,generated_unreviewed,1,11_community_registry_sisfoh_2013.dta;03_cman_projects_2023.dta,5712:403(97249):3030251695:1380430990,code/stata/pipeline/05a_sisfoh2013_ccpp_heterogeneity.do,27sep2026_160800,837438114
heterogeneity,output/figures/rd_heterogeneity/fig_hte_2013_ccpp_assignment_S02.png,figure,internal_only,assignment_effect,preliminary_reviewed,0,preliminary_reviewed,,Assignment-effect heterogeneity only; rdhte does not identify fuzzy treatment-effect heterogeneity and cannot rescue failed IV gates.,generated_unreviewed,1,11_community_registry_sisfoh_2013.dta;03_cman_projects_2023.dta,5712:403(97249):3030251695:1380430990,code/stata/pipeline/05a_sisfoh2013_ccpp_heterogeneity.do,27sep2026_160800,1317234679
heterogeneity,output/figures/rd_heterogeneity/fig_hte_2013_ccpp_assignment_S03.png,figure,internal_only,assignment_effect,preliminary_reviewed,0,preliminary_reviewed,,Assignment-effect heterogeneity only; rdhte does not identify fuzzy treatment-effect heterogeneity and cannot rescue failed IV gates.,generated_unreviewed,1,11_community_registry_sisfoh_2013.dta;03_cman_projects_2023.dta,5712:403(97249):3030251695:1380430990,code/stata/pipeline/05a_sisfoh2013_ccpp_heterogeneity.do,27sep2026_160800,1935841007
heterogeneity,output/figures/rd_heterogeneity/fig_hte_2013_ccpp_assignment_S05.png,figure,internal_only,assignment_effect,preliminary_reviewed,0,preliminary_reviewed,,Assignment-effect heterogeneity only; rdhte does not identify fuzzy treatment-effect heterogeneity and cannot rescue failed IV gates.,generated_unreviewed,1,11_community_registry_sisfoh_2013.dta;03_cman_projects_2023.dta,5712:403(97249):3030251695:1380430990,code/stata/pipeline/05a_sisfoh2013_ccpp_heterogeneity.do,27sep2026_160800,4078702915
heterogeneity,output/figures/rd_heterogeneity/fig_hte_2013_ccpp_capital_support.png,figure,internal_only,diagnostic,preliminary_reviewed,0,preliminary_reviewed,,Strength or support diagnostic. Failed gates make the corresponding fuzzy interaction non-interpretable; district-capital support is inadequate.,generated_unreviewed,1,11_community_registry_sisfoh_2013.dta;03_cman_projects_2023.dta,5712:403(97249):3030251695:1380430990,code/stata/pipeline/05a_sisfoh2013_ccpp_heterogeneity.do,27sep2026_160800,1992676442
heterogeneity,output/figures/rd_heterogeneity/fig_hte_2013_ccpp_financing_dose_iv.png,figure,exclude,not_for_interpretation,preliminary_reviewed,0,preliminary_reviewed,,Exclude unsupported post-assignment financing-dose analysis; 2013 is weak or underidentified and 2017 has no multiplicity-adjusted result.,generated_unreviewed,1,11_community_registry_sisfoh_2013.dta;03_cman_projects_2023.dta,5712:403(97249):3030251695:1380430990,code/stata/pipeline/05a_sisfoh2013_ccpp_heterogeneity.do,27sep2026_160800,2230477419
heterogeneity,output/figures/rd_heterogeneity/fig_hte_2013_ccpp_financing_first_stage.png,figure,internal_only,diagnostic,preliminary_reviewed,0,preliminary_reviewed,,Strength or support diagnostic. Failed gates make the corresponding fuzzy interaction non-interpretable; district-capital support is inadequate.,generated_unreviewed,1,11_community_registry_sisfoh_2013.dta;03_cman_projects_2023.dta,5712:403(97249):3030251695:1380430990,code/stata/pipeline/05a_sisfoh2013_ccpp_heterogeneity.do,27sep2026_160800,19689903
heterogeneity,output/figures/rd_heterogeneity/fig_hte_2013_ccpp_instrument_diagnostics.png,figure,appendix,diagnostic,preliminary_reviewed,0,preliminary_reviewed,,Strength or support diagnostic. Failed gates make the corresponding fuzzy interaction non-interpretable; district-capital support is inadequate.,generated_unreviewed,1,11_community_registry_sisfoh_2013.dta;03_cman_projects_2023.dta,5712:403(97249):3030251695:1380430990,code/stata/pipeline/05a_sisfoh2013_ccpp_heterogeneity.do,27sep2026_160800,1848065936
heterogeneity,output/figures/rd_heterogeneity/fig_hte_2013_ccpp_project_composition.png,figure,appendix,descriptive_only,preliminary_reviewed,0,preliminary_reviewed,,Descriptive project-implementation evidence only; project type is post-assignment and cannot identify a causal mechanism comparison.,generated_unreviewed,1,11_community_registry_sisfoh_2013.dta;03_cman_projects_2023.dta,5712:403(97249):3030251695:1380430990,code/stata/pipeline/05a_sisfoh2013_ccpp_heterogeneity.do,27sep2026_160800,2480903522
heterogeneity,output/figures/rd_heterogeneity/fig_hte_2013_ccpp_project_discontinuities.png,figure,appendix,descriptive_only,preliminary_reviewed,0,preliminary_reviewed,,Descriptive project-implementation evidence only; project type is post-assignment and cannot identify a causal mechanism comparison.,generated_unreviewed,1,11_community_registry_sisfoh_2013.dta;03_cman_projects_2023.dta,5712:403(97249):3030251695:1380430990,code/stata/pipeline/05a_sisfoh2013_ccpp_heterogeneity.do,27sep2026_160800,2326024166
heterogeneity,output/figures/rd_heterogeneity/fig_hte_2013_household_assignment_primary.png,figure,internal_only,assignment_effect,preliminary_reviewed,0,preliminary_reviewed,,Assignment-effect heterogeneity only; rdhte does not identify fuzzy treatment-effect heterogeneity and cannot rescue failed IV gates.,generated_unreviewed,1,10_sisfoh_2013_household_analysis.dta,415007:398(33865):2310789879:3382197492,code/stata/pipeline/05b_sisfoh2013_household_heterogeneity.do,27sep2026_160800,2937315669
heterogeneity,output/figures/rd_heterogeneity/fig_hte_2013_household_capital_support.png,figure,internal_only,diagnostic,preliminary_reviewed,0,preliminary_reviewed,,Strength or support diagnostic. Failed gates make the corresponding fuzzy interaction non-interpretable; district-capital support is inadequate.,generated_unreviewed,1,10_sisfoh_2013_household_analysis.dta,415007:398(33865):2310789879:3382197492,code/stata/pipeline/05b_sisfoh2013_household_heterogeneity.do,27sep2026_160800,222480495
heterogeneity,output/figures/rd_heterogeneity/fig_hte_2013_household_conditional_M01.png,figure,internal_only,secondary_causal,preliminary_reviewed,0,preliminary_reviewed,,Exploratory fuzzy-IV heterogeneity evidence; no prespecified primary interaction survives multiplicity adjustment and figures require human-readable moderator labels.,generated_unreviewed,1,10_sisfoh_2013_household_analysis.dta,415007:398(33865):2310789879:3382197492,code/stata/pipeline/05b_sisfoh2013_household_heterogeneity.do,27sep2026_160800,1390970387
heterogeneity,output/figures/rd_heterogeneity/fig_hte_2013_household_fuzzy_primary.png,figure,internal_only,secondary_causal,preliminary_reviewed,0,preliminary_reviewed,,Exploratory fuzzy-IV heterogeneity evidence; no prespecified primary interaction survives multiplicity adjustment and figures require human-readable moderator labels.,generated_unreviewed,1,10_sisfoh_2013_household_analysis.dta,415007:398(33865):2310789879:3382197492,code/stata/pipeline/05b_sisfoh2013_household_heterogeneity.do,27sep2026_160800,2704109632
heterogeneity,output/figures/rd_heterogeneity/fig_hte_2013_household_instrument_diagnostics.png,figure,appendix,diagnostic,preliminary_reviewed,0,preliminary_reviewed,,Strength or support diagnostic. Failed gates make the corresponding fuzzy interaction non-interpretable; district-capital support is inadequate.,generated_unreviewed,1,10_sisfoh_2013_household_analysis.dta,415007:398(33865):2310789879:3382197492,code/stata/pipeline/05b_sisfoh2013_household_heterogeneity.do,27sep2026_160800,3554877825
heterogeneity,output/figures/rd_heterogeneity/fig_hte_2013_individual_assignment_primary.png,figure,internal_only,assignment_effect,preliminary_reviewed,0,preliminary_reviewed,,Assignment-effect heterogeneity only; rdhte does not identify fuzzy treatment-effect heterogeneity and cannot rescue failed IV gates.,generated_unreviewed,1,09_sisfoh_2013_individual_analysis.dta,1425575:347(15447):667510731:4238093767,code/stata/pipeline/05c_sisfoh2013_individual_heterogeneity.do,27sep2026_160800,1353468910
heterogeneity,output/figures/rd_heterogeneity/fig_hte_2013_individual_capital_support.png,figure,internal_only,diagnostic,preliminary_reviewed,0,preliminary_reviewed,,Strength or support diagnostic. Failed gates make the corresponding fuzzy interaction non-interpretable; district-capital support is inadequate.,generated_unreviewed,1,09_sisfoh_2013_individual_analysis.dta,1425575:347(15447):667510731:4238093767,code/stata/pipeline/05c_sisfoh2013_individual_heterogeneity.do,27sep2026_160800,3400739411
heterogeneity,output/figures/rd_heterogeneity/fig_hte_2013_individual_conditional_M01.png,figure,internal_only,secondary_causal,preliminary_reviewed,0,preliminary_reviewed,,Exploratory fuzzy-IV heterogeneity evidence; no prespecified primary interaction survives multiplicity adjustment and figures require human-readable moderator labels.,generated_unreviewed,1,09_sisfoh_2013_individual_analysis.dta,1425575:347(15447):667510731:4238093767,code/stata/pipeline/05c_sisfoh2013_individual_heterogeneity.do,27sep2026_160800,1216551961
heterogeneity,output/figures/rd_heterogeneity/fig_hte_2013_individual_conditional_M03.png,figure,internal_only,secondary_causal,preliminary_reviewed,0,preliminary_reviewed,,Exploratory fuzzy-IV heterogeneity evidence; no prespecified primary interaction survives multiplicity adjustment and figures require human-readable moderator labels.,generated_unreviewed,1,09_sisfoh_2013_individual_analysis.dta,1425575:347(15447):667510731:4238093767,code/stata/pipeline/05c_sisfoh2013_individual_heterogeneity.do,27sep2026_160800,3870029899
heterogeneity,output/figures/rd_heterogeneity/fig_hte_2013_individual_fuzzy_primary.png,figure,internal_only,secondary_causal,preliminary_reviewed,0,preliminary_reviewed,,Exploratory fuzzy-IV heterogeneity evidence; no prespecified primary interaction survives multiplicity adjustment and figures require human-readable moderator labels.,generated_unreviewed,1,09_sisfoh_2013_individual_analysis.dta,1425575:347(15447):667510731:4238093767,code/stata/pipeline/05c_sisfoh2013_individual_heterogeneity.do,27sep2026_160800,2013097885
heterogeneity,output/figures/rd_heterogeneity/fig_hte_2013_individual_fuzzy_secondary_age.png,figure,appendix,secondary_causal,preliminary_reviewed,0,preliminary_reviewed,,Exploratory fuzzy-IV heterogeneity evidence; no prespecified primary interaction survives multiplicity adjustment and figures require human-readable moderator labels.,generated_unreviewed,1,09_sisfoh_2013_individual_analysis.dta,1425575:347(15447):667510731:4238093767,code/stata/pipeline/05c_sisfoh2013_individual_heterogeneity.do,27sep2026_160800,4243217800
heterogeneity,output/figures/rd_heterogeneity/fig_hte_2013_individual_gender_support.png,figure,internal_only,diagnostic,preliminary_reviewed,0,preliminary_reviewed,,Strength or support diagnostic. Failed gates make the corresponding fuzzy interaction non-interpretable; district-capital support is inadequate.,generated_unreviewed,1,09_sisfoh_2013_individual_analysis.dta,1425575:347(15447):667510731:4238093767,code/stata/pipeline/05c_sisfoh2013_individual_heterogeneity.do,27sep2026_160800,1241665612
heterogeneity,output/figures/rd_heterogeneity/fig_hte_2013_individual_instrument_diagnostics.png,figure,appendix,diagnostic,preliminary_reviewed,0,preliminary_reviewed,,Strength or support diagnostic. Failed gates make the corresponding fuzzy interaction non-interpretable; district-capital support is inadequate.,generated_unreviewed,1,09_sisfoh_2013_individual_analysis.dta,1425575:347(15447):667510731:4238093767,code/stata/pipeline/05c_sisfoh2013_individual_heterogeneity.do,27sep2026_160800,642964526
heterogeneity,output/figures/rd_heterogeneity/fig_hte_2017_ccpp_assignment_primary.png,figure,internal_only,assignment_effect,preliminary_reviewed,0,preliminary_reviewed,,Assignment-effect heterogeneity only; rdhte does not identify fuzzy treatment-effect heterogeneity and cannot rescue failed IV gates.,generated_unreviewed,1,14_community_registry_census_2017.dta,5712:466(89399):3540887281:774889383,code/stata/pipeline/05d_census2017_ccpp_heterogeneity.do,27sep2026_160800,3816162641
heterogeneity,output/figures/rd_heterogeneity/fig_hte_2017_ccpp_capital_support.png,figure,internal_only,diagnostic,preliminary_reviewed,0,preliminary_reviewed,,Strength or support diagnostic. Failed gates make the corresponding fuzzy interaction non-interpretable; district-capital support is inadequate.,generated_unreviewed,1,14_community_registry_census_2017.dta,5712:466(89399):3540887281:774889383,code/stata/pipeline/05d_census2017_ccpp_heterogeneity.do,27sep2026_160800,2630814907
heterogeneity,output/figures/rd_heterogeneity/fig_hte_2017_ccpp_conditional_M01.png,figure,internal_only,secondary_causal,preliminary_reviewed,0,preliminary_reviewed,,Exploratory fuzzy-IV heterogeneity evidence; no prespecified primary interaction survives multiplicity adjustment and figures require human-readable moderator labels.,generated_unreviewed,1,14_community_registry_census_2017.dta,5712:466(89399):3540887281:774889383,code/stata/pipeline/05d_census2017_ccpp_heterogeneity.do,27sep2026_160800,2765028135
heterogeneity,output/figures/rd_heterogeneity/fig_hte_2017_ccpp_financing_dose_iv.png,figure,exclude,not_for_interpretation,preliminary_reviewed,0,preliminary_reviewed,,Exclude unsupported post-assignment financing-dose analysis; 2013 is weak or underidentified and 2017 has no multiplicity-adjusted result.,generated_unreviewed,1,14_community_registry_census_2017.dta;03_cman_projects_2023.dta,5712:466(89399):3540887281:774889383,code/stata/pipeline/05d_census2017_ccpp_heterogeneity.do,27sep2026_160800,3400159680
heterogeneity,output/figures/rd_heterogeneity/fig_hte_2017_ccpp_financing_first_stage.png,figure,internal_only,diagnostic,preliminary_reviewed,0,preliminary_reviewed,,Strength or support diagnostic. Failed gates make the corresponding fuzzy interaction non-interpretable; district-capital support is inadequate.,generated_unreviewed,1,14_community_registry_census_2017.dta;03_cman_projects_2023.dta,5712:466(89399):3540887281:774889383,code/stata/pipeline/05d_census2017_ccpp_heterogeneity.do,27sep2026_160800,2205813021
heterogeneity,output/figures/rd_heterogeneity/fig_hte_2017_ccpp_fuzzy_primary.png,figure,appendix,secondary_causal,preliminary_reviewed,0,preliminary_reviewed,,Exploratory fuzzy-IV heterogeneity evidence; no prespecified primary interaction survives multiplicity adjustment and figures require human-readable moderator labels.,generated_unreviewed,1,14_community_registry_census_2017.dta,5712:466(89399):3540887281:774889383,code/stata/pipeline/05d_census2017_ccpp_heterogeneity.do,27sep2026_160800,3097644744
heterogeneity,output/figures/rd_heterogeneity/fig_hte_2017_ccpp_instrument_diagnostics.png,figure,appendix,diagnostic,preliminary_reviewed,0,preliminary_reviewed,,Strength or support diagnostic. Failed gates make the corresponding fuzzy interaction non-interpretable; district-capital support is inadequate.,generated_unreviewed,1,14_community_registry_census_2017.dta,5712:466(89399):3540887281:774889383,code/stata/pipeline/05d_census2017_ccpp_heterogeneity.do,27sep2026_160800,139512082
heterogeneity,output/figures/rd_heterogeneity/fig_hte_2017_ccpp_project_composition.png,figure,appendix,descriptive_only,preliminary_reviewed,0,preliminary_reviewed,,Descriptive project-implementation evidence only; project type is post-assignment and cannot identify a causal mechanism comparison.,generated_unreviewed,1,14_community_registry_census_2017.dta;03_cman_projects_2023.dta,5712:466(89399):3540887281:774889383,code/stata/pipeline/05d_census2017_ccpp_heterogeneity.do,27sep2026_160800,2533860471
heterogeneity,output/figures/rd_heterogeneity/fig_hte_2017_ccpp_project_discontinuities.png,figure,appendix,descriptive_only,preliminary_reviewed,0,preliminary_reviewed,,Descriptive project-implementation evidence only; project type is post-assignment and cannot identify a causal mechanism comparison.,generated_unreviewed,1,14_community_registry_census_2017.dta;03_cman_projects_2023.dta,5712:466(89399):3540887281:774889383,code/stata/pipeline/05d_census2017_ccpp_heterogeneity.do,27sep2026_160800,1154922835
heterogeneity,output/figures/rd_heterogeneity/fig_hte_2017_household_assignment_primary.png,figure,internal_only,assignment_effect,preliminary_reviewed,0,preliminary_reviewed,,Assignment-effect heterogeneity only; rdhte does not identify fuzzy treatment-effect heterogeneity and cannot rescue failed IV gates.,generated_unreviewed,1,13_census_2017_household_analysis.dta,58015:567(76799):796862204:147322490,code/stata/pipeline/05e_census2017_household_heterogeneity.do,27sep2026_160800,2871302368
heterogeneity,output/figures/rd_heterogeneity/fig_hte_2017_household_capital_support.png,figure,internal_only,diagnostic,preliminary_reviewed,0,preliminary_reviewed,,Strength or support diagnostic. Failed gates make the corresponding fuzzy interaction non-interpretable; district-capital support is inadequate.,generated_unreviewed,1,13_census_2017_household_analysis.dta,58015:567(76799):796862204:147322490,code/stata/pipeline/05e_census2017_household_heterogeneity.do,27sep2026_160800,3613995958
heterogeneity,output/figures/rd_heterogeneity/fig_hte_2017_household_conditional_M01.png,figure,internal_only,secondary_causal,preliminary_reviewed,0,preliminary_reviewed,,Exploratory fuzzy-IV heterogeneity evidence; no prespecified primary interaction survives multiplicity adjustment and figures require human-readable moderator labels.,generated_unreviewed,1,13_census_2017_household_analysis.dta,58015:567(76799):796862204:147322490,code/stata/pipeline/05e_census2017_household_heterogeneity.do,27sep2026_160800,3942688012
heterogeneity,output/figures/rd_heterogeneity/fig_hte_2017_household_fuzzy_primary.png,figure,internal_only,secondary_causal,preliminary_reviewed,0,preliminary_reviewed,,Exploratory fuzzy-IV heterogeneity evidence; no prespecified primary interaction survives multiplicity adjustment and figures require human-readable moderator labels.,generated_unreviewed,1,13_census_2017_household_analysis.dta,58015:567(76799):796862204:147322490,code/stata/pipeline/05e_census2017_household_heterogeneity.do,27sep2026_160800,3358392026
heterogeneity,output/figures/rd_heterogeneity/fig_hte_2017_household_instrument_diagnostics.png,figure,appendix,diagnostic,preliminary_reviewed,0,preliminary_reviewed,,Strength or support diagnostic. Failed gates make the corresponding fuzzy interaction non-interpretable; district-capital support is inadequate.,generated_unreviewed,1,13_census_2017_household_analysis.dta,58015:567(76799):796862204:147322490,code/stata/pipeline/05e_census2017_household_heterogeneity.do,27sep2026_160800,105944486
heterogeneity,output/figures/rd_heterogeneity/fig_hte_2017_individual_assignment_primary.png,figure,internal_only,assignment_effect,preliminary_reviewed,0,preliminary_reviewed,,Assignment-effect heterogeneity only; rdhte does not identify fuzzy treatment-effect heterogeneity and cannot rescue failed IV gates.,generated_unreviewed,1,12_census_2017_individual_analysis.dta,193342:584(100102):1670380058:3445404902,code/stata/pipeline/05f_census2017_individual_heterogeneity.do,27sep2026_160800,2620830001
heterogeneity,output/figures/rd_heterogeneity/fig_hte_2017_individual_capital_support.png,figure,internal_only,diagnostic,preliminary_reviewed,0,preliminary_reviewed,,Strength or support diagnostic. Failed gates make the corresponding fuzzy interaction non-interpretable; district-capital support is inadequate.,generated_unreviewed,1,12_census_2017_individual_analysis.dta,193342:584(100102):1670380058:3445404902,code/stata/pipeline/05f_census2017_individual_heterogeneity.do,27sep2026_160800,3438890376
heterogeneity,output/figures/rd_heterogeneity/fig_hte_2017_individual_conditional_M01.png,figure,internal_only,secondary_causal,preliminary_reviewed,0,preliminary_reviewed,,Exploratory fuzzy-IV evidence with revised labels and sample notes; no primary interaction survives multiplicity adjustment. Internal-only pending owner review.,generated_unreviewed,1,12_census_2017_individual_analysis.dta,193342:584(100102):1670380058:3445404902,code/stata/pipeline/05f_census2017_individual_heterogeneity.do,27sep2026_160800,2639141597
heterogeneity,output/figures/rd_heterogeneity/fig_hte_2017_individual_conditional_M03.png,figure,internal_only,secondary_causal,preliminary_reviewed,0,preliminary_reviewed,,Exploratory fuzzy-IV evidence with revised labels and sample notes; no primary interaction survives multiplicity adjustment. Internal-only pending owner review.,generated_unreviewed,1,12_census_2017_individual_analysis.dta,193342:584(100102):1670380058:3445404902,code/stata/pipeline/05f_census2017_individual_heterogeneity.do,27sep2026_160800,3848361630
heterogeneity,output/figures/rd_heterogeneity/fig_hte_2017_individual_fuzzy_primary.png,figure,internal_only,secondary_causal,preliminary_reviewed,0,preliminary_reviewed,,Migration re-estimated on approved linked adults; other outcomes retain complete cases. Internal-only pending scientific-owner review.,generated_unreviewed,1,12_census_2017_individual_analysis.dta,193342:584(100102):1670380058:3445404902,code/stata/pipeline/05f_census2017_individual_heterogeneity.do,27sep2026_160800,2579196284
heterogeneity,output/figures/rd_heterogeneity/fig_hte_2017_individual_fuzzy_secondary_age.png,figure,internal_only,secondary_causal,preliminary_reviewed,0,preliminary_reviewed,,Migration re-estimated on approved linked adults; other outcomes retain complete cases. Internal-only pending scientific-owner review.,generated_unreviewed,1,12_census_2017_individual_analysis.dta,193342:584(100102):1670380058:3445404902,code/stata/pipeline/05f_census2017_individual_heterogeneity.do,27sep2026_160800,995384464
heterogeneity,output/figures/rd_heterogeneity/fig_hte_2017_individual_gender_support.png,figure,internal_only,diagnostic,preliminary_reviewed,0,preliminary_reviewed,,Strength or support diagnostic. Failed gates make the corresponding fuzzy interaction non-interpretable; district-capital support is inadequate.,generated_unreviewed,1,12_census_2017_individual_analysis.dta,193342:584(100102):1670380058:3445404902,code/stata/pipeline/05f_census2017_individual_heterogeneity.do,27sep2026_160800,902167228
heterogeneity,output/figures/rd_heterogeneity/fig_hte_2017_individual_instrument_diagnostics.png,figure,internal_only,diagnostic,preliminary_reviewed,0,preliminary_reviewed,,Migration re-estimated on approved linked adults; other outcomes retain complete cases. Internal-only pending scientific-owner review.,generated_unreviewed,1,12_census_2017_individual_analysis.dta,193342:584(100102):1670380058:3445404902,code/stata/pipeline/05f_census2017_individual_heterogeneity.do,27sep2026_160800,2605976966
heterogeneity,output/tables/rd_heterogeneity/rd_hte_2013_ccpp_conditional_effects.csv,table,internal_only,source_table,preliminary_reviewed,0,preliminary_reviewed,,Machine-readable heterogeneity source or QA ledger; retain internally rather than publish as an exhibit.,generated_unreviewed,1,11_community_registry_sisfoh_2013.dta;03_cman_projects_2023.dta,5712:403(97249):3030251695:1380430990,code/stata/pipeline/05a_sisfoh2013_ccpp_heterogeneity.do,27sep2026_160800,3257365130
heterogeneity,output/tables/rd_heterogeneity/rd_hte_2013_ccpp_financing_dose_iv.csv,table,exclude,not_for_interpretation,preliminary_reviewed,0,preliminary_reviewed,,Exclude unsupported post-assignment financing-dose analysis; 2013 is weak or underidentified and 2017 has no multiplicity-adjusted result.,generated_unreviewed,1,11_community_registry_sisfoh_2013.dta;03_cman_projects_2023.dta,5712:403(97249):3030251695:1380430990,code/stata/pipeline/05a_sisfoh2013_ccpp_heterogeneity.do,27sep2026_160800,2466635083
heterogeneity,output/tables/rd_heterogeneity/rd_hte_2013_ccpp_project_composition.csv,table,internal_only,descriptive_only,preliminary_reviewed,0,preliminary_reviewed,,Descriptive project-implementation evidence only; project type is post-assignment and cannot identify a causal mechanism comparison.,generated_unreviewed,1,11_community_registry_sisfoh_2013.dta;03_cman_projects_2023.dta,5712:403(97249):3030251695:1380430990,code/stata/pipeline/05a_sisfoh2013_ccpp_heterogeneity.do,27sep2026_160800,2222970478
heterogeneity,output/tables/rd_heterogeneity/rd_hte_2013_ccpp_project_discontinuities.csv,table,internal_only,descriptive_only,preliminary_reviewed,0,preliminary_reviewed,,Descriptive project-implementation evidence only; project type is post-assignment and cannot identify a causal mechanism comparison.,generated_unreviewed,1,11_community_registry_sisfoh_2013.dta;03_cman_projects_2023.dta,5712:403(97249):3030251695:1380430990,code/stata/pipeline/05a_sisfoh2013_ccpp_heterogeneity.do,27sep2026_160800,588943674
heterogeneity,output/tables/rd_heterogeneity/rd_hte_2013_ccpp_results.csv,table,internal_only,source_table,preliminary_reviewed,0,preliminary_reviewed,,Machine-readable heterogeneity source or QA ledger; retain internally rather than publish as an exhibit.,generated_unreviewed,1,11_community_registry_sisfoh_2013.dta;03_cman_projects_2023.dta,5712:403(97249):3030251695:1380430990,code/stata/pipeline/05a_sisfoh2013_ccpp_heterogeneity.do,27sep2026_160800,542579116
heterogeneity,output/tables/rd_heterogeneity/rd_hte_2013_household_analysis_contract.csv,table,internal_only,diagnostic,preliminary_reviewed,0,preliminary_reviewed,,Strength or support diagnostic. Failed gates make the corresponding fuzzy interaction non-interpretable; district-capital support is inadequate.,generated_unreviewed,1,10_sisfoh_2013_household_analysis.dta,415007:398(33865):2310789879:3382197492,code/stata/pipeline/05b_sisfoh2013_household_heterogeneity.do,27sep2026_160800,364703860
heterogeneity,output/tables/rd_heterogeneity/rd_hte_2013_household_conditional_effects.csv,table,internal_only,source_table,preliminary_reviewed,0,preliminary_reviewed,,Machine-readable heterogeneity source or QA ledger; retain internally rather than publish as an exhibit.,generated_unreviewed,1,10_sisfoh_2013_household_analysis.dta,415007:398(33865):2310789879:3382197492,code/stata/pipeline/05b_sisfoh2013_household_heterogeneity.do,27sep2026_160800,756434185
heterogeneity,output/tables/rd_heterogeneity/rd_hte_2013_household_results.csv,table,internal_only,source_table,preliminary_reviewed,0,preliminary_reviewed,,Machine-readable heterogeneity source or QA ledger; retain internally rather than publish as an exhibit.,generated_unreviewed,1,10_sisfoh_2013_household_analysis.dta,415007:398(33865):2310789879:3382197492,code/stata/pipeline/05b_sisfoh2013_household_heterogeneity.do,27sep2026_160800,570618430
heterogeneity,output/tables/rd_heterogeneity/rd_hte_2013_household_support.csv,table,internal_only,diagnostic,preliminary_reviewed,0,preliminary_reviewed,,Strength or support diagnostic. Failed gates make the corresponding fuzzy interaction non-interpretable; district-capital support is inadequate.,generated_unreviewed,1,10_sisfoh_2013_household_analysis.dta,415007:398(33865):2310789879:3382197492,code/stata/pipeline/05b_sisfoh2013_household_heterogeneity.do,27sep2026_160800,2629575571
heterogeneity,output/tables/rd_heterogeneity/rd_hte_2013_individual_analysis_contract.csv,table,internal_only,diagnostic,preliminary_reviewed,0,preliminary_reviewed,,Strength or support diagnostic. Failed gates make the corresponding fuzzy interaction non-interpretable; district-capital support is inadequate.,generated_unreviewed,1,09_sisfoh_2013_individual_analysis.dta,1425575:347(15447):667510731:4238093767,code/stata/pipeline/05c_sisfoh2013_individual_heterogeneity.do,27sep2026_160800,2330922801
heterogeneity,output/tables/rd_heterogeneity/rd_hte_2013_individual_conditional_effects.csv,table,internal_only,source_table,preliminary_reviewed,0,preliminary_reviewed,,Machine-readable heterogeneity source or QA ledger; retain internally rather than publish as an exhibit.,generated_unreviewed,1,09_sisfoh_2013_individual_analysis.dta,1425575:347(15447):667510731:4238093767,code/stata/pipeline/05c_sisfoh2013_individual_heterogeneity.do,27sep2026_160800,1494601301
heterogeneity,output/tables/rd_heterogeneity/rd_hte_2013_individual_results.csv,table,internal_only,source_table,preliminary_reviewed,0,preliminary_reviewed,,Machine-readable heterogeneity source or QA ledger; retain internally rather than publish as an exhibit.,generated_unreviewed,1,09_sisfoh_2013_individual_analysis.dta,1425575:347(15447):667510731:4238093767,code/stata/pipeline/05c_sisfoh2013_individual_heterogeneity.do,27sep2026_160800,966848168
heterogeneity,output/tables/rd_heterogeneity/rd_hte_2013_individual_support.csv,table,internal_only,diagnostic,preliminary_reviewed,0,preliminary_reviewed,,Strength or support diagnostic. Failed gates make the corresponding fuzzy interaction non-interpretable; district-capital support is inadequate.,generated_unreviewed,1,09_sisfoh_2013_individual_analysis.dta,1425575:347(15447):667510731:4238093767,code/stata/pipeline/05c_sisfoh2013_individual_heterogeneity.do,27sep2026_160800,992477787
heterogeneity,output/tables/rd_heterogeneity/rd_hte_2017_ccpp_analysis_contract.csv,table,internal_only,diagnostic,preliminary_reviewed,0,preliminary_reviewed,,Strength or support diagnostic. Failed gates make the corresponding fuzzy interaction non-interpretable; district-capital support is inadequate.,generated_unreviewed,1,14_community_registry_census_2017.dta,5712:466(89399):3540887281:774889383,code/stata/pipeline/05d_census2017_ccpp_heterogeneity.do,27sep2026_160800,2546437427
heterogeneity,output/tables/rd_heterogeneity/rd_hte_2017_ccpp_conditional_effects.csv,table,internal_only,source_table,preliminary_reviewed,0,preliminary_reviewed,,Machine-readable heterogeneity source or QA ledger; retain internally rather than publish as an exhibit.,generated_unreviewed,1,14_community_registry_census_2017.dta,5712:466(89399):3540887281:774889383,code/stata/pipeline/05d_census2017_ccpp_heterogeneity.do,27sep2026_160800,1447026952
heterogeneity,output/tables/rd_heterogeneity/rd_hte_2017_ccpp_financing_dose_iv.csv,table,exclude,not_for_interpretation,preliminary_reviewed,0,preliminary_reviewed,,Exclude unsupported post-assignment financing-dose analysis; 2013 is weak or underidentified and 2017 has no multiplicity-adjusted result.,generated_unreviewed,1,14_community_registry_census_2017.dta;03_cman_projects_2023.dta,5712:466(89399):3540887281:774889383,code/stata/pipeline/05d_census2017_ccpp_heterogeneity.do,27sep2026_160800,658531188
heterogeneity,output/tables/rd_heterogeneity/rd_hte_2017_ccpp_project_composition.csv,table,internal_only,descriptive_only,preliminary_reviewed,0,preliminary_reviewed,,Descriptive project-implementation evidence only; project type is post-assignment and cannot identify a causal mechanism comparison.,generated_unreviewed,1,14_community_registry_census_2017.dta;03_cman_projects_2023.dta,5712:466(89399):3540887281:774889383,code/stata/pipeline/05d_census2017_ccpp_heterogeneity.do,27sep2026_160800,4263192942
heterogeneity,output/tables/rd_heterogeneity/rd_hte_2017_ccpp_project_discontinuities.csv,table,internal_only,descriptive_only,preliminary_reviewed,0,preliminary_reviewed,,Descriptive project-implementation evidence only; project type is post-assignment and cannot identify a causal mechanism comparison.,generated_unreviewed,1,14_community_registry_census_2017.dta;03_cman_projects_2023.dta,5712:466(89399):3540887281:774889383,code/stata/pipeline/05d_census2017_ccpp_heterogeneity.do,27sep2026_160800,1381551684
heterogeneity,output/tables/rd_heterogeneity/rd_hte_2017_ccpp_results.csv,table,internal_only,source_table,preliminary_reviewed,0,preliminary_reviewed,,Machine-readable heterogeneity source or QA ledger; retain internally rather than publish as an exhibit.,generated_unreviewed,1,14_community_registry_census_2017.dta,5712:466(89399):3540887281:774889383,code/stata/pipeline/05d_census2017_ccpp_heterogeneity.do,27sep2026_160800,3178357045
heterogeneity,output/tables/rd_heterogeneity/rd_hte_2017_ccpp_support.csv,table,internal_only,diagnostic,preliminary_reviewed,0,preliminary_reviewed,,Strength or support diagnostic. Failed gates make the corresponding fuzzy interaction non-interpretable; district-capital support is inadequate.,generated_unreviewed,1,14_community_registry_census_2017.dta,5712:466(89399):3540887281:774889383,code/stata/pipeline/05d_census2017_ccpp_heterogeneity.do,27sep2026_160800,1975654871
heterogeneity,output/tables/rd_heterogeneity/rd_hte_2017_household_analysis_contract.csv,table,internal_only,diagnostic,preliminary_reviewed,0,preliminary_reviewed,,Strength or support diagnostic. Failed gates make the corresponding fuzzy interaction non-interpretable; district-capital support is inadequate.,generated_unreviewed,1,13_census_2017_household_analysis.dta,58015:567(76799):796862204:147322490,code/stata/pipeline/05e_census2017_household_heterogeneity.do,27sep2026_160800,2318637621
heterogeneity,output/tables/rd_heterogeneity/rd_hte_2017_household_conditional_effects.csv,table,internal_only,source_table,preliminary_reviewed,0,preliminary_reviewed,,Machine-readable heterogeneity source or QA ledger; retain internally rather than publish as an exhibit.,generated_unreviewed,1,13_census_2017_household_analysis.dta,58015:567(76799):796862204:147322490,code/stata/pipeline/05e_census2017_household_heterogeneity.do,27sep2026_160800,2052858053
heterogeneity,output/tables/rd_heterogeneity/rd_hte_2017_household_results.csv,table,internal_only,source_table,preliminary_reviewed,0,preliminary_reviewed,,Machine-readable heterogeneity source or QA ledger; retain internally rather than publish as an exhibit.,generated_unreviewed,1,13_census_2017_household_analysis.dta,58015:567(76799):796862204:147322490,code/stata/pipeline/05e_census2017_household_heterogeneity.do,27sep2026_160800,704521235
heterogeneity,output/tables/rd_heterogeneity/rd_hte_2017_household_support.csv,table,internal_only,diagnostic,preliminary_reviewed,0,preliminary_reviewed,,Strength or support diagnostic. Failed gates make the corresponding fuzzy interaction non-interpretable; district-capital support is inadequate.,generated_unreviewed,1,13_census_2017_household_analysis.dta,58015:567(76799):796862204:147322490,code/stata/pipeline/05e_census2017_household_heterogeneity.do,27sep2026_160800,2397613187
heterogeneity,output/tables/rd_heterogeneity/rd_hte_2017_individual_analysis_contract.csv,table,internal_only,diagnostic,preliminary_reviewed,0,preliminary_reviewed,,Strength or support diagnostic. Failed gates make the corresponding fuzzy interaction non-interpretable; district-capital support is inadequate.,generated_unreviewed,1,12_census_2017_individual_analysis.dta,193342:584(100102):1670380058:3445404902,code/stata/pipeline/05f_census2017_individual_heterogeneity.do,27sep2026_160800,3946863303
heterogeneity,output/tables/rd_heterogeneity/rd_hte_2017_individual_conditional_effects.csv,table,internal_only,source_table,preliminary_reviewed,0,preliminary_reviewed,,Machine-readable heterogeneity source or QA ledger; retain internally rather than publish as an exhibit.,generated_unreviewed,1,12_census_2017_individual_analysis.dta,193342:584(100102):1670380058:3445404902,code/stata/pipeline/05f_census2017_individual_heterogeneity.do,27sep2026_160800,2035169673
heterogeneity,output/tables/rd_heterogeneity/rd_hte_2017_individual_results.csv,table,internal_only,source_table,preliminary_reviewed,0,preliminary_reviewed,,Machine-readable heterogeneity source or QA ledger; retain internally rather than publish as an exhibit.,generated_unreviewed,1,12_census_2017_individual_analysis.dta,193342:584(100102):1670380058:3445404902,code/stata/pipeline/05f_census2017_individual_heterogeneity.do,27sep2026_160800,2674664876
heterogeneity,output/tables/rd_heterogeneity/rd_hte_2017_individual_support.csv,table,internal_only,diagnostic,preliminary_reviewed,0,preliminary_reviewed,,Strength or support diagnostic. Failed gates make the corresponding fuzzy interaction non-interpretable; district-capital support is inadequate.,generated_unreviewed,1,12_census_2017_individual_analysis.dta,193342:584(100102):1670380058:3445404902,code/stata/pipeline/05f_census2017_individual_heterogeneity.do,27sep2026_160800,2981631813
heterogeneity,output/tables/rd_heterogeneity/tab_hte_2013_ccpp_01_moderator_registry.tex,table,internal_only,diagnostic,preliminary_reviewed,0,preliminary_reviewed,,Strength or support diagnostic. Failed gates make the corresponding fuzzy interaction non-interpretable; district-capital support is inadequate.,generated_unreviewed,1,11_community_registry_sisfoh_2013.dta;03_cman_projects_2023.dta,5712:403(97249):3030251695:1380430990,code/stata/pipeline/05a_sisfoh2013_ccpp_heterogeneity.do,27sep2026_160800,3208319568
heterogeneity,output/tables/rd_heterogeneity/tab_hte_2013_ccpp_02_design_diagnostics.tex,table,appendix,diagnostic,preliminary_reviewed,0,preliminary_reviewed,,Strength or support diagnostic. Failed gates make the corresponding fuzzy interaction non-interpretable; district-capital support is inadequate.,generated_unreviewed,1,11_community_registry_sisfoh_2013.dta;03_cman_projects_2023.dta,5712:403(97249):3030251695:1380430990,code/stata/pipeline/05a_sisfoh2013_ccpp_heterogeneity.do,27sep2026_160800,4103812317
heterogeneity,output/tables/rd_heterogeneity/tab_hte_2013_ccpp_03_assignment_primary.tex,table,appendix,assignment_effect,preliminary_reviewed,0,preliminary_reviewed,,Assignment-effect heterogeneity only; rdhte does not identify fuzzy treatment-effect heterogeneity and cannot rescue failed IV gates.,generated_unreviewed,1,11_community_registry_sisfoh_2013.dta;03_cman_projects_2023.dta,5712:403(97249):3030251695:1380430990,code/stata/pipeline/05a_sisfoh2013_ccpp_heterogeneity.do,27sep2026_160800,1239244511
heterogeneity,output/tables/rd_heterogeneity/tab_hte_2013_ccpp_03_assignment_secondary.tex,table,appendix,assignment_effect,preliminary_reviewed,0,preliminary_reviewed,,Assignment-effect heterogeneity only; rdhte does not identify fuzzy treatment-effect heterogeneity and cannot rescue failed IV gates.,generated_unreviewed,1,11_community_registry_sisfoh_2013.dta;03_cman_projects_2023.dta,5712:403(97249):3030251695:1380430990,code/stata/pipeline/05a_sisfoh2013_ccpp_heterogeneity.do,27sep2026_160800,4193544728
heterogeneity,output/tables/rd_heterogeneity/tab_hte_2013_ccpp_04_fuzzy_primary.tex,table,appendix,secondary_causal,preliminary_reviewed,0,preliminary_reviewed,,Exploratory fuzzy-IV heterogeneity evidence; no prespecified primary interaction survives multiplicity adjustment and figures require human-readable moderator labels.,generated_unreviewed,1,11_community_registry_sisfoh_2013.dta;03_cman_projects_2023.dta,5712:403(97249):3030251695:1380430990,code/stata/pipeline/05a_sisfoh2013_ccpp_heterogeneity.do,27sep2026_160800,2896509852
heterogeneity,output/tables/rd_heterogeneity/tab_hte_2013_ccpp_04_fuzzy_secondary.tex,table,appendix,secondary_causal,preliminary_reviewed,0,preliminary_reviewed,,Exploratory fuzzy-IV heterogeneity evidence; no prespecified primary interaction survives multiplicity adjustment and figures require human-readable moderator labels.,generated_unreviewed,1,11_community_registry_sisfoh_2013.dta;03_cman_projects_2023.dta,5712:403(97249):3030251695:1380430990,code/stata/pipeline/05a_sisfoh2013_ccpp_heterogeneity.do,27sep2026_160800,655527214
heterogeneity,output/tables/rd_heterogeneity/tab_hte_2013_ccpp_05_population_conditional.tex,table,internal_only,secondary_causal,preliminary_reviewed,0,preliminary_reviewed,,Exploratory fuzzy-IV heterogeneity evidence; no prespecified primary interaction survives multiplicity adjustment and figures require human-readable moderator labels.,generated_unreviewed,1,11_community_registry_sisfoh_2013.dta;03_cman_projects_2023.dta,5712:403(97249):3030251695:1380430990,code/stata/pipeline/05a_sisfoh2013_ccpp_heterogeneity.do,27sep2026_160800,1934895334
heterogeneity,output/tables/rd_heterogeneity/tab_hte_2013_ccpp_06_population_robustness.tex,table,appendix,secondary_causal,preliminary_reviewed,0,preliminary_reviewed,,Exploratory fuzzy-IV heterogeneity evidence; no prespecified primary interaction survives multiplicity adjustment and figures require human-readable moderator labels.,generated_unreviewed,1,11_community_registry_sisfoh_2013.dta;03_cman_projects_2023.dta,5712:403(97249):3030251695:1380430990,code/stata/pipeline/05a_sisfoh2013_ccpp_heterogeneity.do,27sep2026_160800,2571834331
heterogeneity,output/tables/rd_heterogeneity/tab_hte_2013_ccpp_07_project_implementation.tex,table,appendix,descriptive_only,preliminary_reviewed,0,preliminary_reviewed,,Descriptive project-implementation evidence only; project type is post-assignment and cannot identify a causal mechanism comparison.,generated_unreviewed,1,11_community_registry_sisfoh_2013.dta;03_cman_projects_2023.dta,5712:403(97249):3030251695:1380430990,code/stata/pipeline/05a_sisfoh2013_ccpp_heterogeneity.do,27sep2026_160800,3714355267
heterogeneity,output/tables/rd_heterogeneity/tab_hte_2013_ccpp_08_financing_dose_iv.tex,table,exclude,not_for_interpretation,preliminary_reviewed,0,preliminary_reviewed,,Exclude unsupported post-assignment financing-dose analysis; 2013 is weak or underidentified and 2017 has no multiplicity-adjusted result.,generated_unreviewed,1,11_community_registry_sisfoh_2013.dta;03_cman_projects_2023.dta,5712:403(97249):3030251695:1380430990,code/stata/pipeline/05a_sisfoh2013_ccpp_heterogeneity.do,27sep2026_160800,2173359581
heterogeneity,output/tables/rd_heterogeneity/tab_hte_2013_household_01_moderator_registry.tex,table,internal_only,diagnostic,preliminary_reviewed,0,preliminary_reviewed,,Strength or support diagnostic. Failed gates make the corresponding fuzzy interaction non-interpretable; district-capital support is inadequate.,generated_unreviewed,1,10_sisfoh_2013_household_analysis.dta,415007:398(33865):2310789879:3382197492,code/stata/pipeline/05b_sisfoh2013_household_heterogeneity.do,27sep2026_160800,236849882
heterogeneity,output/tables/rd_heterogeneity/tab_hte_2013_household_02_design_diagnostics.tex,table,appendix,diagnostic,preliminary_reviewed,0,preliminary_reviewed,,Strength or support diagnostic. Failed gates make the corresponding fuzzy interaction non-interpretable; district-capital support is inadequate.,generated_unreviewed,1,10_sisfoh_2013_household_analysis.dta,415007:398(33865):2310789879:3382197492,code/stata/pipeline/05b_sisfoh2013_household_heterogeneity.do,27sep2026_160800,2057675864
heterogeneity,output/tables/rd_heterogeneity/tab_hte_2013_household_03_fuzzy_primary.tex,table,appendix,secondary_causal,preliminary_reviewed,0,preliminary_reviewed,,Exploratory fuzzy-IV heterogeneity evidence; no prespecified primary interaction survives multiplicity adjustment and figures require human-readable moderator labels.,generated_unreviewed,1,10_sisfoh_2013_household_analysis.dta,415007:398(33865):2310789879:3382197492,code/stata/pipeline/05b_sisfoh2013_household_heterogeneity.do,27sep2026_160800,4157595523
heterogeneity,output/tables/rd_heterogeneity/tab_hte_2013_household_03_fuzzy_secondary.tex,table,appendix,secondary_causal,preliminary_reviewed,0,preliminary_reviewed,,Exploratory fuzzy-IV heterogeneity evidence; no prespecified primary interaction survives multiplicity adjustment and figures require human-readable moderator labels.,generated_unreviewed,1,10_sisfoh_2013_household_analysis.dta,415007:398(33865):2310789879:3382197492,code/stata/pipeline/05b_sisfoh2013_household_heterogeneity.do,27sep2026_160800,1547942715
heterogeneity,output/tables/rd_heterogeneity/tab_hte_2013_household_04_assignment_primary.tex,table,appendix,assignment_effect,preliminary_reviewed,0,preliminary_reviewed,,Assignment-effect heterogeneity only; rdhte does not identify fuzzy treatment-effect heterogeneity and cannot rescue failed IV gates.,generated_unreviewed,1,10_sisfoh_2013_household_analysis.dta,415007:398(33865):2310789879:3382197492,code/stata/pipeline/05b_sisfoh2013_household_heterogeneity.do,27sep2026_160800,484012990
heterogeneity,output/tables/rd_heterogeneity/tab_hte_2013_household_04_assignment_secondary.tex,table,appendix,assignment_effect,preliminary_reviewed,0,preliminary_reviewed,,Assignment-effect heterogeneity only; rdhte does not identify fuzzy treatment-effect heterogeneity and cannot rescue failed IV gates.,generated_unreviewed,1,10_sisfoh_2013_household_analysis.dta,415007:398(33865):2310789879:3382197492,code/stata/pipeline/05b_sisfoh2013_household_heterogeneity.do,27sep2026_160800,3003084821
heterogeneity,output/tables/rd_heterogeneity/tab_hte_2013_household_05_conditional_lates.tex,table,internal_only,secondary_causal,preliminary_reviewed,0,preliminary_reviewed,,Exploratory fuzzy-IV heterogeneity evidence; no prespecified primary interaction survives multiplicity adjustment and figures require human-readable moderator labels.,generated_unreviewed,1,10_sisfoh_2013_household_analysis.dta,415007:398(33865):2310789879:3382197492,code/stata/pipeline/05b_sisfoh2013_household_heterogeneity.do,27sep2026_160800,2933853126
heterogeneity,output/tables/rd_heterogeneity/tab_hte_2013_household_06_fuzzy_robustness.tex,table,appendix,secondary_causal,preliminary_reviewed,0,preliminary_reviewed,,Exploratory fuzzy-IV heterogeneity evidence; no prespecified primary interaction survives multiplicity adjustment and figures require human-readable moderator labels.,generated_unreviewed,1,10_sisfoh_2013_household_analysis.dta,415007:398(33865):2310789879:3382197492,code/stata/pipeline/05b_sisfoh2013_household_heterogeneity.do,27sep2026_160800,4015016318
heterogeneity,output/tables/rd_heterogeneity/tab_hte_2013_individual_01_moderator_registry.tex,table,internal_only,diagnostic,preliminary_reviewed,0,preliminary_reviewed,,Strength or support diagnostic. Failed gates make the corresponding fuzzy interaction non-interpretable; district-capital support is inadequate.,generated_unreviewed,1,09_sisfoh_2013_individual_analysis.dta,1425575:347(15447):667510731:4238093767,code/stata/pipeline/05c_sisfoh2013_individual_heterogeneity.do,27sep2026_160800,87173340
heterogeneity,output/tables/rd_heterogeneity/tab_hte_2013_individual_02_design_diagnostics.tex,table,appendix,diagnostic,preliminary_reviewed,0,preliminary_reviewed,,Strength or support diagnostic. Failed gates make the corresponding fuzzy interaction non-interpretable; district-capital support is inadequate.,generated_unreviewed,1,09_sisfoh_2013_individual_analysis.dta,1425575:347(15447):667510731:4238093767,code/stata/pipeline/05c_sisfoh2013_individual_heterogeneity.do,27sep2026_160800,2635010271
heterogeneity,output/tables/rd_heterogeneity/tab_hte_2013_individual_03_fuzzy_primary.tex,table,appendix,secondary_causal,preliminary_reviewed,0,preliminary_reviewed,,Exploratory fuzzy-IV heterogeneity evidence; no prespecified primary interaction survives multiplicity adjustment and figures require human-readable moderator labels.,generated_unreviewed,1,09_sisfoh_2013_individual_analysis.dta,1425575:347(15447):667510731:4238093767,code/stata/pipeline/05c_sisfoh2013_individual_heterogeneity.do,27sep2026_160800,292663521
heterogeneity,output/tables/rd_heterogeneity/tab_hte_2013_individual_03_fuzzy_secondary.tex,table,appendix,secondary_causal,preliminary_reviewed,0,preliminary_reviewed,,Exploratory fuzzy-IV heterogeneity evidence; no prespecified primary interaction survives multiplicity adjustment and figures require human-readable moderator labels.,generated_unreviewed,1,09_sisfoh_2013_individual_analysis.dta,1425575:347(15447):667510731:4238093767,code/stata/pipeline/05c_sisfoh2013_individual_heterogeneity.do,27sep2026_160800,2754921860
heterogeneity,output/tables/rd_heterogeneity/tab_hte_2013_individual_04_assignment_primary.tex,table,appendix,assignment_effect,preliminary_reviewed,0,preliminary_reviewed,,Assignment-effect heterogeneity only; rdhte does not identify fuzzy treatment-effect heterogeneity and cannot rescue failed IV gates.,generated_unreviewed,1,09_sisfoh_2013_individual_analysis.dta,1425575:347(15447):667510731:4238093767,code/stata/pipeline/05c_sisfoh2013_individual_heterogeneity.do,27sep2026_160800,2737254669
heterogeneity,output/tables/rd_heterogeneity/tab_hte_2013_individual_04_assignment_secondary.tex,table,appendix,assignment_effect,preliminary_reviewed,0,preliminary_reviewed,,Assignment-effect heterogeneity only; rdhte does not identify fuzzy treatment-effect heterogeneity and cannot rescue failed IV gates.,generated_unreviewed,1,09_sisfoh_2013_individual_analysis.dta,1425575:347(15447):667510731:4238093767,code/stata/pipeline/05c_sisfoh2013_individual_heterogeneity.do,27sep2026_160800,2213607165
heterogeneity,output/tables/rd_heterogeneity/tab_hte_2013_individual_05_conditional_lates.tex,table,internal_only,secondary_causal,preliminary_reviewed,0,preliminary_reviewed,,Exploratory fuzzy-IV heterogeneity evidence; no prespecified primary interaction survives multiplicity adjustment and figures require human-readable moderator labels.,generated_unreviewed,1,09_sisfoh_2013_individual_analysis.dta,1425575:347(15447):667510731:4238093767,code/stata/pipeline/05c_sisfoh2013_individual_heterogeneity.do,27sep2026_160800,3295368698
heterogeneity,output/tables/rd_heterogeneity/tab_hte_2013_individual_06_fuzzy_robustness.tex,table,appendix,secondary_causal,preliminary_reviewed,0,preliminary_reviewed,,Exploratory fuzzy-IV heterogeneity evidence; no prespecified primary interaction survives multiplicity adjustment and figures require human-readable moderator labels.,generated_unreviewed,1,09_sisfoh_2013_individual_analysis.dta,1425575:347(15447):667510731:4238093767,code/stata/pipeline/05c_sisfoh2013_individual_heterogeneity.do,27sep2026_160800,3663757853
heterogeneity,output/tables/rd_heterogeneity/tab_hte_2017_ccpp_01_moderator_registry.tex,table,internal_only,diagnostic,preliminary_reviewed,0,preliminary_reviewed,,Strength or support diagnostic. Failed gates make the corresponding fuzzy interaction non-interpretable; district-capital support is inadequate.,generated_unreviewed,1,14_community_registry_census_2017.dta,5712:466(89399):3540887281:774889383,code/stata/pipeline/05d_census2017_ccpp_heterogeneity.do,27sep2026_160800,1324689295
heterogeneity,output/tables/rd_heterogeneity/tab_hte_2017_ccpp_02_design_diagnostics.tex,table,appendix,diagnostic,preliminary_reviewed,0,preliminary_reviewed,,Strength or support diagnostic. Failed gates make the corresponding fuzzy interaction non-interpretable; district-capital support is inadequate.,generated_unreviewed,1,14_community_registry_census_2017.dta,5712:466(89399):3540887281:774889383,code/stata/pipeline/05d_census2017_ccpp_heterogeneity.do,27sep2026_160800,1476648637
heterogeneity,output/tables/rd_heterogeneity/tab_hte_2017_ccpp_03_fuzzy_primary.tex,table,appendix,secondary_causal,preliminary_reviewed,0,preliminary_reviewed,,Exploratory fuzzy-IV heterogeneity evidence; no prespecified primary interaction survives multiplicity adjustment and figures require human-readable moderator labels.,generated_unreviewed,1,14_community_registry_census_2017.dta,5712:466(89399):3540887281:774889383,code/stata/pipeline/05d_census2017_ccpp_heterogeneity.do,27sep2026_160800,3078625878
heterogeneity,output/tables/rd_heterogeneity/tab_hte_2017_ccpp_03_fuzzy_secondary.tex,table,appendix,secondary_causal,preliminary_reviewed,0,preliminary_reviewed,,Exploratory fuzzy-IV heterogeneity evidence; no prespecified primary interaction survives multiplicity adjustment and figures require human-readable moderator labels.,generated_unreviewed,1,14_community_registry_census_2017.dta,5712:466(89399):3540887281:774889383,code/stata/pipeline/05d_census2017_ccpp_heterogeneity.do,27sep2026_160800,3176413996
heterogeneity,output/tables/rd_heterogeneity/tab_hte_2017_ccpp_04_assignment_primary.tex,table,appendix,assignment_effect,preliminary_reviewed,0,preliminary_reviewed,,Assignment-effect heterogeneity only; rdhte does not identify fuzzy treatment-effect heterogeneity and cannot rescue failed IV gates.,generated_unreviewed,1,14_community_registry_census_2017.dta,5712:466(89399):3540887281:774889383,code/stata/pipeline/05d_census2017_ccpp_heterogeneity.do,27sep2026_160800,2864784865
heterogeneity,output/tables/rd_heterogeneity/tab_hte_2017_ccpp_04_assignment_secondary.tex,table,appendix,assignment_effect,preliminary_reviewed,0,preliminary_reviewed,,Assignment-effect heterogeneity only; rdhte does not identify fuzzy treatment-effect heterogeneity and cannot rescue failed IV gates.,generated_unreviewed,1,14_community_registry_census_2017.dta,5712:466(89399):3540887281:774889383,code/stata/pipeline/05d_census2017_ccpp_heterogeneity.do,27sep2026_160800,1059702345
heterogeneity,output/tables/rd_heterogeneity/tab_hte_2017_ccpp_05_conditional_lates.tex,table,internal_only,secondary_causal,preliminary_reviewed,0,preliminary_reviewed,,Exploratory fuzzy-IV heterogeneity evidence; no prespecified primary interaction survives multiplicity adjustment and figures require human-readable moderator labels.,generated_unreviewed,1,14_community_registry_census_2017.dta,5712:466(89399):3540887281:774889383,code/stata/pipeline/05d_census2017_ccpp_heterogeneity.do,27sep2026_160800,1729544028
heterogeneity,output/tables/rd_heterogeneity/tab_hte_2017_ccpp_06_fuzzy_robustness.tex,table,appendix,secondary_causal,preliminary_reviewed,0,preliminary_reviewed,,Exploratory fuzzy-IV heterogeneity evidence; no prespecified primary interaction survives multiplicity adjustment and figures require human-readable moderator labels.,generated_unreviewed,1,14_community_registry_census_2017.dta,5712:466(89399):3540887281:774889383,code/stata/pipeline/05d_census2017_ccpp_heterogeneity.do,27sep2026_160800,2427910477
heterogeneity,output/tables/rd_heterogeneity/tab_hte_2017_ccpp_07_project_implementation.tex,table,appendix,descriptive_only,preliminary_reviewed,0,preliminary_reviewed,,Descriptive project-implementation evidence only; project type is post-assignment and cannot identify a causal mechanism comparison.,generated_unreviewed,1,14_community_registry_census_2017.dta;03_cman_projects_2023.dta,5712:466(89399):3540887281:774889383,code/stata/pipeline/05d_census2017_ccpp_heterogeneity.do,27sep2026_160800,718892979
heterogeneity,output/tables/rd_heterogeneity/tab_hte_2017_ccpp_08_financing_dose_iv.tex,table,exclude,not_for_interpretation,preliminary_reviewed,0,preliminary_reviewed,,Exclude unsupported post-assignment financing-dose analysis; 2013 is weak or underidentified and 2017 has no multiplicity-adjusted result.,generated_unreviewed,1,14_community_registry_census_2017.dta;03_cman_projects_2023.dta,5712:466(89399):3540887281:774889383,code/stata/pipeline/05d_census2017_ccpp_heterogeneity.do,27sep2026_160800,4196744426
heterogeneity,output/tables/rd_heterogeneity/tab_hte_2017_household_01_moderator_registry.tex,table,internal_only,diagnostic,preliminary_reviewed,0,preliminary_reviewed,,Strength or support diagnostic. Failed gates make the corresponding fuzzy interaction non-interpretable; district-capital support is inadequate.,generated_unreviewed,1,13_census_2017_household_analysis.dta,58015:567(76799):796862204:147322490,code/stata/pipeline/05e_census2017_household_heterogeneity.do,27sep2026_160800,604420222
heterogeneity,output/tables/rd_heterogeneity/tab_hte_2017_household_02_design_diagnostics.tex,table,appendix,diagnostic,preliminary_reviewed,0,preliminary_reviewed,,Strength or support diagnostic. Failed gates make the corresponding fuzzy interaction non-interpretable; district-capital support is inadequate.,generated_unreviewed,1,13_census_2017_household_analysis.dta,58015:567(76799):796862204:147322490,code/stata/pipeline/05e_census2017_household_heterogeneity.do,27sep2026_160800,2203862591
heterogeneity,output/tables/rd_heterogeneity/tab_hte_2017_household_03_fuzzy_primary.tex,table,appendix,secondary_causal,preliminary_reviewed,0,preliminary_reviewed,,Exploratory fuzzy-IV heterogeneity evidence; no prespecified primary interaction survives multiplicity adjustment and figures require human-readable moderator labels.,generated_unreviewed,1,13_census_2017_household_analysis.dta,58015:567(76799):796862204:147322490,code/stata/pipeline/05e_census2017_household_heterogeneity.do,27sep2026_160800,2301550446
heterogeneity,output/tables/rd_heterogeneity/tab_hte_2017_household_03_fuzzy_secondary.tex,table,appendix,secondary_causal,preliminary_reviewed,0,preliminary_reviewed,,Exploratory fuzzy-IV heterogeneity evidence; no prespecified primary interaction survives multiplicity adjustment and figures require human-readable moderator labels.,generated_unreviewed,1,13_census_2017_household_analysis.dta,58015:567(76799):796862204:147322490,code/stata/pipeline/05e_census2017_household_heterogeneity.do,27sep2026_160800,4156634382
heterogeneity,output/tables/rd_heterogeneity/tab_hte_2017_household_04_assignment_primary.tex,table,appendix,assignment_effect,preliminary_reviewed,0,preliminary_reviewed,,Assignment-effect heterogeneity only; rdhte does not identify fuzzy treatment-effect heterogeneity and cannot rescue failed IV gates.,generated_unreviewed,1,13_census_2017_household_analysis.dta,58015:567(76799):796862204:147322490,code/stata/pipeline/05e_census2017_household_heterogeneity.do,27sep2026_160800,4108305480
heterogeneity,output/tables/rd_heterogeneity/tab_hte_2017_household_04_assignment_secondary.tex,table,appendix,assignment_effect,preliminary_reviewed,0,preliminary_reviewed,,Assignment-effect heterogeneity only; rdhte does not identify fuzzy treatment-effect heterogeneity and cannot rescue failed IV gates.,generated_unreviewed,1,13_census_2017_household_analysis.dta,58015:567(76799):796862204:147322490,code/stata/pipeline/05e_census2017_household_heterogeneity.do,27sep2026_160800,2853826534
heterogeneity,output/tables/rd_heterogeneity/tab_hte_2017_household_05_conditional_lates.tex,table,internal_only,secondary_causal,preliminary_reviewed,0,preliminary_reviewed,,Exploratory fuzzy-IV heterogeneity evidence; no prespecified primary interaction survives multiplicity adjustment and figures require human-readable moderator labels.,generated_unreviewed,1,13_census_2017_household_analysis.dta,58015:567(76799):796862204:147322490,code/stata/pipeline/05e_census2017_household_heterogeneity.do,27sep2026_160800,276741198
heterogeneity,output/tables/rd_heterogeneity/tab_hte_2017_household_06_fuzzy_robustness.tex,table,appendix,secondary_causal,preliminary_reviewed,0,preliminary_reviewed,,Exploratory fuzzy-IV heterogeneity evidence; no prespecified primary interaction survives multiplicity adjustment and figures require human-readable moderator labels.,generated_unreviewed,1,13_census_2017_household_analysis.dta,58015:567(76799):796862204:147322490,code/stata/pipeline/05e_census2017_household_heterogeneity.do,27sep2026_160800,3919242557
heterogeneity,output/tables/rd_heterogeneity/tab_hte_2017_individual_01_moderator_registry.tex,table,internal_only,diagnostic,preliminary_reviewed,0,preliminary_reviewed,,Strength or support diagnostic. Failed gates make the corresponding fuzzy interaction non-interpretable; district-capital support is inadequate.,generated_unreviewed,1,12_census_2017_individual_analysis.dta,193342:584(100102):1670380058:3445404902,code/stata/pipeline/05f_census2017_individual_heterogeneity.do,27sep2026_160800,3902174913
heterogeneity,output/tables/rd_heterogeneity/tab_hte_2017_individual_02_design_diagnostics.tex,table,internal_only,diagnostic,preliminary_reviewed,0,preliminary_reviewed,,Migration re-estimated on approved linked adults; other outcomes retain complete cases. Internal-only pending scientific-owner review.,generated_unreviewed,1,12_census_2017_individual_analysis.dta,193342:584(100102):1670380058:3445404902,code/stata/pipeline/05f_census2017_individual_heterogeneity.do,27sep2026_160800,1804093222
heterogeneity,output/tables/rd_heterogeneity/tab_hte_2017_individual_03_fuzzy_primary.tex,table,internal_only,secondary_causal,preliminary_reviewed,0,preliminary_reviewed,,Migration re-estimated on approved linked adults; other outcomes retain complete cases. Internal-only pending scientific-owner review.,generated_unreviewed,1,12_census_2017_individual_analysis.dta,193342:584(100102):1670380058:3445404902,code/stata/pipeline/05f_census2017_individual_heterogeneity.do,27sep2026_160800,565389018
heterogeneity,output/tables/rd_heterogeneity/tab_hte_2017_individual_03_fuzzy_secondary.tex,table,internal_only,secondary_causal,preliminary_reviewed,0,preliminary_reviewed,,Migration re-estimated on approved linked adults; other outcomes retain complete cases. Internal-only pending scientific-owner review.,generated_unreviewed,1,12_census_2017_individual_analysis.dta,193342:584(100102):1670380058:3445404902,code/stata/pipeline/05f_census2017_individual_heterogeneity.do,27sep2026_160800,3690875630
heterogeneity,output/tables/rd_heterogeneity/tab_hte_2017_individual_04_assignment_primary.tex,table,internal_only,assignment_effect,preliminary_reviewed,0,preliminary_reviewed,,Migration re-estimated on approved linked adults; other outcomes retain complete cases. Internal-only pending scientific-owner review.,generated_unreviewed,1,12_census_2017_individual_analysis.dta,193342:584(100102):1670380058:3445404902,code/stata/pipeline/05f_census2017_individual_heterogeneity.do,27sep2026_160800,2802615676
heterogeneity,output/tables/rd_heterogeneity/tab_hte_2017_individual_04_assignment_secondary.tex,table,internal_only,assignment_effect,preliminary_reviewed,0,preliminary_reviewed,,Migration re-estimated on approved linked adults; other outcomes retain complete cases. Internal-only pending scientific-owner review.,generated_unreviewed,1,12_census_2017_individual_analysis.dta,193342:584(100102):1670380058:3445404902,code/stata/pipeline/05f_census2017_individual_heterogeneity.do,27sep2026_160800,3040117618
heterogeneity,output/tables/rd_heterogeneity/tab_hte_2017_individual_05_conditional_lates.tex,table,internal_only,secondary_causal,preliminary_reviewed,0,preliminary_reviewed,,Exploratory fuzzy-IV evidence with revised labels and sample notes; no primary interaction survives multiplicity adjustment. Internal-only pending owner review.,generated_unreviewed,1,12_census_2017_individual_analysis.dta,193342:584(100102):1670380058:3445404902,code/stata/pipeline/05f_census2017_individual_heterogeneity.do,27sep2026_160800,2966185128
heterogeneity,output/tables/rd_heterogeneity/tab_hte_2017_individual_06_fuzzy_robustness.tex,table,internal_only,secondary_causal,preliminary_reviewed,0,preliminary_reviewed,,Migration re-estimated on approved linked adults; other outcomes retain complete cases. Internal-only pending scientific-owner review.,generated_unreviewed,1,12_census_2017_individual_analysis.dta,193342:584(100102):1670380058:3445404902,code/stata/pipeline/05f_census2017_individual_heterogeneity.do,27sep2026_160800,596745944
main_effects,output/figures/rd_outcomes/fig_rd_outcomes_01_first_stage_2012.png,figure,appendix,diagnostic,preliminary_reviewed,0,preliminary_reviewed,,Appendix design diagnostic only. Report KP F as the registered gate and robust-z F separately; the 2013 first stage passes only narrowly.,generated_unreviewed,1,11_community_registry_sisfoh_2013.dta,5712:403(97249):3030251695:1380430990,code/stata/pipeline/04a_sisfoh2013_ccpp.do,27sep2026_145215,669228332
main_effects,output/figures/rd_outcomes/fig_rd_outcomes_02_primary_panels_2013_ccpp.png,figure,appendix,assignment_effect,preliminary_reviewed,0,preliminary_reviewed,,"Provisional appendix exhibit. Interpret with multiplicity, weak-instrument, and sample-selection qualifications from the audit.",generated_unreviewed,1,11_community_registry_sisfoh_2013.dta,5712:403(97249):3030251695:1380430990,code/stata/pipeline/04a_sisfoh2013_ccpp.do,27sep2026_145215,3155299734
main_effects,output/figures/rd_outcomes/fig_rd_outcomes_03_late_forest_2013_ccpp.png,figure,appendix,primary_causal,preliminary_reviewed,0,preliminary_reviewed,,"Provisional appendix exhibit. Interpret with multiplicity, weak-instrument, and sample-selection qualifications from the audit.",generated_unreviewed,1,11_community_registry_sisfoh_2013.dta,5712:403(97249):3030251695:1380430990,code/stata/pipeline/04a_sisfoh2013_ccpp.do,27sep2026_145215,2362678408
main_effects,output/figures/rd_outcomes/fig_rd_outcomes_04_bandwidth_sensitivity_2013_ccpp.png,figure,appendix,diagnostic,preliminary_reviewed,0,preliminary_reviewed,,Sensitivity evidence only. Do not promote isolated nominal significance or weak-instrument specifications.,generated_unreviewed,1,11_community_registry_sisfoh_2013.dta,5712:403(97249):3030251695:1380430990,code/stata/pipeline/04a_sisfoh2013_ccpp.do,27sep2026_145215,929548307
main_effects,output/figures/rd_outcomes/fig_rd_outcomes_05_first_stage_2012_household.png,figure,appendix,diagnostic,preliminary_reviewed,0,preliminary_reviewed,,Appendix design diagnostic only. Report KP F as the registered gate and robust-z F separately; the 2013 first stage passes only narrowly.,generated_unreviewed,1,10_sisfoh_2013_household_analysis.dta,415007:398(33865):2310789879:3382197492,code/stata/pipeline/04b_sisfoh2013_household.do,27sep2026_145215,3449179170
main_effects,output/figures/rd_outcomes/fig_rd_outcomes_06_primary_panels_2013_household.png,figure,appendix,assignment_effect,preliminary_reviewed,0,preliminary_reviewed,,"Provisional appendix exhibit. Interpret with multiplicity, weak-instrument, and sample-selection qualifications from the audit.",generated_unreviewed,1,10_sisfoh_2013_household_analysis.dta,415007:398(33865):2310789879:3382197492,code/stata/pipeline/04b_sisfoh2013_household.do,27sep2026_145215,3553265867
main_effects,output/figures/rd_outcomes/fig_rd_outcomes_07_late_forest_2013_household.png,figure,appendix,primary_causal,preliminary_reviewed,0,preliminary_reviewed,,"Provisional appendix exhibit. Interpret with multiplicity, weak-instrument, and sample-selection qualifications from the audit.",generated_unreviewed,1,10_sisfoh_2013_household_analysis.dta,415007:398(33865):2310789879:3382197492,code/stata/pipeline/04b_sisfoh2013_household.do,27sep2026_145215,1700980031
main_effects,output/figures/rd_outcomes/fig_rd_outcomes_08_bandwidth_sensitivity_2013_household.png,figure,appendix,diagnostic,preliminary_reviewed,0,preliminary_reviewed,,Sensitivity evidence only. Do not promote isolated nominal significance or weak-instrument specifications.,generated_unreviewed,1,10_sisfoh_2013_household_analysis.dta,415007:398(33865):2310789879:3382197492,code/stata/pipeline/04b_sisfoh2013_household.do,27sep2026_145215,3018773166
main_effects,output/figures/rd_outcomes/fig_rd_outcomes_09_first_stage_2012_individual.png,figure,appendix,diagnostic,preliminary_reviewed,0,preliminary_reviewed,,Appendix design diagnostic only. Report KP F as the registered gate and robust-z F separately; the 2013 first stage passes only narrowly.,generated_unreviewed,1,09_sisfoh_2013_individual_analysis.dta,1425575:347(15447):667510731:4238093767,code/stata/pipeline/04c_sisfoh2013_individual.do,27sep2026_145215,1785488166
main_effects,output/figures/rd_outcomes/fig_rd_outcomes_10_log_population.png,figure,internal_only,assignment_effect,preliminary_reviewed,0,preliminary_reviewed,,Internal reproducibility or redundant visualization artifact; retain as a source but not as a standalone publication exhibit.,generated_unreviewed,1,11_community_registry_sisfoh_2013.dta,5712:403(97249):3030251695:1380430990,code/stata/pipeline/04a_sisfoh2013_ccpp.do,27sep2026_145215,2618862367
main_effects,output/figures/rd_outcomes/fig_rd_outcomes_10_primary_panels_2013_individual.png,figure,appendix,assignment_effect,preliminary_reviewed,0,preliminary_reviewed,,"Provisional appendix exhibit. Interpret with multiplicity, weak-instrument, and sample-selection qualifications from the audit.",generated_unreviewed,1,09_sisfoh_2013_individual_analysis.dta,1425575:347(15447):667510731:4238093767,code/stata/pipeline/04c_sisfoh2013_individual.do,27sep2026_145215,2013864827
main_effects,output/figures/rd_outcomes/fig_rd_outcomes_11_late_forest_2013_individual.png,figure,appendix,primary_causal,preliminary_reviewed,0,preliminary_reviewed,,"Provisional appendix exhibit. Interpret with multiplicity, weak-instrument, and sample-selection qualifications from the audit.",generated_unreviewed,1,09_sisfoh_2013_individual_analysis.dta,1425575:347(15447):667510731:4238093767,code/stata/pipeline/04c_sisfoh2013_individual.do,27sep2026_145215,3737316175
main_effects,output/figures/rd_outcomes/fig_rd_outcomes_11_log_households.png,figure,internal_only,assignment_effect,preliminary_reviewed,0,preliminary_reviewed,,Internal reproducibility or redundant visualization artifact; retain as a source but not as a standalone publication exhibit.,generated_unreviewed,1,11_community_registry_sisfoh_2013.dta,5712:403(97249):3030251695:1380430990,code/stata/pipeline/04a_sisfoh2013_ccpp.do,27sep2026_145215,3199800783
main_effects,output/figures/rd_outcomes/fig_rd_outcomes_12_age_15_29.png,figure,internal_only,assignment_effect,preliminary_reviewed,0,preliminary_reviewed,,Internal reproducibility or redundant visualization artifact; retain as a source but not as a standalone publication exhibit.,generated_unreviewed,1,11_community_registry_sisfoh_2013.dta,5712:403(97249):3030251695:1380430990,code/stata/pipeline/04a_sisfoh2013_ccpp.do,27sep2026_145215,2516610005
main_effects,output/figures/rd_outcomes/fig_rd_outcomes_12_bandwidth_sensitivity_2013_individual.png,figure,appendix,diagnostic,preliminary_reviewed,0,preliminary_reviewed,,Sensitivity evidence only. Do not promote isolated nominal significance or weak-instrument specifications.,generated_unreviewed,1,09_sisfoh_2013_individual_analysis.dta,1425575:347(15447):667510731:4238093767,code/stata/pipeline/04c_sisfoh2013_individual.do,27sep2026_145215,133717842
main_effects,output/figures/rd_outcomes/fig_rd_outcomes_13_any_program.png,figure,internal_only,assignment_effect,preliminary_reviewed,0,preliminary_reviewed,,Internal reproducibility or redundant visualization artifact; retain as a source but not as a standalone publication exhibit.,generated_unreviewed,1,11_community_registry_sisfoh_2013.dta,5712:403(97249):3030251695:1380430990,code/stata/pipeline/04a_sisfoh2013_ccpp.do,27sep2026_145215,726617853
main_effects,output/figures/rd_outcomes/fig_rd_outcomes_14_wellbeing_core.png,figure,internal_only,assignment_effect,preliminary_reviewed,0,preliminary_reviewed,,Internal reproducibility or redundant visualization artifact; retain as a source but not as a standalone publication exhibit.,generated_unreviewed,1,11_community_registry_sisfoh_2013.dta,5712:403(97249):3030251695:1380430990,code/stata/pipeline/04a_sisfoh2013_ccpp.do,27sep2026_145215,2788543935
main_effects,output/figures/rd_outcomes/fig_rd_outcomes_15_nbi_any.png,figure,internal_only,assignment_effect,preliminary_reviewed,0,preliminary_reviewed,,Internal reproducibility or redundant visualization artifact; retain as a source but not as a standalone publication exhibit.,generated_unreviewed,1,11_community_registry_sisfoh_2013.dta,5712:403(97249):3030251695:1380430990,code/stata/pipeline/04a_sisfoh2013_ccpp.do,27sep2026_145215,2445299273
main_effects,output/figures/rd_outcomes/fig_rd_outcomes_16_labor_force_participation.png,figure,internal_only,assignment_effect,preliminary_reviewed,0,preliminary_reviewed,,Internal reproducibility or redundant visualization artifact; retain as a source but not as a standalone publication exhibit.,generated_unreviewed,1,11_community_registry_sisfoh_2013.dta,5712:403(97249):3030251695:1380430990,code/stata/pipeline/04a_sisfoh2013_ccpp.do,27sep2026_145215,4189366640
main_effects,output/figures/rd_outcomes/fig_rd_outcomes_17_secondary_education.png,figure,internal_only,secondary_causal,preliminary_reviewed,0,preliminary_reviewed,,Secondary outcome evidence for completeness; no adjusted discovery and no mediation interpretation.,generated_unreviewed,1,11_community_registry_sisfoh_2013.dta,5712:403(97249):3030251695:1380430990,code/stata/pipeline/04a_sisfoh2013_ccpp.do,27sep2026_145215,1294333953
main_effects,output/figures/rd_outcomes/fig_rd_outcomes_20_household_members_household.png,figure,internal_only,assignment_effect,preliminary_reviewed,0,preliminary_reviewed,,Internal reproducibility or redundant visualization artifact; retain as a source but not as a standalone publication exhibit.,generated_unreviewed,1,10_sisfoh_2013_household_analysis.dta,415007:398(33865):2310789879:3382197492,code/stata/pipeline/04b_sisfoh2013_household.do,27sep2026_145215,4061380625
main_effects,output/figures/rd_outcomes/fig_rd_outcomes_21_female_members_household.png,figure,internal_only,assignment_effect,preliminary_reviewed,0,preliminary_reviewed,,Internal reproducibility or redundant visualization artifact; retain as a source but not as a standalone publication exhibit.,generated_unreviewed,1,10_sisfoh_2013_household_analysis.dta,415007:398(33865):2310789879:3382197492,code/stata/pipeline/04b_sisfoh2013_household.do,27sep2026_145215,1843139166
main_effects,output/figures/rd_outcomes/fig_rd_outcomes_22_employment_rate_household.png,figure,internal_only,assignment_effect,preliminary_reviewed,0,preliminary_reviewed,,Internal reproducibility or redundant visualization artifact; retain as a source but not as a standalone publication exhibit.,generated_unreviewed,1,10_sisfoh_2013_household_analysis.dta,415007:398(33865):2310789879:3382197492,code/stata/pipeline/04b_sisfoh2013_household.do,27sep2026_145215,12384584
main_effects,output/figures/rd_outcomes/fig_rd_outcomes_23_any_program_household.png,figure,internal_only,assignment_effect,preliminary_reviewed,0,preliminary_reviewed,,Internal reproducibility or redundant visualization artifact; retain as a source but not as a standalone publication exhibit.,generated_unreviewed,1,10_sisfoh_2013_household_analysis.dta,415007:398(33865):2310789879:3382197492,code/stata/pipeline/04b_sisfoh2013_household.do,27sep2026_145215,3880743849
main_effects,output/figures/rd_outcomes/fig_rd_outcomes_24_wellbeing_core_household.png,figure,internal_only,assignment_effect,preliminary_reviewed,0,preliminary_reviewed,,Internal reproducibility or redundant visualization artifact; retain as a source but not as a standalone publication exhibit.,generated_unreviewed,1,10_sisfoh_2013_household_analysis.dta,415007:398(33865):2310789879:3382197492,code/stata/pipeline/04b_sisfoh2013_household.do,27sep2026_145215,587168364
main_effects,output/figures/rd_outcomes/fig_rd_outcomes_25_nbi_any_household.png,figure,internal_only,assignment_effect,preliminary_reviewed,0,preliminary_reviewed,,Internal reproducibility or redundant visualization artifact; retain as a source but not as a standalone publication exhibit.,generated_unreviewed,1,10_sisfoh_2013_household_analysis.dta,415007:398(33865):2310789879:3382197492,code/stata/pipeline/04b_sisfoh2013_household.do,27sep2026_145215,2793104538
main_effects,output/figures/rd_outcomes/fig_rd_outcomes_26_assets_domain_household.png,figure,internal_only,assignment_effect,preliminary_reviewed,0,preliminary_reviewed,,Internal reproducibility or redundant visualization artifact; retain as a source but not as a standalone publication exhibit.,generated_unreviewed,1,10_sisfoh_2013_household_analysis.dta,415007:398(33865):2310789879:3382197492,code/stata/pipeline/04b_sisfoh2013_household.do,27sep2026_145215,923473193
main_effects,output/figures/rd_outcomes/fig_rd_outcomes_27_secondary_education_household.png,figure,internal_only,secondary_causal,preliminary_reviewed,0,preliminary_reviewed,,Secondary outcome evidence for completeness; no adjusted discovery and no mediation interpretation.,generated_unreviewed,1,10_sisfoh_2013_household_analysis.dta,415007:398(33865):2310789879:3382197492,code/stata/pipeline/04b_sisfoh2013_household.do,27sep2026_145215,3302430134
main_effects,output/figures/rd_outcomes/fig_rd_outcomes_30_female_individual.png,figure,internal_only,assignment_effect,preliminary_reviewed,0,preliminary_reviewed,,Internal reproducibility or redundant visualization artifact; retain as a source but not as a standalone publication exhibit.,generated_unreviewed,1,09_sisfoh_2013_individual_analysis.dta,1425575:347(15447):667510731:4238093767,code/stata/pipeline/04c_sisfoh2013_individual.do,27sep2026_145215,1414119507
main_effects,output/figures/rd_outcomes/fig_rd_outcomes_31_age_15_29_individual.png,figure,internal_only,assignment_effect,preliminary_reviewed,0,preliminary_reviewed,,Internal reproducibility or redundant visualization artifact; retain as a source but not as a standalone publication exhibit.,generated_unreviewed,1,09_sisfoh_2013_individual_analysis.dta,1425575:347(15447):667510731:4238093767,code/stata/pipeline/04c_sisfoh2013_individual.do,27sep2026_145215,1679776714
main_effects,output/figures/rd_outcomes/fig_rd_outcomes_32_secondary_education_individual.png,figure,internal_only,secondary_causal,preliminary_reviewed,0,preliminary_reviewed,,Secondary outcome evidence for completeness; no adjusted discovery and no mediation interpretation.,generated_unreviewed,1,09_sisfoh_2013_individual_analysis.dta,1425575:347(15447):667510731:4238093767,code/stata/pipeline/04c_sisfoh2013_individual.do,27sep2026_145215,348046902
main_effects,output/figures/rd_outcomes/fig_rd_outcomes_33_employed_individual.png,figure,internal_only,assignment_effect,preliminary_reviewed,0,preliminary_reviewed,,Internal reproducibility or redundant visualization artifact; retain as a source but not as a standalone publication exhibit.,generated_unreviewed,1,09_sisfoh_2013_individual_analysis.dta,1425575:347(15447):667510731:4238093767,code/stata/pipeline/04c_sisfoh2013_individual.do,27sep2026_145215,3112070089
main_effects,output/figures/rd_outcomes/fig_rd_outcomes_34_independent_worker_individual.png,figure,internal_only,assignment_effect,preliminary_reviewed,0,preliminary_reviewed,,Internal reproducibility or redundant visualization artifact; retain as a source but not as a standalone publication exhibit.,generated_unreviewed,1,09_sisfoh_2013_individual_analysis.dta,1425575:347(15447):667510731:4238093767,code/stata/pipeline/04c_sisfoh2013_individual.do,27sep2026_145215,3605241770
main_effects,output/figures/rd_outcomes/fig_rd_outcomes_35_any_insurance_individual.png,figure,internal_only,assignment_effect,preliminary_reviewed,0,preliminary_reviewed,,Internal reproducibility or redundant visualization artifact; retain as a source but not as a standalone publication exhibit.,generated_unreviewed,1,09_sisfoh_2013_individual_analysis.dta,1425575:347(15447):667510731:4238093767,code/stata/pipeline/04c_sisfoh2013_individual.do,27sep2026_145215,468875768
main_effects,output/figures/rd_outcomes/fig_rd_outcomes_36_any_program_individual.png,figure,internal_only,assignment_effect,preliminary_reviewed,0,preliminary_reviewed,,Internal reproducibility or redundant visualization artifact; retain as a source but not as a standalone publication exhibit.,generated_unreviewed,1,09_sisfoh_2013_individual_analysis.dta,1425575:347(15447):667510731:4238093767,code/stata/pipeline/04c_sisfoh2013_individual.do,27sep2026_145215,4199599564
main_effects,output/figures/rd_outcomes/fig_rd_outcomes_37_juntos_individual.png,figure,internal_only,assignment_effect,preliminary_reviewed,0,preliminary_reviewed,,Internal reproducibility or redundant visualization artifact; retain as a source but not as a standalone publication exhibit.,generated_unreviewed,1,09_sisfoh_2013_individual_analysis.dta,1425575:347(15447):667510731:4238093767,code/stata/pipeline/04c_sisfoh2013_individual.do,27sep2026_145215,1041753471
main_effects,output/figures/rd_outcomes/fig_rd_outcomes_41_first_stage_2016_ccpp.png,figure,appendix,diagnostic,preliminary_reviewed,0,preliminary_reviewed,,Appendix design diagnostic only. Report KP F as the registered gate and robust-z F separately; the 2013 first stage passes only narrowly.,generated_unreviewed,1,14_community_registry_census_2017.dta,5712:466(89399):3540887281:774889383,code/stata/pipeline/04d_census2017_ccpp.do,27sep2026_145215,1290644481
main_effects,output/figures/rd_outcomes/fig_rd_outcomes_42_primary_panels_2017_ccpp.png,figure,appendix,assignment_effect,preliminary_reviewed,0,preliminary_reviewed,,"Provisional appendix exhibit. Interpret with multiplicity, weak-instrument, and sample-selection qualifications from the audit.",generated_unreviewed,1,14_community_registry_census_2017.dta,5712:466(89399):3540887281:774889383,code/stata/pipeline/04d_census2017_ccpp.do,27sep2026_145215,3762948839
main_effects,output/figures/rd_outcomes/fig_rd_outcomes_43_late_forest_2017_ccpp.png,figure,appendix,primary_causal,preliminary_reviewed,0,preliminary_reviewed,,"Provisional appendix exhibit. Interpret with multiplicity, weak-instrument, and sample-selection qualifications from the audit.",generated_unreviewed,1,14_community_registry_census_2017.dta,5712:466(89399):3540887281:774889383,code/stata/pipeline/04d_census2017_ccpp.do,27sep2026_145215,861497135
main_effects,output/figures/rd_outcomes/fig_rd_outcomes_44_bandwidth_sensitivity_2017_ccpp.png,figure,appendix,diagnostic,preliminary_reviewed,0,preliminary_reviewed,,Sensitivity evidence only. Do not promote isolated nominal significance or weak-instrument specifications.,generated_unreviewed,1,14_community_registry_census_2017.dta,5712:466(89399):3540887281:774889383,code/stata/pipeline/04d_census2017_ccpp.do,27sep2026_145215,4241204339
main_effects,output/figures/rd_outcomes/fig_rd_outcomes_45_log_population.png,figure,internal_only,assignment_effect,preliminary_reviewed,0,preliminary_reviewed,,Internal reproducibility or redundant visualization artifact; retain as a source but not as a standalone publication exhibit.,generated_unreviewed,1,14_community_registry_census_2017.dta,5712:466(89399):3540887281:774889383,code/stata/pipeline/04d_census2017_ccpp.do,27sep2026_145215,1442483343
main_effects,output/figures/rd_outcomes/fig_rd_outcomes_46_log_occupied_dwellings.png,figure,internal_only,assignment_effect,preliminary_reviewed,0,preliminary_reviewed,,Internal reproducibility or redundant visualization artifact; retain as a source but not as a standalone publication exhibit.,generated_unreviewed,1,14_community_registry_census_2017.dta,5712:466(89399):3540887281:774889383,code/stata/pipeline/04d_census2017_ccpp.do,27sep2026_145215,496787766
main_effects,output/figures/rd_outcomes/fig_rd_outcomes_47_moved_ccpp.png,figure,internal_only,assignment_effect,preliminary_reviewed,0,preliminary_reviewed,,Internal reproducibility or redundant visualization artifact; retain as a source but not as a standalone publication exhibit.,generated_unreviewed,1,14_community_registry_census_2017.dta,5712:466(89399):3540887281:774889383,code/stata/pipeline/04d_census2017_ccpp.do,27sep2026_145215,4261380776
main_effects,output/figures/rd_outcomes/fig_rd_outcomes_48_age_15_29.png,figure,internal_only,assignment_effect,preliminary_reviewed,0,preliminary_reviewed,,Internal reproducibility or redundant visualization artifact; retain as a source but not as a standalone publication exhibit.,generated_unreviewed,1,14_community_registry_census_2017.dta,5712:466(89399):3540887281:774889383,code/stata/pipeline/04d_census2017_ccpp.do,27sep2026_145215,1478323634
main_effects,output/figures/rd_outcomes/fig_rd_outcomes_49_secondary_education.png,figure,internal_only,secondary_causal,preliminary_reviewed,0,preliminary_reviewed,,Secondary outcome evidence for completeness; no adjusted discovery and no mediation interpretation.,generated_unreviewed,1,14_community_registry_census_2017.dta,5712:466(89399):3540887281:774889383,code/stata/pipeline/04d_census2017_ccpp.do,27sep2026_145215,1614966688
main_effects,output/figures/rd_outcomes/fig_rd_outcomes_50_employment.png,figure,appendix,assignment_effect,preliminary_reviewed,0,preliminary_reviewed,,"Provisional appendix exhibit. Interpret with multiplicity, weak-instrument, and sample-selection qualifications from the audit.",generated_unreviewed,1,14_community_registry_census_2017.dta,5712:466(89399):3540887281:774889383,code/stata/pipeline/04d_census2017_ccpp.do,27sep2026_145215,1176404687
main_effects,output/figures/rd_outcomes/fig_rd_outcomes_51_health_insurance.png,figure,internal_only,assignment_effect,preliminary_reviewed,0,preliminary_reviewed,,Internal reproducibility or redundant visualization artifact; retain as a source but not as a standalone publication exhibit.,generated_unreviewed,1,14_community_registry_census_2017.dta,5712:466(89399):3540887281:774889383,code/stata/pipeline/04d_census2017_ccpp.do,27sep2026_145215,1679382763
main_effects,output/figures/rd_outcomes/fig_rd_outcomes_52_wellbeing_core.png,figure,internal_only,assignment_effect,preliminary_reviewed,0,preliminary_reviewed,,Internal reproducibility or redundant visualization artifact; retain as a source but not as a standalone publication exhibit.,generated_unreviewed,1,14_community_registry_census_2017.dta,5712:466(89399):3540887281:774889383,code/stata/pipeline/04d_census2017_ccpp.do,27sep2026_145215,1648155257
main_effects,output/figures/rd_outcomes/fig_rd_outcomes_53_first_stage_2016_household.png,figure,appendix,diagnostic,preliminary_reviewed,0,preliminary_reviewed,,Appendix design diagnostic only. Report KP F as the registered gate and robust-z F separately; the 2013 first stage passes only narrowly.,generated_unreviewed,1,13_census_2017_household_analysis.dta,58015:567(76799):796862204:147322490,code/stata/pipeline/04e_census2017_household.do,27sep2026_164444,156387266
main_effects,output/figures/rd_outcomes/fig_rd_outcomes_54_primary_panels_2017_household.png,figure,appendix,assignment_effect,preliminary_reviewed,0,preliminary_reviewed,,"Provisional appendix exhibit. Interpret with multiplicity, weak-instrument, and sample-selection qualifications from the audit.",generated_unreviewed,1,13_census_2017_household_analysis.dta,58015:567(76799):796862204:147322490,code/stata/pipeline/04e_census2017_household.do,27sep2026_164444,2908434807
main_effects,output/figures/rd_outcomes/fig_rd_outcomes_55_late_forest_2017_household.png,figure,appendix,primary_causal,preliminary_reviewed,0,preliminary_reviewed,,"Provisional appendix exhibit. Interpret with multiplicity, weak-instrument, and sample-selection qualifications from the audit.",generated_unreviewed,1,13_census_2017_household_analysis.dta,58015:567(76799):796862204:147322490,code/stata/pipeline/04e_census2017_household.do,27sep2026_164444,2172164271
main_effects,output/figures/rd_outcomes/fig_rd_outcomes_56_bandwidth_sensitivity_2017_household.png,figure,appendix,diagnostic,preliminary_reviewed,0,preliminary_reviewed,,Sensitivity evidence only. Do not promote isolated nominal significance or weak-instrument specifications.,generated_unreviewed,1,13_census_2017_household_analysis.dta,58015:567(76799):796862204:147322490,code/stata/pipeline/04e_census2017_household.do,27sep2026_164444,3768098444
main_effects,output/figures/rd_outcomes/fig_rd_outcomes_57_female_members_household.png,figure,appendix,assignment_effect,preliminary_reviewed,0,preliminary_reviewed,,"Provisional appendix exhibit. Interpret with multiplicity, weak-instrument, and sample-selection qualifications from the audit.",generated_unreviewed,1,13_census_2017_household_analysis.dta,58015:567(76799):796862204:147322490,code/stata/pipeline/04e_census2017_household.do,27sep2026_164444,704578334
main_effects,output/figures/rd_outcomes/fig_rd_outcomes_58_age_15_29_household.png,figure,internal_only,assignment_effect,preliminary_reviewed,0,preliminary_reviewed,,Internal reproducibility or redundant visualization artifact; retain as a source but not as a standalone publication exhibit.,generated_unreviewed,1,13_census_2017_household_analysis.dta,58015:567(76799):796862204:147322490,code/stata/pipeline/04e_census2017_household.do,27sep2026_164444,2327364880
main_effects,output/figures/rd_outcomes/fig_rd_outcomes_59_moved_ccpp_household.png,figure,appendix,assignment_effect,preliminary_reviewed,0,preliminary_reviewed,,Assignment plot retained provisionally; publication use must show adjusted inference and the substantial linkage sensitivity.,generated_unreviewed,1,13_census_2017_household_analysis.dta,58015:567(76799):796862204:147322490,code/stata/pipeline/04e_census2017_household.do,27sep2026_164444,3233883933
main_effects,output/figures/rd_outcomes/fig_rd_outcomes_60_secondary_education_household.png,figure,internal_only,secondary_causal,preliminary_reviewed,0,preliminary_reviewed,,Secondary outcome evidence for completeness; no adjusted discovery and no mediation interpretation.,generated_unreviewed,1,13_census_2017_household_analysis.dta,58015:567(76799):796862204:147322490,code/stata/pipeline/04e_census2017_household.do,27sep2026_164444,764154699
main_effects,output/figures/rd_outcomes/fig_rd_outcomes_61_employment_household.png,figure,appendix,assignment_effect,preliminary_reviewed,0,preliminary_reviewed,,"Provisional appendix exhibit. Interpret with multiplicity, weak-instrument, and sample-selection qualifications from the audit.",generated_unreviewed,1,13_census_2017_household_analysis.dta,58015:567(76799):796862204:147322490,code/stata/pipeline/04e_census2017_household.do,27sep2026_164444,4206907990
main_effects,output/figures/rd_outcomes/fig_rd_outcomes_62_health_insurance_household.png,figure,internal_only,assignment_effect,preliminary_reviewed,0,preliminary_reviewed,,Internal reproducibility or redundant visualization artifact; retain as a source but not as a standalone publication exhibit.,generated_unreviewed,1,13_census_2017_household_analysis.dta,58015:567(76799):796862204:147322490,code/stata/pipeline/04e_census2017_household.do,27sep2026_164444,2197247834
main_effects,output/figures/rd_outcomes/fig_rd_outcomes_63_disability_household.png,figure,internal_only,assignment_effect,preliminary_reviewed,0,preliminary_reviewed,,Internal reproducibility or redundant visualization artifact; retain as a source but not as a standalone publication exhibit.,generated_unreviewed,1,13_census_2017_household_analysis.dta,58015:567(76799):796862204:147322490,code/stata/pipeline/04e_census2017_household.do,27sep2026_164444,2405985577
main_effects,output/figures/rd_outcomes/fig_rd_outcomes_64_wellbeing_core_household.png,figure,internal_only,assignment_effect,preliminary_reviewed,0,preliminary_reviewed,,Internal reproducibility or redundant visualization artifact; retain as a source but not as a standalone publication exhibit.,generated_unreviewed,1,13_census_2017_household_analysis.dta,58015:567(76799):796862204:147322490,code/stata/pipeline/04e_census2017_household.do,27sep2026_164444,1158062204
main_effects,output/figures/rd_outcomes/fig_rd_outcomes_65_first_stage_2016_individual.png,figure,internal_only,diagnostic,preliminary_reviewed,0,preliminary_reviewed,,Regenerated on the approved observed-migration adult population; separate complete-case and migration first stages now reported; internal until linkage-selection review.,generated_unreviewed,1,12_census_2017_individual_analysis.dta,193342:584(100102):1670380058:3445404902,code/stata/pipeline/04f_census2017_individual.do,27sep2026_164444,4186608490
main_effects,output/figures/rd_outcomes/fig_rd_outcomes_66_primary_panels_2017_individual.png,figure,internal_only,assignment_effect,preliminary_reviewed,0,preliminary_reviewed,,I03 uses approved observed-migration adults while seven outcomes retain complete cases; mixed denominators are labeled; internal until scientific and owner review.,generated_unreviewed,1,12_census_2017_individual_analysis.dta,193342:584(100102):1670380058:3445404902,code/stata/pipeline/04f_census2017_individual.do,27sep2026_164444,406243932
main_effects,output/figures/rd_outcomes/fig_rd_outcomes_67_late_forest_2017_individual.png,figure,internal_only,primary_causal,preliminary_reviewed,0,preliminary_reviewed,,I03 uses approved observed-migration adults with outcome-specific KP F; seven outcomes retain complete cases; internal until scientific and owner review.,generated_unreviewed,1,12_census_2017_individual_analysis.dta,193342:584(100102):1670380058:3445404902,code/stata/pipeline/04f_census2017_individual.do,27sep2026_164444,4084366426
main_effects,output/figures/rd_outcomes/fig_rd_outcomes_68_bandwidth_sensitivity_2017_individual.png,figure,internal_only,diagnostic,preliminary_reviewed,0,preliminary_reviewed,,I03 bandwidth checks use approved observed-migration adults; seven outcomes retain complete cases; internal until scientific and owner review.,generated_unreviewed,1,12_census_2017_individual_analysis.dta,193342:584(100102):1670380058:3445404902,code/stata/pipeline/04f_census2017_individual.do,27sep2026_164444,2012520859
main_effects,output/figures/rd_outcomes/fig_rd_outcomes_69_female_individual.png,figure,internal_only,assignment_effect,preliminary_reviewed,0,preliminary_reviewed,,Internal reproducibility or redundant visualization artifact; retain as a source but not as a standalone publication exhibit.,generated_unreviewed,1,12_census_2017_individual_analysis.dta,193342:584(100102):1670380058:3445404902,code/stata/pipeline/04f_census2017_individual.do,27sep2026_164444,3179351354
main_effects,output/figures/rd_outcomes/fig_rd_outcomes_70_age_15_29_individual.png,figure,internal_only,assignment_effect,preliminary_reviewed,0,preliminary_reviewed,,Internal reproducibility or redundant visualization artifact; retain as a source but not as a standalone publication exhibit.,generated_unreviewed,1,12_census_2017_individual_analysis.dta,193342:584(100102):1670380058:3445404902,code/stata/pipeline/04f_census2017_individual.do,27sep2026_164444,3008203549
main_effects,output/figures/rd_outcomes/fig_rd_outcomes_71_moved_ccpp_individual.png,figure,internal_only,assignment_effect,preliminary_reviewed,0,preliminary_reviewed,,Regenerated for linked adults with valid canonical CCPP movement; effect is conditional on observation and awaits linkage-selection and owner review.,generated_unreviewed,1,12_census_2017_individual_analysis.dta,193342:584(100102):1670380058:3445404902,code/stata/pipeline/04f_census2017_individual.do,27sep2026_164444,248741641
main_effects,output/figures/rd_outcomes/fig_rd_outcomes_72_secondary_education_individual.png,figure,internal_only,secondary_causal,preliminary_reviewed,0,preliminary_reviewed,,Secondary outcome evidence for completeness; no adjusted discovery and no mediation interpretation.,generated_unreviewed,1,12_census_2017_individual_analysis.dta,193342:584(100102):1670380058:3445404902,code/stata/pipeline/04f_census2017_individual.do,27sep2026_164444,3018890689
main_effects,output/figures/rd_outcomes/fig_rd_outcomes_73_employment_individual.png,figure,internal_only,assignment_effect,preliminary_reviewed,0,preliminary_reviewed,,Employment remains on the registered eight-outcome complete-case population; internal until scientific and owner review.,generated_unreviewed,1,12_census_2017_individual_analysis.dta,193342:584(100102):1670380058:3445404902,code/stata/pipeline/04f_census2017_individual.do,27sep2026_164444,489512269
main_effects,output/figures/rd_outcomes/fig_rd_outcomes_74_health_insurance_individual.png,figure,internal_only,assignment_effect,preliminary_reviewed,0,preliminary_reviewed,,Internal reproducibility or redundant visualization artifact; retain as a source but not as a standalone publication exhibit.,generated_unreviewed,1,12_census_2017_individual_analysis.dta,193342:584(100102):1670380058:3445404902,code/stata/pipeline/04f_census2017_individual.do,27sep2026_164444,640899523
main_effects,output/figures/rd_outcomes/fig_rd_outcomes_75_disability_individual.png,figure,internal_only,assignment_effect,preliminary_reviewed,0,preliminary_reviewed,,Internal reproducibility or redundant visualization artifact; retain as a source but not as a standalone publication exhibit.,generated_unreviewed,1,12_census_2017_individual_analysis.dta,193342:584(100102):1670380058:3445404902,code/stata/pipeline/04f_census2017_individual.do,27sep2026_164444,3185568440
main_effects,output/figures/rd_outcomes/fig_rd_outcomes_76_wellbeing_core_individual.png,figure,internal_only,assignment_effect,preliminary_reviewed,0,preliminary_reviewed,,Internal reproducibility or redundant visualization artifact; retain as a source but not as a standalone publication exhibit.,generated_unreviewed,1,12_census_2017_individual_analysis.dta,193342:584(100102):1670380058:3445404902,code/stata/pipeline/04f_census2017_individual.do,27sep2026_164444,3941642034
main_effects,output/tables/rd_outcomes/rd_2013_ccpp_analysis_contract.csv,metadata,internal_only,diagnostic,preliminary_reviewed,0,preliminary_reviewed,,Internal reproducibility or redundant visualization artifact; retain as a source but not as a standalone publication exhibit.,generated_unreviewed,1,11_community_registry_sisfoh_2013.dta,5712:403(97249):3030251695:1380430990,code/stata/pipeline/04a_sisfoh2013_ccpp.do,27sep2026_145215,2999348590
main_effects,output/tables/rd_outcomes/rd_2013_household_analysis_contract.csv,metadata,internal_only,diagnostic,preliminary_reviewed,0,preliminary_reviewed,,Internal reproducibility or redundant visualization artifact; retain as a source but not as a standalone publication exhibit.,generated_unreviewed,1,10_sisfoh_2013_household_analysis.dta,415007:398(33865):2310789879:3382197492,code/stata/pipeline/04b_sisfoh2013_household.do,27sep2026_145215,2405913917
main_effects,output/tables/rd_outcomes/rd_2013_individual_analysis_contract.csv,metadata,internal_only,diagnostic,preliminary_reviewed,0,preliminary_reviewed,,Internal reproducibility or redundant visualization artifact; retain as a source but not as a standalone publication exhibit.,generated_unreviewed,1,09_sisfoh_2013_individual_analysis.dta,1425575:347(15447):667510731:4238093767,code/stata/pipeline/04c_sisfoh2013_individual.do,27sep2026_145215,1322858994
main_effects,output/tables/rd_outcomes/rd_2017_ccpp_analysis_contract.csv,metadata,internal_only,diagnostic,preliminary_reviewed,0,preliminary_reviewed,,Internal reproducibility or redundant visualization artifact; retain as a source but not as a standalone publication exhibit.,generated_unreviewed,1,14_community_registry_census_2017.dta,5712:466(89399):3540887281:774889383,code/stata/pipeline/04d_census2017_ccpp.do,27sep2026_145215,3345122084
main_effects,output/tables/rd_outcomes/rd_2017_household_analysis_contract.csv,metadata,internal_only,diagnostic,preliminary_reviewed,0,preliminary_reviewed,,Regenerated 2017 contract reports 2706 local-window households and 61 RUV communities; retain as an internal audit record.,generated_unreviewed,1,13_census_2017_household_analysis.dta,58015:567(76799):796862204:147322490,code/stata/pipeline/04e_census2017_household.do,27sep2026_164444,132605843
main_effects,output/tables/rd_outcomes/rd_2017_individual_analysis_contract.csv,metadata,internal_only,diagnostic,preliminary_reviewed,0,preliminary_reviewed,,Regenerated 2017 contract reports 5453 local-window persons and 61 RUV communities; retain as an internal audit record.,generated_unreviewed,1,12_census_2017_individual_analysis.dta,193342:584(100102):1670380058:3445404902,code/stata/pipeline/04f_census2017_individual.do,27sep2026_164444,606033585
main_effects,output/tables/rd_outcomes/rd_2013_ccpp_results.csv,table,internal_only,source_table,preliminary_reviewed,0,preliminary_reviewed,,Internal reproducibility or redundant visualization artifact; retain as a source but not as a standalone publication exhibit.,generated_unreviewed,1,11_community_registry_sisfoh_2013.dta,5712:403(97249):3030251695:1380430990,code/stata/pipeline/04a_sisfoh2013_ccpp.do,27sep2026_145215,2938107747
main_effects,output/tables/rd_outcomes/rd_2013_household_results.csv,table,internal_only,source_table,preliminary_reviewed,0,preliminary_reviewed,,Internal reproducibility or redundant visualization artifact; retain as a source but not as a standalone publication exhibit.,generated_unreviewed,1,10_sisfoh_2013_household_analysis.dta,415007:398(33865):2310789879:3382197492,code/stata/pipeline/04b_sisfoh2013_household.do,27sep2026_145215,1185033037
main_effects,output/tables/rd_outcomes/rd_2013_individual_results.csv,table,internal_only,source_table,preliminary_reviewed,0,preliminary_reviewed,,Internal reproducibility or redundant visualization artifact; retain as a source but not as a standalone publication exhibit.,generated_unreviewed,1,09_sisfoh_2013_individual_analysis.dta,1425575:347(15447):667510731:4238093767,code/stata/pipeline/04c_sisfoh2013_individual.do,27sep2026_145215,1881227450
main_effects,output/tables/rd_outcomes/rd_2017_ccpp_results.csv,table,internal_only,source_table,preliminary_reviewed,0,preliminary_reviewed,,Internal reproducibility or redundant visualization artifact; retain as a source but not as a standalone publication exhibit.,generated_unreviewed,1,14_community_registry_census_2017.dta,5712:466(89399):3540887281:774889383,code/stata/pipeline/04d_census2017_ccpp.do,27sep2026_145215,1951602529
main_effects,output/tables/rd_outcomes/rd_2017_household_results.csv,table,internal_only,source_table,preliminary_reviewed,0,preliminary_reviewed,,Internal reproducibility or redundant visualization artifact; retain as a source but not as a standalone publication exhibit.,generated_unreviewed,1,13_census_2017_household_analysis.dta,58015:567(76799):796862204:147322490,code/stata/pipeline/04e_census2017_household.do,27sep2026_164444,3464971824
main_effects,output/tables/rd_outcomes/rd_2017_individual_results.csv,table,internal_only,source_table,preliminary_reviewed,0,preliminary_reviewed,,Internal reproducibility or redundant visualization artifact; retain as a source but not as a standalone publication exhibit.,generated_unreviewed,1,12_census_2017_individual_analysis.dta,193342:584(100102):1670380058:3445404902,code/stata/pipeline/04f_census2017_individual.do,27sep2026_164444,589121899
main_effects,output/tables/rd_outcomes/tab_rd_outcomes_01_registry.tex,table,internal_only,source_table,preliminary_reviewed,0,preliminary_reviewed,,Internal reproducibility or redundant visualization artifact; retain as a source but not as a standalone publication exhibit.,generated_unreviewed,1,11_community_registry_sisfoh_2013.dta,5712:403(97249):3030251695:1380430990,code/stata/pipeline/04a_sisfoh2013_ccpp.do,27sep2026_145215,966529330
main_effects,output/tables/rd_outcomes/tab_rd_outcomes_02_first_stage.tex,table,appendix,diagnostic,preliminary_reviewed,0,preliminary_reviewed,,Appendix design diagnostic only. Report KP F as the registered gate and robust-z F separately; the 2013 first stage passes only narrowly.,generated_unreviewed,1,11_community_registry_sisfoh_2013.dta,5712:403(97249):3030251695:1380430990,code/stata/pipeline/04a_sisfoh2013_ccpp.do,27sep2026_145215,3320420984
main_effects,output/tables/rd_outcomes/tab_rd_outcomes_03_main_2013_ccpp.tex,table,appendix,primary_causal,preliminary_reviewed,0,preliminary_reviewed,,Regenerated with registered KP F greater than 10 screen; appendix candidate only because no primary fuzzy LATE survives multiplicity adjustment. Owner review pending.,generated_unreviewed,1,11_community_registry_sisfoh_2013.dta,5712:403(97249):3030251695:1380430990,code/stata/pipeline/04a_sisfoh2013_ccpp.do,27sep2026_145215,1174757730
main_effects,output/tables/rd_outcomes/tab_rd_outcomes_04_secondary_2013_ccpp.tex,table,appendix,secondary_causal,preliminary_reviewed,0,preliminary_reviewed,,Secondary outcome evidence for completeness; no adjusted discovery and no mediation interpretation.,generated_unreviewed,1,11_community_registry_sisfoh_2013.dta,5712:403(97249):3030251695:1380430990,code/stata/pipeline/04a_sisfoh2013_ccpp.do,27sep2026_145215,1863952551
main_effects,output/tables/rd_outcomes/tab_rd_outcomes_05_robustness_2013_ccpp.tex,table,appendix,diagnostic,preliminary_reviewed,0,preliminary_reviewed,,Sensitivity evidence only. Do not promote isolated nominal significance or weak-instrument specifications.,generated_unreviewed,1,11_community_registry_sisfoh_2013.dta,5712:403(97249):3030251695:1380430990,code/stata/pipeline/04a_sisfoh2013_ccpp.do,27sep2026_145215,26411871
main_effects,output/tables/rd_outcomes/tab_rd_outcomes_06_registry_2013_household.tex,table,internal_only,source_table,preliminary_reviewed,0,preliminary_reviewed,,Internal reproducibility or redundant visualization artifact; retain as a source but not as a standalone publication exhibit.,generated_unreviewed,1,10_sisfoh_2013_household_analysis.dta,415007:398(33865):2310789879:3382197492,code/stata/pipeline/04b_sisfoh2013_household.do,27sep2026_145215,2838868896
main_effects,output/tables/rd_outcomes/tab_rd_outcomes_07_sample_first_stage_2013_household.tex,table,appendix,diagnostic,preliminary_reviewed,0,preliminary_reviewed,,Appendix design diagnostic only. Report KP F as the registered gate and robust-z F separately; the 2013 first stage passes only narrowly.,generated_unreviewed,1,10_sisfoh_2013_household_analysis.dta,415007:398(33865):2310789879:3382197492,code/stata/pipeline/04b_sisfoh2013_household.do,27sep2026_145215,1408524844
main_effects,output/tables/rd_outcomes/tab_rd_outcomes_08_main_2013_household.tex,table,appendix,primary_causal,preliminary_reviewed,0,preliminary_reviewed,,Regenerated with registered KP F greater than 10 screen; appendix candidate only because no primary fuzzy LATE survives multiplicity adjustment. Owner review pending.,generated_unreviewed,1,10_sisfoh_2013_household_analysis.dta,415007:398(33865):2310789879:3382197492,code/stata/pipeline/04b_sisfoh2013_household.do,27sep2026_145215,2132479629
main_effects,output/tables/rd_outcomes/tab_rd_outcomes_09_secondary_2013_household.tex,table,appendix,secondary_causal,preliminary_reviewed,0,preliminary_reviewed,,Secondary outcome evidence for completeness; no adjusted discovery and no mediation interpretation.,generated_unreviewed,1,10_sisfoh_2013_household_analysis.dta,415007:398(33865):2310789879:3382197492,code/stata/pipeline/04b_sisfoh2013_household.do,27sep2026_145215,1087383380
main_effects,output/tables/rd_outcomes/tab_rd_outcomes_10_robustness_2013_household.tex,table,appendix,diagnostic,preliminary_reviewed,0,preliminary_reviewed,,Sensitivity evidence only. Do not promote isolated nominal significance or weak-instrument specifications.,generated_unreviewed,1,10_sisfoh_2013_household_analysis.dta,415007:398(33865):2310789879:3382197492,code/stata/pipeline/04b_sisfoh2013_household.do,27sep2026_145215,3500599000
main_effects,output/tables/rd_outcomes/tab_rd_outcomes_11_registry_2013_individual.tex,table,internal_only,source_table,preliminary_reviewed,0,preliminary_reviewed,,Internal reproducibility or redundant visualization artifact; retain as a source but not as a standalone publication exhibit.,generated_unreviewed,1,09_sisfoh_2013_individual_analysis.dta,1425575:347(15447):667510731:4238093767,code/stata/pipeline/04c_sisfoh2013_individual.do,27sep2026_145215,2184065191
main_effects,output/tables/rd_outcomes/tab_rd_outcomes_12_sample_first_stage_2013_individual.tex,table,appendix,diagnostic,preliminary_reviewed,0,preliminary_reviewed,,Appendix design diagnostic only. Report KP F as the registered gate and robust-z F separately; the 2013 first stage passes only narrowly.,generated_unreviewed,1,09_sisfoh_2013_individual_analysis.dta,1425575:347(15447):667510731:4238093767,code/stata/pipeline/04c_sisfoh2013_individual.do,27sep2026_145215,2712299913
main_effects,output/tables/rd_outcomes/tab_rd_outcomes_13_main_2013_individual.tex,table,appendix,primary_causal,preliminary_reviewed,0,preliminary_reviewed,,Regenerated with registered KP F greater than 10 screen; appendix candidate only because no primary fuzzy LATE survives multiplicity adjustment. Owner review pending.,generated_unreviewed,1,09_sisfoh_2013_individual_analysis.dta,1425575:347(15447):667510731:4238093767,code/stata/pipeline/04c_sisfoh2013_individual.do,27sep2026_145215,2544586253
main_effects,output/tables/rd_outcomes/tab_rd_outcomes_14_secondary_2013_individual.tex,table,appendix,secondary_causal,preliminary_reviewed,0,preliminary_reviewed,,Secondary outcome evidence for completeness; no adjusted discovery and no mediation interpretation.,generated_unreviewed,1,09_sisfoh_2013_individual_analysis.dta,1425575:347(15447):667510731:4238093767,code/stata/pipeline/04c_sisfoh2013_individual.do,27sep2026_145215,19338027
main_effects,output/tables/rd_outcomes/tab_rd_outcomes_15_robustness_2013_individual.tex,table,appendix,diagnostic,preliminary_reviewed,0,preliminary_reviewed,,Sensitivity evidence only. Do not promote isolated nominal significance or weak-instrument specifications.,generated_unreviewed,1,09_sisfoh_2013_individual_analysis.dta,1425575:347(15447):667510731:4238093767,code/stata/pipeline/04c_sisfoh2013_individual.do,27sep2026_145215,3217995415
main_effects,output/tables/rd_outcomes/tab_rd_outcomes_16_registry_2017_ccpp.tex,table,internal_only,source_table,preliminary_reviewed,0,preliminary_reviewed,,Internal reproducibility or redundant visualization artifact; retain as a source but not as a standalone publication exhibit.,generated_unreviewed,1,14_community_registry_census_2017.dta,5712:466(89399):3540887281:774889383,code/stata/pipeline/04d_census2017_ccpp.do,27sep2026_145215,3664666297
main_effects,output/tables/rd_outcomes/tab_rd_outcomes_17_first_stage_2017_ccpp.tex,table,appendix,diagnostic,preliminary_reviewed,0,preliminary_reviewed,,Appendix design diagnostic only. Report KP F as the registered gate and robust-z F separately; the 2013 first stage passes only narrowly.,generated_unreviewed,1,14_community_registry_census_2017.dta,5712:466(89399):3540887281:774889383,code/stata/pipeline/04d_census2017_ccpp.do,27sep2026_145215,4160944586
main_effects,output/tables/rd_outcomes/tab_rd_outcomes_18_main_2017_ccpp.tex,table,appendix,primary_causal,preliminary_reviewed,0,preliminary_reviewed,,Regenerated with registered KP F greater than 10 screen; appendix candidate only because no primary fuzzy LATE survives multiplicity adjustment. Owner review pending.,generated_unreviewed,1,14_community_registry_census_2017.dta,5712:466(89399):3540887281:774889383,code/stata/pipeline/04d_census2017_ccpp.do,27sep2026_145215,612192101
main_effects,output/tables/rd_outcomes/tab_rd_outcomes_19_secondary_2017_ccpp.tex,table,appendix,secondary_causal,preliminary_reviewed,0,preliminary_reviewed,,Secondary outcome evidence for completeness; no adjusted discovery and no mediation interpretation.,generated_unreviewed,1,14_community_registry_census_2017.dta,5712:466(89399):3540887281:774889383,code/stata/pipeline/04d_census2017_ccpp.do,27sep2026_145215,1014211469
main_effects,output/tables/rd_outcomes/tab_rd_outcomes_20_robustness_2017_ccpp.tex,table,appendix,diagnostic,preliminary_reviewed,0,preliminary_reviewed,,Sensitivity evidence only. Do not promote isolated nominal significance or weak-instrument specifications.,generated_unreviewed,1,14_community_registry_census_2017.dta,5712:466(89399):3540887281:774889383,code/stata/pipeline/04d_census2017_ccpp.do,27sep2026_145215,2741290655
main_effects,output/tables/rd_outcomes/tab_rd_outcomes_21_registry_2017_household.tex,table,internal_only,source_table,preliminary_reviewed,0,preliminary_reviewed,,Internal reproducibility or redundant visualization artifact; retain as a source but not as a standalone publication exhibit.,generated_unreviewed,1,13_census_2017_household_analysis.dta,58015:567(76799):796862204:147322490,code/stata/pipeline/04e_census2017_household.do,27sep2026_164444,1231235923
main_effects,output/tables/rd_outcomes/tab_rd_outcomes_22_sample_first_stage_2017_household.tex,table,appendix,diagnostic,preliminary_reviewed,0,preliminary_reviewed,,Appendix design diagnostic only. Report KP F as the registered gate and robust-z F separately; the 2013 first stage passes only narrowly.,generated_unreviewed,1,13_census_2017_household_analysis.dta,58015:567(76799):796862204:147322490,code/stata/pipeline/04e_census2017_household.do,27sep2026_164444,1148229521
main_effects,output/tables/rd_outcomes/tab_rd_outcomes_23_main_2017_household.tex,table,appendix,primary_causal,preliminary_reviewed,0,preliminary_reviewed,,Regenerated with registered KP F greater than 10 screen and 61 local-window CCPPs; appendix candidate only because no primary fuzzy LATE survives multiplicity adjustment. Owner review pending.,generated_unreviewed,1,13_census_2017_household_analysis.dta,58015:567(76799):796862204:147322490,code/stata/pipeline/04e_census2017_household.do,27sep2026_164444,3184096474
main_effects,output/tables/rd_outcomes/tab_rd_outcomes_24_secondary_2017_household.tex,table,appendix,secondary_causal,preliminary_reviewed,0,preliminary_reviewed,,Secondary outcome evidence for completeness; no adjusted discovery and no mediation interpretation.,generated_unreviewed,1,13_census_2017_household_analysis.dta,58015:567(76799):796862204:147322490,code/stata/pipeline/04e_census2017_household.do,27sep2026_164444,2993015108
main_effects,output/tables/rd_outcomes/tab_rd_outcomes_25_robustness_2017_household.tex,table,appendix,diagnostic,preliminary_reviewed,0,preliminary_reviewed,,Sensitivity evidence only. Do not promote isolated nominal significance or weak-instrument specifications.,generated_unreviewed,1,13_census_2017_household_analysis.dta,58015:567(76799):796862204:147322490,code/stata/pipeline/04e_census2017_household.do,27sep2026_164444,1856583024
main_effects,output/tables/rd_outcomes/tab_rd_outcomes_26_registry_2017_individual.tex,table,internal_only,source_table,preliminary_reviewed,0,preliminary_reviewed,,Internal reproducibility or redundant visualization artifact; retain as a source but not as a standalone publication exhibit.,generated_unreviewed,1,12_census_2017_individual_analysis.dta,193342:584(100102):1670380058:3445404902,code/stata/pipeline/04f_census2017_individual.do,27sep2026_164444,1812516864
main_effects,output/tables/rd_outcomes/tab_rd_outcomes_27_sample_first_stage_2017_individual.tex,table,internal_only,diagnostic,preliminary_reviewed,0,preliminary_reviewed,,Separate first stages reported for approved migration adults and eight-outcome complete cases; internal until scientific and owner review.,generated_unreviewed,1,12_census_2017_individual_analysis.dta,193342:584(100102):1670380058:3445404902,code/stata/pipeline/04f_census2017_individual.do,27sep2026_164444,3379385566
main_effects,output/tables/rd_outcomes/tab_rd_outcomes_28_main_2017_individual.tex,table,internal_only,primary_causal,preliminary_reviewed,0,preliminary_reviewed,,Regenerated with approved I03 observed-migration adults and separate first stage; cannot be generalized to all source-cohort adults; internal until scientific and owner review.,generated_unreviewed,1,12_census_2017_individual_analysis.dta,193342:584(100102):1670380058:3445404902,code/stata/pipeline/04f_census2017_individual.do,27sep2026_164444,1701635524
main_effects,output/tables/rd_outcomes/tab_rd_outcomes_29_secondary_2017_individual.tex,table,internal_only,secondary_causal,preliminary_reviewed,0,preliminary_reviewed,,Regenerated; secondary migration and selection endpoints have distinct populations and remain diagnostic until scientific and owner review.,generated_unreviewed,1,12_census_2017_individual_analysis.dta,193342:584(100102):1670380058:3445404902,code/stata/pipeline/04f_census2017_individual.do,27sep2026_164444,634413694
main_effects,output/tables/rd_outcomes/tab_rd_outcomes_30_robustness_2017_individual.tex,table,internal_only,diagnostic,preliminary_reviewed,0,preliminary_reviewed,,I03 robustness uses approved observed-migration adults; historical eight-outcome complete case is labeled sensitivity; internal until scientific and owner review.,generated_unreviewed,1,12_census_2017_individual_analysis.dta,193342:584(100102):1670380058:3445404902,code/stata/pipeline/04f_census2017_individual.do,27sep2026_164444,3828902556
main_effects,output/tables/rd_outcomes/tab_rd_outcomes_31_linkage_2017_ccpp.tex,table,appendix,diagnostic,preliminary_reviewed,0,preliminary_reviewed,,Essential Census linkage diagnostic. Failure to reject a linkage jump is not evidence of missing-at-random linkage.,generated_unreviewed,1,14_community_registry_census_2017.dta,5712:466(89399):3540887281:774889383,code/stata/pipeline/04d_census2017_ccpp.do,27sep2026_145215,680364298
main_effects,output/tables/rd_outcomes/tab_rd_outcomes_32_linkage_2017_household.tex,table,appendix,diagnostic,preliminary_reviewed,0,preliminary_reviewed,,Essential Census linkage diagnostic. Failure to reject a linkage jump is not evidence of missing-at-random linkage.,generated_unreviewed,1,13_census_2017_household_analysis.dta,58015:567(76799):796862204:147322490,code/stata/pipeline/04e_census2017_household.do,27sep2026_164444,1505768931
main_effects,output/tables/rd_outcomes/tab_rd_outcomes_33_linkage_2017_individual.tex,table,appendix,diagnostic,preliminary_reviewed,0,preliminary_reviewed,,Essential Census linkage diagnostic. Failure to reject a linkage jump is not evidence of missing-at-random linkage.,generated_unreviewed,1,12_census_2017_individual_analysis.dta,193342:584(100102):1670380058:3445404902,code/stata/pipeline/04f_census2017_individual.do,27sep2026_164444,2300083925
mechanisms,output/figures/rd_mechanisms/fig_rd_mechanisms_01_migration_forest.png,figure,internal_only,secondary_causal,preliminary_reviewed,0,preliminary_reviewed,,Migration evidence requires separate assignment-effect and treatment-receipt interpretations plus explicit linkage sensitivity and uncertainty.,generated_unreviewed,1,module-04 aggregate results;canonical Census-2017 community/person/household datasets,module04:4190510721;census2017:5712:466(89399):3540887281:774889383;12_census_2017_individual_analysis.dta:4131838333;13_census_2017_household_analysis.dta:2994532919;selection_protocol:710933274,code/stata/pipeline/06_analyze_migration_mechanisms.do,30Sep2026_024534,3909842374
mechanisms,output/figures/rd_mechanisms/fig_rd_mechanisms_02_linkage_sensitivity.png,figure,internal_only,diagnostic,preliminary_reviewed,0,preliminary_reviewed,,"I03 uses approved observed-migration adults while endpoint codings use a broader source cohort; display is diagnostic, not common-population causal bounds.",generated_unreviewed,1,module-04 aggregate results;canonical Census-2017 community/person/household datasets,module04:4190510721;census2017:5712:466(89399):3540887281:774889383;12_census_2017_individual_analysis.dta:4131838333;13_census_2017_household_analysis.dta:2994532919;selection_protocol:710933274,code/stata/pipeline/06_analyze_migration_mechanisms.do,30Sep2026_024534,3835018046
mechanisms,output/figures/rd_mechanisms/fig_rd_mechanisms_03_mechanism_forest.png,figure,appendix,secondary_causal,preliminary_reviewed,0,preliminary_reviewed,,Candidate intermediate-outcome evidence only; no effect survives multiplicity adjustment and no causal mediation estimand is identified.,generated_unreviewed,1,module-04 aggregate results;canonical Census-2017 community/person/household datasets,module04:4190510721;census2017:5712:466(89399):3540887281:774889383;12_census_2017_individual_analysis.dta:4131838333;13_census_2017_household_analysis.dta:2994532919;selection_protocol:710933274,code/stata/pipeline/06_analyze_migration_mechanisms.do,30Sep2026_024534,2052269510
mechanisms,output/figures/rd_mechanisms/fig_rd_mechanisms_04_selection_flow.png,figure,internal_only,diagnostic,preliminary_reviewed,0,preliminary_reviewed,,Descriptive fixed-window coverage and observability with separate parent frames; no causal selection or mediation claim.,generated_unreviewed,1,module-04 aggregate results;canonical Census-2017 community/person/household datasets,module04:4190510721;census2017:5712:466(89399):3540887281:774889383;12_census_2017_individual_analysis.dta:4131838333;13_census_2017_household_analysis.dta:2994532919;selection_protocol:710933274,code/stata/pipeline/06_analyze_migration_mechanisms.do,30Sep2026_024534,3478617192
mechanisms,output/tables/rd_mechanisms/rd_census2017_selection_flow.csv,table,internal_only,diagnostic,preliminary_reviewed,0,preliminary_reviewed,,"Separate RUV coverage, source-person linkage, adult movement observability and source-household completeness; not one attrition denominator.",generated_unreviewed,1,module-04 aggregate results;canonical Census-2017 community/person/household datasets,module04:4190510721;census2017:5712:466(89399):3540887281:774889383;12_census_2017_individual_analysis.dta:4131838333;13_census_2017_household_analysis.dta:2994532919;selection_protocol:710933274,code/stata/pipeline/06_analyze_migration_mechanisms.do,30Sep2026_024534,1589892181
mechanisms,output/tables/rd_mechanisms/rd_census2017_selection_intervals.csv,table,internal_only,descriptive_only,preliminary_reviewed,0,preliminary_reviewed,,Finite-source-cohort descriptive missing-movement intervals; not causal RD or fuzzy-LATE bounds and not the primary adult population.,generated_unreviewed,1,module-04 aggregate results;canonical Census-2017 community/person/household datasets,module04:4190510721;census2017:5712:466(89399):3540887281:774889383;12_census_2017_individual_analysis.dta:4131838333;13_census_2017_household_analysis.dta:2994532919;selection_protocol:710933274,code/stata/pipeline/06_analyze_migration_mechanisms.do,30Sep2026_024534,3770809681
mechanisms,output/tables/rd_mechanisms/rd_census2017_selection_overlap.csv,table,internal_only,diagnostic,preliminary_reviewed,0,preliminary_reviewed,,"Baseline-only selection-model feasibility; no causal weighting approved, no proof of MAR or full-adult transportability.",generated_unreviewed,1,module-04 aggregate results;canonical Census-2017 community/person/household datasets,module04:4190510721;census2017:5712:466(89399):3540887281:774889383;12_census_2017_individual_analysis.dta:4131838333;13_census_2017_household_analysis.dta:2994532919;selection_protocol:710933274,code/stata/pipeline/06_analyze_migration_mechanisms.do,30Sep2026_024534,3900392758
mechanisms,output/tables/rd_mechanisms/rd_migration_mechanism_associations.csv,table,internal_only,descriptive_only,preliminary_reviewed,0,preliminary_reviewed,,Noncausal descriptive association only; contemporaneous or post-treatment variables must not be described as mediators.,generated_unreviewed,1,module-04 aggregate results;canonical Census-2017 community/person/household datasets,module04:4190510721;census2017:5712:466(89399):3540887281:774889383;12_census_2017_individual_analysis.dta:4131838333;13_census_2017_household_analysis.dta:2994532919;selection_protocol:710933274,code/stata/pipeline/06_analyze_migration_mechanisms.do,30Sep2026_024534,1849473286
mechanisms,output/tables/rd_mechanisms/rd_migration_mechanism_contract.csv,table,internal_only,diagnostic,preliminary_reviewed,0,preliminary_reviewed,,Internal design-contract QA rather than a publication exhibit.,generated_unreviewed,1,module-04 aggregate results;canonical Census-2017 community/person/household datasets,module04:4190510721;census2017:5712:466(89399):3540887281:774889383;12_census_2017_individual_analysis.dta:4131838333;13_census_2017_household_analysis.dta:2994532919;selection_protocol:710933274,code/stata/pipeline/06_analyze_migration_mechanisms.do,30Sep2026_024534,2204478155
mechanisms,output/tables/rd_mechanisms/rd_migration_mechanism_summary.csv,table,internal_only,source_table,preliminary_reviewed,0,preliminary_reviewed,,Machine-readable evidence ledger or workflow inventory; retain internally as the source for reviewed exhibits.,generated_unreviewed,1,module-04 aggregate results;canonical Census-2017 community/person/household datasets,module04:4190510721;census2017:5712:466(89399):3540887281:774889383;12_census_2017_individual_analysis.dta:4131838333;13_census_2017_household_analysis.dta:2994532919;selection_protocol:710933274,code/stata/pipeline/06_analyze_migration_mechanisms.do,30Sep2026_024534,2872773869
mechanisms,output/tables/rd_mechanisms/rd_migration_mechanism_supporting.csv,table,internal_only,source_table,preliminary_reviewed,0,preliminary_reviewed,,Machine-readable evidence ledger or workflow inventory; retain internally as the source for reviewed exhibits.,generated_unreviewed,1,module-04 aggregate results;canonical Census-2017 community/person/household datasets,module04:4190510721;census2017:5712:466(89399):3540887281:774889383;12_census_2017_individual_analysis.dta:4131838333;13_census_2017_household_analysis.dta:2994532919;selection_protocol:710933274,code/stata/pipeline/06_analyze_migration_mechanisms.do,30Sep2026_024534,1524915711
mechanisms,output/tables/rd_mechanisms/tab_rd_mechanisms_01_evidence_map.tex,table,internal_only,source_table,preliminary_reviewed,0,preliminary_reviewed,,Machine-readable evidence ledger or workflow inventory; retain internally as the source for reviewed exhibits.,generated_unreviewed,1,module-04 aggregate results;canonical Census-2017 community/person/household datasets,module04:4190510721;census2017:5712:466(89399):3540887281:774889383;12_census_2017_individual_analysis.dta:4131838333;13_census_2017_household_analysis.dta:2994532919;selection_protocol:710933274,code/stata/pipeline/06_analyze_migration_mechanisms.do,30Sep2026_024534,1664436654
mechanisms,output/tables/rd_mechanisms/tab_rd_mechanisms_02_migration_effects.tex,table,internal_only,secondary_causal,preliminary_reviewed,0,preliminary_reviewed,,Regenerated from approved I03 sample with outcome-specific KP gate; fuzzy effects without KP remain diagnostic; internal until scientific and owner review.,generated_unreviewed,1,module-04 aggregate results;canonical Census-2017 community/person/household datasets,module04:4190510721;census2017:5712:466(89399):3540887281:774889383;12_census_2017_individual_analysis.dta:4131838333;13_census_2017_household_analysis.dta:2994532919;selection_protocol:710933274,code/stata/pipeline/06_analyze_migration_mechanisms.do,30Sep2026_024534,1266882678
mechanisms,output/tables/rd_mechanisms/tab_rd_mechanisms_03_linkage_selection.tex,table,appendix,diagnostic,preliminary_reviewed,0,preliminary_reviewed,,Reports source-cohort coverage and conditional person linkage as separate selection stages; wide confidence intervals cannot establish missing-at-random linkage.,generated_unreviewed,1,module-04 aggregate results;canonical Census-2017 community/person/household datasets,module04:4190510721;census2017:5712:466(89399):3540887281:774889383;12_census_2017_individual_analysis.dta:4131838333;13_census_2017_household_analysis.dta:2994532919;selection_protocol:710933274,code/stata/pipeline/06_analyze_migration_mechanisms.do,30Sep2026_024534,776953462
mechanisms,output/tables/rd_mechanisms/tab_rd_mechanisms_04_mechanism_outcomes.tex,table,appendix,secondary_causal,preliminary_reviewed,0,preliminary_reviewed,,Candidate intermediate-outcome evidence only; no effect survives multiplicity adjustment and no causal mediation estimand is identified.,generated_unreviewed,1,module-04 aggregate results;canonical Census-2017 community/person/household datasets,module04:4190510721;census2017:5712:466(89399):3540887281:774889383;12_census_2017_individual_analysis.dta:4131838333;13_census_2017_household_analysis.dta:2994532919;selection_protocol:710933274,code/stata/pipeline/06_analyze_migration_mechanisms.do,30Sep2026_024534,547994087
mechanisms,output/tables/rd_mechanisms/tab_rd_mechanisms_05_descriptive_associations.tex,table,appendix,descriptive_only,preliminary_reviewed,0,preliminary_reviewed,,Noncausal descriptive association only; contemporaneous or post-treatment variables must not be described as mediators.,generated_unreviewed,1,module-04 aggregate results;canonical Census-2017 community/person/household datasets,module04:4190510721;census2017:5712:466(89399):3540887281:774889383;12_census_2017_individual_analysis.dta:4131838333;13_census_2017_household_analysis.dta:2994532919;selection_protocol:710933274,code/stata/pipeline/06_analyze_migration_mechanisms.do,30Sep2026_024534,2566341277
mechanisms,output/tables/rd_mechanisms/tab_rd_mechanisms_06_selection_flow.tex,table,internal_only,diagnostic,preliminary_reviewed,0,preliminary_reviewed,,Review exhibit with explicit stage-specific denominators and CCPP-equal rates; publication/disclosure approval pending.,generated_unreviewed,1,module-04 aggregate results;canonical Census-2017 community/person/household datasets,module04:4190510721;census2017:5712:466(89399):3540887281:774889383;12_census_2017_individual_analysis.dta:4131838333;13_census_2017_household_analysis.dta:2994532919;selection_protocol:710933274,code/stata/pipeline/06_analyze_migration_mechanisms.do,30Sep2026_024534,2075627736
mechanisms,output/tables/rd_mechanisms/tab_rd_mechanisms_07_selection_feasibility.tex,table,internal_only,diagnostic,preliminary_reviewed,0,preliminary_reviewed,,"Selection-model coverage, probability support and untrimmed Kish ESS are diagnostic only; all-observed adult movement requires no fitted logit.",generated_unreviewed,1,module-04 aggregate results;canonical Census-2017 community/person/household datasets,module04:4190510721;census2017:5712:466(89399):3540887281:774889383;12_census_2017_individual_analysis.dta:4131838333;13_census_2017_household_analysis.dta:2994532919;selection_protocol:710933274,code/stata/pipeline/06_analyze_migration_mechanisms.do,30Sep2026_024534,1941971113
