outcome_id,outcome_var,outcome_label,paper_order,scale,moderator_id,moderator_label,moderator_order,moderator_tier,moderator_type,spec_id,estimator,estimand,weighting,cluster_rule,h,n_left,n_right,ccpp_left,ccpp_right,min_obs_cell,min_cluster_cell,clusters,support_pass,estimate,standard_error,pvalue,ci_low,ci_high,control_sd,standardized_estimate,standardized_ci_low,standardized_ci_high,kp_f,sw_f_treat,sw_f_interaction,min_sw_f,underid_p,ar_p,gate_pass,gate_status,estimation_rc,p_holm,q_bh
I01,female_2017,Female,1,100,M01,Log baseline CCPP population,1,primary,continuous,common_h_covariates,ivreg2,fuzzy_late_interaction,ccpp_equal,ccpp,.0075,3888,1760,38,22,1760,22,60,1,7.5255399,7.4649692,.31339976,-7.1055312,22.15661,49.714264,.15137586,-.14292741,.44567916,1.9210957,7.4039874,5.1185918,5.1185918,.054260068,.037352409,0,underidentified,0,,
I01,female_2017,Female,1,100,M01,Log baseline CCPP population,1,primary,continuous,common_h_district_cluster,ivreg2,fuzzy_late_interaction,ccpp_equal,district,.0075,4188,1760,40,22,1760,22,44,1,6.2927918,7.0307808,.37076861,-7.4872856,20.072868,49.733913,.12652919,-.15054688,.40360525,1.2839756,4.5662227,4.2856112,4.2856112,.076395139,.15237844,0,underidentified,0,,
I01,female_2017,Female,1,100,M01,Log baseline CCPP population,1,primary,continuous,common_h_iv,ivreg2,fuzzy_late_interaction,ccpp_equal,ccpp,.0075,4188,1760,40,22,1760,22,62,1,6.2927918,6.9553685,.36560377,-7.3394799,19.925064,49.733913,.12652919,-.14757495,.40063334,1.3247873,4.1726856,3.8891578,3.8891578,.074447416,.14645036,0,underidentified,0,1,
I01,female_2017,Female,1,100,M01,Log baseline CCPP population,1,primary,continuous,common_h_observation_equal,ivreg2,fuzzy_late_interaction,person_equal,ccpp,.0075,4188,1760,40,22,1760,22,62,1,23.574411,95.844917,.80571002,-164.27817,211.427,49.844772,.47295654,-3.2957954,4.2417083,.049688894,.16016448,.10966858,.10966858,.73019105,.13471639,0,underidentified,0,,
I01,female_2017,Female,1,100,M01,Log baseline CCPP population,1,primary,continuous,common_h_score_cluster,ivreg2,fuzzy_late_interaction,ccpp_equal,score_mass,.0075,4188,1760,40,22,1760,22,47,1,6.2927918,6.7499237,.3511939,-6.9368153,19.5224,49.733913,.12652919,-.13947858,.39253694,1.3546615,4.0190907,4.0965796,4.0190907,.077404097,.12524733,0,underidentified,0,,
I01,female_2017,Female,1,100,M01,Log baseline CCPP population,1,primary,continuous,large_h_iv,ivreg2,fuzzy_late_interaction,ccpp_equal,ccpp,.01,5574,10086,56,31,5574,31,87,1,10.30239,32.620144,.75213224,-53.631916,74.236694,49.709412,.20725229,-1.0789087,1.4934133,.095157534,.23276377,.19113433,.19113433,.66612917,.54826188,0,underidentified,0,,
I01,female_2017,Female,1,100,M01,Log baseline CCPP population,1,primary,continuous,small_h_iv,ivreg2,fuzzy_late_interaction,ccpp_equal,ccpp,.005,3308,1249,27,16,1249,16,43,1,11.850347,19.752392,.54854298,-26.86363,50.564323,49.724545,.23831987,-.54024893,1.0168886,.32860601,.85905677,.96100569,.85905677,.38925147,.143968,0,underidentified,0,,
I01,female_2017,Female,1,100,M01,Log baseline CCPP population,1,primary,continuous,common_h_rdhte,rdhte,assignment_hte,ccpp_equal,ccpp,.0075,4188,1760,40,22,1760,22,62,1,2.2265058,5.2853122,.67356312,-8.1325159,12.585527,49.733913,.044768363,-.16352053,.25305724,,,,,,,0,secondary_assignment_supported,0,1,
I02,age_15_29_2017,Age 15-29,2,100,M01,Log baseline CCPP population,1,primary,continuous,common_h_covariates,ivreg2,fuzzy_late_interaction,ccpp_equal,ccpp,.0075,3888,1760,38,22,1760,22,60,1,7.6655278,8.2945023,.35539797,-8.5913982,23.922455,45.973591,.16673765,-.18687682,.52035213,1.9210957,7.4039874,5.1185918,5.1185918,.054260068,.60240066,0,underidentified,0,,
I02,age_15_29_2017,Age 15-29,2,100,M01,Log baseline CCPP population,1,primary,continuous,common_h_district_cluster,ivreg2,fuzzy_late_interaction,ccpp_equal,district,.0075,4188,1760,40,22,1760,22,44,1,15.280655,11.231845,.17367934,-6.733356,37.294666,46.077484,.33162954,-.14613116,.80939025,1.2839756,4.5662227,4.2856112,4.2856112,.076395139,.11186042,0,underidentified,0,,
I02,age_15_29_2017,Age 15-29,2,100,M01,Log baseline CCPP population,1,primary,continuous,common_h_iv,ivreg2,fuzzy_late_interaction,ccpp_equal,ccpp,.0075,4188,1760,40,22,1760,22,62,1,15.280655,11.062039,.16716839,-6.4005437,36.961853,46.077484,.33162954,-.13890827,.80216736,1.3247873,4.1726856,3.8891578,3.8891578,.074447416,.10468429,0,underidentified,0,1,
I02,age_15_29_2017,Age 15-29,2,100,M01,Log baseline CCPP population,1,primary,continuous,common_h_observation_equal,ivreg2,fuzzy_late_interaction,person_equal,ccpp,.0075,4188,1760,40,22,1760,22,62,1,44.49361,127.24742,.72659224,-204.90675,293.89398,46.271698,.96157283,-4.4283385,6.3514843,.049688894,.16016448,.10966858,.10966858,.73019105,.34004325,0,underidentified,0,,
I02,age_15_29_2017,Age 15-29,2,100,M01,Log baseline CCPP population,1,primary,continuous,common_h_score_cluster,ivreg2,fuzzy_late_interaction,ccpp_equal,score_mass,.0075,4188,1760,40,22,1760,22,47,1,15.280655,10.57511,.14846796,-5.4461803,36.007492,46.077484,.33162954,-.11819613,.78145522,1.3546615,4.0190907,4.0965796,4.0190907,.077404097,.11042779,0,underidentified,0,,
I02,age_15_29_2017,Age 15-29,2,100,M01,Log baseline CCPP population,1,primary,continuous,large_h_iv,ivreg2,fuzzy_late_interaction,ccpp_equal,ccpp,.01,5574,10086,56,31,5574,31,87,1,46.616085,106.86979,.66269511,-162.84485,256.07703,45.0611,1.0345083,-3.6138675,5.6828842,.095157534,.23276377,.19113433,.19113433,.66612917,.14789948,0,underidentified,0,,
I02,age_15_29_2017,Age 15-29,2,100,M01,Log baseline CCPP population,1,primary,continuous,small_h_iv,ivreg2,fuzzy_late_interaction,ccpp_equal,ccpp,.005,3308,1249,27,16,1249,16,43,1,30.268538,43.017139,.48165759,-54.043507,114.58058,46.526005,.65057248,-1.1615764,2.4627213,.32860601,.85905677,.96100569,.85905677,.38925147,.040392589,0,underidentified,0,,
I02,age_15_29_2017,Age 15-29,2,100,M01,Log baseline CCPP population,1,primary,continuous,common_h_rdhte,rdhte,assignment_hte,ccpp_equal,ccpp,.0075,4188,1760,40,22,1760,22,62,1,6.2800522,7.0743327,.37468943,-7.5853848,20.145489,46.077484,.13629331,-.16462238,.43720898,,,,,,,0,secondary_assignment_supported,0,1,
I03,moved_ccpp_2013_2017,Lives in another CCPP,3,100,M01,Log baseline CCPP population,1,primary,continuous,common_h_covariates,ivreg2,fuzzy_late_interaction,ccpp_equal,ccpp,.0075,5094,2266,39,22,2266,22,61,1,59.995293,37.625938,.11081974,-13.750195,133.74078,48.315121,1.2417498,-.28459403,2.7680936,1.7553304,7.3276448,4.4694266,4.4694266,.066587768,.0079249004,0,underidentified,0,,
I03,moved_ccpp_2013_2017,Lives in another CCPP,3,100,M01,Log baseline CCPP population,1,primary,continuous,common_h_district_cluster,ivreg2,fuzzy_late_interaction,ccpp_equal,district,.0075,5414,2266,41,22,2266,22,44,1,71.329399,59.088573,.22737029,-44.482079,187.14088,48.591911,1.4679275,-.91542149,3.8512764,1.0983559,3.7241616,3.271667,3.271667,.10324583,.0095483297,0,underidentified,0,,
I03,moved_ccpp_2013_2017,Lives in another CCPP,3,100,M01,Log baseline CCPP population,1,primary,continuous,common_h_iv,ivreg2,fuzzy_late_interaction,ccpp_equal,ccpp,.0075,5414,2266,41,22,2266,22,63,1,71.329399,59.235466,.228525,-44.769981,187.42877,48.591911,1.4679275,-.92134637,3.8572013,1.1314327,3.7081687,3.0874388,3.0874388,.099871956,.0062633175,0,underidentified,0,1,
I03,moved_ccpp_2013_2017,Lives in another CCPP,3,100,M01,Log baseline CCPP population,1,primary,continuous,common_h_observation_equal,ivreg2,fuzzy_late_interaction,person_equal,ccpp,.0075,5414,2266,41,22,2266,22,63,1,99.662262,214.05545,.6415084,-319.87872,519.20325,48.718491,2.0456762,-6.5658588,10.657211,.13025184,.41277629,.30237937,.30237937,.56591201,.014450923,0,underidentified,0,,
I03,moved_ccpp_2013_2017,Lives in another CCPP,3,100,M01,Log baseline CCPP population,1,primary,continuous,common_h_score_cluster,ivreg2,fuzzy_late_interaction,ccpp_equal,score_mass,.0075,5414,2266,41,22,2266,22,47,1,71.329399,57.970913,.21853453,-42.291504,184.9503,48.591911,1.4679275,-.87034041,3.8061953,1.153293,3.6582453,3.2592654,3.2592654,.10320004,.0040970254,0,underidentified,0,,
I03,moved_ccpp_2013_2017,Lives in another CCPP,3,100,M01,Log baseline CCPP population,1,primary,continuous,large_h_iv,ivreg2,fuzzy_late_interaction,ccpp_equal,ccpp,.01,7088,13269,57,31,7088,31,88,1,134.05019,342.24994,.69529957,-536.74738,804.84772,48.776733,2.7482405,-11.004168,16.500648,.10094073,.24454083,.20352943,.20352943,.65661401,.11733954,0,underidentified,0,,
I03,moved_ccpp_2013_2017,Lives in another CCPP,3,100,M01,Log baseline CCPP population,1,primary,continuous,small_h_iv,ivreg2,fuzzy_late_interaction,ccpp_equal,ccpp,.005,4327,1702,28,16,1702,16,44,1,148.05408,207.15346,.47478995,-257.95923,554.06738,47.578587,3.1117797,-5.4217505,11.64531,.2836996,.74004257,.74137819,.74004257,.42418492,.00021919007,0,underidentified,0,,
I03,moved_ccpp_2013_2017,Lives in another CCPP,3,100,M01,Log baseline CCPP population,1,primary,continuous,common_h_rdhte,rdhte,assignment_hte,ccpp_equal,ccpp,.0075,5414,2266,41,22,2266,22,63,1,41.806992,15.584098,.007303704,11.26272,72.351265,48.591911,.86036938,.2317818,1.4889569,,,,,,,0,secondary_assignment_supported,0,.1095555606298149,
I04,secondaryplus_age14_2017,Secondary education or higher,4,100,M01,Log baseline CCPP population,1,primary,continuous,common_h_covariates,ivreg2,fuzzy_late_interaction,ccpp_equal,ccpp,.0075,3888,1760,38,22,1760,22,60,1,9.2221413,11.171002,.40906349,-12.672622,31.116903,49.995911,.18445791,-.25347316,.62238902,1.9210957,7.4039874,5.1185918,5.1185918,.054260068,.3886058,0,underidentified,0,,
I04,secondaryplus_age14_2017,Secondary education or higher,4,100,M01,Log baseline CCPP population,1,primary,continuous,common_h_district_cluster,ivreg2,fuzzy_late_interaction,ccpp_equal,district,.0075,4188,1760,40,22,1760,22,44,1,7.9016371,12.762367,.53582698,-17.112143,32.915417,49.996002,.15804537,-.34227023,.65836096,1.2839756,4.5662227,4.2856112,4.2856112,.076395139,.48765221,0,underidentified,0,,
I04,secondaryplus_age14_2017,Secondary education or higher,4,100,M01,Log baseline CCPP population,1,primary,continuous,common_h_iv,ivreg2,fuzzy_late_interaction,ccpp_equal,ccpp,.0075,4188,1760,40,22,1760,22,62,1,7.9016371,12.959745,.54205644,-17.498997,33.302269,49.996002,.15804537,-.35000792,.66609865,1.3247873,4.1726856,3.8891578,3.8891578,.074447416,.47107559,0,underidentified,0,1,
I04,secondaryplus_age14_2017,Secondary education or higher,4,100,M01,Log baseline CCPP population,1,primary,continuous,common_h_observation_equal,ivreg2,fuzzy_late_interaction,person_equal,ccpp,.0075,4188,1760,40,22,1760,22,62,1,13.169522,79.974823,.86920303,-143.57825,169.91728,49.784184,.26453227,-2.8840132,3.4130778,.049688894,.16016448,.10966858,.10966858,.73019105,.28209606,0,underidentified,0,,
I04,secondaryplus_age14_2017,Secondary education or higher,4,100,M01,Log baseline CCPP population,1,primary,continuous,common_h_score_cluster,ivreg2,fuzzy_late_interaction,ccpp_equal,score_mass,.0075,4188,1760,40,22,1760,22,47,1,7.9016371,11.817,.503708,-15.259257,31.062531,49.996002,.15804537,-.30520955,.62130028,1.3546615,4.0190907,4.0965796,4.0190907,.077404097,.32383713,0,underidentified,0,,
I04,secondaryplus_age14_2017,Secondary education or higher,4,100,M01,Log baseline CCPP population,1,primary,continuous,large_h_iv,ivreg2,fuzzy_late_interaction,ccpp_equal,ccpp,.01,5574,10086,56,31,5574,31,87,1,25.027111,82.164757,.76067334,-136.01285,186.06706,49.921734,.50132692,-2.7245216,3.7271755,.095157534,.23276377,.19113433,.19113433,.66612917,.7744596,0,underidentified,0,,
I04,secondaryplus_age14_2017,Secondary education or higher,4,100,M01,Log baseline CCPP population,1,primary,continuous,small_h_iv,ivreg2,fuzzy_late_interaction,ccpp_equal,ccpp,.005,3308,1249,27,16,1249,16,43,1,17.508379,37.713055,.64246684,-56.407848,91.424606,50.00338,.35014391,-1.1280807,1.8283685,.32860601,.85905677,.96100569,.85905677,.38925147,.28476945,0,underidentified,0,,
I04,secondaryplus_age14_2017,Secondary education or higher,4,100,M01,Log baseline CCPP population,1,primary,continuous,common_h_rdhte,rdhte,assignment_hte,ccpp_equal,ccpp,.0075,4188,1760,40,22,1760,22,62,1,-1.4005369,13.718364,.91868353,-28.288036,25.486963,49.996002,-.028012978,-.56580597,.50977999,,,,,,,0,secondary_assignment_supported,0,1,
I05,employed_age14_2017,Employed in the reference week,5,100,M01,Log baseline CCPP population,1,primary,continuous,common_h_covariates,ivreg2,fuzzy_late_interaction,ccpp_equal,ccpp,.0075,3888,1760,38,22,1760,22,60,1,4.4535527,8.8948221,.61658895,-12.979978,21.887083,49.894756,.089258939,-.26014712,.438665,1.9210957,7.4039874,5.1185918,5.1185918,.054260068,.007145647,0,underidentified,0,,
I05,employed_age14_2017,Employed in the reference week,5,100,M01,Log baseline CCPP population,1,primary,continuous,common_h_district_cluster,ivreg2,fuzzy_late_interaction,ccpp_equal,district,.0075,4188,1760,40,22,1760,22,44,1,7.7546992,9.1435385,.39637834,-10.166306,25.675705,49.850422,.15555936,-.20393622,.51505494,1.2839756,4.5662227,4.2856112,4.2856112,.076395139,.082295418,0,underidentified,0,,
I05,employed_age14_2017,Employed in the reference week,5,100,M01,Log baseline CCPP population,1,primary,continuous,common_h_iv,ivreg2,fuzzy_late_interaction,ccpp_equal,ccpp,.0075,4188,1760,40,22,1760,22,62,1,7.7546992,9.4645195,.41259003,-10.795418,26.304815,49.850422,.15555936,-.21655619,.52767491,1.3247873,4.1726856,3.8891578,3.8891578,.074447416,.095282152,0,underidentified,0,1,
I05,employed_age14_2017,Employed in the reference week,5,100,M01,Log baseline CCPP population,1,primary,continuous,common_h_observation_equal,ivreg2,fuzzy_late_interaction,person_equal,ccpp,.0075,4188,1760,40,22,1760,22,62,1,-9.3128681,48.980579,.84920418,-105.31304,86.687302,49.808308,-.1869742,-2.114367,1.7404186,.049688894,.16016448,.10966858,.10966858,.73019105,.77149993,0,underidentified,0,,
I05,employed_age14_2017,Employed in the reference week,5,100,M01,Log baseline CCPP population,1,primary,continuous,common_h_score_cluster,ivreg2,fuzzy_late_interaction,ccpp_equal,score_mass,.0075,4188,1760,40,22,1760,22,47,1,7.7546992,9.1520185,.3968161,-10.182927,25.692326,49.850422,.15555936,-.20426963,.51538837,1.3546615,4.0190907,4.0965796,4.0190907,.077404097,.082611412,0,underidentified,0,,
I05,employed_age14_2017,Employed in the reference week,5,100,M01,Log baseline CCPP population,1,primary,continuous,large_h_iv,ivreg2,fuzzy_late_interaction,ccpp_equal,ccpp,.01,5574,10086,56,31,5574,31,87,1,9.9236374,29.292303,.73477566,-47.48822,67.335495,49.82357,.19917557,-.95312762,1.3514787,.095157534,.23276377,.19113433,.19113433,.66612917,.046451017,0,underidentified,0,,
I05,employed_age14_2017,Employed in the reference week,5,100,M01,Log baseline CCPP population,1,primary,continuous,small_h_iv,ivreg2,fuzzy_late_interaction,ccpp_equal,ccpp,.005,3308,1249,27,16,1249,16,43,1,-14.048991,16.153851,.3844648,-45.709957,17.611975,49.864006,-.28174615,-.91669244,.35320017,.32860601,.85905677,.96100569,.85905677,.38925147,.29961106,0,underidentified,0,,
I05,employed_age14_2017,Employed in the reference week,5,100,M01,Log baseline CCPP population,1,primary,continuous,common_h_rdhte,rdhte,assignment_hte,ccpp_equal,ccpp,.0075,4188,1760,40,22,1760,22,62,1,-2.2505357,11.42951,.84390134,-24.651964,20.150892,49.850422,-.045145772,-.4945187,.40422714,,,,,,,0,secondary_assignment_supported,0,1,
I06,insurance_any_2017,Any health insurance,6,100,M01,Log baseline CCPP population,1,primary,continuous,common_h_covariates,ivreg2,fuzzy_late_interaction,ccpp_equal,ccpp,.0075,3888,1760,38,22,1760,22,60,1,-8.2064905,11.521596,.47629738,-30.788403,14.375422,32.3344,-.25380063,-.9521873,.44458601,1.9210957,7.4039874,5.1185918,5.1185918,.054260068,.53507334,0,underidentified,0,,
I06,insurance_any_2017,Any health insurance,6,100,M01,Log baseline CCPP population,1,primary,continuous,common_h_district_cluster,ivreg2,fuzzy_late_interaction,ccpp_equal,district,.0075,4188,1760,40,22,1760,22,44,1,-9.5885,14.485748,.50801837,-37.980045,18.803045,31.974045,-.29988387,-1.1878399,.58807218,1.2839756,4.5662227,4.2856112,4.2856112,.076395139,.40819132,0,underidentified,0,,
I06,insurance_any_2017,Any health insurance,6,100,M01,Log baseline CCPP population,1,primary,continuous,common_h_iv,ivreg2,fuzzy_late_interaction,ccpp_equal,ccpp,.0075,4188,1760,40,22,1760,22,62,1,-9.5885,14.831914,.51797009,-38.658516,19.481516,31.974045,-.29988387,-1.2090594,.60929161,1.3247873,4.1726856,3.8891578,3.8891578,.074447416,.40733841,0,underidentified,0,1,
I06,insurance_any_2017,Any health insurance,6,100,M01,Log baseline CCPP population,1,primary,continuous,common_h_observation_equal,ivreg2,fuzzy_late_interaction,person_equal,ccpp,.0075,4188,1760,40,22,1760,22,62,1,30.555367,107.03252,.77527845,-179.22453,240.33527,35.939308,.8501935,-4.9868665,6.6872535,.049688894,.16016448,.10966858,.10966858,.73019105,.077222317,0,underidentified,0,,
I06,insurance_any_2017,Any health insurance,6,100,M01,Log baseline CCPP population,1,primary,continuous,common_h_score_cluster,ivreg2,fuzzy_late_interaction,ccpp_equal,score_mass,.0075,4188,1760,40,22,1760,22,47,1,-9.5885,13.874096,.4894976,-36.781227,17.604227,31.974045,-.29988387,-1.1503465,.55057871,1.3546615,4.0190907,4.0965796,4.0190907,.077404097,.38651893,0,underidentified,0,,
I06,insurance_any_2017,Any health insurance,6,100,M01,Log baseline CCPP population,1,primary,continuous,large_h_iv,ivreg2,fuzzy_late_interaction,ccpp_equal,ccpp,.01,5574,10086,56,31,5574,31,87,1,-33.778362,106.01472,.75001502,-241.5634,174.00668,32.39835,-1.0425951,-7.4560404,5.3708501,.095157534,.23276377,.19113433,.19113433,.66612917,.73684138,0,underidentified,0,,
I06,insurance_any_2017,Any health insurance,6,100,M01,Log baseline CCPP population,1,primary,continuous,small_h_iv,ivreg2,fuzzy_late_interaction,ccpp_equal,ccpp,.005,3308,1249,27,16,1249,16,43,1,-11.620656,36.554398,.75056052,-83.265961,60.024647,31.796188,-.36547324,-2.6187403,1.8877938,.32860601,.85905677,.96100569,.85905677,.38925147,.57696837,0,underidentified,0,,
I06,insurance_any_2017,Any health insurance,6,100,M01,Log baseline CCPP population,1,primary,continuous,common_h_rdhte,rdhte,assignment_hte,ccpp_equal,ccpp,.0075,4188,1760,40,22,1760,22,62,1,-.58319771,10.001249,.95349973,-20.185286,19.01889,31.974045,-.018239722,-.63130224,.59482282,,,,,,,0,secondary_assignment_supported,0,1,
I07,disability_any_2017,Reports any disability,7,100,M01,Log baseline CCPP population,1,primary,continuous,common_h_covariates,ivreg2,fuzzy_late_interaction,ccpp_equal,ccpp,.0075,3888,1760,38,22,1760,22,60,1,14.728212,6.6256876,.026222833,1.7421036,27.714321,37.597401,.39173487,.046335746,.73713398,1.9210957,7.4039874,5.1185918,5.1185918,.054260068,.035516594,0,underidentified,0,,
I07,disability_any_2017,Reports any disability,7,100,M01,Log baseline CCPP population,1,primary,continuous,common_h_district_cluster,ivreg2,fuzzy_late_interaction,ccpp_equal,district,.0075,4188,1760,40,22,1760,22,44,1,.98445642,7.7221451,.89855665,-14.15067,16.119583,37.950924,.025940249,-.37286758,.42474809,1.2839756,4.5662227,4.2856112,4.2856112,.076395139,.22453326,0,underidentified,0,,
I07,disability_any_2017,Reports any disability,7,100,M01,Log baseline CCPP population,1,primary,continuous,common_h_iv,ivreg2,fuzzy_late_interaction,ccpp_equal,ccpp,.0075,4188,1760,40,22,1760,22,62,1,.98445642,8.3011723,.90559822,-15.285542,17.254456,37.950924,.025940249,-.40277126,.45465177,1.3247873,4.1726856,3.8891578,3.8891578,.074447416,.20752224,0,underidentified,0,1,
I07,disability_any_2017,Reports any disability,7,100,M01,Log baseline CCPP population,1,primary,continuous,common_h_observation_equal,ivreg2,fuzzy_late_interaction,person_equal,ccpp,.0075,4188,1760,40,22,1760,22,62,1,-31.246992,132.27196,.81325191,-290.49524,228.00127,33.701496,-.92716932,-8.6196547,6.7653155,.049688894,.16016448,.10966858,.10966858,.73019105,.61497271,0,underidentified,0,,
I07,disability_any_2017,Reports any disability,7,100,M01,Log baseline CCPP population,1,primary,continuous,common_h_score_cluster,ivreg2,fuzzy_late_interaction,ccpp_equal,score_mass,.0075,4188,1760,40,22,1760,22,47,1,.98445642,8.939497,.91231072,-16.536634,18.505548,37.950924,.025940249,-.43573734,.48761785,1.3546615,4.0190907,4.0965796,4.0190907,.077404097,.25978199,0,underidentified,0,,
I07,disability_any_2017,Reports any disability,7,100,M01,Log baseline CCPP population,1,primary,continuous,large_h_iv,ivreg2,fuzzy_late_interaction,ccpp_equal,ccpp,.01,5574,10086,56,31,5574,31,87,1,8.1101007,27.424421,.76743972,-45.640774,61.860977,38.261738,.21196374,-1.1928569,1.6167843,.095157534,.23276377,.19113433,.19113433,.66612917,.52256846,0,underidentified,0,,
I07,disability_any_2017,Reports any disability,7,100,M01,Log baseline CCPP population,1,primary,continuous,small_h_iv,ivreg2,fuzzy_late_interaction,ccpp_equal,ccpp,.005,3308,1249,27,16,1249,16,43,1,1.803738,20.813303,.93093961,-38.989586,42.597065,37.63802,.047923297,-1.0359097,1.1317562,.32860601,.85905677,.96100569,.85905677,.38925147,.09763436,0,underidentified,0,,
I07,disability_any_2017,Reports any disability,7,100,M01,Log baseline CCPP population,1,primary,continuous,common_h_rdhte,rdhte,assignment_hte,ccpp_equal,ccpp,.0075,4188,1760,40,22,1760,22,62,1,7.8881345,7.4518805,.28980803,-6.7172828,22.493551,37.950924,.20785092,-.17699918,.59270102,,,,,,,0,secondary_assignment_supported,0,1,
I08,wellbeing_core_2017,Core wellbeing proxy,8,100,M01,Log baseline CCPP population,1,primary,continuous,common_h_covariates,ivreg2,fuzzy_late_interaction,ccpp_equal,ccpp,.0075,3888,1760,38,22,1760,22,60,1,6.1978636,11.800539,.59943116,-16.930767,29.326494,23.487175,.26388288,-.7208516,1.2486174,1.9210957,7.4039874,5.1185918,5.1185918,.054260068,.43326047,0,underidentified,0,,
I08,wellbeing_core_2017,Core wellbeing proxy,8,100,M01,Log baseline CCPP population,1,primary,continuous,common_h_district_cluster,ivreg2,fuzzy_late_interaction,ccpp_equal,district,.0075,4188,1760,40,22,1760,22,44,1,10.158196,15.302852,.5068115,-19.834843,40.151234,23.454643,.43309957,-.84566808,1.7118672,1.2839756,4.5662227,4.2856112,4.2856112,.076395139,.20725438,0,underidentified,0,,
I08,wellbeing_core_2017,Core wellbeing proxy,8,100,M01,Log baseline CCPP population,1,primary,continuous,common_h_iv,ivreg2,fuzzy_late_interaction,ccpp_equal,ccpp,.0075,4188,1760,40,22,1760,22,62,1,10.158196,15.972893,.52479941,-21.148098,41.464489,23.454643,.43309957,-.90165931,1.7678585,1.3247873,4.1726856,3.8891578,3.8891578,.074447416,.1889925,0,underidentified,0,1,
I08,wellbeing_core_2017,Core wellbeing proxy,8,100,M01,Log baseline CCPP population,1,primary,continuous,common_h_observation_equal,ivreg2,fuzzy_late_interaction,person_equal,ccpp,.0075,4188,1760,40,22,1760,22,62,1,24.172232,127.29527,.8493945,-225.3219,273.66638,24.148941,1.0009645,-9.3305092,11.332438,.049688894,.16016448,.10966858,.10966858,.73019105,.16358621,0,underidentified,0,,
I08,wellbeing_core_2017,Core wellbeing proxy,8,100,M01,Log baseline CCPP population,1,primary,continuous,common_h_score_cluster,ivreg2,fuzzy_late_interaction,ccpp_equal,score_mass,.0075,4188,1760,40,22,1760,22,47,1,10.158196,15.261546,.50566214,-19.753885,40.070278,23.454643,.43309957,-.84221637,1.7084155,1.3546615,4.0190907,4.0965796,4.0190907,.077404097,.13526073,0,underidentified,0,,
I08,wellbeing_core_2017,Core wellbeing proxy,8,100,M01,Log baseline CCPP population,1,primary,continuous,large_h_iv,ivreg2,fuzzy_late_interaction,ccpp_equal,ccpp,.01,5574,10086,56,31,5574,31,87,1,43.706772,128.41893,.73359656,-207.9897,295.40326,23.310057,1.8750179,-8.9227457,12.672781,.095157534,.23276377,.19113433,.19113433,.66612917,.34218353,0,underidentified,0,,
I08,wellbeing_core_2017,Core wellbeing proxy,8,100,M01,Log baseline CCPP population,1,primary,continuous,small_h_iv,ivreg2,fuzzy_late_interaction,ccpp_equal,ccpp,.005,3308,1249,27,16,1249,16,43,1,-2.5789566,30.766865,.9331975,-62.880905,57.722992,24.05694,-.10720219,-2.6138363,2.3994319,.32860601,.85905677,.96100569,.85905677,.38925147,.16344482,0,underidentified,0,,
I08,wellbeing_core_2017,Core wellbeing proxy,8,100,M01,Log baseline CCPP population,1,primary,continuous,common_h_rdhte,rdhte,assignment_hte,ccpp_equal,ccpp,.0075,4188,1760,40,22,1760,22,62,1,-11.746577,9.8328161,.2322316,-31.018543,7.5253878,23.454643,-.50082099,-1.3224905,.32084852,,,,,,,0,secondary_assignment_supported,0,1,
I01,female_2017,Female,1,100,M02,District-capital CCPP,2,primary,binary,common_h_covariates,ivreg2,fuzzy_late_interaction,ccpp_equal,ccpp,.0075,3888,1760,38,22,442,2,60,0,,,,,,,,,,,,,,,,0,insufficient_support,2001,,
I01,female_2017,Female,1,100,M02,District-capital CCPP,2,primary,binary,common_h_district_cluster,ivreg2,fuzzy_late_interaction,ccpp_equal,district,.0075,3998,1760,39,22,442,2,43,0,,,,,,,,,,,,,,,,0,insufficient_support,2001,,
I01,female_2017,Female,1,100,M02,District-capital CCPP,2,primary,binary,common_h_iv,ivreg2,fuzzy_late_interaction,ccpp_equal,ccpp,.0075,3998,1760,39,22,442,2,61,0,,,,,,,,,,,,,,,,0,insufficient_support,2001,,
I01,female_2017,Female,1,100,M02,District-capital CCPP,2,primary,binary,common_h_observation_equal,ivreg2,fuzzy_late_interaction,person_equal,ccpp,.0075,3998,1760,39,22,442,2,61,0,,,,,,,,,,,,,,,,0,insufficient_support,2001,,
I01,female_2017,Female,1,100,M02,District-capital CCPP,2,primary,binary,common_h_score_cluster,ivreg2,fuzzy_late_interaction,ccpp_equal,score_mass,.0075,3998,1760,39,22,442,2,47,0,,,,,,,,,,,,,,,,0,insufficient_support,2001,,
I01,female_2017,Female,1,100,M02,District-capital CCPP,2,primary,binary,large_h_iv,ivreg2,fuzzy_late_interaction,ccpp_equal,ccpp,.01,5384,10086,55,31,1631,4,86,0,,,,,,,,,,,,,,,,0,insufficient_support,2001,,
I01,female_2017,Female,1,100,M02,District-capital CCPP,2,primary,binary,small_h_iv,ivreg2,fuzzy_late_interaction,ccpp_equal,ccpp,.005,3308,1249,27,16,442,2,43,0,,,,,,,,,,,,,,,,0,insufficient_support,2001,,
I01,female_2017,Female,1,100,M02,District-capital CCPP,2,primary,binary,common_h_rdhte,rdhte,assignment_hte,ccpp_equal,ccpp,.0075,3998,1760,39,22,442,2,61,0,,,,,,,,,,,,,,,,0,insufficient_support,2001,,
I02,age_15_29_2017,Age 15-29,2,100,M02,District-capital CCPP,2,primary,binary,common_h_covariates,ivreg2,fuzzy_late_interaction,ccpp_equal,ccpp,.0075,3888,1760,38,22,442,2,60,0,,,,,,,,,,,,,,,,0,insufficient_support,2001,,
I02,age_15_29_2017,Age 15-29,2,100,M02,District-capital CCPP,2,primary,binary,common_h_district_cluster,ivreg2,fuzzy_late_interaction,ccpp_equal,district,.0075,3998,1760,39,22,442,2,43,0,,,,,,,,,,,,,,,,0,insufficient_support,2001,,
I02,age_15_29_2017,Age 15-29,2,100,M02,District-capital CCPP,2,primary,binary,common_h_iv,ivreg2,fuzzy_late_interaction,ccpp_equal,ccpp,.0075,3998,1760,39,22,442,2,61,0,,,,,,,,,,,,,,,,0,insufficient_support,2001,,
I02,age_15_29_2017,Age 15-29,2,100,M02,District-capital CCPP,2,primary,binary,common_h_observation_equal,ivreg2,fuzzy_late_interaction,person_equal,ccpp,.0075,3998,1760,39,22,442,2,61,0,,,,,,,,,,,,,,,,0,insufficient_support,2001,,
I02,age_15_29_2017,Age 15-29,2,100,M02,District-capital CCPP,2,primary,binary,common_h_score_cluster,ivreg2,fuzzy_late_interaction,ccpp_equal,score_mass,.0075,3998,1760,39,22,442,2,47,0,,,,,,,,,,,,,,,,0,insufficient_support,2001,,
I02,age_15_29_2017,Age 15-29,2,100,M02,District-capital CCPP,2,primary,binary,large_h_iv,ivreg2,fuzzy_late_interaction,ccpp_equal,ccpp,.01,5384,10086,55,31,1631,4,86,0,,,,,,,,,,,,,,,,0,insufficient_support,2001,,
I02,age_15_29_2017,Age 15-29,2,100,M02,District-capital CCPP,2,primary,binary,small_h_iv,ivreg2,fuzzy_late_interaction,ccpp_equal,ccpp,.005,3308,1249,27,16,442,2,43,0,,,,,,,,,,,,,,,,0,insufficient_support,2001,,
I02,age_15_29_2017,Age 15-29,2,100,M02,District-capital CCPP,2,primary,binary,common_h_rdhte,rdhte,assignment_hte,ccpp_equal,ccpp,.0075,3998,1760,39,22,442,2,61,0,,,,,,,,,,,,,,,,0,insufficient_support,2001,,
I03,moved_ccpp_2013_2017,Lives in another CCPP,3,100,M02,District-capital CCPP,2,primary,binary,common_h_covariates,ivreg2,fuzzy_late_interaction,ccpp_equal,ccpp,.0075,5094,2266,39,22,523,2,61,0,,,,,,,,,,,,,,,,0,insufficient_support,2001,,
I03,moved_ccpp_2013_2017,Lives in another CCPP,3,100,M02,District-capital CCPP,2,primary,binary,common_h_district_cluster,ivreg2,fuzzy_late_interaction,ccpp_equal,district,.0075,5211,2266,40,22,523,2,43,0,,,,,,,,,,,,,,,,0,insufficient_support,2001,,
I03,moved_ccpp_2013_2017,Lives in another CCPP,3,100,M02,District-capital CCPP,2,primary,binary,common_h_iv,ivreg2,fuzzy_late_interaction,ccpp_equal,ccpp,.0075,5211,2266,40,22,523,2,62,0,,,,,,,,,,,,,,,,0,insufficient_support,2001,,
I03,moved_ccpp_2013_2017,Lives in another CCPP,3,100,M02,District-capital CCPP,2,primary,binary,common_h_observation_equal,ivreg2,fuzzy_late_interaction,person_equal,ccpp,.0075,5211,2266,40,22,523,2,62,0,,,,,,,,,,,,,,,,0,insufficient_support,2001,,
I03,moved_ccpp_2013_2017,Lives in another CCPP,3,100,M02,District-capital CCPP,2,primary,binary,common_h_score_cluster,ivreg2,fuzzy_late_interaction,ccpp_equal,score_mass,.0075,5211,2266,40,22,523,2,47,0,,,,,,,,,,,,,,,,0,insufficient_support,2001,,
I03,moved_ccpp_2013_2017,Lives in another CCPP,3,100,M02,District-capital CCPP,2,primary,binary,large_h_iv,ivreg2,fuzzy_late_interaction,ccpp_equal,ccpp,.01,6885,13269,56,31,2216,4,87,0,,,,,,,,,,,,,,,,0,insufficient_support,2001,,
I03,moved_ccpp_2013_2017,Lives in another CCPP,3,100,M02,District-capital CCPP,2,primary,binary,small_h_iv,ivreg2,fuzzy_late_interaction,ccpp_equal,ccpp,.005,4327,1702,28,16,523,2,44,0,,,,,,,,,,,,,,,,0,insufficient_support,2001,,
I03,moved_ccpp_2013_2017,Lives in another CCPP,3,100,M02,District-capital CCPP,2,primary,binary,common_h_rdhte,rdhte,assignment_hte,ccpp_equal,ccpp,.0075,5211,2266,40,22,523,2,62,0,,,,,,,,,,,,,,,,0,insufficient_support,2001,,
I04,secondaryplus_age14_2017,Secondary education or higher,4,100,M02,District-capital CCPP,2,primary,binary,common_h_covariates,ivreg2,fuzzy_late_interaction,ccpp_equal,ccpp,.0075,3888,1760,38,22,442,2,60,0,,,,,,,,,,,,,,,,0,insufficient_support,2001,,
I04,secondaryplus_age14_2017,Secondary education or higher,4,100,M02,District-capital CCPP,2,primary,binary,common_h_district_cluster,ivreg2,fuzzy_late_interaction,ccpp_equal,district,.0075,3998,1760,39,22,442,2,43,0,,,,,,,,,,,,,,,,0,insufficient_support,2001,,
I04,secondaryplus_age14_2017,Secondary education or higher,4,100,M02,District-capital CCPP,2,primary,binary,common_h_iv,ivreg2,fuzzy_late_interaction,ccpp_equal,ccpp,.0075,3998,1760,39,22,442,2,61,0,,,,,,,,,,,,,,,,0,insufficient_support,2001,,
I04,secondaryplus_age14_2017,Secondary education or higher,4,100,M02,District-capital CCPP,2,primary,binary,common_h_observation_equal,ivreg2,fuzzy_late_interaction,person_equal,ccpp,.0075,3998,1760,39,22,442,2,61,0,,,,,,,,,,,,,,,,0,insufficient_support,2001,,
I04,secondaryplus_age14_2017,Secondary education or higher,4,100,M02,District-capital CCPP,2,primary,binary,common_h_score_cluster,ivreg2,fuzzy_late_interaction,ccpp_equal,score_mass,.0075,3998,1760,39,22,442,2,47,0,,,,,,,,,,,,,,,,0,insufficient_support,2001,,
I04,secondaryplus_age14_2017,Secondary education or higher,4,100,M02,District-capital CCPP,2,primary,binary,large_h_iv,ivreg2,fuzzy_late_interaction,ccpp_equal,ccpp,.01,5384,10086,55,31,1631,4,86,0,,,,,,,,,,,,,,,,0,insufficient_support,2001,,
I04,secondaryplus_age14_2017,Secondary education or higher,4,100,M02,District-capital CCPP,2,primary,binary,small_h_iv,ivreg2,fuzzy_late_interaction,ccpp_equal,ccpp,.005,3308,1249,27,16,442,2,43,0,,,,,,,,,,,,,,,,0,insufficient_support,2001,,
I04,secondaryplus_age14_2017,Secondary education or higher,4,100,M02,District-capital CCPP,2,primary,binary,common_h_rdhte,rdhte,assignment_hte,ccpp_equal,ccpp,.0075,3998,1760,39,22,442,2,61,0,,,,,,,,,,,,,,,,0,insufficient_support,2001,,
I05,employed_age14_2017,Employed in the reference week,5,100,M02,District-capital CCPP,2,primary,binary,common_h_covariates,ivreg2,fuzzy_late_interaction,ccpp_equal,ccpp,.0075,3888,1760,38,22,442,2,60,0,,,,,,,,,,,,,,,,0,insufficient_support,2001,,
I05,employed_age14_2017,Employed in the reference week,5,100,M02,District-capital CCPP,2,primary,binary,common_h_district_cluster,ivreg2,fuzzy_late_interaction,ccpp_equal,district,.0075,3998,1760,39,22,442,2,43,0,,,,,,,,,,,,,,,,0,insufficient_support,2001,,
I05,employed_age14_2017,Employed in the reference week,5,100,M02,District-capital CCPP,2,primary,binary,common_h_iv,ivreg2,fuzzy_late_interaction,ccpp_equal,ccpp,.0075,3998,1760,39,22,442,2,61,0,,,,,,,,,,,,,,,,0,insufficient_support,2001,,
I05,employed_age14_2017,Employed in the reference week,5,100,M02,District-capital CCPP,2,primary,binary,common_h_observation_equal,ivreg2,fuzzy_late_interaction,person_equal,ccpp,.0075,3998,1760,39,22,442,2,61,0,,,,,,,,,,,,,,,,0,insufficient_support,2001,,
I05,employed_age14_2017,Employed in the reference week,5,100,M02,District-capital CCPP,2,primary,binary,common_h_score_cluster,ivreg2,fuzzy_late_interaction,ccpp_equal,score_mass,.0075,3998,1760,39,22,442,2,47,0,,,,,,,,,,,,,,,,0,insufficient_support,2001,,
I05,employed_age14_2017,Employed in the reference week,5,100,M02,District-capital CCPP,2,primary,binary,large_h_iv,ivreg2,fuzzy_late_interaction,ccpp_equal,ccpp,.01,5384,10086,55,31,1631,4,86,0,,,,,,,,,,,,,,,,0,insufficient_support,2001,,
I05,employed_age14_2017,Employed in the reference week,5,100,M02,District-capital CCPP,2,primary,binary,small_h_iv,ivreg2,fuzzy_late_interaction,ccpp_equal,ccpp,.005,3308,1249,27,16,442,2,43,0,,,,,,,,,,,,,,,,0,insufficient_support,2001,,
I05,employed_age14_2017,Employed in the reference week,5,100,M02,District-capital CCPP,2,primary,binary,common_h_rdhte,rdhte,assignment_hte,ccpp_equal,ccpp,.0075,3998,1760,39,22,442,2,61,0,,,,,,,,,,,,,,,,0,insufficient_support,2001,,
I06,insurance_any_2017,Any health insurance,6,100,M02,District-capital CCPP,2,primary,binary,common_h_covariates,ivreg2,fuzzy_late_interaction,ccpp_equal,ccpp,.0075,3888,1760,38,22,442,2,60,0,,,,,,,,,,,,,,,,0,insufficient_support,2001,,
I06,insurance_any_2017,Any health insurance,6,100,M02,District-capital CCPP,2,primary,binary,common_h_district_cluster,ivreg2,fuzzy_late_interaction,ccpp_equal,district,.0075,3998,1760,39,22,442,2,43,0,,,,,,,,,,,,,,,,0,insufficient_support,2001,,
I06,insurance_any_2017,Any health insurance,6,100,M02,District-capital CCPP,2,primary,binary,common_h_iv,ivreg2,fuzzy_late_interaction,ccpp_equal,ccpp,.0075,3998,1760,39,22,442,2,61,0,,,,,,,,,,,,,,,,0,insufficient_support,2001,,
I06,insurance_any_2017,Any health insurance,6,100,M02,District-capital CCPP,2,primary,binary,common_h_observation_equal,ivreg2,fuzzy_late_interaction,person_equal,ccpp,.0075,3998,1760,39,22,442,2,61,0,,,,,,,,,,,,,,,,0,insufficient_support,2001,,
I06,insurance_any_2017,Any health insurance,6,100,M02,District-capital CCPP,2,primary,binary,common_h_score_cluster,ivreg2,fuzzy_late_interaction,ccpp_equal,score_mass,.0075,3998,1760,39,22,442,2,47,0,,,,,,,,,,,,,,,,0,insufficient_support,2001,,
I06,insurance_any_2017,Any health insurance,6,100,M02,District-capital CCPP,2,primary,binary,large_h_iv,ivreg2,fuzzy_late_interaction,ccpp_equal,ccpp,.01,5384,10086,55,31,1631,4,86,0,,,,,,,,,,,,,,,,0,insufficient_support,2001,,
I06,insurance_any_2017,Any health insurance,6,100,M02,District-capital CCPP,2,primary,binary,small_h_iv,ivreg2,fuzzy_late_interaction,ccpp_equal,ccpp,.005,3308,1249,27,16,442,2,43,0,,,,,,,,,,,,,,,,0,insufficient_support,2001,,
I06,insurance_any_2017,Any health insurance,6,100,M02,District-capital CCPP,2,primary,binary,common_h_rdhte,rdhte,assignment_hte,ccpp_equal,ccpp,.0075,3998,1760,39,22,442,2,61,0,,,,,,,,,,,,,,,,0,insufficient_support,2001,,
I07,disability_any_2017,Reports any disability,7,100,M02,District-capital CCPP,2,primary,binary,common_h_covariates,ivreg2,fuzzy_late_interaction,ccpp_equal,ccpp,.0075,3888,1760,38,22,442,2,60,0,,,,,,,,,,,,,,,,0,insufficient_support,2001,,
I07,disability_any_2017,Reports any disability,7,100,M02,District-capital CCPP,2,primary,binary,common_h_district_cluster,ivreg2,fuzzy_late_interaction,ccpp_equal,district,.0075,3998,1760,39,22,442,2,43,0,,,,,,,,,,,,,,,,0,insufficient_support,2001,,
I07,disability_any_2017,Reports any disability,7,100,M02,District-capital CCPP,2,primary,binary,common_h_iv,ivreg2,fuzzy_late_interaction,ccpp_equal,ccpp,.0075,3998,1760,39,22,442,2,61,0,,,,,,,,,,,,,,,,0,insufficient_support,2001,,
I07,disability_any_2017,Reports any disability,7,100,M02,District-capital CCPP,2,primary,binary,common_h_observation_equal,ivreg2,fuzzy_late_interaction,person_equal,ccpp,.0075,3998,1760,39,22,442,2,61,0,,,,,,,,,,,,,,,,0,insufficient_support,2001,,
I07,disability_any_2017,Reports any disability,7,100,M02,District-capital CCPP,2,primary,binary,common_h_score_cluster,ivreg2,fuzzy_late_interaction,ccpp_equal,score_mass,.0075,3998,1760,39,22,442,2,47,0,,,,,,,,,,,,,,,,0,insufficient_support,2001,,
I07,disability_any_2017,Reports any disability,7,100,M02,District-capital CCPP,2,primary,binary,large_h_iv,ivreg2,fuzzy_late_interaction,ccpp_equal,ccpp,.01,5384,10086,55,31,1631,4,86,0,,,,,,,,,,,,,,,,0,insufficient_support,2001,,
I07,disability_any_2017,Reports any disability,7,100,M02,District-capital CCPP,2,primary,binary,small_h_iv,ivreg2,fuzzy_late_interaction,ccpp_equal,ccpp,.005,3308,1249,27,16,442,2,43,0,,,,,,,,,,,,,,,,0,insufficient_support,2001,,
I07,disability_any_2017,Reports any disability,7,100,M02,District-capital CCPP,2,primary,binary,common_h_rdhte,rdhte,assignment_hte,ccpp_equal,ccpp,.0075,3998,1760,39,22,442,2,61,0,,,,,,,,,,,,,,,,0,insufficient_support,2001,,
I08,wellbeing_core_2017,Core wellbeing proxy,8,100,M02,District-capital CCPP,2,primary,binary,common_h_covariates,ivreg2,fuzzy_late_interaction,ccpp_equal,ccpp,.0075,3888,1760,38,22,442,2,60,0,,,,,,,,,,,,,,,,0,insufficient_support,2001,,
I08,wellbeing_core_2017,Core wellbeing proxy,8,100,M02,District-capital CCPP,2,primary,binary,common_h_district_cluster,ivreg2,fuzzy_late_interaction,ccpp_equal,district,.0075,3998,1760,39,22,442,2,43,0,,,,,,,,,,,,,,,,0,insufficient_support,2001,,
I08,wellbeing_core_2017,Core wellbeing proxy,8,100,M02,District-capital CCPP,2,primary,binary,common_h_iv,ivreg2,fuzzy_late_interaction,ccpp_equal,ccpp,.0075,3998,1760,39,22,442,2,61,0,,,,,,,,,,,,,,,,0,insufficient_support,2001,,
I08,wellbeing_core_2017,Core wellbeing proxy,8,100,M02,District-capital CCPP,2,primary,binary,common_h_observation_equal,ivreg2,fuzzy_late_interaction,person_equal,ccpp,.0075,3998,1760,39,22,442,2,61,0,,,,,,,,,,,,,,,,0,insufficient_support,2001,,
I08,wellbeing_core_2017,Core wellbeing proxy,8,100,M02,District-capital CCPP,2,primary,binary,common_h_score_cluster,ivreg2,fuzzy_late_interaction,ccpp_equal,score_mass,.0075,3998,1760,39,22,442,2,47,0,,,,,,,,,,,,,,,,0,insufficient_support,2001,,
I08,wellbeing_core_2017,Core wellbeing proxy,8,100,M02,District-capital CCPP,2,primary,binary,large_h_iv,ivreg2,fuzzy_late_interaction,ccpp_equal,ccpp,.01,5384,10086,55,31,1631,4,86,0,,,,,,,,,,,,,,,,0,insufficient_support,2001,,
I08,wellbeing_core_2017,Core wellbeing proxy,8,100,M02,District-capital CCPP,2,primary,binary,small_h_iv,ivreg2,fuzzy_late_interaction,ccpp_equal,ccpp,.005,3308,1249,27,16,442,2,43,0,,,,,,,,,,,,,,,,0,insufficient_support,2001,,
I08,wellbeing_core_2017,Core wellbeing proxy,8,100,M02,District-capital CCPP,2,primary,binary,common_h_rdhte,rdhte,assignment_hte,ccpp_equal,ccpp,.0075,3998,1760,39,22,442,2,61,0,,,,,,,,,,,,,,,,0,insufficient_support,2001,,
I01,female_2017,Female,1,100,M03,Female respondent,3,primary,binary,common_h_covariates,ivreg2,fuzzy_late_interaction,ccpp_equal,ccpp,.0075,,,,,,,,0,,,,,,,,,,,,,,,,0,not_applicable_identity,2000,,
I01,female_2017,Female,1,100,M03,Female respondent,3,primary,binary,common_h_district_cluster,ivreg2,fuzzy_late_interaction,ccpp_equal,district,.0075,,,,,,,,0,,,,,,,,,,,,,,,,0,not_applicable_identity,2000,,
I01,female_2017,Female,1,100,M03,Female respondent,3,primary,binary,common_h_iv,ivreg2,fuzzy_late_interaction,ccpp_equal,ccpp,.0075,,,,,,,,0,,,,,,,,,,,,,,,,0,not_applicable_identity,2000,,
I01,female_2017,Female,1,100,M03,Female respondent,3,primary,binary,common_h_observation_equal,ivreg2,fuzzy_late_interaction,person_equal,ccpp,.0075,,,,,,,,0,,,,,,,,,,,,,,,,0,not_applicable_identity,2000,,
I01,female_2017,Female,1,100,M03,Female respondent,3,primary,binary,common_h_score_cluster,ivreg2,fuzzy_late_interaction,ccpp_equal,score_mass,.0075,,,,,,,,0,,,,,,,,,,,,,,,,0,not_applicable_identity,2000,,
I01,female_2017,Female,1,100,M03,Female respondent,3,primary,binary,large_h_iv,ivreg2,fuzzy_late_interaction,ccpp_equal,ccpp,.01,,,,,,,,0,,,,,,,,,,,,,,,,0,not_applicable_identity,2000,,
I01,female_2017,Female,1,100,M03,Female respondent,3,primary,binary,small_h_iv,ivreg2,fuzzy_late_interaction,ccpp_equal,ccpp,.005,,,,,,,,0,,,,,,,,,,,,,,,,0,not_applicable_identity,2000,,
I01,female_2017,Female,1,100,M03,Female respondent,3,primary,binary,common_h_rdhte,rdhte,assignment_hte,ccpp_equal,ccpp,.0075,,,,,,,,0,,,,,,,,,,,,,,,,0,not_applicable_identity,2000,,
I02,age_15_29_2017,Age 15-29,2,100,M03,Female respondent,3,primary,binary,common_h_covariates,ivreg2,fuzzy_late_interaction,ccpp_equal,ccpp,.0075,3888,1760,38,22,820,22,60,1,15.468207,9.8577948,.11661657,-3.8527155,34.789131,45.973591,.33645853,-.083802797,.75671989,8.9007616,27.323879,19.457039,19.457039,.0035682009,.36694375,1,pass,0,,
I02,age_15_29_2017,Age 15-29,2,100,M03,Female respondent,3,primary,binary,common_h_district_cluster,ivreg2,fuzzy_late_interaction,ccpp_equal,district,.0075,4188,1760,40,22,820,22,44,1,14.365891,9.7438307,.14038533,-4.7316661,33.463448,46.077484,.31177682,-.10268933,.72624296,7.5941172,15.188234,54.301716,15.188234,.0054655019,.36069226,1,pass,0,,
I02,age_15_29_2017,Age 15-29,2,100,M03,Female respondent,3,primary,binary,common_h_iv,ivreg2,fuzzy_late_interaction,ccpp_equal,ccpp,.0075,4188,1760,40,22,820,22,62,1,14.365891,9.7438421,.14038581,-4.731689,33.46347,46.077484,.31177682,-.10268982,.72624344,8.2174568,16.434914,58.490105,16.434914,.0038881558,.35892731,1,pass,0,1,
I02,age_15_29_2017,Age 15-29,2,100,M03,Female respondent,3,primary,binary,common_h_observation_equal,ivreg2,fuzzy_late_interaction,person_equal,ccpp,.0075,4188,1760,40,22,820,22,62,1,4.3560839,10.350136,.67384845,-15.92981,24.641977,46.271698,.094141431,-.3442668,.53254968,2.3665242,4.7330484,4.9474177,4.7330484,.029866602,.92217636,0,weak_interaction_instruments,0,,
I02,age_15_29_2017,Age 15-29,2,100,M03,Female respondent,3,primary,binary,common_h_score_cluster,ivreg2,fuzzy_late_interaction,ccpp_equal,score_mass,.0075,4188,1760,40,22,820,22,47,1,14.365891,9.411622,.12691052,-4.0805497,32.812332,46.077484,.31177682,-.088558435,.71211207,7.4061279,14.812256,58.963699,14.812256,.0061835153,.35293853,1,pass,0,,
I02,age_15_29_2017,Age 15-29,2,100,M03,Female respondent,3,primary,binary,large_h_iv,ivreg2,fuzzy_late_interaction,ccpp_equal,ccpp,.01,5574,10127,56,32,2558,31,88,1,8.5869617,11.902476,.47063681,-14.741464,31.915388,45.0611,.19056264,-.32714388,.70826912,5.5890441,11.178088,28.105064,11.178088,.0053167492,.69235212,1,pass,0,,
I02,age_15_29_2017,Age 15-29,2,100,M03,Female respondent,3,primary,binary,small_h_iv,ivreg2,fuzzy_late_interaction,ccpp_equal,ccpp,.005,3308,1249,27,16,572,16,43,1,22.413033,9.1000242,.013779369,4.5773134,40.248753,46.526005,.48173133,.09838184,.86508077,4.9175973,9.8351946,54.208855,9.8351946,.034132898,.063389733,0,weak_interaction_instruments,0,,
I02,age_15_29_2017,Age 15-29,2,100,M03,Female respondent,3,primary,binary,common_h_rdhte,rdhte,assignment_hte,ccpp_equal,ccpp,.0075,4188,1760,40,22,820,22,62,1,12.153618,9.4265938,.19729711,-6.3221669,30.629402,46.077484,.2637648,-.13720728,.66473687,,,,,,,0,secondary_assignment_supported,0,1,
I03,moved_ccpp_2013_2017,Lives in another CCPP,3,100,M03,Female respondent,3,primary,binary,common_h_covariates,ivreg2,fuzzy_late_interaction,ccpp_equal,ccpp,.0075,5094,2266,39,22,1075,22,61,1,.1304277,6.9441223,.98501462,-13.479802,13.740657,48.315121,.0026995214,-.27899757,.28439662,9.136693,26.385305,21.311102,21.311102,.0039401366,.40358728,1,pass,0,,
I03,moved_ccpp_2013_2017,Lives in another CCPP,3,100,M03,Female respondent,3,primary,binary,common_h_district_cluster,ivreg2,fuzzy_late_interaction,ccpp_equal,district,.0075,5414,2266,41,22,1075,22,44,1,.95210612,6.7342763,.88756812,-12.246833,14.151045,48.591911,.019593922,-.2520344,.29122224,8.5211372,17.042274,26.687534,17.042274,.0055822316,.29087356,1,pass,0,,
I03,moved_ccpp_2013_2017,Lives in another CCPP,3,100,M03,Female respondent,3,primary,binary,common_h_iv,ivreg2,fuzzy_late_interaction,ccpp_equal,ccpp,.0075,5414,2266,41,22,1075,22,63,1,.95210612,6.3674669,.88113809,-11.5279,13.432112,48.591911,.019593922,-.23723906,.27642691,9.0331488,18.066298,32.322613,18.066298,.0040973104,.24905613,1,pass,0,1,
I03,moved_ccpp_2013_2017,Lives in another CCPP,3,100,M03,Female respondent,3,primary,binary,common_h_observation_equal,ivreg2,fuzzy_late_interaction,person_equal,ccpp,.0075,5414,2266,41,22,1075,22,63,1,4.9006515,4.8057537,.3078486,-4.5184526,14.319756,48.718491,.10059121,-.092746153,.29392856,4.2092729,8.4185457,8.499815,8.4185457,.018252714,.44650257,0,weak_interaction_instruments,0,,
I03,moved_ccpp_2013_2017,Lives in another CCPP,3,100,M03,Female respondent,3,primary,binary,common_h_score_cluster,ivreg2,fuzzy_late_interaction,ccpp_equal,score_mass,.0075,5414,2266,41,22,1075,22,47,1,.95210612,6.8478522,.88942075,-12.469438,14.373651,48.591911,.019593922,-.25661552,.29580337,7.8173356,15.634671,32.462681,15.634671,.0068119988,.23928034,1,pass,0,,
I03,moved_ccpp_2013_2017,Lives in another CCPP,3,100,M03,Female respondent,3,primary,binary,large_h_iv,ivreg2,fuzzy_late_interaction,ccpp_equal,ccpp,.01,7088,13316,57,32,3326,32,89,1,-5.7099695,8.3318319,.4931421,-22.04006,10.620121,48.776733,-.11706339,-.45185599,.21772923,6.2288084,12.457617,19.422785,12.457617,.0042909589,.20967783,1,pass,0,,
I03,moved_ccpp_2013_2017,Lives in another CCPP,3,100,M03,Female respondent,3,primary,binary,small_h_iv,ivreg2,fuzzy_late_interaction,ccpp_equal,ccpp,.005,4327,1702,28,16,792,16,44,1,8.7280836,6.5733447,.18424438,-4.1554356,21.611603,47.578587,.18344562,-.087338358,.45422959,5.8102894,11.620579,22.597601,11.620579,.030761816,.05870368,1,pass,0,,
I03,moved_ccpp_2013_2017,Lives in another CCPP,3,100,M03,Female respondent,3,primary,binary,common_h_rdhte,rdhte,assignment_hte,ccpp_equal,ccpp,.0075,5414,2266,41,22,1075,22,63,1,1.8461645,6.2542934,.76785368,-10.412025,14.104355,48.591911,.037993249,-.21427488,.29026139,,,,,,,0,secondary_assignment_supported,0,1,
I04,secondaryplus_age14_2017,Secondary education or higher,4,100,M03,Female respondent,3,primary,binary,common_h_covariates,ivreg2,fuzzy_late_interaction,ccpp_equal,ccpp,.0075,3888,1760,38,22,820,22,60,1,18.430176,10.239897,.071885891,-1.6396523,38.500004,49.995911,.36863369,-.032795727,.7700631,8.9007616,27.323879,19.457039,19.457039,.0035682009,.11343763,1,pass,0,,
I04,secondaryplus_age14_2017,Secondary education or higher,4,100,M03,Female respondent,3,primary,binary,common_h_district_cluster,ivreg2,fuzzy_late_interaction,ccpp_equal,district,.0075,4188,1760,40,22,820,22,44,1,15.575457,9.1096344,.087306835,-2.279098,33.430012,49.996002,.31153405,-.045585606,.66865367,7.5941172,15.188234,54.301716,15.188234,.0054655019,.13811108,1,pass,0,,
I04,secondaryplus_age14_2017,Secondary education or higher,4,100,M03,Female respondent,3,primary,binary,common_h_iv,ivreg2,fuzzy_late_interaction,ccpp_equal,ccpp,.0075,4188,1760,40,22,820,22,62,1,15.575457,9.2688465,.092877686,-2.5911484,33.742062,49.996002,.31153405,-.05182711,.67489517,8.2174568,16.434914,58.490105,16.434914,.0038881558,.15619442,1,pass,0,1,
I04,secondaryplus_age14_2017,Secondary education or higher,4,100,M03,Female respondent,3,primary,binary,common_h_observation_equal,ivreg2,fuzzy_late_interaction,person_equal,ccpp,.0075,4188,1760,40,22,820,22,62,1,6.8140039,9.2767153,.46262723,-11.368025,24.996033,49.784184,.13687086,-.22834611,.50208783,2.3665242,4.7330484,4.9474177,4.7330484,.029866602,.73297954,0,weak_interaction_instruments,0,,
I04,secondaryplus_age14_2017,Secondary education or higher,4,100,M03,Female respondent,3,primary,binary,common_h_score_cluster,ivreg2,fuzzy_late_interaction,ccpp_equal,score_mass,.0075,4188,1760,40,22,820,22,47,1,15.575457,8.9603729,.082165033,-1.9865515,33.137463,49.996002,.31153405,-.039734207,.66280228,7.4061279,14.812256,58.963699,14.812256,.0061835153,.13374411,1,pass,0,,
I04,secondaryplus_age14_2017,Secondary education or higher,4,100,M03,Female respondent,3,primary,binary,large_h_iv,ivreg2,fuzzy_late_interaction,ccpp_equal,ccpp,.01,5574,10127,56,32,2558,31,88,1,14.584766,11.373178,.19970842,-7.7062521,36.875786,49.921734,.29215264,-.15436667,.73867196,5.5890441,11.178088,28.105064,11.178088,.0053167492,.34324911,1,pass,0,,
I04,secondaryplus_age14_2017,Secondary education or higher,4,100,M03,Female respondent,3,primary,binary,small_h_iv,ivreg2,fuzzy_late_interaction,ccpp_equal,ccpp,.005,3308,1249,27,16,572,16,43,1,21.35796,9.6623268,.027074896,2.4201455,40.295773,50.00338,.42713031,.048399638,.80586094,4.9175973,9.8351946,54.208855,9.8351946,.034132898,.031360339,0,weak_interaction_instruments,0,,
I04,secondaryplus_age14_2017,Secondary education or higher,4,100,M03,Female respondent,3,primary,binary,common_h_rdhte,rdhte,assignment_hte,ccpp_equal,ccpp,.0075,4188,1760,40,22,820,22,62,1,13.349195,6.6535015,.04481985,.30857131,26.389818,49.996002,.26700523,.0061719194,.52783859,,,,,,,0,secondary_assignment_supported,0,.5826580561697483,
I05,employed_age14_2017,Employed in the reference week,5,100,M03,Female respondent,3,primary,binary,common_h_covariates,ivreg2,fuzzy_late_interaction,ccpp_equal,ccpp,.0075,3888,1760,38,22,820,22,60,1,7.0167089,10.395686,.49969891,-13.35846,27.391878,49.894756,.1406302,-.26773277,.54899317,8.9007616,27.323879,19.457039,19.457039,.0035682009,.018268764,1,pass,0,,
I05,employed_age14_2017,Employed in the reference week,5,100,M03,Female respondent,3,primary,binary,common_h_district_cluster,ivreg2,fuzzy_late_interaction,ccpp_equal,district,.0075,4188,1760,40,22,820,22,44,1,7.878036,9.8468513,.42367816,-11.421438,27.177511,49.850422,.15803349,-.22911419,.54518116,7.5941172,15.188234,54.301716,15.188234,.0054655019,.31059957,1,pass,0,,
I05,employed_age14_2017,Employed in the reference week,5,100,M03,Female respondent,3,primary,binary,common_h_iv,ivreg2,fuzzy_late_interaction,ccpp_equal,ccpp,.0075,4188,1760,40,22,820,22,62,1,7.878036,9.6319876,.41341227,-11.000312,26.756384,49.850422,.15803349,-.22066638,.53673339,8.2174568,16.434914,58.490105,16.434914,.0038881558,.27019322,1,pass,0,1,
I05,employed_age14_2017,Employed in the reference week,5,100,M03,Female respondent,3,primary,binary,common_h_observation_equal,ivreg2,fuzzy_late_interaction,person_equal,ccpp,.0075,4188,1760,40,22,820,22,62,1,-7.1031971,13.936747,.61027986,-34.418716,20.212324,49.808308,-.14261068,-.69102365,.40580225,2.3665242,4.7330484,4.9474177,4.7330484,.029866602,.88271517,0,weak_interaction_instruments,0,,
I05,employed_age14_2017,Employed in the reference week,5,100,M03,Female respondent,3,primary,binary,common_h_score_cluster,ivreg2,fuzzy_late_interaction,ccpp_equal,score_mass,.0075,4188,1760,40,22,820,22,47,1,7.878036,8.1465464,.33352402,-8.0889006,23.844973,49.850422,.15803349,-.16226344,.47833043,7.4061279,14.812256,58.963699,14.812256,.0061835153,.23870321,1,pass,0,,
I05,employed_age14_2017,Employed in the reference week,5,100,M03,Female respondent,3,primary,binary,large_h_iv,ivreg2,fuzzy_late_interaction,ccpp_equal,ccpp,.01,5574,10127,56,32,2558,31,88,1,14.218796,12.165881,.24250697,-9.6258945,38.063484,49.82357,.28538293,-.1931996,.76396543,5.5890441,11.178088,28.105064,11.178088,.0053167492,.11913332,1,pass,0,,
I05,employed_age14_2017,Employed in the reference week,5,100,M03,Female respondent,3,primary,binary,small_h_iv,ivreg2,fuzzy_late_interaction,ccpp_equal,ccpp,.005,3308,1249,27,16,572,16,43,1,10.514004,11.943205,.37867862,-12.894247,33.922253,49.864006,.21085358,-.25858828,.68029541,4.9175973,9.8351946,54.208855,9.8351946,.034132898,.4397423,0,weak_interaction_instruments,0,,
I05,employed_age14_2017,Employed in the reference week,5,100,M03,Female respondent,3,primary,binary,common_h_rdhte,rdhte,assignment_hte,ccpp_equal,ccpp,.0075,4188,1760,40,22,820,22,62,1,5.9243469,12.19264,.6270414,-17.97279,29.821484,49.850422,.11884247,-.36053437,.59821928,,,,,,,0,secondary_assignment_supported,0,1,
I06,insurance_any_2017,Any health insurance,6,100,M03,Female respondent,3,primary,binary,common_h_covariates,ivreg2,fuzzy_late_interaction,ccpp_equal,ccpp,.0075,3888,1760,38,22,820,22,60,1,6.898428,12.096027,.56847072,-16.809351,30.606207,32.3344,.21334641,-.51985967,.94655252,8.9007616,27.323879,19.457039,19.457039,.0035682009,.72853005,1,pass,0,,
I06,insurance_any_2017,Any health insurance,6,100,M03,Female respondent,3,primary,binary,common_h_district_cluster,ivreg2,fuzzy_late_interaction,ccpp_equal,district,.0075,4188,1760,40,22,820,22,44,1,7.4196353,12.383672,.54907507,-16.851915,31.691185,31.974045,.23205183,-.52704984,.99115348,7.5941172,15.188234,54.301716,15.188234,.0054655019,.75332248,1,pass,0,,
I06,insurance_any_2017,Any health insurance,6,100,M03,Female respondent,3,primary,binary,common_h_iv,ivreg2,fuzzy_late_interaction,ccpp_equal,ccpp,.0075,4188,1760,40,22,820,22,62,1,7.4196353,12.306757,.54658109,-16.701166,31.540436,31.974045,.23205183,-.52233511,.98643875,8.2174568,16.434914,58.490105,16.434914,.0038881558,.74186468,1,pass,0,1,
I06,insurance_any_2017,Any health insurance,6,100,M03,Female respondent,3,primary,binary,common_h_observation_equal,ivreg2,fuzzy_late_interaction,person_equal,ccpp,.0075,4188,1760,40,22,820,22,62,1,7.8306527,11.686177,.50280792,-15.073833,30.735138,35.939308,.21788548,-.41942468,.85519564,2.3665242,4.7330484,4.9474177,4.7330484,.029866602,.27401879,0,weak_interaction_instruments,0,,
I06,insurance_any_2017,Any health insurance,6,100,M03,Female respondent,3,primary,binary,common_h_score_cluster,ivreg2,fuzzy_late_interaction,ccpp_equal,score_mass,.0075,4188,1760,40,22,820,22,47,1,7.4196353,12.215077,.54357475,-16.521477,31.360746,31.974045,.23205183,-.51671523,.98081887,7.4061279,14.812256,58.963699,14.812256,.0061835153,.73963428,1,pass,0,,
I06,insurance_any_2017,Any health insurance,6,100,M03,Female respondent,3,primary,binary,large_h_iv,ivreg2,fuzzy_late_interaction,ccpp_equal,ccpp,.01,5574,10127,56,32,2558,31,88,1,7.9521313,12.714972,.53169888,-16.968758,32.87302,32.39835,.24544865,-.52375376,1.0146511,5.5890441,11.178088,28.105064,11.178088,.0053167492,.79218215,1,pass,0,,
I06,insurance_any_2017,Any health insurance,6,100,M03,Female respondent,3,primary,binary,small_h_iv,ivreg2,fuzzy_late_interaction,ccpp_equal,ccpp,.005,3308,1249,27,16,572,16,43,1,8.0618591,17.103565,.63738692,-25.460514,41.584232,31.796188,.25354797,-.80074108,1.307837,4.9175973,9.8351946,54.208855,9.8351946,.034132898,.87010318,0,weak_interaction_instruments,0,,
I06,insurance_any_2017,Any health insurance,6,100,M03,Female respondent,3,primary,binary,common_h_rdhte,rdhte,assignment_hte,ccpp_equal,ccpp,.0075,4188,1760,40,22,820,22,62,1,5.8402839,12.129,.63015121,-17.932119,29.612688,31.974045,.18265703,-.56083363,.9261477,,,,,,,0,secondary_assignment_supported,0,1,
I07,disability_any_2017,Reports any disability,7,100,M03,Female respondent,3,primary,binary,common_h_covariates,ivreg2,fuzzy_late_interaction,ccpp_equal,ccpp,.0075,3888,1760,38,22,820,22,60,1,1.9987952,9.2241459,.82844865,-16.080198,20.077787,37.597401,.053163122,-.42769441,.53402066,8.9007616,27.323879,19.457039,19.457039,.0035682009,.72723079,1,pass,0,,
I07,disability_any_2017,Reports any disability,7,100,M03,Female respondent,3,primary,binary,common_h_district_cluster,ivreg2,fuzzy_late_interaction,ccpp_equal,district,.0075,4188,1760,40,22,820,22,44,1,2.0867622,9.9359217,.83365047,-17.387285,21.56081,37.950924,.054985806,-.45815185,.56812346,7.5941172,15.188234,54.301716,15.188234,.0054655019,.3427842,1,pass,0,,
I07,disability_any_2017,Reports any disability,7,100,M03,Female respondent,3,primary,binary,common_h_iv,ivreg2,fuzzy_late_interaction,ccpp_equal,ccpp,.0075,4188,1760,40,22,820,22,62,1,2.0867622,9.1056814,.81873566,-15.760045,19.933569,37.950924,.054985806,-.41527435,.52524596,8.2174568,16.434914,58.490105,16.434914,.0038881558,.34228361,1,pass,0,1,
I07,disability_any_2017,Reports any disability,7,100,M03,Female respondent,3,primary,binary,common_h_observation_equal,ivreg2,fuzzy_late_interaction,person_equal,ccpp,.0075,4188,1760,40,22,820,22,62,1,-1.3620341,5.6479235,.80943376,-12.431761,9.7076931,33.701496,-.040414646,-.3688786,.28804931,2.3665242,4.7330484,4.9474177,4.7330484,.029866602,.96933293,0,weak_interaction_instruments,0,,
I07,disability_any_2017,Reports any disability,7,100,M03,Female respondent,3,primary,binary,common_h_score_cluster,ivreg2,fuzzy_late_interaction,ccpp_equal,score_mass,.0075,4188,1760,40,22,820,22,47,1,2.0867622,8.9593821,.8158285,-15.473305,19.64683,37.950924,.054985806,-.40771878,.51769042,7.4061279,14.812256,58.963699,14.812256,.0061835153,.35119495,1,pass,0,,
I07,disability_any_2017,Reports any disability,7,100,M03,Female respondent,3,primary,binary,large_h_iv,ivreg2,fuzzy_late_interaction,ccpp_equal,ccpp,.01,5574,10127,56,32,2558,31,88,1,4.1789598,10.551328,.69206071,-16.501263,24.859182,38.261738,.10922033,-.43127325,.64971393,5.5890441,11.178088,28.105064,11.178088,.0053167492,.62393093,1,pass,0,,
I07,disability_any_2017,Reports any disability,7,100,M03,Female respondent,3,primary,binary,small_h_iv,ivreg2,fuzzy_late_interaction,ccpp_equal,ccpp,.005,3308,1249,27,16,572,16,43,1,7.2789888,11.279773,.51872408,-14.82896,29.386938,37.63802,.19339457,-.39398885,.78077799,4.9175973,9.8351946,54.208855,9.8351946,.034132898,.24643089,0,weak_interaction_instruments,0,,
I07,disability_any_2017,Reports any disability,7,100,M03,Female respondent,3,primary,binary,common_h_rdhte,rdhte,assignment_hte,ccpp_equal,ccpp,.0075,4188,1760,40,22,820,22,62,1,1.1145195,8.7278795,.89838916,-15.991809,18.220848,37.950924,.029367387,-.42138129,.48011607,,,,,,,0,secondary_assignment_supported,0,1,
I08,wellbeing_core_2017,Core wellbeing proxy,8,100,M03,Female respondent,3,primary,binary,common_h_covariates,ivreg2,fuzzy_late_interaction,ccpp_equal,ccpp,.0075,3888,1760,38,22,820,22,60,1,15.489988,7.509716,.039144974,.77121544,30.208761,23.487175,.65950835,.032835599,1.2861811,8.9007616,27.323879,19.457039,19.457039,.0035682009,.13758677,1,pass,0,,
I08,wellbeing_core_2017,Core wellbeing proxy,8,100,M03,Female respondent,3,primary,binary,common_h_district_cluster,ivreg2,fuzzy_late_interaction,ccpp_equal,district,.0075,4188,1760,40,22,820,22,44,1,14.711916,6.318294,.019887516,2.3282871,27.095545,23.454643,.6272496,.099267639,1.1552316,7.5941172,15.188234,54.301716,15.188234,.0054655019,.04660321,1,pass,0,,
I08,wellbeing_core_2017,Core wellbeing proxy,8,100,M03,Female respondent,3,primary,binary,common_h_iv,ivreg2,fuzzy_late_interaction,ccpp_equal,ccpp,.0075,4188,1760,40,22,820,22,62,1,14.711916,6.7946963,.030371921,1.3945565,28.029276,23.454643,.6272496,.059457585,1.1950417,8.2174568,16.434914,58.490105,16.434914,.0038881558,.074891493,1,pass,0,.4555788170546293,
I08,wellbeing_core_2017,Core wellbeing proxy,8,100,M03,Female respondent,3,primary,binary,common_h_observation_equal,ivreg2,fuzzy_late_interaction,person_equal,ccpp,.0075,4188,1760,40,22,820,22,62,1,6.0827341,5.0336227,.22688547,-3.7829854,15.948454,24.148941,.2518841,-.15665223,.66042042,2.3665242,4.7330484,4.9474177,4.7330484,.029866602,.43293384,0,weak_interaction_instruments,0,,
I08,wellbeing_core_2017,Core wellbeing proxy,8,100,M03,Female respondent,3,primary,binary,common_h_score_cluster,ivreg2,fuzzy_late_interaction,ccpp_equal,score_mass,.0075,4188,1760,40,22,820,22,47,1,14.711916,6.7963052,.030411188,1.3914024,28.032431,23.454643,.6272496,.059323106,1.1951761,7.4061279,14.812256,58.963699,14.812256,.0061835153,.054875217,1,pass,0,,
I08,wellbeing_core_2017,Core wellbeing proxy,8,100,M03,Female respondent,3,primary,binary,large_h_iv,ivreg2,fuzzy_late_interaction,ccpp_equal,ccpp,.01,5574,10127,56,32,2558,31,88,1,12.949157,7.8553505,.099260241,-2.4470468,28.34536,23.310057,.55551803,-.10497816,1.2160143,5.5890441,11.178088,28.105064,11.178088,.0053167492,.23632699,1,pass,0,,
I08,wellbeing_core_2017,Core wellbeing proxy,8,100,M03,Female respondent,3,primary,binary,small_h_iv,ivreg2,fuzzy_late_interaction,ccpp_equal,ccpp,.005,3308,1249,27,16,572,16,43,1,20.088081,6.3074746,.0014485127,7.7256579,32.450504,24.05694,.83502233,.3211405,1.3489041,4.9175973,9.8351946,54.208855,9.8351946,.034132898,.035851333,0,weak_interaction_instruments,0,,
I08,wellbeing_core_2017,Core wellbeing proxy,8,100,M03,Female respondent,3,primary,binary,common_h_rdhte,rdhte,assignment_hte,ccpp_equal,ccpp,.0075,4188,1760,40,22,820,22,62,1,12.944243,6.1936073,.036623538,.80499649,25.08349,23.454643,.55188406,.034321412,1.0694467,,,,,,,0,secondary_assignment_supported,0,.5127295255661011,
I01,female_2017,Female,1,100,S01,Baseline CCPP deprivation,4,secondary,continuous,common_h_covariates,ivreg2,fuzzy_late_interaction,ccpp_equal,ccpp,.0075,3888,1760,38,22,1760,22,60,1,2.8680365,3.9142294,.46372885,-4.8037119,10.539785,49.714264,.057690416,-.096626431,.21200727,14.787174,30.810526,26.921177,26.921177,.0014195702,.08649677,1,pass,0,,
I01,female_2017,Female,1,100,S01,Baseline CCPP deprivation,4,secondary,continuous,common_h_iv,ivreg2,fuzzy_late_interaction,ccpp_equal,ccpp,.0075,4078,1760,39,22,1760,22,61,1,3.6410165,3.1426523,.24662711,-2.5184686,9.8005018,49.727367,.073219568,-.050645526,.19708467,3.2959125,25.920918,15.24379,15.24379,.0053065815,.29697353,1,pass,0,,.8726917675563267
I01,female_2017,Female,1,100,S01,Baseline CCPP deprivation,4,secondary,continuous,common_h_rdhte,rdhte,assignment_hte,ccpp_equal,ccpp,.0075,4078,1760,39,22,1760,22,61,1,1.7249573,3.9704654,.66396379,-6.0570121,9.5069265,49.727367,.03468829,-.12180439,.19118097,,,,,,,0,secondary_assignment_supported,0,,.7988082661348231
I02,age_15_29_2017,Age 15-29,2,100,S01,Baseline CCPP deprivation,4,secondary,continuous,common_h_covariates,ivreg2,fuzzy_late_interaction,ccpp_equal,ccpp,.0075,3888,1760,38,22,1760,22,60,1,6.8307877,6.7143636,.30899194,-6.3291235,19.9907,45.973591,.14858069,-.13766868,.43483007,14.787174,30.810526,26.921177,26.921177,.0014195702,.65957576,1,pass,0,,
I02,age_15_29_2017,Age 15-29,2,100,S01,Baseline CCPP deprivation,4,secondary,continuous,common_h_iv,ivreg2,fuzzy_late_interaction,ccpp_equal,ccpp,.0075,4078,1760,39,22,1760,22,61,1,5.3688121,9.9527435,.58958995,-14.138207,24.875832,46.152241,.11632831,-.30633846,.53899509,3.2959125,25.920918,15.24379,15.24379,.0053065815,.78708929,1,pass,0,,.8726917675563267
I02,age_15_29_2017,Age 15-29,2,100,S01,Baseline CCPP deprivation,4,secondary,continuous,common_h_rdhte,rdhte,assignment_hte,ccpp_equal,ccpp,.0075,4078,1760,39,22,1760,22,61,1,-4.7867103,10.745524,.65598673,-25.847551,16.27413,46.152241,-.10371567,-.56004971,.3526184,,,,,,,0,secondary_assignment_supported,0,,.7988082661348231
I03,moved_ccpp_2013_2017,Lives in another CCPP,3,100,S01,Baseline CCPP deprivation,4,secondary,continuous,common_h_covariates,ivreg2,fuzzy_late_interaction,ccpp_equal,ccpp,.0075,5094,2266,39,22,2266,22,61,1,-4.5872755,15.203571,.7628628,-34.385727,25.211176,48.315121,-.094944932,-.71169704,.52180713,14.964106,31.013103,28.014917,28.014917,.0028356058,.44957247,1,pass,0,,
I03,moved_ccpp_2013_2017,Lives in another CCPP,3,100,S01,Baseline CCPP deprivation,4,secondary,continuous,common_h_iv,ivreg2,fuzzy_late_interaction,ccpp_equal,ccpp,.0075,5297,2266,40,22,2266,22,62,1,-10.410359,27.356562,.70354205,-64.028236,43.207516,48.707233,-.21373333,-1.3145529,.88708621,3.394784,27.342443,14.847593,14.847593,.0048703304,.23051472,1,pass,0,,.8726917675563267
I03,moved_ccpp_2013_2017,Lives in another CCPP,3,100,S01,Baseline CCPP deprivation,4,secondary,continuous,common_h_rdhte,rdhte,assignment_hte,ccpp_equal,ccpp,.0075,5297,2266,40,22,2266,22,62,1,-33.9016,15.34211,.027125351,-63.971584,-3.8316185,48.707233,-.69602805,-1.3133898,-.078666314,,,,,,,0,secondary_assignment_supported,0,,.1294262458880742
I04,secondaryplus_age14_2017,Secondary education or higher,4,100,S01,Baseline CCPP deprivation,4,secondary,continuous,common_h_covariates,ivreg2,fuzzy_late_interaction,ccpp_equal,ccpp,.0075,3888,1760,38,22,1760,22,60,1,6.58424,13.094185,.61507893,-19.079889,32.248371,49.995911,.13169557,-.38162902,.64502019,14.787174,30.810526,26.921177,26.921177,.0014195702,.85264075,1,pass,0,,
I04,secondaryplus_age14_2017,Secondary education or higher,4,100,S01,Baseline CCPP deprivation,4,secondary,continuous,common_h_iv,ivreg2,fuzzy_late_interaction,ccpp_equal,ccpp,.0075,4078,1760,39,22,1760,22,61,1,6.3590465,12.834772,.62027931,-18.796644,31.514736,50.002754,.12717392,-.37591216,.63025999,3.2959125,25.920918,15.24379,15.24379,.0053065815,.84937853,1,pass,0,,.8726917675563267
I04,secondaryplus_age14_2017,Secondary education or higher,4,100,S01,Baseline CCPP deprivation,4,secondary,continuous,common_h_rdhte,rdhte,assignment_hte,ccpp_equal,ccpp,.0075,4078,1760,39,22,1760,22,61,1,9.0665064,13.003948,.48567024,-16.420763,34.553776,50.002754,.18132013,-.32839718,.69103742,,,,,,,0,secondary_assignment_supported,0,,.7988082661348231
I05,employed_age14_2017,Employed in the reference week,5,100,S01,Baseline CCPP deprivation,4,secondary,continuous,common_h_covariates,ivreg2,fuzzy_late_interaction,ccpp_equal,ccpp,.0075,3888,1760,38,22,1760,22,60,1,-5.5060978,5.9226828,.35254571,-17.114344,6.1021471,49.894756,-.11035424,-.34300885,.12230037,14.787174,30.810526,26.921177,26.921177,.0014195702,.028196892,1,pass,0,,
I05,employed_age14_2017,Employed in the reference week,5,100,S01,Baseline CCPP deprivation,4,secondary,continuous,common_h_iv,ivreg2,fuzzy_late_interaction,ccpp_equal,ccpp,.0075,4078,1760,39,22,1760,22,61,1,-9.6896753,4.9458566,.050095219,-19.383375,.0040256237,49.873043,-.19428681,-.38865435,.000080717422,3.2959125,25.920918,15.24379,15.24379,.0053065815,.067969985,1,pass,0,,.8726917675563267
I05,employed_age14_2017,Employed in the reference week,5,100,S01,Baseline CCPP deprivation,4,secondary,continuous,common_h_rdhte,rdhte,assignment_hte,ccpp_equal,ccpp,.0075,4078,1760,39,22,1760,22,61,1,-5.0008469,6.8490515,.46529746,-18.424742,8.423048,49.873043,-.10027153,-.36943287,.16888979,,,,,,,0,secondary_assignment_supported,0,,.7988082661348231
I06,insurance_any_2017,Any health insurance,6,100,S01,Baseline CCPP deprivation,4,secondary,continuous,common_h_covariates,ivreg2,fuzzy_late_interaction,ccpp_equal,ccpp,.0075,3888,1760,38,22,1760,22,60,1,3.1518922,6.7059469,.63834465,-9.9915218,16.295307,32.3344,.097477987,-.30900598,.50396192,14.787174,30.810526,26.921177,26.921177,.0014195702,.53657067,1,pass,0,,
I06,insurance_any_2017,Any health insurance,6,100,S01,Baseline CCPP deprivation,4,secondary,continuous,common_h_iv,ivreg2,fuzzy_late_interaction,ccpp_equal,ccpp,.0075,4078,1760,39,22,1760,22,61,1,5.4944873,10.600171,.60422146,-15.281466,26.270441,32.133602,.17098883,-.47556034,.81753802,3.2959125,25.920918,15.24379,15.24379,.0053065815,.57481819,1,pass,0,,.8726917675563267
I06,insurance_any_2017,Any health insurance,6,100,S01,Baseline CCPP deprivation,4,secondary,continuous,common_h_rdhte,rdhte,assignment_hte,ccpp_equal,ccpp,.0075,4078,1760,39,22,1760,22,61,1,8.4358158,9.126193,.35530302,-9.4511948,26.322826,32.133602,.2625232,-.29412186,.81916827,,,,,,,0,secondary_assignment_supported,0,,.748006356389899
I07,disability_any_2017,Reports any disability,7,100,S01,Baseline CCPP deprivation,4,secondary,continuous,common_h_covariates,ivreg2,fuzzy_late_interaction,ccpp_equal,ccpp,.0075,3888,1760,38,22,1760,22,60,1,-11.222544,3.4592397,.0011777167,-18.002529,-4.4425583,37.597401,-.29849255,-.47882378,-.11816132,14.787174,30.810526,26.921177,26.921177,.0014195702,.030207664,1,pass,0,,
I07,disability_any_2017,Reports any disability,7,100,S01,Baseline CCPP deprivation,4,secondary,continuous,common_h_iv,ivreg2,fuzzy_late_interaction,ccpp_equal,ccpp,.0075,4078,1760,39,22,1760,22,61,1,-8.97472,5.770442,.11987661,-20.284578,2.3351378,37.426281,-.23979729,-.5419876,.062392998,3.2959125,25.920918,15.24379,15.24379,.0053065815,.15755866,1,pass,0,,.8726917675563267
I07,disability_any_2017,Reports any disability,7,100,S01,Baseline CCPP deprivation,4,secondary,continuous,common_h_rdhte,rdhte,assignment_hte,ccpp_equal,ccpp,.0075,4078,1760,39,22,1760,22,61,1,-.053445395,7.3263025,.99417949,-14.412735,14.305844,37.426281,-.0014280179,-.38509664,.38224062,,,,,,,0,secondary_assignment_supported,0,,.9941794872283936
I08,wellbeing_core_2017,Core wellbeing proxy,8,100,S01,Baseline CCPP deprivation,4,secondary,continuous,common_h_covariates,ivreg2,fuzzy_late_interaction,ccpp_equal,ccpp,.0075,3888,1760,38,22,1760,22,60,1,7.9415116,5.6536508,.16011953,-3.1394401,19.022463,23.487175,.33812121,-.13366614,.80990851,14.787174,30.810526,26.921177,26.921177,.0014195702,.21346544,1,pass,0,,
I08,wellbeing_core_2017,Core wellbeing proxy,8,100,S01,Baseline CCPP deprivation,4,secondary,continuous,common_h_iv,ivreg2,fuzzy_late_interaction,ccpp_equal,ccpp,.0075,4078,1760,39,22,1760,22,61,1,3.0087633,9.3496923,.74760163,-15.316298,21.333824,23.350601,.12885165,-.65592736,.91363066,3.2959125,25.920918,15.24379,15.24379,.0053065815,.13457347,1,pass,0,,.8726917675563267
I08,wellbeing_core_2017,Core wellbeing proxy,8,100,S01,Baseline CCPP deprivation,4,secondary,continuous,common_h_rdhte,rdhte,assignment_hte,ccpp_equal,ccpp,.0075,4078,1760,39,22,1760,22,61,1,12.400272,10.063194,.21785934,-7.323225,32.123772,23.350601,.53104728,-.31362042,1.3757149,,,,,,,0,secondary_assignment_supported,0,,.5809582471847534
I01,female_2017,Female,1,100,S02,Distance to corresponding district capital,5,secondary,continuous,common_h_covariates,ivreg2,fuzzy_late_interaction,ccpp_equal,ccpp,.0075,3888,1760,38,22,1760,22,60,1,-.89387542,5.2357559,.86443985,-11.155768,9.3680172,49.714264,-.017980261,-.22439773,.18843722,1.8613379,36.476597,3.7944548,3.7944548,.084526688,.17531931,0,underidentified,0,,
I01,female_2017,Female,1,100,S02,Distance to corresponding district capital,5,secondary,continuous,common_h_iv,ivreg2,fuzzy_late_interaction,ccpp_equal,ccpp,.0075,3998,1760,39,22,1760,22,61,1,-5.5005322,5.0932918,.28016171,-15.483201,4.4821367,49.721474,-.11062689,-.31139866,.090144888,.77376801,29.640274,2.0259745,2.0259745,.21729712,.079993866,0,underidentified,0,,.8726917675563267
I01,female_2017,Female,1,100,S02,Distance to corresponding district capital,5,secondary,continuous,common_h_rdhte,rdhte,assignment_hte,ccpp_equal,ccpp,.0075,3998,1760,39,22,1760,22,61,1,-6.8163538,3.0600629,.025912495,-12.813967,-.81874031,49.721474,-.13709074,-.25771496,-.016466534,,,,,,,0,secondary_assignment_supported,0,,.1294262458880742
I02,age_15_29_2017,Age 15-29,2,100,S02,Distance to corresponding district capital,5,secondary,continuous,common_h_covariates,ivreg2,fuzzy_late_interaction,ccpp_equal,ccpp,.0075,3888,1760,38,22,1760,22,60,1,-9.8441696,6.4317398,.12587795,-22.450148,2.7618089,45.973591,-.21412662,-.48832706,.060073815,1.8613379,36.476597,3.7944548,3.7944548,.084526688,.36037347,0,underidentified,0,,
I02,age_15_29_2017,Age 15-29,2,100,S02,Distance to corresponding district capital,5,secondary,continuous,common_h_iv,ivreg2,fuzzy_late_interaction,ccpp_equal,ccpp,.0075,3998,1760,39,22,1760,22,61,1,5.4083662,17.982943,.7636053,-29.837553,40.654285,45.899609,.11783034,-.65006119,.88572186,.77376801,29.640274,2.0259745,2.0259745,.21729712,.81382442,0,underidentified,0,,.8726917675563267
I02,age_15_29_2017,Age 15-29,2,100,S02,Distance to corresponding district capital,5,secondary,continuous,common_h_rdhte,rdhte,assignment_hte,ccpp_equal,ccpp,.0075,3998,1760,39,22,1760,22,61,1,-3.9030285,8.4314203,.64342552,-20.428308,12.622252,45.899609,-.085034028,-.44506499,.27499694,,,,,,,0,secondary_assignment_supported,0,,.7988082661348231
I03,moved_ccpp_2013_2017,Lives in another CCPP,3,100,S02,Distance to corresponding district capital,5,secondary,continuous,common_h_covariates,ivreg2,fuzzy_late_interaction,ccpp_equal,ccpp,.0075,5094,2266,39,22,2266,22,61,1,31.236713,31.812675,.32615149,-31.114986,93.588409,48.315121,.64652044,-.64400101,1.9370419,1.6381695,36.783463,3.3164845,3.3164845,.11074912,.11512455,0,underidentified,0,,
I03,moved_ccpp_2013_2017,Lives in another CCPP,3,100,S02,Distance to corresponding district capital,5,secondary,continuous,common_h_iv,ivreg2,fuzzy_late_interaction,ccpp_equal,ccpp,.0075,5211,2266,40,22,2266,22,62,1,54.527573,70.86409,.44161618,-84.363487,193.41862,48.190567,1.1314989,-1.7506224,4.0136204,.7446782,29.581013,1.9642999,1.9642999,.22549883,.073498957,0,underidentified,0,,.8726917675563267
I03,moved_ccpp_2013_2017,Lives in another CCPP,3,100,S02,Distance to corresponding district capital,5,secondary,continuous,common_h_rdhte,rdhte,assignment_hte,ccpp_equal,ccpp,.0075,5211,2266,40,22,2266,22,62,1,43.444546,17.233219,.011702963,9.6680536,77.221031,48.190567,.90151554,.20062131,1.6024098,,,,,,,0,secondary_assignment_supported,0,,.1180582400411367
I04,secondaryplus_age14_2017,Secondary education or higher,4,100,S02,Distance to corresponding district capital,5,secondary,continuous,common_h_covariates,ivreg2,fuzzy_late_interaction,ccpp_equal,ccpp,.0075,3888,1760,38,22,1760,22,60,1,-18.365952,11.142282,.099288769,-40.204422,3.4725201,49.995911,-.36734909,-.80415422,.069456086,1.8613379,36.476597,3.7944548,3.7944548,.084526688,.1850066,0,underidentified,0,,
I04,secondaryplus_age14_2017,Secondary education or higher,4,100,S02,Distance to corresponding district capital,5,secondary,continuous,common_h_iv,ivreg2,fuzzy_late_interaction,ccpp_equal,ccpp,.0075,3998,1760,39,22,1760,22,61,1,.051592428,23.279087,.99823171,-45.574581,45.677765,49.985447,.001032149,-.91175699,.91382128,.77376801,29.640274,2.0259745,2.0259745,.21729712,.71728927,0,underidentified,0,,.9982317090034485
I04,secondaryplus_age14_2017,Secondary education or higher,4,100,S02,Distance to corresponding district capital,5,secondary,continuous,common_h_rdhte,rdhte,assignment_hte,ccpp_equal,ccpp,.0075,3998,1760,39,22,1760,22,61,1,-.99563372,13.809422,.94252378,-28.061604,26.070335,49.985447,-.019918472,-.56139547,.52155852,,,,,,,0,secondary_assignment_supported,0,,.9666910538306602
I05,employed_age14_2017,Employed in the reference week,5,100,S02,Distance to corresponding district capital,5,secondary,continuous,common_h_covariates,ivreg2,fuzzy_late_interaction,ccpp_equal,ccpp,.0075,3888,1760,38,22,1760,22,60,1,12.668728,10.866953,.24369407,-8.6301088,33.967564,49.894756,.25390899,-.17296626,.68078429,1.8613379,36.476597,3.7944548,3.7944548,.084526688,.0042264801,0,underidentified,0,,
I05,employed_age14_2017,Employed in the reference week,5,100,S02,Distance to corresponding district capital,5,secondary,continuous,common_h_iv,ivreg2,fuzzy_late_interaction,ccpp_equal,ccpp,.0075,3998,1760,39,22,1760,22,61,1,18.685781,19.93355,.34855098,-20.383259,57.754822,49.872807,.37466872,-.40870485,1.1580423,.77376801,29.640274,2.0259745,2.0259745,.21729712,.026853854,0,underidentified,0,,.8726917675563267
I05,employed_age14_2017,Employed in the reference week,5,100,S02,Distance to corresponding district capital,5,secondary,continuous,common_h_rdhte,rdhte,assignment_hte,ccpp_equal,ccpp,.0075,3998,1760,39,22,1760,22,61,1,30.100857,6.2549858,1.4920452e-06,17.841311,42.360405,49.872807,.60355246,.35773623,.84936875,,,,,,,0,secondary_assignment_supported,0,,.0000596818063059
I06,insurance_any_2017,Any health insurance,6,100,S02,Distance to corresponding district capital,5,secondary,continuous,common_h_covariates,ivreg2,fuzzy_late_interaction,ccpp_equal,ccpp,.0075,3888,1760,38,22,1760,22,60,1,-9.3291531,12.333063,.4493888,-33.501514,14.843207,32.3344,-.28852099,-1.0360951,.45905313,1.8613379,36.476597,3.7944548,3.7944548,.084526688,.3588976,0,underidentified,0,,
I06,insurance_any_2017,Any health insurance,6,100,S02,Distance to corresponding district capital,5,secondary,continuous,common_h_iv,ivreg2,fuzzy_late_interaction,ccpp_equal,ccpp,.0075,3998,1760,39,22,1760,22,61,1,-26.567663,35.230106,.45077828,-95.617409,42.482079,32.167301,-.82592148,-2.9725032,1.3206604,.77376801,29.640274,2.0259745,2.0259745,.21729712,.19282015,0,underidentified,0,,.8726917675563267
I06,insurance_any_2017,Any health insurance,6,100,S02,Distance to corresponding district capital,5,secondary,continuous,common_h_rdhte,rdhte,assignment_hte,ccpp_equal,ccpp,.0075,3998,1760,39,22,1760,22,61,1,-15.773182,8.9974709,.079590261,-33.407902,1.8615369,32.167301,-.49034834,-1.0385672,.057870474,,,,,,,0,secondary_assignment_supported,0,,.2894191308455034
I07,disability_any_2017,Reports any disability,7,100,S02,Distance to corresponding district capital,5,secondary,continuous,common_h_covariates,ivreg2,fuzzy_late_interaction,ccpp_equal,ccpp,.0075,3888,1760,38,22,1760,22,60,1,-2.7847512,7.985599,.72729832,-18.436237,12.866735,37.597401,-.074067652,-.4903594,.34222409,1.8613379,36.476597,3.7944548,3.7944548,.084526688,.55366582,0,underidentified,0,,
I07,disability_any_2017,Reports any disability,7,100,S02,Distance to corresponding district capital,5,secondary,continuous,common_h_iv,ivreg2,fuzzy_late_interaction,ccpp_equal,ccpp,.0075,3998,1760,39,22,1760,22,61,1,-23.691528,19.865843,.23303545,-62.627865,15.244807,38.1255,-.62140894,-1.6426765,.39985853,.77376801,29.640274,2.0259745,2.0259745,.21729712,.060956202,0,underidentified,0,,.8726917675563267
I07,disability_any_2017,Reports any disability,7,100,S02,Distance to corresponding district capital,5,secondary,continuous,common_h_rdhte,rdhte,assignment_hte,ccpp_equal,ccpp,.0075,3998,1760,39,22,1760,22,61,1,-11.083492,6.0750203,.068086021,-22.990314,.82332873,38.1255,-.29071075,-.60301667,.021595225,,,,,,,0,secondary_assignment_supported,0,,.2723440825939178
I08,wellbeing_core_2017,Core wellbeing proxy,8,100,S02,Distance to corresponding district capital,5,secondary,continuous,common_h_covariates,ivreg2,fuzzy_late_interaction,ccpp_equal,ccpp,.0075,3888,1760,38,22,1760,22,60,1,.97062647,8.456583,.90862137,-15.603972,17.545225,23.487175,.041325808,-.66436136,.74701297,1.8613379,36.476597,3.7944548,3.7944548,.084526688,.3173379,0,underidentified,0,,
I08,wellbeing_core_2017,Core wellbeing proxy,8,100,S02,Distance to corresponding district capital,5,secondary,continuous,common_h_iv,ivreg2,fuzzy_late_interaction,ccpp_equal,ccpp,.0075,3998,1760,39,22,1760,22,61,1,31.503895,33.025475,.34012055,-33.224846,96.232635,23.589104,1.3355274,-1.4084828,4.0795379,.77376801,29.640274,2.0259745,2.0259745,.21729712,.0045621735,0,underidentified,0,,.8726917675563267
I08,wellbeing_core_2017,Core wellbeing proxy,8,100,S02,Distance to corresponding district capital,5,secondary,continuous,common_h_rdhte,rdhte,assignment_hte,ccpp_equal,ccpp,.0075,3998,1760,39,22,1760,22,61,1,18.721861,8.5807438,.029120905,1.9039123,35.53981,23.589104,.79366565,.080711514,1.5066198,,,,,,,0,secondary_assignment_supported,0,,.1294262458880742
I01,female_2017,Female,1,100,S03,Baseline CCPP economic development,6,secondary,continuous,common_h_covariates,ivreg2,fuzzy_late_interaction,ccpp_equal,ccpp,.0075,3888,1760,38,22,1760,22,60,1,9.3343801,9.8280067,.34222737,-9.9281597,28.59692,49.714264,.18776061,-.19970444,.57522565,1.7527206,5.9270167,3.6380136,3.6380136,.05127405,.027616933,0,underidentified,0,,
I01,female_2017,Female,1,100,S03,Baseline CCPP economic development,6,secondary,continuous,common_h_iv,ivreg2,fuzzy_late_interaction,ccpp_equal,ccpp,.0075,4188,1760,40,22,1760,22,62,1,8.9708633,9.7023544,.35517046,-10.045403,27.987129,49.733913,.18037719,-.20198295,.56273729,1.2920711,3.944953,2.7911532,2.7911532,.055678632,.061211035,0,underidentified,0,,.8726917675563267
I01,female_2017,Female,1,100,S03,Baseline CCPP economic development,6,secondary,continuous,common_h_rdhte,rdhte,assignment_hte,ccpp_equal,ccpp,.0075,4188,1760,40,22,1760,22,62,1,3.5067432,6.9581041,.61427563,-10.13089,17.144377,49.733913,.070510097,-.20370184,.34472203,,,,,,,0,secondary_assignment_supported,0,,.7988082661348231
I02,age_15_29_2017,Age 15-29,2,100,S03,Baseline CCPP economic development,6,secondary,continuous,common_h_covariates,ivreg2,fuzzy_late_interaction,ccpp_equal,ccpp,.0075,3888,1760,38,22,1760,22,60,1,13.475227,15.229553,.37626031,-16.374147,43.324604,45.973591,.29310802,-.35616422,.94238025,1.7527206,5.9270167,3.6380136,3.6380136,.05127405,.57535344,0,underidentified,0,,
I02,age_15_29_2017,Age 15-29,2,100,S03,Baseline CCPP economic development,6,secondary,continuous,common_h_iv,ivreg2,fuzzy_late_interaction,ccpp_equal,ccpp,.0075,4188,1760,40,22,1760,22,62,1,19.200232,19.947191,.3357718,-19.895544,58.296009,46.077484,.41669446,-.43178454,1.2651734,1.2920711,3.944953,2.7911532,2.7911532,.055678632,.34333438,0,underidentified,0,,.8726917675563267
I02,age_15_29_2017,Age 15-29,2,100,S03,Baseline CCPP economic development,6,secondary,continuous,common_h_rdhte,rdhte,assignment_hte,ccpp_equal,ccpp,.0075,4188,1760,40,22,1760,22,62,1,15.937458,10.165648,.11693342,-3.986845,35.861759,46.077484,.34588385,-.086524799,.77829254,,,,,,,0,secondary_assignment_supported,0,,.389778067668279
I03,moved_ccpp_2013_2017,Lives in another CCPP,3,100,S03,Baseline CCPP economic development,6,secondary,continuous,common_h_covariates,ivreg2,fuzzy_late_interaction,ccpp_equal,ccpp,.0075,5094,2266,39,22,2266,22,61,1,78.510574,49.579052,.11329769,-18.66258,175.68373,48.315121,1.624969,-.3862679,3.6362059,1.9465867,7.0717707,4.0431571,4.0431571,.046153564,.010719902,0,weak_interaction_instruments,0,,
I03,moved_ccpp_2013_2017,Lives in another CCPP,3,100,S03,Baseline CCPP economic development,6,secondary,continuous,common_h_iv,ivreg2,fuzzy_late_interaction,ccpp_equal,ccpp,.0075,5414,2266,41,22,2266,22,63,1,93.451637,79.927658,.24232198,-63.203701,250.10696,48.591911,1.9231932,-1.3007041,5.1470909,1.2901521,4.087913,2.7601311,2.7601311,.057088345,.017412029,0,underidentified,0,,.8726917675563267
I03,moved_ccpp_2013_2017,Lives in another CCPP,3,100,S03,Baseline CCPP economic development,6,secondary,continuous,common_h_rdhte,rdhte,assignment_hte,ccpp_equal,ccpp,.0075,5414,2266,41,22,2266,22,63,1,46.535385,20.150818,.020923903,7.0405097,86.030266,48.591911,.95767766,.14489058,1.7704648,,,,,,,0,secondary_assignment_supported,0,,.1294262458880742
I04,secondaryplus_age14_2017,Secondary education or higher,4,100,S03,Baseline CCPP economic development,6,secondary,continuous,common_h_covariates,ivreg2,fuzzy_late_interaction,ccpp_equal,ccpp,.0075,3888,1760,38,22,1760,22,60,1,24.944288,21.732672,.2510601,-17.650965,67.539543,49.995911,.49892661,-.35304818,1.3509014,1.7527206,5.9270167,3.6380136,3.6380136,.05127405,.29529661,0,underidentified,0,,
I04,secondaryplus_age14_2017,Secondary education or higher,4,100,S03,Baseline CCPP economic development,6,secondary,continuous,common_h_iv,ivreg2,fuzzy_late_interaction,ccpp_equal,ccpp,.0075,4188,1760,40,22,1760,22,62,1,27.295012,24.294935,.2612313,-20.322187,74.912209,49.996002,.54594386,-.40647623,1.498364,1.2920711,3.944953,2.7911532,2.7911532,.055678632,.29877278,0,underidentified,0,,.8726917675563267
I04,secondaryplus_age14_2017,Secondary education or higher,4,100,S03,Baseline CCPP economic development,6,secondary,continuous,common_h_rdhte,rdhte,assignment_hte,ccpp_equal,ccpp,.0075,4188,1760,40,22,1760,22,62,1,11.374678,19.509331,.55986786,-26.862907,49.612263,49.996002,.22751175,-.53730112,.99232459,,,,,,,0,secondary_assignment_supported,0,,.7988082661348231
I05,employed_age14_2017,Employed in the reference week,5,100,S03,Baseline CCPP economic development,6,secondary,continuous,common_h_covariates,ivreg2,fuzzy_late_interaction,ccpp_equal,ccpp,.0075,3888,1760,38,22,1760,22,60,1,3.2652168,14.791958,.82529277,-25.726488,32.256924,49.894756,.065442085,-.51561511,.64649928,1.7527206,5.9270167,3.6380136,3.6380136,.05127405,.020362817,0,underidentified,0,,
I05,employed_age14_2017,Employed in the reference week,5,100,S03,Baseline CCPP economic development,6,secondary,continuous,common_h_iv,ivreg2,fuzzy_late_interaction,ccpp_equal,ccpp,.0075,4188,1760,40,22,1760,22,62,1,8.833621,14.203429,.53398407,-19.004589,36.671833,49.850422,.17720254,-.38123226,.73563737,1.2920711,3.944953,2.7911532,2.7911532,.055678632,.26364422,0,underidentified,0,,.8726917675563267
I05,employed_age14_2017,Employed in the reference week,5,100,S03,Baseline CCPP economic development,6,secondary,continuous,common_h_rdhte,rdhte,assignment_hte,ccpp_equal,ccpp,.0075,4188,1760,40,22,1760,22,62,1,-8.3353281,13.939448,.54986203,-35.656147,18.985489,49.850422,-.16720678,-.71526265,.38084912,,,,,,,0,secondary_assignment_supported,0,,.7988082661348231
I06,insurance_any_2017,Any health insurance,6,100,S03,Baseline CCPP economic development,6,secondary,continuous,common_h_covariates,ivreg2,fuzzy_late_interaction,ccpp_equal,ccpp,.0075,3888,1760,38,22,1760,22,60,1,-23.380978,19.222286,.22385262,-61.055969,14.294012,32.3344,-.72309923,-1.8882667,.44206828,1.7527206,5.9270167,3.6380136,3.6380136,.05127405,.28647014,0,underidentified,0,,
I06,insurance_any_2017,Any health insurance,6,100,S03,Baseline CCPP economic development,6,secondary,continuous,common_h_iv,ivreg2,fuzzy_late_interaction,ccpp_equal,ccpp,.0075,4188,1760,40,22,1760,22,62,1,-25.867561,25.174204,.30416515,-75.208092,23.472973,31.974045,-.80901748,-2.3521609,.73412585,1.2920711,3.944953,2.7911532,2.7911532,.055678632,.2900708,0,underidentified,0,,.8726917675563267
I06,insurance_any_2017,Any health insurance,6,100,S03,Baseline CCPP economic development,6,secondary,continuous,common_h_rdhte,rdhte,assignment_hte,ccpp_equal,ccpp,.0075,4188,1760,40,22,1760,22,62,1,-1.5980935,12.35432,.89707673,-25.812115,22.615929,31.974045,-.049980961,-.8072834,.70732147,,,,,,,0,secondary_assignment_supported,0,,.9442912904839766
I07,disability_any_2017,Reports any disability,7,100,S03,Baseline CCPP economic development,6,secondary,continuous,common_h_covariates,ivreg2,fuzzy_late_interaction,ccpp_equal,ccpp,.0075,3888,1760,38,22,1760,22,60,1,7.1930161,10.502579,.49341905,-13.391661,27.777693,37.597401,.19131684,-.35618582,.73881954,1.7527206,5.9270167,3.6380136,3.6380136,.05127405,.29124373,0,underidentified,0,,
I07,disability_any_2017,Reports any disability,7,100,S03,Baseline CCPP economic development,6,secondary,continuous,common_h_iv,ivreg2,fuzzy_late_interaction,ccpp_equal,ccpp,.0075,4188,1760,40,22,1760,22,62,1,-3.6295419,16.455885,.82543355,-35.882484,28.6234,37.950924,-.095637776,-.94549698,.75422144,1.2920711,3.944953,2.7911532,2.7911532,.055678632,.31647009,0,underidentified,0,,.8988195496636469
I07,disability_any_2017,Reports any disability,7,100,S03,Baseline CCPP economic development,6,secondary,continuous,common_h_rdhte,rdhte,assignment_hte,ccpp_equal,ccpp,.0075,4188,1760,40,22,1760,22,62,1,8.6385803,10.164013,.39537054,-11.282519,28.559681,37.950924,.22762503,-.29729235,.75254244,,,,,,,0,secondary_assignment_supported,0,,.7907410860061646
I08,wellbeing_core_2017,Core wellbeing proxy,8,100,S03,Baseline CCPP economic development,6,secondary,continuous,common_h_covariates,ivreg2,fuzzy_late_interaction,ccpp_equal,ccpp,.0075,3888,1760,38,22,1760,22,60,1,17.694248,19.289312,.35898104,-20.112108,55.500607,23.487175,.75335789,-.85630167,2.3630176,1.7527206,5.9270167,3.6380136,3.6380136,.05127405,.29003477,0,underidentified,0,,
I08,wellbeing_core_2017,Core wellbeing proxy,8,100,S03,Baseline CCPP economic development,6,secondary,continuous,common_h_iv,ivreg2,fuzzy_late_interaction,ccpp_equal,ccpp,.0075,4188,1760,40,22,1760,22,62,1,25.486952,28.993532,.37937066,-31.339329,82.313232,23.454643,1.0866485,-1.3361673,3.5094643,1.2920711,3.944953,2.7911532,2.7911532,.055678632,.19072345,0,underidentified,0,,.8726917675563267
I08,wellbeing_core_2017,Core wellbeing proxy,8,100,S03,Baseline CCPP economic development,6,secondary,continuous,common_h_rdhte,rdhte,assignment_hte,ccpp_equal,ccpp,.0075,4188,1760,40,22,1760,22,62,1,-6.3386035,12.950876,.62453425,-31.721855,19.044647,23.454643,-.27024943,-1.3524766,.81197774,,,,,,,0,secondary_assignment_supported,0,,.7988082661348231
I01,female_2017,Female,1,100,S04,Respondent age,7,secondary,continuous,common_h_covariates,ivreg2,fuzzy_late_interaction,ccpp_equal,ccpp,.0075,3888,1760,38,22,1760,22,60,1,-3.3342817,4.1847878,.42558903,-11.536315,4.8677516,49.714264,-.067068912,-.23205242,.097914584,16.834488,33.977734,35.674515,33.977734,.0026299998,.14889295,1,pass,0,,
I01,female_2017,Female,1,100,S04,Respondent age,7,secondary,continuous,common_h_iv,ivreg2,fuzzy_late_interaction,ccpp_equal,ccpp,.0075,4188,1760,40,22,1760,22,62,1,-2.6295884,4.2373185,.534877,-10.93458,5.6754031,49.733913,-.052873146,-.21986164,.11411535,8.934721,26.516153,43.239643,26.516153,.0057263072,.30497444,1,pass,0,,.8726917675563267
I01,female_2017,Female,1,100,S04,Respondent age,7,secondary,continuous,common_h_rdhte,rdhte,assignment_hte,ccpp_equal,ccpp,.0075,4188,1760,40,22,1760,22,62,1,-2.4810526,5.2052279,.633614,-12.683112,7.7210069,49.733913,-.049886532,-.2550194,.15524632,,,,,,,0,secondary_assignment_supported,0,,.7988082661348231
I02,age_15_29_2017,Age 15-29,2,100,S04,Respondent age,7,secondary,continuous,common_h_covariates,ivreg2,fuzzy_late_interaction,ccpp_equal,ccpp,.0075,3888,1760,38,22,1760,22,60,1,-.77226275,4.540482,.86494416,-9.6714439,8.1269178,45.973591,-.016797965,-.21036956,.17677362,16.834488,33.977734,35.674515,33.977734,.0026299998,.83162141,1,pass,0,,
I02,age_15_29_2017,Age 15-29,2,100,S04,Respondent age,7,secondary,continuous,common_h_iv,ivreg2,fuzzy_late_interaction,ccpp_equal,ccpp,.0075,4188,1760,40,22,1760,22,62,1,-.92839372,4.360785,.83140808,-9.4753752,7.618588,46.077484,-.020148534,-.20564003,.16534297,8.934721,26.516153,43.239643,26.516153,.0057263072,.90389746,1,pass,0,,.8988195496636469
I02,age_15_29_2017,Age 15-29,2,100,S04,Respondent age,7,secondary,continuous,common_h_rdhte,rdhte,assignment_hte,ccpp_equal,ccpp,.0075,4188,1760,40,22,1760,22,62,1,-5.6631093,5.1032553,.26712605,-15.665306,4.3390875,46.077484,-.12290405,-.33997747,.094169363,,,,,,,0,secondary_assignment_supported,0,,.6669550783493939
I03,moved_ccpp_2013_2017,Lives in another CCPP,3,100,S04,Respondent age,7,secondary,continuous,common_h_covariates,ivreg2,fuzzy_late_interaction,ccpp_equal,ccpp,.0075,5094,2266,39,22,2266,22,61,1,-5.8966608,3.5251689,.094380178,-12.805864,1.0125432,48.315121,-.12204587,-.2650488,.020957066,14.512742,35.400005,44.673027,35.400005,.0017868299,.14494708,1,pass,0,,
I03,moved_ccpp_2013_2017,Lives in another CCPP,3,100,S04,Respondent age,7,secondary,continuous,common_h_iv,ivreg2,fuzzy_late_interaction,ccpp_equal,ccpp,.0075,5414,2266,41,22,2266,22,63,1,-6.2986407,4.3881111,.15117666,-14.89918,2.3018992,48.591911,-.12962323,-.30661854,.047372065,8.1988878,43.501686,73.29319,43.501686,.0052143661,.12619838,1,pass,0,,.8726917675563267
I03,moved_ccpp_2013_2017,Lives in another CCPP,3,100,S04,Respondent age,7,secondary,continuous,common_h_rdhte,rdhte,assignment_hte,ccpp_equal,ccpp,.0075,5414,2266,41,22,2266,22,63,1,-8.4542351,3.3576589,.011805824,-15.035126,-1.8733447,48.591911,-.17398442,-.30941623,-.038552605,,,,,,,0,secondary_assignment_supported,0,,.1180582400411367
I04,secondaryplus_age14_2017,Secondary education or higher,4,100,S04,Respondent age,7,secondary,continuous,common_h_covariates,ivreg2,fuzzy_late_interaction,ccpp_equal,ccpp,.0075,3888,1760,38,22,1760,22,60,1,-6.7535138,3.5339158,.05599729,-13.679861,.17283407,49.995911,-.13508132,-.27361962,.0034569642,16.834488,33.977734,35.674515,33.977734,.0026299998,.12192737,1,pass,0,,
I04,secondaryplus_age14_2017,Secondary education or higher,4,100,S04,Respondent age,7,secondary,continuous,common_h_iv,ivreg2,fuzzy_late_interaction,ccpp_equal,ccpp,.0075,4188,1760,40,22,1760,22,62,1,-4.5181623,3.7813725,.23214674,-11.929517,2.8931918,49.996002,-.090370476,-.2386094,.057868462,8.934721,26.516153,43.239643,26.516153,.0057263072,.43490353,1,pass,0,,.8726917675563267
I04,secondaryplus_age14_2017,Secondary education or higher,4,100,S04,Respondent age,7,secondary,continuous,common_h_rdhte,rdhte,assignment_hte,ccpp_equal,ccpp,.0075,4188,1760,40,22,1760,22,62,1,-8.6750689,3.6900408,.018725993,-15.907416,-1.4427218,49.996002,-.17351526,-.31817377,-.028856745,,,,,,,0,secondary_assignment_supported,0,,.1294262458880742
I05,employed_age14_2017,Employed in the reference week,5,100,S04,Respondent age,7,secondary,continuous,common_h_covariates,ivreg2,fuzzy_late_interaction,ccpp_equal,ccpp,.0075,3888,1760,38,22,1760,22,60,1,-1.6837399,4.1881332,.68766463,-9.8923302,6.5248508,49.894756,-.033745829,-.19826394,.13077228,16.834488,33.977734,35.674515,33.977734,.0026299998,.0097217504,1,pass,0,,
I05,employed_age14_2017,Employed in the reference week,5,100,S04,Respondent age,7,secondary,continuous,common_h_iv,ivreg2,fuzzy_late_interaction,ccpp_equal,ccpp,.0075,4188,1760,40,22,1760,22,62,1,-.58757907,3.841264,.87842584,-8.1163177,6.9411602,49.850422,-.011786843,-.16281344,.13923974,8.934721,26.516153,43.239643,26.516153,.0057263072,.28879318,1,pass,0,,.9246587753295898
I05,employed_age14_2017,Employed in the reference week,5,100,S04,Respondent age,7,secondary,continuous,common_h_rdhte,rdhte,assignment_hte,ccpp_equal,ccpp,.0075,4188,1760,40,22,1760,22,62,1,6.0520806,4.3895426,.16797192,-2.5512648,14.655426,49.850422,.12140481,-.051178399,.29398802,,,,,,,0,secondary_assignment_supported,0,,.5168366890687209
I06,insurance_any_2017,Any health insurance,6,100,S04,Respondent age,7,secondary,continuous,common_h_covariates,ivreg2,fuzzy_late_interaction,ccpp_equal,ccpp,.0075,3888,1760,38,22,1760,22,60,1,3.4484587,2.9909999,.24893291,-2.4137933,9.3107109,32.3344,.10664985,-.074650943,.28795063,16.834488,33.977734,35.674515,33.977734,.0026299998,.51704514,1,pass,0,,
I06,insurance_any_2017,Any health insurance,6,100,S04,Respondent age,7,secondary,continuous,common_h_iv,ivreg2,fuzzy_late_interaction,ccpp_equal,ccpp,.0075,4188,1760,40,22,1760,22,62,1,2.8227642,2.8211823,.31703919,-2.7066512,8.3521795,31.974045,.088282987,-.084651515,.2612175,8.934721,26.516153,43.239643,26.516153,.0057263072,.60688955,1,pass,0,,.8726917675563267
I06,insurance_any_2017,Any health insurance,6,100,S04,Respondent age,7,secondary,continuous,common_h_rdhte,rdhte,assignment_hte,ccpp_equal,ccpp,.0075,4188,1760,40,22,1760,22,62,1,4.4451776,3.4044275,.19165294,-2.2273777,11.117732,31.974045,.13902456,-.069662057,.34771118,,,,,,,0,secondary_assignment_supported,0,,.547579824924469
I07,disability_any_2017,Reports any disability,7,100,S04,Respondent age,7,secondary,continuous,common_h_covariates,ivreg2,fuzzy_late_interaction,ccpp_equal,ccpp,.0075,3888,1760,38,22,1760,22,60,1,-5.6179309,4.7247987,.23442756,-14.878366,3.6425042,37.597401,-.14942339,-.39572862,.096881814,16.834488,33.977734,35.674515,33.977734,.0026299998,.48357132,1,pass,0,,
I07,disability_any_2017,Reports any disability,7,100,S04,Respondent age,7,secondary,continuous,common_h_iv,ivreg2,fuzzy_late_interaction,ccpp_equal,ccpp,.0075,4188,1760,40,22,1760,22,62,1,-5.3227324,4.8046422,.26793468,-14.739657,4.0941925,37.950924,-.14025304,-.38838732,.10788123,8.934721,26.516153,43.239643,26.516153,.0057263072,.35797429,1,pass,0,,.8726917675563267
I07,disability_any_2017,Reports any disability,7,100,S04,Respondent age,7,secondary,continuous,common_h_rdhte,rdhte,assignment_hte,ccpp_equal,ccpp,.0075,4188,1760,40,22,1760,22,62,1,-5.9538875,6.1313963,.33152378,-17.971205,6.0634289,37.950924,-.15688387,-.47353798,.15977025,,,,,,,0,secondary_assignment_supported,0,,.7367195023430718
I08,wellbeing_core_2017,Core wellbeing proxy,8,100,S04,Respondent age,7,secondary,continuous,common_h_covariates,ivreg2,fuzzy_late_interaction,ccpp_equal,ccpp,.0075,3888,1760,38,22,1760,22,60,1,-.61579877,3.4176419,.85700941,-7.3142538,6.0826564,23.487175,-.026218511,-.31141478,.25897777,16.834488,33.977734,35.674515,33.977734,.0026299998,.38423422,1,pass,0,,
I08,wellbeing_core_2017,Core wellbeing proxy,8,100,S04,Respondent age,7,secondary,continuous,common_h_iv,ivreg2,fuzzy_late_interaction,ccpp_equal,ccpp,.0075,4188,1760,40,22,1760,22,62,1,-.12408995,3.0398369,.9674384,-6.0820608,5.8338809,23.454643,-.0052906345,-.25931159,.24873032,8.934721,26.516153,43.239643,26.516153,.0057263072,.26458716,1,pass,0,,.9922445126068897
I08,wellbeing_core_2017,Core wellbeing proxy,8,100,S04,Respondent age,7,secondary,continuous,common_h_rdhte,rdhte,assignment_hte,ccpp_equal,ccpp,.0075,4188,1760,40,22,1760,22,62,1,-.83922601,3.8929062,.8293165,-8.469182,6.7907295,23.454643,-.035780806,-.36108765,.28952602,,,,,,,0,secondary_assignment_supported,0,,.8965583749719569
I01,female_2017,Female,1,100,S05,CCPP altitude,8,secondary,continuous,common_h_covariates,ivreg2,fuzzy_late_interaction,ccpp_equal,ccpp,.0075,3888,1760,38,22,1760,22,60,1,-101.33598,209.7374,.62898463,-512.4137,309.74176,49.714264,-2.0383685,-10.307178,6.2304401,.1151399,.24568556,.23409063,.23409063,.5935688,.00027743398,0,underidentified,0,,
I01,female_2017,Female,1,100,S05,CCPP altitude,8,secondary,continuous,common_h_iv,ivreg2,fuzzy_late_interaction,ccpp_equal,ccpp,.0075,3998,1760,39,22,1760,22,61,1,-91.922554,174.82776,.59903461,-434.57867,250.73355,49.721474,-1.8487496,-8.7402611,5.0427618,.13890384,.28369096,.27766749,.27766749,.56753314,.0013322762,0,underidentified,0,,.8726917675563267
I01,female_2017,Female,1,100,S05,CCPP altitude,8,secondary,continuous,common_h_rdhte,rdhte,assignment_hte,ccpp_equal,ccpp,.0075,3998,1760,39,22,1760,22,61,1,1.474928,3.0482988,.62849033,-4.4996281,7.4494843,49.721474,.029663805,-.090496674,.14982429,,,,,,,0,secondary_assignment_supported,0,,.7988082661348231
I02,age_15_29_2017,Age 15-29,2,100,S05,CCPP altitude,8,secondary,continuous,common_h_covariates,ivreg2,fuzzy_late_interaction,ccpp_equal,ccpp,.0075,3888,1760,38,22,1760,22,60,1,-66.179649,168.60626,.69468141,-396.64188,264.28256,45.973591,-1.4395145,-8.6276026,5.7485733,.1151399,.24568556,.23409063,.23409063,.5935688,.44799611,0,underidentified,0,,
I02,age_15_29_2017,Age 15-29,2,100,S05,CCPP altitude,8,secondary,continuous,common_h_iv,ivreg2,fuzzy_late_interaction,ccpp_equal,ccpp,.0075,3998,1760,39,22,1760,22,61,1,-44.810635,131.1088,.73251492,-301.77914,212.15788,45.899609,-.97627491,-6.5747657,4.6222157,.13890384,.28369096,.27766749,.27766749,.56753314,.74699557,0,underidentified,0,,.8726917675563267
I02,age_15_29_2017,Age 15-29,2,100,S05,CCPP altitude,8,secondary,continuous,common_h_rdhte,rdhte,assignment_hte,ccpp_equal,ccpp,.0075,3998,1760,39,22,1760,22,61,1,-6.0057473,7.5566072,.42674863,-20.816425,8.8049307,45.899609,-.13084529,-.45352077,.19183019,,,,,,,0,secondary_assignment_supported,0,,.7988082661348231
I03,moved_ccpp_2013_2017,Lives in another CCPP,3,100,S05,CCPP altitude,8,secondary,continuous,common_h_covariates,ivreg2,fuzzy_late_interaction,ccpp_equal,ccpp,.0075,5094,2266,39,22,2266,22,61,1,-714.56622,1559.5421,.64681613,-3771.2126,2342.0803,48.315121,-14.789702,-78.054504,48.475098,.10717667,.2299563,.21870941,.21870941,.60777491,1.8721508e-14,0,underidentified,0,,
I03,moved_ccpp_2013_2017,Lives in another CCPP,3,100,S05,CCPP altitude,8,secondary,continuous,common_h_iv,ivreg2,fuzzy_late_interaction,ccpp_equal,ccpp,.0075,5211,2266,40,22,2266,22,62,1,-629.57819,1261.5787,.61775124,-3102.2271,1843.0707,48.190567,-13.064344,-64.374153,38.245464,.12908611,.26419446,.25811321,.25811321,.58129609,5.8891195e-13,0,underidentified,0,,.8726917675563267
I03,moved_ccpp_2013_2017,Lives in another CCPP,3,100,S05,CCPP altitude,8,secondary,continuous,common_h_rdhte,rdhte,assignment_hte,ccpp_equal,ccpp,.0075,5211,2266,40,22,2266,22,62,1,-29.506649,10.318535,.0042420602,-49.730606,-9.282692,48.190567,-.61229098,-1.0319573,-.19262466,,,,,,,0,secondary_assignment_supported,0,,.0848412048071623
I04,secondaryplus_age14_2017,Secondary education or higher,4,100,S05,CCPP altitude,8,secondary,continuous,common_h_covariates,ivreg2,fuzzy_late_interaction,ccpp_equal,ccpp,.0075,3888,1760,38,22,1760,22,60,1,-46.337074,138.69249,.73830456,-318.16934,225.49521,49.995911,-.9268173,-6.3639078,4.510273,.1151399,.24568556,.23409063,.23409063,.5935688,.77962011,0,underidentified,0,,
I04,secondaryplus_age14_2017,Secondary education or higher,4,100,S05,CCPP altitude,8,secondary,continuous,common_h_iv,ivreg2,fuzzy_late_interaction,ccpp_equal,ccpp,.0075,3998,1760,39,22,1760,22,61,1,-49.438362,135.43098,.71507806,-314.8782,216.0015,49.985447,-.9890551,-6.2993979,4.3212876,.13890384,.28369096,.27766749,.27766749,.56753314,.7275461,0,underidentified,0,,.8726917675563267
I04,secondaryplus_age14_2017,Secondary education or higher,4,100,S05,CCPP altitude,8,secondary,continuous,common_h_rdhte,rdhte,assignment_hte,ccpp_equal,ccpp,.0075,3998,1760,39,22,1760,22,61,1,-3.0415285,8.3631124,.71609414,-19.432928,13.349872,49.985447,-.060848277,-.38877171,.26707515,,,,,,,0,secondary_assignment_supported,0,,.8183932985578264
I05,employed_age14_2017,Employed in the reference week,5,100,S05,CCPP altitude,8,secondary,continuous,common_h_covariates,ivreg2,fuzzy_late_interaction,ccpp_equal,ccpp,.0075,3888,1760,38,22,1760,22,60,1,123.99935,278.46255,.65610301,-421.77725,669.77594,49.894756,2.4852183,-8.4533386,13.423775,.1151399,.24568556,.23409063,.23409063,.5935688,.00032782662,0,underidentified,0,,
I05,employed_age14_2017,Employed in the reference week,5,100,S05,CCPP altitude,8,secondary,continuous,common_h_iv,ivreg2,fuzzy_late_interaction,ccpp_equal,ccpp,.0075,3998,1760,39,22,1760,22,61,1,99.671791,209.53473,.6343013,-311.00873,510.35233,49.872807,1.9985198,-6.2360382,10.233078,.13890384,.28369096,.27766749,.27766749,.56753314,.0012806997,0,underidentified,0,,.8726917675563267
I05,employed_age14_2017,Employed in the reference week,5,100,S05,CCPP altitude,8,secondary,continuous,common_h_rdhte,rdhte,assignment_hte,ccpp_equal,ccpp,.0075,3998,1760,39,22,1760,22,61,1,2.6918001,6.5043559,.67898703,-10.056503,15.440104,49.872807,.053973302,-.20164301,.30958962,,,,,,,0,secondary_assignment_supported,0,,.7988082661348231
I06,insurance_any_2017,Any health insurance,6,100,S05,CCPP altitude,8,secondary,continuous,common_h_covariates,ivreg2,fuzzy_late_interaction,ccpp_equal,ccpp,.0075,3888,1760,38,22,1760,22,60,1,189.18645,420.33569,.65264976,-634.65637,1013.0293,32.3344,5.8509345,-19.627901,31.329771,.1151399,.24568556,.23409063,.23409063,.5935688,.0041266643,0,underidentified,0,,
I06,insurance_any_2017,Any health insurance,6,100,S05,CCPP altitude,8,secondary,continuous,common_h_iv,ivreg2,fuzzy_late_interaction,ccpp_equal,ccpp,.0075,3998,1760,39,22,1760,22,61,1,162.49673,342.07794,.63476676,-507.96371,832.95721,32.167301,5.0516124,-15.791307,25.894533,.13890384,.28369096,.27766749,.27766749,.56753314,.008294276,0,underidentified,0,,.8726917675563267
I06,insurance_any_2017,Any health insurance,6,100,S05,CCPP altitude,8,secondary,continuous,common_h_rdhte,rdhte,assignment_hte,ccpp_equal,ccpp,.0075,3998,1760,39,22,1760,22,61,1,6.3029909,5.8764315,.28345591,-5.2146029,17.820585,32.167301,.19594404,-.16210881,.55399692,,,,,,,0,secondary_assignment_supported,0,,.6669550783493939
I07,disability_any_2017,Reports any disability,7,100,S05,CCPP altitude,8,secondary,continuous,common_h_covariates,ivreg2,fuzzy_late_interaction,ccpp_equal,ccpp,.0075,3888,1760,38,22,1760,22,60,1,96.628273,205.67398,.63848877,-306.48532,499.74188,37.597401,2.5700786,-8.1517696,13.291926,.1151399,.24568556,.23409063,.23409063,.5935688,.5660224,0,underidentified,0,,
I07,disability_any_2017,Reports any disability,7,100,S05,CCPP altitude,8,secondary,continuous,common_h_iv,ivreg2,fuzzy_late_interaction,ccpp_equal,ccpp,.0075,3998,1760,39,22,1760,22,61,1,75.182701,180.25731,.67661589,-278.11514,428.48056,38.1255,1.9719794,-7.2947273,11.238687,.13890384,.28369096,.27766749,.27766749,.56753314,.4673416,0,underidentified,0,,.8726917675563267
I07,disability_any_2017,Reports any disability,7,100,S05,CCPP altitude,8,secondary,continuous,common_h_rdhte,rdhte,assignment_hte,ccpp_equal,ccpp,.0075,3998,1760,39,22,1760,22,61,1,-4.0082917,9.2050447,.66323942,-22.049849,14.033265,38.1255,-.10513413,-.57834905,.36808079,,,,,,,0,secondary_assignment_supported,0,,.7988082661348231
I08,wellbeing_core_2017,Core wellbeing proxy,8,100,S05,CCPP altitude,8,secondary,continuous,common_h_covariates,ivreg2,fuzzy_late_interaction,ccpp_equal,ccpp,.0075,3888,1760,38,22,1760,22,60,1,-148.10924,290.90756,.61066234,-718.27753,422.05908,23.487175,-6.3059621,-30.581692,17.969767,.1151399,.24568556,.23409063,.23409063,.5935688,.069655791,0,underidentified,0,,
I08,wellbeing_core_2017,Core wellbeing proxy,8,100,S05,CCPP altitude,8,secondary,continuous,common_h_iv,ivreg2,fuzzy_late_interaction,ccpp_equal,ccpp,.0075,3998,1760,39,22,1760,22,61,1,-130.76241,244.13446,.5922237,-609.25714,347.73233,23.589104,-5.5433397,-25.827908,14.741228,.13890384,.28369096,.27766749,.27766749,.56753314,.036578692,0,underidentified,0,,.8726917675563267
I08,wellbeing_core_2017,Core wellbeing proxy,8,100,S05,CCPP altitude,8,secondary,continuous,common_h_rdhte,rdhte,assignment_hte,ccpp_equal,ccpp,.0075,3998,1760,39,22,1760,22,61,1,-2.2745965,7.0379,.74654949,-16.068626,11.519434,23.589104,-.096425727,-.68118852,.48833707,,,,,,,0,secondary_assignment_supported,0,,.8294994301266141
