outcome_id,outcome_var,outcome_label,paper_order,scale,moderator_id,moderator_label,moderator_order,moderator_tier,moderator_type,spec_id,estimator,estimand,weighting,cluster_rule,h,n_left,n_right,ccpp_left,ccpp_right,min_obs_cell,min_cluster_cell,clusters,support_pass,estimate,standard_error,pvalue,ci_low,ci_high,control_sd,standardized_estimate,standardized_ci_low,standardized_ci_high,kp_f,sw_f_treat,sw_f_interaction,min_sw_f,underid_p,ar_p,gate_pass,gate_status,estimation_rc,p_holm,q_bh
I01,female_2013,Female,1,100,M01,Log baseline CCPP population,1,primary,continuous,common_h_covariates,ivreg2,fuzzy_late_interaction,ccpp_equal,ccpp,.0075,5769,2795,41,22,2795,22,63,1,17.158581,11.000915,.11882105,-4.4028172,38.719978,49.915195,.34375465,-.088205948,.77571523,1.9294087,9.2097807,4.7276649,4.7276649,.049458101,.023358637,0,weak_interaction_instruments,0,,
I01,female_2013,Female,1,100,M01,Log baseline CCPP population,1,primary,continuous,common_h_district_cluster,ivreg2,fuzzy_late_interaction,ccpp_equal,district,.0075,6075,2795,43,22,2795,22,45,1,15.532683,12.080205,.19851416,-8.144084,39.20945,49.92347,.31112987,-.16313137,.78539115,1.00142,4.1161265,2.7913706,2.7913706,.099562041,.097984113,0,underidentified,0,,
I01,female_2013,Female,1,100,M01,Log baseline CCPP population,1,primary,continuous,common_h_iv,ivreg2,fuzzy_late_interaction,ccpp_equal,ccpp,.0075,6075,2795,43,22,2795,22,65,1,15.532683,12.000801,.1955605,-7.9884558,39.053822,49.92347,.31112987,-.16001403,.78227377,1.0296096,4.0346231,2.7495735,2.7495735,.097149298,.11284685,0,underidentified,0,1,
I01,female_2013,Female,1,100,M01,Log baseline CCPP population,1,primary,continuous,common_h_observation_equal,ivreg2,fuzzy_late_interaction,person_equal,ccpp,.0075,6075,2795,43,22,2795,22,65,1,-50.147541,233.12074,.82967842,-507.05579,406.76071,49.955795,-1.0038383,-10.150089,8.1424122,.024136268,.051910445,.048465703,.048465703,.81314856,.36723244,0,underidentified,0,,
I01,female_2013,Female,1,100,M01,Log baseline CCPP population,1,primary,continuous,common_h_score_cluster,ivreg2,fuzzy_late_interaction,ccpp_equal,score_mass,.0075,6075,2795,43,22,2795,22,49,1,15.532683,11.829967,.18918477,-7.6536269,38.718994,49.92347,.31112987,-.1533072,.77556694,1.0668159,3.894769,2.9198139,2.9198139,.092578225,.12093864,0,underidentified,0,,
I01,female_2013,Female,1,100,M01,Log baseline CCPP population,1,primary,continuous,large_h_iv,ivreg2,fuzzy_late_interaction,ccpp_equal,ccpp,.01,8000,14927,59,31,8000,31,90,1,36.590591,77.242889,.63570803,-114.8027,187.98387,49.901627,.73325443,-2.3005803,3.7670889,.11156969,.25741029,.25190097,.25190097,.63620591,.3834129,0,underidentified,0,,
I01,female_2013,Female,1,100,M01,Log baseline CCPP population,1,primary,continuous,small_h_iv,ivreg2,fuzzy_late_interaction,ccpp_equal,ccpp,.005,4818,2174,29,15,2174,15,44,1,30.404343,52.395775,.56172425,-72.28949,133.09818,49.92099,.60904926,-1.4480779,2.6661766,.14738998,.40079021,.29880193,.29880193,.57464093,.12072985,0,underidentified,0,,
I01,female_2013,Female,1,100,M01,Log baseline CCPP population,1,primary,continuous,common_h_rdhte,rdhte,assignment_hte,ccpp_equal,ccpp,.0075,6075,2795,43,22,2795,22,65,1,7.7921391,4.2051315,.06388133,-.44976753,16.034046,49.92347,.15608168,-.0090091405,.32117251,,,,,,,0,secondary_assignment_supported,0,.766575962305069,
I02,age_15_29_outcome,Age 15-29,2,100,M01,Log baseline CCPP population,1,primary,continuous,common_h_covariates,ivreg2,fuzzy_late_interaction,ccpp_equal,ccpp,.0075,5769,2795,41,22,2795,22,63,1,36.664902,24.844753,.14000823,-12.029919,85.359718,45.6786,.80267131,-.26336005,1.8687027,1.9294087,9.2097807,4.7276649,4.7276649,.049458101,.0010428643,0,weak_interaction_instruments,0,,
I02,age_15_29_outcome,Age 15-29,2,100,M01,Log baseline CCPP population,1,primary,continuous,common_h_district_cluster,ivreg2,fuzzy_late_interaction,ccpp_equal,district,.0075,6075,2795,43,22,2795,22,45,1,48.262131,33.858719,.15404238,-18.099743,114.624,45.775349,1.0543257,-.39540368,2.5040553,1.00142,4.1161265,2.7913706,2.7913706,.099562041,.0019248459,0,underidentified,0,,
I02,age_15_29_outcome,Age 15-29,2,100,M01,Log baseline CCPP population,1,primary,continuous,common_h_iv,ivreg2,fuzzy_late_interaction,ccpp_equal,ccpp,.0075,6075,2795,43,22,2795,22,65,1,48.262131,33.522411,.14995304,-17.440592,113.96485,45.775349,1.0543257,-.38100401,2.4896555,1.0296096,4.0346231,2.7495735,2.7495735,.097149298,.0022479815,0,underidentified,0,1,
I02,age_15_29_outcome,Age 15-29,2,100,M01,Log baseline CCPP population,1,primary,continuous,common_h_observation_equal,ivreg2,fuzzy_late_interaction,person_equal,ccpp,.0075,6075,2795,43,22,2795,22,65,1,35.721706,160.32343,.82368314,-278.50644,349.94983,47.014717,.75979841,-5.9238138,7.4434104,.024136268,.051910445,.048465703,.048465703,.81314856,.1298694,0,underidentified,0,,
I02,age_15_29_outcome,Age 15-29,2,100,M01,Log baseline CCPP population,1,primary,continuous,common_h_score_cluster,ivreg2,fuzzy_late_interaction,ccpp_equal,score_mass,.0075,6075,2795,43,22,2795,22,49,1,48.262131,32.962624,.14315376,-16.343426,112.86768,45.775349,1.0543257,-.35703552,2.465687,1.0668159,3.894769,2.9198139,2.9198139,.092578225,.0034057866,0,underidentified,0,,
I02,age_15_29_outcome,Age 15-29,2,100,M01,Log baseline CCPP population,1,primary,continuous,large_h_iv,ivreg2,fuzzy_late_interaction,ccpp_equal,ccpp,.01,8000,14927,59,31,8000,31,90,1,108.51939,210.25104,.60575521,-303.56506,520.60388,45.012119,2.4108927,-6.7440739,11.56586,.11156969,.25741029,.25190097,.25190097,.63620591,.0031698896,0,underidentified,0,,
I02,age_15_29_outcome,Age 15-29,2,100,M01,Log baseline CCPP population,1,primary,continuous,small_h_iv,ivreg2,fuzzy_late_interaction,ccpp_equal,ccpp,.005,4818,2174,29,15,2174,15,44,1,114.50197,198.82471,.56468678,-275.18729,504.19122,46.369926,2.4693153,-5.934607,10.873238,.14738998,.40079021,.29880193,.29880193,.57464093,.0034676832,0,underidentified,0,,
I02,age_15_29_outcome,Age 15-29,2,100,M01,Log baseline CCPP population,1,primary,continuous,common_h_rdhte,rdhte,assignment_hte,ccpp_equal,ccpp,.0075,6075,2795,43,22,2795,22,65,1,29.020678,8.9616461,.0012023583,11.456175,46.585182,45.775349,.63398045,.2502695,1.0176914,,,,,,,0,secondary_assignment_supported,0,.0180353742325678,
I03,secondaryplus_2013,Secondary education or higher,3,100,M01,Log baseline CCPP population,1,primary,continuous,common_h_covariates,ivreg2,fuzzy_late_interaction,ccpp_equal,ccpp,.0075,5769,2795,41,22,2795,22,63,1,10.880929,17.171337,.52629745,-22.774273,44.536129,49.443634,.22006734,-.46061081,.90074545,1.9294087,9.2097807,4.7276649,4.7276649,.049458101,.45338315,0,weak_interaction_instruments,0,,
I03,secondaryplus_2013,Secondary education or higher,3,100,M01,Log baseline CCPP population,1,primary,continuous,common_h_district_cluster,ivreg2,fuzzy_late_interaction,ccpp_equal,district,.0075,6075,2795,43,22,2795,22,45,1,10.560891,23.272886,.64998347,-35.053127,56.174911,49.444603,.21359038,-.70893741,1.1361182,1.00142,4.1161265,2.7913706,2.7913706,.099562041,.44904459,0,underidentified,0,,
I03,secondaryplus_2013,Secondary education or higher,3,100,M01,Log baseline CCPP population,1,primary,continuous,common_h_iv,ivreg2,fuzzy_late_interaction,ccpp_equal,ccpp,.0075,6075,2795,43,22,2795,22,65,1,10.560891,23.144878,.64817786,-34.802235,55.924019,49.444603,.21359038,-.70386314,1.1310439,1.0296096,4.0346231,2.7495735,2.7495735,.097149298,.39122996,0,underidentified,0,1,
I03,secondaryplus_2013,Secondary education or higher,3,100,M01,Log baseline CCPP population,1,primary,continuous,common_h_observation_equal,ivreg2,fuzzy_late_interaction,person_equal,ccpp,.0075,6075,2795,43,22,2795,22,65,1,-277.31851,1236.808,.82258523,-2701.4175,2146.7805,50.000504,-5.5463142,-54.027805,42.935177,.024136268,.051910445,.048465703,.048465703,.81314856,.032399219,0,underidentified,0,,
I03,secondaryplus_2013,Secondary education or higher,3,100,M01,Log baseline CCPP population,1,primary,continuous,common_h_score_cluster,ivreg2,fuzzy_late_interaction,ccpp_equal,score_mass,.0075,6075,2795,43,22,2795,22,49,1,10.560891,21.762835,.62748349,-32.093483,53.215263,49.444603,.21359038,-.64907956,1.0762603,1.0668159,3.894769,2.9198139,2.9198139,.092578225,.38008526,0,underidentified,0,,
I03,secondaryplus_2013,Secondary education or higher,3,100,M01,Log baseline CCPP population,1,primary,continuous,large_h_iv,ivreg2,fuzzy_late_interaction,ccpp_equal,ccpp,.01,8000,14927,59,31,8000,31,90,1,-.38683644,65.221291,.99526769,-128.21822,127.44455,49.340504,-.0078401398,-2.5986402,2.5829599,.11156969,.25741029,.25190097,.25190097,.63620591,.46066496,0,underidentified,0,,
I03,secondaryplus_2013,Secondary education or higher,3,100,M01,Log baseline CCPP population,1,primary,continuous,small_h_iv,ivreg2,fuzzy_late_interaction,ccpp_equal,ccpp,.005,4818,2174,29,15,2174,15,44,1,8.6733389,58.563541,.88226277,-106.10909,123.45577,49.491447,.17524925,-2.1439884,2.494487,.14738998,.40079021,.29880193,.29880193,.57464093,.43196842,0,underidentified,0,,
I03,secondaryplus_2013,Secondary education or higher,3,100,M01,Log baseline CCPP population,1,primary,continuous,common_h_rdhte,rdhte,assignment_hte,ccpp_equal,ccpp,.0075,6075,2795,43,22,2795,22,65,1,6.8296962,10.68322,.52263302,-14.10903,27.768423,49.444603,.13812825,-.28535023,.56160676,,,,,,,0,secondary_assignment_supported,0,1,
I04,employed_2013,Employed in the preceding month,4,100,M01,Log baseline CCPP population,1,primary,continuous,common_h_covariates,ivreg2,fuzzy_late_interaction,ccpp_equal,ccpp,.0075,5769,2795,41,22,2795,22,63,1,9.8545656,10.251184,.33639628,-10.237384,29.946516,49.915752,.19742396,-.20509326,.59994119,1.9294087,9.2097807,4.7276649,4.7276649,.049458101,.58374131,0,weak_interaction_instruments,0,,
I04,employed_2013,Employed in the preceding month,4,100,M01,Log baseline CCPP population,1,primary,continuous,common_h_district_cluster,ivreg2,fuzzy_late_interaction,ccpp_equal,district,.0075,6075,2795,43,22,2795,22,45,1,24.511719,22.096312,.2672953,-18.796255,67.819695,49.91423,.49107677,-.37657109,1.3587246,1.00142,4.1161265,2.7913706,2.7913706,.099562041,.16668485,0,underidentified,0,,
I04,employed_2013,Employed in the preceding month,4,100,M01,Log baseline CCPP population,1,primary,continuous,common_h_iv,ivreg2,fuzzy_late_interaction,ccpp_equal,ccpp,.0075,6075,2795,43,22,2795,22,65,1,24.511719,22.148714,.2684288,-18.898964,67.922401,49.91423,.49107677,-.37862876,1.3607824,1.0296096,4.0346231,2.7495735,2.7495735,.097149298,.1442986,0,underidentified,0,1,
I04,employed_2013,Employed in the preceding month,4,100,M01,Log baseline CCPP population,1,primary,continuous,common_h_observation_equal,ivreg2,fuzzy_late_interaction,person_equal,ccpp,.0075,6075,2795,43,22,2795,22,65,1,102.83286,543.56116,.84994894,-962.52747,1168.1931,49.901497,2.0607169,-19.288549,23.409983,.024136268,.051910445,.048465703,.048465703,.81314856,.088693574,0,underidentified,0,,
I04,employed_2013,Employed in the preceding month,4,100,M01,Log baseline CCPP population,1,primary,continuous,common_h_score_cluster,ivreg2,fuzzy_late_interaction,ccpp_equal,score_mass,.0075,6075,2795,43,22,2795,22,49,1,24.511719,21.71936,.25908121,-18.057446,67.080887,49.91423,.49107677,-.3617695,1.3439231,1.0668159,3.894769,2.9198139,2.9198139,.092578225,.13970505,0,underidentified,0,,
I04,employed_2013,Employed in the preceding month,4,100,M01,Log baseline CCPP population,1,primary,continuous,large_h_iv,ivreg2,fuzzy_late_interaction,ccpp_equal,ccpp,.01,8000,14927,59,31,8000,31,90,1,56.263508,136.21091,.67956144,-210.70497,323.23199,49.825138,1.1292193,-4.2288885,6.4873271,.11156969,.25741029,.25190097,.25190097,.63620591,.23477165,0,underidentified,0,,
I04,employed_2013,Employed in the preceding month,4,100,M01,Log baseline CCPP population,1,primary,continuous,small_h_iv,ivreg2,fuzzy_late_interaction,ccpp_equal,ccpp,.005,4818,2174,29,15,2174,15,44,1,81.62233,158.38811,.60632157,-228.81265,392.05731,49.856621,1.6371413,-4.5894136,7.8636961,.14738998,.40079021,.29880193,.29880193,.57464093,.077084489,0,underidentified,0,,
I04,employed_2013,Employed in the preceding month,4,100,M01,Log baseline CCPP population,1,primary,continuous,common_h_rdhte,rdhte,assignment_hte,ccpp_equal,ccpp,.0075,6075,2795,43,22,2795,22,65,1,14.826999,7.4728208,.047242079,.18053932,29.473459,49.91423,.29704952,.0036169912,.59048206,,,,,,,0,secondary_assignment_supported,0,.614147026091814,
I05,worker_independent_2013,Independent worker,5,100,M01,Log baseline CCPP population,1,primary,continuous,common_h_covariates,ivreg2,fuzzy_late_interaction,ccpp_equal,ccpp,.0075,5769,2795,41,22,2795,22,63,1,16.265148,12.17462,.18155311,-7.5966668,40.126965,49.805347,.32657436,-.15252714,.80567586,1.9294087,9.2097807,4.7276649,4.7276649,.049458101,.38227108,0,weak_interaction_instruments,0,,
I05,worker_independent_2013,Independent worker,5,100,M01,Log baseline CCPP population,1,primary,continuous,common_h_district_cluster,ivreg2,fuzzy_late_interaction,ccpp_equal,district,.0075,6075,2795,43,22,2795,22,45,1,25.930178,24.902454,.29775029,-22.877737,74.738091,49.795662,.52073163,-.45943233,1.5008956,1.00142,4.1161265,2.7913706,2.7913706,.099562041,.23190539,0,underidentified,0,,
I05,worker_independent_2013,Independent worker,5,100,M01,Log baseline CCPP population,1,primary,continuous,common_h_iv,ivreg2,fuzzy_late_interaction,ccpp_equal,ccpp,.0075,6075,2795,43,22,2795,22,65,1,25.930178,25.099457,.30155843,-23.263855,75.124207,49.795662,.52073163,-.46718636,1.5086497,1.0296096,4.0346231,2.7495735,2.7495735,.097149298,.23539782,0,underidentified,0,1,
I05,worker_independent_2013,Independent worker,5,100,M01,Log baseline CCPP population,1,primary,continuous,common_h_observation_equal,ivreg2,fuzzy_late_interaction,person_equal,ccpp,.0075,6075,2795,43,22,2795,22,65,1,208.62286,1004.1397,.83541417,-1759.4547,2176.7004,49.220909,4.2385006,-35.746086,44.223087,.024136268,.051910445,.048465703,.048465703,.81314856,.32746872,0,underidentified,0,,
I05,worker_independent_2013,Independent worker,5,100,M01,Log baseline CCPP population,1,primary,continuous,common_h_score_cluster,ivreg2,fuzzy_late_interaction,ccpp_equal,score_mass,.0075,6075,2795,43,22,2795,22,49,1,25.930178,24.796247,.29568574,-22.669575,74.52993,49.795662,.52073163,-.45525199,1.4967153,1.0668159,3.894769,2.9198139,2.9198139,.092578225,.24914591,0,underidentified,0,,
I05,worker_independent_2013,Independent worker,5,100,M01,Log baseline CCPP population,1,primary,continuous,large_h_iv,ivreg2,fuzzy_late_interaction,ccpp_equal,ccpp,.01,8000,14927,59,31,8000,31,90,1,59.949272,139.96941,.66843081,-214.38573,334.28427,49.890575,1.2016151,-4.2971187,6.7003489,.11156969,.25741029,.25190097,.25190097,.63620591,.28962043,0,underidentified,0,,
I05,worker_independent_2013,Independent worker,5,100,M01,Log baseline CCPP population,1,primary,continuous,small_h_iv,ivreg2,fuzzy_late_interaction,ccpp_equal,ccpp,.005,4818,2174,29,15,2174,15,44,1,87.644272,171.94493,.61024559,-249.36159,424.65015,49.831509,1.7588124,-5.0040946,8.5217199,.14738998,.40079021,.29880193,.29880193,.57464093,.12148945,0,underidentified,0,,
I05,worker_independent_2013,Independent worker,5,100,M01,Log baseline CCPP population,1,primary,continuous,common_h_rdhte,rdhte,assignment_hte,ccpp_equal,ccpp,.0075,6075,2795,43,22,2795,22,65,1,17.269745,8.5466824,.043317344,.51855403,34.020935,49.795662,.34681222,.010413638,.68321079,,,,,,,0,secondary_assignment_supported,0,.6064428165555,
I06,insurance_any_2013,Any health insurance,6,100,M01,Log baseline CCPP population,1,primary,continuous,common_h_covariates,ivreg2,fuzzy_late_interaction,ccpp_equal,ccpp,.0075,5769,2795,41,22,2795,22,63,1,24.41736,32.47517,.45212454,-39.232803,88.06752,36.311859,.67243481,-1.0804404,2.4253101,1.9294087,9.2097807,4.7276649,4.7276649,.049458101,.41447562,0,weak_interaction_instruments,0,,
I06,insurance_any_2013,Any health insurance,6,100,M01,Log baseline CCPP population,1,primary,continuous,common_h_district_cluster,ivreg2,fuzzy_late_interaction,ccpp_equal,district,.0075,6075,2795,43,22,2795,22,45,1,19.91048,48.073288,.6787501,-74.311432,114.1324,35.882141,.55488557,-2.0709867,3.1807578,1.00142,4.1161265,2.7913706,2.7913706,.099562041,.4803558,0,underidentified,0,,
I06,insurance_any_2013,Any health insurance,6,100,M01,Log baseline CCPP population,1,primary,continuous,common_h_iv,ivreg2,fuzzy_late_interaction,ccpp_equal,ccpp,.0075,6075,2795,43,22,2795,22,65,1,19.91048,46.943584,.67146635,-72.097252,111.91821,35.882141,.55488557,-2.0092797,3.1190507,1.0296096,4.0346231,2.7495735,2.7495735,.097149298,.54077953,0,underidentified,0,1,
I06,insurance_any_2013,Any health insurance,6,100,M01,Log baseline CCPP population,1,primary,continuous,common_h_observation_equal,ivreg2,fuzzy_late_interaction,person_equal,ccpp,.0075,6075,2795,43,22,2795,22,65,1,-38.810574,459.52518,.93269229,-939.46338,861.84222,43.202179,-.89834762,-21.745741,19.949045,.024136268,.051910445,.048465703,.048465703,.81314856,.20594753,0,underidentified,0,,
I06,insurance_any_2013,Any health insurance,6,100,M01,Log baseline CCPP population,1,primary,continuous,common_h_score_cluster,ivreg2,fuzzy_late_interaction,ccpp_equal,score_mass,.0075,6075,2795,43,22,2795,22,49,1,19.91048,46.815098,.6706177,-71.845428,111.66639,35.882141,.55488557,-2.0022614,3.1120327,1.0668159,3.894769,2.9198139,2.9198139,.092578225,.54720372,0,underidentified,0,,
I06,insurance_any_2013,Any health insurance,6,100,M01,Log baseline CCPP population,1,primary,continuous,large_h_iv,ivreg2,fuzzy_late_interaction,ccpp_equal,ccpp,.01,8000,14927,59,31,8000,31,90,1,37.526302,112.5858,.7388981,-183.13782,258.19043,36.861988,1.0180217,-4.9682021,7.0042453,.11156969,.25741029,.25190097,.25190097,.63620591,.47457883,0,underidentified,0,,
I06,insurance_any_2013,Any health insurance,6,100,M01,Log baseline CCPP population,1,primary,continuous,small_h_iv,ivreg2,fuzzy_late_interaction,ccpp_equal,ccpp,.005,4818,2174,29,15,2174,15,44,1,28.381033,137.91309,.83695555,-241.92366,298.68573,36.203194,.78393728,-6.6823845,8.2502594,.14738998,.40079021,.29880193,.29880193,.57464093,.82978445,0,underidentified,0,,
I06,insurance_any_2013,Any health insurance,6,100,M01,Log baseline CCPP population,1,primary,continuous,common_h_rdhte,rdhte,assignment_hte,ccpp_equal,ccpp,.0075,6075,2795,43,22,2795,22,65,1,6.440145,23.310699,.78233749,-39.247986,52.128277,35.882141,.17948052,-1.0938028,1.4527639,,,,,,,0,secondary_assignment_supported,0,1,
I07,program_any_2013,Any listed social program,7,100,M01,Log baseline CCPP population,1,primary,continuous,common_h_covariates,ivreg2,fuzzy_late_interaction,ccpp_equal,ccpp,.0075,5769,2795,41,22,2795,22,63,1,-2.0215015,8.0800648,.80244517,-17.858137,13.815135,42.593063,-.047460813,-.41927338,.32435176,1.9294087,9.2097807,4.7276649,4.7276649,.049458101,.32937437,0,weak_interaction_instruments,0,,
I07,program_any_2013,Any listed social program,7,100,M01,Log baseline CCPP population,1,primary,continuous,common_h_district_cluster,ivreg2,fuzzy_late_interaction,ccpp_equal,district,.0075,6075,2795,43,22,2795,22,45,1,-11.169737,16.382036,.4953475,-43.277939,20.938465,42.828854,-.26079932,-1.0104855,.48888686,1.00142,4.1161265,2.7913706,2.7913706,.099562041,.44197407,0,underidentified,0,,
I07,program_any_2013,Any listed social program,7,100,M01,Log baseline CCPP population,1,primary,continuous,common_h_iv,ivreg2,fuzzy_late_interaction,ccpp_equal,ccpp,.0075,6075,2795,43,22,2795,22,65,1,-11.169737,16.768129,.50532866,-44.034668,21.695192,42.828854,-.26079932,-1.0281541,.5065555,1.0296096,4.0346231,2.7495735,2.7495735,.097149298,.47117028,0,underidentified,0,1,
I07,program_any_2013,Any listed social program,7,100,M01,Log baseline CCPP population,1,primary,continuous,common_h_observation_equal,ivreg2,fuzzy_late_interaction,person_equal,ccpp,.0075,6075,2795,43,22,2795,22,65,1,-70.887726,380.76535,.85231012,-817.17407,675.39862,40.911762,-1.732698,-19.974062,16.508667,.024136268,.051910445,.048465703,.048465703,.81314856,.78517509,0,underidentified,0,,
I07,program_any_2013,Any listed social program,7,100,M01,Log baseline CCPP population,1,primary,continuous,common_h_score_cluster,ivreg2,fuzzy_late_interaction,ccpp_equal,score_mass,.0075,6075,2795,43,22,2795,22,49,1,-11.169737,16.025051,.48579204,-42.578262,20.238789,42.828854,-.26079932,-.99414897,.4725503,1.0668159,3.894769,2.9198139,2.9198139,.092578225,.48144034,0,underidentified,0,,
I07,program_any_2013,Any listed social program,7,100,M01,Log baseline CCPP population,1,primary,continuous,large_h_iv,ivreg2,fuzzy_late_interaction,ccpp_equal,ccpp,.01,8000,14927,59,31,8000,31,90,1,-14.908773,46.518383,.74859536,-106.08313,76.265579,43.497551,-.34274974,-2.4388299,1.7533306,.11156969,.25741029,.25190097,.25190097,.63620591,.46525761,0,underidentified,0,,
I07,program_any_2013,Any listed social program,7,100,M01,Log baseline CCPP population,1,primary,continuous,small_h_iv,ivreg2,fuzzy_late_interaction,ccpp_equal,ccpp,.005,4818,2174,29,15,2174,15,44,1,6.9675059,44.554424,.875732,-80.357559,94.292572,41.126457,.16941664,-1.953914,2.2927473,.14738998,.40079021,.29880193,.29880193,.57464093,.62748301,0,underidentified,0,,
I07,program_any_2013,Any listed social program,7,100,M01,Log baseline CCPP population,1,primary,continuous,common_h_rdhte,rdhte,assignment_hte,ccpp_equal,ccpp,.0075,6075,2795,43,22,2795,22,65,1,-3.5806568,13.43165,.78978986,-29.906206,22.744894,42.828854,-.083603844,-.69827241,.53106469,,,,,,,0,secondary_assignment_supported,0,1,
I08,program_juntos_2013,Juntos participation,8,100,M01,Log baseline CCPP population,1,primary,continuous,common_h_covariates,ivreg2,fuzzy_late_interaction,ccpp_equal,ccpp,.0075,5769,2795,41,22,2795,22,63,1,-.59391785,5.4477763,.91318643,-11.271363,10.083528,36.650818,-.016204763,-.30753374,.27512422,1.9294087,9.2097807,4.7276649,4.7276649,.049458101,.20445442,0,weak_interaction_instruments,0,,
I08,program_juntos_2013,Juntos participation,8,100,M01,Log baseline CCPP population,1,primary,continuous,common_h_district_cluster,ivreg2,fuzzy_late_interaction,ccpp_equal,district,.0075,6075,2795,43,22,2795,22,45,1,-8.8055706,13.9327,.52738202,-36.113163,18.50202,36.959873,-.23824677,-.97709101,.50059748,1.00142,4.1161265,2.7913706,2.7913706,.099562041,.33654502,0,underidentified,0,,
I08,program_juntos_2013,Juntos participation,8,100,M01,Log baseline CCPP population,1,primary,continuous,common_h_iv,ivreg2,fuzzy_late_interaction,ccpp_equal,ccpp,.0075,6075,2795,43,22,2795,22,65,1,-8.8055706,13.739799,.52160025,-35.735081,18.12394,36.959873,-.23824677,-.96686155,.49036801,1.0296096,4.0346231,2.7495735,2.7495735,.097149298,.33211097,0,underidentified,0,1,
I08,program_juntos_2013,Juntos participation,8,100,M01,Log baseline CCPP population,1,primary,continuous,common_h_observation_equal,ivreg2,fuzzy_late_interaction,person_equal,ccpp,.0075,6075,2795,43,22,2795,22,65,1,-60.871025,326.14203,.85194319,-700.09766,578.35565,35.215057,-1.728551,-19.880634,16.423532,.024136268,.051910445,.048465703,.048465703,.81314856,.76117474,0,underidentified,0,,
I08,program_juntos_2013,Juntos participation,8,100,M01,Log baseline CCPP population,1,primary,continuous,common_h_score_cluster,ivreg2,fuzzy_late_interaction,ccpp_equal,score_mass,.0075,6075,2795,43,22,2795,22,49,1,-8.8055706,13.353987,.50964129,-34.978905,17.367764,36.959873,-.23824677,-.94640213,.4699086,1.0668159,3.894769,2.9198139,2.9198139,.092578225,.36686769,0,underidentified,0,,
I08,program_juntos_2013,Juntos participation,8,100,M01,Log baseline CCPP population,1,primary,continuous,large_h_iv,ivreg2,fuzzy_late_interaction,ccpp_equal,ccpp,.01,8000,14927,59,31,8000,31,90,1,-22.942627,59.190704,.69830817,-138.95427,93.069023,36.433475,-.62971288,-3.8139179,2.554492,.11156969,.25741029,.25190097,.25190097,.63620591,.41455904,0,underidentified,0,,
I08,program_juntos_2013,Juntos participation,8,100,M01,Log baseline CCPP population,1,primary,continuous,small_h_iv,ivreg2,fuzzy_late_interaction,ccpp_equal,ccpp,.005,4818,2174,29,15,2174,15,44,1,-.20096265,36.14053,.99556333,-71.035095,70.633171,36.176479,-.0055550635,-1.9635714,1.9524612,.14738998,.40079021,.29880193,.29880193,.57464093,.43663409,0,underidentified,0,,
I08,program_juntos_2013,Juntos participation,8,100,M01,Log baseline CCPP population,1,primary,continuous,common_h_rdhte,rdhte,assignment_hte,ccpp_equal,ccpp,.0075,6075,2795,43,22,2795,22,65,1,-3.6021962,9.3701992,.70065898,-21.967449,14.763058,36.959873,-.097462349,-.59435946,.39943472,,,,,,,0,secondary_assignment_supported,0,1,
I01,female_2013,Female,1,100,M02,District-capital CCPP,2,primary,binary,common_h_covariates,ivreg2,fuzzy_late_interaction,ccpp_equal,ccpp,.0075,5769,2795,41,22,578,2,63,0,,,,,,,,,,,,,,,,0,insufficient_support,2001,,
I01,female_2013,Female,1,100,M02,District-capital CCPP,2,primary,binary,common_h_district_cluster,ivreg2,fuzzy_late_interaction,ccpp_equal,district,.0075,5893,2795,42,22,578,2,44,0,,,,,,,,,,,,,,,,0,insufficient_support,2001,,
I01,female_2013,Female,1,100,M02,District-capital CCPP,2,primary,binary,common_h_iv,ivreg2,fuzzy_late_interaction,ccpp_equal,ccpp,.0075,5893,2795,42,22,578,2,64,0,,,,,,,,,,,,,,,,0,insufficient_support,2001,,
I01,female_2013,Female,1,100,M02,District-capital CCPP,2,primary,binary,common_h_observation_equal,ivreg2,fuzzy_late_interaction,person_equal,ccpp,.0075,5893,2795,42,22,578,2,64,0,,,,,,,,,,,,,,,,0,insufficient_support,2001,,
I01,female_2013,Female,1,100,M02,District-capital CCPP,2,primary,binary,common_h_score_cluster,ivreg2,fuzzy_late_interaction,ccpp_equal,score_mass,.0075,5893,2795,42,22,578,2,49,0,,,,,,,,,,,,,,,,0,insufficient_support,2001,,
I01,female_2013,Female,1,100,M02,District-capital CCPP,2,primary,binary,large_h_iv,ivreg2,fuzzy_late_interaction,ccpp_equal,ccpp,.01,7818,14927,58,31,2720,4,89,0,,,,,,,,,,,,,,,,0,insufficient_support,2001,,
I01,female_2013,Female,1,100,M02,District-capital CCPP,2,primary,binary,small_h_iv,ivreg2,fuzzy_late_interaction,ccpp_equal,ccpp,.005,4818,2174,29,15,578,2,44,0,,,,,,,,,,,,,,,,0,insufficient_support,2001,,
I01,female_2013,Female,1,100,M02,District-capital CCPP,2,primary,binary,common_h_rdhte,rdhte,assignment_hte,ccpp_equal,ccpp,.0075,5893,2795,42,22,578,2,64,0,,,,,,,,,,,,,,,,0,insufficient_support,2001,,
I02,age_15_29_outcome,Age 15-29,2,100,M02,District-capital CCPP,2,primary,binary,common_h_covariates,ivreg2,fuzzy_late_interaction,ccpp_equal,ccpp,.0075,5769,2795,41,22,578,2,63,0,,,,,,,,,,,,,,,,0,insufficient_support,2001,,
I02,age_15_29_outcome,Age 15-29,2,100,M02,District-capital CCPP,2,primary,binary,common_h_district_cluster,ivreg2,fuzzy_late_interaction,ccpp_equal,district,.0075,5893,2795,42,22,578,2,44,0,,,,,,,,,,,,,,,,0,insufficient_support,2001,,
I02,age_15_29_outcome,Age 15-29,2,100,M02,District-capital CCPP,2,primary,binary,common_h_iv,ivreg2,fuzzy_late_interaction,ccpp_equal,ccpp,.0075,5893,2795,42,22,578,2,64,0,,,,,,,,,,,,,,,,0,insufficient_support,2001,,
I02,age_15_29_outcome,Age 15-29,2,100,M02,District-capital CCPP,2,primary,binary,common_h_observation_equal,ivreg2,fuzzy_late_interaction,person_equal,ccpp,.0075,5893,2795,42,22,578,2,64,0,,,,,,,,,,,,,,,,0,insufficient_support,2001,,
I02,age_15_29_outcome,Age 15-29,2,100,M02,District-capital CCPP,2,primary,binary,common_h_score_cluster,ivreg2,fuzzy_late_interaction,ccpp_equal,score_mass,.0075,5893,2795,42,22,578,2,49,0,,,,,,,,,,,,,,,,0,insufficient_support,2001,,
I02,age_15_29_outcome,Age 15-29,2,100,M02,District-capital CCPP,2,primary,binary,large_h_iv,ivreg2,fuzzy_late_interaction,ccpp_equal,ccpp,.01,7818,14927,58,31,2720,4,89,0,,,,,,,,,,,,,,,,0,insufficient_support,2001,,
I02,age_15_29_outcome,Age 15-29,2,100,M02,District-capital CCPP,2,primary,binary,small_h_iv,ivreg2,fuzzy_late_interaction,ccpp_equal,ccpp,.005,4818,2174,29,15,578,2,44,0,,,,,,,,,,,,,,,,0,insufficient_support,2001,,
I02,age_15_29_outcome,Age 15-29,2,100,M02,District-capital CCPP,2,primary,binary,common_h_rdhte,rdhte,assignment_hte,ccpp_equal,ccpp,.0075,5893,2795,42,22,578,2,64,0,,,,,,,,,,,,,,,,0,insufficient_support,2001,,
I03,secondaryplus_2013,Secondary education or higher,3,100,M02,District-capital CCPP,2,primary,binary,common_h_covariates,ivreg2,fuzzy_late_interaction,ccpp_equal,ccpp,.0075,5769,2795,41,22,578,2,63,0,,,,,,,,,,,,,,,,0,insufficient_support,2001,,
I03,secondaryplus_2013,Secondary education or higher,3,100,M02,District-capital CCPP,2,primary,binary,common_h_district_cluster,ivreg2,fuzzy_late_interaction,ccpp_equal,district,.0075,5893,2795,42,22,578,2,44,0,,,,,,,,,,,,,,,,0,insufficient_support,2001,,
I03,secondaryplus_2013,Secondary education or higher,3,100,M02,District-capital CCPP,2,primary,binary,common_h_iv,ivreg2,fuzzy_late_interaction,ccpp_equal,ccpp,.0075,5893,2795,42,22,578,2,64,0,,,,,,,,,,,,,,,,0,insufficient_support,2001,,
I03,secondaryplus_2013,Secondary education or higher,3,100,M02,District-capital CCPP,2,primary,binary,common_h_observation_equal,ivreg2,fuzzy_late_interaction,person_equal,ccpp,.0075,5893,2795,42,22,578,2,64,0,,,,,,,,,,,,,,,,0,insufficient_support,2001,,
I03,secondaryplus_2013,Secondary education or higher,3,100,M02,District-capital CCPP,2,primary,binary,common_h_score_cluster,ivreg2,fuzzy_late_interaction,ccpp_equal,score_mass,.0075,5893,2795,42,22,578,2,49,0,,,,,,,,,,,,,,,,0,insufficient_support,2001,,
I03,secondaryplus_2013,Secondary education or higher,3,100,M02,District-capital CCPP,2,primary,binary,large_h_iv,ivreg2,fuzzy_late_interaction,ccpp_equal,ccpp,.01,7818,14927,58,31,2720,4,89,0,,,,,,,,,,,,,,,,0,insufficient_support,2001,,
I03,secondaryplus_2013,Secondary education or higher,3,100,M02,District-capital CCPP,2,primary,binary,small_h_iv,ivreg2,fuzzy_late_interaction,ccpp_equal,ccpp,.005,4818,2174,29,15,578,2,44,0,,,,,,,,,,,,,,,,0,insufficient_support,2001,,
I03,secondaryplus_2013,Secondary education or higher,3,100,M02,District-capital CCPP,2,primary,binary,common_h_rdhte,rdhte,assignment_hte,ccpp_equal,ccpp,.0075,5893,2795,42,22,578,2,64,0,,,,,,,,,,,,,,,,0,insufficient_support,2001,,
I04,employed_2013,Employed in the preceding month,4,100,M02,District-capital CCPP,2,primary,binary,common_h_covariates,ivreg2,fuzzy_late_interaction,ccpp_equal,ccpp,.0075,5769,2795,41,22,578,2,63,0,,,,,,,,,,,,,,,,0,insufficient_support,2001,,
I04,employed_2013,Employed in the preceding month,4,100,M02,District-capital CCPP,2,primary,binary,common_h_district_cluster,ivreg2,fuzzy_late_interaction,ccpp_equal,district,.0075,5893,2795,42,22,578,2,44,0,,,,,,,,,,,,,,,,0,insufficient_support,2001,,
I04,employed_2013,Employed in the preceding month,4,100,M02,District-capital CCPP,2,primary,binary,common_h_iv,ivreg2,fuzzy_late_interaction,ccpp_equal,ccpp,.0075,5893,2795,42,22,578,2,64,0,,,,,,,,,,,,,,,,0,insufficient_support,2001,,
I04,employed_2013,Employed in the preceding month,4,100,M02,District-capital CCPP,2,primary,binary,common_h_observation_equal,ivreg2,fuzzy_late_interaction,person_equal,ccpp,.0075,5893,2795,42,22,578,2,64,0,,,,,,,,,,,,,,,,0,insufficient_support,2001,,
I04,employed_2013,Employed in the preceding month,4,100,M02,District-capital CCPP,2,primary,binary,common_h_score_cluster,ivreg2,fuzzy_late_interaction,ccpp_equal,score_mass,.0075,5893,2795,42,22,578,2,49,0,,,,,,,,,,,,,,,,0,insufficient_support,2001,,
I04,employed_2013,Employed in the preceding month,4,100,M02,District-capital CCPP,2,primary,binary,large_h_iv,ivreg2,fuzzy_late_interaction,ccpp_equal,ccpp,.01,7818,14927,58,31,2720,4,89,0,,,,,,,,,,,,,,,,0,insufficient_support,2001,,
I04,employed_2013,Employed in the preceding month,4,100,M02,District-capital CCPP,2,primary,binary,small_h_iv,ivreg2,fuzzy_late_interaction,ccpp_equal,ccpp,.005,4818,2174,29,15,578,2,44,0,,,,,,,,,,,,,,,,0,insufficient_support,2001,,
I04,employed_2013,Employed in the preceding month,4,100,M02,District-capital CCPP,2,primary,binary,common_h_rdhte,rdhte,assignment_hte,ccpp_equal,ccpp,.0075,5893,2795,42,22,578,2,64,0,,,,,,,,,,,,,,,,0,insufficient_support,2001,,
I05,worker_independent_2013,Independent worker,5,100,M02,District-capital CCPP,2,primary,binary,common_h_covariates,ivreg2,fuzzy_late_interaction,ccpp_equal,ccpp,.0075,5769,2795,41,22,578,2,63,0,,,,,,,,,,,,,,,,0,insufficient_support,2001,,
I05,worker_independent_2013,Independent worker,5,100,M02,District-capital CCPP,2,primary,binary,common_h_district_cluster,ivreg2,fuzzy_late_interaction,ccpp_equal,district,.0075,5893,2795,42,22,578,2,44,0,,,,,,,,,,,,,,,,0,insufficient_support,2001,,
I05,worker_independent_2013,Independent worker,5,100,M02,District-capital CCPP,2,primary,binary,common_h_iv,ivreg2,fuzzy_late_interaction,ccpp_equal,ccpp,.0075,5893,2795,42,22,578,2,64,0,,,,,,,,,,,,,,,,0,insufficient_support,2001,,
I05,worker_independent_2013,Independent worker,5,100,M02,District-capital CCPP,2,primary,binary,common_h_observation_equal,ivreg2,fuzzy_late_interaction,person_equal,ccpp,.0075,5893,2795,42,22,578,2,64,0,,,,,,,,,,,,,,,,0,insufficient_support,2001,,
I05,worker_independent_2013,Independent worker,5,100,M02,District-capital CCPP,2,primary,binary,common_h_score_cluster,ivreg2,fuzzy_late_interaction,ccpp_equal,score_mass,.0075,5893,2795,42,22,578,2,49,0,,,,,,,,,,,,,,,,0,insufficient_support,2001,,
I05,worker_independent_2013,Independent worker,5,100,M02,District-capital CCPP,2,primary,binary,large_h_iv,ivreg2,fuzzy_late_interaction,ccpp_equal,ccpp,.01,7818,14927,58,31,2720,4,89,0,,,,,,,,,,,,,,,,0,insufficient_support,2001,,
I05,worker_independent_2013,Independent worker,5,100,M02,District-capital CCPP,2,primary,binary,small_h_iv,ivreg2,fuzzy_late_interaction,ccpp_equal,ccpp,.005,4818,2174,29,15,578,2,44,0,,,,,,,,,,,,,,,,0,insufficient_support,2001,,
I05,worker_independent_2013,Independent worker,5,100,M02,District-capital CCPP,2,primary,binary,common_h_rdhte,rdhte,assignment_hte,ccpp_equal,ccpp,.0075,5893,2795,42,22,578,2,64,0,,,,,,,,,,,,,,,,0,insufficient_support,2001,,
I06,insurance_any_2013,Any health insurance,6,100,M02,District-capital CCPP,2,primary,binary,common_h_covariates,ivreg2,fuzzy_late_interaction,ccpp_equal,ccpp,.0075,5769,2795,41,22,578,2,63,0,,,,,,,,,,,,,,,,0,insufficient_support,2001,,
I06,insurance_any_2013,Any health insurance,6,100,M02,District-capital CCPP,2,primary,binary,common_h_district_cluster,ivreg2,fuzzy_late_interaction,ccpp_equal,district,.0075,5893,2795,42,22,578,2,44,0,,,,,,,,,,,,,,,,0,insufficient_support,2001,,
I06,insurance_any_2013,Any health insurance,6,100,M02,District-capital CCPP,2,primary,binary,common_h_iv,ivreg2,fuzzy_late_interaction,ccpp_equal,ccpp,.0075,5893,2795,42,22,578,2,64,0,,,,,,,,,,,,,,,,0,insufficient_support,2001,,
I06,insurance_any_2013,Any health insurance,6,100,M02,District-capital CCPP,2,primary,binary,common_h_observation_equal,ivreg2,fuzzy_late_interaction,person_equal,ccpp,.0075,5893,2795,42,22,578,2,64,0,,,,,,,,,,,,,,,,0,insufficient_support,2001,,
I06,insurance_any_2013,Any health insurance,6,100,M02,District-capital CCPP,2,primary,binary,common_h_score_cluster,ivreg2,fuzzy_late_interaction,ccpp_equal,score_mass,.0075,5893,2795,42,22,578,2,49,0,,,,,,,,,,,,,,,,0,insufficient_support,2001,,
I06,insurance_any_2013,Any health insurance,6,100,M02,District-capital CCPP,2,primary,binary,large_h_iv,ivreg2,fuzzy_late_interaction,ccpp_equal,ccpp,.01,7818,14927,58,31,2720,4,89,0,,,,,,,,,,,,,,,,0,insufficient_support,2001,,
I06,insurance_any_2013,Any health insurance,6,100,M02,District-capital CCPP,2,primary,binary,small_h_iv,ivreg2,fuzzy_late_interaction,ccpp_equal,ccpp,.005,4818,2174,29,15,578,2,44,0,,,,,,,,,,,,,,,,0,insufficient_support,2001,,
I06,insurance_any_2013,Any health insurance,6,100,M02,District-capital CCPP,2,primary,binary,common_h_rdhte,rdhte,assignment_hte,ccpp_equal,ccpp,.0075,5893,2795,42,22,578,2,64,0,,,,,,,,,,,,,,,,0,insufficient_support,2001,,
I07,program_any_2013,Any listed social program,7,100,M02,District-capital CCPP,2,primary,binary,common_h_covariates,ivreg2,fuzzy_late_interaction,ccpp_equal,ccpp,.0075,5769,2795,41,22,578,2,63,0,,,,,,,,,,,,,,,,0,insufficient_support,2001,,
I07,program_any_2013,Any listed social program,7,100,M02,District-capital CCPP,2,primary,binary,common_h_district_cluster,ivreg2,fuzzy_late_interaction,ccpp_equal,district,.0075,5893,2795,42,22,578,2,44,0,,,,,,,,,,,,,,,,0,insufficient_support,2001,,
I07,program_any_2013,Any listed social program,7,100,M02,District-capital CCPP,2,primary,binary,common_h_iv,ivreg2,fuzzy_late_interaction,ccpp_equal,ccpp,.0075,5893,2795,42,22,578,2,64,0,,,,,,,,,,,,,,,,0,insufficient_support,2001,,
I07,program_any_2013,Any listed social program,7,100,M02,District-capital CCPP,2,primary,binary,common_h_observation_equal,ivreg2,fuzzy_late_interaction,person_equal,ccpp,.0075,5893,2795,42,22,578,2,64,0,,,,,,,,,,,,,,,,0,insufficient_support,2001,,
I07,program_any_2013,Any listed social program,7,100,M02,District-capital CCPP,2,primary,binary,common_h_score_cluster,ivreg2,fuzzy_late_interaction,ccpp_equal,score_mass,.0075,5893,2795,42,22,578,2,49,0,,,,,,,,,,,,,,,,0,insufficient_support,2001,,
I07,program_any_2013,Any listed social program,7,100,M02,District-capital CCPP,2,primary,binary,large_h_iv,ivreg2,fuzzy_late_interaction,ccpp_equal,ccpp,.01,7818,14927,58,31,2720,4,89,0,,,,,,,,,,,,,,,,0,insufficient_support,2001,,
I07,program_any_2013,Any listed social program,7,100,M02,District-capital CCPP,2,primary,binary,small_h_iv,ivreg2,fuzzy_late_interaction,ccpp_equal,ccpp,.005,4818,2174,29,15,578,2,44,0,,,,,,,,,,,,,,,,0,insufficient_support,2001,,
I07,program_any_2013,Any listed social program,7,100,M02,District-capital CCPP,2,primary,binary,common_h_rdhte,rdhte,assignment_hte,ccpp_equal,ccpp,.0075,5893,2795,42,22,578,2,64,0,,,,,,,,,,,,,,,,0,insufficient_support,2001,,
I08,program_juntos_2013,Juntos participation,8,100,M02,District-capital CCPP,2,primary,binary,common_h_covariates,ivreg2,fuzzy_late_interaction,ccpp_equal,ccpp,.0075,5769,2795,41,22,578,2,63,0,,,,,,,,,,,,,,,,0,insufficient_support,2001,,
I08,program_juntos_2013,Juntos participation,8,100,M02,District-capital CCPP,2,primary,binary,common_h_district_cluster,ivreg2,fuzzy_late_interaction,ccpp_equal,district,.0075,5893,2795,42,22,578,2,44,0,,,,,,,,,,,,,,,,0,insufficient_support,2001,,
I08,program_juntos_2013,Juntos participation,8,100,M02,District-capital CCPP,2,primary,binary,common_h_iv,ivreg2,fuzzy_late_interaction,ccpp_equal,ccpp,.0075,5893,2795,42,22,578,2,64,0,,,,,,,,,,,,,,,,0,insufficient_support,2001,,
I08,program_juntos_2013,Juntos participation,8,100,M02,District-capital CCPP,2,primary,binary,common_h_observation_equal,ivreg2,fuzzy_late_interaction,person_equal,ccpp,.0075,5893,2795,42,22,578,2,64,0,,,,,,,,,,,,,,,,0,insufficient_support,2001,,
I08,program_juntos_2013,Juntos participation,8,100,M02,District-capital CCPP,2,primary,binary,common_h_score_cluster,ivreg2,fuzzy_late_interaction,ccpp_equal,score_mass,.0075,5893,2795,42,22,578,2,49,0,,,,,,,,,,,,,,,,0,insufficient_support,2001,,
I08,program_juntos_2013,Juntos participation,8,100,M02,District-capital CCPP,2,primary,binary,large_h_iv,ivreg2,fuzzy_late_interaction,ccpp_equal,ccpp,.01,7818,14927,58,31,2720,4,89,0,,,,,,,,,,,,,,,,0,insufficient_support,2001,,
I08,program_juntos_2013,Juntos participation,8,100,M02,District-capital CCPP,2,primary,binary,small_h_iv,ivreg2,fuzzy_late_interaction,ccpp_equal,ccpp,.005,4818,2174,29,15,578,2,44,0,,,,,,,,,,,,,,,,0,insufficient_support,2001,,
I08,program_juntos_2013,Juntos participation,8,100,M02,District-capital CCPP,2,primary,binary,common_h_rdhte,rdhte,assignment_hte,ccpp_equal,ccpp,.0075,5893,2795,42,22,578,2,64,0,,,,,,,,,,,,,,,,0,insufficient_support,2001,,
I01,female_2013,Female,1,100,M03,Female respondent,3,primary,binary,common_h_covariates,ivreg2,fuzzy_late_interaction,ccpp_equal,ccpp,.0075,,,,,,,,0,,,,,,,,,,,,,,,,0,not_applicable_identity,2000,,
I01,female_2013,Female,1,100,M03,Female respondent,3,primary,binary,common_h_district_cluster,ivreg2,fuzzy_late_interaction,ccpp_equal,district,.0075,,,,,,,,0,,,,,,,,,,,,,,,,0,not_applicable_identity,2000,,
I01,female_2013,Female,1,100,M03,Female respondent,3,primary,binary,common_h_iv,ivreg2,fuzzy_late_interaction,ccpp_equal,ccpp,.0075,,,,,,,,0,,,,,,,,,,,,,,,,0,not_applicable_identity,2000,,
I01,female_2013,Female,1,100,M03,Female respondent,3,primary,binary,common_h_observation_equal,ivreg2,fuzzy_late_interaction,person_equal,ccpp,.0075,,,,,,,,0,,,,,,,,,,,,,,,,0,not_applicable_identity,2000,,
I01,female_2013,Female,1,100,M03,Female respondent,3,primary,binary,common_h_score_cluster,ivreg2,fuzzy_late_interaction,ccpp_equal,score_mass,.0075,,,,,,,,0,,,,,,,,,,,,,,,,0,not_applicable_identity,2000,,
I01,female_2013,Female,1,100,M03,Female respondent,3,primary,binary,large_h_iv,ivreg2,fuzzy_late_interaction,ccpp_equal,ccpp,.01,,,,,,,,0,,,,,,,,,,,,,,,,0,not_applicable_identity,2000,,
I01,female_2013,Female,1,100,M03,Female respondent,3,primary,binary,small_h_iv,ivreg2,fuzzy_late_interaction,ccpp_equal,ccpp,.005,,,,,,,,0,,,,,,,,,,,,,,,,0,not_applicable_identity,2000,,
I01,female_2013,Female,1,100,M03,Female respondent,3,primary,binary,common_h_rdhte,rdhte,assignment_hte,ccpp_equal,ccpp,.0075,,,,,,,,0,,,,,,,,,,,,,,,,0,not_applicable_identity,2000,,
I02,age_15_29_outcome,Age 15-29,2,100,M03,Female respondent,3,primary,binary,common_h_covariates,ivreg2,fuzzy_late_interaction,ccpp_equal,ccpp,.0075,5769,2795,41,22,1352,22,63,1,-12.150705,12.491454,.33069178,-36.633507,12.332096,45.6786,-.26600432,-.80198401,.26997533,4.8270035,10.440917,15.527402,10.440917,.017081069,.02154847,1,pass,0,,
I02,age_15_29_outcome,Age 15-29,2,100,M03,Female respondent,3,primary,binary,common_h_district_cluster,ivreg2,fuzzy_late_interaction,ccpp_equal,district,.0075,6075,2795,43,22,1352,22,45,1,-13.619055,15.4347,.37757888,-43.87051,16.632401,45.775349,-.29751942,-.9583872,.36334839,4.1657453,,27.331532,27.331532,.02167128,.09470357,1,pass,0,,
I02,age_15_29_outcome,Age 15-29,2,100,M03,Female respondent,3,primary,binary,common_h_iv,ivreg2,fuzzy_late_interaction,ccpp_equal,ccpp,.0075,6075,2795,43,22,1352,22,65,1,-13.619055,15.566504,.38163111,-44.128845,16.890734,45.775349,-.29751942,-.96403068,.36899188,4.199039,8.398078,27.96941,8.398078,.0224167,.1165691,0,weak_interaction_instruments,0,1,
I02,age_15_29_outcome,Age 15-29,2,100,M03,Female respondent,3,primary,binary,common_h_observation_equal,ivreg2,fuzzy_late_interaction,person_equal,ccpp,.0075,6075,2795,43,22,1352,22,65,1,2.8197551,10.385555,.78600079,-17.535559,23.175068,47.014717,.059976012,-.37298021,.49293223,1.0350124,,5.6940432,5.6940432,.10005025,.059537064,0,underidentified,0,,
I02,age_15_29_outcome,Age 15-29,2,100,M03,Female respondent,3,primary,binary,common_h_score_cluster,ivreg2,fuzzy_late_interaction,ccpp_equal,score_mass,.0075,6075,2795,43,22,1352,22,49,1,-13.619055,15.834384,.38973734,-44.653877,17.415766,45.775349,-.29751942,-.97550046,.38046166,3.7962089,,27.465883,27.465883,.029280087,.10143699,1,pass,0,,
I02,age_15_29_outcome,Age 15-29,2,100,M03,Female respondent,3,primary,binary,large_h_iv,ivreg2,fuzzy_late_interaction,ccpp_equal,ccpp,.01,8000,14927,59,31,3821,31,90,1,-15.953251,16.654644,.33812019,-48.595753,16.689249,45.012119,-.35442123,-1.0796149,.37077236,3.2207818,,14.549621,14.549621,.023616875,.1572994,1,pass,0,,
I02,age_15_29_outcome,Age 15-29,2,100,M03,Female respondent,3,primary,binary,small_h_iv,ivreg2,fuzzy_late_interaction,ccpp_equal,ccpp,.005,4818,2174,29,15,1051,15,44,1,-18.254381,21.945347,.40551564,-61.266472,24.75771,46.369926,-.39366853,-1.3212544,.53391737,1.904747,,21.703762,21.703762,.14399986,.19418778,0,underidentified,0,,
I02,age_15_29_outcome,Age 15-29,2,100,M03,Female respondent,3,primary,binary,common_h_rdhte,rdhte,assignment_hte,ccpp_equal,ccpp,.0075,6075,2795,43,22,1352,22,65,1,-10.889428,16.644768,.51296663,-43.512573,21.733717,45.775349,-.23788847,-.95056778,.47479081,,,,,,,0,secondary_assignment_supported,0,1,
I03,secondaryplus_2013,Secondary education or higher,3,100,M03,Female respondent,3,primary,binary,common_h_covariates,ivreg2,fuzzy_late_interaction,ccpp_equal,ccpp,.0075,5769,2795,41,22,1352,22,63,1,-24.61182,13.45832,.067437984,-50.989643,1.7660023,49.443634,-.49777529,-1.031268,.035717484,4.8270035,10.440917,15.527402,10.440917,.017081069,.077270739,1,pass,0,,
I03,secondaryplus_2013,Secondary education or higher,3,100,M03,Female respondent,3,primary,binary,common_h_district_cluster,ivreg2,fuzzy_late_interaction,ccpp_equal,district,.0075,6075,2795,43,22,1352,22,45,1,-27.309868,17.591423,.12055372,-61.788422,7.1686864,49.444603,-.55233264,-1.2496494,.1449842,4.1657453,,27.331532,27.331532,.02167128,.22325513,1,pass,0,,
I03,secondaryplus_2013,Secondary education or higher,3,100,M03,Female respondent,3,primary,binary,common_h_iv,ivreg2,fuzzy_late_interaction,ccpp_equal,ccpp,.0075,6075,2795,43,22,1352,22,65,1,-27.309868,17.900087,.12708871,-62.393394,7.7736597,49.444603,-.55233264,-1.2618848,.15721957,4.199039,8.398078,27.96941,8.398078,.0224167,.2151951,0,weak_interaction_instruments,0,1,
I03,secondaryplus_2013,Secondary education or higher,3,100,M03,Female respondent,3,primary,binary,common_h_observation_equal,ivreg2,fuzzy_late_interaction,person_equal,ccpp,.0075,6075,2795,43,22,1352,22,65,1,3.34288,17.963514,.85237199,-31.864962,38.550724,50.000504,.066856928,-.6372928,.77100664,1.0350124,,5.6940432,5.6940432,.10005025,.093542114,0,underidentified,0,,
I03,secondaryplus_2013,Secondary education or higher,3,100,M03,Female respondent,3,primary,binary,common_h_score_cluster,ivreg2,fuzzy_late_interaction,ccpp_equal,score_mass,.0075,6075,2795,43,22,1352,22,49,1,-27.309868,17.990768,.12901606,-62.571125,7.9513898,49.444603,-.55233264,-1.2654793,.16081411,3.7962089,,27.465883,27.465883,.029280087,.24084499,1,pass,0,,
I03,secondaryplus_2013,Secondary education or higher,3,100,M03,Female respondent,3,primary,binary,large_h_iv,ivreg2,fuzzy_late_interaction,ccpp_equal,ccpp,.01,8000,14927,59,31,3821,31,90,1,-27.493574,18.667807,.14081036,-64.081802,9.094656,49.340504,-.55722117,-1.2987667,.18432434,3.2207818,,14.549621,14.549621,.023616875,.20792376,1,pass,0,,
I03,secondaryplus_2013,Secondary education or higher,3,100,M03,Female respondent,3,primary,binary,small_h_iv,ivreg2,fuzzy_late_interaction,ccpp_equal,ccpp,.005,4818,2174,29,15,1051,15,44,1,-35.294064,25.814304,.17155358,-85.889168,15.301045,49.491447,-.71313459,-1.7354345,.30916545,1.904747,,21.703762,21.703762,.14399986,.29442382,0,underidentified,0,,
I03,secondaryplus_2013,Secondary education or higher,3,100,M03,Female respondent,3,primary,binary,common_h_rdhte,rdhte,assignment_hte,ccpp_equal,ccpp,.0075,6075,2795,43,22,1352,22,65,1,-19.352217,17.60907,.27177182,-53.86536,15.160926,49.444603,-.39139187,-1.0894083,.3066245,,,,,,,0,secondary_assignment_supported,0,1,
I04,employed_2013,Employed in the preceding month,4,100,M03,Female respondent,3,primary,binary,common_h_covariates,ivreg2,fuzzy_late_interaction,ccpp_equal,ccpp,.0075,5769,2795,41,22,1352,22,63,1,-.46683893,16.397659,.97728741,-32.605663,31.671984,49.915752,-.0093525378,-.65321386,.63450879,4.8270035,10.440917,15.527402,10.440917,.017081069,.54023683,1,pass,0,,
I04,employed_2013,Employed in the preceding month,4,100,M03,Female respondent,3,primary,binary,common_h_district_cluster,ivreg2,fuzzy_late_interaction,ccpp_equal,district,.0075,6075,2795,43,22,1352,22,45,1,-6.1225643,19.956635,.7590006,-45.236851,32.991722,49.91423,-.1226617,-.90629166,.66096824,4.1657453,,27.331532,27.331532,.02167128,.22587185,1,pass,0,,
I04,employed_2013,Employed in the preceding month,4,100,M03,Female respondent,3,primary,binary,common_h_iv,ivreg2,fuzzy_late_interaction,ccpp_equal,ccpp,.0075,6075,2795,43,22,1352,22,65,1,-6.1225643,19.848108,.75772399,-45.024139,32.779011,49.91423,-.1226617,-.90203017,.65670675,4.199039,8.398078,27.96941,8.398078,.0224167,.21364474,0,weak_interaction_instruments,0,1,
I04,employed_2013,Employed in the preceding month,4,100,M03,Female respondent,3,primary,binary,common_h_observation_equal,ivreg2,fuzzy_late_interaction,person_equal,ccpp,.0075,6075,2795,43,22,1352,22,65,1,2.2038248,15.12059,.8841188,-27.431988,31.839636,49.901497,.044163499,-.54972273,.63804972,1.0350124,,5.6940432,5.6940432,.10005025,.061308388,0,underidentified,0,,
I04,employed_2013,Employed in the preceding month,4,100,M03,Female respondent,3,primary,binary,common_h_score_cluster,ivreg2,fuzzy_late_interaction,ccpp_equal,score_mass,.0075,6075,2795,43,22,1352,22,49,1,-6.1225643,19.781725,.75693655,-44.894032,32.648903,49.91423,-.1226617,-.89942354,.65410012,3.7962089,,27.465883,27.465883,.029280087,.15263095,1,pass,0,,
I04,employed_2013,Employed in the preceding month,4,100,M03,Female respondent,3,primary,binary,large_h_iv,ivreg2,fuzzy_late_interaction,ccpp_equal,ccpp,.01,8000,14927,59,31,3821,31,90,1,-5.7835536,22.169765,.79418832,-49.235493,37.668388,49.825138,-.11607701,-.98816574,.75601166,3.2207818,,14.549621,14.549621,.023616875,.28493762,1,pass,0,,
I04,employed_2013,Employed in the preceding month,4,100,M03,Female respondent,3,primary,binary,small_h_iv,ivreg2,fuzzy_late_interaction,ccpp_equal,ccpp,.005,4818,2174,29,15,1051,15,44,1,-5.1367092,26.542749,.84654713,-57.159542,46.886124,49.856621,-.10302963,-1.1464784,.9404192,1.904747,,21.703762,21.703762,.14399986,.22341295,0,underidentified,0,,
I04,employed_2013,Employed in the preceding month,4,100,M03,Female respondent,3,primary,binary,common_h_rdhte,rdhte,assignment_hte,ccpp_equal,ccpp,.0075,6075,2795,43,22,1352,22,65,1,-3.2694502,20.146456,.87108213,-42.755779,36.216881,49.91423,-.065501362,-.85658497,.72558224,,,,,,,0,secondary_assignment_supported,0,1,
I05,worker_independent_2013,Independent worker,5,100,M03,Female respondent,3,primary,binary,common_h_covariates,ivreg2,fuzzy_late_interaction,ccpp_equal,ccpp,.0075,5769,2795,41,22,1352,22,63,1,-9.6735153,15.440635,.53098887,-39.936604,20.589573,49.805347,-.19422643,-.80185372,.41340086,4.8270035,10.440917,15.527402,10.440917,.017081069,.54854667,1,pass,0,,
I05,worker_independent_2013,Independent worker,5,100,M03,Female respondent,3,primary,binary,common_h_district_cluster,ivreg2,fuzzy_late_interaction,ccpp_equal,district,.0075,6075,2795,43,22,1352,22,45,1,-13.660478,21.362202,.5225175,-55.529621,28.208668,49.795662,-.27433068,-1.1151499,.56648844,4.1657453,,27.331532,27.331532,.02167128,.6573118,1,pass,0,,
I05,worker_independent_2013,Independent worker,5,100,M03,Female respondent,3,primary,binary,common_h_iv,ivreg2,fuzzy_late_interaction,ccpp_equal,ccpp,.0075,6075,2795,43,22,1352,22,65,1,-13.660478,20.679281,.5088768,-54.191124,26.870169,49.795662,-.27433068,-1.0882699,.53960866,4.199039,8.398078,27.96941,8.398078,.0224167,.62309158,0,weak_interaction_instruments,0,1,
I05,worker_independent_2013,Independent worker,5,100,M03,Female respondent,3,primary,binary,common_h_observation_equal,ivreg2,fuzzy_late_interaction,person_equal,ccpp,.0075,6075,2795,43,22,1352,22,65,1,-31.205566,30.214405,.3016955,-90.424713,28.013578,49.220909,-.63399005,-1.8371199,.56913978,1.0350124,,5.6940432,5.6940432,.10005025,.081974104,0,underidentified,0,,
I05,worker_independent_2013,Independent worker,5,100,M03,Female respondent,3,primary,binary,common_h_score_cluster,ivreg2,fuzzy_late_interaction,ccpp_equal,score_mass,.0075,6075,2795,43,22,1352,22,49,1,-13.660478,20.66654,.50861555,-54.166149,26.845196,49.795662,-.27433068,-1.0877684,.53910714,3.7962089,,27.465883,27.465883,.029280087,.5504151,1,pass,0,,
I05,worker_independent_2013,Independent worker,5,100,M03,Female respondent,3,primary,binary,large_h_iv,ivreg2,fuzzy_late_interaction,ccpp_equal,ccpp,.01,8000,14927,59,31,3821,31,90,1,-15.216471,23.184624,.51161999,-60.657497,30.224558,49.890575,-.30499688,-1.2158108,.60581696,3.2207818,,14.549621,14.549621,.023616875,.59361261,1,pass,0,,
I05,worker_independent_2013,Independent worker,5,100,M03,Female respondent,3,primary,binary,small_h_iv,ivreg2,fuzzy_late_interaction,ccpp_equal,ccpp,.005,4818,2174,29,15,1051,15,44,1,-13.315736,27.962296,.63392961,-68.120827,41.489357,49.831509,-.26721519,-1.3670232,.83259284,1.904747,,21.703762,21.703762,.14399986,.69676769,0,underidentified,0,,
I05,worker_independent_2013,Independent worker,5,100,M03,Female respondent,3,primary,binary,common_h_rdhte,rdhte,assignment_hte,ccpp_equal,ccpp,.0075,6075,2795,43,22,1352,22,65,1,-8.7652054,20.877886,.67460817,-49.685108,32.154697,49.795662,-.17602347,-.99777985,.64573294,,,,,,,0,secondary_assignment_supported,0,1,
I06,insurance_any_2013,Any health insurance,6,100,M03,Female respondent,3,primary,binary,common_h_covariates,ivreg2,fuzzy_late_interaction,ccpp_equal,ccpp,.0075,5769,2795,41,22,1352,22,63,1,-1.1472203,10.289751,.91122657,-21.314762,19.020323,36.311859,-.031593543,-.58699173,.52380466,4.8270035,10.440917,15.527402,10.440917,.017081069,.45191845,1,pass,0,,
I06,insurance_any_2013,Any health insurance,6,100,M03,Female respondent,3,primary,binary,common_h_district_cluster,ivreg2,fuzzy_late_interaction,ccpp_equal,district,.0075,6075,2795,43,22,1352,22,45,1,2.5528669,10.995182,.81639785,-18.997293,24.103027,35.882141,.071145892,-.52943593,.67172772,4.1657453,8.3314905,27.331532,8.3314905,.02167128,.52529109,0,weak_interaction_instruments,0,,
I06,insurance_any_2013,Any health insurance,6,100,M03,Female respondent,3,primary,binary,common_h_iv,ivreg2,fuzzy_late_interaction,ccpp_equal,ccpp,.0075,6075,2795,43,22,1352,22,65,1,2.5528669,12.051653,.83224189,-21.067938,26.173672,35.882141,.071145892,-.58714277,.72943455,4.199039,8.398078,27.96941,8.398078,.0224167,.54522347,0,weak_interaction_instruments,0,1,
I06,insurance_any_2013,Any health insurance,6,100,M03,Female respondent,3,primary,binary,common_h_observation_equal,ivreg2,fuzzy_late_interaction,person_equal,ccpp,.0075,6075,2795,43,22,1352,22,65,1,3.0149381,13.590573,.82443815,-23.622095,29.651972,43.202179,.06978672,-.54678023,.68635362,1.0350124,,5.6940432,5.6940432,.10005025,.50120902,0,underidentified,0,,
I06,insurance_any_2013,Any health insurance,6,100,M03,Female respondent,3,primary,binary,common_h_score_cluster,ivreg2,fuzzy_late_interaction,ccpp_equal,score_mass,.0075,6075,2795,43,22,1352,22,49,1,2.5528669,12.543178,.83872366,-22.031309,27.137043,35.882141,.071145892,-.61399096,.75628275,3.7962089,,27.465883,27.465883,.029280087,.55900997,1,pass,0,,
I06,insurance_any_2013,Any health insurance,6,100,M03,Female respondent,3,primary,binary,large_h_iv,ivreg2,fuzzy_late_interaction,ccpp_equal,ccpp,.01,8000,14927,59,31,3821,31,90,1,3.1361854,12.827043,.80684519,-22.004356,28.276726,36.861988,.085079111,-.59693891,.76709712,3.2207818,,14.549621,14.549621,.023616875,.47897255,1,pass,0,,
I06,insurance_any_2013,Any health insurance,6,100,M03,Female respondent,3,primary,binary,small_h_iv,ivreg2,fuzzy_late_interaction,ccpp_equal,ccpp,.005,4818,2174,29,15,1051,15,44,1,-.06291014,18.008125,.99721265,-35.358189,35.232368,36.203194,-.0017376959,-.97665936,.97318399,1.904747,,21.703762,21.703762,.14399986,.7384606,0,underidentified,0,,
I06,insurance_any_2013,Any health insurance,6,100,M03,Female respondent,3,primary,binary,common_h_rdhte,rdhte,assignment_hte,ccpp_equal,ccpp,.0075,6075,2795,43,22,1352,22,65,1,.1454068,8.7605648,.9867574,-17.024986,17.3158,35.882141,.0040523447,-.47446963,.48257431,,,,,,,0,secondary_assignment_supported,0,1,
I07,program_any_2013,Any listed social program,7,100,M03,Female respondent,3,primary,binary,common_h_covariates,ivreg2,fuzzy_late_interaction,ccpp_equal,ccpp,.0075,5769,2795,41,22,1352,22,63,1,28.491514,17.129957,.096261069,-5.0825834,62.065613,42.593063,.6689238,-.1193289,1.4571764,4.8270035,10.440917,15.527402,10.440917,.017081069,.31429619,1,pass,0,,
I07,program_any_2013,Any listed social program,7,100,M03,Female respondent,3,primary,binary,common_h_district_cluster,ivreg2,fuzzy_late_interaction,ccpp_equal,district,.0075,6075,2795,43,22,1352,22,45,1,28.493151,16.41659,.082628995,-3.6827729,60.669075,42.828854,.66527933,-.085988127,1.4165468,4.1657453,8.3314905,27.331532,8.3314905,.02167128,.17264529,0,weak_interaction_instruments,0,,
I07,program_any_2013,Any listed social program,7,100,M03,Female respondent,3,primary,binary,common_h_iv,ivreg2,fuzzy_late_interaction,ccpp_equal,ccpp,.0075,6075,2795,43,22,1352,22,65,1,28.493151,16.147026,.077629857,-3.1544361,60.140739,42.828854,.66527933,-.073652126,1.4042108,4.199039,8.398078,27.96941,8.398078,.0224167,.17540595,0,weak_interaction_instruments,0,1,
I07,program_any_2013,Any listed social program,7,100,M03,Female respondent,3,primary,binary,common_h_observation_equal,ivreg2,fuzzy_late_interaction,person_equal,ccpp,.0075,6075,2795,43,22,1352,22,65,1,16.140522,18.884222,.39271206,-20.871872,53.152916,40.911762,.39452034,-.51016802,1.2992086,1.0350124,,5.6940432,5.6940432,.10005025,.6952433,0,underidentified,0,,
I07,program_any_2013,Any listed social program,7,100,M03,Female respondent,3,primary,binary,common_h_score_cluster,ivreg2,fuzzy_late_interaction,ccpp_equal,score_mass,.0075,6075,2795,43,22,1352,22,49,1,28.493151,16.255871,.079637803,-3.367769,60.354073,42.828854,.66527933,-.078633182,1.4091918,3.7962089,,27.465883,27.465883,.029280087,.16984904,1,pass,0,,
I07,program_any_2013,Any listed social program,7,100,M03,Female respondent,3,primary,binary,large_h_iv,ivreg2,fuzzy_late_interaction,ccpp_equal,ccpp,.01,8000,14927,59,31,3821,31,90,1,25.313473,15.931509,.11208443,-5.9117126,56.538658,43.497551,.58195168,-.1359091,1.2998124,3.2207818,,14.549621,14.549621,.023616875,.41048762,1,pass,0,,
I07,program_any_2013,Any listed social program,7,100,M03,Female respondent,3,primary,binary,small_h_iv,ivreg2,fuzzy_late_interaction,ccpp_equal,ccpp,.005,4818,2174,29,15,1051,15,44,1,52.256561,23.194996,.024263944,6.7952051,97.717911,41.126457,1.2706312,.1652271,2.3760355,1.904747,,21.703762,21.703762,.14399986,.012469477,0,underidentified,0,,
I07,program_any_2013,Any listed social program,7,100,M03,Female respondent,3,primary,binary,common_h_rdhte,rdhte,assignment_hte,ccpp_equal,ccpp,.0075,6075,2795,43,22,1352,22,65,1,19.892084,18.346298,.27825129,-16.065998,55.850166,42.828854,.46445519,-.37512088,1.3040313,,,,,,,0,secondary_assignment_supported,0,1,
I08,program_juntos_2013,Juntos participation,8,100,M03,Female respondent,3,primary,binary,common_h_covariates,ivreg2,fuzzy_late_interaction,ccpp_equal,ccpp,.0075,5769,2795,41,22,1352,22,63,1,12.95697,12.942293,.316762,-12.409458,38.323399,36.650818,.35352471,-.33858609,1.0456356,4.8270035,10.440917,15.527402,10.440917,.017081069,.19628881,1,pass,0,,
I08,program_juntos_2013,Juntos participation,8,100,M03,Female respondent,3,primary,binary,common_h_district_cluster,ivreg2,fuzzy_late_interaction,ccpp_equal,district,.0075,6075,2795,43,22,1352,22,45,1,12.11091,12.709692,.34064689,-12.799627,37.02145,36.959873,.32767728,-.34631145,1.0016659,4.1657453,,27.331532,27.331532,.02167128,.69982094,1,pass,0,,
I08,program_juntos_2013,Juntos participation,8,100,M03,Female respondent,3,primary,binary,common_h_iv,ivreg2,fuzzy_late_interaction,ccpp_equal,ccpp,.0075,6075,2795,43,22,1352,22,65,1,12.11091,12.080085,.31607717,-11.56562,35.787441,36.959873,.32767728,-.3129237,.96827823,4.199039,8.398078,27.96941,8.398078,.0224167,.66782314,0,weak_interaction_instruments,0,1,
I08,program_juntos_2013,Juntos participation,8,100,M03,Female respondent,3,primary,binary,common_h_observation_equal,ivreg2,fuzzy_late_interaction,person_equal,ccpp,.0075,6075,2795,43,22,1352,22,65,1,3.6313396,22.520935,.87190217,-40.508881,47.771561,35.215057,.10311895,-1.1503284,1.3565663,1.0350124,,5.6940432,5.6940432,.10005025,.44386184,0,underidentified,0,,
I08,program_juntos_2013,Juntos participation,8,100,M03,Female respondent,3,primary,binary,common_h_score_cluster,ivreg2,fuzzy_late_interaction,ccpp_equal,score_mass,.0075,6075,2795,43,22,1352,22,49,1,12.11091,12.6069,.33672449,-12.59816,36.819981,36.959873,.32767728,-.34086046,.99621499,3.7962089,,27.465883,27.465883,.029280087,.68368989,1,pass,0,,
I08,program_juntos_2013,Juntos participation,8,100,M03,Female respondent,3,primary,binary,large_h_iv,ivreg2,fuzzy_late_interaction,ccpp_equal,ccpp,.01,8000,14927,59,31,3821,31,90,1,9.8276453,13.05506,.45157951,-15.759803,35.415092,36.433475,.26974219,-.43256384,.97204822,3.2207818,,14.549621,14.549621,.023616875,.7716791,1,pass,0,,
I08,program_juntos_2013,Juntos participation,8,100,M03,Female respondent,3,primary,binary,small_h_iv,ivreg2,fuzzy_late_interaction,ccpp_equal,ccpp,.005,4818,2174,29,15,1051,15,44,1,26.21393,15.354712,.087780461,-3.8807528,56.308613,36.176479,.72461253,-.10727282,1.5564979,1.904747,,21.703762,21.703762,.14399986,.29182142,0,underidentified,0,,
I08,program_juntos_2013,Juntos participation,8,100,M03,Female respondent,3,primary,binary,common_h_rdhte,rdhte,assignment_hte,ccpp_equal,ccpp,.0075,6075,2795,43,22,1352,22,65,1,8.5934439,13.018247,.50918478,-16.92185,34.108738,36.959873,.23250739,-.45784381,.9228586,,,,,,,0,secondary_assignment_supported,0,1,
I01,female_2013,Female,1,100,S01,Baseline CCPP deprivation,4,secondary,continuous,common_h_covariates,ivreg2,fuzzy_late_interaction,ccpp_equal,ccpp,.0075,5769,2795,41,22,2795,22,63,1,-3.0369296,4.3723993,.48732591,-11.606674,5.532815,49.915195,-.060841788,-.23252788,.11084431,2.2500429,9.236618,4.4570045,4.4570045,.020107424,.55881828,0,weak_interaction_instruments,0,,
I01,female_2013,Female,1,100,S01,Baseline CCPP deprivation,4,secondary,continuous,common_h_iv,ivreg2,fuzzy_late_interaction,ccpp_equal,ccpp,.0075,5951,2795,42,22,2795,22,64,1,1.4287163,6.6240335,.82923192,-11.554151,14.411584,49.92078,.028619671,-.23144972,.28868908,1.4743601,9.655817,2.6064689,2.6064689,.042915605,.61597085,0,weak_interaction_instruments,0,,.916602794940655
I01,female_2013,Female,1,100,S01,Baseline CCPP deprivation,4,secondary,continuous,common_h_rdhte,rdhte,assignment_hte,ccpp_equal,ccpp,.0075,5951,2795,42,22,2795,22,64,1,-3.6524549,5.9854569,.54171503,-15.383735,8.078825,49.92078,-.073165022,-.30816296,.16183291,,,,,,,0,secondary_assignment_supported,0,,.7722737049234325
I02,age_15_29_outcome,Age 15-29,2,100,S01,Baseline CCPP deprivation,4,secondary,continuous,common_h_covariates,ivreg2,fuzzy_late_interaction,ccpp_equal,ccpp,.0075,5769,2795,41,22,2795,22,63,1,13.266554,20.371738,.51490229,-26.66132,53.194427,45.6786,.29043257,-.58367199,1.1645372,2.2500429,9.236618,4.4570045,4.4570045,.020107424,.014830786,0,weak_interaction_instruments,0,,
I02,age_15_29_outcome,Age 15-29,2,100,S01,Baseline CCPP deprivation,4,secondary,continuous,common_h_iv,ivreg2,fuzzy_late_interaction,ccpp_equal,ccpp,.0075,5951,2795,42,22,2795,22,64,1,11.242901,21.883585,.60742009,-31.648138,54.133938,45.851414,.24520293,-.69023252,1.1806384,1.4743601,9.655817,2.6064689,2.6064689,.042915605,.12954244,0,weak_interaction_instruments,0,,.885177735359438
I02,age_15_29_outcome,Age 15-29,2,100,S01,Baseline CCPP deprivation,4,secondary,continuous,common_h_rdhte,rdhte,assignment_hte,ccpp_equal,ccpp,.0075,5951,2795,42,22,2795,22,64,1,-18.076609,13.337166,.17530411,-44.216972,8.063755,45.851414,-.39424324,-.96435356,.1758671,,,,,,,0,secondary_assignment_supported,0,,.4674776395161946
I03,secondaryplus_2013,Secondary education or higher,3,100,S01,Baseline CCPP deprivation,4,secondary,continuous,common_h_covariates,ivreg2,fuzzy_late_interaction,ccpp_equal,ccpp,.0075,5769,2795,41,22,2795,22,63,1,16.634253,23.25016,.47433299,-28.935223,62.203728,49.443634,.33642858,-.58521634,1.2580734,2.2500429,9.236618,4.4570045,4.4570045,.020107424,.49521652,0,weak_interaction_instruments,0,,
I03,secondaryplus_2013,Secondary education or higher,3,100,S01,Baseline CCPP deprivation,4,secondary,continuous,common_h_iv,ivreg2,fuzzy_late_interaction,ccpp_equal,ccpp,.0075,5951,2795,42,22,2795,22,64,1,21.801092,26.155655,.40455517,-29.463051,73.065231,49.500423,.44042236,-.59520805,1.4760528,1.4743601,9.655817,2.6064689,2.6064689,.042915605,.28224346,0,weak_interaction_instruments,0,,.8723822006812463
I03,secondaryplus_2013,Secondary education or higher,3,100,S01,Baseline CCPP deprivation,4,secondary,continuous,common_h_rdhte,rdhte,assignment_hte,ccpp_equal,ccpp,.0075,5951,2795,42,22,2795,22,64,1,3.8906441,11.705082,.73959529,-19.050896,26.832184,49.500423,.078598201,-.38486329,.54205966,,,,,,,0,secondary_assignment_supported,0,,.8964791442408706
I04,employed_2013,Employed in the preceding month,4,100,S01,Baseline CCPP deprivation,4,secondary,continuous,common_h_covariates,ivreg2,fuzzy_late_interaction,ccpp_equal,ccpp,.0075,5769,2795,41,22,2795,22,63,1,-9.3187284,13.863852,.50148177,-36.491379,17.853922,49.915752,-.18668912,-.73105937,.35768113,2.2500429,9.236618,4.4570045,4.4570045,.020107424,.5736286,0,weak_interaction_instruments,0,,
I04,employed_2013,Employed in the preceding month,4,100,S01,Baseline CCPP deprivation,4,secondary,continuous,common_h_iv,ivreg2,fuzzy_late_interaction,ccpp_equal,ccpp,.0075,5951,2795,42,22,2795,22,64,1,-20.508841,20.546864,.31820688,-60.779953,19.762272,49.908798,-.41092637,-1.2178204,.39596769,1.4743601,9.655817,2.6064689,2.6064689,.042915605,.18036851,0,weak_interaction_instruments,0,,.8523629693424001
I04,employed_2013,Employed in the preceding month,4,100,S01,Baseline CCPP deprivation,4,secondary,continuous,common_h_rdhte,rdhte,assignment_hte,ccpp_equal,ccpp,.0075,5951,2795,42,22,2795,22,64,1,-5.1072793,7.8428407,.51491559,-20.478964,10.264406,49.908798,-.10233225,-.41032776,.20566326,,,,,,,0,secondary_assignment_supported,0,,.7722737049234325
I05,worker_independent_2013,Independent worker,5,100,S01,Baseline CCPP deprivation,4,secondary,continuous,common_h_covariates,ivreg2,fuzzy_late_interaction,ccpp_equal,ccpp,.0075,5769,2795,41,22,2795,22,63,1,-18.770639,16.225765,.24733712,-50.572556,13.031277,49.805347,-.37687999,-1.0154041,.26164412,2.2500429,9.236618,4.4570045,4.4570045,.020107424,.21349153,0,weak_interaction_instruments,0,,
I05,worker_independent_2013,Independent worker,5,100,S01,Baseline CCPP deprivation,4,secondary,continuous,common_h_iv,ivreg2,fuzzy_late_interaction,ccpp_equal,ccpp,.0075,5951,2795,42,22,2795,22,64,1,-25.734858,23.762913,.27881548,-72.309311,20.839596,49.79105,-.51685709,-1.4522551,.41854098,1.4743601,9.655817,2.6064689,2.6064689,.042915605,.12844622,0,weak_interaction_instruments,0,,.8523629693424001
I05,worker_independent_2013,Independent worker,5,100,S01,Baseline CCPP deprivation,4,secondary,continuous,common_h_rdhte,rdhte,assignment_hte,ccpp_equal,ccpp,.0075,5951,2795,42,22,2795,22,64,1,-15.39782,8.8661242,.082439661,-32.775105,1.9794624,49.79105,-.30924878,-.65825289,.039755385,,,,,,,0,secondary_assignment_supported,0,,.3297586441040039
I06,insurance_any_2013,Any health insurance,6,100,S01,Baseline CCPP deprivation,4,secondary,continuous,common_h_covariates,ivreg2,fuzzy_late_interaction,ccpp_equal,ccpp,.0075,5769,2795,41,22,2795,22,63,1,40.302208,33.877193,.23418161,-26.095873,106.70029,36.311859,1.1098911,-.71865976,2.938442,2.2500429,9.236618,4.4570045,4.4570045,.020107424,.095828816,0,weak_interaction_instruments,0,,
I06,insurance_any_2013,Any health insurance,6,100,S01,Baseline CCPP deprivation,4,secondary,continuous,common_h_iv,ivreg2,fuzzy_late_interaction,ccpp_equal,ccpp,.0075,5951,2795,42,22,2795,22,64,1,52.079834,45.887833,.25640139,-37.858665,142.01834,36.119488,1.4418764,-1.0481508,3.9319036,1.4743601,9.655817,2.6064689,2.6064689,.042915605,.051735647,0,weak_interaction_instruments,0,,.8523629693424001
I06,insurance_any_2013,Any health insurance,6,100,S01,Baseline CCPP deprivation,4,secondary,continuous,common_h_rdhte,rdhte,assignment_hte,ccpp_equal,ccpp,.0075,5951,2795,42,22,2795,22,64,1,23.294792,12.075973,.053728376,-.37367848,46.963264,36.119488,.64493698,-.01034562,1.3002195,,,,,,,0,secondary_assignment_supported,0,,.2387927803728316
I07,program_any_2013,Any listed social program,7,100,S01,Baseline CCPP deprivation,4,secondary,continuous,common_h_covariates,ivreg2,fuzzy_late_interaction,ccpp_equal,ccpp,.0075,5769,2795,41,22,2795,22,63,1,14.336452,9.305047,.1233855,-3.9011061,32.574009,42.593063,.33659121,-.091590174,.76477259,2.2500429,9.236618,4.4570045,4.4570045,.020107424,.094754264,0,weak_interaction_instruments,0,,
I07,program_any_2013,Any listed social program,7,100,S01,Baseline CCPP deprivation,4,secondary,continuous,common_h_iv,ivreg2,fuzzy_late_interaction,ccpp_equal,ccpp,.0075,5951,2795,42,22,2795,22,64,1,20.961699,13.354964,.1165126,-5.2135496,47.136948,42.630501,.49170661,-.12229624,1.1057094,1.4743601,9.655817,2.6064689,2.6064689,.042915605,.025070785,0,weak_interaction_instruments,0,,.8523629693424001
I07,program_any_2013,Any listed social program,7,100,S01,Baseline CCPP deprivation,4,secondary,continuous,common_h_rdhte,rdhte,assignment_hte,ccpp_equal,ccpp,.0075,5951,2795,42,22,2795,22,64,1,23.522594,8.725791,.007022928,6.4203596,40.624832,42.630501,.55177855,.15060483,.95295227,,,,,,,0,secondary_assignment_supported,0,,.0702292798087001
I08,program_juntos_2013,Juntos participation,8,100,S01,Baseline CCPP deprivation,4,secondary,continuous,common_h_covariates,ivreg2,fuzzy_late_interaction,ccpp_equal,ccpp,.0075,5769,2795,41,22,2795,22,63,1,6.3402009,5.1214519,.21572739,-3.6976602,16.378061,36.650818,.17298934,-.10088889,.44686756,2.2500429,9.236618,4.4570045,4.4570045,.020107424,.06396465,0,weak_interaction_instruments,0,,
I08,program_juntos_2013,Juntos participation,8,100,S01,Baseline CCPP deprivation,4,secondary,continuous,common_h_iv,ivreg2,fuzzy_late_interaction,ccpp_equal,ccpp,.0075,5951,2795,42,22,2795,22,64,1,13.359812,9.4236231,.15628017,-5.1101494,31.829775,36.770576,.36332884,-.13897388,.86563158,1.4743601,9.655817,2.6064689,2.6064689,.042915605,.011904589,0,weak_interaction_instruments,0,,.8523629693424001
I08,program_juntos_2013,Juntos participation,8,100,S01,Baseline CCPP deprivation,4,secondary,continuous,common_h_rdhte,rdhte,assignment_hte,ccpp_equal,ccpp,.0075,5951,2795,42,22,2795,22,64,1,12.586687,4.584918,.0060467222,3.6004124,21.572962,36.770576,.34230322,.097915575,.58669084,,,,,,,0,secondary_assignment_supported,0,,.0702292798087001
I01,female_2013,Female,1,100,S02,Distance to corresponding district capital,5,secondary,continuous,common_h_covariates,ivreg2,fuzzy_late_interaction,ccpp_equal,ccpp,.0075,5769,2795,41,22,2795,22,63,1,16.700773,17.151451,.33019382,-16.915455,50.317001,49.915195,.33458295,-.33888388,1.0080497,.70951712,1.9175563,1.6550555,1.6550555,.22938725,.19494893,0,underidentified,0,,
I01,female_2013,Female,1,100,S02,Distance to corresponding district capital,5,secondary,continuous,common_h_iv,ivreg2,fuzzy_late_interaction,ccpp_equal,ccpp,.0075,5893,2795,42,22,2795,22,64,1,1.6989903,12.402158,.89103752,-22.608791,26.006773,49.918179,.034035504,-.45291701,.52098799,.7858035,2.370652,1.6142794,1.6142794,.21722876,.85542226,0,underidentified,0,,.916602794940655
I01,female_2013,Female,1,100,S02,Distance to corresponding district capital,5,secondary,continuous,common_h_rdhte,rdhte,assignment_hte,ccpp_equal,ccpp,.0075,5893,2795,42,22,2795,22,64,1,.0257727,6.6986961,.99693018,-13.103431,13.154976,49.918179,.00051629893,-.26249817,.26353079,,,,,,,0,secondary_assignment_supported,0,,.9989438056945801
I02,age_15_29_outcome,Age 15-29,2,100,S02,Distance to corresponding district capital,5,secondary,continuous,common_h_covariates,ivreg2,fuzzy_late_interaction,ccpp_equal,ccpp,.0075,5769,2795,41,22,2795,22,63,1,52.362747,54.460438,.33630976,-54.377754,159.10324,45.6786,1.1463299,-1.1904427,3.4831026,.70951712,1.9175563,1.6550555,1.6550555,.22938725,.02101754,0,underidentified,0,,
I02,age_15_29_outcome,Age 15-29,2,100,S02,Distance to corresponding district capital,5,secondary,continuous,common_h_iv,ivreg2,fuzzy_late_interaction,ccpp_equal,ccpp,.0075,5893,2795,42,22,2795,22,64,1,38.566708,42.330849,.36225426,-44.400234,121.53365,45.603096,.84570372,-.97362328,2.6650307,.7858035,2.370652,1.6142794,1.6142794,.21722876,.053096823,0,underidentified,0,,.8523629693424001
I02,age_15_29_outcome,Age 15-29,2,100,S02,Distance to corresponding district capital,5,secondary,continuous,common_h_rdhte,rdhte,assignment_hte,ccpp_equal,ccpp,.0075,5893,2795,42,22,2795,22,64,1,22.712629,9.7776356,.020183649,3.5488157,41.876446,45.603096,.49805018,.077819623,.91828078,,,,,,,0,secondary_assignment_supported,0,,.131729869171977
I03,secondaryplus_2013,Secondary education or higher,3,100,S02,Distance to corresponding district capital,5,secondary,continuous,common_h_covariates,ivreg2,fuzzy_late_interaction,ccpp_equal,ccpp,.0075,5769,2795,41,22,2795,22,63,1,20.800186,26.274572,.42856655,-30.697031,72.297401,49.443634,.42068481,-.62084895,1.4622186,.70951712,1.9175563,1.6550555,1.6550555,.22938725,.44935361,0,underidentified,0,,
I03,secondaryplus_2013,Secondary education or higher,3,100,S02,Distance to corresponding district capital,5,secondary,continuous,common_h_iv,ivreg2,fuzzy_late_interaction,ccpp_equal,ccpp,.0075,5893,2795,42,22,2795,22,64,1,15.485941,21.546345,.47230911,-26.74412,57.716,49.384804,.31357703,-.54154551,1.1686996,.7858035,2.370652,1.6142794,1.6142794,.21722876,.4470363,0,underidentified,0,,.8723822006812463
I03,secondaryplus_2013,Secondary education or higher,3,100,S02,Distance to corresponding district capital,5,secondary,continuous,common_h_rdhte,rdhte,assignment_hte,ccpp_equal,ccpp,.0075,5893,2795,42,22,2795,22,64,1,21.191694,8.2555428,.010259275,5.0111289,37.372261,49.384804,.42911369,.10147107,.75675631,,,,,,,0,secondary_assignment_supported,0,,.0820742025971413
I04,employed_2013,Employed in the preceding month,4,100,S02,Distance to corresponding district capital,5,secondary,continuous,common_h_covariates,ivreg2,fuzzy_late_interaction,ccpp_equal,ccpp,.0075,5769,2795,41,22,2795,22,63,1,19.189135,19.376419,.32201073,-18.787951,57.166218,49.915752,.38443044,-.37639323,1.1452541,.70951712,1.9175563,1.6550555,1.6550555,.22938725,.12450094,0,underidentified,0,,
I04,employed_2013,Employed in the preceding month,4,100,S02,Distance to corresponding district capital,5,secondary,continuous,common_h_iv,ivreg2,fuzzy_late_interaction,ccpp_equal,ccpp,.0075,5893,2795,42,22,2795,22,64,1,11.601021,19.661083,.55515718,-26.933996,50.136036,49.920944,.23238784,-.53953296,1.0043087,.7858035,2.370652,1.6142794,1.6142794,.21722876,.20625409,0,underidentified,0,,.8723822006812463
I04,employed_2013,Employed in the preceding month,4,100,S02,Distance to corresponding district capital,5,secondary,continuous,common_h_rdhte,rdhte,assignment_hte,ccpp_equal,ccpp,.0075,5893,2795,42,22,2795,22,64,1,-1.8323646,7.5859871,.80913198,-16.700626,13.035897,49.920944,-.036705326,-.33454147,.26113081,,,,,,,0,secondary_assignment_supported,0,,.9247222627912248
I05,worker_independent_2013,Independent worker,5,100,S02,Distance to corresponding district capital,5,secondary,continuous,common_h_covariates,ivreg2,fuzzy_late_interaction,ccpp_equal,ccpp,.0075,5769,2795,41,22,2795,22,63,1,23.597153,23.261358,.31037492,-21.994274,69.188576,49.805347,.47378752,-.44160467,1.3891797,.70951712,1.9175563,1.6550555,1.6550555,.22938725,.24574895,0,underidentified,0,,
I05,worker_independent_2013,Independent worker,5,100,S02,Distance to corresponding district capital,5,secondary,continuous,common_h_iv,ivreg2,fuzzy_late_interaction,ccpp_equal,ccpp,.0075,5893,2795,42,22,2795,22,64,1,4.2047691,22.145376,.84941006,-39.199371,47.60891,49.80957,.084416889,-.78698474,.95581847,.7858035,2.370652,1.6142794,1.6142794,.21722876,.79943067,0,underidentified,0,,.916602794940655
I05,worker_independent_2013,Independent worker,5,100,S02,Distance to corresponding district capital,5,secondary,continuous,common_h_rdhte,rdhte,assignment_hte,ccpp_equal,ccpp,.0075,5893,2795,42,22,2795,22,64,1,-8.4567003,11.128381,.44730127,-30.267927,13.354526,49.80957,-.16978063,-.60767287,.26811165,,,,,,,0,secondary_assignment_supported,0,,.7455021142959595
I06,insurance_any_2013,Any health insurance,6,100,S02,Distance to corresponding district capital,5,secondary,continuous,common_h_covariates,ivreg2,fuzzy_late_interaction,ccpp_equal,ccpp,.0075,5769,2795,41,22,2795,22,63,1,-10.312461,34.226162,.76318312,-77.394508,56.769585,36.311859,-.28399703,-2.1313837,1.5633897,.70951712,1.9175563,1.6550555,1.6550555,.22938725,.21670601,0,underidentified,0,,
I06,insurance_any_2013,Any health insurance,6,100,S02,Distance to corresponding district capital,5,secondary,continuous,common_h_iv,ivreg2,fuzzy_late_interaction,ccpp_equal,ccpp,.0075,5893,2795,42,22,2795,22,64,1,-35.98373,55.069683,.51348436,-143.91832,71.950859,36.06691,-.99769384,-3.990315,1.9949273,.7858035,2.370652,1.6142794,1.6142794,.21722876,.19554245,0,underidentified,0,,.8723822006812463
I06,insurance_any_2013,Any health insurance,6,100,S02,Distance to corresponding district capital,5,secondary,continuous,common_h_rdhte,rdhte,assignment_hte,ccpp_equal,ccpp,.0075,5893,2795,42,22,2795,22,64,1,-21.25246,20.875242,.30864462,-62.167183,19.662262,36.06691,-.58925098,-1.7236626,.54516071,,,,,,,0,secondary_assignment_supported,0,,.6858769390318129
I07,program_any_2013,Any listed social program,7,100,S02,Distance to corresponding district capital,5,secondary,continuous,common_h_covariates,ivreg2,fuzzy_late_interaction,ccpp_equal,ccpp,.0075,5769,2795,41,22,2795,22,63,1,-32.011227,27.61669,.2464048,-86.138947,22.116491,42.593063,-.75155962,-2.0223701,.51925105,.70951712,1.9175563,1.6550555,1.6550555,.22938725,.01490119,0,underidentified,0,,
I07,program_any_2013,Any listed social program,7,100,S02,Distance to corresponding district capital,5,secondary,continuous,common_h_iv,ivreg2,fuzzy_late_interaction,ccpp_equal,ccpp,.0075,5893,2795,42,22,2795,22,64,1,-35.742332,32.442791,.27059066,-99.329033,27.844372,42.797634,-.83514738,-2.3209002,.65060538,.7858035,2.370652,1.6142794,1.6142794,.21722876,.075080194,0,underidentified,0,,.8523629693424001
I07,program_any_2013,Any listed social program,7,100,S02,Distance to corresponding district capital,5,secondary,continuous,common_h_rdhte,rdhte,assignment_hte,ccpp_equal,ccpp,.0075,5893,2795,42,22,2795,22,64,1,-28.014257,9.1558857,.0022155917,-45.959465,-10.069053,42.797634,-.65457493,-1.0738786,-.23527123,,,,,,,0,secondary_assignment_supported,0,,.0443118344992399
I08,program_juntos_2013,Juntos participation,8,100,S02,Distance to corresponding district capital,5,secondary,continuous,common_h_covariates,ivreg2,fuzzy_late_interaction,ccpp_equal,ccpp,.0075,5769,2795,41,22,2795,22,63,1,-22.414202,19.282679,.24507269,-60.207558,15.379154,36.650818,-.61156076,-1.6427343,.41961285,.70951712,1.9175563,1.6550555,1.6550555,.22938725,.0010842938,0,underidentified,0,,
I08,program_juntos_2013,Juntos participation,8,100,S02,Distance to corresponding district capital,5,secondary,continuous,common_h_iv,ivreg2,fuzzy_late_interaction,ccpp_equal,ccpp,.0075,5893,2795,42,22,2795,22,64,1,-28.082689,24.966578,.26066896,-77.016281,20.850903,36.848801,-.76210594,-2.0900621,.5658502,.7858035,2.370652,1.6142794,1.6142794,.21722876,.011842407,0,underidentified,0,,.8523629693424001
I08,program_juntos_2013,Juntos participation,8,100,S02,Distance to corresponding district capital,5,secondary,continuous,common_h_rdhte,rdhte,assignment_hte,ccpp_equal,ccpp,.0075,5893,2795,42,22,2795,22,64,1,-18.84552,5.0817294,.00020850246,-28.805527,-8.8855133,36.848801,-.5114283,-.78172225,-.24113442,,,,,,,0,secondary_assignment_supported,0,,.0083400984294713
I01,female_2013,Female,1,100,S03,Baseline CCPP economic development,6,secondary,continuous,common_h_covariates,ivreg2,fuzzy_late_interaction,ccpp_equal,ccpp,.0075,5769,2795,41,22,2795,22,63,1,10.955084,8.9896269,.2229823,-6.6642599,28.574429,49.915195,.21947393,-.13351165,.57245952,1.8428524,5.5083694,4.0971622,4.0971622,.046490308,.31984589,0,weak_interaction_instruments,0,,
I01,female_2013,Female,1,100,S03,Baseline CCPP economic development,6,secondary,continuous,common_h_iv,ivreg2,fuzzy_late_interaction,ccpp_equal,ccpp,.0075,6075,2795,43,22,2795,22,65,1,11.433073,11.828122,.33374357,-11.749619,34.615765,49.92347,.229012,-.23535262,.6933766,1.1186702,3.1859968,2.4043269,2.4043269,.08724127,.4850755,0,underidentified,0,,.8523629693424001
I01,female_2013,Female,1,100,S03,Baseline CCPP economic development,6,secondary,continuous,common_h_rdhte,rdhte,assignment_hte,ccpp_equal,ccpp,.0075,6075,2795,43,22,2795,22,65,1,11.642024,8.1771832,.15452738,-4.3849611,27.669008,49.92347,.23319741,-.087833658,.55422848,,,,,,,0,secondary_assignment_supported,0,,.4674776395161946
I02,age_15_29_outcome,Age 15-29,2,100,S03,Baseline CCPP economic development,6,secondary,continuous,common_h_covariates,ivreg2,fuzzy_late_interaction,ccpp_equal,ccpp,.0075,5769,2795,41,22,2795,22,63,1,17.590654,21.495255,.41315705,-24.53927,59.720577,45.6786,.38509616,-.53721589,1.3074082,1.8428524,5.5083694,4.0971622,4.0971622,.046490308,.010100704,0,weak_interaction_instruments,0,,
I02,age_15_29_outcome,Age 15-29,2,100,S03,Baseline CCPP economic development,6,secondary,continuous,common_h_iv,ivreg2,fuzzy_late_interaction,ccpp_equal,ccpp,.0075,6075,2795,43,22,2795,22,65,1,28.207451,27.512222,.30523589,-25.715513,82.130417,45.775349,.61621487,-.5617764,1.7942061,1.1186702,3.1859968,2.4043269,2.4043269,.08724127,.055034451,0,underidentified,0,,.8523629693424001
I02,age_15_29_outcome,Age 15-29,2,100,S03,Baseline CCPP economic development,6,secondary,continuous,common_h_rdhte,rdhte,assignment_hte,ccpp_equal,ccpp,.0075,6075,2795,43,22,2795,22,65,1,38.955307,17.538954,.026345974,4.5795903,73.331024,45.775349,.85101056,.1000449,1.6019763,,,,,,,0,secondary_assignment_supported,0,,.131729869171977
I03,secondaryplus_2013,Secondary education or higher,3,100,S03,Baseline CCPP economic development,6,secondary,continuous,common_h_covariates,ivreg2,fuzzy_late_interaction,ccpp_equal,ccpp,.0075,5769,2795,41,22,2795,22,63,1,-.14477047,22.782551,.99492991,-44.797749,44.508209,49.443634,-.0029279899,-.90603673,.90018076,1.8428524,5.5083694,4.0971622,4.0971622,.046490308,.47882897,0,weak_interaction_instruments,0,,
I03,secondaryplus_2013,Secondary education or higher,3,100,S03,Baseline CCPP economic development,6,secondary,continuous,common_h_iv,ivreg2,fuzzy_late_interaction,ccpp_equal,ccpp,.0075,6075,2795,43,22,2795,22,65,1,4.091434,30.615482,.89368773,-55.913811,64.09668,49.444603,.082747839,-1.1308374,1.2963331,1.1186702,3.1859968,2.4043269,2.4043269,.08724127,.42605284,0,underidentified,0,,.916602794940655
I03,secondaryplus_2013,Secondary education or higher,3,100,S03,Baseline CCPP economic development,6,secondary,continuous,common_h_rdhte,rdhte,assignment_hte,ccpp_equal,ccpp,.0075,6075,2795,43,22,2795,22,65,1,14.60044,18.63751,.4333981,-21.928408,51.129288,49.444603,.29528886,-.44349447,1.0340722,,,,,,,0,secondary_assignment_supported,0,,.7455021142959595
I04,employed_2013,Employed in the preceding month,4,100,S03,Baseline CCPP economic development,6,secondary,continuous,common_h_covariates,ivreg2,fuzzy_late_interaction,ccpp_equal,ccpp,.0075,5769,2795,41,22,2795,22,63,1,6.8250513,15.648534,.66273052,-23.845512,37.495613,49.915752,.13673142,-.47771519,.75117803,1.8428524,5.5083694,4.0971622,4.0971622,.046490308,.84429914,0,weak_interaction_instruments,0,,
I04,employed_2013,Employed in the preceding month,4,100,S03,Baseline CCPP economic development,6,secondary,continuous,common_h_iv,ivreg2,fuzzy_late_interaction,ccpp_equal,ccpp,.0075,6075,2795,43,22,2795,22,65,1,25.960613,26.183491,.32144743,-25.358086,77.279312,49.91423,.52010441,-.50803322,1.5482421,1.1186702,3.1859968,2.4043269,2.4043269,.08724127,.23954475,0,underidentified,0,,.8523629693424001
I04,employed_2013,Employed in the preceding month,4,100,S03,Baseline CCPP economic development,6,secondary,continuous,common_h_rdhte,rdhte,assignment_hte,ccpp_equal,ccpp,.0075,6075,2795,43,22,2795,22,65,1,20.161747,13.365104,.13141724,-6.0333738,46.356869,49.91423,.40392786,-.12087482,.92873055,,,,,,,0,secondary_assignment_supported,0,,.4380574822425842
I05,worker_independent_2013,Independent worker,5,100,S03,Baseline CCPP economic development,6,secondary,continuous,common_h_covariates,ivreg2,fuzzy_late_interaction,ccpp_equal,ccpp,.0075,5769,2795,41,22,2795,22,63,1,9.158989,16.887108,.58756655,-23.939133,42.257111,49.805347,.18389569,-.48065388,.8484453,1.8428524,5.5083694,4.0971622,4.0971622,.046490308,.86738765,0,weak_interaction_instruments,0,,
I05,worker_independent_2013,Independent worker,5,100,S03,Baseline CCPP economic development,6,secondary,continuous,common_h_iv,ivreg2,fuzzy_late_interaction,ccpp_equal,ccpp,.0075,6075,2795,43,22,2795,22,65,1,22.918468,28.853582,.42701945,-33.633514,79.470451,49.795662,.46025029,-.67543066,1.5959312,1.1186702,3.1859968,2.4043269,2.4043269,.08724127,.54732513,0,underidentified,0,,.8723822006812463
I05,worker_independent_2013,Independent worker,5,100,S03,Baseline CCPP economic development,6,secondary,continuous,common_h_rdhte,rdhte,assignment_hte,ccpp_equal,ccpp,.0075,6075,2795,43,22,2795,22,65,1,24.992237,15.017051,.096061006,-4.4406414,54.425114,49.795662,.50189584,-.089177273,1.0929691,,,,,,,0,secondary_assignment_supported,0,,.3493127497759732
I06,insurance_any_2013,Any health insurance,6,100,S03,Baseline CCPP economic development,6,secondary,continuous,common_h_covariates,ivreg2,fuzzy_late_interaction,ccpp_equal,ccpp,.0075,5769,2795,41,22,2795,22,63,1,-17.508728,31.884155,.58291233,-80.000526,44.98307,36.311859,-.48217654,-2.2031515,1.2387983,1.8428524,5.5083694,4.0971622,4.0971622,.046490308,.48085961,0,weak_interaction_instruments,0,,
I06,insurance_any_2013,Any health insurance,6,100,S03,Baseline CCPP economic development,6,secondary,continuous,common_h_iv,ivreg2,fuzzy_late_interaction,ccpp_equal,ccpp,.0075,6075,2795,43,22,2795,22,65,1,-34.435322,55.472378,.5347541,-143.15918,74.288536,35.882141,-.95967865,-3.9897058,2.0703487,1.1186702,3.1859968,2.4043269,2.4043269,.08724127,.58007431,0,underidentified,0,,.8723822006812463
I06,insurance_any_2013,Any health insurance,6,100,S03,Baseline CCPP economic development,6,secondary,continuous,common_h_rdhte,rdhte,assignment_hte,ccpp_equal,ccpp,.0075,6075,2795,43,22,2795,22,65,1,-.36777896,24.511339,.98802865,-48.409119,47.673561,35.882141,-.010249639,-1.3491147,1.3286154,,,,,,,0,secondary_assignment_supported,0,,.9989438056945801
I07,program_any_2013,Any listed social program,7,100,S03,Baseline CCPP economic development,6,secondary,continuous,common_h_covariates,ivreg2,fuzzy_late_interaction,ccpp_equal,ccpp,.0075,5769,2795,41,22,2795,22,63,1,-5.9906988,12.241255,.6245684,-29.983116,18.001719,42.593063,-.14064963,-.70394367,.42264438,1.8428524,5.5083694,4.0971622,4.0971622,.046490308,.2325262,0,weak_interaction_instruments,0,,
I07,program_any_2013,Any listed social program,7,100,S03,Baseline CCPP economic development,6,secondary,continuous,common_h_iv,ivreg2,fuzzy_late_interaction,ccpp_equal,ccpp,.0075,6075,2795,43,22,2795,22,65,1,-19.531221,21.100569,.35464072,-60.887573,21.825134,42.828854,-.45602947,-1.4216484,.50958949,1.1186702,3.1859968,2.4043269,2.4043269,.08724127,.34210107,0,underidentified,0,,.8523629693424001
I07,program_any_2013,Any listed social program,7,100,S03,Baseline CCPP economic development,6,secondary,continuous,common_h_rdhte,rdhte,assignment_hte,ccpp_equal,ccpp,.0075,6075,2795,43,22,2795,22,65,1,-10.687573,18.332272,.55989844,-46.618164,25.243017,42.828854,-.24954143,-1.0884756,.58939278,,,,,,,0,secondary_assignment_supported,0,,.7722737049234325
I08,program_juntos_2013,Juntos participation,8,100,S03,Baseline CCPP economic development,6,secondary,continuous,common_h_covariates,ivreg2,fuzzy_late_interaction,ccpp_equal,ccpp,.0075,5769,2795,41,22,2795,22,63,1,1.3850451,7.91222,.86103928,-14.122622,16.892712,36.650818,.037790291,-.38532895,.46090955,1.8428524,5.5083694,4.0971622,4.0971622,.046490308,.10410962,0,weak_interaction_instruments,0,,
I08,program_juntos_2013,Juntos participation,8,100,S03,Baseline CCPP economic development,6,secondary,continuous,common_h_iv,ivreg2,fuzzy_late_interaction,ccpp_equal,ccpp,.0075,6075,2795,43,22,2795,22,65,1,-9.8125353,15.702271,.53202891,-40.588421,20.96335,36.959873,-.26549158,-1.0981753,.56719214,1.1186702,3.1859968,2.4043269,2.4043269,.08724127,.37607571,0,underidentified,0,,.8723822006812463
I08,program_juntos_2013,Juntos participation,8,100,S03,Baseline CCPP economic development,6,secondary,continuous,common_h_rdhte,rdhte,assignment_hte,ccpp_equal,ccpp,.0075,6075,2795,43,22,2795,22,65,1,-6.7462659,12.860079,.59986842,-31.951557,18.459026,36.959873,-.18252945,-.86449313,.4994342,,,,,,,0,secondary_assignment_supported,0,,.7998245557149251
I01,female_2013,Female,1,100,S04,Respondent age,7,secondary,continuous,common_h_covariates,ivreg2,fuzzy_late_interaction,ccpp_equal,ccpp,.0075,5769,2795,41,22,2795,22,63,1,8.2386389,4.1205807,.045566421,.16244869,16.314829,49.915195,.16505273,.0032544937,.32685095,4.3852816,12.96087,14.558739,12.96087,.031546228,.037765902,1,pass,0,,
I01,female_2013,Female,1,100,S04,Respondent age,7,secondary,continuous,common_h_iv,ivreg2,fuzzy_late_interaction,ccpp_equal,ccpp,.0075,6075,2795,43,22,2795,22,65,1,10.225167,5.8522305,.080598213,-1.2449939,21.695328,49.92347,.20481683,-.024938049,.43457171,5.1383147,11.171065,10.179828,10.179828,.016753005,.014597031,1,pass,0,,.8523629693424001
I01,female_2013,Female,1,100,S04,Respondent age,7,secondary,continuous,common_h_rdhte,rdhte,assignment_hte,ccpp_equal,ccpp,.0075,6075,2795,43,22,2795,22,65,1,10.608715,4.7720947,.026210872,1.2555815,19.961849,49.92347,.21249956,.025150124,.399849,,,,,,,0,secondary_assignment_supported,0,,.131729869171977
I02,age_15_29_outcome,Age 15-29,2,100,S04,Respondent age,7,secondary,continuous,common_h_covariates,ivreg2,fuzzy_late_interaction,ccpp_equal,ccpp,.0075,5769,2795,41,22,2795,22,63,1,14.032901,7.7523947,.070274472,-1.1615142,29.227316,45.6786,.30720952,-.025427971,.63984698,4.3852816,12.96087,14.558739,12.96087,.031546228,.056998223,1,pass,0,,
I02,age_15_29_outcome,Age 15-29,2,100,S04,Respondent age,7,secondary,continuous,common_h_iv,ivreg2,fuzzy_late_interaction,ccpp_equal,ccpp,.0075,6075,2795,43,22,2795,22,65,1,14.971169,8.5277147,.079158507,-1.7428464,31.685183,45.775349,.32705742,-.038073905,.69218874,5.1383147,11.171065,10.179828,10.179828,.016753005,.099097311,1,pass,0,,.8523629693424001
I02,age_15_29_outcome,Age 15-29,2,100,S04,Respondent age,7,secondary,continuous,common_h_rdhte,rdhte,assignment_hte,ccpp_equal,ccpp,.0075,6075,2795,43,22,2795,22,65,1,8.5661631,6.2200193,.1684528,-3.624851,20.757177,45.775349,.18713483,-.07918784,.4534575,,,,,,,0,secondary_assignment_supported,0,,.4674776395161946
I03,secondaryplus_2013,Secondary education or higher,3,100,S04,Respondent age,7,secondary,continuous,common_h_covariates,ivreg2,fuzzy_late_interaction,ccpp_equal,ccpp,.0075,5769,2795,41,22,2795,22,63,1,7.3266516,5.1525645,.15504287,-2.7721891,17.425493,49.443634,.1481819,-.056067664,.35243145,4.3852816,12.96087,14.558739,12.96087,.031546228,.12571219,1,pass,0,,
I03,secondaryplus_2013,Secondary education or higher,3,100,S04,Respondent age,7,secondary,continuous,common_h_iv,ivreg2,fuzzy_late_interaction,ccpp_equal,ccpp,.0075,6075,2795,43,22,2795,22,65,1,11.303633,8.0028648,.157818,-4.3816943,26.98896,49.444603,.22861207,-.088618249,.54584241,5.1383147,11.171065,10.179828,10.179828,.016753005,.21000849,1,pass,0,,.8523629693424001
I03,secondaryplus_2013,Secondary education or higher,3,100,S04,Respondent age,7,secondary,continuous,common_h_rdhte,rdhte,assignment_hte,ccpp_equal,ccpp,.0075,6075,2795,43,22,2795,22,65,1,5.2915182,5.5300632,.33863595,-5.5472069,16.130243,49.444603,.10701912,-.11219034,.32622859,,,,,,,0,secondary_assignment_supported,0,,.7013450860977173
I04,employed_2013,Employed in the preceding month,4,100,S04,Respondent age,7,secondary,continuous,common_h_covariates,ivreg2,fuzzy_late_interaction,ccpp_equal,ccpp,.0075,5769,2795,41,22,2795,22,63,1,-11.363987,8.9462509,.20399511,-28.898317,6.1703424,49.915752,-.22766335,-.57894182,.12361513,4.3852816,12.96087,14.558739,12.96087,.031546228,.43945032,1,pass,0,,
I04,employed_2013,Employed in the preceding month,4,100,S04,Respondent age,7,secondary,continuous,common_h_iv,ivreg2,fuzzy_late_interaction,ccpp_equal,ccpp,.0075,6075,2795,43,22,2795,22,65,1,-10.839904,9.1523151,.23625901,-28.778111,7.0983043,49.91423,-.2171706,-.5765512,.14221002,5.1383147,11.171065,10.179828,10.179828,.016753005,.43000746,1,pass,0,,.8523629693424001
I04,employed_2013,Employed in the preceding month,4,100,S04,Respondent age,7,secondary,continuous,common_h_rdhte,rdhte,assignment_hte,ccpp_equal,ccpp,.0075,6075,2795,43,22,2795,22,65,1,-1.2183276,8.6237459,.88765198,-18.120558,15.683903,49.91423,-.024408422,-.36303392,.31421706,,,,,,,0,secondary_assignment_supported,0,,.9862799776924982
I05,worker_independent_2013,Independent worker,5,100,S04,Respondent age,7,secondary,continuous,common_h_covariates,ivreg2,fuzzy_late_interaction,ccpp_equal,ccpp,.0075,5769,2795,41,22,2795,22,63,1,-3.8696773,6.9095469,.57544672,-17.41214,9.6727848,49.805347,-.077696025,-.34960383,.19421178,4.3852816,12.96087,14.558739,12.96087,.031546228,.81963199,1,pass,0,,
I05,worker_independent_2013,Independent worker,5,100,S04,Respondent age,7,secondary,continuous,common_h_iv,ivreg2,fuzzy_late_interaction,ccpp_equal,ccpp,.0075,6075,2795,43,22,2795,22,65,1,-2.2248163,8.1410646,.78463548,-18.181011,13.731378,49.795662,-.044678919,-.36511233,.27575448,5.1383147,11.171065,10.179828,10.179828,.016753005,.96280175,1,pass,0,,.916602794940655
I05,worker_independent_2013,Independent worker,5,100,S04,Respondent age,7,secondary,continuous,common_h_rdhte,rdhte,assignment_hte,ccpp_equal,ccpp,.0075,6075,2795,43,22,2795,22,65,1,8.3496008,7.4652739,.26337111,-6.2820673,22.98127,49.795662,.16767727,-.12615693,.46151146,,,,,,,0,secondary_assignment_supported,0,,.6342596166274127
I06,insurance_any_2013,Any health insurance,6,100,S04,Respondent age,7,secondary,continuous,common_h_covariates,ivreg2,fuzzy_late_interaction,ccpp_equal,ccpp,.0075,5769,2795,41,22,2795,22,63,1,-3.3505418,9.1162834,.71322089,-21.218128,14.517045,36.311859,-.092271283,-.5843305,.39978796,4.3852816,12.96087,14.558739,12.96087,.031546228,.49551162,1,pass,0,,
I06,insurance_any_2013,Any health insurance,6,100,S04,Respondent age,7,secondary,continuous,common_h_iv,ivreg2,fuzzy_late_interaction,ccpp_equal,ccpp,.0075,6075,2795,43,22,2795,22,65,1,-5.0070686,12.385395,.68601274,-29.281998,19.26786,35.882141,-.13954209,-.81606048,.53697634,5.1383147,11.171065,10.179828,10.179828,.016753005,.58764273,1,pass,0,,.885177735359438
I06,insurance_any_2013,Any health insurance,6,100,S04,Respondent age,7,secondary,continuous,common_h_rdhte,rdhte,assignment_hte,ccpp_equal,ccpp,.0075,6075,2795,43,22,2795,22,65,1,3.2199788,7.6927953,.6755299,-11.857623,18.297581,35.882141,.089737646,-.33046031,.50993562,,,,,,,0,secondary_assignment_supported,0,,.8444123715162277
I07,program_any_2013,Any listed social program,7,100,S04,Respondent age,7,secondary,continuous,common_h_covariates,ivreg2,fuzzy_late_interaction,ccpp_equal,ccpp,.0075,5769,2795,41,22,2795,22,63,1,-6.8538132,9.1629448,.45446473,-24.812855,11.105229,42.593063,-.16091383,-.58255625,.26072857,4.3852816,12.96087,14.558739,12.96087,.031546228,.017861033,1,pass,0,,
I07,program_any_2013,Any listed social program,7,100,S04,Respondent age,7,secondary,continuous,common_h_iv,ivreg2,fuzzy_late_interaction,ccpp_equal,ccpp,.0075,6075,2795,43,22,2795,22,65,1,-6.754756,9.6589928,.4843502,-25.686033,12.176522,42.828854,-.15771507,-.59973663,.2843065,5.1383147,11.171065,10.179828,10.179828,.016753005,.16666682,1,pass,0,,.8723822006812463
I07,program_any_2013,Any listed social program,7,100,S04,Respondent age,7,secondary,continuous,common_h_rdhte,rdhte,assignment_hte,ccpp_equal,ccpp,.0075,6075,2795,43,22,2795,22,65,1,2.8711116,6.5384722,.66058147,-9.9440584,15.686281,42.828854,.067036852,-.23218128,.36625499,,,,,,,0,secondary_assignment_supported,0,,.8444123715162277
I08,program_juntos_2013,Juntos participation,8,100,S04,Respondent age,7,secondary,continuous,common_h_covariates,ivreg2,fuzzy_late_interaction,ccpp_equal,ccpp,.0075,5769,2795,41,22,2795,22,63,1,-7.3461065,4.1709757,.078197107,-15.521069,.82885611,36.650818,-.200435,-.42348492,.022614941,4.3852816,12.96087,14.558739,12.96087,.031546228,.0051923166,1,pass,0,,
I08,program_juntos_2013,Juntos participation,8,100,S04,Respondent age,7,secondary,continuous,common_h_iv,ivreg2,fuzzy_late_interaction,ccpp_equal,ccpp,.0075,6075,2795,43,22,2795,22,65,1,-5.7897806,4.0675821,.15462132,-13.762094,2.1825333,36.959873,-.15665044,-.3723523,.059051424,5.1383147,11.171065,10.179828,10.179828,.016753005,.28593487,1,pass,0,,.8523629693424001
I08,program_juntos_2013,Juntos participation,8,100,S04,Respondent age,7,secondary,continuous,common_h_rdhte,rdhte,assignment_hte,ccpp_equal,ccpp,.0075,6075,2795,43,22,2795,22,65,1,-.0040651285,3.0709851,.99894381,-6.0230851,6.014955,36.959873,-.00010998761,-.16296281,.16274284,,,,,,,0,secondary_assignment_supported,0,,.9989438056945801
I01,female_2013,Female,1,100,S05,CCPP altitude,8,secondary,continuous,common_h_covariates,ivreg2,fuzzy_late_interaction,ccpp_equal,ccpp,.0075,5769,2795,41,22,2795,22,63,1,5.1061678,22.875616,.82336861,-39.729218,49.941551,49.915195,.10229687,-.79593432,1.0005281,.23945159,1.0678396,.520845,.520845,.42779678,.96255964,0,underidentified,0,,
I01,female_2013,Female,1,100,S05,CCPP altitude,8,secondary,continuous,common_h_iv,ivreg2,fuzzy_late_interaction,ccpp_equal,ccpp,.0075,5893,2795,42,22,2795,22,64,1,24.594721,70.753387,.72813165,-114.07937,163.26881,49.918179,.4927007,-2.2853272,3.2707286,.14762349,.3686913,.30707607,.30707607,.56993216,.84227824,0,underidentified,0,,.8959869904951616
I01,female_2013,Female,1,100,S05,CCPP altitude,8,secondary,continuous,common_h_rdhte,rdhte,assignment_hte,ccpp_equal,ccpp,.0075,5893,2795,42,22,2795,22,64,1,4.861053,4.4028263,.26956034,-3.7683277,13.490434,49.918179,.097380422,-.075490087,.27025095,,,,,,,0,secondary_assignment_supported,0,,.6342596166274127
I02,age_15_29_outcome,Age 15-29,2,100,S05,CCPP altitude,8,secondary,continuous,common_h_covariates,ivreg2,fuzzy_late_interaction,ccpp_equal,ccpp,.0075,5769,2795,41,22,2795,22,63,1,68.25029,88.827675,.44228229,-105.84875,242.34933,45.6786,1.4941415,-2.3172503,5.3055329,.23945159,1.0678396,.520845,.520845,.42779678,.012668788,0,underidentified,0,,
I02,age_15_29_outcome,Age 15-29,2,100,S05,CCPP altitude,8,secondary,continuous,common_h_iv,ivreg2,fuzzy_late_interaction,ccpp_equal,ccpp,.0075,5893,2795,42,22,2795,22,64,1,90.586075,158.25555,.56704843,-219.58911,400.76126,45.603096,1.986402,-4.8152237,8.7880278,.14762349,.3686913,.30707607,.30707607,.56993216,.048344586,0,underidentified,0,,.8723822006812463
I02,age_15_29_outcome,Age 15-29,2,100,S05,CCPP altitude,8,secondary,continuous,common_h_rdhte,rdhte,assignment_hte,ccpp_equal,ccpp,.0075,5893,2795,42,22,2795,22,64,1,-4.1737852,6.8071694,.53978014,-17.515593,9.1680222,45.603096,-.091524169,-.3840878,.20103946,,,,,,,0,secondary_assignment_supported,0,,.7722737049234325
I03,secondaryplus_2013,Secondary education or higher,3,100,S05,CCPP altitude,8,secondary,continuous,common_h_covariates,ivreg2,fuzzy_late_interaction,ccpp_equal,ccpp,.0075,5769,2795,41,22,2795,22,63,1,79.327003,124.99438,.52566028,-165.6575,324.31149,49.443634,1.6043925,-3.3504312,6.559216,.23945159,1.0678396,.520845,.520845,.42779678,.15256546,0,underidentified,0,,
I03,secondaryplus_2013,Secondary education or higher,3,100,S05,CCPP altitude,8,secondary,continuous,common_h_iv,ivreg2,fuzzy_late_interaction,ccpp_equal,ccpp,.0075,5893,2795,42,22,2795,22,64,1,110.75314,224.51904,.62180728,-329.29608,550.80237,49.384804,2.2426562,-6.667964,11.153276,.14762349,.3686913,.30707607,.30707607,.56993216,.25493911,0,underidentified,0,,.885177735359438
I03,secondaryplus_2013,Secondary education or higher,3,100,S05,CCPP altitude,8,secondary,continuous,common_h_rdhte,rdhte,assignment_hte,ccpp_equal,ccpp,.0075,5893,2795,42,22,2795,22,64,1,-5.7036343,7.3775792,.43946096,-20.163424,8.756155,49.384804,-.11549371,-.40829208,.17730466,,,,,,,0,secondary_assignment_supported,0,,.7455021142959595
I04,employed_2013,Employed in the preceding month,4,100,S05,CCPP altitude,8,secondary,continuous,common_h_covariates,ivreg2,fuzzy_late_interaction,ccpp_equal,ccpp,.0075,5769,2795,41,22,2795,22,63,1,-19.281017,60.518597,.75003242,-137.89529,99.333252,49.915752,-.38627121,-2.7625606,1.9900182,.23945159,1.0678396,.520845,.520845,.42779678,.57329118,0,underidentified,0,,
I04,employed_2013,Employed in the preceding month,4,100,S05,CCPP altitude,8,secondary,continuous,common_h_iv,ivreg2,fuzzy_late_interaction,ccpp_equal,ccpp,.0075,5893,2795,42,22,2795,22,64,1,3.4647262,80.244186,.9655602,-153.81099,160.74045,49.920944,.069404259,-3.0810914,3.2198999,.14762349,.3686913,.30707607,.30707607,.56993216,.67627925,0,underidentified,0,,.9655601978302002
I04,employed_2013,Employed in the preceding month,4,100,S05,CCPP altitude,8,secondary,continuous,common_h_rdhte,rdhte,assignment_hte,ccpp_equal,ccpp,.0075,5893,2795,42,22,2795,22,64,1,5.9670744,7.780293,.44311288,-9.2820196,21.216167,49.920944,.11953048,-.18593436,.4249953,,,,,,,0,secondary_assignment_supported,0,,.7455021142959595
I05,worker_independent_2013,Independent worker,5,100,S05,CCPP altitude,8,secondary,continuous,common_h_covariates,ivreg2,fuzzy_late_interaction,ccpp_equal,ccpp,.0075,5769,2795,41,22,2795,22,63,1,-62.14967,122.22722,.61111921,-301.7106,177.41127,49.805347,-1.2478514,-6.0577955,3.562093,.23945159,1.0678396,.520845,.520845,.42779678,.64341676,0,underidentified,0,,
I05,worker_independent_2013,Independent worker,5,100,S05,CCPP altitude,8,secondary,continuous,common_h_iv,ivreg2,fuzzy_late_interaction,ccpp_equal,ccpp,.0075,5893,2795,42,22,2795,22,64,1,-40.122433,120.51414,.73918927,-276.32581,196.08095,49.80957,-.80551654,-5.5476446,3.9366117,.14762349,.3686913,.30707607,.30707607,.56993216,.90122682,0,underidentified,0,,.8959869904951616
I05,worker_independent_2013,Independent worker,5,100,S05,CCPP altitude,8,secondary,continuous,common_h_rdhte,rdhte,assignment_hte,ccpp_equal,ccpp,.0075,5893,2795,42,22,2795,22,64,1,-.91254765,10.594387,.93135911,-21.677164,19.85207,49.80957,-.018320728,-.43520078,.39855933,,,,,,,0,secondary_assignment_supported,0,,.9989438056945801
I06,insurance_any_2013,Any health insurance,6,100,S05,CCPP altitude,8,secondary,continuous,common_h_covariates,ivreg2,fuzzy_late_interaction,ccpp_equal,ccpp,.0075,5769,2795,41,22,2795,22,63,1,101.31405,184.48859,.58289456,-260.27695,462.90506,36.311859,2.7901092,-7.1678219,12.74804,.23945159,1.0678396,.520845,.520845,.42779678,.34256652,0,underidentified,0,,
I06,insurance_any_2013,Any health insurance,6,100,S05,CCPP altitude,8,secondary,continuous,common_h_iv,ivreg2,fuzzy_late_interaction,ccpp_equal,ccpp,.0075,5893,2795,42,22,2795,22,64,1,125.10084,278.61133,.65342039,-420.96732,671.16901,36.06691,3.4685767,-11.671844,18.608997,.14762349,.3686913,.30707607,.30707607,.56993216,.25511935,0,underidentified,0,,.885177735359438
I06,insurance_any_2013,Any health insurance,6,100,S05,CCPP altitude,8,secondary,continuous,common_h_rdhte,rdhte,assignment_hte,ccpp_equal,ccpp,.0075,5893,2795,42,22,2795,22,64,1,8.7756577,9.4029722,.35067254,-9.6538286,27.205145,36.06691,.24331605,-.26766443,.75429654,,,,,,,0,secondary_assignment_supported,0,,.7013450860977173
I07,program_any_2013,Any listed social program,7,100,S05,CCPP altitude,8,secondary,continuous,common_h_covariates,ivreg2,fuzzy_late_interaction,ccpp_equal,ccpp,.0075,5769,2795,41,22,2795,22,63,1,10.791505,29.445185,.71399593,-46.919994,68.503006,42.593063,.25336298,-1.1015877,1.6083136,.23945159,1.0678396,.520845,.520845,.42779678,.33421445,0,underidentified,0,,
I07,program_any_2013,Any listed social program,7,100,S05,CCPP altitude,8,secondary,continuous,common_h_iv,ivreg2,fuzzy_late_interaction,ccpp_equal,ccpp,.0075,5893,2795,42,22,2795,22,64,1,16.495817,40.111179,.68088752,-62.120647,95.112282,42.797634,.38543758,-1.4514973,2.2223725,.14762349,.3686913,.30707607,.30707607,.56993216,.39011812,0,underidentified,0,,.885177735359438
I07,program_any_2013,Any listed social program,7,100,S05,CCPP altitude,8,secondary,continuous,common_h_rdhte,rdhte,assignment_hte,ccpp_equal,ccpp,.0075,5893,2795,42,22,2795,22,64,1,4.2386265,6.9381971,.54125798,-9.3599901,17.837242,42.797634,.099038802,-.21870345,.41678104,,,,,,,0,secondary_assignment_supported,0,,.7722737049234325
I08,program_juntos_2013,Juntos participation,8,100,S05,CCPP altitude,8,secondary,continuous,common_h_covariates,ivreg2,fuzzy_late_interaction,ccpp_equal,ccpp,.0075,5769,2795,41,22,2795,22,63,1,-10.551754,35.526863,.7664606,-80.183128,59.07962,36.650818,-.28789955,-2.1877582,1.6119591,.23945159,1.0678396,.520845,.520845,.42779678,.11775065,0,underidentified,0,,
I08,program_juntos_2013,Juntos participation,8,100,S05,CCPP altitude,8,secondary,continuous,common_h_iv,ivreg2,fuzzy_late_interaction,ccpp_equal,ccpp,.0075,5893,2795,42,22,2795,22,64,1,-11.043432,47.154331,.81483155,-103.46423,81.377357,36.848801,-.29969585,-2.8078046,2.2084129,.14762349,.3686913,.30707607,.30707607,.56993216,.17363855,0,underidentified,0,,.916602794940655
I08,program_juntos_2013,Juntos participation,8,100,S05,CCPP altitude,8,secondary,continuous,common_h_rdhte,rdhte,assignment_hte,ccpp_equal,ccpp,.0075,5893,2795,42,22,2795,22,64,1,-1.4574538,4.9144049,.76679653,-11.08951,8.1746025,36.848801,-.039552275,-.3009463,.22184175,,,,,,,0,secondary_assignment_supported,0,,.9021135638741886
