source_ccpp_code,ruv_id,dpto_victim_raw,prov_victim_raw,dist_victim_raw,ccpp_victim_raw,canonical_code,source_name_2007,source_name_2017,canonical_name_2017,same_source_canonical,source_2007_name_agrees,source_2017_name_agrees,canonical_2017_name_agrees,review_state
0301010007,S03000120,APURIMAC,ABANCAY,ABANCAY,LLAÑUCANCHA,0301010007,LLAÑUCANCHA,LLAÑUCANCHA,LLAÑUCANCHA,1,1,1,1,directory_consistent_candidate
0301010009,S03000116,APURIMAC,ABANCAY,ABANCAY,ASILLO,0301010009,ASILLO,ASILLO,ASILLO,1,1,1,1,directory_consistent_candidate
0301010012,S03000119,APURIMAC,ABANCAY,ABANCAY,HUAYLLABAMBA,0301010012,HUAYLLABAMBA,HUAYLLABAMBA,HUAYLLABAMBA,1,1,1,1,directory_consistent_candidate
0301010017,S03000121,APURIMAC,ABANCAY,ABANCAY,PURUCHACCA,0301010017,PURUCHACA,PURUCHACCA,PURUCHACCA,1,0,1,1,review_same_code_name
0301010022,S03000118,APURIMAC,ABANCAY,ABANCAY,AYAORCCO,0301010022,AYAORCCO,AYAORCCO,AYAORCCO,1,1,1,1,directory_consistent_candidate
0301010039,S03000139,APURIMAC,ABANCAY,ABANCAY,PALTAYPATA,0301010039,PALTAIPATA,PALTAIPATA,PALTAIPATA,1,0,0,0,review_same_code_name
0301010043,S03000117,APURIMAC,ABANCAY,ABANCAY,ATUMPATA AYAORCCO,,ATUMPATA,ATUMPATA,,,0,0,,review_no_canonical_code
0301010044,S03000137,APURIMAC,ABANCAY,ABANCAY,CCOYA,0301010044,CCOYA,CCOYA,CCOYA,1,1,1,1,directory_consistent_candidate
0301010045,S03000141,APURIMAC,ABANCAY,ABANCAY,TANCARPATA,0301010045,TANCARPATA,TANCARPATA,TANCARPATA,1,1,1,1,directory_consistent_candidate
0301030001,S03000122,APURIMAC,ABANCAY,CIRCA,CIRCA,0301030001,CIRCA,CIRCA,CIRCA,1,1,1,1,directory_consistent_candidate
0301030004,S03000369,APURIMAC,ABANCAY,CIRCA,SACCSAMARCA,0301030004,SACSAMARCA,SACSAMARCA,SACSAMARCA,1,0,0,0,review_same_code_name
0301030009,S03000106,APURIMAC,ABANCAY,CIRCA,YACA OCOBAMBA,,OCOBAMBA,OCOBAMBA,,,0,0,,review_no_canonical_code
0301030012,S03000367,APURIMAC,ABANCAY,CIRCA,AHUANCCOY,0301030012,AHUANCCOY,AHUANCCOY,AHUANCCOY,1,1,1,1,directory_consistent_candidate
0301030015,S03000169,APURIMAC,ANTABAMBA,HUAQUIRCA,MUTCANI,0303030023,MUTCANI,MUTCANI,MUTKANI,0,1,1,0,review_code_change
0301030021,S03000370,APURIMAC,ABANCAY,CIRCA,SOCCOS,0301030021,SOCCOS,SOCCOS,SOCCOS,1,1,1,1,directory_consistent_candidate
0301030026,S03000105,APURIMAC,ABANCAY,CIRCA,HUIRAHUACHO,0301030026,HUIRAHUACHO (HUIRAHACHO),HUIRAHUACHO (HUIRAHACHO),HUIRAHUACHO (HUIRAHACHO),1,0,0,0,review_same_code_name
0301030027,S03000368,APURIMAC,ABANCAY,CIRCA,QUISQUIPATA,0301030027,QUISQUIPATA,QUISQUIPATA,QUISQUIPATA,1,1,1,1,directory_consistent_candidate
0301030046,S03000371,APURIMAC,ABANCAY,CIRCA,TACCACCA,0301030046,TACCACCA,TACCACCA,TACCACCA,1,1,1,1,directory_consistent_candidate
0301030048,S03000322,APURIMAC,ABANCAY,CIRCA,TAMBURQUI,0301030048,TAMBURQUI,TAMBURQUI,TAMBURQUI,1,1,1,1,directory_consistent_candidate
0301030052,S03000419,APURIMAC,ABANCAY,CIRCA,PARARANI,0301030052,PARARANI,PARARANI,PARARANI,1,1,1,1,directory_consistent_candidate
0301030053,S03000321,APURIMAC,ABANCAY,CIRCA,PARCCO,0301030053,PARCCO,PARCCO,PARCCO,1,1,1,1,directory_consistent_candidate
0301040016,S03000129,APURIMAC,ABANCAY,CURAHUASI,SAYWITE,0301040016,SAYWITE,SAYWITE,SAYWITE,1,1,1,1,directory_consistent_candidate
0301040023,S03000130,APURIMAC,ABANCAY,CURAHUASI,OCCORURO,0301040023,OCCORURO,OCCORURO,OCCORURO,1,1,1,1,directory_consistent_candidate
0301040029,S03000124,APURIMAC,ABANCAY,CURAHUASI,CONCACHA I,0301040029,CONCACHA,CONCACHA,CONCACHA,1,0,0,0,review_same_code_name
0301040035,S03000126,APURIMAC,ABANCAY,CURAHUASI,MONTERRICO,0301040035,MONTERRICO,MONTERRICO,MONTERRICO,1,1,1,1,directory_consistent_candidate
0301040043,S03000127,APURIMAC,ABANCAY,CURAHUASI,PUCA PUCA,0301040043,PUCA PUCA,PUCA PUCA,PUCA PUCA,1,1,1,1,directory_consistent_candidate
0301040061,S03000108,APURIMAC,ABANCAY,CURAHUASI,ASMAYACU,0301040061,ASMAYACU,ASMAYACU,ASMAYACU,1,1,1,1,directory_consistent_candidate
0301040068,S03000414,APURIMAC,ABANCAY,CURAHUASI,CCOCHA,0301040068,CCOCHA,CCOCHA,CCOCHA,1,1,1,1,directory_consistent_candidate
0301040074,S03000128,APURIMAC,ABANCAY,CURAHUASI,SAN ANTONIO DE MATIBAMBA,0301040074,SAN ANTONIO DE MATIBAMBA,SAN ANTONIO DE MATIBAMBA,SAN ANTONIO DE MATIBAMBA,1,1,1,1,directory_consistent_candidate
0301040075,S03000107,APURIMAC,ABANCAY,CURAHUASI,ANTILLA,0301040075,ANTILLA,ANTILLA,ANTILLA,1,1,1,1,directory_consistent_candidate
0301040089,S03000123,APURIMAC,ABANCAY,CURAHUASI,CCOLLPA,0301040089,CCOLLPA,CCOLLPA,CCOLLPA,1,1,1,1,directory_consistent_candidate
0301040104,S03000109,APURIMAC,ABANCAY,CURAHUASI,CCOC-HUA,,CCOCHUA ALTA,CCOCHUA ALTA,,,0,0,,review_no_canonical_code
0301060001,S03000112,APURIMAC,ABANCAY,LAMBRAMA,LAMBRAMA,0301060001,LAMBRAMA,LAMBRAMA,LAMBRAMA,1,1,1,1,directory_consistent_candidate
0301060003,S03000324,APURIMAC,ABANCAY,LAMBRAMA,CHUA,0301060003,CHUA,CHUA,CHUA,1,1,1,1,directory_consistent_candidate
0301060005,S03000326,APURIMAC,ABANCAY,LAMBRAMA,MATARA,0301060005,MATARA,MATARA,MATARA,1,1,1,1,directory_consistent_candidate
0301060010,S03000110,APURIMAC,ABANCAY,LAMBRAMA,CRUZPATA,0301060010,CRUZPATA,CRUZPATA,CRUZPATA,1,1,1,1,directory_consistent_candidate
0301060016,S03000329,APURIMAC,ABANCAY,LAMBRAMA,SECCEBAMBA,0301060016,SECCEBAMBA,SECCEBAMBA,SECCEBAMBA,1,1,1,1,directory_consistent_candidate
0301060019,S03000328,APURIMAC,ABANCAY,LAMBRAMA,SANTA ISABEL DE CAYPE,0301060019,SANTA ISABEL DE CAYPE,SANTA ISABEL DE CAYPE,SANTA ISABEL DE CAYPE,1,1,1,1,directory_consistent_candidate
0301060020,S03000372,APURIMAC,ABANCAY,LAMBRAMA,SUNCHU,0301060020,SUNCHO,SUNCHO,SUNCHO,1,0,0,0,review_same_code_name
0301060022,S03000111,APURIMAC,ABANCAY,LAMBRAMA,HUAYRAPAMPA,0301060022,HUAYRAPAMPA,HUAYRAPAMPA,HUAYRAPAMPA,1,1,1,1,directory_consistent_candidate
0301060028,S03000327,APURIMAC,ABANCAY,LAMBRAMA,PAYANCCA,0301060028,PAYANCCA,PAYANCCA,PAYANCCA,1,1,1,1,directory_consistent_candidate
0301060033,S03000113,APURIMAC,ABANCAY,LAMBRAMA,SIUSAY,0301060033,SIUSAY,SIUSAY,SIUSAY,1,1,1,1,directory_consistent_candidate
0301060037,S03000325,APURIMAC,ABANCAY,LAMBRAMA,MARJUNI,0301060037,MARJUNI,MARJUNI,MARJUNI,1,1,1,1,directory_consistent_candidate
0301060039,S03000114,APURIMAC,ABANCAY,LAMBRAMA,URPIPAMPA,0301060039,URPIPAMPA,URPIPAMPA,URPIPAMPA,1,1,1,1,directory_consistent_candidate
0301060044,S03000323,APURIMAC,ABANCAY,LAMBRAMA,ATANCAMA,0301060044,ATANCAMA,ATANCAMA,ATANCAMA,1,1,1,1,directory_consistent_candidate
0301070001,S03000133,APURIMAC,ABANCAY,PICHIRHUA,PICHIRHUA,0301070001,PICHIRHUA,PICHIRHUA,PICHIRHUA,1,1,1,1,directory_consistent_candidate
0301070003,S03000331,APURIMAC,ABANCAY,PICHIRHUA,AUQUIBAMBA,0301070003,AUQUIBAMBA,AUQUIBAMBA,AUQUIBAMBA,1,1,1,1,directory_consistent_candidate
0301070009,S03000330,APURIMAC,ABANCAY,PICHIRHUA,ALLPACHACA,0301070009,ALLPACHACA,ALLPACHACA,ALLPACHACA,1,1,1,1,directory_consistent_candidate
0301070016,S03000374,APURIMAC,ABANCAY,PICHIRHUA,COMUMPATA,0301070016,COMUNPATA,COMUNPATA,COMUNPATA,1,0,0,0,review_same_code_name
0301070017,S03000132,APURIMAC,ABANCAY,PICHIRHUA,LUCUCHANGA,0301070017,LUCUCHANGA,LUCUCHANGA (SAN FRANCISCO DE LUCUCHANGA),LUCUCHANGA (SAN FRANCISCO DE LUCUCHANGA),1,1,0,0,review_same_code_name
0301070019,S03000373,APURIMAC,ABANCAY,PICHIRHUA,CALLAPACCHA,0301070019,CALLAPACCHA,CALLAPACCHA,CALLAPACCHA,1,1,1,1,directory_consistent_candidate
0301070024,S03000332,APURIMAC,ABANCAY,PICHIRHUA,PISCAYA,0301070024,PISCAYA,PISCAYA,PISCAYA,1,1,1,1,directory_consistent_candidate
0301070029,S03000144,APURIMAC,ABANCAY,PICHIRHUA,COTARMA,0301070029,COTARMA,COTARMA,COTARMA,1,1,1,1,directory_consistent_candidate
0301070034,S03000418,APURIMAC,ABANCAY,PICHIRHUA,HUATURO,0301070034,HUATURO,HUATURO,HUATURO,1,1,1,1,directory_consistent_candidate
0301070038,S03000115,APURIMAC,ABANCAY,PICHIRHUA,CHALHUANI,0301070038,CHALHUANI,CHALHUANI,CHALHUANI,1,1,1,1,directory_consistent_candidate
0301070056,S03000375,APURIMAC,ABANCAY,PICHIRHUA,OCRABAMBA,0301070056,OCRABAMBA,OCRABAMBA,OCRABAMBA,1,1,1,1,directory_consistent_candidate
0302020001,S03000003,APURIMAC,ANDAHUAYLAS,ANDARAPA,ANDARAPA,0302020001,ANDARAPA,ANDARAPA,ANDARAPA,1,1,1,1,directory_consistent_candidate
0302020002,S03000005,APURIMAC,ANDAHUAYLAS,ANDARAPA,HUANCAS,0302020002,HUANCAS,HUANCAS,HUANCAS,1,1,1,1,directory_consistent_candidate
0302020003,S03000384,APURIMAC,ANDAHUAYLAS,ANDARAPA,LA MERCED,,LA MERCED UMACA,LA MERCED UMACA,,,0,0,,review_no_canonical_code
0302020004,S03000381,APURIMAC,ANDAHUAYLAS,ANDARAPA,CUNYARI,0302020004,CUNYARI,CUNYARI,CUNYARI,1,1,1,1,directory_consistent_candidate
0302020005,S03000378,APURIMAC,ANDAHUAYLAS,ANDARAPA,CENTRO UMACA,0302020005,CENTRO UMACA,CENTRO UMACA,CENTRO UMACA,1,1,1,1,directory_consistent_candidate
0302020006,S03000004,APURIMAC,ANDAHUAYLAS,ANDARAPA,CHANTA UMACA,0302020006,CHANTA UMACA,CHANTA UMACA,CHANTA UMACA,1,1,1,1,directory_consistent_candidate
0302020007,S03000385,APURIMAC,ANDAHUAYLAS,ANDARAPA,OLORHUANCA,0302020007,OLORHUANCA,OLORHUANCA,OLORHUANCA,1,1,1,1,directory_consistent_candidate
0302020009,S03000333,APURIMAC,ANDAHUAYLAS,ANDARAPA,HUAMPICA,0302020009,HUAMPICA,HUAMPICA,HUAMPICA,1,1,1,1,directory_consistent_candidate
0302020012,S03000379,APURIMAC,ANDAHUAYLAS,ANDARAPA,CHUSPI CHAMANA,0302020012,CHUSPI CHAMANA,CHUSPI CHAMANA,CHUSPI CHAMANA,1,1,1,1,directory_consistent_candidate
0302020013,S03000383,APURIMAC,ANDAHUAYLAS,ANDARAPA,HUAYAUPAMPA,0302020013,HUAYAUPAMPA,HUAYAUPAMPA,HUAYAUPAMPA,1,1,1,1,directory_consistent_candidate
0302020015,S03000390,APURIMAC,ANDAHUAYLAS,ANDARAPA,SANTA ROSA-ILLAHUASI ALTA,0302020015,SANTA ROSA (ILLAHUASI ALTA),SANTA ROSA (ILLAHUASI ALTA),SANTA ROSA (ILLAHUASI ALTA),1,1,1,1,directory_consistent_candidate
0302020016,S03000386,APURIMAC,ANDAHUAYLAS,ANDARAPA,PUEBLO LIBRE PUYHUALLA  ALTA,,PUEBLO LIBRE,PUEBLO LIBRE,,,0,0,,review_no_canonical_code
0302020018,S03000334,APURIMAC,ANDAHUAYLAS,ANDARAPA,ILLAHUASI,0302020018,ILLAHUASI,ILLAHUASI,ILLAHUASI,1,1,1,1,directory_consistent_candidate
0302020020,S03000389,APURIMAC,ANDAHUAYLAS,ANDARAPA,SAN MARTIN DE TOXAMA,0302020020,SAN MARTIN DE TOXAMA,SAN MARTIN DE TOXAMA,SAN MARTIN DE TOXAMA,1,1,1,1,directory_consistent_candidate
0302020021,S03000377,APURIMAC,ANDAHUAYLAS,ANDARAPA,CCAYHUAYOCC,0302020021,CCAYHUAYOC,CCAYHUAYOC,CCAYHUAYOC,1,0,0,0,review_same_code_name
0302020023,S03000380,APURIMAC,ANDAHUAYLAS,ANDARAPA,COTABAMBA,0302020023,COTABAMBA,COTABAMBA,COTABAMBA,1,1,1,1,directory_consistent_candidate
0302020026,S03000006,APURIMAC,ANDAHUAYLAS,ANDARAPA,CONCEPCION TOCSAMA,0302020026,CONCEPCION TOXAMA,CONCEPCION TOXAMA,CONCEPCION TOXAMA,1,0,0,0,review_same_code_name
0302020027,S03000376,APURIMAC,ANDAHUAYLAS,ANDARAPA,CCASABAMBA,0302020027,CCASABAMBA,CCASABAMBA,CCASABAMBA,1,1,1,1,directory_consistent_candidate
0302020029,S03000388,APURIMAC,ANDAHUAYLAS,ANDARAPA,SAN JUAN DE MIRAFLORES,0302020029,SAN JUAN DE MIRAFLORES,SAN JUAN DE MIRAFLORES,SAN JUAN DE MIRAFLORES,1,1,1,1,directory_consistent_candidate
0302020030,S03000387,APURIMAC,ANDAHUAYLAS,ANDARAPA,PUYHUALLA  ALTA,0302020030,PUYHUALLA ALTA,PUYHUALLA ALTA,PUYHUALLA ALTA,1,1,1,1,directory_consistent_candidate
0302020031,S03000335,APURIMAC,ANDAHUAYLAS,ANDARAPA,PUYHUALLA CENTRO,0302020031,PUYHUALLA CENTRO,PUYHUALLA CENTRO,PUYHUALLA CENTRO,1,1,1,1,directory_consistent_candidate
0302020033,S03000392,APURIMAC,ANDAHUAYLAS,ANDARAPA,VILLAREAL,0302020033,VILLAREAL,VILLAREAL,VILLAREAL,1,1,1,1,directory_consistent_candidate
0302050001,S03000009,APURIMAC,ANDAHUAYLAS,HUANCARAY,HUANCARAY,0302050001,HUANCARAY,HUANCARAY,HUANCARAY,1,1,1,1,directory_consistent_candidate
0302050006,S03000010,APURIMAC,ANDAHUAYLAS,HUANCARAY,MOLLEPATA,0302050006,MOLLEPATA,MOLLEPATA,MOLLEPATA,1,1,1,1,directory_consistent_candidate
0302050027,S03000008,APURIMAC,ANDAHUAYLAS,HUANCARAY,CCORIRAYA,0302050027,CCORIRAYA,CCORIRAYA,CCORIRAYA,1,1,1,1,directory_consistent_candidate
0302050029,S03000007,APURIMAC,ANDAHUAYLAS,HUANCARAY,CCANCCAYLLO,0302050029,CCANCCAYLLO,CCANCCAYLLO,CCANCCAYLLO,1,1,1,1,directory_consistent_candidate
0302050031,S03000011,APURIMAC,ANDAHUAYLAS,HUANCARAY,NATIVIDAD,0302050031,NATIVIDAD,NATIVIDAD,NATIVIDAD,1,1,1,1,directory_consistent_candidate
0302070001,S03000481,APURIMAC,ANDAHUAYLAS,KISHUARA,KISHUARA,0302070001,KISHUARA,KISHUARA,KISHUARA,1,1,1,1,directory_consistent_candidate
0302070002,S03000480,APURIMAC,ANDAHUAYLAS,KISHUARA,COLPA,0302070002,COLPA,COLPA,COLPA,1,1,1,1,directory_consistent_candidate
0302070008,S03000019,APURIMAC,ANDAHUAYLAS,KISHUARA,VISCHINGAY,0302070008,VISCHINGAY,VISCHINGAY,VISCHINGAY,1,1,1,1,directory_consistent_candidate
0302070010,S03000022,APURIMAC,ANDAHUAYLAS,KISHUARA,QUILLABAMBA,0302070010,QUILLABAMBA,QUILLABAMBA,QUILLABAMBA,1,1,1,1,directory_consistent_candidate
0302070011,S03000024,APURIMAC,ANDAHUAYLAS,KISHUARA,SANTIAGO PAUCAR,,SANTIAGO,SANTIAGO,,,0,0,,review_no_canonical_code
0302070013,S03000020,APURIMAC,ANDAHUAYLAS,KISHUARA,BELEN ANTA,0302070013,BELEN ANTA,BELEN ANTA,BELEN ANTA,1,1,1,1,directory_consistent_candidate
0302070014,S03000021,APURIMAC,ANDAHUAYLAS,KISHUARA,MATAPUQUIO,0302070014,MATAPUQUIO,MATAPUQUIO,MATAPUQUIO,1,1,1,1,directory_consistent_candidate
0302070024,S03000023,APURIMAC,ANDAHUAYLAS,KISHUARA,SOTCCOMAYO,0302070024,SOTCCOMAYO,SOTCCOMAYO,SOTCCOMAYO,1,1,1,1,directory_consistent_candidate
0302070031,S03000485,APURIMAC,ANDAHUAYLAS,KISHUARA,SECSENCCALLA,0302070031,SECSENCCALLA,SECSENCCALLA,SECSENCCALLA,1,1,1,1,directory_consistent_candidate
0302070033,S03000483,APURIMAC,ANDAHUAYLAS,KISHUARA,TONCCOBAMBA,0302070033,TONCCOBAMBA,TONCCOBAMBA,TONCCOBAMBA,1,1,1,1,directory_consistent_candidate
0302070036,S03000482,APURIMAC,ANDAHUAYLAS,KISHUARA,LARAMARU,0302070036,LARAMARU,LARAMARU,LARAMARU,1,1,1,1,directory_consistent_candidate
0302070042,S03000486,APURIMAC,ANDAHUAYLAS,KISHUARA,CAVIRA,0302070042,CAVIRA,CAVIRA,CAVIRA,1,1,1,1,directory_consistent_candidate
0302120001,S03000035,APURIMAC,ANDAHUAYLAS,SAN ANTONIO DE CACHI,SAN ANTONIO DE CACHI,0302120001,SAN ANTONIO DE CACHI,SAN ANTONIO DE CACHI,SAN ANTONIO DE CACHI,1,1,1,1,directory_consistent_candidate
0302120004,S03000036,APURIMAC,ANDAHUAYLAS,SAN ANTONIO DE CACHI,HUANTANA,0302120004,HUANTANA,HUANTANA,HUANTANA,1,1,1,1,directory_consistent_candidate
0302120017,S03000037,APURIMAC,ANDAHUAYLAS,SAN ANTONIO DE CACHI,CACHIHUANCARAY,0302120017,CACHIHUANCARAY,CACHIHUANCARAY,CACHIHUANCARAY,1,1,1,1,directory_consistent_candidate
0302120026,S03000039,APURIMAC,ANDAHUAYLAS,SAN ANTONIO DE CACHI,SAN JUAN DE KULA,0302120026,SAN JUAN DE KULA,SAN JUAN DE KULA,SAN JUAN DE KULA,1,1,1,1,directory_consistent_candidate
0302120027,S03000038,APURIMAC,ANDAHUAYLAS,SAN ANTONIO DE CACHI,SAN JUAN BAUTISTA,0302120027,SAN JUAN BAUTISTA,SAN JUAN BAUTISTA,SAN JUAN BAUTISTA,1,1,1,1,directory_consistent_candidate
0302120029,S03000033,APURIMAC,ANDAHUAYLAS,SAN ANTONIO DE CACHI,CCAPCCA,0302120029,CCAPCCA,CCAPCCA,CCAPCCA,1,1,1,1,directory_consistent_candidate
0302120030,S03000040,APURIMAC,ANDAHUAYLAS,SAN ANTONIO DE CACHI,SANTA ROSA DE CAMPANAYOC,,SANTA ROSA DE MOLLEPATA,SANTA ROSA DE MOLLEPATA,,,0,0,,review_no_canonical_code
0302120033,S03000034,APURIMAC,ANDAHUAYLAS,SAN ANTONIO DE CACHI,CHULLISANA,0302120033,CHULLISANA,CHULLISANA,CHULLISANA,1,1,1,1,directory_consistent_candidate
0302120034,S03000041,APURIMAC,ANDAHUAYLAS,SAN ANTONIO DE CACHI,TANQUIHUA,0302120034,TANQUIHUA,TANQUIHUA,TANQUIHUA,1,1,1,1,directory_consistent_candidate
0302120036,S03000032,APURIMAC,ANDAHUAYLAS,SAN ANTONIO DE CACHI,CACHIYAURECC,0302120036,CACHIYAURECC,CACHIYAURECC,CACHIYAURECC,1,1,1,1,directory_consistent_candidate
0302150009,S03000047,APURIMAC,ANDAHUAYLAS,SANTA MARIA DE CHICMO,MOYABAMBA BAJA,0302150009,MOYABAMBA BAJA,MOYABAMBA BAJA,MOYABAMBA BAJA,1,1,1,1,directory_consistent_candidate
0302150011,S03000049,APURIMAC,ANDAHUAYLAS,SANTA MARIA DE CHICMO,TARAMBA,0302150011,TARAMBA,TARAMBA,TARAMBA,1,1,1,1,directory_consistent_candidate
0302150029,S03000045,APURIMAC,ANDAHUAYLAS,SANTA MARIA DE CHICMO,CHICHUCANCHA,0302150029,CHICHUCANCHA,CHICHUCANCHA,CHICHUCANCHA,1,1,1,1,directory_consistent_candidate
0302150033,S03000044,APURIMAC,ANDAHUAYLAS,SANTA MARIA DE CHICMO,CCANTUPATA,0302150033,CCANTUPATA,CCANTUPATA,CCANTUPATA,1,1,1,1,directory_consistent_candidate
0302150034,S03000048,APURIMAC,ANDAHUAYLAS,SANTA MARIA DE CHICMO,REBELDE HUAYRANA,0302150034,REBELDE HUAYRANA,REBELDE HUAYRANA,REBELDE HUAYRANA,1,1,1,1,directory_consistent_candidate
0302150035,S03000043,APURIMAC,ANDAHUAYLAS,SANTA MARIA DE CHICMO,CASCABAMBA,0302150035,CASCABAMBA,CASCABAMBA,CASCABAMBA,1,1,1,1,directory_consistent_candidate
0302150042,S03000046,APURIMAC,ANDAHUAYLAS,SANTA MARIA DE CHICMO,LAMAY PAMPA,0302150038,MARAYPAMPA,MARAYPAMPA,LAMAY,0,0,0,0,review_code_change
0302170037,S03000437,APURIMAC,ANDAHUAYLAS,TUMAYHUARACA,CCALLO OCCO,0302170037,CCALLO OCCO,CCALLO OCCO,CCALLO OCCO,1,1,1,1,directory_consistent_candidate
0302180001,S03000055,APURIMAC,ANDAHUAYLAS,TURPO,TURPO,0302180001,TURPO,TURPO,TURPO,1,1,1,1,directory_consistent_candidate
0302180003,S03000054,APURIMAC,ANDAHUAYLAS,TURPO,TAYPICHA,0302180003,TAYPICHA,TAYPICHA,TAYPICHA,1,1,1,1,directory_consistent_candidate
0302180005,S03000051,APURIMAC,ANDAHUAYLAS,TURPO,CONTUCMA,0302180005,CONTUCNA,CONTUCNA,CONTUCNA,1,0,0,0,review_same_code_name
0302180012,S03000053,APURIMAC,ANDAHUAYLAS,TURPO,YANACMA,0302180012,YANACCMA,YANACCMA,YANACCMA,1,0,0,0,review_same_code_name
0302180016,S03000052,APURIMAC,ANDAHUAYLAS,TURPO,SAN JUAN DE OCCOLLO,0302180016,SAN JUAN DE OCCOLLO,SAN JUAN DE OCCOLLO,SAN JUAN DE OCCOLLO,1,1,1,1,directory_consistent_candidate
0302180019,S03000475,APURIMAC,ANDAHUAYLAS,TURPO,SANTIAGO BELEN ANTA,0302180019,BELEN ANTA,BELEN ANTA,BELEN ANTA,1,0,0,0,review_same_code_name
0302190001,S03000015,APURIMAC,ANDAHUAYLAS,KAQUIABAMBA,KAQUIABAMBA,0302190001,KAQUIABAMBA,KAQUIABAMBA,KAQUIABAMBA,1,1,1,1,directory_consistent_candidate
0302190002,S03000016,APURIMAC,ANDAHUAYLAS,KAQUIABAMBA,PACALLA,0302190002,PACALLA,PACALLA,PACALLA,1,1,1,1,directory_consistent_candidate
0302190003,S03000018,APURIMAC,ANDAHUAYLAS,KAQUIABAMBA,TROJAHUASI,0302190003,TROJAHUASI,TROJAHUASI,TROJAHUASI,1,1,1,1,directory_consistent_candidate
0302190004,S03000013,APURIMAC,ANDAHUAYLAS,KAQUIABAMBA,ANYANIZO,0302190004,ANYANIZO,ANYANIZO,ANYANIZO,1,1,1,1,directory_consistent_candidate
0302190005,S03000014,APURIMAC,ANDAHUAYLAS,KAQUIABAMBA,COCAIRO,0302190005,COCAIRO,COCAIRO,COCAIRO,1,1,1,1,directory_consistent_candidate
0302190009,S03000017,APURIMAC,ANDAHUAYLAS,KAQUIABAMBA,PULLURI,0302190009,PULLURI,PULLURI,PULLURI,1,1,1,1,directory_consistent_candidate
0303030001,S03000146,APURIMAC,ANTABAMBA,HUAQUIRCA,HUAQUIRCA,0303030001,ANTABAMBA,HUAQUIRCA,HUAQUIRCA,1,0,1,1,review_same_code_name
0303030004,S03000165,APURIMAC,ANTABAMBA,HUAQUIRCA,CCANO,0303030004,CCANO,CCANO,CCANO,1,1,1,1,directory_consistent_candidate
0303030007,S03000170,APURIMAC,ANTABAMBA,HUAQUIRCA,OCCOCCO,0303030007,OCCO OCCO,OCCOCCO,OCCOCCO,1,0,1,1,review_same_code_name
0303030018,S03000167,APURIMAC,ANTABAMBA,HUAQUIRCA,FINAYA,0303030018,FINAYA,FINAYA,FINAYA,1,1,1,1,directory_consistent_candidate
0303030031,S03000147,APURIMAC,ANTABAMBA,HUAQUIRCA,MATARA,0303030031,MATARA,MATARA,MATARA,1,1,1,1,directory_consistent_candidate
0304010001,S03000393,APURIMAC,AYMARAES,CHALHUANCA,CHALHUALCA,0304010001,CHALHUANCA,CHALHUANCA,CHALHUANCA,1,0,0,0,review_same_code_name
0304010003,S03000174,APURIMAC,AYMARAES,CHALHUANCA,MUTCA,0304010003,MUTCA,MUTCA,MUTCA,1,1,1,1,directory_consistent_candidate
0304010005,S03000173,APURIMAC,AYMARAES,CHALHUANCA,LAMBRAMA,0304010005,LAMBRAMA,LAMBRAMA,LAMBRAMA,1,1,1,1,directory_consistent_candidate
0304010007,S03000177,APURIMAC,AYMARAES,CHALHUANCA,PINCAHUACHO,0304010007,PINCAHUACHO,PINCAHUACHO,PINCAHUACHO,1,1,1,1,directory_consistent_candidate
0304010022,S03000189,APURIMAC,AYMARAES,CHALHUANCA,PILLCCOHUARA,0304010022,PILLCCOARA,PILLCCOARA,PILLCCOARA,1,0,0,0,review_same_code_name
0304010028,S03000176,APURIMAC,AYMARAES,CHALHUANCA,PAUCCARAYA,0304010028,PAUCCARAYA,PAUCCARAYA,PAUCCARAYA,1,1,1,1,directory_consistent_candidate
0304010030,S03000178,APURIMAC,AYMARAES,CHALHUANCA,UNCHIÑA,0304010030,UNCHIÑA,UNCHIÑA,UNCHIÑA,1,1,1,1,directory_consistent_candidate
0304060001,S03000191,APURIMAC,AYMARAES,COTARUSE,COTARUSE,0304060001,COTARUSE,COTARUSE,COTARUSE,1,1,1,1,directory_consistent_candidate
0304060003,S03000394,APURIMAC,AYMARAES,COTARUSE,HUAMPACCOTA,0304060003,HUAMPOCCOTA,HUAMPOCCOTA,HUAMPOCCOTA,1,0,0,0,review_same_code_name
0304060011,S03000193,APURIMAC,AYMARAES,COTARUSE,PAMPAMARCA,0304060011,PAMPAMARCA,PAMPAMARCA,PAMPAMARCA,1,1,1,1,directory_consistent_candidate
0304060018,S03000339,APURIMAC,AYMARAES,COTARUSE,PROMESA,0304060018,PROMESA,PROMESA,PROMESA,1,1,1,1,directory_consistent_candidate
0304060022,S03000340,APURIMAC,AYMARAES,COTARUSE,SAN MIGUEL DE MESTIZAS,0304060022,SAN MIGUEL DE MESTIZAS,SAN MIGUEL DE MESTIZAS,SAN MIGUEL DE MESTIZAS,1,1,1,1,directory_consistent_candidate
0304060031,S03000192,APURIMAC,AYMARAES,COTARUSE,ISCAHUACA,0304060031,ISCAHUACA,ISCAHUACA,ISCAHUACA,1,1,1,1,directory_consistent_candidate
0304060040,S03000338,APURIMAC,AYMARAES,COTARUSE,PILLUNI,0304060040,PILLUNI,PILLUNI,PILLUNI,1,1,1,1,directory_consistent_candidate
0304060056,S03000476,APURIMAC,AYMARAES,COTARUSE,HUAYUNCA,0304060056,HUAYUNCA,HUAYUNCA,HUAYUNCA,1,1,1,1,directory_consistent_candidate
0304060059,S03000336,APURIMAC,AYMARAES,COTARUSE,CCELLOPAMPA,0304060059,CCELLOPAMPA,CCELLOPAMPA,CCELLOPAMPA,1,1,1,1,directory_consistent_candidate
0304060061,S03000341,APURIMAC,AYMARAES,COTARUSE,TOTORA,0304060061,TOTORA,TOTORA,TOTORA,1,1,1,1,directory_consistent_candidate
0304060062,S03000194,APURIMAC,AYMARAES,COTARUSE,PISQUICOCHA,0304060062,PISQUICOCHA,PISQUICOCHA,PISQUICOCHA,1,1,1,1,directory_consistent_candidate
0304060065,S03000337,APURIMAC,AYMARAES,COTARUSE,LAHUALAHUA,0304060065,LAHUALAHUA,LAHUA LAHUA,LAHUA LAHUA,1,1,1,1,directory_consistent_candidate
0304060088,S03000396,APURIMAC,AYMARAES,COTARUSE,SAYCATA,0304060088,SAYCATA,SAYCATA,SAYCATA,1,1,1,1,directory_consistent_candidate
0304080001,S03000345,APURIMAC,AYMARAES,JUSTO APU SAHUARAURA,PICHIHUA,0304080001,PICHIHUA,PICHIHUA,PICHIHUA,1,1,1,1,directory_consistent_candidate
0304080004,S03000342,APURIMAC,AYMARAES,JUSTO APU SAHUARAURA,ACCOLLANCA,0304080004,ACCOLLANCCA,ACCOLLANCCA,ACCOLLANCCA,1,0,0,0,review_same_code_name
0304080005,S03000343,APURIMAC,AYMARAES,JUSTO APU SAHUARAURA,AMOCA,0304080005,AMOCA,AMOCA,AMOCA,1,1,1,1,directory_consistent_candidate
0304080008,S03000397,APURIMAC,AYMARAES,JUSTO APU SAHUARAURA,CHECCASA,0304080008,CHECCASA,CHECCASA,CHECCASA,1,1,1,1,directory_consistent_candidate
0304080009,S03000197,APURIMAC,AYMARAES,JUSTO APU SAHUARAURA,PACSICA,0304080009,PACSICA,PACSICA,PACSICA,1,1,1,1,directory_consistent_candidate
0304080020,S03000344,APURIMAC,AYMARAES,JUSTO APU SAHUARAURA,CHINCHIÑA,0304080020,CHINCHIÑA,CHINCHIÑA,CHINCHIÑA,1,1,1,1,directory_consistent_candidate
0304090001,S03000199,APURIMAC,AYMARAES,LUCRE,LUCRE,0304090001,LUCRE,LUCRE,LUCRE,1,1,1,1,directory_consistent_candidate
0304090011,S03000198,APURIMAC,AYMARAES,LUCRE,CAYHUACHAHUA,0304090011,CAYHUACHAHUA,CAYHUACHAHUA,CAYHUACHAHUA,1,1,1,1,directory_consistent_candidate
0304090025,S03000399,APURIMAC,AYMARAES,LUCRE,SOCCO,0304090025,SOCCO,SOCCO,SOCCO,1,1,1,1,directory_consistent_candidate
0304090028,S03000348,APURIMAC,AYMARAES,LUCRE,SICUNA,0304090028,SICUNA,SICUNA,SICUNA,1,1,1,1,directory_consistent_candidate
0304090040,S03000347,APURIMAC,AYMARAES,LUCRE,MUTCA,0304090040,MUTCA,MUTCA,MUTCA,1,1,1,1,directory_consistent_candidate
0304090043,S03000349,APURIMAC,AYMARAES,LUCRE,YANAMISA,0304090043,YANAMISA,YANAMISA,YANAMISA,1,1,1,1,directory_consistent_candidate
0304090045,S03000200,APURIMAC,AYMARAES,LUCRE,PINCO,0304090045,PINCO,PINCO,PINCO,1,1,1,1,directory_consistent_candidate
0304090046,S03000346,APURIMAC,AYMARAES,LUCRE,ACOYCHA,0304090046,ACOYCHA,ACOYCHA,ACOYCHA,1,1,1,1,directory_consistent_candidate
0304100009,S03000471,APURIMAC,AYMARAES,POCOHUANCA,HUANCAPAMPA,0304100009,HUANCAPAMPA,HUANCAPAMPA,HUANCAPAMPA,1,1,1,1,directory_consistent_candidate
0304100015,S03000447,APURIMAC,AYMARAES,POCOHUANCA,PISCOYA,0304100015,PISCOYA,PISCOYA,PISCOYA,1,1,1,1,directory_consistent_candidate
0304100018,S03000449,APURIMAC,AYMARAES,POCOHUANCA,CHANTA,0304100018,CHANTA,CHANTA,CHANTA,1,1,1,1,directory_consistent_candidate
0304100023,S03000448,APURIMAC,AYMARAES,POCOHUANCA,POCOHUANCA,0304100023,,POCOHUANCA,POCOHUANCA,1,,1,1,directory_consistent_candidate
0304140001,S03000182,APURIMAC,AYMARAES,TAPAIRIHUA,TAPAIRIHUA,0304140001,TAPAIRIHUA,TAPAIRIHUA,TAPAIRIHUA,1,1,1,1,directory_consistent_candidate
0304140003,S03000351,APURIMAC,AYMARAES,TAPAIRIHUA,CCORIRAY,0304140003,CCORIRAY,CCORIRAY,CCORIRAY,1,1,1,1,directory_consistent_candidate
0304140004,S03000400,APURIMAC,AYMARAES,TAPAIRIHUA,PALLCCORA,0304140004,PALLCCORA,PALLCCORA,PALLCCORA,1,1,1,1,directory_consistent_candidate
0304140005,S03000354,APURIMAC,AYMARAES,TAPAIRIHUA,MOCHOCCO,0304140005,MOCHOCCO,MOCCHOCCO,MOCCHOCCO,1,1,0,0,review_same_code_name
0304140007,S03000350,APURIMAC,AYMARAES,TAPAIRIHUA,AYLLASANA,0304140007,AYLLASANA,AYLLASANA,AYLLASANA,1,1,1,1,directory_consistent_candidate
0304140008,S03000355,APURIMAC,AYMARAES,TAPAIRIHUA,SOCCO,0304140008,SOCCO,SOCCO,SOCCO,1,1,1,1,directory_consistent_candidate
0304140009,S03000353,APURIMAC,AYMARAES,TAPAIRIHUA,LAYME,0304140009,LAYME,LAYME,LAYME,1,1,1,1,directory_consistent_candidate
0304140016,S03000352,APURIMAC,AYMARAES,TAPAIRIHUA,HUAYAO,0304140016,HUAYAO,HUAYAO,HUAYAO,1,1,1,1,directory_consistent_candidate
0304160001,S03000202,APURIMAC,AYMARAES,TORAYA,TORAYA,0304160001,TORAYA,TORAYA,TORAYA,1,1,1,1,directory_consistent_candidate
0304160002,S03000201,APURIMAC,AYMARAES,TORAYA,LLINQUI,0304160002,LLINQUE,LLINQUE,LLINQUE,1,0,0,0,review_same_code_name
0304160003,S03000185,APURIMAC,AYMARAES,TORAYA,TANTA,0304160003,TANTA,TANTA,TANTA,1,1,1,1,directory_consistent_candidate
0304160004,S03000428,APURIMAC,AYMARAES,TORAYA,CCASAYA,0304160004,CCASAYA,CCASAYA,CCASAYA,1,1,1,1,directory_consistent_candidate
0304160006,S03000184,APURIMAC,AYMARAES,TORAYA,CANUA,0304160006,CANUA,CANUA,CANUA,1,1,1,1,directory_consistent_candidate
0304160009,S03000401,APURIMAC,AYMARAES,TORAYA,SAN JUAN DE CONDEBAMBA,0304160009,CONDEBAMBA,CONDEBAMBA,CONDEBAMBA,1,0,0,0,review_same_code_name
0304160010,S03000430,APURIMAC,AYMARAES,TORAYA,SARANI,0304160010,SARANI,SARANI,SARANI,1,1,1,1,directory_consistent_candidate
0304160011,S03000356,APURIMAC,AYMARAES,TORAYA,LLAÑUPAMPA,0304160011,LLAÑUPAMPA,LLAÑUPAMPA,LLAÑUPAMPA,1,1,1,1,directory_consistent_candidate
0304160014,S03000429,APURIMAC,AYMARAES,TORAYA,CHALLHUINI,0304160014,CHALLHUINI,CHALLHUINI,CHALLHUINI,1,1,1,1,directory_consistent_candidate
0304170001,S03000203,APURIMAC,AYMARAES,YANACA,YANACA,0304170001,YANACA,YANACA,YANACA,1,1,1,1,directory_consistent_candidate
0304170008,S03000477,APURIMAC,AYMARAES,YANACA,SARAICA,0304170008,SARAYCA,SARAICA,SARAICA,1,0,1,1,review_same_code_name
0305010005,S03000258,APURIMAC,COTABAMBAS,TAMBOBAMBA,OCCACCAHUA,0305010005,OCCACCAHUA,OCCACCAHUA,OCCACCAHUA,1,1,1,1,directory_consistent_candidate
0305010019,S03000276,APURIMAC,COTABAMBAS,TAMBOBAMBA,CHACCARO,0305010019,CHACCARO,CHACCARO,CHACCARO,1,1,1,1,directory_consistent_candidate
0305010033,S03000257,APURIMAC,COTABAMBAS,TAMBOBAMBA,LLACTACUNCA,0305010033,LLACTACUNCA,LLACTACUNCA,LLACTACUNCA,1,1,1,1,directory_consistent_candidate
0305010034,S03000278,APURIMAC,COTABAMBAS,TAMBOBAMBA,TOTORHUAYLAS,0305010034,TOTORHUAYLAS,TOTORHUAYLAS,TOTORHUAYLAS,1,1,1,1,directory_consistent_candidate
0305010048,S03000275,APURIMAC,COTABAMBAS,TAMBOBAMBA,ASACASI,0305010048,ASACASI,ASACASI,ASACASI,1,1,1,1,directory_consistent_candidate
0305010051,S03000468,APURIMAC,COTABAMBAS,TAMBOBAMBA,PUNAPAMPA,0305010051,PUNAPAMPA,PUNAPAMPA,PUNAPAMPA,1,1,1,1,directory_consistent_candidate
0305010064,S03000260,APURIMAC,COTABAMBAS,TAMBOBAMBA,PICHACA,0305010064,PICHACA,PICHACA,PICHACA,1,1,1,1,directory_consistent_candidate
0305010076,S03000261,APURIMAC,COTABAMBAS,TAMBOBAMBA,PUMAMARCA,0305010076,PUMAMARCA,PUMAMARCA,PUMAMARCA,1,1,1,1,directory_consistent_candidate
0305010078,S03000259,APURIMAC,COTABAMBAS,TAMBOBAMBA,PAYANCCA,0305010078,PAYANCCA,PAYANCCA,PAYANCCA,1,1,1,1,directory_consistent_candidate
0305010080,S03000277,APURIMAC,COTABAMBAS,TAMBOBAMBA,CHOQQUECCA ANTIO,,CHOQUECCA,CHOQUECCA,,,0,0,,review_no_canonical_code
0305010084,S03000469,APURIMAC,COTABAMBAS,TAMBOBAMBA,ALLAHUA,0305010084,ALLAHUA,ALLAHUA,ALLAHUA,1,1,1,1,directory_consistent_candidate
0305010127,S03000262,APURIMAC,COTABAMBAS,TAMBOBAMBA,QQUELLO,0305010067,QQUERQUERHUA,QQUERQUERHUA,QQELLO,0,0,0,0,review_code_change
0305020003,S03000264,APURIMAC,COTABAMBAS,COTABAMBAS,AÑARQUI,0305020003,AÑARQUI,AÑARQUI,AÑARQUI,1,1,1,1,directory_consistent_candidate
0305020012,S03000254,APURIMAC,COTABAMBAS,COTABAMBAS,CCALLA,0305020012,CCALLA,CCALLA,CCALLA,1,1,1,1,directory_consistent_candidate
0305020015,S03000265,APURIMAC,COTABAMBAS,COTABAMBAS,COLCA,0305020015,COLCA,COLCA,COLCA,1,1,1,1,directory_consistent_candidate
0305020016,S03000263,APURIMAC,COTABAMBAS,COTABAMBAS,CHAUPEC,0305020016,CHAUPEC,CHAUPEC,CHAUPEC,1,1,1,1,directory_consistent_candidate
0305020028,S03000266,APURIMAC,COTABAMBAS,COTABAMBAS,SAN JUAN,0305020028,SAN JUAN,SAN JUAN,SAN JUAN,1,1,1,1,directory_consistent_candidate
0305040001,S03000274,APURIMAC,COTABAMBAS,HAQUIRA,HAQUIRA,0305040001,HAQUIRA,HAQUIRA,HAQUIRA,1,1,1,1,directory_consistent_candidate
0305040002,S03000411,APURIMAC,COTABAMBAS,HAQUIRA,MOCABAMBA,0305040002,MOCABAMBA,MOCABAMBA,MOCABAMBA,1,1,1,1,directory_consistent_candidate
0305040037,S03000293,APURIMAC,COTABAMBAS,HAQUIRA,SAN JUAN DE LLAC HUA,0305040037,SAN JUAN DE LLACHUA,SAN JUAN DE LLACHUA,SAN JUAN DE LLACHUA,1,1,1,1,directory_consistent_candidate
0305040039,S03000273,APURIMAC,COTABAMBAS,HAQUIRA,PATAHUASI,0305040039,PATAHUASI,PATAHUASI,PATAHUASI,1,1,1,1,directory_consistent_candidate
0305040052,S03000286,APURIMAC,COTABAMBAS,HAQUIRA,ANTAPUNCO,0305040052,ANTAPUNCO,ANTAPUNCO,ANTAPUNCO,1,1,1,1,directory_consistent_candidate
0305040056,S03000272,APURIMAC,COTABAMBAS,HAQUIRA,MARCALLA,,MARCAPATA,MARCAPATA,,,0,0,,review_no_canonical_code
0305040061,S03000291,APURIMAC,COTABAMBAS,HAQUIRA,PATAN,0305040061,PATAN,PATAN,PATAN,1,1,1,1,directory_consistent_candidate
0305040068,S03000413,APURIMAC,COTABAMBAS,HAQUIRA,PAUCHI MARCALLA,0305040068,PAUCHI MARCAYAC,PAUCHI MARCAYAC (PAUCHI),PAUCHI MARCAYAC (PAUCHI),1,0,0,0,review_same_code_name
0305040072,S03000287,APURIMAC,COTABAMBAS,HAQUIRA,CCOCHARARA,0305040072,CCOCHARARA,CCOCHARARA,CCOCHARARA,1,1,1,1,directory_consistent_candidate
0305040074,S03000417,APURIMAC,COTABAMBAS,HAQUIRA,CCOCHA SASIN,0305040074,CCOCHA SASIN,CCOCHA SASIN,CCOCHA SASIN,1,1,1,1,directory_consistent_candidate
0305040093,S03000290,APURIMAC,COTABAMBAS,HAQUIRA,HUANCASCCA,0305040093,HUANCASCCA,HUANCASCCA,HUANCASCCA,1,1,1,1,directory_consistent_candidate
0305040102,S03000288,APURIMAC,COTABAMBAS,HAQUIRA,CCOSAMA,0305040102,COSAMA,COSAMA,COSAMA,1,0,0,0,review_same_code_name
0305040104,S03000412,APURIMAC,COTABAMBAS,HAQUIRA,PAMPA SAN JOSE,0305040104,PAMPA SAN JOSE,PAMPA SAN JOSE,PAMPA SAN JOSE,1,1,1,1,directory_consistent_candidate
0305040106,S03000365,APURIMAC,COTABAMBAS,HAQUIRA,ICMAPATA,0305040106,ICMAPATA,ICMAPATA,ICMAPATA,1,1,1,1,directory_consistent_candidate
0305040110,S03000289,APURIMAC,COTABAMBAS,HAQUIRA,HUANCA UMUYTO,0305040110,HUANCA UMUYTO,HUANCA UMUYTO,HUANCA UMUYTO,1,1,1,1,directory_consistent_candidate
0305040121,S03000292,APURIMAC,COTABAMBAS,HAQUIRA,PISCOCALLA,0305040121,PISCOCALLA,PISCOCALLA,PISCOCALLA,1,1,1,1,directory_consistent_candidate
0305040123,S03000366,APURIMAC,COTABAMBAS,HAQUIRA,MUTUHUASI,0305040123,MUTUHUASI,MUTUHUASI -SOCLLA,MUTUHUASI -SOCLLA,1,1,0,0,review_same_code_name
0305040141,S03000256,APURIMAC,COTABAMBAS,HAQUIRA,CCOCHAC DESPENSA,0305040141,CCOCHAC DESPENSA,CCOCHAC DESPENSA,CCOCHAC DESPENSA,1,1,1,1,directory_consistent_candidate
0305050001,S03000303,APURIMAC,COTABAMBAS,MARA,MARA,0305050001,MARA,MARA,MARA,1,1,1,1,directory_consistent_candidate
0305050011,S03000305,APURIMAC,COTABAMBAS,MARA,PITIC,0305050011,PITIC,PITIC,PITIC,1,1,1,1,directory_consistent_candidate
0305050014,S03000298,APURIMAC,COTABAMBAS,MARA,CONGOTA,0305050014,CONGOTA,CONGOTA,CONGOTA,1,1,1,1,directory_consistent_candidate
0305050017,S03000304,APURIMAC,COTABAMBAS,MARA,PISACCASA,0305050017,PISACCASA,PISACCASA,PISACCASA,1,1,1,1,directory_consistent_candidate
0305050019,S03000302,APURIMAC,COTABAMBAS,MARA,HUARUMA,0305050019,HUARUMA,HUARUMA,HUARUMA,1,1,1,1,directory_consistent_candidate
0305050024,S03000306,APURIMAC,COTABAMBAS,MARA,YURICANCHA,0305050024,YURICANCHA,YURICANCHA,YURICANCHA,1,1,1,1,directory_consistent_candidate
0305050028,S03000297,APURIMAC,COTABAMBAS,MARA,CHEQOLLO,0305050028,CHEQOLLO,CHEQOLLO,CHEQOLLO,1,1,1,1,directory_consistent_candidate
0305050029,S03000300,APURIMAC,COTABAMBAS,MARA,HUACUY,0305050029,HUACUY,HUACUY,HUACUY,1,1,1,1,directory_consistent_candidate
0305050030,S03000295,APURIMAC,COTABAMBAS,MARA,ANDRES AVELINO CACERES,0305050030,ANDRES AVELINO CACERES,ANDRES AVELINO CACERES,ANDRES AVELINO CACERES,1,1,1,1,directory_consistent_candidate
0305050037,S03000294,APURIMAC,COTABAMBAS,MARA,AMARUPATA,0305050037,AMARUPATA,AMARUPATA,AMARUPATA,1,1,1,1,directory_consistent_candidate
0305050039,S03000299,APURIMAC,COTABAMBAS,MARA,CURCA,0305050039,CURCA,CURCA,CURCA,1,1,1,1,directory_consistent_candidate
0305050041,S03000296,APURIMAC,COTABAMBAS,MARA,CHACAMACHAY,0305050041,CHACAMACHAY,CHACAMACHAY,CHACAMACHAY,1,1,1,1,directory_consistent_candidate
0305060001,S03000282,APURIMAC,COTABAMBAS,CHALLHUAHUACHO,CARMEN ALTO DE CHALLHUAHUACHO,0305060001,CHALLHUAHUACHO,CHALLHUAHUACHO,CHALLHUAHUACHO,1,0,0,0,review_same_code_name
0305060009,S03000283,APURIMAC,COTABAMBAS,CHALLHUAHUACHO,FUERABAMBA,0305060009,FUERABAMBA,FUERABAMBA,FUERABAMBA,1,1,1,1,directory_consistent_candidate
0305060010,S03000281,APURIMAC,COTABAMBAS,CHALLHUAHUACHO,CHALLAQUE,0305060010,CHALLAQUI,CHALLAQUE,CHALLAQUE,1,0,1,1,review_same_code_name
0305060042,S03000285,APURIMAC,COTABAMBAS,CHALLHUAHUACHO,TAMBULLA,0305060042,TAMBULLA,TAMBULLA,TAMBULLA,1,1,1,1,directory_consistent_candidate
0305060053,S03000284,APURIMAC,COTABAMBAS,CHALLHUAHUACHO,LLAMAHUIRI,0305060053,LLAMAHUIRI,LLAMAHUIRI,LLAMAHUIRI,1,1,1,1,directory_consistent_candidate
0305060106,S03000280,APURIMAC,COTABAMBAS,CHALLHUAHUACHO,CCASA CCASA,,SACCANA,SACCANA,,,0,0,,review_no_canonical_code
0306010014,S03000058,APURIMAC,CHINCHEROS,CHINCHEROS,CALLEBAMBA,0306010014,CALLEBAMBA,CALLEBAMBA,CALLEBAMBA,1,1,1,1,directory_consistent_candidate
0306010024,S03000057,APURIMAC,CHINCHEROS,CHINCHEROS,CAYARA,0306010024,CAYARA,CAYARA,CAYARA,1,1,1,1,directory_consistent_candidate
0306020001,S03000056,APURIMAC,CHINCHEROS,ANCCO-HUALLO,URIPA,0306020001,URIPA,URIPA,URIPA,1,1,1,1,directory_consistent_candidate
0306040004,S03000080,APURIMAC,CHINCHEROS,HUACCANA,SIMPE,0306040004,SIMPE,SIMPE,SIMPE,1,1,1,1,directory_consistent_candidate
0306040009,S03000074,APURIMAC,CHINCHEROS,HUACCANA,HUACCAN,0306040009,HUACCAN,HUACCAN,HUACCAN,1,1,1,1,directory_consistent_candidate
0306040012,S03000077,APURIMAC,CHINCHEROS,HUACCANA,PUMACHUCO,0306040012,PUMACHUCO,PUMACHUCO,PUMACHUCO,1,1,1,1,directory_consistent_candidate
0306040023,S03000081,APURIMAC,CHINCHEROS,HUACCANA,TOCCSO SAURI,0306040023,TOCSO SAURI,TOCSO SAURI,TOCSO SAURI,1,0,0,0,review_same_code_name
0306040036,S03000357,APURIMAC,CHINCHEROS,HUACCANA,CABRACANCHA,0306040036,CABRACANCHA,CABRACANCHA,CABRACANCHA,1,1,1,1,directory_consistent_candidate
0306040037,S03000360,APURIMAC,CHINCHEROS,HUACCANA,SAYHUAPATA,0306040037,SAYHUAPATA,SAYHUAPATA,SAYHUAPATA,1,1,1,1,directory_consistent_candidate
0306040041,S03000405,APURIMAC,CHINCHEROS,HUACCANA,SAPSIPAMPA,0306040041,SAPSIPAMPA,SAPSIPAMPA,SAPSIPAMPA,1,1,1,1,directory_consistent_candidate
0306040047,S03000072,APURIMAC,CHINCHEROS,HUACCANA,CUCHUCUSMA,0306040047,CUCHUCUSMA,CUCHUCUSMA,CUCHUCUSMA,1,1,1,1,directory_consistent_candidate
0306040054,S03000403,APURIMAC,CHINCHEROS,HUACCANA,CCOLLPAPAMPA ALTA,0306040054,COLLPAPAMPA ALTA,CCOLLPAMPA ALTA,CCOLLPAMPA ALTA,1,0,0,0,review_same_code_name
0306040056,S03000359,APURIMAC,CHINCHEROS,HUACCANA,MAUCALLACCTA,0306040056,MAUCALLACCTA,MAUCALLACCTA,MAUCALLACCTA,1,1,1,1,directory_consistent_candidate
0306040076,S03000402,APURIMAC,CHINCHEROS,HUACCANA,AHUAYRO,0306040076,AHUAYRO,AHUAYRO,AHUAYRO,1,1,1,1,directory_consistent_candidate
0306040078,S03000358,APURIMAC,CHINCHEROS,HUACCANA,HUALLHUA,0306040078,HUALLHUA,HUALLHUA,HUALLHUA,1,1,1,1,directory_consistent_candidate
0306040079,S03000404,APURIMAC,CHINCHEROS,HUACCANA,CCOLLPAPAMPA BAJA,0306040079,COLLPAPAMPA BAJA,CCOLLPAMPA BAJA,CCOLLPAMPA BAJA,1,0,0,0,review_same_code_name
0306040127,S03000073,APURIMAC,CHINCHEROS,HUACCANA,ERAPAMPA,0306040127,ERAPAMPA,ERA PAMPA,ERA PAMPA,1,1,1,1,directory_consistent_candidate
0306050016,S03000316,APURIMAC,CHINCHEROS,OCOBAMBA,MITOBAMBA,0306050016,MITOBAMBA,MITOBAMBA,MITOBAMBA,1,1,1,1,directory_consistent_candidate
0306050024,S03000317,APURIMAC,CHINCHEROS,OCOBAMBA,CARHUAYACO ALTO,0306050024,CARHUAYACO ALTO,CARHUAYACO ALTO,CARHUAYACO ALTO,1,1,1,1,directory_consistent_candidate
0306050025,S03000082,APURIMAC,CHINCHEROS,OCOBAMBA,CARHUAYACO BAJO,0306050025,CARHUAYACO BAJO,CARHUAYACO BAJO,CARHUAYACO BAJO,1,1,1,1,directory_consistent_candidate
0306050026,S03000315,APURIMAC,CHINCHEROS,OCOBAMBA,CHOCCEPUQUIO,0306050026,CHOCCEPUQUIO,CHOCCEPUQUIO,CHOCCEPUQUIO,1,1,1,1,directory_consistent_candidate
0306050028,S03000320,APURIMAC,CHINCHEROS,OCOBAMBA,SARAHUARCAY,0306050028,SARAHUARCAY,SARAHUARCAY,SARAHUARCAY,1,1,1,1,directory_consistent_candidate
0306050029,S03000084,APURIMAC,CHINCHEROS,OCOBAMBA,UMACA,0306050029,UMACA,UMACA,UMACA,1,1,1,1,directory_consistent_candidate
0306060001,S03000086,APURIMAC,CHINCHEROS,ONGOY,ONGOY,0306060001,ONGOY,ONGOY,ONGOY,1,1,1,1,directory_consistent_candidate
0306060003,S03000096,APURIMAC,CHINCHEROS,ONGOY,VILLA UNION,0306060003,VILLA UNION,VILLA UNION,VILLA UNION,1,1,1,1,directory_consistent_candidate
0306060011,S03000092,APURIMAC,CHINCHEROS,ONGOY,MOLLEPATA,0306060011,MOLLEPATA,MOLLEPATA,MOLLEPATA,1,1,1,1,directory_consistent_candidate
0306060012,S03000095,APURIMAC,CHINCHEROS,ONGOY,UNION LOS ANGELES DE CALLAPAYOC,0306060012,UNION LOS ANGELES DE CALLAPAYOCC,UNION LOS ANGELES DE CALLAPAYOCC,UNION LOS ANGELES DE CALLAPAYOCC,1,0,0,0,review_same_code_name
0306060018,S03000089,APURIMAC,CHINCHEROS,ONGOY,CHACABAMBA,0306060018,CHACABAMBA,CHACABAMBA,CHACABAMBA,1,1,1,1,directory_consistent_candidate
0306060022,S03000308,APURIMAC,CHINCHEROS,ONGOY,BARROPATA,0306060022,BARROPATA,BARROPATA,BARROPATA,1,1,1,1,directory_consistent_candidate
0306060023,S03000362,APURIMAC,CHINCHEROS,ONGOY,OLUCHE,0306060023,0LUCHE,OLUCHE,OLUCHE,1,0,1,1,review_same_code_name
0306060035,S03000307,APURIMAC,CHINCHEROS,ONGOY,ALAYPAMPA,0306060035,ALAYPAMPA,ALAYPAMPA,ALAYPAMPA,1,1,1,1,directory_consistent_candidate
0306080001,S03000445,APURIMAC,CHINCHEROS,RANRACANCHA,RANRACANCHA,,RANRACANCHA,RANRACANCHA,,,1,1,,code_candidate_person_origin_hold
0307010019,S03000209,APURIMAC,GRAU,CHUQUIBAMBILLA,CHAHUARINAY,0307010019,CHAHUARINAY,CHAHUARINAY,CHAHUARINAY,1,1,1,1,directory_consistent_candidate
0307010025,S03000208,APURIMAC,GRAU,CHUQUIBAMBILLA,CCOTRO,0307010025,CCOTRO,CCOTRO,CCOTRO,1,1,1,1,directory_consistent_candidate
0307010026,S03000472,APURIMAC,GRAU,CHUQUIBAMBILLA,RUNCUHUASI,0307010026,RUNCUHUASI,RUNCUHUASI,RUNCUHUASI,1,1,1,1,directory_consistent_candidate
0307010037,S03000207,APURIMAC,GRAU,CHUQUIBAMBILLA,CAMPANAYOC,0307010037,CAMPANAYOC,CAMPANAYOC,CAMPANAYOC,1,1,1,1,directory_consistent_candidate
0307010043,S03000223,APURIMAC,GRAU,CHUQUIBAMBILLA,UPIRO,0307010043,UPIRO,UPIRO,UPIRO,1,1,1,1,directory_consistent_candidate
0307010047,S03000222,APURIMAC,GRAU,CHUQUIBAMBILLA,MARQQUECA,0307010047,MARQQUECCA,MARQUECCA,MARQUECCA,1,0,0,0,review_same_code_name
0307010063,S03000221,APURIMAC,GRAU,CHUQUIBAMBILLA,COTAHUARCAY,0307010063,COTAHUARCAY,COTAHUARCAY,COTAHUARCAY,1,1,1,1,directory_consistent_candidate
0307020001,S03000467,APURIMAC,GRAU,CURPAHUASI,CURPAHUASI,0307020001,CURPAHUASI,CURPAHUASI,CURPAHUASI,1,1,1,1,directory_consistent_candidate
0307020003,S03000206,APURIMAC,GRAU,CURPAHUASI,TAMBORACCAY,0307020003,PUCARA TAMBORACCAY,PUCARA TAMBORACCAY,PUCARA TAMBORACCAY,1,0,0,0,review_same_code_name
0307020008,S03000466,APURIMAC,GRAU,CURPAHUASI,PUCURHUAY,0307020008,PUCURHUAY,PUCURHUAY,PUCURHUAY,1,1,1,1,directory_consistent_candidate
0307020014,S03000220,APURIMAC,GRAU,CURPAHUASI,HUAYO GRANDE,0307020014,HUAYO GRANDE,HUAYO GRANDE,HUAYO GRANDE,1,1,1,1,directory_consistent_candidate
0307020018,S03000465,APURIMAC,GRAU,CURPAHUASI,HABASPATA,0307020018,HABASPATA,HABASPATA,HABASPATA,1,1,1,1,directory_consistent_candidate
0307030001,S03000233,APURIMAC,GRAU,MARISCAL GAMARRA,PALPACACHI,0307030001,PALPACACHI,PALPACACHI,PALPACACHI,1,1,1,1,directory_consistent_candidate
0307030002,S03000228,APURIMAC,GRAU,MARISCAL GAMARRA,SAPSI,0307030002,SAPSI,SAPSI,SAPSI,1,1,1,1,directory_consistent_candidate
0307030015,S03000232,APURIMAC,GRAU,MARISCAL GAMARRA,PACCAYPATA,0307030015,PACCAYPATA,PACCAYPATA,PACCAYPATA,1,1,1,1,directory_consistent_candidate
0307030019,S03000230,APURIMAC,GRAU,MARISCAL GAMARRA,CRUZPATA,0307030019,CRUZPATA,CRUZ PATA,CRUZ PATA,1,1,1,1,directory_consistent_candidate
0307030023,S03000234,APURIMAC,GRAU,MARISCAL GAMARRA,PICHIBAMBA,0307030023,PICHIBAMBA,PICHIBAMBA,PICHIBAMBA,1,1,1,1,directory_consistent_candidate
0307030030,S03000229,APURIMAC,GRAU,MARISCAL GAMARRA,COLLAURO,0307030030,COLLAURO,COLLAURO,COLLAURO,1,1,1,1,directory_consistent_candidate
0307030031,S03000231,APURIMAC,GRAU,MARISCAL GAMARRA,LLICCHIVILCA,0307030031,LLICCHIVILCA,LLICCHIVILCA,LLICCHIVILCA,1,1,1,1,directory_consistent_candidate
0307030035,S03000227,APURIMAC,GRAU,MARISCAL GAMARRA,CCAFIAMARCA,0307030035,CCAFIAMARCA,CCAFIAMARCA,CCAFIAMARCA,1,1,1,1,directory_consistent_candidate
0307040001,S03000432,APURIMAC,GRAU,HUAYLLATI,HUAYLLATI,0307040001,HUAYLLATI,HUAYLLATI,HUAYLLATI,1,1,1,1,directory_consistent_candidate
0307040004,S03000435,APURIMAC,GRAU,HUAYLLATI,TENERIA,0307040004,TENERIA,TENERIA,TENERIA,1,1,1,1,directory_consistent_candidate
0307040007,S03000415,APURIMAC,GRAU,HUAYLLATI,YANARICO,0307040007,YANARICO,YANARICO,YANARICO,1,1,1,1,directory_consistent_candidate
0307040008,S03000433,APURIMAC,GRAU,HUAYLLATI,KULLCO,0307040008,KULLCO,KULLCO,KULLCO,1,1,1,1,directory_consistent_candidate
0307040010,S03000434,APURIMAC,GRAU,HUAYLLATI,PALCCA CHICO,0307040010,PALCA  CHICO,PALCCA CHICO,PALCCA CHICO,1,0,1,1,review_same_code_name
0307040011,S03000436,APURIMAC,GRAU,HUAYLLATI,CCORICHICHINA,0307040011,CCORICHICHINA,CCORICHICHINA,CCORICHICHINA,1,1,1,1,directory_consistent_candidate
0307040012,S03000224,APURIMAC,GRAU,HUAYLLATI,PAMPAHUITE,0307040012,PAMPAHUITE,PAMPAHUITE,PAMPAHUITE,1,1,1,1,directory_consistent_candidate
0307080001,S03000236,APURIMAC,GRAU,PROGRESO,PROGRESO,0307080001,PROGRESO,PROGRESO,PROGRESO,1,1,1,1,directory_consistent_candidate
0307080002,S03000214,APURIMAC,GRAU,PROGRESO,PACCAYURA,0307080002,PACCAYURA,PACAYURA,PACAYURA,1,1,0,0,review_same_code_name
0307080005,S03000238,APURIMAC,GRAU,PROGRESO,CAHUAPIRHUA,,ANCAHUASI,ANCAHUASI,,,0,0,,hold_conflicting_names_and_codes
0307080006,S03000470,APURIMAC,GRAU,PROGRESO,PICOSAYHUAS,0307080006,PICOSAYHUAS,PICOSAYHUAS,PICOSAYHUAS,1,1,1,1,directory_consistent_candidate
0307080007,S03000237,APURIMAC,GRAU,PROGRESO,CHACAPAMPA,0307080007,CHACAPAMPA,CHACAPAMPA,CHACAPAMPA,1,1,1,1,directory_consistent_candidate
0307080008,S03000213,APURIMAC,GRAU,PROGRESO,HUAYAO SAYHUA,0307080008,HUAYAO,HUAYAO,HUAYAO,1,0,0,0,review_same_code_name
0307080014,S03000246,APURIMAC,GRAU,PROGRESO,TAMBOPATA,0307080014,TAMBOPATA,TAMBOPATA,TAMBOPATA,1,1,1,1,directory_consistent_candidate
0307080019,S03000212,APURIMAC,GRAU,PROGRESO,CONCACCA,,CCONCCACCA PAMPA,CCONCCACCA PAMPA,,,0,0,,review_no_canonical_code
0307080021,S03000240,APURIMAC,GRAU,PROGRESO,CCONCCHACCOTA,0307080021,CCONCHACCOTA,CCONCHACCOTA,CCONCHACCOTA,1,0,0,0,review_same_code_name
0307080029,S03000212,APURIMAC,GRAU,PROGRESO,CONCACCA,,CCONCCACCA RECOR,CCONCCACCA RECOR,,,0,0,,review_no_canonical_code
0307080030,S03000211,APURIMAC,GRAU,PROGRESO,CCAHUANHUIRE,0307080030,JAHUANHUIRE,CCAHUANHUIRE,CCAHUANHUIRE,1,0,1,1,review_same_code_name
0307110001,S03000253,APURIMAC,GRAU,TURPAY,TURPAY,0307110001,TURPAY,TURPAY,TURPAY,1,1,1,1,directory_consistent_candidate
0307140001,S03000217,APURIMAC,GRAU,CURASCO,CURASCO,0307140001,CURASCO,CURASCO,CURASCO,1,1,1,1,directory_consistent_candidate
0307140006,S03000474,APURIMAC,GRAU,CURASCO,CCASANCCA,0307140006,CCASANCCA,CCASANCCA,CCASANCCA,1,1,1,1,directory_consistent_candidate
0307140013,S03000216,APURIMAC,GRAU,CURASCO,CCOCHACCOCHA,0307140013,CCOCHACCOCHA,CCOCHACCOCHA,CCOCHACCOCHA,1,1,1,1,directory_consistent_candidate
0307140020,S03000218,APURIMAC,GRAU,CURASCO,TACLLA,0307140020,TACLLA,TACLLA,TACLLA,1,1,1,1,directory_consistent_candidate
0307140021,S03000215,APURIMAC,GRAU,CURASCO,APOLIMA ÑUÑUNYAPATA,0307140021,APOLIMA,APOLIMA ÑUÑUNYAPATA,APOLIMA ÑUÑUNYAPATA,1,0,1,1,review_same_code_name
0509070011,S09000084,HUANCAVELICA,CHURCAMPA,PAUCARBAMBA,CCOCHA,0905070024,CCOCHAPATA,CCOCHAPATA,SAN CRISTOBAL DE CCOCHA,0,0,0,0,review_code_change
0809070001,S08000073,CUSCO,LA CONVENCION,KIMBIRI,KIMBIRI,0809070001,KIMBIRI,KIMBIRI,KIMBIRI,1,1,1,1,directory_consistent_candidate
0809070002,S08000018,CUSCO,LA CONVENCION,KIMBIRI,VILLA EL SALVADOR,0809070002,VILLA EL SALVADOR,VILLA EL SALVADOR,VILLA EL SALVADOR,1,1,1,1,directory_consistent_candidate
0809070005,S08000015,CUSCO,LA CONVENCION,KIMBIRI,UBIATO,0809070005,UBIATO,UBIATO,UBIATO,1,1,1,1,directory_consistent_candidate
0809070006,S08000001,CUSCO,LA CONVENCION,KIMBIRI,CAMUNACHARI,0809070006,CAMONACHARI,CAMONACHARI,CAMONACHARI,1,0,0,0,review_same_code_name
0809070008,S08000012,CUSCO,LA CONVENCION,KIMBIRI,SAMPANTUARI (SAN MATEO),,SAMPANTUARI ANARO,,,,0,,,review_no_canonical_code
0809070009,S08000013,CUSCO,LA CONVENCION,KIMBIRI,SAN LUIS,0809070009,SAN LUIS,SAN LUIS,SAN LUIS,1,1,1,1,directory_consistent_candidate
0809070011,S08000003,CUSCO,LA CONVENCION,KIMBIRI,KIMBIRI ALTA,0809070011,KIMBIRI ALTA (ROCA),KIMBIRI ALTA (ROCA),KIMBIRI ALTA (ROCA),1,0,0,0,review_same_code_name
0809070012,S08000011,CUSCO,LA CONVENCION,KIMBIRI,SAMPANTUARI ALTA,0809070012,SAMPANTUARI ALTA,SAMPANTUARI ALTA,SAMPANTUARI ALTA,1,1,1,1,directory_consistent_candidate
0809070013,S08000019,CUSCO,LA CONVENCION,KIMBIRI,VISTA ALEGRE BAJA,0809070013,VISTA ALEGRE,VISTA ALEGRE BAJA,VISTA ALEGRE BAJA,1,0,1,1,review_same_code_name
0809070016,S08000134,CUSCO,LA CONVENCION,KIMBIRI,IVANQUIARI,0809070016,IVANKIRIARI,IVANKIRIARI,IVANKIRIARI,1,0,0,0,review_same_code_name
0809070018,S08000144,CUSCO,LA CONVENCION,KIMBIRI,IRAPITARI,0809070018,IRAPITARI,IRAPITARI,IRAPITARI,1,1,1,1,directory_consistent_candidate
0809070025,S08000010,CUSCO,LA CONVENCION,KIMBIRI,SAMANIATO,0809070025,SAMANIATO,SAMANIATO,SAMANIATO,1,1,1,1,directory_consistent_candidate
0809070026,S08000072,CUSCO,LA CONVENCION,KIMBIRI,HILARES,0809070026,HELARES,HELARES,HELARES,1,0,0,0,review_same_code_name
0809070030,S08000005,CUSCO,LA CONVENCION,KIMBIRI,LOS ANGELES,0809070030,LOS ANGELES,LOS ANGELES,LOS ANGELES,1,1,1,1,directory_consistent_candidate
0809070033,S08000016,CUSCO,LA CONVENCION,KIMBIRI,UNION ROSALES,0809070033,UNION ROSALES,UNION ROSALES,UNION ROSALES,1,1,1,1,directory_consistent_candidate
0809070034,S08000009,CUSCO,LA CONVENCION,KIMBIRI,PROGRESO,0809070034,PROGRESO,PROGRESO,PROGRESO,1,1,1,1,directory_consistent_candidate
0809070035,S08000007,CUSCO,LA CONVENCION,KIMBIRI,MAQUETE SERANTA,0809070035,MAQUETE CERANTA,MAQUETE SERANTA BAJA,MAQUETE SERANTA BAJA,1,0,0,0,review_same_code_name
0809070036,S08000143,CUSCO,LA CONVENCION,KIMBIRI,MANITEA ALTA,0809070036,MANITEA ALTA,MANITEA ALTA,MANITEA ALTA,1,1,1,1,directory_consistent_candidate
0809070037,S08000136,CUSCO,LA CONVENCION,KIMBIRI,QORICHAYOCC,0809070037,QORICHAYOC,QORICHAYOCC,QORICHAYOCC,1,0,1,1,review_same_code_name
0809070040,S08000006,CUSCO,LA CONVENCION,KIMBIRI,MANITEA BAJA,0809070040,MANITEA BAJA,MANITEA BAJA,MANITEA BAJA,1,1,1,1,directory_consistent_candidate
0809070041,S08000114,CUSCO,LA CONVENCION,KIMBIRI,MASERINE,0809070041,MASERINE ALTA,MASERINE,MASERINE,1,0,1,1,review_same_code_name
0809070042,S08000014,CUSCO,LA CONVENCION,KIMBIRI,SIRENACHAYOCC,0809070042,SIRENACHAYOCC,SIRENACHAYOCC,SIRENACHAYOCC,1,1,1,1,directory_consistent_candidate
0809070043,S08000017,CUSCO,LA CONVENCION,KIMBIRI,UNION VISTA ALEGRE,0809070043,UNION VISTA ALEGRE,UNION VISTA ALEGRE,UNION VISTA ALEGRE,1,1,1,1,directory_consistent_candidate
0809070045,S08000004,CUSCO,LA CONVENCION,KIMBIRI,LOBO TAHUANTINSUYO,0809070045,LOBO TAHUANTINSUYO,LOBO TAHUANTINSUYO,LOBO TAHUANTINSUYO,1,1,1,1,directory_consistent_candidate
0809070046,S08000002,CUSCO,LA CONVENCION,KIMBIRI,CHIRUMPIARI,0809070046,CHIRUMPIARI,CHIRUMPIARI,CHIRUMPIARI,1,1,1,1,directory_consistent_candidate
0809070047,S08000074,CUSCO,LA CONVENCION,KIMBIRI,PALESTINA BAJA,0809070047,PALESTINA BAJA,PALESTINA BAJA,PALESTINA BAJA,1,1,1,1,directory_consistent_candidate
0809070048,S08000008,CUSCO,LA CONVENCION,KIMBIRI,PALESTINA ALTA,0809070048,PALESTINA ALTA,PALESTINA ALTA,PALESTINA ALTA,1,1,1,1,directory_consistent_candidate
0809070065,S08000114,CUSCO,LA CONVENCION,KIMBIRI,MASERINE,0809070041,MASERINE BAJA,MASERINE BAJA,MASERINE,0,0,0,1,review_code_change
0809070067,S08000115,CUSCO,LA CONVENCION,KIMBIRI,SAN LUIS ALTA DE LOBO TAHUANTINSUYO,,QUINTIARINA,SAN LUIS ALTO,,,0,0,,review_no_canonical_code
0809090017,S08000069,CUSCO,LA CONVENCION,VILCABAMBA,SANTA VICTORIA,0809090017,SANTA VICTORIA,SANTA VICTORIA,SANTA VICTORIA,1,1,1,1,directory_consistent_candidate
0809090024,S08000140,CUSCO,LA CONVENCION,VILCABAMBA,CHONTABAMBA,0809090024,CHONTABAMBA,CHONTABAMBA,CHONTABAMBA,1,1,1,1,directory_consistent_candidate
0809090026,S08000060,CUSCO,LA CONVENCION,VILCABAMBA,ESPIRITUPAMPA,0809090026,ESPIRITU PAMPA,ESPIRITUPAMPA,ESPIRITUPAMPA,1,1,1,1,directory_consistent_candidate
0809090029,S08000058,CUSCO,LA CONVENCION,VILCABAMBA,CONCEVIDAYOC,0809090029,CONSEVIDAYOC,CONCEVIDAYOC,CONCEVIDAYOC,1,0,1,1,review_same_code_name
0809090055,S08000054,CUSCO,LA CONVENCION,VILCABAMBA,ACCONCHARCAS,0809090210,ACCORCONA,ACCORCONA,,0,0,0,,review_code_change
0809090101,S08000067,CUSCO,LA CONVENCION,VILCABAMBA,PAMPACONAS,0809090101,PAMPACONAS,PAMPACONAS,PAMPACONAS,1,1,1,1,directory_consistent_candidate
0809090165,S08000062,CUSCO,LA CONVENCION,VILCABAMBA,HUANCACALLE,0809090165,HUANCACALLE,HUANCACALLE,HUANCACALLE,1,1,1,1,directory_consistent_candidate
0809090188,S08000139,CUSCO,LA CONVENCION,VILCABAMBA,CHALLCHA,0809090188,CHALLCHA,CHALLCHA,CHALLCHA,1,1,1,1,directory_consistent_candidate
0809090197,S08000138,CUSCO,LA CONVENCION,VILCABAMBA,CCAYARA,0809090197,CCAYARA,CCAYARA,CCAYARA,1,1,1,1,directory_consistent_candidate
0809090201,S08000141,CUSCO,LA CONVENCION,VILCABAMBA,PORCAY,0809090201,PORCAY,PORCAY,PORCAY,1,1,1,1,directory_consistent_candidate
0809090310,S08000059,CUSCO,LA CONVENCION,VILCABAMBA,ERAPATA,0809090241,ZORRAPATA,ZORRAPATA,,0,0,0,,review_code_change
0809100001,S08000126,CUSCO,LA CONVENCION,PICHARI,PICHARI,0809100001,PICHARI,PICHARI,PICHARI,1,1,1,1,directory_consistent_candidate
0809100006,S08000127,CUSCO,LA CONVENCION,PICHARI,PITIRINKENI (NATIVOS),,PITIRINQUENI,PITIRINQUINI,,,0,0,,review_no_canonical_code
0809100007,S08000122,CUSCO,LA CONVENCION,PICHARI,MIRAFLORES,0809100007,MIRAFLORES,,,1,1,,,review_same_code_name
0809100008,S08000025,CUSCO,LA CONVENCION,PICHARI,NATIVIDAD,0809100008,NATIVIDAD,NATIVIDAD,NATIVIDAD,1,1,1,1,directory_consistent_candidate
0809100010,S08000041,CUSCO,LA CONVENCION,PICHARI,SANTA INES,0809100010,SANTA INES,SANTA INES,SANTA INES,1,1,1,1,directory_consistent_candidate
0809100014,S08000042,CUSCO,LA CONVENCION,PICHARI,SANTOSHARI,0809100014,SANTOSHARI,SANTOSHARI,SANTOSHARI,1,1,1,1,directory_consistent_candidate
0809100015,S08000121,CUSCO,LA CONVENCION,PICHARI,KUBIVARI,0809100015,KUVIVARI,KUVIVARI,KUVIVARI,1,0,0,0,review_same_code_name
0809100017,S08000024,CUSCO,LA CONVENCION,PICHARI,MANTARO,0809100017,MANTARO,MANTARO,MANTARO,1,1,1,1,directory_consistent_candidate
0809100019,S08000047,CUSCO,LA CONVENCION,PICHARI,VILLA VISTA,0809100019,VILLA VISTA,VILLA VISTA,VILLA VISTA,1,1,1,1,directory_consistent_candidate
0809100020,S08000043,CUSCO,LA CONVENCION,PICHARI,SECTOR TERESA,0809100020,TERESA,TERESA,TERESA,1,0,0,0,review_same_code_name
0809100022,S08000046,CUSCO,LA CONVENCION,PICHARI,VALLE QUISTO,0809100022,QUISTO VALLE,QUISTO VALLE,QUISTO VALLE,1,0,0,0,review_same_code_name
0809100023,S08000038,CUSCO,LA CONVENCION,PICHARI,SAN CRISTOBAL,0809100023,SAN CRISTOBAL,SAN CRISTOBAL,SAN CRISTOBAL,1,1,1,1,directory_consistent_candidate
0809100024,S08000039,CUSCO,LA CONVENCION,PICHARI,SAN PEDRO,0809100024,SAN PEDRO,SAN PEDRO,SAN PEDRO,1,1,1,1,directory_consistent_candidate
0809100025,S08000119,CUSCO,LA CONVENCION,PICHARI,GRAN SHINUNGARI,0809100025,GRAN SHINUNGARI,GRAN SHINUNGARI,GRAN SHINUNGARI,1,1,1,1,directory_consistent_candidate
0809100026,S08000035,CUSCO,LA CONVENCION,PICHARI,PUEBLO LIBRE,0809100026,PUEBLO LIBRE,PUEBLO LIBRE,PUEBLO LIBRE,1,1,1,1,directory_consistent_candidate
0809100029,S08000037,CUSCO,LA CONVENCION,PICHARI,QUISTO CENTRAL,0809100029,QUISTO CENTRAL,QUISTO CENTRAL,QUISTO CENTRAL,1,1,1,1,directory_consistent_candidate
0809100030,S08000026,CUSCO,LA CONVENCION,PICHARI,NOGALPAMPA,0809100030,NOGAL PAMPA,NOGAL PAMPA,NOGAL PAMPA,1,1,1,1,directory_consistent_candidate
0809100032,S08000040,CUSCO,LA CONVENCION,PICHARI,SHANKIRWATO,0809100032,SHANKIRWATO,SHANKIRWATO,SHANKIRWATO,1,1,1,1,directory_consistent_candidate
0809100034,S08000036,CUSCO,LA CONVENCION,PICHARI,PUERTO MAYO,0809100034,PUERTO MAYO,PUERTO MAYO,PUERTO MAYO,1,1,1,1,directory_consistent_candidate
0809100036,S08000030,CUSCO,LA CONVENCION,PICHARI,OTARI,0809100036,OTARI NATIVOS,OTARI NATIVOS,OTARI NATIVOS,1,0,0,0,review_same_code_name
0809100037,S08000045,CUSCO,LA CONVENCION,PICHARI,TUPAC AMARU II,0809100037,TUPAC AMARU II,TUPAC AMARU II,TUPAC AMARU II,1,1,1,1,directory_consistent_candidate
0809100038,S08000020,CUSCO,LA CONVENCION,PICHARI,AMARGURA,0809100038,AMARGURA,AMARGURA,AMARGURA,1,1,1,1,directory_consistent_candidate
0809100041,S08000031,CUSCO,LA CONVENCION,PICHARI,OTARI SAN MARTIN,0809100041,OTARI SAN MARTIN,OTARI SAN MARTIN,OTARI SAN MARTIN,1,1,1,1,directory_consistent_candidate
0809100044,S08000033,CUSCO,LA CONVENCION,PICHARI,PICHARI ALTO,0809100044,PICHARI ALTA,PICHARI ALTO,PICHARI ALTO,1,0,1,1,review_same_code_name
0809100045,S08000023,CUSCO,LA CONVENCION,PICHARI,LIBERTAD,0809100045,LIBERTAD,LIBERTAD,LIBERTAD,1,1,1,1,directory_consistent_candidate
0809100047,S08000022,CUSCO,LA CONVENCION,PICHARI,CCATUNRUMI,0809100047,JATUN RUMI,,,1,0,,,review_same_code_name
0809100048,S08000034,CUSCO,LA CONVENCION,PICHARI,PICHARI BAJO,0809100048,PICHARI BAJA,PICHARI BAJO - UNION AMERICA,PICHARI BAJO - UNION AMERICA,1,0,0,0,review_same_code_name
0809100050,S08000044,CUSCO,LA CONVENCION,PICHARI,TARANCATO,0809100050,TARANCATO,TARANCATO,TARANCATO,1,1,1,1,directory_consistent_candidate
0809100052,S08000021,CUSCO,LA CONVENCION,PICHARI,CATARATA,0809100052,CATARATA,CATARATA,CATARATA,1,1,1,1,directory_consistent_candidate
0809100053,S08000028,CUSCO,LA CONVENCION,PICHARI,OMAYA,0809100053,OMAYA,OMAYA,OMAYA,1,1,1,1,directory_consistent_candidate
0809100058,S08000128,CUSCO,LA CONVENCION,PICHARI,PITIRINQUINI BAJA,0809100058,PITIRINQUENI BAJA,,,1,0,,,review_same_code_name
0809100063,S08000116,CUSCO,LA CONVENCION,PICHARI,AGUA DULCE TERESA,,AGUA DULCE,AGUA DULCE,,,0,0,,review_no_canonical_code
0809100067,S08000123,CUSCO,LA CONVENCION,PICHARI,NUEVO PROGRESO KIMPIRI,,NUEVO PARAISO,NUEVO PARAISO,,,0,0,,review_no_canonical_code
0809100074,S08000117,CUSCO,LA CONVENCION,PICHARI,ALTO PARIJARI,0809100074,ALTO PARIJARI,ALTO PARIJARI,ALTO PARIJARI,1,1,1,1,directory_consistent_candidate
0809100078,S08000118,CUSCO,LA CONVENCION,PICHARI,ASOCIACION LA VICTORIA,,LA VICTORIA,,,,0,,,review_no_canonical_code
0809100079,S08000131,CUSCO,LA CONVENCION,PICHARI,TAMBO DEL ENE,0809100079,TAMBO DEL ENE,,,1,1,,,review_same_code_name
0809100080,S08000027,CUSCO,LA CONVENCION,PICHARI,NUEVO PROGRESO,0809100027,NUEVO PROGRESO,,NUEVO PROGRESO,0,1,,1,review_code_change
0809100081,S08000129,CUSCO,LA CONVENCION,PICHARI,PUERTO EMBARCADERO DE ENE,0809100081,PUERTO EMBARCADERO,,,1,0,,,review_same_code_name
0809100082,S08000120,CUSCO,LA CONVENCION,PICHARI,JETARIATO,0809100082,GETARIATO,,,1,0,,,review_same_code_name
0809110012,S08000056,CUSCO,LA CONVENCION,VILCABAMBA,APAYLLA,0809090237,,,,0,,,,review_code_change
0901010011,S09000400,HUANCAVELICA,HUANCAVELICA,HUANCAVELICA,SACCRACANCHA,0901010011,SACCRACANCHA,SACCRACANCHA,SACCRACANCHA,1,1,1,1,directory_consistent_candidate
0901010013,S09000046,HUANCAVELICA,HUANCAVELICA,HUANCAVELICA,ANTACCOCHA,0901010013,ANTACCOCHA,ANTACCOCHA,ANTACCOCHA,1,1,1,1,directory_consistent_candidate
0901010016,S09000047,HUANCAVELICA,HUANCAVELICA,HUANCAVELICA,CALLQUI CHICO,0901010016,CALLQUI CHICO,,,1,1,,,review_same_code_name
0901010020,S09000001,HUANCAVELICA,HUANCAVELICA,HUANCAVELICA,SACSAMARCA,0901010020,SACSAMARCA,SACSAMARCA,SACSAMARCA,1,1,1,1,directory_consistent_candidate
0901010022,S09000401,HUANCAVELICA,HUANCAVELICA,HUANCAVELICA,VILLA LA LIBERTAD,0901010022,VILLA LA LIBERTAD,VILLA LA LIBERTAD,VILLA LA LIBERTAD,1,1,1,1,directory_consistent_candidate
0901010033,S09000396,HUANCAVELICA,HUANCAVELICA,HUANCAVELICA,IMPERIAL,0901010033,IMPERIAL,IMPERIAL,IMPERIAL,1,1,1,1,directory_consistent_candidate
0901010038,S09000048,HUANCAVELICA,HUANCAVELICA,HUANCAVELICA,LACHOCC,0901010038,LA CHOCC,LA CHOCC,LA CHOCC,1,1,1,1,directory_consistent_candidate
0901010046,S09000397,HUANCAVELICA,HUANCAVELICA,HUANCAVELICA,MUELA,0901010046,MUELA,MUELA,MUELA,1,1,1,1,directory_consistent_candidate
0901010048,S09000399,HUANCAVELICA,HUANCAVELICA,HUANCAVELICA,PARIONACCOCHA,0901010048,PARIONACCOCHA,PARIONACCOCHA,PARIONACCOCHA,1,1,1,1,directory_consistent_candidate
0901010059,S09000398,HUANCAVELICA,HUANCAVELICA,HUANCAVELICA,PALLCCAPAMPA,0901010059,PALLCCAPAMPA,PALLCCAPAMPA,PALLCCAPAMPA,1,1,1,1,directory_consistent_candidate
0901010065,S09000002,HUANCAVELICA,HUANCAVELICA,HUANCAVELICA,CACHIMAYO,0901010065,CACHIMAYO,CACHIMAYO,CACHIMAYO,1,1,1,1,directory_consistent_candidate
0901020001,S09000012,HUANCAVELICA,HUANCAVELICA,ACOBAMBILLA,ACOBAMBILLA,0901020001,ACOBAMBILLA,ACOBAMBILLA,ACOBAMBILLA,1,1,1,1,directory_consistent_candidate
0901020004,S09000061,HUANCAVELICA,HUANCAVELICA,ACOBAMBILLA,PAMPAHUASI,0901020004,PAMPAHUASI,PAMPAHUASI,PAMPAHUASI,1,1,1,1,directory_consistent_candidate
0901020006,S09000060,HUANCAVELICA,HUANCAVELICA,ACOBAMBILLA,PALLPAPAMPA,0901020006,PALLPAPAMPA,PALLPAPAMPA,PALLPAPAMPA,1,1,1,1,directory_consistent_candidate
0901020010,S09000394,HUANCAVELICA,HUANCAVELICA,ACOBAMBILLA,BELLA UNION,0901020010,VILLA UNION,VILLA UNION,VILLA UNION,1,0,0,0,review_same_code_name
0901020017,S09000014,HUANCAVELICA,HUANCAVELICA,ACOBAMBILLA,VISTA ALEGRE,0901020017,VISTA ALEGRE,VISTA ALEGRE,VISTA ALEGRE,1,1,1,1,directory_consistent_candidate
0901020019,S09000017,HUANCAVELICA,HUANCAVELICA,ACOBAMBILLA,SAN MARTIN,0901020019,SAN MARTIN,SAN MARTIN,SAN MARTIN,1,1,1,1,directory_consistent_candidate
0901020022,S09000062,HUANCAVELICA,HUANCAVELICA,ACOBAMBILLA,SAN JUAN DE JERUSALEN,0901020022,JERUSALEN,JERUSALEN,JERUSALEN,1,0,0,0,review_same_code_name
0901020025,S09000020,HUANCAVELICA,HUANCAVELICA,ACOBAMBILLA,ANCCAPA,0901020025,ANCCAPA,ANCCAPA,ANCCAPA,1,1,1,1,directory_consistent_candidate
0901020026,S09000018,HUANCAVELICA,HUANCAVELICA,ACOBAMBILLA,SAN ANTONIO,0901020026,SAN ANTONIO,SAN ANTONIO,SAN ANTONIO,1,1,1,1,directory_consistent_candidate
0901020028,S09000013,HUANCAVELICA,HUANCAVELICA,ACOBAMBILLA,SAN MIGUEL,0901020028,SAN MIGUEL,SAN MIGUEL,SAN MIGUEL,1,1,1,1,directory_consistent_candidate
0901020034,S09000016,HUANCAVELICA,HUANCAVELICA,ACOBAMBILLA,SAN JOSE DE PUITUCO,0901020034,SAN JOSE DE PUITUCO,SAN JOSE DE PUITUCO,SAN JOSE DE PUITUCO,1,1,1,1,directory_consistent_candidate
0901020035,S09000015,HUANCAVELICA,HUANCAVELICA,ACOBAMBILLA,TELA PACCHA,0901020035,TELAPACCHA,TELAPACCHA,TELAPACCHA,1,1,1,1,directory_consistent_candidate
0901020043,S09000395,HUANCAVELICA,HUANCAVELICA,ACOBAMBILLA,SANTA ROSA,0901020043,SANTA ROSA,SANTA ROSA,SANTA ROSA,1,1,1,1,directory_consistent_candidate
0901030008,S09000038,HUANCAVELICA,HUANCAVELICA,ACORIA,JOSE CARLOS MARIATEGUI,0901030008,JOSE CARLOS MARIATEGUI,JOSE CARLOS MARIATEGUI,JOSE CARLOS MARIATEGUI,1,1,1,1,directory_consistent_candidate
0901030016,S09000005,HUANCAVELICA,HUANCAVELICA,ACORIA,UYRUMPI,0901030016,UYRUMPI  -PACTI,UYRUMPI,UYRUMPI,1,0,1,1,review_same_code_name
0901030070,S09000004,HUANCAVELICA,HUANCAVELICA,ACORIA,LAIMINA,0901030070,LAIMINA,LAIMINA,LAIMINA,1,1,1,1,directory_consistent_candidate
0901030083,S09000410,HUANCAVELICA,HUANCAVELICA,ACORIA,HUIÑACC PAMPA,0901030083,HUIÑACC PAMPA.,HUIÑACCPAMPA,HUIÑACCPAMPA,1,1,1,1,directory_consistent_candidate
0901030096,S09000006,HUANCAVELICA,HUANCAVELICA,ACORIA,LOS ANGELES DE CCARAHUASA CENTRO,0901030096,LOS ANGELES DE CCARAHUASA CENTRO,LOS ANGELES DE CCARAHUASA CENTRO,LOS ANGELES DE CCARAHUASA CENTRO,1,1,1,1,directory_consistent_candidate
0901070001,S09000049,HUANCAVELICA,HUANCAVELICA,HUAYLLAHUARA,HUAYLLAHUARA,0901070001,HUAYLLAHUARA,HUAYLLAHUARA,HUAYLLAHUARA,1,1,1,1,directory_consistent_candidate
0901070017,S09000051,HUANCAVELICA,HUANCAVELICA,HUAYLLAHUARA,ILLACO UNION,0901070017,ILLACO UNION,ILLACO UNION,ILLACO UNION,1,1,1,1,directory_consistent_candidate
0901070021,S09000053,HUANCAVELICA,HUANCAVELICA,HUAYLLAHUARA,VILLARICA UYTUNIZO,0901070021,VILLA RICA UYTUNIZO,VILLA RICA UYTUNIZO,VILLA RICA UYTUNIZO,1,1,1,1,directory_consistent_candidate
0901070022,S09000050,HUANCAVELICA,HUANCAVELICA,HUAYLLAHUARA,ILLACO AUCCANANA,0901070022,ILLACO AUCCANANA,ILLACO AUCCANANA,ILLACO AUCCANANA,1,1,1,1,directory_consistent_candidate
0901090001,S09000033,HUANCAVELICA,HUANCAVELICA,LARIA,LARIA,0901090001,LARIA,LARIA,LARIA,1,1,1,1,directory_consistent_candidate
0901090014,S09000034,HUANCAVELICA,HUANCAVELICA,LARIA,SAN JOSE DE BELEN,0901090014,SAN JOSE DE BELEN,SAN JOSE DE BELEN,SAN JOSE DE BELEN,1,1,1,1,directory_consistent_candidate
0901100001,S09000021,HUANCAVELICA,HUANCAVELICA,MANTA,MANTA,0901100001,MANTA,MANTA,MANTA,1,1,1,1,directory_consistent_candidate
0901100002,S09000057,HUANCAVELICA,HUANCAVELICA,MANTA,QUISHUARBAMBA,0901100002,QUISHUARBAMBA,QUISHUARBAMBA,QUISHUARBAMBA,1,1,1,1,directory_consistent_candidate
0901100008,S09000054,HUANCAVELICA,HUANCAVELICA,MANTA,CANCHOCERCA,0901100008,CANCHOCERCA,CANCHOCERCA,CANCHOCERCA,1,1,1,1,directory_consistent_candidate
0901100018,S09000022,HUANCAVELICA,HUANCAVELICA,MANTA,SANTA ROSA,0901100018,SANTA ROSA,SANTA ROSA,SANTA ROSA,1,1,1,1,directory_consistent_candidate
0901100019,S09000056,HUANCAVELICA,HUANCAVELICA,MANTA,CCORISOTOCC,0901100019,CCORISOTOCC,CCORISOTOCC,CCORISOTOCC,1,1,1,1,directory_consistent_candidate
0901100028,S09000055,HUANCAVELICA,HUANCAVELICA,MANTA,COLLPA,0901100028,CCOLLPA,CCOLLPA,CCOLLPA,1,0,0,0,review_same_code_name
0901140001,S09000036,HUANCAVELICA,HUANCAVELICA,PALCA,PALCA,0901140001,PALCA,PALCA,PALCA,1,1,1,1,directory_consistent_candidate
0901140009,S09000354,HUANCAVELICA,HUANCAVELICA,PALCA,PUTACCA,0901140009,PUTACCA,PUTACCA,PUTACCA,1,1,1,1,directory_consistent_candidate
0901140026,S09000355,HUANCAVELICA,HUANCAVELICA,PALCA,TITANCA,0901140026,TITANCA,TITANCA,TITANCA,1,1,1,1,directory_consistent_candidate
0901160001,S09000029,HUANCAVELICA,HUANCAVELICA,VILCA,VILCA,0901160001,IZCUCHACA,VILCA,VILCA,1,0,1,1,review_same_code_name
0901160004,S09000063,HUANCAVELICA,HUANCAVELICA,VILCA,ACCOMARCA,0901160004,ACCOMARCA,ACCOMARCA,ACCOMARCA,1,1,1,1,directory_consistent_candidate
0901160005,S09000068,HUANCAVELICA,HUANCAVELICA,VILCA,LA LIBERTAD,0901160005,LA LIBERTAD,LA LIBERTAD,LA LIBERTAD,1,1,1,1,directory_consistent_candidate
0901160007,S09000064,HUANCAVELICA,HUANCAVELICA,VILCA,BUENOS AIRES,0901160007,BUENOS AIRES,BUENOS AIRES,BUENOS AIRES,1,1,1,1,directory_consistent_candidate
0901160008,S09000037,HUANCAVELICA,HUANCAVELICA,VILCA,SANTA ANA,0901160008,SANTA ANA,SANTA ANA,SANTA ANA,1,1,1,1,directory_consistent_candidate
0901160009,S09000067,HUANCAVELICA,HUANCAVELICA,VILCA,DOS DE MAYO,0901160009,DOS DE MAYO,DOS DE MAYO,DOS DE MAYO,1,1,1,1,directory_consistent_candidate
0901160010,S09000070,HUANCAVELICA,HUANCAVELICA,VILCA,MATAHUASI,0901160010,MATAHUASI,MATAHUASI,MATAHUASI,1,1,1,1,directory_consistent_candidate
0901160016,S09000072,HUANCAVELICA,HUANCAVELICA,VILCA,SAN CARLOS,0901160016,SAN CARLOS,SAN CARLOS,SAN CARLOS,1,1,1,1,directory_consistent_candidate
0901160018,S09000031,HUANCAVELICA,HUANCAVELICA,VILCA,CHUYA,0901160018,CHUYA,CHUYA,CHUYA,1,1,1,1,directory_consistent_candidate
0901160026,S09000069,HUANCAVELICA,HUANCAVELICA,VILCA,LEON PAMPA,0901160026,LEON PAMPA,LEON PAMPA,LEON PAMPA,1,1,1,1,directory_consistent_candidate
0901160030,S09000065,HUANCAVELICA,HUANCAVELICA,VILCA,CAMPO ALEGRE,0901160030,CAMPO ALEGRE,CAMPO ALEGRE,CAMPO ALEGRE,1,1,1,1,directory_consistent_candidate
0901160035,S09000032,HUANCAVELICA,HUANCAVELICA,VILCA,CORICOCHA,0901160035,CORICOCHA,CORICOCHA,CORICOCHA,1,1,1,1,directory_consistent_candidate
0901160038,S09000071,HUANCAVELICA,HUANCAVELICA,VILCA,SAN JOSE DE SALLCCAHUARA,0901160038,SAN JOSE DE SALLCCAHUARA,SAN JOSE DE SALLCCAHUARA,SAN JOSE DE SALLCCAHUARA,1,1,1,1,directory_consistent_candidate
0901160039,S09000066,HUANCAVELICA,HUANCAVELICA,VILCA,CHAQUICOCHA,0901160039,CHAQUICOCHA,CHAQUICOCHA,CHAQUICOCHA,1,1,1,1,directory_consistent_candidate
0901160041,S09000030,HUANCAVELICA,HUANCAVELICA,VILCA,HUACALLPE,0901160041,HUANCALPI,HUANCALPI,HUANCALPI,1,0,0,0,review_same_code_name
0901190001,S09000007,HUANCAVELICA,HUANCAVELICA,HUANDO,HUANDO,0901190001,HUANDO,HUANDO,HUANDO,1,1,1,1,directory_consistent_candidate
0901190002,S09000009,HUANCAVELICA,HUANCAVELICA,HUANDO,TAPANA,0901190002,TAPANA,TAPANA,TAPANA,1,1,1,1,directory_consistent_candidate
0901190007,S09000010,HUANCAVELICA,HUANCAVELICA,HUANDO,MUQUE,0901190007,MUQUE,MUQUE,MUQUE,1,1,1,1,directory_consistent_candidate
0901190009,S09000039,HUANCAVELICA,HUANCAVELICA,HUANDO,PAMPALANYA,0901190009,PAMPALANYA,PAMPALANYA,PAMPALANYA,1,1,1,1,directory_consistent_candidate
0901190023,S09000011,HUANCAVELICA,HUANCAVELICA,HUANDO,SAN JOSE DE MIRAFLORES,0901190023,SAN JOSE DE MIRAFLORES,SAN JOSE DE MIRAFLORES,SAN JOSE DE MIRAFLORES,1,1,1,1,directory_consistent_candidate
0901190047,S09000008,HUANCAVELICA,HUANCAVELICA,HUANDO,CUYAO,0901190047,CUYAO,CUYAO,CUYAO,1,1,1,1,directory_consistent_candidate
0902010001,S09000227,HUANCAVELICA,ACOBAMBA,ACOBAMBA,ACOBAMBA,0902010001,ACOBAMBA,ACOBAMBA,ACOBAMBA,1,1,1,1,directory_consistent_candidate
0902010006,S09000203,HUANCAVELICA,ACOBAMBA,ACOBAMBA,CCARHUACC,0902010006,CCARHUACC,CCARHUACC,CCARHUACC,1,1,1,1,directory_consistent_candidate
0902010019,S09000230,HUANCAVELICA,ACOBAMBA,ACOBAMBA,CCELLCCAYA,0902010019,CCELLCCAYA,CCELLCCAYA,CCELLCCAYA,1,1,1,1,directory_consistent_candidate
0902010021,S09000229,HUANCAVELICA,ACOBAMBA,ACOBAMBA,CCARABAMBA,0902010021,CCARABAMBA,CCARABAMBA,CCARABAMBA,1,1,1,1,directory_consistent_candidate
0902010022,S09000233,HUANCAVELICA,ACOBAMBA,ACOBAMBA,TRES DE OCTUBRE,0902010022,TRES DE OCTUBRE,TRES DE OCTUBRE,TRES DE OCTUBRE,1,1,1,1,directory_consistent_candidate
0902010030,S09000232,HUANCAVELICA,ACOBAMBA,ACOBAMBA,PUTACCA,0902010030,PUTACCA,PUTACCA,PUTACCA,1,1,1,1,directory_consistent_candidate
0902010034,S09000204,HUANCAVELICA,ACOBAMBA,ACOBAMBA,BELLAVISTA,0902010034,BELLAVISTA,BELLAVISTA,BELLAVISTA,1,1,1,1,directory_consistent_candidate
0902010044,S09000205,HUANCAVELICA,ACOBAMBA,ACOBAMBA,ALLPAS,0902010044,ALLPAS,ALLPAS,ALLPAS,1,1,1,1,directory_consistent_candidate
0902030001,S09000211,HUANCAVELICA,ACOBAMBA,ANTA,ANTA,0902030001,ANTA,ANTA,ANTA,1,1,1,1,directory_consistent_candidate
0902030003,S09000208,HUANCAVELICA,ACOBAMBA,ANTA,OCCORO,0902030003,OCCORO,OCCORO,OCCORO,1,1,1,1,directory_consistent_candidate
0902030004,S09000238,HUANCAVELICA,ACOBAMBA,ANTA,SANCAYPAMPA,0902030004,SANCAYPAMPA,SANCAYPAMPA,SANCAYPAMPA,1,1,1,1,directory_consistent_candidate
0902030006,S09000235,HUANCAVELICA,ACOBAMBA,ANTA,HUAYANAY,0902030006,HUAYANAY,HUAYANAY-TUMBESCHAYOCC PAMPA,HUAYANAY-TUMBESCHAYOCC PAMPA,1,1,0,0,review_same_code_name
0902030010,S09000210,HUANCAVELICA,ACOBAMBA,ANTA,VISTA ALEGRE,0902030010,VISTA ALEGRE,VISTA ALEGRE,VISTA ALEGRE,1,1,1,1,directory_consistent_candidate
0902030012,S09000234,HUANCAVELICA,ACOBAMBA,ANTA,BUENAVISTA PATACANCHA,,BUENAVISTA,BUENAVISTA,,,0,0,,review_no_canonical_code
0902030013,S09000207,HUANCAVELICA,ACOBAMBA,ANTA,SAN PEDRO DE ÑAHUINCUCHO,0902030013,SAN PEDRO DE ÑAHUINCUCHO,SAN PEDRO DE ÑAHUINCUCHO,SAN PEDRO DE ÑAHUINCUCHO,1,1,1,1,directory_consistent_candidate
0902030014,S09000236,HUANCAVELICA,ACOBAMBA,ANTA,NUEVO PROGRESO LACCANCCA PAMPA,,LACCANCCAPAMPA,LACCANCCAPAMPA,,,0,0,,review_no_canonical_code
0902030027,S09000237,HUANCAVELICA,ACOBAMBA,ANTA,PAMPALCO,0902030027,PAMPALCO,PAMPALCO,PAMPALCO,1,1,1,1,directory_consistent_candidate
0902030035,S09000209,HUANCAVELICA,ACOBAMBA,ANTA,MANYACC,0902030035,MANYACC,MANYACC,MANYACC,1,1,1,1,directory_consistent_candidate
0902040001,S09000239,HUANCAVELICA,ACOBAMBA,CAJA,CAJA ESPIRITU,0902040001,CAJA,CAJA,CAJA,1,0,0,0,review_same_code_name
0902040002,S09000241,HUANCAVELICA,ACOBAMBA,CAJA,CCASANCCA,0902040002,CCASANCCA,CCASANCCA,CCASANCCA,1,1,1,1,directory_consistent_candidate
0902040007,S09000212,HUANCAVELICA,ACOBAMBA,CAJA,RURUNMARCA,0902040007,RURUNMARCA,RURUNMARCA,RURUNMARCA,1,1,1,1,directory_consistent_candidate
0902040014,S09000246,HUANCAVELICA,ACOBAMBA,CAJA,SANTA ROSA DE TOCCTO,0902040014,SANTA ROSA DE TOCCTO,SANTA ROSA DE TOCCTO,SANTA ROSA DE TOCCTO,1,1,1,1,directory_consistent_candidate
0902040019,S09000245,HUANCAVELICA,ACOBAMBA,CAJA,SAN PABLO DE PISQUIRI,0902040019,SAN PABLO DE PISQUIRI,SAN PABLO DE PISQUIRI,SAN PABLO DE PISQUIRI,1,1,1,1,directory_consistent_candidate
0902040022,S09000244,HUANCAVELICA,ACOBAMBA,CAJA,POMACANCHA,0902040022,POMACANCHA,POMACANCHA,POMACANCHA,1,1,1,1,directory_consistent_candidate
0902040024,S09000243,HUANCAVELICA,ACOBAMBA,CAJA,OYOCCOCHA,0902040024,OYOCCOCHA,OYOCCOCHA,OYOCCOCHA,1,1,1,1,directory_consistent_candidate
0902040032,S09000242,HUANCAVELICA,ACOBAMBA,CAJA,HUANCCALLACO,0902040032,HUANCCALLACO,HUANCCALLACO,HUANCCALLACO,1,1,1,1,directory_consistent_candidate
0902040033,S09000247,HUANCAVELICA,ACOBAMBA,CAJA,YURACC CANCHA,0902040033,YURACC CANCHA,YURACC CANCHA,YURACC CANCHA,1,1,1,1,directory_consistent_candidate
0902040037,S09000240,HUANCAVELICA,ACOBAMBA,CAJA,CANGAR,0902040037,CANGAR,CANGAR,CANGAR,1,1,1,1,directory_consistent_candidate
0902050001,S09000251,HUANCAVELICA,ACOBAMBA,MARCAS,MARCAS,0902050001,MARCAS,MARCAS,MARCAS,1,1,1,1,directory_consistent_candidate
0902050004,S09000250,HUANCAVELICA,ACOBAMBA,MARCAS,LAMBRANA (LAMBRAMA),0902050004,LAMBRAMA,LAMBRAMA,LAMBRAMA,1,0,0,0,review_same_code_name
0902050005,S09000248,HUANCAVELICA,ACOBAMBA,MARCAS,ASAHUASI,0902050005,ASAHUASI,ASAHUASI,ASAHUASI,1,1,1,1,directory_consistent_candidate
0902050007,S09000218,HUANCAVELICA,ACOBAMBA,MARCAS,PARIZA,0902050007,PARISA (PARIZA),PARISA (PARIZA),PARISA (PARIZA),1,0,0,0,review_same_code_name
0902050010,S09000249,HUANCAVELICA,ACOBAMBA,MARCAS,CCOCHACC,0902050010,CCOCHACC,CCOCHACC,CCOCHACC,1,1,1,1,directory_consistent_candidate
0902050013,S09000217,HUANCAVELICA,ACOBAMBA,MARCAS,VILLA DEL CARMEN YCHUPATA,0902050013,VILLA DEL CARMEN,VILLA DEL CARMEN,VILLA DEL CARMEN,1,0,0,0,review_same_code_name
0902050014,S09000220,HUANCAVELICA,ACOBAMBA,MARCAS,HUARPA,0902050014,HUARPA,HUARPA,HUARPA,1,1,1,1,directory_consistent_candidate
0902050017,S09000219,HUANCAVELICA,ACOBAMBA,MARCAS,CHONTAS,0902050017,CHONTAS,CHONTAS,CHONTAS,1,1,1,1,directory_consistent_candidate
0902050018,S09000216,HUANCAVELICA,ACOBAMBA,MARCAS,SAN ISIDRO,0902050018,SAN ISIDRO,SAN ISIDRO,SAN ISIDRO,1,1,1,1,directory_consistent_candidate
0902050020,S09000357,HUANCAVELICA,ACOBAMBA,MARCAS,HUANAYPAMPA,0902050020,HUANAYPAMPA,HUANAYPAMPA,HUANAYPAMPA,1,1,1,1,directory_consistent_candidate
0902050021,S09000221,HUANCAVELICA,ACOBAMBA,MARCAS,PALOMA,0902050021,PALOMA,PALOMA,PALOMA,1,1,1,1,directory_consistent_candidate
0903010001,S09000256,HUANCAVELICA,ANGARAES,LIRCAY,LIRCAY,0903010001,LIRCAY,LIRCAY,LIRCAY,1,1,1,1,directory_consistent_candidate
0903010002,S09000252,HUANCAVELICA,ANGARAES,LIRCAY,YANAUTUTO,0903010002,YANAUTUTO,YANAUTUTO,YANAUTUTO,1,1,1,1,directory_consistent_candidate
0903010007,S09000255,HUANCAVELICA,ANGARAES,LIRCAY,HUAYLLAY CHICO,0903010007,HUAYLLAY CHICO,HUAYLLAY CHICO,HUAYLLAY CHICO,1,1,1,1,directory_consistent_candidate
0903010122,S09000254,HUANCAVELICA,ANGARAES,LIRCAY,UNION PROGRESO PATAHUASI,0903010122,UNION PROGRESO PATAHUASI,UNION PROGRESO PATAHUASI,UNION PROGRESO PATAHUASI,1,1,1,1,directory_consistent_candidate
0903010236,S09000253,HUANCAVELICA,ANGARAES,LIRCAY,BUENAVISTA,0903010236,BUENAVISTA,BUENAVISTA,BUENAVISTA,1,1,1,1,directory_consistent_candidate
0903040019,S09000257,HUANCAVELICA,ANGARAES,CCOCHACCASA,SANTA CRUZ DE PONGOS GRANDE,0903040019,SANTA CRUZ DE PONGOS GRANDE,SANTA CRUZ DE PONGOS GRANDE,SANTA CRUZ DE PONGOS GRANDE,1,1,1,1,directory_consistent_candidate
0903040038,S09000258,HUANCAVELICA,ANGARAES,CCOCHACCASA,CCASCCABAMBA,0903040038,CCASCCABAMBA,CCASCCABAMBA,CCASCCABAMBA,1,1,1,1,directory_consistent_candidate
0903050001,S09000294,HUANCAVELICA,ANGARAES,CHINCHO,CHINCHO,0903050001,CHINCHO,CHINCHO,CHINCHO,1,1,1,1,directory_consistent_candidate
0903050002,S09000364,HUANCAVELICA,ANGARAES,CHINCHO,SANTA ROSA DE TINCUY,,SANTA ROSA,SANTA ROSA,,,0,0,,review_no_canonical_code
0903050005,S09000260,HUANCAVELICA,ANGARAES,CHINCHO,YANACHOCCE,0903050005,YANACHOCCE,YANACHOCCE,YANACHOCCE,1,1,1,1,directory_consistent_candidate
0903050006,S09000263,HUANCAVELICA,ANGARAES,CHINCHO,SAN JOSE DE VILLOC (VILLOC),0903050006,SAN JOSE DE VILLOC,SAN JOSE DE VILLOCC (VILLOC),SAN JOSE DE VILLOCC (VILLOC),1,0,0,0,review_same_code_name
0903050011,S09000259,HUANCAVELICA,ANGARAES,CHINCHO,SAN JUAN DE MIRAFLORES,0903050011,SAN JUAN DE MIRAFLORES,SAN JUAN DE MIRAFLORES,SAN JUAN DE MIRAFLORES,1,1,1,1,directory_consistent_candidate
0903050012,S09000262,HUANCAVELICA,ANGARAES,CHINCHO,URALLA,0903050012,URALLA,URALLA,URALLA,1,1,1,1,directory_consistent_candidate
0903050016,S09000261,HUANCAVELICA,ANGARAES,CHINCHO,HUANCHUY,0903050016,HUANCHUY,HUANCHUY,HUANCHUY,1,1,1,1,directory_consistent_candidate
0903050019,S09000295,HUANCAVELICA,ANGARAES,CHINCHO,LLAMOCTACHI,0903050019,LLAMOCCTACHI,LLAMOCCTACHI (9 DE DICIEMBRE),LLAMOCCTACHI (9 DE DICIEMBRE),1,0,0,0,review_same_code_name
0903060001,S09000286,HUANCAVELICA,ANGARAES,CONGALLA,CONGALLA,0903060001,CONGALLA,CONGALLA,CONGALLA,1,1,1,1,directory_consistent_candidate
0903060003,S09000297,HUANCAVELICA,ANGARAES,CONGALLA,ATOCCPAMPA,0903060003,ATOCCPAMPA,ATOCCPAMPA,ATOCCPAMPA,1,1,1,1,directory_consistent_candidate
0903060004,S09000285,HUANCAVELICA,ANGARAES,CONGALLA,TOPCCACCASA,0903060004,TOPCCACCASA,TOPCCACCASA,TOPCCACCASA,1,1,1,1,directory_consistent_candidate
0903060008,S09000363,HUANCAVELICA,ANGARAES,CONGALLA,YUNYAPAMPA,0903060008,YUNYAPAMPA,YUNYAPAMPA,YUNYAPAMPA,1,1,1,1,directory_consistent_candidate
0903060009,S09000290,HUANCAVELICA,ANGARAES,CONGALLA,YUNYACCASA,0903060009,YUNYACCASA,YUNYACCASA,YUNYACCASA,1,1,1,1,directory_consistent_candidate
0903060011,S09000288,HUANCAVELICA,ANGARAES,CONGALLA,CHAYNABAMBA,0903060011,CHAYNABAMBA,CHAYNABAMBA,CHAYNABAMBA,1,1,1,1,directory_consistent_candidate
0903060013,S09000381,HUANCAVELICA,ANGARAES,CONGALLA,CCOCHAPATA,0903060013,CCOCHAPATA,CCOCHAPATA,CCOCHAPATA,1,1,1,1,directory_consistent_candidate
0903060016,S09000359,HUANCAVELICA,ANGARAES,CONGALLA,JATUNSUYUY,0903060016,JATUNSUYUY,JATUNSUYUY,JATUNSUYUY,1,1,1,1,directory_consistent_candidate
0903060017,S09000284,HUANCAVELICA,ANGARAES,CONGALLA,LIRIO LEONCIO PRADO,0903060017,LIRIO LEONCIO PRADO,LIRIO LEONCIO PRADO,LIRIO LEONCIO PRADO,1,1,1,1,directory_consistent_candidate
0903060018,S09000362,HUANCAVELICA,ANGARAES,CONGALLA,TONSO,0903060018,TONSO,TONSO,TONSO,1,1,1,1,directory_consistent_candidate
0903060020,S09000358,HUANCAVELICA,ANGARAES,CONGALLA,CCOLLPACCASA,0903060020,CCOLLPACCASA,CCOLLPACCASA,CCOLLPACCASA,1,1,1,1,directory_consistent_candidate
0903060021,S09000360,HUANCAVELICA,ANGARAES,CONGALLA,LOS ANGELES,0903060021,LOS ANGELES,LOS ANGELES,LOS ANGELES,1,1,1,1,directory_consistent_candidate
0903060022,S09000289,HUANCAVELICA,ANGARAES,CONGALLA,LIRCAYCCASA,0903060022,LIRCAYCCASA,LIRCAYCCASA,LIRCAYCCASA,1,1,1,1,directory_consistent_candidate
0903060025,S09000287,HUANCAVELICA,ANGARAES,CONGALLA,TOTORA,0903060025,TOTORA,TOTORA,TOTORA,1,1,1,1,directory_consistent_candidate
0903060041,S09000300,HUANCAVELICA,ANGARAES,CONGALLA,SAN MIGUEL,0903060041,SAN MIGUEL,SAN MIGUEL,SAN MIGUEL,1,1,1,1,directory_consistent_candidate
0903060046,S09000299,HUANCAVELICA,ANGARAES,CONGALLA,CHALLHUAPUQUIO,0903060046,CHALLHUAPUQUIO,CHALLHUAPUQUIO,CHALLHUAPUQUIO,1,1,1,1,directory_consistent_candidate
0903060047,S09000296,HUANCAVELICA,ANGARAES,CONGALLA,ALELUYA,0903060047,ALELUYA,ALELUYA,ALELUYA,1,1,1,1,directory_consistent_candidate
0903060049,S09000361,HUANCAVELICA,ANGARAES,CONGALLA,ORCCOCORRAL,0903060049,ORCCOCORRAL,ORCCOCORRAL,ORCCOCORRAL,1,1,1,1,directory_consistent_candidate
0903060058,S09000298,HUANCAVELICA,ANGARAES,CONGALLA,CCOPO,0903060058,CCOPO,CCOPO,CCOPO,1,1,1,1,directory_consistent_candidate
0903060068,S09000291,HUANCAVELICA,ANGARAES,CONGALLA,CARCOSI,0903060068,CARCOSI,CARCOSI,CARCOSI,1,1,1,1,directory_consistent_candidate
0903060069,S09000383,HUANCAVELICA,ANGARAES,CONGALLA,PAMPAHUASI,0903060069,PAMPA HUASI,PAMPA HUASI,PAMPA HUASI,1,1,1,1,directory_consistent_candidate
0903060076,S09000384,HUANCAVELICA,ANGARAES,CONGALLA,ROSARIO,0903060076,ROSARIO,ROSARIO,ROSARIO,1,1,1,1,directory_consistent_candidate
0903060078,S09000382,HUANCAVELICA,ANGARAES,CONGALLA,MIOPAMPA,,MILLO PAMPA,MILLOPAMPA,,,0,0,,review_no_canonical_code
0903070001,S09000264,HUANCAVELICA,ANGARAES,HUANCA-HUANCA,HUANCA HUANCA,0903070001,HUANCA HUANCA,HUANCA-HUANCA,HUANCA-HUANCA,1,1,1,1,directory_consistent_candidate
0903100001,S09000267,HUANCAVELICA,ANGARAES,SAN ANTONIO DE ANTAPARCO,SAN ANTONIO DE ANTAPARCO,,ANTAPARCO,ANTAPARCO,,,0,0,,review_no_canonical_code
0903100004,S09000265,HUANCAVELICA,ANGARAES,SAN ANTONIO DE ANTAPARCO,LAMBRAS,0903100004,LAMBRAS,LAMBRAS,LAMBRAS,1,1,1,1,directory_consistent_candidate
0903100008,S09000351,HUANCAVELICA,ANGARAES,SAN ANTONIO DE ANTAPARCO,HUACCHALLA,0903100008,HUACCHALLA,HUACCHALLA,HUACCHALLA,1,1,1,1,directory_consistent_candidate
0903100009,S09000266,HUANCAVELICA,ANGARAES,SAN ANTONIO DE ANTAPARCO,MAISENA,0903100009,MAICENA,MAICENA,MAICENA,1,0,0,0,review_same_code_name
0903100010,S09000352,HUANCAVELICA,ANGARAES,SAN ANTONIO DE ANTAPARCO,PAMPAHUASI,0903100010,PAMPAHUASI,PAMPAHUASI,PAMPAHUASI,1,1,1,1,directory_consistent_candidate
0903100012,S09000353,HUANCAVELICA,ANGARAES,SAN ANTONIO DE ANTAPARCO,TINTAYOC,0903100012,TINTAYOCC,TINTAYOCC,TINTAYOCC,1,0,0,0,review_same_code_name
0903100014,S09000350,HUANCAVELICA,ANGARAES,SAN ANTONIO DE ANTAPARCO,AZUNA,0903100014,AZUNA,AZUNA,AZUNA,1,1,1,1,directory_consistent_candidate
0903120001,S09000305,HUANCAVELICA,ANGARAES,SECCLLA,SECCLLA,0903120001,SECCLLA,SECCLLA,SECCLLA,1,1,1,1,directory_consistent_candidate
0903120003,S09000273,HUANCAVELICA,ANGARAES,SECCLLA,MARAY,0903120003,MARAY,MARAY,MARAY,1,1,1,1,directory_consistent_candidate
0903120007,S09000270,HUANCAVELICA,ANGARAES,SECCLLA,TRANCA,0903120007,TRANCA,TRANCA,TRANCA,1,1,1,1,directory_consistent_candidate
0903120009,S09000271,HUANCAVELICA,ANGARAES,SECCLLA,ECCANA,0903120009,ECCANA,ECCANA,ECCANA,1,1,1,1,directory_consistent_candidate
0903120010,S09000388,HUANCAVELICA,ANGARAES,SECCLLA,MITMACC,0903120010,MITMACC,MITMACC,MITMACC,1,1,1,1,directory_consistent_candidate
0903120011,S09000412,HUANCAVELICA,ANGARAES,SECCLLA,ALLARPO,0903120011,ALLARPO,ALLARPO,ALLARPO,1,1,1,1,directory_consistent_candidate
0903120012,S09000304,HUANCAVELICA,ANGARAES,SECCLLA,CHILLAMA,0903120012,CHILLAMA,CHILLAMA,CHILLAMA,1,1,1,1,directory_consistent_candidate
0903120015,S09000269,HUANCAVELICA,ANGARAES,SECCLLA,ATUNA,,ATUNA (QUIHUAY),ATUNA (QUIHUAY),,,0,0,,review_no_canonical_code
0903120016,S09000272,HUANCAVELICA,ANGARAES,SECCLLA,CCOTACHAY,,CCOCHATAY,CCOCHATAY,,,0,0,,review_no_canonical_code
0903120017,S09000413,HUANCAVELICA,ANGARAES,SECCLLA,ANTAMACHAY,0903120017,ANTAMACHAY,ANTAMACHAY,ANTAMACHAY,1,1,1,1,directory_consistent_candidate
0903120020,S09000268,HUANCAVELICA,ANGARAES,SECCLLA,SAN CRISTOBAL DE QUISPICANCHA,,QUISPICANCHA,QUISPICANCHA,,,0,0,,review_no_canonical_code
0903120028,S09000389,HUANCAVELICA,ANGARAES,SECCLLA,QUIHUAY,0903120014,UCHUY QUIHUAY,UCHUY QUIHUAY,QUIHUAY,0,0,0,1,review_code_change
0904020047,S09000109,HUANCAVELICA,CHURCAMPA,ANCO,COTAY,0905020033,COTAS,COTAS,,0,0,0,,review_code_change
0904040001,S09000327,HUANCAVELICA,CASTROVIRREYNA,CAPILLAS,CAPILLAS,0904040001,CAPILLAS,CAPILLAS,CAPILLAS,1,1,1,1,directory_consistent_candidate
0904040020,S09000312,HUANCAVELICA,CASTROVIRREYNA,CAPILLAS,CAJAMARCA,0904040020,CAJAMARCA,CAJAMARCA,CAJAMARCA,1,1,1,1,directory_consistent_candidate
0904040060,S09000313,HUANCAVELICA,CASTROVIRREYNA,CAPILLAS,COCHAPAMPA,0904040060,COCHAPAMPA,COCHAPAMPA,COCHAPAMPA,1,1,1,1,directory_consistent_candidate
0904050001,S09000316,HUANCAVELICA,CASTROVIRREYNA,CHUPAMARCA,CHUPAMARCA,0904050001,CHUPAMARCA,CHUPAMARCA,CHUPAMARCA,1,1,1,1,directory_consistent_candidate
0904050014,S09000315,HUANCAVELICA,CASTROVIRREYNA,CHUPAMARCA,CHANCAHUASI,0904050014,CHANCAHUASI,CHANCAHUASI,CHANCAHUASI,1,1,1,1,directory_consistent_candidate
0904050020,S09000317,HUANCAVELICA,CASTROVIRREYNA,CHUPAMARCA,MEJORADA,0904050020,MEJORADA,MEJORADA,MEJORADA,1,1,1,1,directory_consistent_candidate
0905010006,S09000138,HUANCAVELICA,CHURCAMPA,CHURCAMPA,CHAMANA,0905010006,CHAMANA,CHAMANA,CHAMANA,1,1,1,1,directory_consistent_candidate
0905010008,S09000144,HUANCAVELICA,CHURCAMPA,CHURCAMPA,TOTORA (CHINCHIN),0905010008,TOTORA (CHINCHIN),TOTORA (CHINCHIN),TOTORA (CHINCHIN),1,1,1,1,directory_consistent_candidate
0905010011,S09000137,HUANCAVELICA,CHURCAMPA,CHURCAMPA,CCACCENA,0905010011,CCACCENA,CCACCENA,CCACCENA,1,1,1,1,directory_consistent_candidate
0905010012,S09000114,HUANCAVELICA,CHURCAMPA,CHURCAMPA,HUALLCCAY,0905010012,HUALLCCAY,HUALLCCAY,HUALLCCAY,1,1,1,1,directory_consistent_candidate
0905010014,S09000113,HUANCAVELICA,CHURCAMPA,CHURCAMPA,PATACANCHA,0905010014,PATACANCHA,PATACANCHA,PATACANCHA,1,1,1,1,directory_consistent_candidate
0905010017,S09000139,HUANCAVELICA,CHURCAMPA,CHURCAMPA,MARAYPATA,0905010017,MARAYPATA,MARAYPATA,MARAYPATA,1,1,1,1,directory_consistent_candidate
0905010026,S09000143,HUANCAVELICA,CHURCAMPA,CHURCAMPA,SANTIAGO DE ACCO,0905010026,SANTIAGO DE ACCO,SANTIAGO DE ACCO,SANTIAGO DE ACCO,1,1,1,1,directory_consistent_candidate
0905010045,S09000112,HUANCAVELICA,CHURCAMPA,CHURCAMPA,CCONOCC,0905010045,CCONOCC,CCONOCC,CCONOCC,1,1,1,1,directory_consistent_candidate
0905010063,S09000115,HUANCAVELICA,CHURCAMPA,CHURCAMPA,SAN MATEO,0905010063,SAN MATEO,SAN MATEO,SAN MATEO,1,1,1,1,directory_consistent_candidate
0905010065,S09000140,HUANCAVELICA,CHURCAMPA,CHURCAMPA,PACCHA,0905010065,PACCHA,PACCHA,PACCHA,1,1,1,1,directory_consistent_candidate
0905010071,S09000094,HUANCAVELICA,CHURCAMPA,CHINCHIHUASI,MILLPO,0905030015,MILLPO,MILLPO,SANTA CRUZ DE MILLPO,0,1,1,0,review_code_change
0905020034,S09000366,HUANCAVELICA,CHURCAMPA,ANCO,CHAUPIYACU,0905020034,CHAUPIYACU,CHAUPIYACU,CHAUPIYACU,1,1,1,1,directory_consistent_candidate
0905020042,S09000110,HUANCAVELICA,CHURCAMPA,ANCO,UNION LA VICTORIA,0905020042,UNION LA VICTORIA,UNION LA VICTORIA,UNION LA VICTORIA,1,1,1,1,directory_consistent_candidate
0905020049,S09000101,HUANCAVELICA,CHURCAMPA,ANCO,SANTA ROSA DE LLACUA,0905020021,SANTA ROSA DE SALAPATA QUICLLO,SANTA ROSA DE SALAPATA QUILLCO,,0,0,0,,review_code_change
0905020053,S09000104,HUANCAVELICA,CHURCAMPA,ANCO,SAN ANTONIO PAMPASPATA,0905020053,SAN ANTONIO PAMPASPATA,SAN ANTONIO PAMPASPATA,SAN ANTONIO PAMPASPATA,1,1,1,1,directory_consistent_candidate
0905020054,S09000100,HUANCAVELICA,CHURCAMPA,ANCO,SOCOS,0905020054,SOCOS,SOCOS,SOCOS,1,1,1,1,directory_consistent_candidate
0905020055,S09000098,HUANCAVELICA,CHURCAMPA,ANCO,CEDRO,0905020055,CEDRO,CEDRO,CEDRO,1,1,1,1,directory_consistent_candidate
0905020066,S09000390,HUANCAVELICA,CHURCAMPA,ANCO,LAMBRASNIYOCC,0905020066,LAMBRASNIYOCC,LAMBRASNIYOCC,LAMBRASNIYOCC,1,1,1,1,directory_consistent_candidate
0905020067,S09000133,HUANCAVELICA,CHURCAMPA,ANCO,HUACCACHI,0905020067,HUACCACHI,HUACCACHI,HUACCACHI,1,1,1,1,directory_consistent_candidate
0905020071,S09000111,HUANCAVELICA,CHURCAMPA,ANCO,ANTA,0905020071,ANTA,ANTA,ANTA,1,1,1,1,directory_consistent_candidate
0905020079,S09000365,HUANCAVELICA,CHURCAMPA,ANCO,BUENOS AIRES,0905020079,BUENOS AIRES,BUENOS AIRES,BUENOS AIRES,1,1,1,1,directory_consistent_candidate
0905020082,S09000105,HUANCAVELICA,CHURCAMPA,ANCO,SANTA CRUZ DE CONOCC,0905020082,SANTA CRUZ DE CONOCC,SANTA CRUZ DE CCONOCC,SANTA CRUZ DE CCONOCC,1,1,0,0,review_same_code_name
0905020085,S09000102,HUANCAVELICA,CHURCAMPA,ANCO,PUEBLO LIBRE CHILCAPATA,0905020011,PUEBLO LIBRE,PUEBLO LIBRE,,0,0,0,,review_code_change
0905020088,S09000099,HUANCAVELICA,CHURCAMPA,ANCO,SANTA ROSA DE PIQUES,0905020088,SANTA ROSA DE PIQUES,SANTA ROSA DE PIQUES,SANTA ROSA DE PIQUES,1,1,1,1,directory_consistent_candidate
0905020089,S09000103,HUANCAVELICA,CHURCAMPA,ANCO,SANTA MARIA DE ROCCHAC,0905020089,SANTA MARIA DE ROCCHAC,SANTA MARIA DE ROCCHAC,SANTA MARIA DE ROCCHAC,1,1,1,1,directory_consistent_candidate
0905020102,S09000367,HUANCAVELICA,CHURCAMPA,ANCO,CHOCCEPARCO,0905020102,CHOCCEPARCO,CHOCCEPARCO,CHOCCEPARCO,1,1,1,1,directory_consistent_candidate
0905020126,S09000134,HUANCAVELICA,CHURCAMPA,ANCO,VENECIAS,0905020126,VENECIAS,VENECIA,VENECIA,1,1,0,0,review_same_code_name
0905030001,S09000135,HUANCAVELICA,CHURCAMPA,CHINCHIHUASI,CHINCHIHUASI,0905030001,CHINCHIHUASI,CHINCHIHUASI,CHINCHIHUASI,1,1,1,1,directory_consistent_candidate
0905030003,S09000371,HUANCAVELICA,CHURCAMPA,CHINCHIHUASI,URPAY,0905030003,URPAY,URPAY,URPAY,1,1,1,1,directory_consistent_candidate
0905030006,S09000369,HUANCAVELICA,CHURCAMPA,CHINCHIHUASI,HUAYLLABAMBA,0905030006,HUAYLLABAMBA,HUAYLLABAMBA,HUAYLLABAMBA,1,1,1,1,directory_consistent_candidate
0905030008,S09000370,HUANCAVELICA,CHURCAMPA,CHINCHIHUASI,PACRA,0905030008,PACRA,PACRA,PACRA,1,1,1,1,directory_consistent_candidate
0905030010,S09000368,HUANCAVELICA,CHURCAMPA,CHINCHIHUASI,CALLOS,0905030010,CALLOS,CALLOS,CALLOS,1,1,1,1,directory_consistent_candidate
0905030012,S09000095,HUANCAVELICA,CHURCAMPA,CHINCHIHUASI,SANTA ROSA DE OCCORO,0905030012,SANTA ROSA DE OCCORO (OCORO),SANTA ROSA DE OCCORO (OCORO),SANTA ROSA DE OCCORO (OCORO),1,0,0,0,review_same_code_name
0905030016,S09000106,HUANCAVELICA,CHURCAMPA,ANCO,ANTACALLA,0905020037,ANTACCACCA,ANTACCACCA,,0,0,0,,review_code_change
0905030018,S09000392,HUANCAVELICA,CHURCAMPA,CHINCHIHUASI,ÑAHUINPUQUIO,0905030018,ÑAHUIMPUQUIO,ÑAHUIN PUQUIO,ÑAHUIN PUQUIO,1,0,1,1,review_same_code_name
0905030021,S09000096,HUANCAVELICA,CHURCAMPA,CHINCHIHUASI,ARMA PATACANCHA,0905030021,ARMA PATACANCHA,ARMA PATACANCHA,ARMA PATACANCHA,1,1,1,1,directory_consistent_candidate
0905030030,S09000093,HUANCAVELICA,CHURCAMPA,CHINCHIHUASI,TAPUYQUILLA,0905030030,TAPUYQUILLA,TAPUYQUILLA,TAPUYQUILLA,1,1,1,1,directory_consistent_candidate
0905030039,S09000136,HUANCAVELICA,CHURCAMPA,CHINCHIHUASI,LECHUGUILLAS,0905030039,LECHUGUILLAS,LECHUGUILLAS,LECHUGUILLAS,1,1,1,1,directory_consistent_candidate
0905040001,S09000127,HUANCAVELICA,CHURCAMPA,EL CARMEN,PAUCARBAMBILLA,0905040001,PAUCARBAMBILLA,PAUCARBAMBILLA,PAUCARBAMBILLA,1,1,1,1,directory_consistent_candidate
0905040008,S09000130,HUANCAVELICA,CHURCAMPA,EL CARMEN,PALERMO,0905040008,PALERMO,PALERMO,PALERMO,1,1,1,1,directory_consistent_candidate
0905040013,S09000148,HUANCAVELICA,CHURCAMPA,EL CARMEN,PUCUTO,0905040013,PUCUTO,PUCUTO,PUCUTO,1,1,1,1,directory_consistent_candidate
0905040016,S09000147,HUANCAVELICA,CHURCAMPA,EL CARMEN,CCARHUANCHO,0905040016,CCARHUANCHO,CCARHUANCHO,CCARHUANCHO,1,1,1,1,directory_consistent_candidate
0905040017,S09000145,HUANCAVELICA,CHURCAMPA,EL CARMEN,ARMA,0905040017,ARMA,ARMA,ARMA,1,1,1,1,directory_consistent_candidate
0905040021,S09000097,HUANCAVELICA,CHURCAMPA,EL CARMEN,CHANCHARA,0905040021,CHANCHARA,CHANCHARA,CHANCHARA,1,1,1,1,directory_consistent_candidate
0905040025,S09000146,HUANCAVELICA,CHURCAMPA,EL CARMEN,CCARHUACATA,0905040025,CCARHUACATA,CCARHUACATA,CCARHUACATA,1,1,1,1,directory_consistent_candidate
0905060001,S09000407,HUANCAVELICA,CHURCAMPA,LOCROJA,LOCROJA,0905060001,LOCROJA,LOCROJA,LOCROJA,1,1,1,1,directory_consistent_candidate
0905060002,S09000077,HUANCAVELICA,CHURCAMPA,LOCROJA,TULLPACANCHA,0905060002,TULLPACANCHA,TULLPACANCHA,TULLPACANCHA,1,1,1,1,directory_consistent_candidate
0905060013,S09000076,HUANCAVELICA,CHURCAMPA,LOCROJA,LA MERCED DE CHUPAS,0905060013,LA MERCED DE CHUPAS,LA MERCED DE CHUPAS,LA MERCED DE CHUPAS,1,1,1,1,directory_consistent_candidate
0905070001,S09000080,HUANCAVELICA,CHURCAMPA,PAUCARBAMBA,PAUCARBAMBA,0905070001,PAUCARBAMBA,PAUCARBAMBA,PAUCARBAMBA,1,1,1,1,directory_consistent_candidate
0905070009,S09000158,HUANCAVELICA,CHURCAMPA,PAUCARBAMBA,PARACCAY ANDABAMBA,0905070009,ANDABAMBA,PARACCAY ANDABAMBA,PARACCAY ANDABAMBA,1,0,1,1,review_same_code_name
0905070010,S09000160,HUANCAVELICA,CHURCAMPA,PAUCARBAMBA,SAN JUAN CUNYAC,0905070010,SAN JUAN DE CUNYA,SAN JUAN DE CUNYA,SAN JUAN DE CUNYA,1,0,0,0,review_same_code_name
0905070016,S09000081,HUANCAVELICA,CHURCAMPA,PAUCARBAMBA,ACLLAHUASI,0905070016,ACLLAHUASI,ACLLAHUASI,ACLLAHUASI,1,1,1,1,directory_consistent_candidate
0905070019,S09000159,HUANCAVELICA,CHURCAMPA,PAUCARBAMBA,SALLCCABAMBA,0905070019,SALLCCABAMBA,SALLCCABAMBA,SALLCCABAMBA,1,1,1,1,directory_consistent_candidate
0905070023,S09000082,HUANCAVELICA,CHURCAMPA,PAUCARBAMBA,ACOS,0905070023,ACOS,ACOS,ACOS,1,1,1,1,directory_consistent_candidate
0905070032,S09000156,HUANCAVELICA,CHURCAMPA,PAUCARBAMBA,CORICANCHA,0905070032,CORICANCHA,CORICANCHA,CORICANCHA,1,1,1,1,directory_consistent_candidate
0905070036,S09000092,HUANCAVELICA,CHURCAMPA,PAUCARBAMBA,PUCACCASA,0905070036,PUCACCASA,PUCACCASA,PUCACCASA,1,1,1,1,directory_consistent_candidate
0905070038,S09000085,HUANCAVELICA,CHURCAMPA,PAUCARBAMBA,UCHUY CRUZ,0905070038,UCHUY CRUZ,UCHUY CRUZ,UCHUY CRUZ,1,1,1,1,directory_consistent_candidate
0905070041,S09000157,HUANCAVELICA,CHURCAMPA,PAUCARBAMBA,HUAUCO VISTA ALEGRE,0905070041,HUAUCO-VISTA ALEGRE,HUACO VISTA ALEGRE (HUAUCO VISTA ALEGRE),HUACO VISTA ALEGRE (HUAUCO VISTA ALEGRE),1,1,0,0,review_same_code_name
0905070045,S09000411,HUANCAVELICA,CHURCAMPA,PAUCARBAMBA,ANDAYMARCA,0905070045,ANDAYMARCA,ANDAYMARCA,ANDAYMARCA,1,1,1,1,directory_consistent_candidate
0905070046,S09000087,HUANCAVELICA,CHURCAMPA,PAUCARBAMBA,COMUHUILLCA,0905070046,COMUHUILLCA,COMUHUILLCA,COMUHUILLCA,1,1,1,1,directory_consistent_candidate
0905070048,S09000079,HUANCAVELICA,CHURCAMPA,PAUCARBAMBA,SANTA ROSA DE HUACHUAPAMPA,0905070048,HUACHUAPAMPA,SANTA ROSA DE HUACHUAPAMPA,SANTA ROSA DE HUACHUAPAMPA,1,0,1,1,review_same_code_name
0905070049,S09000090,HUANCAVELICA,CHURCAMPA,PAUCARBAMBA,HUARIBAMBILLA,0905070049,HUARIBAMBILLA,HUARIBAMBILLA,HUARIBAMBILLA,1,1,1,1,directory_consistent_candidate
0905070051,S09000088,HUANCAVELICA,CHURCAMPA,PAUCARBAMBA,VISTA FLORIDA,0905070051,VISTA FLORIDA,VISTA FLORIDA,VISTA FLORIDA,1,1,1,1,directory_consistent_candidate
0905070067,S09000091,HUANCAVELICA,CHURCAMPA,PAUCARBAMBA,HUANCHOS,0905070067,,HUANCHOS,HUANCHOS,1,,1,1,directory_consistent_candidate
0905070072,S09000393,HUANCAVELICA,CHURCAMPA,CHINCHIHUASI,PUÑUYPAMPA,0905030054,,PUÑUYPAMPA,,0,,1,,review_code_change
0905090001,S09000421,HUANCAVELICA,CHURCAMPA,SAN PEDRO DE CORIS,SAN PEDRO DE CORIS,0905090001,SAN PEDRO DE CORIS,SAN PEDRO DE CORIS,SAN PEDRO DE CORIS,1,1,1,1,directory_consistent_candidate
0905090007,S09000117,HUANCAVELICA,CHURCAMPA,SAN PEDRO DE CORIS,PUMAMARCA,0905090007,PUMAMARCA,PUMAMARCA,PUMAMARCA,1,1,1,1,directory_consistent_candidate
0905090016,S09000128,HUANCAVELICA,CHURCAMPA,SAN PEDRO DE CORIS,TUPAC AMARU DE PISCOS,0905090016,TUPAC AMARU PISCOS,TUPAC AMARU DE PISCOS,TUPAC AMARU DE PISCOS,1,0,1,1,review_same_code_name
0905090017,S09000119,HUANCAVELICA,CHURCAMPA,SAN PEDRO DE CORIS,UNION PANTY,0905090017,UNION PANTY,UNION PANTY,UNION PANTY,1,1,1,1,directory_consistent_candidate
0905090028,S09000377,HUANCAVELICA,CHURCAMPA,SAN PEDRO DE CORIS,MACHAHUAY,0905090028,MACHAHUAY,MACHAHUAY ALTO,MACHAHUAY ALTO,1,1,0,0,review_same_code_name
0905090032,S09000118,HUANCAVELICA,CHURCAMPA,SAN PEDRO DE CORIS,PAMPALCA,0905090032,PAMPALCA,PAMPALCA,PAMPALCA,1,1,1,1,directory_consistent_candidate
0905090033,S09000126,HUANCAVELICA,CHURCAMPA,SAN PEDRO DE CORIS,CARHUANCHO,0905090033,CARHUANCHO,CARHUANCHO,CARHUANCHO,1,1,1,1,directory_consistent_candidate
0905090047,S09000089,HUANCAVELICA,CHURCAMPA,PAUCARBAMBA,OXAPATA,0905070050,,OXAPATA,,0,,1,,review_code_change
0905100001,S09000152,HUANCAVELICA,CHURCAMPA,PACHAMARCA,PACHAMARCA,0905100001,PACHAMARCA,PACHAMARCA,PACHAMARCA,1,1,1,1,directory_consistent_candidate
0905100003,S09000122,HUANCAVELICA,CHURCAMPA,PACHAMARCA,PATALLACCTA,0905100003,PATALLACCTA,PATALLACTA,PATALLACTA,1,1,0,0,review_same_code_name
0905100004,S09000374,HUANCAVELICA,CHURCAMPA,PACHAMARCA,SAN PABLO,0905100004,SAN PABLO,SAN PABLO,SAN PABLO,1,1,1,1,directory_consistent_candidate
0905100012,S09000121,HUANCAVELICA,CHURCAMPA,PACHAMARCA,CCOYLLORPANCCA,0905100012,CCOYLLORPANCCA,CCOYLLORPANCCA,CCOYLLORPANCCA,1,1,1,1,directory_consistent_candidate
0905100014,S09000376,HUANCAVELICA,CHURCAMPA,PACHAMARCA,TEXAS,0905100014,TEXAS,TEXAS,TEXAS,1,1,1,1,directory_consistent_candidate
0905100015,S09000123,HUANCAVELICA,CHURCAMPA,PACHAMARCA,PALTAMARCA,0905100015,PALTAMARCA,PALTAMARCA,PALTAMARCA,1,1,1,1,directory_consistent_candidate
0905100021,S09000375,HUANCAVELICA,CHURCAMPA,PACHAMARCA,SANTA ROSA DE TARA,0905100019,SANTA VERONICA DE JARA JANCHA,VERONICA,TARA,0,0,0,0,review_code_change
0905100026,S09000150,HUANCAVELICA,CHURCAMPA,PACHAMARCA,PACCHAPAMPA,0905100026,PACCHAPAMPA,PACCHAPAMPA,PACCHAPAMPA,1,1,1,1,directory_consistent_candidate
0905100027,S09000373,HUANCAVELICA,CHURCAMPA,PACHAMARCA,SAN JOSE DE ICHUPATA,0905100027,SAN JOSE DE ICHUPATA,SAN JOSE DE ICHUPATA,SAN JOSE DE ICHUPATA,1,1,1,1,directory_consistent_candidate
0905100028,S09000154,HUANCAVELICA,CHURCAMPA,PACHAMARCA,PUMARANRA,0905100028,PUMARANRA,PUMARANRA,PUMARANRA,1,1,1,1,directory_consistent_candidate
0905100032,S09000149,HUANCAVELICA,CHURCAMPA,PACHAMARCA,AMBATO VILLAMAYO,0905100032,AMBATO VILLAMAYO,AMBATO VILLAMAYO,AMBATO VILLAMAYO,1,1,1,1,directory_consistent_candidate
0905100033,S09000120,HUANCAVELICA,CHURCAMPA,PACHAMARCA,ILLPE,0905100033,ILLPE,ILLPE,ILLPE,1,1,1,1,directory_consistent_candidate
0905100034,S09000151,HUANCAVELICA,CHURCAMPA,PACHAMARCA,ILLPE PATA,0905100034,ILLPE PATA,ILLPEPATA,ILLPEPATA,1,1,1,1,directory_consistent_candidate
0905100035,S09000153,HUANCAVELICA,CHURCAMPA,PACHAMARCA,PATIBAMBA,0905100035,PATIBAMBA,PATIBAMBA,PATIBAMBA,1,1,1,1,directory_consistent_candidate
0905100037,S09000155,HUANCAVELICA,CHURCAMPA,PACHAMARCA,YANARUMI,0905100037,YANARUMI,YANARUMI,YANARUMI,1,1,1,1,directory_consistent_candidate
0905100039,S09000372,HUANCAVELICA,CHURCAMPA,PACHAMARCA,PAMPA DE MOLINO,0905100039,PAMPA DE MOLINO,PAMPA DE MOLINO,PAMPA DE MOLINO,1,1,1,1,directory_consistent_candidate
0906030001,S09000332,HUANCAVELICA,HUAYTARA,CORDOVA,CORDOVA,0906030001,CORDOVA,CORDOVA,CORDOVA,1,1,1,1,directory_consistent_candidate
0906060001,S09000337,HUANCAVELICA,HUAYTARA,OCOYO,OCOYO,0906060001,OCOYO,OCOYO,OCOYO,1,1,1,1,directory_consistent_candidate
0906060046,S09000336,HUANCAVELICA,HUAYTARA,OCOYO,AYAMARCA,0906060046,AYAMARCA,AYAMARCA,AYAMARCA,1,1,1,1,directory_consistent_candidate
0906060064,S09000338,HUANCAVELICA,HUAYTARA,OCOYO,PACOMARCA,0906060064,PACOMARCA,PACOMARCA,PACOMARCA,1,1,1,1,directory_consistent_candidate
0906060112,S09000339,HUANCAVELICA,HUAYTARA,OCOYO,VICHURI,0906060112,VICHURI,VICHURI,VICHURI,1,1,1,1,directory_consistent_candidate
0906090001,S09000343,HUANCAVELICA,HUAYTARA,QUITO-ARMA,QUITO ARMA,0906090001,QUITO ARMA,QUITO-ARMA,QUITO-ARMA,1,1,1,1,directory_consistent_candidate
0906150001,S09000328,HUANCAVELICA,HUAYTARA,SANTO DOMINGO DE CAPILLAS,SANTO DOMINGO DE CAPILLAS,0906150001,SANTO DOMINGO DE CAPILLAS,SANTO DOMINGO DE CAPILLAS,SANTO DOMINGO DE CAPILLAS,1,1,1,1,directory_consistent_candidate
0907050020,S09000194,HUANCAVELICA,TAYACAJA,COLCABAMBA,RUNDO VILCA,0907050020,RUNDO VILCA,RUNDOVILCA,RUNDOVILCA,1,1,1,1,directory_consistent_candidate
0907050038,S09000193,HUANCAVELICA,TAYACAJA,COLCABAMBA,OCORO,0907050038,OCORO,OCORO,OCORO,1,1,1,1,directory_consistent_candidate
0907050039,S09000180,HUANCAVELICA,TAYACAJA,COLCABAMBA,TARACAY,0907050039,TARACAY,TARACAY,TARACAY,1,1,1,1,directory_consistent_candidate
0907050063,S09000197,HUANCAVELICA,TAYACAJA,COLCABAMBA,SANTA FE DE JABONILLO,0907050063,SANTA FE JABONILLO,SANTA FE DE JABONILLO,SANTA FE DE JABONILLO,1,0,1,1,review_same_code_name
0907050067,S09000195,HUANCAVELICA,TAYACAJA,COLCABAMBA,CARPAPATA,0907050067,CARPAPATA,CARPAPATA,CARPAPATA,1,1,1,1,directory_consistent_candidate
0907050068,S09000179,HUANCAVELICA,TAYACAJA,COLCABAMBA,TRES DE OCTUBRE CHAUQUIMARCA,0907050068,TRES DE OCTUBRE CHAUQUIMARCA,TRES DE OCTUBRE CHAUQUIMARCA,TRES DE OCTUBRE CHAUQUIMARCA,1,1,1,1,directory_consistent_candidate
0907050083,S09000163,HUANCAVELICA,TAYACAJA,HUARIBAMBA,SAN CRISTOBAL DE PUYTOC,0907090033,SAN CRISTOBAL,SAN CRISTOBAL,,0,0,0,,review_code_change
0907050213,S09000196,HUANCAVELICA,TAYACAJA,COLCABAMBA,QUICHUAS,0907050126,QUISHUAR,,,0,0,,,review_code_change
0907090035,S09000166,HUANCAVELICA,TAYACAJA,HUARIBAMBA,CALLACASA,0907090035,CALLACASA,CALLACASA,CALLACASA,1,1,1,1,directory_consistent_candidate
0907090037,S09000162,HUANCAVELICA,TAYACAJA,HUARIBAMBA,CHANGARA,0907090037,RUNYO CHANGARA,CHANGARA,CHANGARA,1,0,1,1,review_same_code_name
0907110017,S09000201,HUANCAVELICA,TAYACAJA,TINTAY PUNCU,HUALLHUAPAMPA,0907180044,HUAYLLAPAMPA,HUAYLLAPAMPA,,0,0,0,,review_code_change
0907150004,S09000170,HUANCAVELICA,TAYACAJA,TINTAY PUNCU,PUERTO SAN ANTONIO,0907180042,SAN ANTONIO,SAN ANTONIO,,0,0,0,,review_code_change
0907160002,S09000198,HUANCAVELICA,TAYACAJA,SAN MARCOS DE ROCCHAC,LIBERTADORES HUARI,0907160002,HUARI,HUARI (LOS LIBERTADORES HUARI),HUARI (LOS LIBERTADORES HUARI),1,0,0,0,review_same_code_name
0907160005,S09000167,HUANCAVELICA,TAYACAJA,TINTAY PUNCU,SAN ISIDRO,0907180034,ACOBAMBA,SAN ISIDRO DE ACOBAMBA,,0,0,0,,review_code_change
0907160006,S09000191,HUANCAVELICA,TAYACAJA,SAN MARCOS DE ROCCHAC,SAN FRANCISCO DE PACCHA,0907160006,SAN FRANCISCO DE PACCHA,SAN FRANCISCO DE PACCHA,SAN FRANCISCO DE PACCHA,1,1,1,1,directory_consistent_candidate
0907160007,S09000409,HUANCAVELICA,TAYACAJA,SAN MARCOS DE ROCCHAC,SANTA ROSA DE JATUNCORRAL,0907160007,SANTA ROSA DE JATUN  CORRAL,SANTA ROSA DE JATUNCORRAL,SANTA ROSA DE JATUNCORRAL,1,1,1,1,directory_consistent_candidate
0907160008,S09000199,HUANCAVELICA,TAYACAJA,SAN MARCOS DE ROCCHAC,PALCA YACU,0907160008,SAN JOSE DE PALCAYACU,PALCA YACU,PALCA YACU,1,0,1,1,review_same_code_name
0907170001,S09000173,HUANCAVELICA,TAYACAJA,SURCUBAMBA,SURCUBAMBA,0907170001,SURCUBAMBA,SURCUBAMBA,SURCUBAMBA,1,1,1,1,directory_consistent_candidate
0907170006,S09000200,HUANCAVELICA,TAYACAJA,SURCUBAMBA,HUACCACHI,0907170006,HUACACHI,HUACACHI,HUACACHI,1,0,0,0,review_same_code_name
0907170010,S09000178,HUANCAVELICA,TAYACAJA,SURCUBAMBA,SOCOS,0907170010,SOCOS,SOCOS,SOCOS,1,1,1,1,directory_consistent_candidate
0907170024,S09000175,HUANCAVELICA,TAYACAJA,SURCUBAMBA,SACHACOTO,0907170024,SACHACOTO,SACHACOTO,SACHACOTO,1,1,1,1,directory_consistent_candidate
0907170031,S09000172,HUANCAVELICA,TAYACAJA,SURCUBAMBA,PAUCAMARCA,0907170031,PAUCARMARCA,VILLA PAUCARMARCA,VILLA PAUCARMARCA,1,0,0,0,review_same_code_name
0907170033,S09000174,HUANCAVELICA,TAYACAJA,SURCUBAMBA,YANANYAC,0907170033,YANANYAC,YANANYAC,YANANYAC,1,1,1,1,directory_consistent_candidate
0907170036,S09000177,HUANCAVELICA,TAYACAJA,SURCUBAMBA,TANCARPATA,0907170036,TANCARPATA,TANCARPATA,TANCARPATA,1,1,1,1,directory_consistent_candidate
0907170054,S09000176,HUANCAVELICA,TAYACAJA,SURCUBAMBA,PUCARUMI,0907170054,PUCARUMI,PUCARUMI,PUCARUMI,1,1,1,1,directory_consistent_candidate
0907180001,S09000169,HUANCAVELICA,TAYACAJA,TINTAY PUNCU,TINTAY,0907180001,TINTAY,TINTAY,TINTAY,1,1,1,1,directory_consistent_candidate
0907180003,S09000405,HUANCAVELICA,TAYACAJA,TINTAY PUNCU,UCHUYSIHUIS,0907180003,UCHUY SIHUIS,UCHUY SIHUIS,UCHUY SIHUIS,1,1,1,1,directory_consistent_candidate
0907180006,S09000380,HUANCAVELICA,TAYACAJA,TINTAY PUNCU,LLIHUAPAMPA,0907180006,LLIHUAPAMPA,LLIHUAPAMPA,LLIHUAPAMPA,1,1,1,1,directory_consistent_candidate
0907180010,S09000404,HUANCAVELICA,TAYACAJA,TINTAY PUNCU,PALMAPAMPA,0907180010,PALMAPAMPA,PALMAPAMPA,PALMAPAMPA,1,1,1,1,directory_consistent_candidate
0907180035,S09000168,HUANCAVELICA,TAYACAJA,TINTAY PUNCU,COCHABAMBA GRANDE,0907180035,COCHABAMBA GRANDE,COCHABAMBA GRANDE,COCHABAMBA GRANDE,1,1,1,1,directory_consistent_candidate
0907190014,S09000170,HUANCAVELICA,TAYACAJA,TINTAY PUNCU,PUERTO SAN ANTONIO,0907180042,,SAN ANTONIO,,0,,0,,review_code_change
0907210009,S09000202,HUANCAVELICA,TAYACAJA,TINTAY PUNCU,ROBLE,0907180049,,ROBLE,,0,,1,,review_code_change
0907210019,S09000171,HUANCAVELICA,TAYACAJA,TINTAY PUNCU,HUICHCCANA,0907180046,,HUICHCCANA,,0,,1,,review_code_change
1201010002,S12000258,JUNIN,HUANCAYO,HUANCAYO,ACOPALCA,1201010002,ACOPALCA,ACOPALCA,ACOPALCA,1,1,1,1,directory_consistent_candidate
1201010003,S12000672,JUNIN,HUANCAYO,HUANCAYO,CHAMISERIA,1201010003,CHAMISERIA,CHAMISERIA,CHAMISERIA,1,1,1,1,directory_consistent_candidate
1201010005,S12000257,JUNIN,HUANCAYO,HUANCAYO,VILCACOTO,1201010005,VILCACOTO,VILCACOTO,VILCACOTO,1,1,1,1,directory_consistent_candidate
1201050001,S12000249,JUNIN,HUANCAYO,CHACAPAMPA,CHACAPAMPA,1201050001,CHACAPAMPA,CHACAPAMPA,CHACAPAMPA,1,1,1,1,directory_consistent_candidate
1201050004,S12000247,JUNIN,HUANCAYO,CHACAPAMPA,HUACAN,1201050004,HUACAN,HUACAN,HUACAN,1,1,1,1,directory_consistent_candidate
1201050007,S12000250,JUNIN,HUANCAYO,CHACAPAMPA,PARCAHUARA,1201050007,PARCAHUARA,PARCAHUARA,PARCAHUARA,1,1,1,1,directory_consistent_candidate
1201050008,S12000248,JUNIN,HUANCAYO,CHACAPAMPA,ANTACOCHA,1201050008,ANTACOCHA,ANTACOCHA,ANTACOCHA,1,1,1,1,directory_consistent_candidate
1201050011,S12000658,JUNIN,HUANCAYO,HUANCAYO,SANTA ROSA,,SANTA ROSA,SANTA ROSA,,,1,1,,review_no_canonical_code
1201050012,S12000648,JUNIN,HUANCAYO,CHACAPAMPA,LOS ANGELES,1201050012,LOS ANGELES CENTRO,LOS ANGELES,LOS ANGELES,1,0,1,1,review_same_code_name
1201060001,S12000271,JUNIN,HUANCAYO,CHICCHE,CHICCHE,1201060001,CHICCHE,CHICCHE,CHICCHE,1,1,1,1,directory_consistent_candidate
1201060003,S12000270,JUNIN,HUANCAYO,CHICCHE,SANTA MAGDALENA,1201060003,SANTA MAGDALENA,SANTA MAGDALENA,SANTA MAGDALENA,1,1,1,1,directory_consistent_candidate
1201060005,S12000268,JUNIN,HUANCAYO,CHICCHE,SANTA ROSA DE HUACRAMAZANA,1201060005,SANTA ROSA DE HUACRAMASANA,SANTA ROSA DE HUACRAMAZANA,SANTA ROSA DE HUACRAMAZANA,1,0,1,1,review_same_code_name
1201060007,S12000269,JUNIN,HUANCAYO,CHICCHE,QUISHUAR,1201060007,QUISHUAR,QUISUAR,QUISUAR,1,1,0,0,review_same_code_name
1201060008,S12000267,JUNIN,HUANCAYO,CHICCHE,YANAYANA,1201060008,YANAYANA NUEVA,YANAYANA NUEVA,YANAYANA NUEVA,1,0,0,0,review_same_code_name
1201060009,S12000267,JUNIN,HUANCAYO,CHICCHE,YANAYANA,1201060008,YANAYANA VIEJA,YANAYANA VIEJA,YANAYANA NUEVA,0,0,0,0,review_code_change
1201070004,S12000636,JUNIN,HUANCAYO,CHILCA,AZAPAMPA,1201070004,AZAPAMPA,AZAPAMPA,AZAPAMPA,1,1,1,1,directory_consistent_candidate
1201070008,S12000637,JUNIN,HUANCAYO,CHILCA,LLAMUS,1201070008,LLAMUS,,,1,1,,,review_same_code_name
1201080001,S12000253,JUNIN,HUANCAYO,CHONGOS ALTO,CHONGOS ALTO,1201080001,CHONGOS ALTO,CHONGOS ALTO,CHONGOS ALTO,1,1,1,1,directory_consistent_candidate
1201080002,S12000256,JUNIN,HUANCAYO,CHONGOS ALTO,PALMAYOC,1201080002,PALMAYOC,PALMAYOC,PALMAYOC,1,1,1,1,directory_consistent_candidate
1201080004,S12000254,JUNIN,HUANCAYO,CHONGOS ALTO,LLAMAPSILLON,1201080004,LLAMAPSILLON,LLAMAPSILLON,LLAMAPSILLON,1,1,1,1,directory_consistent_candidate
1201080006,S12000255,JUNIN,HUANCAYO,CHONGOS ALTO,PALACO,1201080006,PALACO,PALACO,PALACO,1,1,1,1,directory_consistent_candidate
1201130001,S12000245,JUNIN,HUANCAYO,CULLHUAS,CULLHUAS,1201130001,CULLHUAS,CULLHUAS,CULLHUAS,1,1,1,1,directory_consistent_candidate
1201130002,S12000243,JUNIN,HUANCAYO,CULLHUAS,CHUAMBA,1201130002,CHUAMBA,CHUAMBA,CHUAMBA,1,1,1,1,directory_consistent_candidate
1201130006,S12000244,JUNIN,HUANCAYO,CULLHUAS,AZACRUZ,1201130006,AZACRUZ,AZACRUZ,AZACRUZ,1,1,1,1,directory_consistent_candidate
1201130014,S12000242,JUNIN,HUANCAYO,CULLHUAS,SAN PEDRO DE PIHUAS,1201130014,SAN PEDRO DE PIHUAS,SAN PEDRO DE PIHUAS,SAN PEDRO DE PIHUAS,1,1,1,1,directory_consistent_candidate
1201140004,S12000643,JUNIN,HUANCAYO,EL TAMBO,ANCALAYO,1201140004,ANCALAYO,ANCALAYO,ANCALAYO,1,1,1,1,directory_consistent_candidate
1201140005,S12000265,JUNIN,HUANCAYO,EL TAMBO,PACCHA,1201140005,PACCHA,PACCHA,PACCHA,1,1,1,1,directory_consistent_candidate
1201140006,S12000647,JUNIN,HUANCAYO,EL TAMBO,COCHAS CHICO,1201140006,COCHAS CHICO,COCHAS CHICO-COCHAS GRANDE,COCHAS CHICO-COCHAS GRANDE,1,1,0,0,review_same_code_name
1201140009,S12000663,JUNIN,HUANCAYO,EL TAMBO,SAÑOS GRANDE,1201140009,SAÑOS CHAUPI,,,1,0,,,review_same_code_name
1201140011,S12000266,JUNIN,HUANCAYO,EL TAMBO,CULLPA ALTA,1201140011,CULLPA ALTA,CULLPA ALTA,CULLPA ALTA,1,1,1,1,directory_consistent_candidate
1201140012,S12000649,JUNIN,HUANCAYO,EL TAMBO,CULLPA BAJA,1201140012,CULLPA BAJA,CULLPA BAJA,CULLPA BAJA,1,1,1,1,directory_consistent_candidate
1201140013,S12000645,JUNIN,HUANCAYO,EL TAMBO,AZA,1201140013,AZA,AZA,AZA,1,1,1,1,directory_consistent_candidate
1201140016,S12000656,JUNIN,HUANCAYO,EL TAMBO,LA CANTUTA,1201140016,LA CANTUTA,LA CANTUTA,LA CANTUTA,1,1,1,1,directory_consistent_candidate
1201190001,S12000669,JUNIN,HUANCAYO,HUANCAN,HUANCA,1201190001,HUANCAN,HUANCAN,HUANCAN,1,0,0,0,review_same_code_name
1201190008,S12000671,JUNIN,HUANCAYO,HUANCAN,HUARI,1201190008,CAJAS HUARI,HUARI,HUARI,1,0,1,1,review_same_code_name
1201240001,S12000291,JUNIN,HUANCAYO,PARIAHUANCA,LAMPA,1201240001,LAMPA,LAMPA,LAMPA,1,1,1,1,directory_consistent_candidate
1201240004,S12000292,JUNIN,HUANCAYO,PARIAHUANCA,LLACSAPIRCA,1201240004,LLACSAPIRCA,LLACSAPIRCA,LLACSAPIRCA,1,1,1,1,directory_consistent_candidate
1201240006,S12000740,JUNIN,HUANCAYO,PARIAHUANCA,HUAYCHULA,1201240006,HUAYCHULA,HUAYCHULA,HUAYCHULA,1,1,1,1,directory_consistent_candidate
1201240007,S12000302,JUNIN,HUANCAYO,PARIAHUANCA,ONZA,1201240007,ONZA,ONZA,ONZA,1,1,1,1,directory_consistent_candidate
1201240009,S12000343,JUNIN,HUANCAYO,PARIAHUANCA,MIOTAMBO,1201240009,MIO TAMBO,MIO TAMBO,MIO TAMBO,1,1,1,1,directory_consistent_candidate
1201240010,S12000293,JUNIN,HUANCAYO,PARIAHUANCA,LUCMA,1201240010,LUCMA,LUCMA,LUCMA,1,1,1,1,directory_consistent_candidate
1201240011,S12000301,JUNIN,HUANCAYO,PARIAHUANCA,SAN JUAN DE SUNTOL,1201240011,SUNTOL,SAN JUAN DE SUNTOL,SAN JUAN DE SUNTOL,1,0,1,1,review_same_code_name
1201240014,S12000298,JUNIN,HUANCAYO,PARIAHUANCA,CEDRUYO,1201240014,CEDRUYO,CEDRUYO,CEDRUYO,1,1,1,1,directory_consistent_candidate
1201240015,S12000285,JUNIN,HUANCAYO,PARIAHUANCA,SANTIAGO DE LAMPA,1201240015,SANTIAGO DE LAMPA,SANTIAGO DE LAMPA,SANTIAGO DE LAMPA,1,1,1,1,directory_consistent_candidate
1201240016,S12000299,JUNIN,HUANCAYO,PARIAHUANCA,HUASAPA,1201240016,HUASAPA,HUASAPA,HUASAPA,1,1,1,1,directory_consistent_candidate
1201240017,S12000289,JUNIN,HUANCAYO,PARIAHUANCA,SANTA ROSA DE ILA,1201240017,SANTA ROSA DE ILA,SANTA ROSA DE ILA,SANTA ROSA DE ILA,1,1,1,1,directory_consistent_candidate
1201240019,S12000518,JUNIN,HUANCAYO,PARIAHUANCA,PAHUAL,1201240019,PAHUAL,PAHUAL,PAHUAL,1,1,1,1,directory_consistent_candidate
1201240027,S12000519,JUNIN,HUANCAYO,PARIAHUANCA,VALLE PROGRESO,1201240027,VALLE PROGRESO,VALLE PROGRESO,VALLE PROGRESO,1,1,1,1,directory_consistent_candidate
1201240029,S12000300,JUNIN,HUANCAYO,PARIAHUANCA,CABRACANCHA CHICO,1201240029,CABRACANCHA,CABRACANCHA,CABRACANCHA,1,0,0,0,review_same_code_name
1201240031,S12000297,JUNIN,HUANCAYO,PARIAHUANCA,SAN JUAN DE CHUYAS,1201240031,SAN JUAN DE CHUYAS,SAN JUAN DE CHUYAS,SAN JUAN DE CHUYAS,1,1,1,1,directory_consistent_candidate
1201240033,S12000295,JUNIN,HUANCAYO,PARIAHUANCA,PARIAHUANCA,1201240033,PARIAHUANCA,PARIAHUANCA,PARIAHUANCA,1,1,1,1,directory_consistent_candidate
1201240039,S12000733,JUNIN,HUANCAYO,PARIAHUANCA,ROCCHAC,1201240039,ROCCHAC,ROCCHAC,ROCCHAC,1,1,1,1,directory_consistent_candidate
1201240040,S12000294,JUNIN,HUANCAYO,PARIAHUANCA,PANTI,1201240040,PANTI,PANTI,PANTI,1,1,1,1,directory_consistent_candidate
1201240041,S12000290,JUNIN,HUANCAYO,PARIAHUANCA,LIBERTAD DE OCCORO,1201240041,LIBERTAD DE OCCORO,LIBERTAD DE OCCORO,LIBERTAD DE OCCORO,1,1,1,1,directory_consistent_candidate
1201240044,S12000296,JUNIN,HUANCAYO,PARIAHUANCA,SAN BALVIN,1201240044,SAN BALVIN,SAN BALVIN,SAN BALVIN,1,1,1,1,directory_consistent_candidate
1201240045,S12000286,JUNIN,HUANCAYO,PARIAHUANCA,ANTARPA CHICO,1201240045,ANTARPA CHICO,ANTARPA CHICO,ANTARPA CHICO,1,1,1,1,directory_consistent_candidate
1201240049,S12000342,JUNIN,HUANCAYO,PARIAHUANCA,ANTARPA GRANDE,1201240049,ANTARPA GRANDE,ANTARPA GRANDE,ANTARPA GRANDE,1,1,1,1,directory_consistent_candidate
1201240055,S12000739,JUNIN,HUANCAYO,PARIAHUANCA,PANTI PUCACOCHA,1201240055,PANTI - PUCACOCHA,PANTI - PUCACOCHA,PANTI - PUCACOCHA,1,1,1,1,directory_consistent_candidate
1201260001,S12000521,JUNIN,HUANCAYO,PUCARA,PUCARA,1201260001,PUCARA,PUCARA,PUCARA,1,1,1,1,directory_consistent_candidate
1201260003,S12000520,JUNIN,HUANCAYO,PUCARA,ASCA,1201260003,ASCA,ASCA,ASCA,1,1,1,1,directory_consistent_candidate
1201260010,S12000264,JUNIN,HUANCAYO,PUCARA,TALHUIS,1201260010,TALHUIS,TALHUIS,TALHUIS,1,1,1,1,directory_consistent_candidate
1201260012,S12000263,JUNIN,HUANCAYO,PUCARA,JATUN SUCLLA,1201260012,SUCLLA,JATUN SUCLLA,JATUN SUCLLA,1,0,1,1,review_same_code_name
1201280001,S12000272,JUNIN,HUANCAYO,QUILCAS,QUILCAS,1201280001,QUILCAS,QUILCAS,QUILCAS,1,1,1,1,directory_consistent_candidate
1201280027,S12000346,JUNIN,HUANCAYO,QUILCAS,ÑAHINPUQUIO,1201280027,ÑAHINPUQUIO,ÑAHINPUQUIO,ÑAHINPUQUIO,1,1,1,1,directory_consistent_candidate
1201280029,S12000274,JUNIN,HUANCAYO,QUILCAS,RANGRA,1201280029,RANGRA,RANGRA,RANGRA,1,1,1,1,directory_consistent_candidate
1201280045,S12000273,JUNIN,HUANCAYO,QUILCAS,COLPAR,1201280045,COLPAR,COLPAR,COLPAR,1,1,1,1,directory_consistent_candidate
1201280053,S12000345,JUNIN,HUANCAYO,QUILCAS,LLACTA,1201280053,LLACTA,LLACTA,LLACTA,1,1,1,1,directory_consistent_candidate
1201320002,S12000577,JUNIN,HUANCAYO,SANO,SIUSA,1201320002,SIUSA,,,1,1,,,review_same_code_name
1201320003,S12000576,JUNIN,HUANCAYO,SANO,SAN JOSE DE TISO,1201320003,SAN JOSE DE TISO,SAN JOSE DE TISO,SAN JOSE DE TISO,1,1,1,1,directory_consistent_candidate
1201330010,S12000659,JUNIN,HUANCAYO,EL TAMBO,SAN PEDRO,,SAN PEDRO,,,,1,,,review_no_canonical_code
1201350001,S12000193,JUNIN,HUANCAYO,SANTO DOMINGO DE ACOBAMBA,SANTO DOMINGO DE ACOBAMBA,1201350001,SANTO DOMINGO DE ACOBAMBA,SANTO DOMINGO DE ACOBAMBA,SANTO DOMINGO DE ACOBAMBA,1,1,1,1,directory_consistent_candidate
1201350002,S12000353,JUNIN,HUANCAYO,SANTO DOMINGO DE ACOBAMBA,MOYA,1201350002,MOYA,MOYA,MOYA,1,1,1,1,directory_consistent_candidate
1201350003,S12000578,JUNIN,HUANCAYO,SANTO DOMINGO DE ACOBAMBA,CALLANCA,1201350003,CALLANCA,CALLANCA,CALLANCA,1,1,1,1,directory_consistent_candidate
1201350004,S12000736,JUNIN,HUANCAYO,SANTO DOMINGO DE ACOBAMBA,NUEVA LIBERTAD DE PUNTO,1201350004,NUEVA LIBERTAD DE PUNTO,NUEVA LIBERTAD DE PUNTO,NUEVA LIBERTAD DE PUNTO,1,1,1,1,directory_consistent_candidate
1201350007,S12000189,JUNIN,HUANCAYO,SANTO DOMINGO DE ACOBAMBA,PACAYLAN,1201350007,UNION PACAYLAN,PACAYLAN,PACAYLAN,1,0,1,1,review_same_code_name
1201350008,S12000195,JUNIN,HUANCAYO,SANTO DOMINGO DE ACOBAMBA,AYÑO TOLEJALA,1201350008,AYÑO TOLEJALA,AYÑO TOLEJALA,AYÑO TOLEJALA,1,1,1,1,directory_consistent_candidate
1201350009,S12000355,JUNIN,HUANCAYO,SANTO DOMINGO DE ACOBAMBA,PAMPAHUASI,1201350009,PAMPAHUASI,PAMPAHUASI,PAMPAHUASI,1,1,1,1,directory_consistent_candidate
1201350011,S12000183,JUNIN,HUANCAYO,SANTO DOMINGO DE ACOBAMBA,LA LIBERTAD YUNCA,,LA LIBERTAD,NUEVA LIBERTAD,,,0,0,,review_no_canonical_code
1201350013,S12000363,JUNIN,HUANCAYO,SANTO DOMINGO DE ACOBAMBA,SANTA TERESITA DE ALEGRIA,1201350013,SANTA TERESITA DE ALEGRIA,SANTA TERESITA DE ALEGRIA,SANTA TERESITA DE ALEGRIA,1,1,1,1,directory_consistent_candidate
1201350015,S12000582,JUNIN,HUANCAYO,SANTO DOMINGO DE ACOBAMBA,SAN ANTONIO EN PAMPA,,SAN ANTONIO DE HUALCARA,SAN ANTONIO DE HUALCARA,,,0,0,,review_no_canonical_code
1201350016,S12000361,JUNIN,HUANCAYO,SANTO DOMINGO DE ACOBAMBA,SAN JOSE DE UNOC,1201350016,SAN JOSE DE UNOC,SAN JOSE DE UNOC,SAN JOSE DE UNOC,1,1,1,1,directory_consistent_candidate
1201350017,S12000191,JUNIN,HUANCAYO,SANTO DOMINGO DE ACOBAMBA,OXABAMBA,1201350017,OXABAMBA,OXABAMBA,OXABAMBA,1,1,1,1,directory_consistent_candidate
1201350018,S12000190,JUNIN,HUANCAYO,SANTO DOMINGO DE ACOBAMBA,ATICOCHA,1201350018,ATICOCHA,ATICOCHA,ATICOCHA,1,1,1,1,directory_consistent_candidate
1201350019,S12000194,JUNIN,HUANCAYO,SANTO DOMINGO DE ACOBAMBA,MATAPUQUIO,1201350019,MATAPUQUIO,MATAPUQUIO,MATAPUQUIO,1,1,1,1,directory_consistent_candidate
1201350020,S12000188,JUNIN,HUANCAYO,SANTO DOMINGO DE ACOBAMBA,YANABAMBA,1201350020,YANABAMBA,YANABAMBA,YANABAMBA,1,1,1,1,directory_consistent_candidate
1201350021,S12000522,JUNIN,HUANCAYO,SANTO DOMINGO DE ACOBAMBA,CARMEN ALTO,1201350021,CARMEN ALTO,CARMEN ALTO,CARMEN ALTO,1,1,1,1,directory_consistent_candidate
1201350022,S12000192,JUNIN,HUANCAYO,SANTO DOMINGO DE ACOBAMBA,MILOPATA,1201350022,MILOPATA,MILOPATA,MILOPATA,1,1,1,1,directory_consistent_candidate
1201350024,S12000186,JUNIN,HUANCAYO,SANTO DOMINGO DE ACOBAMBA,SANTIAGO DE OROPEL,1201350024,SANTIAGO DE OROPEL,SANTIAGO DE OROPEL,SANTIAGO DE OROPEL,1,1,1,1,directory_consistent_candidate
1201350025,S12000182,JUNIN,HUANCAYO,SANTO DOMINGO DE ACOBAMBA,DURAZNO PATA,1201350025,DURAZNO PATA,DURASNOPATA,DURASNOPATA,1,1,0,0,review_same_code_name
1201350027,S12000187,JUNIN,HUANCAYO,SANTO DOMINGO DE ACOBAMBA,SURCUBAMBA,1201350027,SURCUBAMBA,SURCUBAMBA,SURCUBAMBA,1,1,1,1,directory_consistent_candidate
1201350028,S12000581,JUNIN,HUANCAYO,SANTO DOMINGO DE ACOBAMBA,LILCANA,1201350028,LILCANA,LILCANA,LILCANA,1,1,1,1,directory_consistent_candidate
1201350029,S12000357,JUNIN,HUANCAYO,SANTO DOMINGO DE ACOBAMBA,PASLA BAJA,1201350029,PASLA BAJA,PASLA BAJA,PASLA BAJA,1,1,1,1,directory_consistent_candidate
1201350030,S12000356,JUNIN,HUANCAYO,SANTO DOMINGO DE ACOBAMBA,PASLA ALTA,1201350030,PASLA ALTA,PASLA ALTA,PASLA ALTA,1,1,1,1,directory_consistent_candidate
1201350031,S12000351,JUNIN,HUANCAYO,SANTO DOMINGO DE ACOBAMBA,SAN ISIDRO DE LANLA,1201350031,SAN ISIDRO DE LANLA,SAN ISIDRO DE LANLA,SAN ISIDRO DE LANLA,1,1,1,1,directory_consistent_candidate
1201350032,S12000360,JUNIN,HUANCAYO,SANTO DOMINGO DE ACOBAMBA,SAN BARTOLOME,1201350032,SAN BARTOLOME,SAN BARTOLOME,SAN BARTOLOME,1,1,1,1,directory_consistent_candidate
1201350033,S12000348,JUNIN,HUANCAYO,SANTO DOMINGO DE ACOBAMBA,SAN SEBASTIAN CHAMANABAMBA,1201350033,SAN SEBASTIAN DE CHAMANABAMBA,SAN SEBASTIAN CHAMANABAMBA,SAN SEBASTIAN CHAMANABAMBA,1,0,1,1,review_same_code_name
1201350034,S12000735,JUNIN,HUANCAYO,SANTO DOMINGO DE ACOBAMBA,SANTA ROSA DE ASTILLERIA,1201350034,SANTA ROSA DE ASTILLERIA,SANTA ROSA DE ASTILLERIA,SANTA ROSA DE ASTILLERIA,1,1,1,1,directory_consistent_candidate
1201350035,S12000354,JUNIN,HUANCAYO,SANTO DOMINGO DE ACOBAMBA,OTORONGO,1201350035,OTORONGO,OTORONGO,OTORONGO,1,1,1,1,directory_consistent_candidate
1201350037,S12000365,JUNIN,HUANCAYO,SANTO DOMINGO DE ACOBAMBA,YURACYACU,1201350037,YURAC YACU,YURACYACU,YURACYACU,1,1,1,1,directory_consistent_candidate
1201350038,S12000358,JUNIN,HUANCAYO,SANTO DOMINGO DE ACOBAMBA,ROSASPAMPA,1201350038,ROSAS PAMPA,ROSASPAMPA,ROSASPAMPA,1,1,1,1,directory_consistent_candidate
1201350039,S12000364,JUNIN,HUANCAYO,SANTO DOMINGO DE ACOBAMBA,UVAS PATA,1201350039,UVAS PATA,UVAS PATA,UVAS PATA,1,1,1,1,directory_consistent_candidate
1201350040,S12000352,JUNIN,HUANCAYO,SANTO DOMINGO DE ACOBAMBA,MATICHACRA,1201350040,MATICHACRA,MATICHACRA,MATICHACRA,1,1,1,1,directory_consistent_candidate
1201350041,S12000181,JUNIN,HUANCAYO,SANTO DOMINGO DE ACOBAMBA,BALCON,1201350041,BALCON,BALCON,BALCON,1,1,1,1,directory_consistent_candidate
1201350043,S12000362,JUNIN,HUANCAYO,SANTO DOMINGO DE ACOBAMBA,SANTA ROSA DE YUNCA CHAQUICOCHA,1201350043,SANTA ROSA DE CHAQUICOCHA,SANTA ROSA DE CHAQUICOCHA,SANTA ROSA DE CHAQUICOCHA,1,0,0,0,review_same_code_name
1201350044,S12000734,JUNIN,HUANCAYO,SANTO DOMINGO DE ACOBAMBA,CHAQUICOCHA PAMPA,1201350044,CHAQUICOCHA PAMPA,CHAQUICOCHA PAMPA,CHAQUICOCHA PAMPA,1,1,1,1,directory_consistent_candidate
1201350045,S12000185,JUNIN,HUANCAYO,SANTO DOMINGO DE ACOBAMBA,CHANCHAMAYO,1201350045,CHANCHAMAYO,CHANCHAMAYO,CHANCHAMAYO,1,1,1,1,directory_consistent_candidate
1201350046,S12000359,JUNIN,HUANCAYO,SANTO DOMINGO DE ACOBAMBA,SAN ANTONIO DE ALEGRIA,1201350046,SAN ANTONIO DE A LEGRIA,SAN ANTONIO DE A LEGRIA,SAN ANTONIO DE A LEGRIA,1,1,1,1,directory_consistent_candidate
1201350047,S12000184,JUNIN,HUANCAYO,SANTO DOMINGO DE ACOBAMBA,POTRERO,1201350047,POTRERO,POTRERO,POTRERO,1,1,1,1,directory_consistent_candidate
1201350049,S12000349,JUNIN,HUANCAYO,SANTO DOMINGO DE ACOBAMBA,HUANCAMAYO,1201350048,LA UNION,UNION HUANCAMAYO,CENTRO HUANCAMAYO,0,0,0,0,review_code_change
1201350051,S12000580,JUNIN,HUANCAYO,SANTO DOMINGO DE ACOBAMBA,LA LIBERTAD,1201350051,LA LIBERTAD,LA LIBERTAD,LA LIBERTAD,1,1,1,1,directory_consistent_candidate
1201350053,S12000347,JUNIN,HUANCAYO,SANTO DOMINGO DE ACOBAMBA,ACHIRAYO PAMPA,1201350053,ACHIRAYO PAMPA,ACHIRAYO PAMPA,ACHIRAYO PAMPA,1,1,1,1,directory_consistent_candidate
1308090076,S08000068,CUSCO,LA CONVENCION,VILCABAMBA,SAN FERNANDO,0809090257,SAN FERNANDO,SAN FERNANDO,,0,1,1,,review_code_change
