source_ccpp_code,ruv_id,match_method,evidence_source,validation,review_status,review_date,notes
0302020001,S03000003,canonical_code_and_legacy_path,canonical SISFOH crosswalk plus legacy RUV path,exact RUV path and victimization score,accepted,2026-08-13,Canonical source code and historical full path identify the same RUV row.
0302020006,S03000004,canonical_code_and_legacy_path,canonical SISFOH crosswalk plus legacy RUV path,exact RUV path and victimization score,accepted,2026-08-13,Canonical source code and historical full path identify the same RUV row.
0302020002,S03000005,canonical_code_and_legacy_path,canonical SISFOH crosswalk plus legacy RUV path,exact RUV path and victimization score,accepted,2026-08-13,Canonical source code and historical full path identify the same RUV row.
0302020026,S03000006,canonical_code_and_legacy_path,canonical SISFOH crosswalk plus legacy RUV path,exact RUV path and victimization score,accepted,2026-08-13,Canonical source code and historical full path identify the same RUV row.
0302050029,S03000007,canonical_code_and_legacy_path,canonical SISFOH crosswalk plus legacy RUV path,exact RUV path and victimization score,accepted,2026-08-13,Canonical source code and historical full path identify the same RUV row.
0302050027,S03000008,canonical_code_and_legacy_path,canonical SISFOH crosswalk plus legacy RUV path,exact RUV path and victimization score,accepted,2026-08-13,Canonical source code and historical full path identify the same RUV row.
0302050001,S03000009,canonical_code_and_legacy_path,canonical SISFOH crosswalk plus legacy RUV path,exact RUV path and victimization score,accepted,2026-08-13,Canonical source code and historical full path identify the same RUV row.
0302050006,S03000010,canonical_code_and_legacy_path,canonical SISFOH crosswalk plus legacy RUV path,exact RUV path and victimization score,accepted,2026-08-13,Canonical source code and historical full path identify the same RUV row.
0302050031,S03000011,canonical_code_and_legacy_path,canonical SISFOH crosswalk plus legacy RUV path,exact RUV path and victimization score,accepted,2026-08-13,Canonical source code and historical full path identify the same RUV row.
0302190004,S03000013,canonical_code_and_legacy_path,canonical SISFOH crosswalk plus legacy RUV path,exact RUV path and victimization score,accepted,2026-08-13,Canonical source code and historical full path identify the same RUV row.
0302190005,S03000014,canonical_code_and_legacy_path,canonical SISFOH crosswalk plus legacy RUV path,exact RUV path and victimization score,accepted,2026-08-13,Canonical source code and historical full path identify the same RUV row.
0302190001,S03000015,canonical_code_and_legacy_path,canonical SISFOH crosswalk plus legacy RUV path,exact RUV path and victimization score,accepted,2026-08-13,Canonical source code and historical full path identify the same RUV row.
0302190002,S03000016,canonical_code_and_legacy_path,canonical SISFOH crosswalk plus legacy RUV path,exact RUV path and victimization score,accepted,2026-08-13,Canonical source code and historical full path identify the same RUV row.
0302190009,S03000017,canonical_code_and_legacy_path,canonical SISFOH crosswalk plus legacy RUV path,exact RUV path and victimization score,accepted,2026-08-13,Canonical source code and historical full path identify the same RUV row.
0302190003,S03000018,canonical_code_and_legacy_path,canonical SISFOH crosswalk plus legacy RUV path,exact RUV path and victimization score,accepted,2026-08-13,Canonical source code and historical full path identify the same RUV row.
0302070008,S03000019,canonical_code_and_legacy_path,canonical SISFOH crosswalk plus legacy RUV path,exact RUV path and victimization score,accepted,2026-08-13,Canonical source code and historical full path identify the same RUV row.
0302070013,S03000020,canonical_code_and_legacy_path,canonical SISFOH crosswalk plus legacy RUV path,exact RUV path and victimization score,accepted,2026-08-13,Canonical source code and historical full path identify the same RUV row.
0302070014,S03000021,canonical_code_and_legacy_path,canonical SISFOH crosswalk plus legacy RUV path,exact RUV path and victimization score,accepted,2026-08-13,Canonical source code and historical full path identify the same RUV row.
0302070010,S03000022,canonical_code_and_legacy_path,canonical SISFOH crosswalk plus legacy RUV path,exact RUV path and victimization score,accepted,2026-08-13,Canonical source code and historical full path identify the same RUV row.
0302070024,S03000023,canonical_code_and_legacy_path,canonical SISFOH crosswalk plus legacy RUV path,exact RUV path and victimization score,accepted,2026-08-13,Canonical source code and historical full path identify the same RUV row.
0302070011,S03000024,legacy_full_path_exact,INEI delivery plus Dumez legacy RUV path,exact RUV path and victimization score,accepted,2026-08-13,Historical source code differs from the current SISFOH-RUV code map.
0302120036,S03000032,canonical_code_and_legacy_path,canonical SISFOH crosswalk plus legacy RUV path,exact RUV path and victimization score,accepted,2026-08-13,Canonical source code and historical full path identify the same RUV row.
0302120029,S03000033,canonical_code_and_legacy_path,canonical SISFOH crosswalk plus legacy RUV path,exact RUV path and victimization score,accepted,2026-08-13,Canonical source code and historical full path identify the same RUV row.
0302120033,S03000034,canonical_code_and_legacy_path,canonical SISFOH crosswalk plus legacy RUV path,exact RUV path and victimization score,accepted,2026-08-13,Canonical source code and historical full path identify the same RUV row.
0302120001,S03000035,canonical_code_and_legacy_path,canonical SISFOH crosswalk plus legacy RUV path,exact RUV path and victimization score,accepted,2026-08-13,Canonical source code and historical full path identify the same RUV row.
0302120004,S03000036,canonical_code_and_legacy_path,canonical SISFOH crosswalk plus legacy RUV path,exact RUV path and victimization score,accepted,2026-08-13,Canonical source code and historical full path identify the same RUV row.
0302120017,S03000037,canonical_code_and_legacy_path,canonical SISFOH crosswalk plus legacy RUV path,exact RUV path and victimization score,accepted,2026-08-13,Canonical source code and historical full path identify the same RUV row.
0302120027,S03000038,canonical_code_and_legacy_path,canonical SISFOH crosswalk plus legacy RUV path,exact RUV path and victimization score,accepted,2026-08-13,Canonical source code and historical full path identify the same RUV row.
0302120026,S03000039,canonical_code_and_legacy_path,canonical SISFOH crosswalk plus legacy RUV path,exact RUV path and victimization score,accepted,2026-08-13,Canonical source code and historical full path identify the same RUV row.
0302120030,S03000040,legacy_full_path_exact,INEI delivery plus Dumez legacy RUV path,exact RUV path and victimization score,accepted,2026-08-13,Historical source code differs from the current SISFOH-RUV code map.
0302120034,S03000041,canonical_code_and_legacy_path,canonical SISFOH crosswalk plus legacy RUV path,exact RUV path and victimization score,accepted,2026-08-13,Canonical source code and historical full path identify the same RUV row.
0302150035,S03000043,canonical_code_and_legacy_path,canonical SISFOH crosswalk plus legacy RUV path,exact RUV path and victimization score,accepted,2026-08-13,Canonical source code and historical full path identify the same RUV row.
0302150033,S03000044,canonical_code_and_legacy_path,canonical SISFOH crosswalk plus legacy RUV path,exact RUV path and victimization score,accepted,2026-08-13,Canonical source code and historical full path identify the same RUV row.
0302150029,S03000045,canonical_code_and_legacy_path,canonical SISFOH crosswalk plus legacy RUV path,exact RUV path and victimization score,accepted,2026-08-13,Canonical source code and historical full path identify the same RUV row.
0302150042,S03000046,legacy_full_path_exact,INEI delivery plus Dumez legacy RUV path,exact RUV path and victimization score,accepted,2026-08-13,Historical source code differs from the current SISFOH-RUV code map.
0302150009,S03000047,canonical_code_and_legacy_path,canonical SISFOH crosswalk plus legacy RUV path,exact RUV path and victimization score,accepted,2026-08-13,Canonical source code and historical full path identify the same RUV row.
0302150034,S03000048,canonical_code_and_legacy_path,canonical SISFOH crosswalk plus legacy RUV path,exact RUV path and victimization score,accepted,2026-08-13,Canonical source code and historical full path identify the same RUV row.
0302150011,S03000049,canonical_code_and_legacy_path,canonical SISFOH crosswalk plus legacy RUV path,exact RUV path and victimization score,accepted,2026-08-13,Canonical source code and historical full path identify the same RUV row.
0302180005,S03000051,canonical_code_and_legacy_path,canonical SISFOH crosswalk plus legacy RUV path,exact RUV path and victimization score,accepted,2026-08-13,Canonical source code and historical full path identify the same RUV row.
0302180016,S03000052,canonical_code_and_legacy_path,canonical SISFOH crosswalk plus legacy RUV path,exact RUV path and victimization score,accepted,2026-08-13,Canonical source code and historical full path identify the same RUV row.
0302180012,S03000053,canonical_code_and_legacy_path,canonical SISFOH crosswalk plus legacy RUV path,exact RUV path and victimization score,accepted,2026-08-13,Canonical source code and historical full path identify the same RUV row.
0302180003,S03000054,canonical_code_and_legacy_path,canonical SISFOH crosswalk plus legacy RUV path,exact RUV path and victimization score,accepted,2026-08-13,Canonical source code and historical full path identify the same RUV row.
0302180001,S03000055,canonical_code_and_legacy_path,canonical SISFOH crosswalk plus legacy RUV path,exact RUV path and victimization score,accepted,2026-08-13,Canonical source code and historical full path identify the same RUV row.
0306020001,S03000056,canonical_code_and_legacy_path,canonical SISFOH crosswalk plus legacy RUV path,exact RUV path and victimization score,accepted,2026-08-13,Canonical source code and historical full path identify the same RUV row.
0306010024,S03000057,canonical_code_and_legacy_path,canonical SISFOH crosswalk plus legacy RUV path,exact RUV path and victimization score,accepted,2026-08-13,Canonical source code and historical full path identify the same RUV row.
0306010014,S03000058,canonical_code_and_legacy_path,canonical SISFOH crosswalk plus legacy RUV path,exact RUV path and victimization score,accepted,2026-08-13,Canonical source code and historical full path identify the same RUV row.
0306040047,S03000072,canonical_code_and_legacy_path,canonical SISFOH crosswalk plus legacy RUV path,exact RUV path and victimization score,accepted,2026-08-13,Canonical source code and historical full path identify the same RUV row.
0306040127,S03000073,canonical_code_and_legacy_path,canonical SISFOH crosswalk plus legacy RUV path,exact RUV path and victimization score,accepted,2026-08-13,Canonical source code and historical full path identify the same RUV row.
0306040009,S03000074,canonical_code_and_legacy_path,canonical SISFOH crosswalk plus legacy RUV path,exact RUV path and victimization score,accepted,2026-08-13,Canonical source code and historical full path identify the same RUV row.
0306040012,S03000077,canonical_code_and_legacy_path,canonical SISFOH crosswalk plus legacy RUV path,exact RUV path and victimization score,accepted,2026-08-13,Canonical source code and historical full path identify the same RUV row.
0306040004,S03000080,canonical_code_and_legacy_path,canonical SISFOH crosswalk plus legacy RUV path,exact RUV path and victimization score,accepted,2026-08-13,Canonical source code and historical full path identify the same RUV row.
0306040023,S03000081,canonical_code_and_legacy_path,canonical SISFOH crosswalk plus legacy RUV path,exact RUV path and victimization score,accepted,2026-08-13,Canonical source code and historical full path identify the same RUV row.
0306050025,S03000082,canonical_code_and_legacy_path,canonical SISFOH crosswalk plus legacy RUV path,exact RUV path and victimization score,accepted,2026-08-13,Canonical source code and historical full path identify the same RUV row.
0306050029,S03000084,canonical_code_and_legacy_path,canonical SISFOH crosswalk plus legacy RUV path,exact RUV path and victimization score,accepted,2026-08-13,Canonical source code and historical full path identify the same RUV row.
0306060001,S03000086,canonical_code_and_legacy_path,canonical SISFOH crosswalk plus legacy RUV path,exact RUV path and victimization score,accepted,2026-08-13,Canonical source code and historical full path identify the same RUV row.
0306060018,S03000089,canonical_code_and_legacy_path,canonical SISFOH crosswalk plus legacy RUV path,exact RUV path and victimization score,accepted,2026-08-13,Canonical source code and historical full path identify the same RUV row.
0306060011,S03000092,canonical_code_and_legacy_path,canonical SISFOH crosswalk plus legacy RUV path,exact RUV path and victimization score,accepted,2026-08-13,Canonical source code and historical full path identify the same RUV row.
0306060012,S03000095,canonical_code_and_legacy_path,canonical SISFOH crosswalk plus legacy RUV path,exact RUV path and victimization score,accepted,2026-08-13,Canonical source code and historical full path identify the same RUV row.
0306060003,S03000096,canonical_code_and_legacy_path,canonical SISFOH crosswalk plus legacy RUV path,exact RUV path and victimization score,accepted,2026-08-13,Canonical source code and historical full path identify the same RUV row.
0301030026,S03000105,canonical_code_and_legacy_path,canonical SISFOH crosswalk plus legacy RUV path,exact RUV path and victimization score,accepted,2026-08-13,Canonical source code and historical full path identify the same RUV row.
0301030009,S03000106,legacy_full_path_exact,INEI delivery plus Dumez legacy RUV path,exact RUV path and victimization score,accepted,2026-08-13,Historical source code differs from the current SISFOH-RUV code map.
0301040075,S03000107,canonical_code_and_legacy_path,canonical SISFOH crosswalk plus legacy RUV path,exact RUV path and victimization score,accepted,2026-08-13,Canonical source code and historical full path identify the same RUV row.
0301040061,S03000108,canonical_code_and_legacy_path,canonical SISFOH crosswalk plus legacy RUV path,exact RUV path and victimization score,accepted,2026-08-13,Canonical source code and historical full path identify the same RUV row.
0301040104,S03000109,legacy_full_path_exact,INEI delivery plus Dumez legacy RUV path,exact RUV path and victimization score,accepted,2026-08-13,Historical source code differs from the current SISFOH-RUV code map.
0301060010,S03000110,canonical_code_and_legacy_path,canonical SISFOH crosswalk plus legacy RUV path,exact RUV path and victimization score,accepted,2026-08-13,Canonical source code and historical full path identify the same RUV row.
0301060022,S03000111,canonical_code_and_legacy_path,canonical SISFOH crosswalk plus legacy RUV path,exact RUV path and victimization score,accepted,2026-08-13,Canonical source code and historical full path identify the same RUV row.
0301060001,S03000112,canonical_code_and_legacy_path,canonical SISFOH crosswalk plus legacy RUV path,exact RUV path and victimization score,accepted,2026-08-13,Canonical source code and historical full path identify the same RUV row.
0301060033,S03000113,canonical_code_and_legacy_path,canonical SISFOH crosswalk plus legacy RUV path,exact RUV path and victimization score,accepted,2026-08-13,Canonical source code and historical full path identify the same RUV row.
0301060039,S03000114,canonical_code_and_legacy_path,canonical SISFOH crosswalk plus legacy RUV path,exact RUV path and victimization score,accepted,2026-08-13,Canonical source code and historical full path identify the same RUV row.
0301070038,S03000115,canonical_code_and_legacy_path,canonical SISFOH crosswalk plus legacy RUV path,exact RUV path and victimization score,accepted,2026-08-13,Canonical source code and historical full path identify the same RUV row.
0301010009,S03000116,canonical_code_and_legacy_path,canonical SISFOH crosswalk plus legacy RUV path,exact RUV path and victimization score,accepted,2026-08-13,Canonical source code and historical full path identify the same RUV row.
0301010043,S03000117,legacy_full_path_exact,INEI delivery plus Dumez legacy RUV path,exact RUV path and victimization score,accepted,2026-08-13,Historical source code differs from the current SISFOH-RUV code map.
0301010022,S03000118,canonical_code_and_legacy_path,canonical SISFOH crosswalk plus legacy RUV path,exact RUV path and victimization score,accepted,2026-08-13,Canonical source code and historical full path identify the same RUV row.
0301010012,S03000119,canonical_code_and_legacy_path,canonical SISFOH crosswalk plus legacy RUV path,exact RUV path and victimization score,accepted,2026-08-13,Canonical source code and historical full path identify the same RUV row.
0301010007,S03000120,canonical_code_and_legacy_path,canonical SISFOH crosswalk plus legacy RUV path,exact RUV path and victimization score,accepted,2026-08-13,Canonical source code and historical full path identify the same RUV row.
0301010017,S03000121,canonical_code_and_legacy_path,canonical SISFOH crosswalk plus legacy RUV path,exact RUV path and victimization score,accepted,2026-08-13,Canonical source code and historical full path identify the same RUV row.
0301030001,S03000122,canonical_code_and_legacy_path,canonical SISFOH crosswalk plus legacy RUV path,exact RUV path and victimization score,accepted,2026-08-13,Canonical source code and historical full path identify the same RUV row.
0301040089,S03000123,canonical_code_and_legacy_path,canonical SISFOH crosswalk plus legacy RUV path,exact RUV path and victimization score,accepted,2026-08-13,Canonical source code and historical full path identify the same RUV row.
0301040029,S03000124,canonical_code_and_legacy_path,canonical SISFOH crosswalk plus legacy RUV path,exact RUV path and victimization score,accepted,2026-08-13,Canonical source code and historical full path identify the same RUV row.
0301040035,S03000126,canonical_code_and_legacy_path,canonical SISFOH crosswalk plus legacy RUV path,exact RUV path and victimization score,accepted,2026-08-13,Canonical source code and historical full path identify the same RUV row.
0301040043,S03000127,canonical_code_and_legacy_path,canonical SISFOH crosswalk plus legacy RUV path,exact RUV path and victimization score,accepted,2026-08-13,Canonical source code and historical full path identify the same RUV row.
0301040074,S03000128,canonical_code_and_legacy_path,canonical SISFOH crosswalk plus legacy RUV path,exact RUV path and victimization score,accepted,2026-08-13,Canonical source code and historical full path identify the same RUV row.
0301040016,S03000129,canonical_code_and_legacy_path,canonical SISFOH crosswalk plus legacy RUV path,exact RUV path and victimization score,accepted,2026-08-13,Canonical source code and historical full path identify the same RUV row.
0301040023,S03000130,canonical_code_and_legacy_path,canonical SISFOH crosswalk plus legacy RUV path,exact RUV path and victimization score,accepted,2026-08-13,Canonical source code and historical full path identify the same RUV row.
0301070017,S03000132,canonical_code_and_legacy_path,canonical SISFOH crosswalk plus legacy RUV path,exact RUV path and victimization score,accepted,2026-08-13,Canonical source code and historical full path identify the same RUV row.
0301070001,S03000133,canonical_code_and_legacy_path,canonical SISFOH crosswalk plus legacy RUV path,exact RUV path and victimization score,accepted,2026-08-13,Canonical source code and historical full path identify the same RUV row.
0301010044,S03000137,canonical_code_and_legacy_path,canonical SISFOH crosswalk plus legacy RUV path,exact RUV path and victimization score,accepted,2026-08-13,Canonical source code and historical full path identify the same RUV row.
0301010039,S03000139,canonical_code_and_legacy_path,canonical SISFOH crosswalk plus legacy RUV path,exact RUV path and victimization score,accepted,2026-08-13,Canonical source code and historical full path identify the same RUV row.
0301010045,S03000141,canonical_code_and_legacy_path,canonical SISFOH crosswalk plus legacy RUV path,exact RUV path and victimization score,accepted,2026-08-13,Canonical source code and historical full path identify the same RUV row.
0301070029,S03000144,canonical_code_and_legacy_path,canonical SISFOH crosswalk plus legacy RUV path,exact RUV path and victimization score,accepted,2026-08-13,Canonical source code and historical full path identify the same RUV row.
0303030001,S03000146,canonical_code_and_legacy_path,canonical SISFOH crosswalk plus legacy RUV path,exact RUV path and victimization score,accepted,2026-08-13,Canonical source code and historical full path identify the same RUV row.
0303030031,S03000147,canonical_code_and_legacy_path,canonical SISFOH crosswalk plus legacy RUV path,exact RUV path and victimization score,accepted,2026-08-13,Canonical source code and historical full path identify the same RUV row.
0303030004,S03000165,canonical_code_and_legacy_path,canonical SISFOH crosswalk plus legacy RUV path,exact RUV path and victimization score,accepted,2026-08-13,Canonical source code and historical full path identify the same RUV row.
0303030018,S03000167,canonical_code_and_legacy_path,canonical SISFOH crosswalk plus legacy RUV path,exact RUV path and victimization score,accepted,2026-08-13,Canonical source code and historical full path identify the same RUV row.
0301030015,S03000169,legacy_full_path_exact,INEI delivery plus Dumez legacy RUV path,exact RUV path and victimization score,accepted,2026-08-13,Historical source code differs from the current SISFOH-RUV code map.
0303030007,S03000170,canonical_code_and_legacy_path,canonical SISFOH crosswalk plus legacy RUV path,exact RUV path and victimization score,accepted,2026-08-13,Canonical source code and historical full path identify the same RUV row.
0304010005,S03000173,canonical_code_and_legacy_path,canonical SISFOH crosswalk plus legacy RUV path,exact RUV path and victimization score,accepted,2026-08-13,Canonical source code and historical full path identify the same RUV row.
0304010003,S03000174,canonical_code_and_legacy_path,canonical SISFOH crosswalk plus legacy RUV path,exact RUV path and victimization score,accepted,2026-08-13,Canonical source code and historical full path identify the same RUV row.
0304010028,S03000176,canonical_code_and_legacy_path,canonical SISFOH crosswalk plus legacy RUV path,exact RUV path and victimization score,accepted,2026-08-13,Canonical source code and historical full path identify the same RUV row.
0304010007,S03000177,canonical_code_and_legacy_path,canonical SISFOH crosswalk plus legacy RUV path,exact RUV path and victimization score,accepted,2026-08-13,Canonical source code and historical full path identify the same RUV row.
0304010030,S03000178,canonical_code_and_legacy_path,canonical SISFOH crosswalk plus legacy RUV path,exact RUV path and victimization score,accepted,2026-08-13,Canonical source code and historical full path identify the same RUV row.
0304140001,S03000182,canonical_code_and_legacy_path,canonical SISFOH crosswalk plus legacy RUV path,exact RUV path and victimization score,accepted,2026-08-13,Canonical source code and historical full path identify the same RUV row.
0304160006,S03000184,canonical_code_and_legacy_path,canonical SISFOH crosswalk plus legacy RUV path,exact RUV path and victimization score,accepted,2026-08-13,Canonical source code and historical full path identify the same RUV row.
0304160003,S03000185,canonical_code_and_legacy_path,canonical SISFOH crosswalk plus legacy RUV path,exact RUV path and victimization score,accepted,2026-08-13,Canonical source code and historical full path identify the same RUV row.
0304010022,S03000189,canonical_code_and_legacy_path,canonical SISFOH crosswalk plus legacy RUV path,exact RUV path and victimization score,accepted,2026-08-13,Canonical source code and historical full path identify the same RUV row.
0304060001,S03000191,canonical_code_and_legacy_path,canonical SISFOH crosswalk plus legacy RUV path,exact RUV path and victimization score,accepted,2026-08-13,Canonical source code and historical full path identify the same RUV row.
0304060031,S03000192,canonical_code_and_legacy_path,canonical SISFOH crosswalk plus legacy RUV path,exact RUV path and victimization score,accepted,2026-08-13,Canonical source code and historical full path identify the same RUV row.
0304060011,S03000193,canonical_code_and_legacy_path,canonical SISFOH crosswalk plus legacy RUV path,exact RUV path and victimization score,accepted,2026-08-13,Canonical source code and historical full path identify the same RUV row.
0304060062,S03000194,canonical_code_and_legacy_path,canonical SISFOH crosswalk plus legacy RUV path,exact RUV path and victimization score,accepted,2026-08-13,Canonical source code and historical full path identify the same RUV row.
0304080009,S03000197,canonical_code_and_legacy_path,canonical SISFOH crosswalk plus legacy RUV path,exact RUV path and victimization score,accepted,2026-08-13,Canonical source code and historical full path identify the same RUV row.
0304090011,S03000198,canonical_code_and_legacy_path,canonical SISFOH crosswalk plus legacy RUV path,exact RUV path and victimization score,accepted,2026-08-13,Canonical source code and historical full path identify the same RUV row.
0304090001,S03000199,canonical_code_and_legacy_path,canonical SISFOH crosswalk plus legacy RUV path,exact RUV path and victimization score,accepted,2026-08-13,Canonical source code and historical full path identify the same RUV row.
0304090045,S03000200,canonical_code_and_legacy_path,canonical SISFOH crosswalk plus legacy RUV path,exact RUV path and victimization score,accepted,2026-08-13,Canonical source code and historical full path identify the same RUV row.
0304160002,S03000201,canonical_code_and_legacy_path,canonical SISFOH crosswalk plus legacy RUV path,exact RUV path and victimization score,accepted,2026-08-13,Canonical source code and historical full path identify the same RUV row.
0304160001,S03000202,canonical_code_and_legacy_path,canonical SISFOH crosswalk plus legacy RUV path,exact RUV path and victimization score,accepted,2026-08-13,Canonical source code and historical full path identify the same RUV row.
0304170001,S03000203,canonical_code_and_legacy_path,canonical SISFOH crosswalk plus legacy RUV path,exact RUV path and victimization score,accepted,2026-08-13,Canonical source code and historical full path identify the same RUV row.
0307020003,S03000206,canonical_code_and_legacy_path,canonical SISFOH crosswalk plus legacy RUV path,exact RUV path and victimization score,accepted,2026-08-13,Canonical source code and historical full path identify the same RUV row.
0307010037,S03000207,canonical_code_and_legacy_path,canonical SISFOH crosswalk plus legacy RUV path,exact RUV path and victimization score,accepted,2026-08-13,Canonical source code and historical full path identify the same RUV row.
0307010025,S03000208,canonical_code_and_legacy_path,canonical SISFOH crosswalk plus legacy RUV path,exact RUV path and victimization score,accepted,2026-08-13,Canonical source code and historical full path identify the same RUV row.
0307010019,S03000209,canonical_code_and_legacy_path,canonical SISFOH crosswalk plus legacy RUV path,exact RUV path and victimization score,accepted,2026-08-13,Canonical source code and historical full path identify the same RUV row.
0307080030,S03000211,canonical_code_and_legacy_path,canonical SISFOH crosswalk plus legacy RUV path,exact RUV path and victimization score,accepted,2026-08-13,Canonical source code and historical full path identify the same RUV row.
0307080029,S03000212,legacy_full_path_exact,INEI delivery plus Dumez legacy RUV path,exact RUV path and victimization score,accepted,2026-08-13,Historical source code differs from the current SISFOH-RUV code map.
0307080019,S03000212,legacy_full_path_exact,INEI delivery plus Dumez legacy RUV path,exact RUV path and victimization score,accepted,2026-08-13,Historical source code differs from the current SISFOH-RUV code map.
0307080008,S03000213,canonical_code_and_legacy_path,canonical SISFOH crosswalk plus legacy RUV path,exact RUV path and victimization score,accepted,2026-08-13,Canonical source code and historical full path identify the same RUV row.
0307080002,S03000214,canonical_code_and_legacy_path,canonical SISFOH crosswalk plus legacy RUV path,exact RUV path and victimization score,accepted,2026-08-13,Canonical source code and historical full path identify the same RUV row.
0307140021,S03000215,canonical_code_and_legacy_path,canonical SISFOH crosswalk plus legacy RUV path,exact RUV path and victimization score,accepted,2026-08-13,Canonical source code and historical full path identify the same RUV row.
0307140013,S03000216,canonical_code_and_legacy_path,canonical SISFOH crosswalk plus legacy RUV path,exact RUV path and victimization score,accepted,2026-08-13,Canonical source code and historical full path identify the same RUV row.
0307140001,S03000217,canonical_code_and_legacy_path,canonical SISFOH crosswalk plus legacy RUV path,exact RUV path and victimization score,accepted,2026-08-13,Canonical source code and historical full path identify the same RUV row.
0307140020,S03000218,canonical_code_and_legacy_path,canonical SISFOH crosswalk plus legacy RUV path,exact RUV path and victimization score,accepted,2026-08-13,Canonical source code and historical full path identify the same RUV row.
0307020014,S03000220,canonical_code_and_legacy_path,canonical SISFOH crosswalk plus legacy RUV path,exact RUV path and victimization score,accepted,2026-08-13,Canonical source code and historical full path identify the same RUV row.
0307010063,S03000221,canonical_code_and_legacy_path,canonical SISFOH crosswalk plus legacy RUV path,exact RUV path and victimization score,accepted,2026-08-13,Canonical source code and historical full path identify the same RUV row.
0307010047,S03000222,canonical_code_and_legacy_path,canonical SISFOH crosswalk plus legacy RUV path,exact RUV path and victimization score,accepted,2026-08-13,Canonical source code and historical full path identify the same RUV row.
0307010043,S03000223,canonical_code_and_legacy_path,canonical SISFOH crosswalk plus legacy RUV path,exact RUV path and victimization score,accepted,2026-08-13,Canonical source code and historical full path identify the same RUV row.
0307040012,S03000224,canonical_code_and_legacy_path,canonical SISFOH crosswalk plus legacy RUV path,exact RUV path and victimization score,accepted,2026-08-13,Canonical source code and historical full path identify the same RUV row.
0307030035,S03000227,canonical_code_and_legacy_path,canonical SISFOH crosswalk plus legacy RUV path,exact RUV path and victimization score,accepted,2026-08-13,Canonical source code and historical full path identify the same RUV row.
0307030002,S03000228,canonical_code_and_legacy_path,canonical SISFOH crosswalk plus legacy RUV path,exact RUV path and victimization score,accepted,2026-08-13,Canonical source code and historical full path identify the same RUV row.
0307030030,S03000229,canonical_code_and_legacy_path,canonical SISFOH crosswalk plus legacy RUV path,exact RUV path and victimization score,accepted,2026-08-13,Canonical source code and historical full path identify the same RUV row.
0307030019,S03000230,canonical_code_and_legacy_path,canonical SISFOH crosswalk plus legacy RUV path,exact RUV path and victimization score,accepted,2026-08-13,Canonical source code and historical full path identify the same RUV row.
0307030031,S03000231,canonical_code_and_legacy_path,canonical SISFOH crosswalk plus legacy RUV path,exact RUV path and victimization score,accepted,2026-08-13,Canonical source code and historical full path identify the same RUV row.
0307030015,S03000232,canonical_code_and_legacy_path,canonical SISFOH crosswalk plus legacy RUV path,exact RUV path and victimization score,accepted,2026-08-13,Canonical source code and historical full path identify the same RUV row.
0307030001,S03000233,canonical_code_and_legacy_path,canonical SISFOH crosswalk plus legacy RUV path,exact RUV path and victimization score,accepted,2026-08-13,Canonical source code and historical full path identify the same RUV row.
0307030023,S03000234,canonical_code_and_legacy_path,canonical SISFOH crosswalk plus legacy RUV path,exact RUV path and victimization score,accepted,2026-08-13,Canonical source code and historical full path identify the same RUV row.
0307080001,S03000236,canonical_code_and_legacy_path,canonical SISFOH crosswalk plus legacy RUV path,exact RUV path and victimization score,accepted,2026-08-13,Canonical source code and historical full path identify the same RUV row.
0307080007,S03000237,canonical_code_and_legacy_path,canonical SISFOH crosswalk plus legacy RUV path,exact RUV path and victimization score,accepted,2026-08-13,Canonical source code and historical full path identify the same RUV row.
0307080005,S03000238,legacy_full_path_exact,INEI delivery plus Dumez legacy RUV path,exact RUV path and victimization score,accepted,2026-08-13,Historical source code differs from the current SISFOH-RUV code map.
0307080021,S03000240,canonical_code_and_legacy_path,canonical SISFOH crosswalk plus legacy RUV path,exact RUV path and victimization score,accepted,2026-08-13,Canonical source code and historical full path identify the same RUV row.
0307080014,S03000246,canonical_code_and_legacy_path,canonical SISFOH crosswalk plus legacy RUV path,exact RUV path and victimization score,accepted,2026-08-13,Canonical source code and historical full path identify the same RUV row.
0307110001,S03000253,canonical_code_and_legacy_path,canonical SISFOH crosswalk plus legacy RUV path,exact RUV path and victimization score,accepted,2026-08-13,Canonical source code and historical full path identify the same RUV row.
0305020012,S03000254,canonical_code_and_legacy_path,canonical SISFOH crosswalk plus legacy RUV path,exact RUV path and victimization score,accepted,2026-08-13,Canonical source code and historical full path identify the same RUV row.
0305040141,S03000256,canonical_code_and_legacy_path,canonical SISFOH crosswalk plus legacy RUV path,exact RUV path and victimization score,accepted,2026-08-13,Canonical source code and historical full path identify the same RUV row.
0305010033,S03000257,canonical_code_and_legacy_path,canonical SISFOH crosswalk plus legacy RUV path,exact RUV path and victimization score,accepted,2026-08-13,Canonical source code and historical full path identify the same RUV row.
0305010005,S03000258,canonical_code_and_legacy_path,canonical SISFOH crosswalk plus legacy RUV path,exact RUV path and victimization score,accepted,2026-08-13,Canonical source code and historical full path identify the same RUV row.
0305010078,S03000259,canonical_code_and_legacy_path,canonical SISFOH crosswalk plus legacy RUV path,exact RUV path and victimization score,accepted,2026-08-13,Canonical source code and historical full path identify the same RUV row.
0305010064,S03000260,canonical_code_and_legacy_path,canonical SISFOH crosswalk plus legacy RUV path,exact RUV path and victimization score,accepted,2026-08-13,Canonical source code and historical full path identify the same RUV row.
0305010076,S03000261,canonical_code_and_legacy_path,canonical SISFOH crosswalk plus legacy RUV path,exact RUV path and victimization score,accepted,2026-08-13,Canonical source code and historical full path identify the same RUV row.
0305010127,S03000262,legacy_full_path_exact,INEI delivery plus Dumez legacy RUV path,exact RUV path and victimization score,accepted,2026-08-13,Historical source code differs from the current SISFOH-RUV code map.
0305020016,S03000263,canonical_code_and_legacy_path,canonical SISFOH crosswalk plus legacy RUV path,exact RUV path and victimization score,accepted,2026-08-13,Canonical source code and historical full path identify the same RUV row.
0305020003,S03000264,canonical_code_and_legacy_path,canonical SISFOH crosswalk plus legacy RUV path,exact RUV path and victimization score,accepted,2026-08-13,Canonical source code and historical full path identify the same RUV row.
0305020015,S03000265,canonical_code_and_legacy_path,canonical SISFOH crosswalk plus legacy RUV path,exact RUV path and victimization score,accepted,2026-08-13,Canonical source code and historical full path identify the same RUV row.
0305020028,S03000266,canonical_code_and_legacy_path,canonical SISFOH crosswalk plus legacy RUV path,exact RUV path and victimization score,accepted,2026-08-13,Canonical source code and historical full path identify the same RUV row.
0305040056,S03000272,legacy_full_path_exact,INEI delivery plus Dumez legacy RUV path,exact RUV path and victimization score,accepted,2026-08-13,Historical source code differs from the current SISFOH-RUV code map.
0305040039,S03000273,canonical_code_and_legacy_path,canonical SISFOH crosswalk plus legacy RUV path,exact RUV path and victimization score,accepted,2026-08-13,Canonical source code and historical full path identify the same RUV row.
0305040001,S03000274,canonical_code_and_legacy_path,canonical SISFOH crosswalk plus legacy RUV path,exact RUV path and victimization score,accepted,2026-08-13,Canonical source code and historical full path identify the same RUV row.
0305010048,S03000275,canonical_code_and_legacy_path,canonical SISFOH crosswalk plus legacy RUV path,exact RUV path and victimization score,accepted,2026-08-13,Canonical source code and historical full path identify the same RUV row.
0305010019,S03000276,canonical_code_and_legacy_path,canonical SISFOH crosswalk plus legacy RUV path,exact RUV path and victimization score,accepted,2026-08-13,Canonical source code and historical full path identify the same RUV row.
0305010080,S03000277,legacy_full_path_exact,INEI delivery plus Dumez legacy RUV path,exact RUV path and victimization score,accepted,2026-08-13,Historical source code differs from the current SISFOH-RUV code map.
0305010034,S03000278,canonical_code_and_legacy_path,canonical SISFOH crosswalk plus legacy RUV path,exact RUV path and victimization score,accepted,2026-08-13,Canonical source code and historical full path identify the same RUV row.
0305060106,S03000280,legacy_full_path_exact,INEI delivery plus Dumez legacy RUV path,exact RUV path and victimization score,accepted,2026-08-13,Historical source code differs from the current SISFOH-RUV code map.
0305060010,S03000281,canonical_code_and_legacy_path,canonical SISFOH crosswalk plus legacy RUV path,exact RUV path and victimization score,accepted,2026-08-13,Canonical source code and historical full path identify the same RUV row.
0305060001,S03000282,canonical_code_and_legacy_path,canonical SISFOH crosswalk plus legacy RUV path,exact RUV path and victimization score,accepted,2026-08-13,Canonical source code and historical full path identify the same RUV row.
0305060009,S03000283,canonical_code_and_legacy_path,canonical SISFOH crosswalk plus legacy RUV path,exact RUV path and victimization score,accepted,2026-08-13,Canonical source code and historical full path identify the same RUV row.
0305060053,S03000284,canonical_code_and_legacy_path,canonical SISFOH crosswalk plus legacy RUV path,exact RUV path and victimization score,accepted,2026-08-13,Canonical source code and historical full path identify the same RUV row.
0305060042,S03000285,canonical_code_and_legacy_path,canonical SISFOH crosswalk plus legacy RUV path,exact RUV path and victimization score,accepted,2026-08-13,Canonical source code and historical full path identify the same RUV row.
0305040052,S03000286,canonical_code_and_legacy_path,canonical SISFOH crosswalk plus legacy RUV path,exact RUV path and victimization score,accepted,2026-08-13,Canonical source code and historical full path identify the same RUV row.
0305040072,S03000287,canonical_code_and_legacy_path,canonical SISFOH crosswalk plus legacy RUV path,exact RUV path and victimization score,accepted,2026-08-13,Canonical source code and historical full path identify the same RUV row.
0305040102,S03000288,canonical_code_and_legacy_path,canonical SISFOH crosswalk plus legacy RUV path,exact RUV path and victimization score,accepted,2026-08-13,Canonical source code and historical full path identify the same RUV row.
0305040110,S03000289,canonical_code_and_legacy_path,canonical SISFOH crosswalk plus legacy RUV path,exact RUV path and victimization score,accepted,2026-08-13,Canonical source code and historical full path identify the same RUV row.
0305040093,S03000290,canonical_code_and_legacy_path,canonical SISFOH crosswalk plus legacy RUV path,exact RUV path and victimization score,accepted,2026-08-13,Canonical source code and historical full path identify the same RUV row.
0305040061,S03000291,canonical_code_and_legacy_path,canonical SISFOH crosswalk plus legacy RUV path,exact RUV path and victimization score,accepted,2026-08-13,Canonical source code and historical full path identify the same RUV row.
0305040121,S03000292,canonical_code_and_legacy_path,canonical SISFOH crosswalk plus legacy RUV path,exact RUV path and victimization score,accepted,2026-08-13,Canonical source code and historical full path identify the same RUV row.
0305040037,S03000293,canonical_code_and_legacy_path,canonical SISFOH crosswalk plus legacy RUV path,exact RUV path and victimization score,accepted,2026-08-13,Canonical source code and historical full path identify the same RUV row.
0305050037,S03000294,canonical_code_and_legacy_path,canonical SISFOH crosswalk plus legacy RUV path,exact RUV path and victimization score,accepted,2026-08-13,Canonical source code and historical full path identify the same RUV row.
0305050030,S03000295,canonical_code_and_legacy_path,canonical SISFOH crosswalk plus legacy RUV path,exact RUV path and victimization score,accepted,2026-08-13,Canonical source code and historical full path identify the same RUV row.
0305050041,S03000296,canonical_code_and_legacy_path,canonical SISFOH crosswalk plus legacy RUV path,exact RUV path and victimization score,accepted,2026-08-13,Canonical source code and historical full path identify the same RUV row.
0305050028,S03000297,canonical_code_and_legacy_path,canonical SISFOH crosswalk plus legacy RUV path,exact RUV path and victimization score,accepted,2026-08-13,Canonical source code and historical full path identify the same RUV row.
0305050014,S03000298,canonical_code_and_legacy_path,canonical SISFOH crosswalk plus legacy RUV path,exact RUV path and victimization score,accepted,2026-08-13,Canonical source code and historical full path identify the same RUV row.
0305050039,S03000299,canonical_code_and_legacy_path,canonical SISFOH crosswalk plus legacy RUV path,exact RUV path and victimization score,accepted,2026-08-13,Canonical source code and historical full path identify the same RUV row.
0305050029,S03000300,canonical_code_and_legacy_path,canonical SISFOH crosswalk plus legacy RUV path,exact RUV path and victimization score,accepted,2026-08-13,Canonical source code and historical full path identify the same RUV row.
0305050019,S03000302,canonical_code_and_legacy_path,canonical SISFOH crosswalk plus legacy RUV path,exact RUV path and victimization score,accepted,2026-08-13,Canonical source code and historical full path identify the same RUV row.
0305050001,S03000303,canonical_code_and_legacy_path,canonical SISFOH crosswalk plus legacy RUV path,exact RUV path and victimization score,accepted,2026-08-13,Canonical source code and historical full path identify the same RUV row.
0305050017,S03000304,canonical_code_and_legacy_path,canonical SISFOH crosswalk plus legacy RUV path,exact RUV path and victimization score,accepted,2026-08-13,Canonical source code and historical full path identify the same RUV row.
0305050011,S03000305,canonical_code_and_legacy_path,canonical SISFOH crosswalk plus legacy RUV path,exact RUV path and victimization score,accepted,2026-08-13,Canonical source code and historical full path identify the same RUV row.
0305050024,S03000306,canonical_code_and_legacy_path,canonical SISFOH crosswalk plus legacy RUV path,exact RUV path and victimization score,accepted,2026-08-13,Canonical source code and historical full path identify the same RUV row.
0306060035,S03000307,canonical_code_and_legacy_path,canonical SISFOH crosswalk plus legacy RUV path,exact RUV path and victimization score,accepted,2026-08-13,Canonical source code and historical full path identify the same RUV row.
0306060022,S03000308,canonical_code_and_legacy_path,canonical SISFOH crosswalk plus legacy RUV path,exact RUV path and victimization score,accepted,2026-08-13,Canonical source code and historical full path identify the same RUV row.
0306050026,S03000315,canonical_code_and_legacy_path,canonical SISFOH crosswalk plus legacy RUV path,exact RUV path and victimization score,accepted,2026-08-13,Canonical source code and historical full path identify the same RUV row.
0306050016,S03000316,canonical_code_and_legacy_path,canonical SISFOH crosswalk plus legacy RUV path,exact RUV path and victimization score,accepted,2026-08-13,Canonical source code and historical full path identify the same RUV row.
0306050024,S03000317,canonical_code_and_legacy_path,canonical SISFOH crosswalk plus legacy RUV path,exact RUV path and victimization score,accepted,2026-08-13,Canonical source code and historical full path identify the same RUV row.
0306050028,S03000320,canonical_code_and_legacy_path,canonical SISFOH crosswalk plus legacy RUV path,exact RUV path and victimization score,accepted,2026-08-13,Canonical source code and historical full path identify the same RUV row.
0301030053,S03000321,canonical_code_and_legacy_path,canonical SISFOH crosswalk plus legacy RUV path,exact RUV path and victimization score,accepted,2026-08-13,Canonical source code and historical full path identify the same RUV row.
0301030048,S03000322,canonical_code_and_legacy_path,canonical SISFOH crosswalk plus legacy RUV path,exact RUV path and victimization score,accepted,2026-08-13,Canonical source code and historical full path identify the same RUV row.
0301060044,S03000323,canonical_code_and_legacy_path,canonical SISFOH crosswalk plus legacy RUV path,exact RUV path and victimization score,accepted,2026-08-13,Canonical source code and historical full path identify the same RUV row.
0301060003,S03000324,canonical_code_and_legacy_path,canonical SISFOH crosswalk plus legacy RUV path,exact RUV path and victimization score,accepted,2026-08-13,Canonical source code and historical full path identify the same RUV row.
0301060037,S03000325,canonical_code_and_legacy_path,canonical SISFOH crosswalk plus legacy RUV path,exact RUV path and victimization score,accepted,2026-08-13,Canonical source code and historical full path identify the same RUV row.
0301060005,S03000326,canonical_code_and_legacy_path,canonical SISFOH crosswalk plus legacy RUV path,exact RUV path and victimization score,accepted,2026-08-13,Canonical source code and historical full path identify the same RUV row.
0301060028,S03000327,canonical_code_and_legacy_path,canonical SISFOH crosswalk plus legacy RUV path,exact RUV path and victimization score,accepted,2026-08-13,Canonical source code and historical full path identify the same RUV row.
0301060019,S03000328,canonical_code_and_legacy_path,canonical SISFOH crosswalk plus legacy RUV path,exact RUV path and victimization score,accepted,2026-08-13,Canonical source code and historical full path identify the same RUV row.
0301060016,S03000329,canonical_code_and_legacy_path,canonical SISFOH crosswalk plus legacy RUV path,exact RUV path and victimization score,accepted,2026-08-13,Canonical source code and historical full path identify the same RUV row.
0301070009,S03000330,canonical_code_and_legacy_path,canonical SISFOH crosswalk plus legacy RUV path,exact RUV path and victimization score,accepted,2026-08-13,Canonical source code and historical full path identify the same RUV row.
0301070003,S03000331,canonical_code_and_legacy_path,canonical SISFOH crosswalk plus legacy RUV path,exact RUV path and victimization score,accepted,2026-08-13,Canonical source code and historical full path identify the same RUV row.
0301070024,S03000332,canonical_code_and_legacy_path,canonical SISFOH crosswalk plus legacy RUV path,exact RUV path and victimization score,accepted,2026-08-13,Canonical source code and historical full path identify the same RUV row.
0302020009,S03000333,canonical_code_and_legacy_path,canonical SISFOH crosswalk plus legacy RUV path,exact RUV path and victimization score,accepted,2026-08-13,Canonical source code and historical full path identify the same RUV row.
0302020018,S03000334,canonical_code_and_legacy_path,canonical SISFOH crosswalk plus legacy RUV path,exact RUV path and victimization score,accepted,2026-08-13,Canonical source code and historical full path identify the same RUV row.
0302020031,S03000335,canonical_code_and_legacy_path,canonical SISFOH crosswalk plus legacy RUV path,exact RUV path and victimization score,accepted,2026-08-13,Canonical source code and historical full path identify the same RUV row.
0304060059,S03000336,canonical_code_and_legacy_path,canonical SISFOH crosswalk plus legacy RUV path,exact RUV path and victimization score,accepted,2026-08-13,Canonical source code and historical full path identify the same RUV row.
0304060065,S03000337,canonical_code_and_legacy_path,canonical SISFOH crosswalk plus legacy RUV path,exact RUV path and victimization score,accepted,2026-08-13,Canonical source code and historical full path identify the same RUV row.
0304060040,S03000338,canonical_code_and_legacy_path,canonical SISFOH crosswalk plus legacy RUV path,exact RUV path and victimization score,accepted,2026-08-13,Canonical source code and historical full path identify the same RUV row.
0304060018,S03000339,canonical_code_and_legacy_path,canonical SISFOH crosswalk plus legacy RUV path,exact RUV path and victimization score,accepted,2026-08-13,Canonical source code and historical full path identify the same RUV row.
0304060022,S03000340,canonical_code_and_legacy_path,canonical SISFOH crosswalk plus legacy RUV path,exact RUV path and victimization score,accepted,2026-08-13,Canonical source code and historical full path identify the same RUV row.
0304060061,S03000341,canonical_code_and_legacy_path,canonical SISFOH crosswalk plus legacy RUV path,exact RUV path and victimization score,accepted,2026-08-13,Canonical source code and historical full path identify the same RUV row.
0304080004,S03000342,canonical_code_and_legacy_path,canonical SISFOH crosswalk plus legacy RUV path,exact RUV path and victimization score,accepted,2026-08-13,Canonical source code and historical full path identify the same RUV row.
0304080005,S03000343,canonical_code_and_legacy_path,canonical SISFOH crosswalk plus legacy RUV path,exact RUV path and victimization score,accepted,2026-08-13,Canonical source code and historical full path identify the same RUV row.
0304080020,S03000344,canonical_code_and_legacy_path,canonical SISFOH crosswalk plus legacy RUV path,exact RUV path and victimization score,accepted,2026-08-13,Canonical source code and historical full path identify the same RUV row.
0304080001,S03000345,canonical_code_and_legacy_path,canonical SISFOH crosswalk plus legacy RUV path,exact RUV path and victimization score,accepted,2026-08-13,Canonical source code and historical full path identify the same RUV row.
0304090046,S03000346,canonical_code_and_legacy_path,canonical SISFOH crosswalk plus legacy RUV path,exact RUV path and victimization score,accepted,2026-08-13,Canonical source code and historical full path identify the same RUV row.
0304090040,S03000347,canonical_code_and_legacy_path,canonical SISFOH crosswalk plus legacy RUV path,exact RUV path and victimization score,accepted,2026-08-13,Canonical source code and historical full path identify the same RUV row.
0304090028,S03000348,canonical_code_and_legacy_path,canonical SISFOH crosswalk plus legacy RUV path,exact RUV path and victimization score,accepted,2026-08-13,Canonical source code and historical full path identify the same RUV row.
0304090043,S03000349,canonical_code_and_legacy_path,canonical SISFOH crosswalk plus legacy RUV path,exact RUV path and victimization score,accepted,2026-08-13,Canonical source code and historical full path identify the same RUV row.
0304140007,S03000350,canonical_code_and_legacy_path,canonical SISFOH crosswalk plus legacy RUV path,exact RUV path and victimization score,accepted,2026-08-13,Canonical source code and historical full path identify the same RUV row.
0304140003,S03000351,canonical_code_and_legacy_path,canonical SISFOH crosswalk plus legacy RUV path,exact RUV path and victimization score,accepted,2026-08-13,Canonical source code and historical full path identify the same RUV row.
0304140016,S03000352,canonical_code_and_legacy_path,canonical SISFOH crosswalk plus legacy RUV path,exact RUV path and victimization score,accepted,2026-08-13,Canonical source code and historical full path identify the same RUV row.
0304140009,S03000353,canonical_code_and_legacy_path,canonical SISFOH crosswalk plus legacy RUV path,exact RUV path and victimization score,accepted,2026-08-13,Canonical source code and historical full path identify the same RUV row.
0304140005,S03000354,canonical_code_and_legacy_path,canonical SISFOH crosswalk plus legacy RUV path,exact RUV path and victimization score,accepted,2026-08-13,Canonical source code and historical full path identify the same RUV row.
0304140008,S03000355,canonical_code_and_legacy_path,canonical SISFOH crosswalk plus legacy RUV path,exact RUV path and victimization score,accepted,2026-08-13,Canonical source code and historical full path identify the same RUV row.
0304160011,S03000356,canonical_code_and_legacy_path,canonical SISFOH crosswalk plus legacy RUV path,exact RUV path and victimization score,accepted,2026-08-13,Canonical source code and historical full path identify the same RUV row.
0306040036,S03000357,canonical_code_and_legacy_path,canonical SISFOH crosswalk plus legacy RUV path,exact RUV path and victimization score,accepted,2026-08-13,Canonical source code and historical full path identify the same RUV row.
0306040078,S03000358,canonical_code_and_legacy_path,canonical SISFOH crosswalk plus legacy RUV path,exact RUV path and victimization score,accepted,2026-08-13,Canonical source code and historical full path identify the same RUV row.
0306040056,S03000359,canonical_code_and_legacy_path,canonical SISFOH crosswalk plus legacy RUV path,exact RUV path and victimization score,accepted,2026-08-13,Canonical source code and historical full path identify the same RUV row.
0306040037,S03000360,canonical_code_and_legacy_path,canonical SISFOH crosswalk plus legacy RUV path,exact RUV path and victimization score,accepted,2026-08-13,Canonical source code and historical full path identify the same RUV row.
0306060023,S03000362,canonical_code_and_legacy_path,canonical SISFOH crosswalk plus legacy RUV path,exact RUV path and victimization score,accepted,2026-08-13,Canonical source code and historical full path identify the same RUV row.
0305040106,S03000365,canonical_code_and_legacy_path,canonical SISFOH crosswalk plus legacy RUV path,exact RUV path and victimization score,accepted,2026-08-13,Canonical source code and historical full path identify the same RUV row.
0305040123,S03000366,canonical_code_and_legacy_path,canonical SISFOH crosswalk plus legacy RUV path,exact RUV path and victimization score,accepted,2026-08-13,Canonical source code and historical full path identify the same RUV row.
0301030012,S03000367,canonical_code_and_legacy_path,canonical SISFOH crosswalk plus legacy RUV path,exact RUV path and victimization score,accepted,2026-08-13,Canonical source code and historical full path identify the same RUV row.
0301030027,S03000368,canonical_code_and_legacy_path,canonical SISFOH crosswalk plus legacy RUV path,exact RUV path and victimization score,accepted,2026-08-13,Canonical source code and historical full path identify the same RUV row.
0301030004,S03000369,canonical_code_and_legacy_path,canonical SISFOH crosswalk plus legacy RUV path,exact RUV path and victimization score,accepted,2026-08-13,Canonical source code and historical full path identify the same RUV row.
0301030021,S03000370,canonical_code_and_legacy_path,canonical SISFOH crosswalk plus legacy RUV path,exact RUV path and victimization score,accepted,2026-08-13,Canonical source code and historical full path identify the same RUV row.
0301030046,S03000371,canonical_code_and_legacy_path,canonical SISFOH crosswalk plus legacy RUV path,exact RUV path and victimization score,accepted,2026-08-13,Canonical source code and historical full path identify the same RUV row.
0301060020,S03000372,canonical_code_and_legacy_path,canonical SISFOH crosswalk plus legacy RUV path,exact RUV path and victimization score,accepted,2026-08-13,Canonical source code and historical full path identify the same RUV row.
0301070019,S03000373,canonical_code_and_legacy_path,canonical SISFOH crosswalk plus legacy RUV path,exact RUV path and victimization score,accepted,2026-08-13,Canonical source code and historical full path identify the same RUV row.
0301070016,S03000374,canonical_code_and_legacy_path,canonical SISFOH crosswalk plus legacy RUV path,exact RUV path and victimization score,accepted,2026-08-13,Canonical source code and historical full path identify the same RUV row.
0301070056,S03000375,canonical_code_and_legacy_path,canonical SISFOH crosswalk plus legacy RUV path,exact RUV path and victimization score,accepted,2026-08-13,Canonical source code and historical full path identify the same RUV row.
0302020027,S03000376,canonical_code_and_legacy_path,canonical SISFOH crosswalk plus legacy RUV path,exact RUV path and victimization score,accepted,2026-08-13,Canonical source code and historical full path identify the same RUV row.
0302020021,S03000377,canonical_code_and_legacy_path,canonical SISFOH crosswalk plus legacy RUV path,exact RUV path and victimization score,accepted,2026-08-13,Canonical source code and historical full path identify the same RUV row.
0302020005,S03000378,canonical_code_and_legacy_path,canonical SISFOH crosswalk plus legacy RUV path,exact RUV path and victimization score,accepted,2026-08-13,Canonical source code and historical full path identify the same RUV row.
0302020012,S03000379,canonical_code_and_legacy_path,canonical SISFOH crosswalk plus legacy RUV path,exact RUV path and victimization score,accepted,2026-08-13,Canonical source code and historical full path identify the same RUV row.
0302020023,S03000380,canonical_code_and_legacy_path,canonical SISFOH crosswalk plus legacy RUV path,exact RUV path and victimization score,accepted,2026-08-13,Canonical source code and historical full path identify the same RUV row.
0302020004,S03000381,canonical_code_and_legacy_path,canonical SISFOH crosswalk plus legacy RUV path,exact RUV path and victimization score,accepted,2026-08-13,Canonical source code and historical full path identify the same RUV row.
0302020013,S03000383,canonical_code_and_legacy_path,canonical SISFOH crosswalk plus legacy RUV path,exact RUV path and victimization score,accepted,2026-08-13,Canonical source code and historical full path identify the same RUV row.
0302020003,S03000384,legacy_full_path_exact,INEI delivery plus Dumez legacy RUV path,exact RUV path and victimization score,accepted,2026-08-13,Historical source code differs from the current SISFOH-RUV code map.
0302020007,S03000385,canonical_code_and_legacy_path,canonical SISFOH crosswalk plus legacy RUV path,exact RUV path and victimization score,accepted,2026-08-13,Canonical source code and historical full path identify the same RUV row.
0302020016,S03000386,legacy_full_path_exact,INEI delivery plus Dumez legacy RUV path,exact RUV path and victimization score,accepted,2026-08-13,Historical source code differs from the current SISFOH-RUV code map.
0302020030,S03000387,canonical_code_and_legacy_path,canonical SISFOH crosswalk plus legacy RUV path,exact RUV path and victimization score,accepted,2026-08-13,Canonical source code and historical full path identify the same RUV row.
0302020029,S03000388,canonical_code_and_legacy_path,canonical SISFOH crosswalk plus legacy RUV path,exact RUV path and victimization score,accepted,2026-08-13,Canonical source code and historical full path identify the same RUV row.
0302020020,S03000389,canonical_code_and_legacy_path,canonical SISFOH crosswalk plus legacy RUV path,exact RUV path and victimization score,accepted,2026-08-13,Canonical source code and historical full path identify the same RUV row.
0302020015,S03000390,canonical_code_and_legacy_path,canonical SISFOH crosswalk plus legacy RUV path,exact RUV path and victimization score,accepted,2026-08-13,Canonical source code and historical full path identify the same RUV row.
0302020033,S03000392,canonical_code_and_legacy_path,canonical SISFOH crosswalk plus legacy RUV path,exact RUV path and victimization score,accepted,2026-08-13,Canonical source code and historical full path identify the same RUV row.
0304010001,S03000393,canonical_code_and_legacy_path,canonical SISFOH crosswalk plus legacy RUV path,exact RUV path and victimization score,accepted,2026-08-13,Canonical source code and historical full path identify the same RUV row.
0304060003,S03000394,canonical_code_and_legacy_path,canonical SISFOH crosswalk plus legacy RUV path,exact RUV path and victimization score,accepted,2026-08-13,Canonical source code and historical full path identify the same RUV row.
0304060088,S03000396,canonical_code_and_legacy_path,canonical SISFOH crosswalk plus legacy RUV path,exact RUV path and victimization score,accepted,2026-08-13,Canonical source code and historical full path identify the same RUV row.
0304080008,S03000397,canonical_code_and_legacy_path,canonical SISFOH crosswalk plus legacy RUV path,exact RUV path and victimization score,accepted,2026-08-13,Canonical source code and historical full path identify the same RUV row.
0304090025,S03000399,canonical_code_and_legacy_path,canonical SISFOH crosswalk plus legacy RUV path,exact RUV path and victimization score,accepted,2026-08-13,Canonical source code and historical full path identify the same RUV row.
0304140004,S03000400,canonical_code_and_legacy_path,canonical SISFOH crosswalk plus legacy RUV path,exact RUV path and victimization score,accepted,2026-08-13,Canonical source code and historical full path identify the same RUV row.
0304160009,S03000401,canonical_code_and_legacy_path,canonical SISFOH crosswalk plus legacy RUV path,exact RUV path and victimization score,accepted,2026-08-13,Canonical source code and historical full path identify the same RUV row.
0306040076,S03000402,canonical_code_and_legacy_path,canonical SISFOH crosswalk plus legacy RUV path,exact RUV path and victimization score,accepted,2026-08-13,Canonical source code and historical full path identify the same RUV row.
0306040054,S03000403,canonical_code_and_legacy_path,canonical SISFOH crosswalk plus legacy RUV path,exact RUV path and victimization score,accepted,2026-08-13,Canonical source code and historical full path identify the same RUV row.
0306040079,S03000404,canonical_code_and_legacy_path,canonical SISFOH crosswalk plus legacy RUV path,exact RUV path and victimization score,accepted,2026-08-13,Canonical source code and historical full path identify the same RUV row.
0306040041,S03000405,canonical_code_and_legacy_path,canonical SISFOH crosswalk plus legacy RUV path,exact RUV path and victimization score,accepted,2026-08-13,Canonical source code and historical full path identify the same RUV row.
0305040002,S03000411,canonical_code_and_legacy_path,canonical SISFOH crosswalk plus legacy RUV path,exact RUV path and victimization score,accepted,2026-08-13,Canonical source code and historical full path identify the same RUV row.
0305040104,S03000412,canonical_code_and_legacy_path,canonical SISFOH crosswalk plus legacy RUV path,exact RUV path and victimization score,accepted,2026-08-13,Canonical source code and historical full path identify the same RUV row.
0305040068,S03000413,canonical_code_and_legacy_path,canonical SISFOH crosswalk plus legacy RUV path,exact RUV path and victimization score,accepted,2026-08-13,Canonical source code and historical full path identify the same RUV row.
0301040068,S03000414,canonical_code_and_legacy_path,canonical SISFOH crosswalk plus legacy RUV path,exact RUV path and victimization score,accepted,2026-08-13,Canonical source code and historical full path identify the same RUV row.
0307040007,S03000415,canonical_code_and_legacy_path,canonical SISFOH crosswalk plus legacy RUV path,exact RUV path and victimization score,accepted,2026-08-13,Canonical source code and historical full path identify the same RUV row.
0305040074,S03000417,canonical_code_and_legacy_path,canonical SISFOH crosswalk plus legacy RUV path,exact RUV path and victimization score,accepted,2026-08-13,Canonical source code and historical full path identify the same RUV row.
0301070034,S03000418,canonical_code_and_legacy_path,canonical SISFOH crosswalk plus legacy RUV path,exact RUV path and victimization score,accepted,2026-08-13,Canonical source code and historical full path identify the same RUV row.
0301030052,S03000419,canonical_code_and_legacy_path,canonical SISFOH crosswalk plus legacy RUV path,exact RUV path and victimization score,accepted,2026-08-13,Canonical source code and historical full path identify the same RUV row.
0304160004,S03000428,canonical_code_and_legacy_path,canonical SISFOH crosswalk plus legacy RUV path,exact RUV path and victimization score,accepted,2026-08-13,Canonical source code and historical full path identify the same RUV row.
0304160014,S03000429,canonical_code_and_legacy_path,canonical SISFOH crosswalk plus legacy RUV path,exact RUV path and victimization score,accepted,2026-08-13,Canonical source code and historical full path identify the same RUV row.
0304160010,S03000430,canonical_code_and_legacy_path,canonical SISFOH crosswalk plus legacy RUV path,exact RUV path and victimization score,accepted,2026-08-13,Canonical source code and historical full path identify the same RUV row.
0307040001,S03000432,canonical_code_and_legacy_path,canonical SISFOH crosswalk plus legacy RUV path,exact RUV path and victimization score,accepted,2026-08-13,Canonical source code and historical full path identify the same RUV row.
0307040008,S03000433,canonical_code_and_legacy_path,canonical SISFOH crosswalk plus legacy RUV path,exact RUV path and victimization score,accepted,2026-08-13,Canonical source code and historical full path identify the same RUV row.
0307040010,S03000434,canonical_code_and_legacy_path,canonical SISFOH crosswalk plus legacy RUV path,exact RUV path and victimization score,accepted,2026-08-13,Canonical source code and historical full path identify the same RUV row.
0307040004,S03000435,canonical_code_and_legacy_path,canonical SISFOH crosswalk plus legacy RUV path,exact RUV path and victimization score,accepted,2026-08-13,Canonical source code and historical full path identify the same RUV row.
0307040011,S03000436,canonical_code_and_legacy_path,canonical SISFOH crosswalk plus legacy RUV path,exact RUV path and victimization score,accepted,2026-08-13,Canonical source code and historical full path identify the same RUV row.
0302170037,S03000437,canonical_code_and_legacy_path,canonical SISFOH crosswalk plus legacy RUV path,exact RUV path and victimization score,accepted,2026-08-13,Canonical source code and historical full path identify the same RUV row.
0306080001,S03000445,canonical_code_and_legacy_path,canonical SISFOH crosswalk plus legacy RUV path,exact RUV path and victimization score,accepted,2026-08-13,Canonical source code and historical full path identify the same RUV row.
0304100015,S03000447,canonical_code_and_legacy_path,canonical SISFOH crosswalk plus legacy RUV path,exact RUV path and victimization score,accepted,2026-08-13,Canonical source code and historical full path identify the same RUV row.
0304100023,S03000448,canonical_code_and_legacy_path,canonical SISFOH crosswalk plus legacy RUV path,exact RUV path and victimization score,accepted,2026-08-13,Canonical source code and historical full path identify the same RUV row.
0304100018,S03000449,canonical_code_and_legacy_path,canonical SISFOH crosswalk plus legacy RUV path,exact RUV path and victimization score,accepted,2026-08-13,Canonical source code and historical full path identify the same RUV row.
0307020018,S03000465,canonical_code_and_legacy_path,canonical SISFOH crosswalk plus legacy RUV path,exact RUV path and victimization score,accepted,2026-08-13,Canonical source code and historical full path identify the same RUV row.
0307020008,S03000466,canonical_code_and_legacy_path,canonical SISFOH crosswalk plus legacy RUV path,exact RUV path and victimization score,accepted,2026-08-13,Canonical source code and historical full path identify the same RUV row.
0307020001,S03000467,canonical_code_and_legacy_path,canonical SISFOH crosswalk plus legacy RUV path,exact RUV path and victimization score,accepted,2026-08-13,Canonical source code and historical full path identify the same RUV row.
0305010051,S03000468,canonical_code_and_legacy_path,canonical SISFOH crosswalk plus legacy RUV path,exact RUV path and victimization score,accepted,2026-08-13,Canonical source code and historical full path identify the same RUV row.
0305010084,S03000469,canonical_code_and_legacy_path,canonical SISFOH crosswalk plus legacy RUV path,exact RUV path and victimization score,accepted,2026-08-13,Canonical source code and historical full path identify the same RUV row.
0307080006,S03000470,canonical_code_and_legacy_path,canonical SISFOH crosswalk plus legacy RUV path,exact RUV path and victimization score,accepted,2026-08-13,Canonical source code and historical full path identify the same RUV row.
0304100009,S03000471,canonical_code_and_legacy_path,canonical SISFOH crosswalk plus legacy RUV path,exact RUV path and victimization score,accepted,2026-08-13,Canonical source code and historical full path identify the same RUV row.
0307010026,S03000472,canonical_code_and_legacy_path,canonical SISFOH crosswalk plus legacy RUV path,exact RUV path and victimization score,accepted,2026-08-13,Canonical source code and historical full path identify the same RUV row.
0307140006,S03000474,canonical_code_and_legacy_path,canonical SISFOH crosswalk plus legacy RUV path,exact RUV path and victimization score,accepted,2026-08-13,Canonical source code and historical full path identify the same RUV row.
0302180019,S03000475,canonical_code_and_legacy_path,canonical SISFOH crosswalk plus legacy RUV path,exact RUV path and victimization score,accepted,2026-08-13,Canonical source code and historical full path identify the same RUV row.
0304060056,S03000476,canonical_code_and_legacy_path,canonical SISFOH crosswalk plus legacy RUV path,exact RUV path and victimization score,accepted,2026-08-13,Canonical source code and historical full path identify the same RUV row.
0304170008,S03000477,canonical_code_and_legacy_path,canonical SISFOH crosswalk plus legacy RUV path,exact RUV path and victimization score,accepted,2026-08-13,Canonical source code and historical full path identify the same RUV row.
0302070002,S03000480,canonical_code_and_legacy_path,canonical SISFOH crosswalk plus legacy RUV path,exact RUV path and victimization score,accepted,2026-08-13,Canonical source code and historical full path identify the same RUV row.
0302070001,S03000481,canonical_code_and_legacy_path,canonical SISFOH crosswalk plus legacy RUV path,exact RUV path and victimization score,accepted,2026-08-13,Canonical source code and historical full path identify the same RUV row.
0302070036,S03000482,canonical_code_and_legacy_path,canonical SISFOH crosswalk plus legacy RUV path,exact RUV path and victimization score,accepted,2026-08-13,Canonical source code and historical full path identify the same RUV row.
0302070033,S03000483,canonical_code_and_legacy_path,canonical SISFOH crosswalk plus legacy RUV path,exact RUV path and victimization score,accepted,2026-08-13,Canonical source code and historical full path identify the same RUV row.
0302070031,S03000485,canonical_code_and_legacy_path,canonical SISFOH crosswalk plus legacy RUV path,exact RUV path and victimization score,accepted,2026-08-13,Canonical source code and historical full path identify the same RUV row.
0302070042,S03000486,canonical_code_and_legacy_path,canonical SISFOH crosswalk plus legacy RUV path,exact RUV path and victimization score,accepted,2026-08-13,Canonical source code and historical full path identify the same RUV row.
0809070006,S08000001,canonical_code_and_legacy_path,canonical SISFOH crosswalk plus legacy RUV path,exact RUV path and victimization score,accepted,2026-08-13,Canonical source code and historical full path identify the same RUV row.
0809070046,S08000002,canonical_code_and_legacy_path,canonical SISFOH crosswalk plus legacy RUV path,exact RUV path and victimization score,accepted,2026-08-13,Canonical source code and historical full path identify the same RUV row.
0809070011,S08000003,canonical_code_and_legacy_path,canonical SISFOH crosswalk plus legacy RUV path,exact RUV path and victimization score,accepted,2026-08-13,Canonical source code and historical full path identify the same RUV row.
0809070045,S08000004,canonical_code_and_legacy_path,canonical SISFOH crosswalk plus legacy RUV path,exact RUV path and victimization score,accepted,2026-08-13,Canonical source code and historical full path identify the same RUV row.
0809070030,S08000005,canonical_code_and_legacy_path,canonical SISFOH crosswalk plus legacy RUV path,exact RUV path and victimization score,accepted,2026-08-13,Canonical source code and historical full path identify the same RUV row.
0809070040,S08000006,canonical_code_and_legacy_path,canonical SISFOH crosswalk plus legacy RUV path,exact RUV path and victimization score,accepted,2026-08-13,Canonical source code and historical full path identify the same RUV row.
0809070035,S08000007,canonical_code_and_legacy_path,canonical SISFOH crosswalk plus legacy RUV path,exact RUV path and victimization score,accepted,2026-08-13,Canonical source code and historical full path identify the same RUV row.
0809070048,S08000008,canonical_code_and_legacy_path,canonical SISFOH crosswalk plus legacy RUV path,exact RUV path and victimization score,accepted,2026-08-13,Canonical source code and historical full path identify the same RUV row.
0809070034,S08000009,canonical_code_and_legacy_path,canonical SISFOH crosswalk plus legacy RUV path,exact RUV path and victimization score,accepted,2026-08-13,Canonical source code and historical full path identify the same RUV row.
0809070025,S08000010,canonical_code_and_legacy_path,canonical SISFOH crosswalk plus legacy RUV path,exact RUV path and victimization score,accepted,2026-08-13,Canonical source code and historical full path identify the same RUV row.
0809070012,S08000011,canonical_code_and_legacy_path,canonical SISFOH crosswalk plus legacy RUV path,exact RUV path and victimization score,accepted,2026-08-13,Canonical source code and historical full path identify the same RUV row.
0809070008,S08000012,legacy_full_path_exact,INEI delivery plus Dumez legacy RUV path,exact RUV path and victimization score,accepted,2026-08-13,Historical source code differs from the current SISFOH-RUV code map.
0809070009,S08000013,canonical_code_and_legacy_path,canonical SISFOH crosswalk plus legacy RUV path,exact RUV path and victimization score,accepted,2026-08-13,Canonical source code and historical full path identify the same RUV row.
0809070042,S08000014,canonical_code_and_legacy_path,canonical SISFOH crosswalk plus legacy RUV path,exact RUV path and victimization score,accepted,2026-08-13,Canonical source code and historical full path identify the same RUV row.
0809070005,S08000015,canonical_code_and_legacy_path,canonical SISFOH crosswalk plus legacy RUV path,exact RUV path and victimization score,accepted,2026-08-13,Canonical source code and historical full path identify the same RUV row.
0809070033,S08000016,canonical_code_and_legacy_path,canonical SISFOH crosswalk plus legacy RUV path,exact RUV path and victimization score,accepted,2026-08-13,Canonical source code and historical full path identify the same RUV row.
0809070043,S08000017,canonical_code_and_legacy_path,canonical SISFOH crosswalk plus legacy RUV path,exact RUV path and victimization score,accepted,2026-08-13,Canonical source code and historical full path identify the same RUV row.
0809070002,S08000018,canonical_code_and_legacy_path,canonical SISFOH crosswalk plus legacy RUV path,exact RUV path and victimization score,accepted,2026-08-13,Canonical source code and historical full path identify the same RUV row.
0809070013,S08000019,canonical_code_and_legacy_path,canonical SISFOH crosswalk plus legacy RUV path,exact RUV path and victimization score,accepted,2026-08-13,Canonical source code and historical full path identify the same RUV row.
0809100038,S08000020,canonical_code_and_legacy_path,canonical SISFOH crosswalk plus legacy RUV path,exact RUV path and victimization score,accepted,2026-08-13,Canonical source code and historical full path identify the same RUV row.
0809100052,S08000021,canonical_code_and_legacy_path,canonical SISFOH crosswalk plus legacy RUV path,exact RUV path and victimization score,accepted,2026-08-13,Canonical source code and historical full path identify the same RUV row.
0809100047,S08000022,canonical_code_and_legacy_path,canonical SISFOH crosswalk plus legacy RUV path,exact RUV path and victimization score,accepted,2026-08-13,Canonical source code and historical full path identify the same RUV row.
0809100045,S08000023,canonical_code_and_legacy_path,canonical SISFOH crosswalk plus legacy RUV path,exact RUV path and victimization score,accepted,2026-08-13,Canonical source code and historical full path identify the same RUV row.
0809100017,S08000024,canonical_code_and_legacy_path,canonical SISFOH crosswalk plus legacy RUV path,exact RUV path and victimization score,accepted,2026-08-13,Canonical source code and historical full path identify the same RUV row.
0809100008,S08000025,canonical_code_and_legacy_path,canonical SISFOH crosswalk plus legacy RUV path,exact RUV path and victimization score,accepted,2026-08-13,Canonical source code and historical full path identify the same RUV row.
0809100030,S08000026,canonical_code_and_legacy_path,canonical SISFOH crosswalk plus legacy RUV path,exact RUV path and victimization score,accepted,2026-08-13,Canonical source code and historical full path identify the same RUV row.
0809100080,S08000027,legacy_full_path_exact,INEI delivery plus Dumez legacy RUV path,exact RUV path and victimization score,accepted,2026-08-13,Historical source code differs from the current SISFOH-RUV code map.
0809100053,S08000028,canonical_code_and_legacy_path,canonical SISFOH crosswalk plus legacy RUV path,exact RUV path and victimization score,accepted,2026-08-13,Canonical source code and historical full path identify the same RUV row.
0809100036,S08000030,canonical_code_and_legacy_path,canonical SISFOH crosswalk plus legacy RUV path,exact RUV path and victimization score,accepted,2026-08-13,Canonical source code and historical full path identify the same RUV row.
0809100041,S08000031,canonical_code_and_legacy_path,canonical SISFOH crosswalk plus legacy RUV path,exact RUV path and victimization score,accepted,2026-08-13,Canonical source code and historical full path identify the same RUV row.
0809100044,S08000033,canonical_code_and_legacy_path,canonical SISFOH crosswalk plus legacy RUV path,exact RUV path and victimization score,accepted,2026-08-13,Canonical source code and historical full path identify the same RUV row.
0809100048,S08000034,canonical_code_and_legacy_path,canonical SISFOH crosswalk plus legacy RUV path,exact RUV path and victimization score,accepted,2026-08-13,Canonical source code and historical full path identify the same RUV row.
0809100026,S08000035,canonical_code_and_legacy_path,canonical SISFOH crosswalk plus legacy RUV path,exact RUV path and victimization score,accepted,2026-08-13,Canonical source code and historical full path identify the same RUV row.
0809100034,S08000036,canonical_code_and_legacy_path,canonical SISFOH crosswalk plus legacy RUV path,exact RUV path and victimization score,accepted,2026-08-13,Canonical source code and historical full path identify the same RUV row.
0809100029,S08000037,canonical_code_and_legacy_path,canonical SISFOH crosswalk plus legacy RUV path,exact RUV path and victimization score,accepted,2026-08-13,Canonical source code and historical full path identify the same RUV row.
0809100023,S08000038,canonical_code_and_legacy_path,canonical SISFOH crosswalk plus legacy RUV path,exact RUV path and victimization score,accepted,2026-08-13,Canonical source code and historical full path identify the same RUV row.
0809100024,S08000039,canonical_code_and_legacy_path,canonical SISFOH crosswalk plus legacy RUV path,exact RUV path and victimization score,accepted,2026-08-13,Canonical source code and historical full path identify the same RUV row.
0809100032,S08000040,canonical_code_and_legacy_path,canonical SISFOH crosswalk plus legacy RUV path,exact RUV path and victimization score,accepted,2026-08-13,Canonical source code and historical full path identify the same RUV row.
0809100010,S08000041,canonical_code_and_legacy_path,canonical SISFOH crosswalk plus legacy RUV path,exact RUV path and victimization score,accepted,2026-08-13,Canonical source code and historical full path identify the same RUV row.
0809100014,S08000042,canonical_code_and_legacy_path,canonical SISFOH crosswalk plus legacy RUV path,exact RUV path and victimization score,accepted,2026-08-13,Canonical source code and historical full path identify the same RUV row.
0809100020,S08000043,canonical_code_and_legacy_path,canonical SISFOH crosswalk plus legacy RUV path,exact RUV path and victimization score,accepted,2026-08-13,Canonical source code and historical full path identify the same RUV row.
0809100050,S08000044,canonical_code_and_legacy_path,canonical SISFOH crosswalk plus legacy RUV path,exact RUV path and victimization score,accepted,2026-08-13,Canonical source code and historical full path identify the same RUV row.
0809100037,S08000045,canonical_code_and_legacy_path,canonical SISFOH crosswalk plus legacy RUV path,exact RUV path and victimization score,accepted,2026-08-13,Canonical source code and historical full path identify the same RUV row.
0809100022,S08000046,canonical_code_and_legacy_path,canonical SISFOH crosswalk plus legacy RUV path,exact RUV path and victimization score,accepted,2026-08-13,Canonical source code and historical full path identify the same RUV row.
0809100019,S08000047,canonical_code_and_legacy_path,canonical SISFOH crosswalk plus legacy RUV path,exact RUV path and victimization score,accepted,2026-08-13,Canonical source code and historical full path identify the same RUV row.
0809090055,S08000054,legacy_full_path_exact,INEI delivery plus Dumez legacy RUV path,exact RUV path and victimization score,accepted,2026-08-13,Historical source code differs from the current SISFOH-RUV code map.
0809110012,S08000056,legacy_full_path_exact,INEI delivery plus Dumez legacy RUV path,exact RUV path and victimization score,accepted,2026-08-13,Historical source code differs from the current SISFOH-RUV code map.
0809090029,S08000058,canonical_code_and_legacy_path,canonical SISFOH crosswalk plus legacy RUV path,exact RUV path and victimization score,accepted,2026-08-13,Canonical source code and historical full path identify the same RUV row.
0809090310,S08000059,legacy_full_path_exact,INEI delivery plus Dumez legacy RUV path,exact RUV path and victimization score,accepted,2026-08-13,Historical source code differs from the current SISFOH-RUV code map.
0809090026,S08000060,canonical_code_and_legacy_path,canonical SISFOH crosswalk plus legacy RUV path,exact RUV path and victimization score,accepted,2026-08-13,Canonical source code and historical full path identify the same RUV row.
0809090165,S08000062,canonical_code_and_legacy_path,canonical SISFOH crosswalk plus legacy RUV path,exact RUV path and victimization score,accepted,2026-08-13,Canonical source code and historical full path identify the same RUV row.
0809090101,S08000067,canonical_code_and_legacy_path,canonical SISFOH crosswalk plus legacy RUV path,exact RUV path and victimization score,accepted,2026-08-13,Canonical source code and historical full path identify the same RUV row.
1308090076,S08000068,legacy_full_path_exact,INEI delivery plus Dumez legacy RUV path,exact RUV path and victimization score,accepted,2026-08-13,Historical source code differs from the current SISFOH-RUV code map.
0809090017,S08000069,canonical_code_and_legacy_path,canonical SISFOH crosswalk plus legacy RUV path,exact RUV path and victimization score,accepted,2026-08-13,Canonical source code and historical full path identify the same RUV row.
0809070026,S08000072,canonical_code_and_legacy_path,canonical SISFOH crosswalk plus legacy RUV path,exact RUV path and victimization score,accepted,2026-08-13,Canonical source code and historical full path identify the same RUV row.
0809070001,S08000073,canonical_code_and_legacy_path,canonical SISFOH crosswalk plus legacy RUV path,exact RUV path and victimization score,accepted,2026-08-13,Canonical source code and historical full path identify the same RUV row.
0809070047,S08000074,canonical_code_and_legacy_path,canonical SISFOH crosswalk plus legacy RUV path,exact RUV path and victimization score,accepted,2026-08-13,Canonical source code and historical full path identify the same RUV row.
0809070041,S08000114,canonical_code_and_legacy_path,canonical SISFOH crosswalk plus legacy RUV path,exact RUV path and victimization score,accepted,2026-08-13,Canonical source code and historical full path identify the same RUV row.
0809070065,S08000114,legacy_full_path_exact,INEI delivery plus Dumez legacy RUV path,exact RUV path and victimization score,accepted,2026-08-13,Historical source code differs from the current SISFOH-RUV code map.
0809070067,S08000115,legacy_full_path_exact,INEI delivery plus Dumez legacy RUV path,exact RUV path and victimization score,accepted,2026-08-13,Historical source code differs from the current SISFOH-RUV code map.
0809100063,S08000116,legacy_full_path_exact,INEI delivery plus Dumez legacy RUV path,exact RUV path and victimization score,accepted,2026-08-13,Historical source code differs from the current SISFOH-RUV code map.
0809100074,S08000117,canonical_code_and_legacy_path,canonical SISFOH crosswalk plus legacy RUV path,exact RUV path and victimization score,accepted,2026-08-13,Canonical source code and historical full path identify the same RUV row.
0809100078,S08000118,legacy_full_path_exact,INEI delivery plus Dumez legacy RUV path,exact RUV path and victimization score,accepted,2026-08-13,Historical source code differs from the current SISFOH-RUV code map.
0809100025,S08000119,canonical_code_and_legacy_path,canonical SISFOH crosswalk plus legacy RUV path,exact RUV path and victimization score,accepted,2026-08-13,Canonical source code and historical full path identify the same RUV row.
0809100082,S08000120,canonical_code_and_legacy_path,canonical SISFOH crosswalk plus legacy RUV path,exact RUV path and victimization score,accepted,2026-08-13,Canonical source code and historical full path identify the same RUV row.
0809100015,S08000121,canonical_code_and_legacy_path,canonical SISFOH crosswalk plus legacy RUV path,exact RUV path and victimization score,accepted,2026-08-13,Canonical source code and historical full path identify the same RUV row.
0809100007,S08000122,canonical_code_and_legacy_path,canonical SISFOH crosswalk plus legacy RUV path,exact RUV path and victimization score,accepted,2026-08-13,Canonical source code and historical full path identify the same RUV row.
0809100067,S08000123,legacy_full_path_exact,INEI delivery plus Dumez legacy RUV path,exact RUV path and victimization score,accepted,2026-08-13,Historical source code differs from the current SISFOH-RUV code map.
0809100001,S08000126,canonical_code_and_legacy_path,canonical SISFOH crosswalk plus legacy RUV path,exact RUV path and victimization score,accepted,2026-08-13,Canonical source code and historical full path identify the same RUV row.
0809100006,S08000127,legacy_full_path_exact,INEI delivery plus Dumez legacy RUV path,exact RUV path and victimization score,accepted,2026-08-13,Historical source code differs from the current SISFOH-RUV code map.
0809100058,S08000128,canonical_code_and_legacy_path,canonical SISFOH crosswalk plus legacy RUV path,exact RUV path and victimization score,accepted,2026-08-13,Canonical source code and historical full path identify the same RUV row.
0809100081,S08000129,canonical_code_and_legacy_path,canonical SISFOH crosswalk plus legacy RUV path,exact RUV path and victimization score,accepted,2026-08-13,Canonical source code and historical full path identify the same RUV row.
0809100079,S08000131,canonical_code_and_legacy_path,canonical SISFOH crosswalk plus legacy RUV path,exact RUV path and victimization score,accepted,2026-08-13,Canonical source code and historical full path identify the same RUV row.
0809070016,S08000134,canonical_code_and_legacy_path,canonical SISFOH crosswalk plus legacy RUV path,exact RUV path and victimization score,accepted,2026-08-13,Canonical source code and historical full path identify the same RUV row.
0809070037,S08000136,canonical_code_and_legacy_path,canonical SISFOH crosswalk plus legacy RUV path,exact RUV path and victimization score,accepted,2026-08-13,Canonical source code and historical full path identify the same RUV row.
0809090197,S08000138,canonical_code_and_legacy_path,canonical SISFOH crosswalk plus legacy RUV path,exact RUV path and victimization score,accepted,2026-08-13,Canonical source code and historical full path identify the same RUV row.
0809090188,S08000139,canonical_code_and_legacy_path,canonical SISFOH crosswalk plus legacy RUV path,exact RUV path and victimization score,accepted,2026-08-13,Canonical source code and historical full path identify the same RUV row.
0809090024,S08000140,canonical_code_and_legacy_path,canonical SISFOH crosswalk plus legacy RUV path,exact RUV path and victimization score,accepted,2026-08-13,Canonical source code and historical full path identify the same RUV row.
0809090201,S08000141,canonical_code_and_legacy_path,canonical SISFOH crosswalk plus legacy RUV path,exact RUV path and victimization score,accepted,2026-08-13,Canonical source code and historical full path identify the same RUV row.
0809070036,S08000143,canonical_code_and_legacy_path,canonical SISFOH crosswalk plus legacy RUV path,exact RUV path and victimization score,accepted,2026-08-13,Canonical source code and historical full path identify the same RUV row.
0809070018,S08000144,canonical_code_and_legacy_path,canonical SISFOH crosswalk plus legacy RUV path,exact RUV path and victimization score,accepted,2026-08-13,Canonical source code and historical full path identify the same RUV row.
0901010020,S09000001,canonical_code_and_legacy_path,canonical SISFOH crosswalk plus legacy RUV path,exact RUV path and victimization score,accepted,2026-08-13,Canonical source code and historical full path identify the same RUV row.
0901010065,S09000002,canonical_code_and_legacy_path,canonical SISFOH crosswalk plus legacy RUV path,exact RUV path and victimization score,accepted,2026-08-13,Canonical source code and historical full path identify the same RUV row.
0901030070,S09000004,canonical_code_and_legacy_path,canonical SISFOH crosswalk plus legacy RUV path,exact RUV path and victimization score,accepted,2026-08-13,Canonical source code and historical full path identify the same RUV row.
0901030016,S09000005,canonical_code_and_legacy_path,canonical SISFOH crosswalk plus legacy RUV path,exact RUV path and victimization score,accepted,2026-08-13,Canonical source code and historical full path identify the same RUV row.
0901030096,S09000006,canonical_code_and_legacy_path,canonical SISFOH crosswalk plus legacy RUV path,exact RUV path and victimization score,accepted,2026-08-13,Canonical source code and historical full path identify the same RUV row.
0901190001,S09000007,canonical_code_and_legacy_path,canonical SISFOH crosswalk plus legacy RUV path,exact RUV path and victimization score,accepted,2026-08-13,Canonical source code and historical full path identify the same RUV row.
0901190047,S09000008,canonical_code_and_legacy_path,canonical SISFOH crosswalk plus legacy RUV path,exact RUV path and victimization score,accepted,2026-08-13,Canonical source code and historical full path identify the same RUV row.
0901190002,S09000009,canonical_code_and_legacy_path,canonical SISFOH crosswalk plus legacy RUV path,exact RUV path and victimization score,accepted,2026-08-13,Canonical source code and historical full path identify the same RUV row.
0901190007,S09000010,canonical_code_and_legacy_path,canonical SISFOH crosswalk plus legacy RUV path,exact RUV path and victimization score,accepted,2026-08-13,Canonical source code and historical full path identify the same RUV row.
0901190023,S09000011,canonical_code_and_legacy_path,canonical SISFOH crosswalk plus legacy RUV path,exact RUV path and victimization score,accepted,2026-08-13,Canonical source code and historical full path identify the same RUV row.
0901020001,S09000012,canonical_code_and_legacy_path,canonical SISFOH crosswalk plus legacy RUV path,exact RUV path and victimization score,accepted,2026-08-13,Canonical source code and historical full path identify the same RUV row.
0901020028,S09000013,canonical_code_and_legacy_path,canonical SISFOH crosswalk plus legacy RUV path,exact RUV path and victimization score,accepted,2026-08-13,Canonical source code and historical full path identify the same RUV row.
0901020017,S09000014,canonical_code_and_legacy_path,canonical SISFOH crosswalk plus legacy RUV path,exact RUV path and victimization score,accepted,2026-08-13,Canonical source code and historical full path identify the same RUV row.
0901020035,S09000015,canonical_code_and_legacy_path,canonical SISFOH crosswalk plus legacy RUV path,exact RUV path and victimization score,accepted,2026-08-13,Canonical source code and historical full path identify the same RUV row.
0901020034,S09000016,canonical_code_and_legacy_path,canonical SISFOH crosswalk plus legacy RUV path,exact RUV path and victimization score,accepted,2026-08-13,Canonical source code and historical full path identify the same RUV row.
0901020019,S09000017,canonical_code_and_legacy_path,canonical SISFOH crosswalk plus legacy RUV path,exact RUV path and victimization score,accepted,2026-08-13,Canonical source code and historical full path identify the same RUV row.
0901020026,S09000018,canonical_code_and_legacy_path,canonical SISFOH crosswalk plus legacy RUV path,exact RUV path and victimization score,accepted,2026-08-13,Canonical source code and historical full path identify the same RUV row.
0901020025,S09000020,canonical_code_and_legacy_path,canonical SISFOH crosswalk plus legacy RUV path,exact RUV path and victimization score,accepted,2026-08-13,Canonical source code and historical full path identify the same RUV row.
0901100001,S09000021,canonical_code_and_legacy_path,canonical SISFOH crosswalk plus legacy RUV path,exact RUV path and victimization score,accepted,2026-08-13,Canonical source code and historical full path identify the same RUV row.
0901100018,S09000022,canonical_code_and_legacy_path,canonical SISFOH crosswalk plus legacy RUV path,exact RUV path and victimization score,accepted,2026-08-13,Canonical source code and historical full path identify the same RUV row.
0901160001,S09000029,canonical_code_and_legacy_path,canonical SISFOH crosswalk plus legacy RUV path,exact RUV path and victimization score,accepted,2026-08-13,Canonical source code and historical full path identify the same RUV row.
0901160041,S09000030,canonical_code_and_legacy_path,canonical SISFOH crosswalk plus legacy RUV path,exact RUV path and victimization score,accepted,2026-08-13,Canonical source code and historical full path identify the same RUV row.
0901160018,S09000031,canonical_code_and_legacy_path,canonical SISFOH crosswalk plus legacy RUV path,exact RUV path and victimization score,accepted,2026-08-13,Canonical source code and historical full path identify the same RUV row.
0901160035,S09000032,canonical_code_and_legacy_path,canonical SISFOH crosswalk plus legacy RUV path,exact RUV path and victimization score,accepted,2026-08-13,Canonical source code and historical full path identify the same RUV row.
0901090001,S09000033,canonical_code_and_legacy_path,canonical SISFOH crosswalk plus legacy RUV path,exact RUV path and victimization score,accepted,2026-08-13,Canonical source code and historical full path identify the same RUV row.
0901090014,S09000034,canonical_code_and_legacy_path,canonical SISFOH crosswalk plus legacy RUV path,exact RUV path and victimization score,accepted,2026-08-13,Canonical source code and historical full path identify the same RUV row.
0901140001,S09000036,canonical_code_and_legacy_path,canonical SISFOH crosswalk plus legacy RUV path,exact RUV path and victimization score,accepted,2026-08-13,Canonical source code and historical full path identify the same RUV row.
0901160008,S09000037,canonical_code_and_legacy_path,canonical SISFOH crosswalk plus legacy RUV path,exact RUV path and victimization score,accepted,2026-08-13,Canonical source code and historical full path identify the same RUV row.
0901030008,S09000038,canonical_code_and_legacy_path,canonical SISFOH crosswalk plus legacy RUV path,exact RUV path and victimization score,accepted,2026-08-13,Canonical source code and historical full path identify the same RUV row.
0901190009,S09000039,canonical_code_and_legacy_path,canonical SISFOH crosswalk plus legacy RUV path,exact RUV path and victimization score,accepted,2026-08-13,Canonical source code and historical full path identify the same RUV row.
0901010013,S09000046,canonical_code_and_legacy_path,canonical SISFOH crosswalk plus legacy RUV path,exact RUV path and victimization score,accepted,2026-08-13,Canonical source code and historical full path identify the same RUV row.
0901010016,S09000047,canonical_code_and_legacy_path,canonical SISFOH crosswalk plus legacy RUV path,exact RUV path and victimization score,accepted,2026-08-13,Canonical source code and historical full path identify the same RUV row.
0901010038,S09000048,canonical_code_and_legacy_path,canonical SISFOH crosswalk plus legacy RUV path,exact RUV path and victimization score,accepted,2026-08-13,Canonical source code and historical full path identify the same RUV row.
0901070001,S09000049,canonical_code_and_legacy_path,canonical SISFOH crosswalk plus legacy RUV path,exact RUV path and victimization score,accepted,2026-08-13,Canonical source code and historical full path identify the same RUV row.
0901070022,S09000050,canonical_code_and_legacy_path,canonical SISFOH crosswalk plus legacy RUV path,exact RUV path and victimization score,accepted,2026-08-13,Canonical source code and historical full path identify the same RUV row.
0901070017,S09000051,canonical_code_and_legacy_path,canonical SISFOH crosswalk plus legacy RUV path,exact RUV path and victimization score,accepted,2026-08-13,Canonical source code and historical full path identify the same RUV row.
0901070021,S09000053,canonical_code_and_legacy_path,canonical SISFOH crosswalk plus legacy RUV path,exact RUV path and victimization score,accepted,2026-08-13,Canonical source code and historical full path identify the same RUV row.
0901100008,S09000054,canonical_code_and_legacy_path,canonical SISFOH crosswalk plus legacy RUV path,exact RUV path and victimization score,accepted,2026-08-13,Canonical source code and historical full path identify the same RUV row.
0901100028,S09000055,canonical_code_and_legacy_path,canonical SISFOH crosswalk plus legacy RUV path,exact RUV path and victimization score,accepted,2026-08-13,Canonical source code and historical full path identify the same RUV row.
0901100019,S09000056,canonical_code_and_legacy_path,canonical SISFOH crosswalk plus legacy RUV path,exact RUV path and victimization score,accepted,2026-08-13,Canonical source code and historical full path identify the same RUV row.
0901100002,S09000057,canonical_code_and_legacy_path,canonical SISFOH crosswalk plus legacy RUV path,exact RUV path and victimization score,accepted,2026-08-13,Canonical source code and historical full path identify the same RUV row.
0901020006,S09000060,canonical_code_and_legacy_path,canonical SISFOH crosswalk plus legacy RUV path,exact RUV path and victimization score,accepted,2026-08-13,Canonical source code and historical full path identify the same RUV row.
0901020004,S09000061,canonical_code_and_legacy_path,canonical SISFOH crosswalk plus legacy RUV path,exact RUV path and victimization score,accepted,2026-08-13,Canonical source code and historical full path identify the same RUV row.
0901020022,S09000062,canonical_code_and_legacy_path,canonical SISFOH crosswalk plus legacy RUV path,exact RUV path and victimization score,accepted,2026-08-13,Canonical source code and historical full path identify the same RUV row.
0901160004,S09000063,canonical_code_and_legacy_path,canonical SISFOH crosswalk plus legacy RUV path,exact RUV path and victimization score,accepted,2026-08-13,Canonical source code and historical full path identify the same RUV row.
0901160007,S09000064,canonical_code_and_legacy_path,canonical SISFOH crosswalk plus legacy RUV path,exact RUV path and victimization score,accepted,2026-08-13,Canonical source code and historical full path identify the same RUV row.
0901160030,S09000065,canonical_code_and_legacy_path,canonical SISFOH crosswalk plus legacy RUV path,exact RUV path and victimization score,accepted,2026-08-13,Canonical source code and historical full path identify the same RUV row.
0901160039,S09000066,canonical_code_and_legacy_path,canonical SISFOH crosswalk plus legacy RUV path,exact RUV path and victimization score,accepted,2026-08-13,Canonical source code and historical full path identify the same RUV row.
0901160009,S09000067,canonical_code_and_legacy_path,canonical SISFOH crosswalk plus legacy RUV path,exact RUV path and victimization score,accepted,2026-08-13,Canonical source code and historical full path identify the same RUV row.
0901160005,S09000068,canonical_code_and_legacy_path,canonical SISFOH crosswalk plus legacy RUV path,exact RUV path and victimization score,accepted,2026-08-13,Canonical source code and historical full path identify the same RUV row.
0901160026,S09000069,canonical_code_and_legacy_path,canonical SISFOH crosswalk plus legacy RUV path,exact RUV path and victimization score,accepted,2026-08-13,Canonical source code and historical full path identify the same RUV row.
0901160010,S09000070,canonical_code_and_legacy_path,canonical SISFOH crosswalk plus legacy RUV path,exact RUV path and victimization score,accepted,2026-08-13,Canonical source code and historical full path identify the same RUV row.
0901160038,S09000071,canonical_code_and_legacy_path,canonical SISFOH crosswalk plus legacy RUV path,exact RUV path and victimization score,accepted,2026-08-13,Canonical source code and historical full path identify the same RUV row.
0901160016,S09000072,canonical_code_and_legacy_path,canonical SISFOH crosswalk plus legacy RUV path,exact RUV path and victimization score,accepted,2026-08-13,Canonical source code and historical full path identify the same RUV row.
0905060013,S09000076,canonical_code_and_legacy_path,canonical SISFOH crosswalk plus legacy RUV path,exact RUV path and victimization score,accepted,2026-08-13,Canonical source code and historical full path identify the same RUV row.
0905060002,S09000077,canonical_code_and_legacy_path,canonical SISFOH crosswalk plus legacy RUV path,exact RUV path and victimization score,accepted,2026-08-13,Canonical source code and historical full path identify the same RUV row.
0905070048,S09000079,canonical_code_and_legacy_path,canonical SISFOH crosswalk plus legacy RUV path,exact RUV path and victimization score,accepted,2026-08-13,Canonical source code and historical full path identify the same RUV row.
0905070001,S09000080,canonical_code_and_legacy_path,canonical SISFOH crosswalk plus legacy RUV path,exact RUV path and victimization score,accepted,2026-08-13,Canonical source code and historical full path identify the same RUV row.
0905070016,S09000081,canonical_code_and_legacy_path,canonical SISFOH crosswalk plus legacy RUV path,exact RUV path and victimization score,accepted,2026-08-13,Canonical source code and historical full path identify the same RUV row.
0905070023,S09000082,canonical_code_and_legacy_path,canonical SISFOH crosswalk plus legacy RUV path,exact RUV path and victimization score,accepted,2026-08-13,Canonical source code and historical full path identify the same RUV row.
0509070011,S09000084,legacy_full_path_exact,INEI delivery plus Dumez legacy RUV path,exact RUV path and victimization score,accepted,2026-08-13,Historical source code differs from the current SISFOH-RUV code map.
0905070038,S09000085,canonical_code_and_legacy_path,canonical SISFOH crosswalk plus legacy RUV path,exact RUV path and victimization score,accepted,2026-08-13,Canonical source code and historical full path identify the same RUV row.
0905070046,S09000087,canonical_code_and_legacy_path,canonical SISFOH crosswalk plus legacy RUV path,exact RUV path and victimization score,accepted,2026-08-13,Canonical source code and historical full path identify the same RUV row.
0905070051,S09000088,canonical_code_and_legacy_path,canonical SISFOH crosswalk plus legacy RUV path,exact RUV path and victimization score,accepted,2026-08-13,Canonical source code and historical full path identify the same RUV row.
0905090047,S09000089,legacy_full_path_exact,INEI delivery plus Dumez legacy RUV path,exact RUV path and victimization score,accepted,2026-08-13,Historical source code differs from the current SISFOH-RUV code map.
0905070049,S09000090,canonical_code_and_legacy_path,canonical SISFOH crosswalk plus legacy RUV path,exact RUV path and victimization score,accepted,2026-08-13,Canonical source code and historical full path identify the same RUV row.
0905070067,S09000091,canonical_code_and_legacy_path,canonical SISFOH crosswalk plus legacy RUV path,exact RUV path and victimization score,accepted,2026-08-13,Canonical source code and historical full path identify the same RUV row.
0905070036,S09000092,canonical_code_and_legacy_path,canonical SISFOH crosswalk plus legacy RUV path,exact RUV path and victimization score,accepted,2026-08-13,Canonical source code and historical full path identify the same RUV row.
0905030030,S09000093,canonical_code_and_legacy_path,canonical SISFOH crosswalk plus legacy RUV path,exact RUV path and victimization score,accepted,2026-08-13,Canonical source code and historical full path identify the same RUV row.
0905010071,S09000094,legacy_full_path_exact,INEI delivery plus Dumez legacy RUV path,exact RUV path and victimization score,accepted,2026-08-13,Historical source code differs from the current SISFOH-RUV code map.
0905030012,S09000095,canonical_code_and_legacy_path,canonical SISFOH crosswalk plus legacy RUV path,exact RUV path and victimization score,accepted,2026-08-13,Canonical source code and historical full path identify the same RUV row.
0905030021,S09000096,canonical_code_and_legacy_path,canonical SISFOH crosswalk plus legacy RUV path,exact RUV path and victimization score,accepted,2026-08-13,Canonical source code and historical full path identify the same RUV row.
0905040021,S09000097,canonical_code_and_legacy_path,canonical SISFOH crosswalk plus legacy RUV path,exact RUV path and victimization score,accepted,2026-08-13,Canonical source code and historical full path identify the same RUV row.
0905020055,S09000098,canonical_code_and_legacy_path,canonical SISFOH crosswalk plus legacy RUV path,exact RUV path and victimization score,accepted,2026-08-13,Canonical source code and historical full path identify the same RUV row.
0905020088,S09000099,canonical_code_and_legacy_path,canonical SISFOH crosswalk plus legacy RUV path,exact RUV path and victimization score,accepted,2026-08-13,Canonical source code and historical full path identify the same RUV row.
0905020054,S09000100,canonical_code_and_legacy_path,canonical SISFOH crosswalk plus legacy RUV path,exact RUV path and victimization score,accepted,2026-08-13,Canonical source code and historical full path identify the same RUV row.
0905020049,S09000101,legacy_path_score_overrides_code,INEI delivery plus Dumez legacy RUV path,exact RUV path and victimization score,accepted,2026-08-13,Historical full path and exact score identify S09000101; code 0905020049 now identifies S09000108.
0905020085,S09000102,legacy_full_path_exact,INEI delivery plus Dumez legacy RUV path,exact RUV path and victimization score,accepted,2026-08-13,Historical source code differs from the current SISFOH-RUV code map.
0905020089,S09000103,canonical_code_and_legacy_path,canonical SISFOH crosswalk plus legacy RUV path,exact RUV path and victimization score,accepted,2026-08-13,Canonical source code and historical full path identify the same RUV row.
0905020053,S09000104,canonical_code_and_legacy_path,canonical SISFOH crosswalk plus legacy RUV path,exact RUV path and victimization score,accepted,2026-08-13,Canonical source code and historical full path identify the same RUV row.
0905020082,S09000105,canonical_code_and_legacy_path,canonical SISFOH crosswalk plus legacy RUV path,exact RUV path and victimization score,accepted,2026-08-13,Canonical source code and historical full path identify the same RUV row.
0905030016,S09000106,legacy_full_path_exact,INEI delivery plus Dumez legacy RUV path,exact RUV path and victimization score,accepted,2026-08-13,Historical source code differs from the current SISFOH-RUV code map.
0904020047,S09000109,legacy_full_path_exact,INEI delivery plus Dumez legacy RUV path,exact RUV path and victimization score,accepted,2026-08-13,Historical source code differs from the current SISFOH-RUV code map.
0905020042,S09000110,canonical_code_and_legacy_path,canonical SISFOH crosswalk plus legacy RUV path,exact RUV path and victimization score,accepted,2026-08-13,Canonical source code and historical full path identify the same RUV row.
0905020071,S09000111,canonical_code_and_legacy_path,canonical SISFOH crosswalk plus legacy RUV path,exact RUV path and victimization score,accepted,2026-08-13,Canonical source code and historical full path identify the same RUV row.
0905010045,S09000112,canonical_code_and_legacy_path,canonical SISFOH crosswalk plus legacy RUV path,exact RUV path and victimization score,accepted,2026-08-13,Canonical source code and historical full path identify the same RUV row.
0905010014,S09000113,canonical_code_and_legacy_path,canonical SISFOH crosswalk plus legacy RUV path,exact RUV path and victimization score,accepted,2026-08-13,Canonical source code and historical full path identify the same RUV row.
0905010012,S09000114,canonical_code_and_legacy_path,canonical SISFOH crosswalk plus legacy RUV path,exact RUV path and victimization score,accepted,2026-08-13,Canonical source code and historical full path identify the same RUV row.
0905010063,S09000115,canonical_code_and_legacy_path,canonical SISFOH crosswalk plus legacy RUV path,exact RUV path and victimization score,accepted,2026-08-13,Canonical source code and historical full path identify the same RUV row.
0905090007,S09000117,canonical_code_and_legacy_path,canonical SISFOH crosswalk plus legacy RUV path,exact RUV path and victimization score,accepted,2026-08-13,Canonical source code and historical full path identify the same RUV row.
0905090032,S09000118,canonical_code_and_legacy_path,canonical SISFOH crosswalk plus legacy RUV path,exact RUV path and victimization score,accepted,2026-08-13,Canonical source code and historical full path identify the same RUV row.
0905090017,S09000119,canonical_code_and_legacy_path,canonical SISFOH crosswalk plus legacy RUV path,exact RUV path and victimization score,accepted,2026-08-13,Canonical source code and historical full path identify the same RUV row.
0905100033,S09000120,canonical_code_and_legacy_path,canonical SISFOH crosswalk plus legacy RUV path,exact RUV path and victimization score,accepted,2026-08-13,Canonical source code and historical full path identify the same RUV row.
0905100012,S09000121,canonical_code_and_legacy_path,canonical SISFOH crosswalk plus legacy RUV path,exact RUV path and victimization score,accepted,2026-08-13,Canonical source code and historical full path identify the same RUV row.
0905100003,S09000122,canonical_code_and_legacy_path,canonical SISFOH crosswalk plus legacy RUV path,exact RUV path and victimization score,accepted,2026-08-13,Canonical source code and historical full path identify the same RUV row.
0905100015,S09000123,canonical_code_and_legacy_path,canonical SISFOH crosswalk plus legacy RUV path,exact RUV path and victimization score,accepted,2026-08-13,Canonical source code and historical full path identify the same RUV row.
0905090033,S09000126,canonical_code_and_legacy_path,canonical SISFOH crosswalk plus legacy RUV path,exact RUV path and victimization score,accepted,2026-08-13,Canonical source code and historical full path identify the same RUV row.
0905040001,S09000127,canonical_code_and_legacy_path,canonical SISFOH crosswalk plus legacy RUV path,exact RUV path and victimization score,accepted,2026-08-13,Canonical source code and historical full path identify the same RUV row.
0905090016,S09000128,canonical_code_and_legacy_path,canonical SISFOH crosswalk plus legacy RUV path,exact RUV path and victimization score,accepted,2026-08-13,Canonical source code and historical full path identify the same RUV row.
0905040008,S09000130,canonical_code_and_legacy_path,canonical SISFOH crosswalk plus legacy RUV path,exact RUV path and victimization score,accepted,2026-08-13,Canonical source code and historical full path identify the same RUV row.
0905020067,S09000133,canonical_code_and_legacy_path,canonical SISFOH crosswalk plus legacy RUV path,exact RUV path and victimization score,accepted,2026-08-13,Canonical source code and historical full path identify the same RUV row.
0905020126,S09000134,canonical_code_and_legacy_path,canonical SISFOH crosswalk plus legacy RUV path,exact RUV path and victimization score,accepted,2026-08-13,Canonical source code and historical full path identify the same RUV row.
0905030001,S09000135,canonical_code_and_legacy_path,canonical SISFOH crosswalk plus legacy RUV path,exact RUV path and victimization score,accepted,2026-08-13,Canonical source code and historical full path identify the same RUV row.
0905030039,S09000136,canonical_code_and_legacy_path,canonical SISFOH crosswalk plus legacy RUV path,exact RUV path and victimization score,accepted,2026-08-13,Canonical source code and historical full path identify the same RUV row.
0905010011,S09000137,canonical_code_and_legacy_path,canonical SISFOH crosswalk plus legacy RUV path,exact RUV path and victimization score,accepted,2026-08-13,Canonical source code and historical full path identify the same RUV row.
0905010006,S09000138,canonical_code_and_legacy_path,canonical SISFOH crosswalk plus legacy RUV path,exact RUV path and victimization score,accepted,2026-08-13,Canonical source code and historical full path identify the same RUV row.
0905010017,S09000139,canonical_code_and_legacy_path,canonical SISFOH crosswalk plus legacy RUV path,exact RUV path and victimization score,accepted,2026-08-13,Canonical source code and historical full path identify the same RUV row.
0905010065,S09000140,canonical_code_and_legacy_path,canonical SISFOH crosswalk plus legacy RUV path,exact RUV path and victimization score,accepted,2026-08-13,Canonical source code and historical full path identify the same RUV row.
0905010026,S09000143,canonical_code_and_legacy_path,canonical SISFOH crosswalk plus legacy RUV path,exact RUV path and victimization score,accepted,2026-08-13,Canonical source code and historical full path identify the same RUV row.
0905010008,S09000144,canonical_code_and_legacy_path,canonical SISFOH crosswalk plus legacy RUV path,exact RUV path and victimization score,accepted,2026-08-13,Canonical source code and historical full path identify the same RUV row.
0905040017,S09000145,canonical_code_and_legacy_path,canonical SISFOH crosswalk plus legacy RUV path,exact RUV path and victimization score,accepted,2026-08-13,Canonical source code and historical full path identify the same RUV row.
0905040025,S09000146,canonical_code_and_legacy_path,canonical SISFOH crosswalk plus legacy RUV path,exact RUV path and victimization score,accepted,2026-08-13,Canonical source code and historical full path identify the same RUV row.
0905040016,S09000147,canonical_code_and_legacy_path,canonical SISFOH crosswalk plus legacy RUV path,exact RUV path and victimization score,accepted,2026-08-13,Canonical source code and historical full path identify the same RUV row.
0905040013,S09000148,canonical_code_and_legacy_path,canonical SISFOH crosswalk plus legacy RUV path,exact RUV path and victimization score,accepted,2026-08-13,Canonical source code and historical full path identify the same RUV row.
0905100032,S09000149,canonical_code_and_legacy_path,canonical SISFOH crosswalk plus legacy RUV path,exact RUV path and victimization score,accepted,2026-08-13,Canonical source code and historical full path identify the same RUV row.
0905100026,S09000150,canonical_code_and_legacy_path,canonical SISFOH crosswalk plus legacy RUV path,exact RUV path and victimization score,accepted,2026-08-13,Canonical source code and historical full path identify the same RUV row.
0905100034,S09000151,canonical_code_and_legacy_path,canonical SISFOH crosswalk plus legacy RUV path,exact RUV path and victimization score,accepted,2026-08-13,Canonical source code and historical full path identify the same RUV row.
0905100001,S09000152,canonical_code_and_legacy_path,canonical SISFOH crosswalk plus legacy RUV path,exact RUV path and victimization score,accepted,2026-08-13,Canonical source code and historical full path identify the same RUV row.
0905100035,S09000153,canonical_code_and_legacy_path,canonical SISFOH crosswalk plus legacy RUV path,exact RUV path and victimization score,accepted,2026-08-13,Canonical source code and historical full path identify the same RUV row.
0905100028,S09000154,canonical_code_and_legacy_path,canonical SISFOH crosswalk plus legacy RUV path,exact RUV path and victimization score,accepted,2026-08-13,Canonical source code and historical full path identify the same RUV row.
0905100037,S09000155,canonical_code_and_legacy_path,canonical SISFOH crosswalk plus legacy RUV path,exact RUV path and victimization score,accepted,2026-08-13,Canonical source code and historical full path identify the same RUV row.
0905070032,S09000156,canonical_code_and_legacy_path,canonical SISFOH crosswalk plus legacy RUV path,exact RUV path and victimization score,accepted,2026-08-13,Canonical source code and historical full path identify the same RUV row.
0905070041,S09000157,canonical_code_and_legacy_path,canonical SISFOH crosswalk plus legacy RUV path,exact RUV path and victimization score,accepted,2026-08-13,Canonical source code and historical full path identify the same RUV row.
0905070009,S09000158,canonical_code_and_legacy_path,canonical SISFOH crosswalk plus legacy RUV path,exact RUV path and victimization score,accepted,2026-08-13,Canonical source code and historical full path identify the same RUV row.
0905070019,S09000159,canonical_code_and_legacy_path,canonical SISFOH crosswalk plus legacy RUV path,exact RUV path and victimization score,accepted,2026-08-13,Canonical source code and historical full path identify the same RUV row.
0905070010,S09000160,canonical_code_and_legacy_path,canonical SISFOH crosswalk plus legacy RUV path,exact RUV path and victimization score,accepted,2026-08-13,Canonical source code and historical full path identify the same RUV row.
0907090037,S09000162,canonical_code_and_legacy_path,canonical SISFOH crosswalk plus legacy RUV path,exact RUV path and victimization score,accepted,2026-08-13,Canonical source code and historical full path identify the same RUV row.
0907050083,S09000163,legacy_full_path_exact,INEI delivery plus Dumez legacy RUV path,exact RUV path and victimization score,accepted,2026-08-13,Historical source code differs from the current SISFOH-RUV code map.
0907090035,S09000166,canonical_code_and_legacy_path,canonical SISFOH crosswalk plus legacy RUV path,exact RUV path and victimization score,accepted,2026-08-13,Canonical source code and historical full path identify the same RUV row.
0907160005,S09000167,legacy_full_path_exact,INEI delivery plus Dumez legacy RUV path,exact RUV path and victimization score,accepted,2026-08-13,Historical source code differs from the current SISFOH-RUV code map.
0907180035,S09000168,canonical_code_and_legacy_path,canonical SISFOH crosswalk plus legacy RUV path,exact RUV path and victimization score,accepted,2026-08-13,Canonical source code and historical full path identify the same RUV row.
0907180001,S09000169,canonical_code_and_legacy_path,canonical SISFOH crosswalk plus legacy RUV path,exact RUV path and victimization score,accepted,2026-08-13,Canonical source code and historical full path identify the same RUV row.
0907190014,S09000170,legacy_full_path_exact,INEI delivery plus Dumez legacy RUV path,exact RUV path and victimization score,accepted,2026-08-13,Historical source code differs from the current SISFOH-RUV code map.
0907150004,S09000170,legacy_full_path_exact,INEI delivery plus Dumez legacy RUV path,exact RUV path and victimization score,accepted,2026-08-13,Historical source code differs from the current SISFOH-RUV code map.
0907210019,S09000171,legacy_full_path_exact,INEI delivery plus Dumez legacy RUV path,exact RUV path and victimization score,accepted,2026-08-13,Historical source code differs from the current SISFOH-RUV code map.
0907170031,S09000172,canonical_code_and_legacy_path,canonical SISFOH crosswalk plus legacy RUV path,exact RUV path and victimization score,accepted,2026-08-13,Canonical source code and historical full path identify the same RUV row.
0907170001,S09000173,canonical_code_and_legacy_path,canonical SISFOH crosswalk plus legacy RUV path,exact RUV path and victimization score,accepted,2026-08-13,Canonical source code and historical full path identify the same RUV row.
0907170033,S09000174,canonical_code_and_legacy_path,canonical SISFOH crosswalk plus legacy RUV path,exact RUV path and victimization score,accepted,2026-08-13,Canonical source code and historical full path identify the same RUV row.
0907170024,S09000175,canonical_code_and_legacy_path,canonical SISFOH crosswalk plus legacy RUV path,exact RUV path and victimization score,accepted,2026-08-13,Canonical source code and historical full path identify the same RUV row.
0907170054,S09000176,canonical_code_and_legacy_path,canonical SISFOH crosswalk plus legacy RUV path,exact RUV path and victimization score,accepted,2026-08-13,Canonical source code and historical full path identify the same RUV row.
0907170036,S09000177,canonical_code_and_legacy_path,canonical SISFOH crosswalk plus legacy RUV path,exact RUV path and victimization score,accepted,2026-08-13,Canonical source code and historical full path identify the same RUV row.
0907170010,S09000178,canonical_code_and_legacy_path,canonical SISFOH crosswalk plus legacy RUV path,exact RUV path and victimization score,accepted,2026-08-13,Canonical source code and historical full path identify the same RUV row.
0907050068,S09000179,canonical_code_and_legacy_path,canonical SISFOH crosswalk plus legacy RUV path,exact RUV path and victimization score,accepted,2026-08-13,Canonical source code and historical full path identify the same RUV row.
0907050039,S09000180,canonical_code_and_legacy_path,canonical SISFOH crosswalk plus legacy RUV path,exact RUV path and victimization score,accepted,2026-08-13,Canonical source code and historical full path identify the same RUV row.
0907160006,S09000191,canonical_code_and_legacy_path,canonical SISFOH crosswalk plus legacy RUV path,exact RUV path and victimization score,accepted,2026-08-13,Canonical source code and historical full path identify the same RUV row.
0907050038,S09000193,canonical_code_and_legacy_path,canonical SISFOH crosswalk plus legacy RUV path,exact RUV path and victimization score,accepted,2026-08-13,Canonical source code and historical full path identify the same RUV row.
0907050020,S09000194,canonical_code_and_legacy_path,canonical SISFOH crosswalk plus legacy RUV path,exact RUV path and victimization score,accepted,2026-08-13,Canonical source code and historical full path identify the same RUV row.
0907050067,S09000195,canonical_code_and_legacy_path,canonical SISFOH crosswalk plus legacy RUV path,exact RUV path and victimization score,accepted,2026-08-13,Canonical source code and historical full path identify the same RUV row.
0907050213,S09000196,legacy_full_path_exact,INEI delivery plus Dumez legacy RUV path,exact RUV path and victimization score,accepted,2026-08-13,Historical source code differs from the current SISFOH-RUV code map.
0907050063,S09000197,canonical_code_and_legacy_path,canonical SISFOH crosswalk plus legacy RUV path,exact RUV path and victimization score,accepted,2026-08-13,Canonical source code and historical full path identify the same RUV row.
0907160002,S09000198,canonical_code_and_legacy_path,canonical SISFOH crosswalk plus legacy RUV path,exact RUV path and victimization score,accepted,2026-08-13,Canonical source code and historical full path identify the same RUV row.
0907160008,S09000199,canonical_code_and_legacy_path,canonical SISFOH crosswalk plus legacy RUV path,exact RUV path and victimization score,accepted,2026-08-13,Canonical source code and historical full path identify the same RUV row.
0907170006,S09000200,canonical_code_and_legacy_path,canonical SISFOH crosswalk plus legacy RUV path,exact RUV path and victimization score,accepted,2026-08-13,Canonical source code and historical full path identify the same RUV row.
0907110017,S09000201,legacy_full_path_exact,INEI delivery plus Dumez legacy RUV path,exact RUV path and victimization score,accepted,2026-08-13,Historical source code differs from the current SISFOH-RUV code map.
0907210009,S09000202,legacy_full_path_exact,INEI delivery plus Dumez legacy RUV path,exact RUV path and victimization score,accepted,2026-08-13,Historical source code differs from the current SISFOH-RUV code map.
0902010006,S09000203,canonical_code_and_legacy_path,canonical SISFOH crosswalk plus legacy RUV path,exact RUV path and victimization score,accepted,2026-08-13,Canonical source code and historical full path identify the same RUV row.
0902010034,S09000204,canonical_code_and_legacy_path,canonical SISFOH crosswalk plus legacy RUV path,exact RUV path and victimization score,accepted,2026-08-13,Canonical source code and historical full path identify the same RUV row.
0902010044,S09000205,canonical_code_and_legacy_path,canonical SISFOH crosswalk plus legacy RUV path,exact RUV path and victimization score,accepted,2026-08-13,Canonical source code and historical full path identify the same RUV row.
0902030013,S09000207,canonical_code_and_legacy_path,canonical SISFOH crosswalk plus legacy RUV path,exact RUV path and victimization score,accepted,2026-08-13,Canonical source code and historical full path identify the same RUV row.
0902030003,S09000208,canonical_code_and_legacy_path,canonical SISFOH crosswalk plus legacy RUV path,exact RUV path and victimization score,accepted,2026-08-13,Canonical source code and historical full path identify the same RUV row.
0902030035,S09000209,canonical_code_and_legacy_path,canonical SISFOH crosswalk plus legacy RUV path,exact RUV path and victimization score,accepted,2026-08-13,Canonical source code and historical full path identify the same RUV row.
0902030010,S09000210,canonical_code_and_legacy_path,canonical SISFOH crosswalk plus legacy RUV path,exact RUV path and victimization score,accepted,2026-08-13,Canonical source code and historical full path identify the same RUV row.
0902030001,S09000211,canonical_code_and_legacy_path,canonical SISFOH crosswalk plus legacy RUV path,exact RUV path and victimization score,accepted,2026-08-13,Canonical source code and historical full path identify the same RUV row.
0902040007,S09000212,canonical_code_and_legacy_path,canonical SISFOH crosswalk plus legacy RUV path,exact RUV path and victimization score,accepted,2026-08-13,Canonical source code and historical full path identify the same RUV row.
0902050018,S09000216,canonical_code_and_legacy_path,canonical SISFOH crosswalk plus legacy RUV path,exact RUV path and victimization score,accepted,2026-08-13,Canonical source code and historical full path identify the same RUV row.
0902050013,S09000217,canonical_code_and_legacy_path,canonical SISFOH crosswalk plus legacy RUV path,exact RUV path and victimization score,accepted,2026-08-13,Canonical source code and historical full path identify the same RUV row.
0902050007,S09000218,canonical_code_and_legacy_path,canonical SISFOH crosswalk plus legacy RUV path,exact RUV path and victimization score,accepted,2026-08-13,Canonical source code and historical full path identify the same RUV row.
0902050017,S09000219,canonical_code_and_legacy_path,canonical SISFOH crosswalk plus legacy RUV path,exact RUV path and victimization score,accepted,2026-08-13,Canonical source code and historical full path identify the same RUV row.
0902050014,S09000220,canonical_code_and_legacy_path,canonical SISFOH crosswalk plus legacy RUV path,exact RUV path and victimization score,accepted,2026-08-13,Canonical source code and historical full path identify the same RUV row.
0902050021,S09000221,canonical_code_and_legacy_path,canonical SISFOH crosswalk plus legacy RUV path,exact RUV path and victimization score,accepted,2026-08-13,Canonical source code and historical full path identify the same RUV row.
0902010001,S09000227,canonical_code_and_legacy_path,canonical SISFOH crosswalk plus legacy RUV path,exact RUV path and victimization score,accepted,2026-08-13,Canonical source code and historical full path identify the same RUV row.
0902010021,S09000229,canonical_code_and_legacy_path,canonical SISFOH crosswalk plus legacy RUV path,exact RUV path and victimization score,accepted,2026-08-13,Canonical source code and historical full path identify the same RUV row.
0902010019,S09000230,canonical_code_and_legacy_path,canonical SISFOH crosswalk plus legacy RUV path,exact RUV path and victimization score,accepted,2026-08-13,Canonical source code and historical full path identify the same RUV row.
0902010030,S09000232,canonical_code_and_legacy_path,canonical SISFOH crosswalk plus legacy RUV path,exact RUV path and victimization score,accepted,2026-08-13,Canonical source code and historical full path identify the same RUV row.
0902010022,S09000233,canonical_code_and_legacy_path,canonical SISFOH crosswalk plus legacy RUV path,exact RUV path and victimization score,accepted,2026-08-13,Canonical source code and historical full path identify the same RUV row.
0902030012,S09000234,legacy_full_path_exact,INEI delivery plus Dumez legacy RUV path,exact RUV path and victimization score,accepted,2026-08-13,Historical source code differs from the current SISFOH-RUV code map.
0902030006,S09000235,canonical_code_and_legacy_path,canonical SISFOH crosswalk plus legacy RUV path,exact RUV path and victimization score,accepted,2026-08-13,Canonical source code and historical full path identify the same RUV row.
0902030014,S09000236,legacy_full_path_exact,INEI delivery plus Dumez legacy RUV path,exact RUV path and victimization score,accepted,2026-08-13,Historical source code differs from the current SISFOH-RUV code map.
0902030027,S09000237,canonical_code_and_legacy_path,canonical SISFOH crosswalk plus legacy RUV path,exact RUV path and victimization score,accepted,2026-08-13,Canonical source code and historical full path identify the same RUV row.
0902030004,S09000238,canonical_code_and_legacy_path,canonical SISFOH crosswalk plus legacy RUV path,exact RUV path and victimization score,accepted,2026-08-13,Canonical source code and historical full path identify the same RUV row.
0902040001,S09000239,canonical_code_and_legacy_path,canonical SISFOH crosswalk plus legacy RUV path,exact RUV path and victimization score,accepted,2026-08-13,Canonical source code and historical full path identify the same RUV row.
0902040037,S09000240,canonical_code_and_legacy_path,canonical SISFOH crosswalk plus legacy RUV path,exact RUV path and victimization score,accepted,2026-08-13,Canonical source code and historical full path identify the same RUV row.
0902040002,S09000241,canonical_code_and_legacy_path,canonical SISFOH crosswalk plus legacy RUV path,exact RUV path and victimization score,accepted,2026-08-13,Canonical source code and historical full path identify the same RUV row.
0902040032,S09000242,canonical_code_and_legacy_path,canonical SISFOH crosswalk plus legacy RUV path,exact RUV path and victimization score,accepted,2026-08-13,Canonical source code and historical full path identify the same RUV row.
0902040024,S09000243,canonical_code_and_legacy_path,canonical SISFOH crosswalk plus legacy RUV path,exact RUV path and victimization score,accepted,2026-08-13,Canonical source code and historical full path identify the same RUV row.
0902040022,S09000244,canonical_code_and_legacy_path,canonical SISFOH crosswalk plus legacy RUV path,exact RUV path and victimization score,accepted,2026-08-13,Canonical source code and historical full path identify the same RUV row.
0902040019,S09000245,canonical_code_and_legacy_path,canonical SISFOH crosswalk plus legacy RUV path,exact RUV path and victimization score,accepted,2026-08-13,Canonical source code and historical full path identify the same RUV row.
0902040014,S09000246,canonical_code_and_legacy_path,canonical SISFOH crosswalk plus legacy RUV path,exact RUV path and victimization score,accepted,2026-08-13,Canonical source code and historical full path identify the same RUV row.
0902040033,S09000247,canonical_code_and_legacy_path,canonical SISFOH crosswalk plus legacy RUV path,exact RUV path and victimization score,accepted,2026-08-13,Canonical source code and historical full path identify the same RUV row.
0902050005,S09000248,canonical_code_and_legacy_path,canonical SISFOH crosswalk plus legacy RUV path,exact RUV path and victimization score,accepted,2026-08-13,Canonical source code and historical full path identify the same RUV row.
0902050010,S09000249,canonical_code_and_legacy_path,canonical SISFOH crosswalk plus legacy RUV path,exact RUV path and victimization score,accepted,2026-08-13,Canonical source code and historical full path identify the same RUV row.
0902050004,S09000250,canonical_code_and_legacy_path,canonical SISFOH crosswalk plus legacy RUV path,exact RUV path and victimization score,accepted,2026-08-13,Canonical source code and historical full path identify the same RUV row.
0902050001,S09000251,canonical_code_and_legacy_path,canonical SISFOH crosswalk plus legacy RUV path,exact RUV path and victimization score,accepted,2026-08-13,Canonical source code and historical full path identify the same RUV row.
0903010002,S09000252,canonical_code_and_legacy_path,canonical SISFOH crosswalk plus legacy RUV path,exact RUV path and victimization score,accepted,2026-08-13,Canonical source code and historical full path identify the same RUV row.
0903010236,S09000253,canonical_code_and_legacy_path,canonical SISFOH crosswalk plus legacy RUV path,exact RUV path and victimization score,accepted,2026-08-13,Canonical source code and historical full path identify the same RUV row.
0903010122,S09000254,canonical_code_and_legacy_path,canonical SISFOH crosswalk plus legacy RUV path,exact RUV path and victimization score,accepted,2026-08-13,Canonical source code and historical full path identify the same RUV row.
0903010007,S09000255,canonical_code_and_legacy_path,canonical SISFOH crosswalk plus legacy RUV path,exact RUV path and victimization score,accepted,2026-08-13,Canonical source code and historical full path identify the same RUV row.
0903010001,S09000256,canonical_code_and_legacy_path,canonical SISFOH crosswalk plus legacy RUV path,exact RUV path and victimization score,accepted,2026-08-13,Canonical source code and historical full path identify the same RUV row.
0903040019,S09000257,canonical_code_and_legacy_path,canonical SISFOH crosswalk plus legacy RUV path,exact RUV path and victimization score,accepted,2026-08-13,Canonical source code and historical full path identify the same RUV row.
0903040038,S09000258,canonical_code_and_legacy_path,canonical SISFOH crosswalk plus legacy RUV path,exact RUV path and victimization score,accepted,2026-08-13,Canonical source code and historical full path identify the same RUV row.
0903050011,S09000259,canonical_code_and_legacy_path,canonical SISFOH crosswalk plus legacy RUV path,exact RUV path and victimization score,accepted,2026-08-13,Canonical source code and historical full path identify the same RUV row.
0903050005,S09000260,canonical_code_and_legacy_path,canonical SISFOH crosswalk plus legacy RUV path,exact RUV path and victimization score,accepted,2026-08-13,Canonical source code and historical full path identify the same RUV row.
0903050016,S09000261,canonical_code_and_legacy_path,canonical SISFOH crosswalk plus legacy RUV path,exact RUV path and victimization score,accepted,2026-08-13,Canonical source code and historical full path identify the same RUV row.
0903050012,S09000262,canonical_code_and_legacy_path,canonical SISFOH crosswalk plus legacy RUV path,exact RUV path and victimization score,accepted,2026-08-13,Canonical source code and historical full path identify the same RUV row.
0903050006,S09000263,canonical_code_and_legacy_path,canonical SISFOH crosswalk plus legacy RUV path,exact RUV path and victimization score,accepted,2026-08-13,Canonical source code and historical full path identify the same RUV row.
0903070001,S09000264,canonical_code_and_legacy_path,canonical SISFOH crosswalk plus legacy RUV path,exact RUV path and victimization score,accepted,2026-08-13,Canonical source code and historical full path identify the same RUV row.
0903100004,S09000265,canonical_code_and_legacy_path,canonical SISFOH crosswalk plus legacy RUV path,exact RUV path and victimization score,accepted,2026-08-13,Canonical source code and historical full path identify the same RUV row.
0903100009,S09000266,canonical_code_and_legacy_path,canonical SISFOH crosswalk plus legacy RUV path,exact RUV path and victimization score,accepted,2026-08-13,Canonical source code and historical full path identify the same RUV row.
0903100001,S09000267,legacy_full_path_exact,INEI delivery plus Dumez legacy RUV path,exact RUV path and victimization score,accepted,2026-08-13,Historical source code differs from the current SISFOH-RUV code map.
0903120020,S09000268,legacy_full_path_exact,INEI delivery plus Dumez legacy RUV path,exact RUV path and victimization score,accepted,2026-08-13,Historical source code differs from the current SISFOH-RUV code map.
0903120015,S09000269,canonical_code_and_legacy_path,canonical SISFOH crosswalk plus legacy RUV path,exact RUV path and victimization score,accepted,2026-08-13,Canonical source code and historical full path identify the same RUV row.
0903120007,S09000270,canonical_code_and_legacy_path,canonical SISFOH crosswalk plus legacy RUV path,exact RUV path and victimization score,accepted,2026-08-13,Canonical source code and historical full path identify the same RUV row.
0903120009,S09000271,canonical_code_and_legacy_path,canonical SISFOH crosswalk plus legacy RUV path,exact RUV path and victimization score,accepted,2026-08-13,Canonical source code and historical full path identify the same RUV row.
0903120016,S09000272,legacy_full_path_exact,INEI delivery plus Dumez legacy RUV path,exact RUV path and victimization score,accepted,2026-08-13,Historical source code differs from the current SISFOH-RUV code map.
0903120003,S09000273,canonical_code_and_legacy_path,canonical SISFOH crosswalk plus legacy RUV path,exact RUV path and victimization score,accepted,2026-08-13,Canonical source code and historical full path identify the same RUV row.
0903060017,S09000284,canonical_code_and_legacy_path,canonical SISFOH crosswalk plus legacy RUV path,exact RUV path and victimization score,accepted,2026-08-13,Canonical source code and historical full path identify the same RUV row.
0903060004,S09000285,canonical_code_and_legacy_path,canonical SISFOH crosswalk plus legacy RUV path,exact RUV path and victimization score,accepted,2026-08-13,Canonical source code and historical full path identify the same RUV row.
0903060001,S09000286,canonical_code_and_legacy_path,canonical SISFOH crosswalk plus legacy RUV path,exact RUV path and victimization score,accepted,2026-08-13,Canonical source code and historical full path identify the same RUV row.
0903060025,S09000287,canonical_code_and_legacy_path,canonical SISFOH crosswalk plus legacy RUV path,exact RUV path and victimization score,accepted,2026-08-13,Canonical source code and historical full path identify the same RUV row.
0903060011,S09000288,canonical_code_and_legacy_path,canonical SISFOH crosswalk plus legacy RUV path,exact RUV path and victimization score,accepted,2026-08-13,Canonical source code and historical full path identify the same RUV row.
0903060022,S09000289,canonical_code_and_legacy_path,canonical SISFOH crosswalk plus legacy RUV path,exact RUV path and victimization score,accepted,2026-08-13,Canonical source code and historical full path identify the same RUV row.
0903060009,S09000290,canonical_code_and_legacy_path,canonical SISFOH crosswalk plus legacy RUV path,exact RUV path and victimization score,accepted,2026-08-13,Canonical source code and historical full path identify the same RUV row.
0903060068,S09000291,canonical_code_and_legacy_path,canonical SISFOH crosswalk plus legacy RUV path,exact RUV path and victimization score,accepted,2026-08-13,Canonical source code and historical full path identify the same RUV row.
0903050001,S09000294,canonical_code_and_legacy_path,canonical SISFOH crosswalk plus legacy RUV path,exact RUV path and victimization score,accepted,2026-08-13,Canonical source code and historical full path identify the same RUV row.
0903050019,S09000295,canonical_code_and_legacy_path,canonical SISFOH crosswalk plus legacy RUV path,exact RUV path and victimization score,accepted,2026-08-13,Canonical source code and historical full path identify the same RUV row.
0903060047,S09000296,canonical_code_and_legacy_path,canonical SISFOH crosswalk plus legacy RUV path,exact RUV path and victimization score,accepted,2026-08-13,Canonical source code and historical full path identify the same RUV row.
0903060003,S09000297,canonical_code_and_legacy_path,canonical SISFOH crosswalk plus legacy RUV path,exact RUV path and victimization score,accepted,2026-08-13,Canonical source code and historical full path identify the same RUV row.
0903060058,S09000298,canonical_code_and_legacy_path,canonical SISFOH crosswalk plus legacy RUV path,exact RUV path and victimization score,accepted,2026-08-13,Canonical source code and historical full path identify the same RUV row.
0903060046,S09000299,canonical_code_and_legacy_path,canonical SISFOH crosswalk plus legacy RUV path,exact RUV path and victimization score,accepted,2026-08-13,Canonical source code and historical full path identify the same RUV row.
0903060041,S09000300,canonical_code_and_legacy_path,canonical SISFOH crosswalk plus legacy RUV path,exact RUV path and victimization score,accepted,2026-08-13,Canonical source code and historical full path identify the same RUV row.
0903120012,S09000304,canonical_code_and_legacy_path,canonical SISFOH crosswalk plus legacy RUV path,exact RUV path and victimization score,accepted,2026-08-13,Canonical source code and historical full path identify the same RUV row.
0903120001,S09000305,canonical_code_and_legacy_path,canonical SISFOH crosswalk plus legacy RUV path,exact RUV path and victimization score,accepted,2026-08-13,Canonical source code and historical full path identify the same RUV row.
0904040020,S09000312,canonical_code_and_legacy_path,canonical SISFOH crosswalk plus legacy RUV path,exact RUV path and victimization score,accepted,2026-08-13,Canonical source code and historical full path identify the same RUV row.
0904040060,S09000313,canonical_code_and_legacy_path,canonical SISFOH crosswalk plus legacy RUV path,exact RUV path and victimization score,accepted,2026-08-13,Canonical source code and historical full path identify the same RUV row.
0904050014,S09000315,canonical_code_and_legacy_path,canonical SISFOH crosswalk plus legacy RUV path,exact RUV path and victimization score,accepted,2026-08-13,Canonical source code and historical full path identify the same RUV row.
0904050001,S09000316,canonical_code_and_legacy_path,canonical SISFOH crosswalk plus legacy RUV path,exact RUV path and victimization score,accepted,2026-08-13,Canonical source code and historical full path identify the same RUV row.
0904050020,S09000317,canonical_code_and_legacy_path,canonical SISFOH crosswalk plus legacy RUV path,exact RUV path and victimization score,accepted,2026-08-13,Canonical source code and historical full path identify the same RUV row.
0904040001,S09000327,canonical_code_and_legacy_path,canonical SISFOH crosswalk plus legacy RUV path,exact RUV path and victimization score,accepted,2026-08-13,Canonical source code and historical full path identify the same RUV row.
0906150001,S09000328,canonical_code_and_legacy_path,canonical SISFOH crosswalk plus legacy RUV path,exact RUV path and victimization score,accepted,2026-08-13,Canonical source code and historical full path identify the same RUV row.
0906030001,S09000332,canonical_code_and_legacy_path,canonical SISFOH crosswalk plus legacy RUV path,exact RUV path and victimization score,accepted,2026-08-13,Canonical source code and historical full path identify the same RUV row.
0906060046,S09000336,canonical_code_and_legacy_path,canonical SISFOH crosswalk plus legacy RUV path,exact RUV path and victimization score,accepted,2026-08-13,Canonical source code and historical full path identify the same RUV row.
0906060001,S09000337,canonical_code_and_legacy_path,canonical SISFOH crosswalk plus legacy RUV path,exact RUV path and victimization score,accepted,2026-08-13,Canonical source code and historical full path identify the same RUV row.
0906060064,S09000338,canonical_code_and_legacy_path,canonical SISFOH crosswalk plus legacy RUV path,exact RUV path and victimization score,accepted,2026-08-13,Canonical source code and historical full path identify the same RUV row.
0906060112,S09000339,canonical_code_and_legacy_path,canonical SISFOH crosswalk plus legacy RUV path,exact RUV path and victimization score,accepted,2026-08-13,Canonical source code and historical full path identify the same RUV row.
0906090001,S09000343,canonical_code_and_legacy_path,canonical SISFOH crosswalk plus legacy RUV path,exact RUV path and victimization score,accepted,2026-08-13,Canonical source code and historical full path identify the same RUV row.
0903100014,S09000350,canonical_code_and_legacy_path,canonical SISFOH crosswalk plus legacy RUV path,exact RUV path and victimization score,accepted,2026-08-13,Canonical source code and historical full path identify the same RUV row.
0903100008,S09000351,canonical_code_and_legacy_path,canonical SISFOH crosswalk plus legacy RUV path,exact RUV path and victimization score,accepted,2026-08-13,Canonical source code and historical full path identify the same RUV row.
0903100010,S09000352,canonical_code_and_legacy_path,canonical SISFOH crosswalk plus legacy RUV path,exact RUV path and victimization score,accepted,2026-08-13,Canonical source code and historical full path identify the same RUV row.
0903100012,S09000353,canonical_code_and_legacy_path,canonical SISFOH crosswalk plus legacy RUV path,exact RUV path and victimization score,accepted,2026-08-13,Canonical source code and historical full path identify the same RUV row.
0901140009,S09000354,canonical_code_and_legacy_path,canonical SISFOH crosswalk plus legacy RUV path,exact RUV path and victimization score,accepted,2026-08-13,Canonical source code and historical full path identify the same RUV row.
0901140026,S09000355,canonical_code_and_legacy_path,canonical SISFOH crosswalk plus legacy RUV path,exact RUV path and victimization score,accepted,2026-08-13,Canonical source code and historical full path identify the same RUV row.
0902050020,S09000357,canonical_code_and_legacy_path,canonical SISFOH crosswalk plus legacy RUV path,exact RUV path and victimization score,accepted,2026-08-13,Canonical source code and historical full path identify the same RUV row.
0903060020,S09000358,canonical_code_and_legacy_path,canonical SISFOH crosswalk plus legacy RUV path,exact RUV path and victimization score,accepted,2026-08-13,Canonical source code and historical full path identify the same RUV row.
0903060016,S09000359,canonical_code_and_legacy_path,canonical SISFOH crosswalk plus legacy RUV path,exact RUV path and victimization score,accepted,2026-08-13,Canonical source code and historical full path identify the same RUV row.
0903060021,S09000360,canonical_code_and_legacy_path,canonical SISFOH crosswalk plus legacy RUV path,exact RUV path and victimization score,accepted,2026-08-13,Canonical source code and historical full path identify the same RUV row.
0903060049,S09000361,canonical_code_and_legacy_path,canonical SISFOH crosswalk plus legacy RUV path,exact RUV path and victimization score,accepted,2026-08-13,Canonical source code and historical full path identify the same RUV row.
0903060018,S09000362,canonical_code_and_legacy_path,canonical SISFOH crosswalk plus legacy RUV path,exact RUV path and victimization score,accepted,2026-08-13,Canonical source code and historical full path identify the same RUV row.
0903060008,S09000363,canonical_code_and_legacy_path,canonical SISFOH crosswalk plus legacy RUV path,exact RUV path and victimization score,accepted,2026-08-13,Canonical source code and historical full path identify the same RUV row.
0903050002,S09000364,legacy_full_path_exact,INEI delivery plus Dumez legacy RUV path,exact RUV path and victimization score,accepted,2026-08-13,Historical source code differs from the current SISFOH-RUV code map.
0905020079,S09000365,canonical_code_and_legacy_path,canonical SISFOH crosswalk plus legacy RUV path,exact RUV path and victimization score,accepted,2026-08-13,Canonical source code and historical full path identify the same RUV row.
0905020034,S09000366,canonical_code_and_legacy_path,canonical SISFOH crosswalk plus legacy RUV path,exact RUV path and victimization score,accepted,2026-08-13,Canonical source code and historical full path identify the same RUV row.
0905020102,S09000367,canonical_code_and_legacy_path,canonical SISFOH crosswalk plus legacy RUV path,exact RUV path and victimization score,accepted,2026-08-13,Canonical source code and historical full path identify the same RUV row.
0905030010,S09000368,canonical_code_and_legacy_path,canonical SISFOH crosswalk plus legacy RUV path,exact RUV path and victimization score,accepted,2026-08-13,Canonical source code and historical full path identify the same RUV row.
0905030006,S09000369,canonical_code_and_legacy_path,canonical SISFOH crosswalk plus legacy RUV path,exact RUV path and victimization score,accepted,2026-08-13,Canonical source code and historical full path identify the same RUV row.
0905030008,S09000370,canonical_code_and_legacy_path,canonical SISFOH crosswalk plus legacy RUV path,exact RUV path and victimization score,accepted,2026-08-13,Canonical source code and historical full path identify the same RUV row.
0905030003,S09000371,canonical_code_and_legacy_path,canonical SISFOH crosswalk plus legacy RUV path,exact RUV path and victimization score,accepted,2026-08-13,Canonical source code and historical full path identify the same RUV row.
0905100039,S09000372,canonical_code_and_legacy_path,canonical SISFOH crosswalk plus legacy RUV path,exact RUV path and victimization score,accepted,2026-08-13,Canonical source code and historical full path identify the same RUV row.
0905100027,S09000373,canonical_code_and_legacy_path,canonical SISFOH crosswalk plus legacy RUV path,exact RUV path and victimization score,accepted,2026-08-13,Canonical source code and historical full path identify the same RUV row.
0905100004,S09000374,canonical_code_and_legacy_path,canonical SISFOH crosswalk plus legacy RUV path,exact RUV path and victimization score,accepted,2026-08-13,Canonical source code and historical full path identify the same RUV row.
0905100021,S09000375,legacy_full_path_exact,INEI delivery plus Dumez legacy RUV path,exact RUV path and victimization score,accepted,2026-08-13,Historical source code differs from the current SISFOH-RUV code map.
0905100014,S09000376,canonical_code_and_legacy_path,canonical SISFOH crosswalk plus legacy RUV path,exact RUV path and victimization score,accepted,2026-08-13,Canonical source code and historical full path identify the same RUV row.
0905090028,S09000377,canonical_code_and_legacy_path,canonical SISFOH crosswalk plus legacy RUV path,exact RUV path and victimization score,accepted,2026-08-13,Canonical source code and historical full path identify the same RUV row.
0907180006,S09000380,canonical_code_and_legacy_path,canonical SISFOH crosswalk plus legacy RUV path,exact RUV path and victimization score,accepted,2026-08-13,Canonical source code and historical full path identify the same RUV row.
0903060013,S09000381,canonical_code_and_legacy_path,canonical SISFOH crosswalk plus legacy RUV path,exact RUV path and victimization score,accepted,2026-08-13,Canonical source code and historical full path identify the same RUV row.
0903060078,S09000382,legacy_full_path_exact,INEI delivery plus Dumez legacy RUV path,exact RUV path and victimization score,accepted,2026-08-13,Historical source code differs from the current SISFOH-RUV code map.
0903060069,S09000383,canonical_code_and_legacy_path,canonical SISFOH crosswalk plus legacy RUV path,exact RUV path and victimization score,accepted,2026-08-13,Canonical source code and historical full path identify the same RUV row.
0903060076,S09000384,canonical_code_and_legacy_path,canonical SISFOH crosswalk plus legacy RUV path,exact RUV path and victimization score,accepted,2026-08-13,Canonical source code and historical full path identify the same RUV row.
0903120010,S09000388,canonical_code_and_legacy_path,canonical SISFOH crosswalk plus legacy RUV path,exact RUV path and victimization score,accepted,2026-08-13,Canonical source code and historical full path identify the same RUV row.
0903120028,S09000389,legacy_full_path_exact,INEI delivery plus Dumez legacy RUV path,exact RUV path and victimization score,accepted,2026-08-13,Historical source code differs from the current SISFOH-RUV code map.
0905020066,S09000390,canonical_code_and_legacy_path,canonical SISFOH crosswalk plus legacy RUV path,exact RUV path and victimization score,accepted,2026-08-13,Canonical source code and historical full path identify the same RUV row.
0905030018,S09000392,canonical_code_and_legacy_path,canonical SISFOH crosswalk plus legacy RUV path,exact RUV path and victimization score,accepted,2026-08-13,Canonical source code and historical full path identify the same RUV row.
0905070072,S09000393,legacy_full_path_exact,INEI delivery plus Dumez legacy RUV path,exact RUV path and victimization score,accepted,2026-08-13,Historical source code differs from the current SISFOH-RUV code map.
0901020010,S09000394,canonical_code_and_legacy_path,canonical SISFOH crosswalk plus legacy RUV path,exact RUV path and victimization score,accepted,2026-08-13,Canonical source code and historical full path identify the same RUV row.
0901020043,S09000395,canonical_code_and_legacy_path,canonical SISFOH crosswalk plus legacy RUV path,exact RUV path and victimization score,accepted,2026-08-13,Canonical source code and historical full path identify the same RUV row.
0901010033,S09000396,canonical_code_and_legacy_path,canonical SISFOH crosswalk plus legacy RUV path,exact RUV path and victimization score,accepted,2026-08-13,Canonical source code and historical full path identify the same RUV row.
0901010046,S09000397,canonical_code_and_legacy_path,canonical SISFOH crosswalk plus legacy RUV path,exact RUV path and victimization score,accepted,2026-08-13,Canonical source code and historical full path identify the same RUV row.
0901010059,S09000398,canonical_code_and_legacy_path,canonical SISFOH crosswalk plus legacy RUV path,exact RUV path and victimization score,accepted,2026-08-13,Canonical source code and historical full path identify the same RUV row.
0901010048,S09000399,canonical_code_and_legacy_path,canonical SISFOH crosswalk plus legacy RUV path,exact RUV path and victimization score,accepted,2026-08-13,Canonical source code and historical full path identify the same RUV row.
0901010011,S09000400,canonical_code_and_legacy_path,canonical SISFOH crosswalk plus legacy RUV path,exact RUV path and victimization score,accepted,2026-08-13,Canonical source code and historical full path identify the same RUV row.
0901010022,S09000401,canonical_code_and_legacy_path,canonical SISFOH crosswalk plus legacy RUV path,exact RUV path and victimization score,accepted,2026-08-13,Canonical source code and historical full path identify the same RUV row.
0907180010,S09000404,canonical_code_and_legacy_path,canonical SISFOH crosswalk plus legacy RUV path,exact RUV path and victimization score,accepted,2026-08-13,Canonical source code and historical full path identify the same RUV row.
0907180003,S09000405,canonical_code_and_legacy_path,canonical SISFOH crosswalk plus legacy RUV path,exact RUV path and victimization score,accepted,2026-08-13,Canonical source code and historical full path identify the same RUV row.
0905060001,S09000407,canonical_code_and_legacy_path,canonical SISFOH crosswalk plus legacy RUV path,exact RUV path and victimization score,accepted,2026-08-13,Canonical source code and historical full path identify the same RUV row.
0907160007,S09000409,canonical_code_and_legacy_path,canonical SISFOH crosswalk plus legacy RUV path,exact RUV path and victimization score,accepted,2026-08-13,Canonical source code and historical full path identify the same RUV row.
0901030083,S09000410,canonical_code_and_legacy_path,canonical SISFOH crosswalk plus legacy RUV path,exact RUV path and victimization score,accepted,2026-08-13,Canonical source code and historical full path identify the same RUV row.
0905070045,S09000411,canonical_code_and_legacy_path,canonical SISFOH crosswalk plus legacy RUV path,exact RUV path and victimization score,accepted,2026-08-13,Canonical source code and historical full path identify the same RUV row.
0903120011,S09000412,canonical_code_and_legacy_path,canonical SISFOH crosswalk plus legacy RUV path,exact RUV path and victimization score,accepted,2026-08-13,Canonical source code and historical full path identify the same RUV row.
0903120017,S09000413,canonical_code_and_legacy_path,canonical SISFOH crosswalk plus legacy RUV path,exact RUV path and victimization score,accepted,2026-08-13,Canonical source code and historical full path identify the same RUV row.
0905090001,S09000421,canonical_code_and_legacy_path,canonical SISFOH crosswalk plus legacy RUV path,exact RUV path and victimization score,accepted,2026-08-13,Canonical source code and historical full path identify the same RUV row.
1201350041,S12000181,canonical_code_and_legacy_path,canonical SISFOH crosswalk plus legacy RUV path,exact RUV path and victimization score,accepted,2026-08-13,Canonical source code and historical full path identify the same RUV row.
1201350025,S12000182,canonical_code_and_legacy_path,canonical SISFOH crosswalk plus legacy RUV path,exact RUV path and victimization score,accepted,2026-08-13,Canonical source code and historical full path identify the same RUV row.
1201350011,S12000183,legacy_full_path_exact,INEI delivery plus Dumez legacy RUV path,exact RUV path and victimization score,accepted,2026-08-13,Historical source code differs from the current SISFOH-RUV code map.
1201350047,S12000184,canonical_code_and_legacy_path,canonical SISFOH crosswalk plus legacy RUV path,exact RUV path and victimization score,accepted,2026-08-13,Canonical source code and historical full path identify the same RUV row.
1201350045,S12000185,canonical_code_and_legacy_path,canonical SISFOH crosswalk plus legacy RUV path,exact RUV path and victimization score,accepted,2026-08-13,Canonical source code and historical full path identify the same RUV row.
1201350024,S12000186,canonical_code_and_legacy_path,canonical SISFOH crosswalk plus legacy RUV path,exact RUV path and victimization score,accepted,2026-08-13,Canonical source code and historical full path identify the same RUV row.
1201350027,S12000187,canonical_code_and_legacy_path,canonical SISFOH crosswalk plus legacy RUV path,exact RUV path and victimization score,accepted,2026-08-13,Canonical source code and historical full path identify the same RUV row.
1201350020,S12000188,canonical_code_and_legacy_path,canonical SISFOH crosswalk plus legacy RUV path,exact RUV path and victimization score,accepted,2026-08-13,Canonical source code and historical full path identify the same RUV row.
1201350007,S12000189,canonical_code_and_legacy_path,canonical SISFOH crosswalk plus legacy RUV path,exact RUV path and victimization score,accepted,2026-08-13,Canonical source code and historical full path identify the same RUV row.
1201350018,S12000190,canonical_code_and_legacy_path,canonical SISFOH crosswalk plus legacy RUV path,exact RUV path and victimization score,accepted,2026-08-13,Canonical source code and historical full path identify the same RUV row.
1201350017,S12000191,canonical_code_and_legacy_path,canonical SISFOH crosswalk plus legacy RUV path,exact RUV path and victimization score,accepted,2026-08-13,Canonical source code and historical full path identify the same RUV row.
1201350022,S12000192,canonical_code_and_legacy_path,canonical SISFOH crosswalk plus legacy RUV path,exact RUV path and victimization score,accepted,2026-08-13,Canonical source code and historical full path identify the same RUV row.
1201350001,S12000193,canonical_code_and_legacy_path,canonical SISFOH crosswalk plus legacy RUV path,exact RUV path and victimization score,accepted,2026-08-13,Canonical source code and historical full path identify the same RUV row.
1201350019,S12000194,canonical_code_and_legacy_path,canonical SISFOH crosswalk plus legacy RUV path,exact RUV path and victimization score,accepted,2026-08-13,Canonical source code and historical full path identify the same RUV row.
1201350008,S12000195,canonical_code_and_legacy_path,canonical SISFOH crosswalk plus legacy RUV path,exact RUV path and victimization score,accepted,2026-08-13,Canonical source code and historical full path identify the same RUV row.
1201130014,S12000242,canonical_code_and_legacy_path,canonical SISFOH crosswalk plus legacy RUV path,exact RUV path and victimization score,accepted,2026-08-13,Canonical source code and historical full path identify the same RUV row.
1201130002,S12000243,canonical_code_and_legacy_path,canonical SISFOH crosswalk plus legacy RUV path,exact RUV path and victimization score,accepted,2026-08-13,Canonical source code and historical full path identify the same RUV row.
1201130006,S12000244,canonical_code_and_legacy_path,canonical SISFOH crosswalk plus legacy RUV path,exact RUV path and victimization score,accepted,2026-08-13,Canonical source code and historical full path identify the same RUV row.
1201130001,S12000245,canonical_code_and_legacy_path,canonical SISFOH crosswalk plus legacy RUV path,exact RUV path and victimization score,accepted,2026-08-13,Canonical source code and historical full path identify the same RUV row.
1201050004,S12000247,canonical_code_and_legacy_path,canonical SISFOH crosswalk plus legacy RUV path,exact RUV path and victimization score,accepted,2026-08-13,Canonical source code and historical full path identify the same RUV row.
1201050008,S12000248,canonical_code_and_legacy_path,canonical SISFOH crosswalk plus legacy RUV path,exact RUV path and victimization score,accepted,2026-08-13,Canonical source code and historical full path identify the same RUV row.
1201050001,S12000249,canonical_code_and_legacy_path,canonical SISFOH crosswalk plus legacy RUV path,exact RUV path and victimization score,accepted,2026-08-13,Canonical source code and historical full path identify the same RUV row.
1201050007,S12000250,canonical_code_and_legacy_path,canonical SISFOH crosswalk plus legacy RUV path,exact RUV path and victimization score,accepted,2026-08-13,Canonical source code and historical full path identify the same RUV row.
1201080001,S12000253,canonical_code_and_legacy_path,canonical SISFOH crosswalk plus legacy RUV path,exact RUV path and victimization score,accepted,2026-08-13,Canonical source code and historical full path identify the same RUV row.
1201080004,S12000254,canonical_code_and_legacy_path,canonical SISFOH crosswalk plus legacy RUV path,exact RUV path and victimization score,accepted,2026-08-13,Canonical source code and historical full path identify the same RUV row.
1201080006,S12000255,canonical_code_and_legacy_path,canonical SISFOH crosswalk plus legacy RUV path,exact RUV path and victimization score,accepted,2026-08-13,Canonical source code and historical full path identify the same RUV row.
1201080002,S12000256,canonical_code_and_legacy_path,canonical SISFOH crosswalk plus legacy RUV path,exact RUV path and victimization score,accepted,2026-08-13,Canonical source code and historical full path identify the same RUV row.
1201010005,S12000257,canonical_code_and_legacy_path,canonical SISFOH crosswalk plus legacy RUV path,exact RUV path and victimization score,accepted,2026-08-13,Canonical source code and historical full path identify the same RUV row.
1201010002,S12000258,canonical_code_and_legacy_path,canonical SISFOH crosswalk plus legacy RUV path,exact RUV path and victimization score,accepted,2026-08-13,Canonical source code and historical full path identify the same RUV row.
1201260012,S12000263,canonical_code_and_legacy_path,canonical SISFOH crosswalk plus legacy RUV path,exact RUV path and victimization score,accepted,2026-08-13,Canonical source code and historical full path identify the same RUV row.
1201260010,S12000264,canonical_code_and_legacy_path,canonical SISFOH crosswalk plus legacy RUV path,exact RUV path and victimization score,accepted,2026-08-13,Canonical source code and historical full path identify the same RUV row.
1201140005,S12000265,canonical_code_and_legacy_path,canonical SISFOH crosswalk plus legacy RUV path,exact RUV path and victimization score,accepted,2026-08-13,Canonical source code and historical full path identify the same RUV row.
1201140011,S12000266,canonical_code_and_legacy_path,canonical SISFOH crosswalk plus legacy RUV path,exact RUV path and victimization score,accepted,2026-08-13,Canonical source code and historical full path identify the same RUV row.
1201060008,S12000267,canonical_code_and_legacy_path,canonical SISFOH crosswalk plus legacy RUV path,exact RUV path and victimization score,accepted,2026-08-13,Canonical source code and historical full path identify the same RUV row.
1201060009,S12000267,legacy_full_path_exact,INEI delivery plus Dumez legacy RUV path,exact RUV path and victimization score,accepted,2026-08-13,Historical source code differs from the current SISFOH-RUV code map.
1201060005,S12000268,canonical_code_and_legacy_path,canonical SISFOH crosswalk plus legacy RUV path,exact RUV path and victimization score,accepted,2026-08-13,Canonical source code and historical full path identify the same RUV row.
1201060007,S12000269,canonical_code_and_legacy_path,canonical SISFOH crosswalk plus legacy RUV path,exact RUV path and victimization score,accepted,2026-08-13,Canonical source code and historical full path identify the same RUV row.
1201060003,S12000270,canonical_code_and_legacy_path,canonical SISFOH crosswalk plus legacy RUV path,exact RUV path and victimization score,accepted,2026-08-13,Canonical source code and historical full path identify the same RUV row.
1201060001,S12000271,canonical_code_and_legacy_path,canonical SISFOH crosswalk plus legacy RUV path,exact RUV path and victimization score,accepted,2026-08-13,Canonical source code and historical full path identify the same RUV row.
1201280001,S12000272,canonical_code_and_legacy_path,canonical SISFOH crosswalk plus legacy RUV path,exact RUV path and victimization score,accepted,2026-08-13,Canonical source code and historical full path identify the same RUV row.
1201280045,S12000273,canonical_code_and_legacy_path,canonical SISFOH crosswalk plus legacy RUV path,exact RUV path and victimization score,accepted,2026-08-13,Canonical source code and historical full path identify the same RUV row.
1201280029,S12000274,canonical_code_and_legacy_path,canonical SISFOH crosswalk plus legacy RUV path,exact RUV path and victimization score,accepted,2026-08-13,Canonical source code and historical full path identify the same RUV row.
1201240015,S12000285,canonical_code_and_legacy_path,canonical SISFOH crosswalk plus legacy RUV path,exact RUV path and victimization score,accepted,2026-08-13,Canonical source code and historical full path identify the same RUV row.
1201240045,S12000286,canonical_code_and_legacy_path,canonical SISFOH crosswalk plus legacy RUV path,exact RUV path and victimization score,accepted,2026-08-13,Canonical source code and historical full path identify the same RUV row.
1201240017,S12000289,canonical_code_and_legacy_path,canonical SISFOH crosswalk plus legacy RUV path,exact RUV path and victimization score,accepted,2026-08-13,Canonical source code and historical full path identify the same RUV row.
1201240041,S12000290,canonical_code_and_legacy_path,canonical SISFOH crosswalk plus legacy RUV path,exact RUV path and victimization score,accepted,2026-08-13,Canonical source code and historical full path identify the same RUV row.
1201240001,S12000291,canonical_code_and_legacy_path,canonical SISFOH crosswalk plus legacy RUV path,exact RUV path and victimization score,accepted,2026-08-13,Canonical source code and historical full path identify the same RUV row.
1201240004,S12000292,canonical_code_and_legacy_path,canonical SISFOH crosswalk plus legacy RUV path,exact RUV path and victimization score,accepted,2026-08-13,Canonical source code and historical full path identify the same RUV row.
1201240010,S12000293,canonical_code_and_legacy_path,canonical SISFOH crosswalk plus legacy RUV path,exact RUV path and victimization score,accepted,2026-08-13,Canonical source code and historical full path identify the same RUV row.
1201240040,S12000294,canonical_code_and_legacy_path,canonical SISFOH crosswalk plus legacy RUV path,exact RUV path and victimization score,accepted,2026-08-13,Canonical source code and historical full path identify the same RUV row.
1201240033,S12000295,canonical_code_and_legacy_path,canonical SISFOH crosswalk plus legacy RUV path,exact RUV path and victimization score,accepted,2026-08-13,Canonical source code and historical full path identify the same RUV row.
1201240044,S12000296,canonical_code_and_legacy_path,canonical SISFOH crosswalk plus legacy RUV path,exact RUV path and victimization score,accepted,2026-08-13,Canonical source code and historical full path identify the same RUV row.
1201240031,S12000297,canonical_code_and_legacy_path,canonical SISFOH crosswalk plus legacy RUV path,exact RUV path and victimization score,accepted,2026-08-13,Canonical source code and historical full path identify the same RUV row.
1201240014,S12000298,canonical_code_and_legacy_path,canonical SISFOH crosswalk plus legacy RUV path,exact RUV path and victimization score,accepted,2026-08-13,Canonical source code and historical full path identify the same RUV row.
1201240016,S12000299,canonical_code_and_legacy_path,canonical SISFOH crosswalk plus legacy RUV path,exact RUV path and victimization score,accepted,2026-08-13,Canonical source code and historical full path identify the same RUV row.
1201240029,S12000300,canonical_code_and_legacy_path,canonical SISFOH crosswalk plus legacy RUV path,exact RUV path and victimization score,accepted,2026-08-13,Canonical source code and historical full path identify the same RUV row.
1201240011,S12000301,canonical_code_and_legacy_path,canonical SISFOH crosswalk plus legacy RUV path,exact RUV path and victimization score,accepted,2026-08-13,Canonical source code and historical full path identify the same RUV row.
1201240007,S12000302,canonical_code_and_legacy_path,canonical SISFOH crosswalk plus legacy RUV path,exact RUV path and victimization score,accepted,2026-08-13,Canonical source code and historical full path identify the same RUV row.
1201240049,S12000342,canonical_code_and_legacy_path,canonical SISFOH crosswalk plus legacy RUV path,exact RUV path and victimization score,accepted,2026-08-13,Canonical source code and historical full path identify the same RUV row.
1201240009,S12000343,canonical_code_and_legacy_path,canonical SISFOH crosswalk plus legacy RUV path,exact RUV path and victimization score,accepted,2026-08-13,Canonical source code and historical full path identify the same RUV row.
1201280053,S12000345,canonical_code_and_legacy_path,canonical SISFOH crosswalk plus legacy RUV path,exact RUV path and victimization score,accepted,2026-08-13,Canonical source code and historical full path identify the same RUV row.
1201280027,S12000346,canonical_code_and_legacy_path,canonical SISFOH crosswalk plus legacy RUV path,exact RUV path and victimization score,accepted,2026-08-13,Canonical source code and historical full path identify the same RUV row.
1201350053,S12000347,canonical_code_and_legacy_path,canonical SISFOH crosswalk plus legacy RUV path,exact RUV path and victimization score,accepted,2026-08-13,Canonical source code and historical full path identify the same RUV row.
1201350033,S12000348,canonical_code_and_legacy_path,canonical SISFOH crosswalk plus legacy RUV path,exact RUV path and victimization score,accepted,2026-08-13,Canonical source code and historical full path identify the same RUV row.
1201350049,S12000349,legacy_full_path_exact,INEI delivery plus Dumez legacy RUV path,exact RUV path and victimization score,accepted,2026-08-13,Historical source code differs from the current SISFOH-RUV code map.
1201350031,S12000351,canonical_code_and_legacy_path,canonical SISFOH crosswalk plus legacy RUV path,exact RUV path and victimization score,accepted,2026-08-13,Canonical source code and historical full path identify the same RUV row.
1201350040,S12000352,canonical_code_and_legacy_path,canonical SISFOH crosswalk plus legacy RUV path,exact RUV path and victimization score,accepted,2026-08-13,Canonical source code and historical full path identify the same RUV row.
1201350002,S12000353,canonical_code_and_legacy_path,canonical SISFOH crosswalk plus legacy RUV path,exact RUV path and victimization score,accepted,2026-08-13,Canonical source code and historical full path identify the same RUV row.
1201350035,S12000354,canonical_code_and_legacy_path,canonical SISFOH crosswalk plus legacy RUV path,exact RUV path and victimization score,accepted,2026-08-13,Canonical source code and historical full path identify the same RUV row.
1201350009,S12000355,canonical_code_and_legacy_path,canonical SISFOH crosswalk plus legacy RUV path,exact RUV path and victimization score,accepted,2026-08-13,Canonical source code and historical full path identify the same RUV row.
1201350030,S12000356,canonical_code_and_legacy_path,canonical SISFOH crosswalk plus legacy RUV path,exact RUV path and victimization score,accepted,2026-08-13,Canonical source code and historical full path identify the same RUV row.
1201350029,S12000357,canonical_code_and_legacy_path,canonical SISFOH crosswalk plus legacy RUV path,exact RUV path and victimization score,accepted,2026-08-13,Canonical source code and historical full path identify the same RUV row.
1201350038,S12000358,canonical_code_and_legacy_path,canonical SISFOH crosswalk plus legacy RUV path,exact RUV path and victimization score,accepted,2026-08-13,Canonical source code and historical full path identify the same RUV row.
1201350046,S12000359,canonical_code_and_legacy_path,canonical SISFOH crosswalk plus legacy RUV path,exact RUV path and victimization score,accepted,2026-08-13,Canonical source code and historical full path identify the same RUV row.
1201350032,S12000360,canonical_code_and_legacy_path,canonical SISFOH crosswalk plus legacy RUV path,exact RUV path and victimization score,accepted,2026-08-13,Canonical source code and historical full path identify the same RUV row.
1201350016,S12000361,canonical_code_and_legacy_path,canonical SISFOH crosswalk plus legacy RUV path,exact RUV path and victimization score,accepted,2026-08-13,Canonical source code and historical full path identify the same RUV row.
1201350043,S12000362,canonical_code_and_legacy_path,canonical SISFOH crosswalk plus legacy RUV path,exact RUV path and victimization score,accepted,2026-08-13,Canonical source code and historical full path identify the same RUV row.
1201350013,S12000363,canonical_code_and_legacy_path,canonical SISFOH crosswalk plus legacy RUV path,exact RUV path and victimization score,accepted,2026-08-13,Canonical source code and historical full path identify the same RUV row.
1201350039,S12000364,canonical_code_and_legacy_path,canonical SISFOH crosswalk plus legacy RUV path,exact RUV path and victimization score,accepted,2026-08-13,Canonical source code and historical full path identify the same RUV row.
1201350037,S12000365,canonical_code_and_legacy_path,canonical SISFOH crosswalk plus legacy RUV path,exact RUV path and victimization score,accepted,2026-08-13,Canonical source code and historical full path identify the same RUV row.
1201240019,S12000518,canonical_code_and_legacy_path,canonical SISFOH crosswalk plus legacy RUV path,exact RUV path and victimization score,accepted,2026-08-13,Canonical source code and historical full path identify the same RUV row.
1201240027,S12000519,canonical_code_and_legacy_path,canonical SISFOH crosswalk plus legacy RUV path,exact RUV path and victimization score,accepted,2026-08-13,Canonical source code and historical full path identify the same RUV row.
1201260003,S12000520,canonical_code_and_legacy_path,canonical SISFOH crosswalk plus legacy RUV path,exact RUV path and victimization score,accepted,2026-08-13,Canonical source code and historical full path identify the same RUV row.
1201260001,S12000521,canonical_code_and_legacy_path,canonical SISFOH crosswalk plus legacy RUV path,exact RUV path and victimization score,accepted,2026-08-13,Canonical source code and historical full path identify the same RUV row.
1201350021,S12000522,canonical_code_and_legacy_path,canonical SISFOH crosswalk plus legacy RUV path,exact RUV path and victimization score,accepted,2026-08-13,Canonical source code and historical full path identify the same RUV row.
1201320003,S12000576,canonical_code_and_legacy_path,canonical SISFOH crosswalk plus legacy RUV path,exact RUV path and victimization score,accepted,2026-08-13,Canonical source code and historical full path identify the same RUV row.
1201320002,S12000577,canonical_code_and_legacy_path,canonical SISFOH crosswalk plus legacy RUV path,exact RUV path and victimization score,accepted,2026-08-13,Canonical source code and historical full path identify the same RUV row.
1201350003,S12000578,canonical_code_and_legacy_path,canonical SISFOH crosswalk plus legacy RUV path,exact RUV path and victimization score,accepted,2026-08-13,Canonical source code and historical full path identify the same RUV row.
1201350051,S12000580,canonical_code_and_legacy_path,canonical SISFOH crosswalk plus legacy RUV path,exact RUV path and victimization score,accepted,2026-08-13,Canonical source code and historical full path identify the same RUV row.
1201350028,S12000581,canonical_code_and_legacy_path,canonical SISFOH crosswalk plus legacy RUV path,exact RUV path and victimization score,accepted,2026-08-13,Canonical source code and historical full path identify the same RUV row.
1201350015,S12000582,legacy_full_path_exact,INEI delivery plus Dumez legacy RUV path,exact RUV path and victimization score,accepted,2026-08-13,Historical source code differs from the current SISFOH-RUV code map.
1201070004,S12000636,canonical_code_and_legacy_path,canonical SISFOH crosswalk plus legacy RUV path,exact RUV path and victimization score,accepted,2026-08-13,Canonical source code and historical full path identify the same RUV row.
1201070008,S12000637,canonical_code_and_legacy_path,canonical SISFOH crosswalk plus legacy RUV path,exact RUV path and victimization score,accepted,2026-08-13,Canonical source code and historical full path identify the same RUV row.
1201140004,S12000643,canonical_code_and_legacy_path,canonical SISFOH crosswalk plus legacy RUV path,exact RUV path and victimization score,accepted,2026-08-13,Canonical source code and historical full path identify the same RUV row.
1201140013,S12000645,canonical_code_and_legacy_path,canonical SISFOH crosswalk plus legacy RUV path,exact RUV path and victimization score,accepted,2026-08-13,Canonical source code and historical full path identify the same RUV row.
1201140006,S12000647,canonical_code_and_legacy_path,canonical SISFOH crosswalk plus legacy RUV path,exact RUV path and victimization score,accepted,2026-08-13,Canonical source code and historical full path identify the same RUV row.
1201050012,S12000648,canonical_code_and_legacy_path,canonical SISFOH crosswalk plus legacy RUV path,exact RUV path and victimization score,accepted,2026-08-13,Canonical source code and historical full path identify the same RUV row.
1201140012,S12000649,canonical_code_and_legacy_path,canonical SISFOH crosswalk plus legacy RUV path,exact RUV path and victimization score,accepted,2026-08-13,Canonical source code and historical full path identify the same RUV row.
1201140016,S12000656,canonical_code_and_legacy_path,canonical SISFOH crosswalk plus legacy RUV path,exact RUV path and victimization score,accepted,2026-08-13,Canonical source code and historical full path identify the same RUV row.
1201050011,S12000658,legacy_full_path_exact,INEI delivery plus Dumez legacy RUV path,exact RUV path and victimization score,accepted,2026-08-13,Historical source code differs from the current SISFOH-RUV code map.
1201330010,S12000659,legacy_full_path_exact,INEI delivery plus Dumez legacy RUV path,exact RUV path and victimization score,accepted,2026-08-13,Historical source code differs from the current SISFOH-RUV code map.
1201140009,S12000663,canonical_code_and_legacy_path,canonical SISFOH crosswalk plus legacy RUV path,exact RUV path and victimization score,accepted,2026-08-13,Canonical source code and historical full path identify the same RUV row.
1201190001,S12000669,canonical_code_and_legacy_path,canonical SISFOH crosswalk plus legacy RUV path,exact RUV path and victimization score,accepted,2026-08-13,Canonical source code and historical full path identify the same RUV row.
1201190008,S12000671,canonical_code_and_legacy_path,canonical SISFOH crosswalk plus legacy RUV path,exact RUV path and victimization score,accepted,2026-08-13,Canonical source code and historical full path identify the same RUV row.
1201010003,S12000672,canonical_code_and_legacy_path,canonical SISFOH crosswalk plus legacy RUV path,exact RUV path and victimization score,accepted,2026-08-13,Canonical source code and historical full path identify the same RUV row.
1201240039,S12000733,canonical_code_and_legacy_path,canonical SISFOH crosswalk plus legacy RUV path,exact RUV path and victimization score,accepted,2026-08-13,Canonical source code and historical full path identify the same RUV row.
1201350044,S12000734,canonical_code_and_legacy_path,canonical SISFOH crosswalk plus legacy RUV path,exact RUV path and victimization score,accepted,2026-08-13,Canonical source code and historical full path identify the same RUV row.
1201350034,S12000735,canonical_code_and_legacy_path,canonical SISFOH crosswalk plus legacy RUV path,exact RUV path and victimization score,accepted,2026-08-13,Canonical source code and historical full path identify the same RUV row.
1201350004,S12000736,canonical_code_and_legacy_path,canonical SISFOH crosswalk plus legacy RUV path,exact RUV path and victimization score,accepted,2026-08-13,Canonical source code and historical full path identify the same RUV row.
1201240055,S12000739,canonical_code_and_legacy_path,canonical SISFOH crosswalk plus legacy RUV path,exact RUV path and victimization score,accepted,2026-08-13,Canonical source code and historical full path identify the same RUV row.
1201240006,S12000740,canonical_code_and_legacy_path,canonical SISFOH crosswalk plus legacy RUV path,exact RUV path and victimization score,accepted,2026-08-13,Canonical source code and historical full path identify the same RUV row.
