outcome_id,outcome_var,outcome_label,family,tier,multiplicity_family,paper_order,spec_id,estimand,estimator,sample_rule,weighting,vce,p,q,kernel,bwselect,tuning_value,h_left,h_right,b_left,b_right,scale,n_input,n_eff_left,n_eff_right,ccpp_left,ccpp_right,clusters,estimate_cl,estimate_bc,standard_error,pvalue,ci_low,ci_high,control_mean,control_sd,standardized_estimate,standardized_ci_low,standardized_ci_high,first_stage_cl,first_stage_bc,first_stage_se,first_stage_f,weak_robust_p,wild_cluster_p,underid_p,estimation_rc,p_holm,q_bh
D01,treat_12,Treatment through 2012: linked person universe,design,design,design,-4,common_h_ccpp_equal,first_stage,rdrobust,selected_bc_individual,ccpp_equal,cr2 cluster_ruv,1,2,triangular,manual,,.0075,.0074999998,.0135,.0135,1,141679,9109,4042,43,22,65,.6720353021488913,.78113091,.23437309,.00085960561,.32176808,1.2404938,.3488372093023256,.47662851,1.638867288589947,.67509192,2.6026425,,,,,,,,0,,
D02,treat_12,Treatment through 2012: complete primary sample,design,design,design,-3,common_h_primary_ccpp_equal,first_stage,rdrobust,selected_bc_primary_individual,ccpp_equal,cr2 cluster_ruv,1,2,triangular,manual,,.0075,.0074999998,.0135,.0135,1,98005,6075,2795,43,22,65,.6720353021488912,.78113091,.23437309,.00085960561,.32176808,1.2404938,.3488372093023256,.4766416,1.638822355527727,.67507344,2.6025712,,,,,,,,0,,
D03,treat_12,Treatment through 2012: person-equal sensitivity,design,design,design,-2,common_h_primary_person_equal,first_stage,rdrobust,selected_bc_primary_individual,person_equal,cr2 cluster_ruv,1,2,triangular,manual,,.0075,.0074999998,.0135,.0135,1,98005,6075,2795,43,22,65,.44323584321065,.44066313,.35049233,.20865627,-.24628922,1.1276155,.3996707818930041,.48987097,.8995494216361775,-.50276345,2.3018622,,,,,,,,0,,
D04,treat_12,Treatment through 2012: treatment-based MSE selector,design,design,design,-1,mserd_primary_ccpp_equal,first_stage,rdrobust,selected_bc_primary_individual,ccpp_equal,cr2 cluster_ruv,1,2,triangular,mserd,,.007538237416039,.0075382376,.013544464,.013544464,1,98005,6124,2795,44,22,66,.6736748512200175,.7837441,.2338559,.00080404733,.32539499,1.2420932,.3409090909090909,.47405356,1.653281791753443,.68640977,2.6201539,,,,,,,,0,,
I01,female_2013,Female,composition,primary,primary_2013_individual,1,common_h_covariates,fuzzy_late,rdrobust,selected_bc_primary_individual,ccpp_equal,cr2 cluster_ruv,1,2,triangular,manual,,.0075,.0074999998,.0135,.0135,100,93460,5769,2795,41,22,63,-.9298431551416573,-1.2107927,6.6898937,.85637677,-14.322743,11.901158,52.98415760449391,49.915195,-.0242569956109626,-.28694156,.23842755,.6504989846138975,.75404376,.19892886,14.368038,,,,0,1,.8563767671585083
I01,female_2013,Female,composition,primary,primary_2013_individual,1,common_h_cr1_ccpp,fuzzy_late,rdrobust,selected_bc_primary_individual,ccpp_equal,cr1 cluster_ruv,1,2,triangular,manual,,.0075,.0074999998,.0135,.0135,100,98005,6075,2795,43,22,65,-4.056249181753386,-4.0285687,8.5464268,.63737327,-20.779257,12.722119,52.83855842554075,49.92347,-.0806948827038683,-.41622221,.25483245,.6720353021488912,.78113091,.22290401,12.280382,,,,0,1,.6753095984458923
I01,female_2013,Female,composition,primary,primary_2013_individual,1,common_h_cr2_district,fuzzy_late,rdrobust,selected_bc_primary_individual,ccpp_equal,cr2 cluster_dist,1,2,triangular,manual,,.0075,.0074999998,.0135,.0135,100,98005,6075,2795,43,22,45,-4.056249181753386,-4.0285687,8.9183254,.65147215,-21.508165,13.451029,52.83855842554075,49.92347,-.0806948827038683,-.43082273,.26943296,.6720353021488912,.78113091,.23184101,11.351862,,,,0,1,.6966848373413086
I01,female_2013,Female,composition,primary,primary_2013_individual,1,common_h_cr2_score,fuzzy_late,rdrobust,selected_bc_primary_individual,ccpp_equal,cr2 cluster_score,1,2,triangular,manual,,.0075,.0074999998,.0135,.0135,100,98005,6075,2795,43,22,49,-4.056249181753386,-4.0285687,9.1493483,.65971112,-21.960962,13.903825,52.83855842554075,49.92347,-.0806948827038683,-.43989256,.27850279,.6720353021488912,.78113091,.24362636,10.280142,,,,0,1,.6823222637176514
I01,female_2013,Female,composition,primary,primary_2013_individual,1,common_h_cr3_ccpp,fuzzy_late,rdrobust,selected_bc_primary_individual,ccpp_equal,cr3 cluster_ruv,1,2,triangular,manual,,.0075,.0074999998,.0135,.0135,100,98005,6075,2795,43,22,65,-4.056249181753386,-4.0285687,9.4897985,.67118973,-22.628231,14.571095,52.83855842554075,49.92347,-.0806948827038683,-.4532584,.29186863,.6720353021488912,.78113091,.24998967,9.7634544,,,,0,1,.7071436047554016
I01,female_2013,Female,composition,primary,primary_2013_individual,1,common_h_epanechnikov,fuzzy_late,rdrobust,selected_bc_primary_individual,ccpp_equal,cr2 cluster_ruv,1,2,epanechnikov,manual,,.0075,.0074999998,.0135,.0135,100,98005,6075,2795,43,22,65,-3.496406207395209,-3.2056587,8.1692772,.69475955,-19.217148,12.80583,52.83855842554075,49.92347,-.0642114561929746,-.38493213,.25650921,.682254331335031,.80355632,.23723973,11.472492,,,,0,1,.697455883026123
I01,female_2013,Female,composition,primary,primary_2013_individual,1,common_h_fuzzy,fuzzy_late,rdrobust,selected_bc_primary_individual,ccpp_equal,cr2 cluster_ruv,1,2,triangular,manual,,.0075,.0074999998,.0135,.0135,100,98005,6075,2795,43,22,65,-4.056249181753386,-4.0285687,8.9595699,.65297109,-21.589005,13.531867,52.83855842554075,49.92347,-.0806948827038683,-.43244198,.27105221,.6720353021488912,.78113091,.23437309,11.107904,,,,0,1,.6899043321609497
I01,female_2013,Female,composition,primary,primary_2013_individual,1,common_h_person_equal,fuzzy_late,rdrobust,selected_bc_primary_individual,person_equal,cr2 cluster_ruv,1,2,triangular,manual,,.0075,.0074999998,.0135,.0135,100,98005,6075,2795,43,22,65,-.1414164721778398,-.19341929,9.7792368,.98422003,-19.360371,18.973532,52.19753086419752,49.955795,-.0038718088615965,-.38755003,.37980643,.44323584321065,.44066313,.35049233,1.5807252,,,,0,1,.984220027923584
I01,female_2013,Female,composition,primary,primary_2013_individual,1,common_h_reduced_form,reduced_form,rdrobust,selected_bc_primary_individual,ccpp_equal,cr2 cluster_ruv,1,2,triangular,manual,,.0075,.0074999998,.0135,.0135,100,98005,6075,2795,43,22,65,-2.725942644450829,-3.1498592,5.7912879,.58651292,-14.500575,8.2008562,52.83855842554075,49.92347,-.0630937554345573,-.29045609,.16426857,,,,,,,,0,1,.6504687666893005
I01,female_2013,Female,composition,primary,primary_2013_individual,1,common_h_uniform,fuzzy_late,rdrobust,selected_bc_primary_individual,ccpp_equal,cr2 cluster_ruv,1,2,uniform,manual,,.0075,.0074999998,.0135,.0135,100,98005,6075,2795,43,22,65,-1.13421665122974,-.39042398,6.4089637,.95142418,-12.951762,12.170914,52.83855842554075,49.92347,-.007820449813498,-.25943232,.24379143,.7491927348942,.8783322,.23997453,13.396375,,,,0,1,.9514241814613342
I01,female_2013,Female,composition,primary,primary_2013_individual,1,donut_005,fuzzy_late,rdrobust,selected_bc_primary_individual,ccpp_equal,cr2 cluster_ruv,1,2,triangular,manual,.00005,.0075,.0074999998,.0135,.0135,100,98005,6075,2795,43,22,65,-4.056249181753386,-4.0285687,8.9595699,.65297109,-21.589005,13.531867,52.83855842554075,49.92347,-.0806948827038683,-.43244198,.27105221,.6720353021488912,.78113091,.23437309,11.107904,,,,0,1,.6899043321609497
I01,female_2013,Female,composition,primary,primary_2013_individual,1,donut_025,fuzzy_late,rdrobust,selected_bc_primary_individual,ccpp_equal,cr2 cluster_ruv,1,2,triangular,manual,.00025,.0075,.0074999998,.0135,.0135,100,97951,6075,2741,43,21,64,-7.69583530444172,-7.5235462,10.874562,.48903269,-28.837296,13.790204,52.83855842554075,49.92347,-.1507015845169555,-.57763004,.27622688,.587691533450365,.69047242,.29006919,5.6661677,,,,0,1,.8056419372558594
I01,female_2013,Female,composition,primary,primary_2013_individual,1,fixed_h_005,fuzzy_late,rdrobust,selected_bc_primary_individual,ccpp_equal,cr2 cluster_ruv,1,2,triangular,manual,.005,.005,.0049999999,.0089999996,.0089999996,100,98005,4818,2174,29,15,44,-7.29179453793108,-9.4564161,13.948935,.49781537,-36.795826,17.882992,52.90031455176899,49.92099,-.1894276534657466,-.73708123,.35822591,.5965733413796612,.63612133,.28369862,5.0276551,,,,0,1,.6637538274129231
I01,female_2013,Female,composition,primary,primary_2013_individual,1,fixed_h_010,fuzzy_late,rdrobust,selected_bc_primary_individual,ccpp_equal,cr2 cluster_ruv,1,2,triangular,manual,.01,.01,.0099999998,.017999999,.017999999,100,98005,8000,14927,59,31,90,-1.634746048350192,-.87102884,8.8999281,.92203617,-18.314568,16.57251,53.18414245528393,49.901627,-.0174549184119139,-.36701342,.33210361,.5345445510201752,.61371577,.21533482,8.1228065,,,,0,1,.9220361709594727
I01,female_2013,Female,composition,primary,primary_2013_individual,1,outcome_cerrd_fuzzy,fuzzy_late,rdrobust,selected_bc_primary_individual,ccpp_equal,cr2 cluster_ruv,1,2,triangular,cerrd,,.0089788861142233,.0089788865,.020006534,.020006534,100,98005,7477,3030,54,25,79,-1.9662612943008,-1.7276536,7.8187971,.82512236,-17.052214,13.596907,53.33186915719631,49.8922,-.0346277296113509,-.34178117,.2725257,.6212506496515563,.6647675,.21680714,9.4013987,,,,0,1,.8251223564147949
I01,female_2013,Female,composition,primary,primary_2013_individual,1,outcome_mserd_fuzzy,fuzzy_late,rdrobust,selected_bc_primary_individual,ccpp_equal,cr2 cluster_ruv,1,2,triangular,mserd,,.0122348573792415,.012234857,.020006534,.020006534,100,98005,8609,19733,64,37,101,-1.969718665804391,-1.327582,9.9135914,.89346951,-20.757864,18.102701,52.91952402295998,49.917591,-.0265954753104833,-.41584268,.36265174,.4438173182074895,.51678354,.20942719,6.0890737,,,,0,1,.893469512462616
I01,female_2013,Female,composition,primary,primary_2013_individual,1,outcome_mserd_p2,fuzzy_late,rdrobust,selected_bc_primary_individual,ccpp_equal,cr2 cluster_ruv,2,3,triangular,mserd,,.0163967725301135,.016396772,.025094608,.025094608,100,98005,14468,21723,92,49,141,-1.250102062879327,-1.0482885,8.6889896,.90397173,-18.078396,15.981819,52.88605124448264,49.918362,-.0210000576930803,-.36215922,.32015911,.6026333509766122,.68827844,.22666892,9.2202854,,,,0,1,.9039717316627502
I01,female_2013,Female,composition,primary,primary_2013_individual,1,parametric_common_h,parametric_late,ivreg2,selected_bc_primary_individual,ccpp_equal,cr1 cluster_ruv,1,2,triangular,manual,.0075,.0075,.0074999998,.0135,.0135,100,8870,6075,2795,43,22,65,-4.056249181753553,-4.0562491,7.4692502,.58708864,-18.69598,10.583481,53.59964161622665,49.874363,-.0813293439019083,-.37486151,.21220283,,,,11.101704,.5779587462626208,.71794361,.01775909,0,1,.6709584508623395
I01,female_2013,Female,composition,primary,primary_2013_individual,1,parametric_covariates,parametric_late,ivreg2,selected_bc_primary_individual,ccpp_equal,cr1 cluster_ruv,1,2,triangular,manual,.0075,.0075,.0074999998,.0135,.0135,100,8564,5769,2795,41,22,63,-.9298431551435221,-.92984313,4.6569376,.84173995,-10.057441,8.1977539,53.78339545103359,49.860977,-.0186487157257748,-.20170966,.16441223,,,,12.256539,.8429036921935016,.86397278,.012522255,0,1,.8417399525642395
I01,female_2013,Female,composition,primary,primary_2013_individual,1,parametric_district,parametric_late,ivreg2,selected_bc_primary_individual,ccpp_equal,cr1 cluster_dist,1,2,triangular,manual,.0075,.0075,.0074999998,.0135,.0135,100,8870,6075,2795,43,22,45,-4.056249181753553,-4.0562491,7.428607,.58504468,-18.61632,10.503821,53.59964161622665,49.874363,-.0813293439019083,-.37326431,.21060562,,,,10.998616,.5779289457453367,,.017612692,0,1,.6686224937438965
I01,female_2013,Female,composition,primary,primary_2013_individual,1,parametric_person_equal,parametric_late,ivreg2,selected_bc_primary_individual,person_equal,cr1 cluster_ruv,1,2,triangular,manual,.0075,.0075,.0074999998,.0135,.0135,100,8870,6075,2795,43,22,65,-.1414164721780387,-.14141648,7.573801,.98510295,-14.986067,14.703234,51.91529720372179,49.967415,-.0028301738331391,-.29991677,.29425645,,,,2.504004,.9851656677288627,,.084792994,0,1,.9851029515266418
I02,age_15_29_outcome,Age 15-29,composition,primary,primary_2013_individual,2,common_h_covariates,fuzzy_late,rdrobust,selected_bc_primary_individual,ccpp_equal,cr2 cluster_ruv,1,2,triangular,manual,,.0075,.0074999998,.0135,.0135,100,93460,5769,2795,41,22,63,-28.36039923827052,-29.2589,16.618538,.078303047,-61.830635,3.3128357,29.65725787745915,45.6786,-.6405384448710788,-1.3536018,.072524898,.6504989846138975,.75404376,.19892886,14.368038,,,,0,.6264243721961975,.5885514815648396
I02,age_15_29_outcome,Age 15-29,composition,primary,primary_2013_individual,2,common_h_cr1_ccpp,fuzzy_late,rdrobust,selected_bc_primary_individual,ccpp_equal,cr1 cluster_ruv,1,2,triangular,manual,,.0075,.0074999998,.0135,.0135,100,98005,6075,2795,43,22,65,-23.13850019662825,-23.213345,15.079225,.12370041,-52.768082,6.3413916,29.87632707653399,45.775349,-.5071145240370433,-1.1527619,.13853289,.6720353021488912,.78113091,.22290401,12.280382,,,,0,.9896032810211182,.6753095984458923
I02,age_15_29_outcome,Age 15-29,composition,primary,primary_2013_individual,2,common_h_cr2_district,fuzzy_late,rdrobust,selected_bc_primary_individual,ccpp_equal,cr2 cluster_dist,1,2,triangular,manual,,.0075,.0074999998,.0135,.0135,100,98005,6075,2795,43,22,45,-23.13850019662825,-23.213345,15.563879,.13583331,-53.717987,7.2912965,29.87632707653399,45.775349,-.5071145240370433,-1.1735134,.15928434,.6720353021488912,.78113091,.23184101,11.351862,,,,0,1,.6966848373413086
I02,age_15_29_outcome,Age 15-29,composition,primary,primary_2013_individual,2,common_h_cr2_score,fuzzy_late,rdrobust,selected_bc_primary_individual,ccpp_equal,cr2 cluster_score,1,2,triangular,manual,,.0075,.0074999998,.0135,.0135,100,98005,6075,2795,43,22,49,-23.13850019662825,-23.213345,16.304781,.15452929,-55.170128,8.7434387,29.87632707653399,45.775349,-.5071145240370433,-1.2052367,.19100758,.6720353021488912,.78113091,.24362636,10.280142,,,,0,1,.6823222637176514
I02,age_15_29_outcome,Age 15-29,composition,primary,primary_2013_individual,2,common_h_cr3_ccpp,fuzzy_late,rdrobust,selected_bc_primary_individual,ccpp_equal,cr3 cluster_ruv,1,2,triangular,manual,,.0075,.0074999998,.0135,.0135,100,98005,6075,2795,43,22,65,-23.13850019662825,-23.213345,16.367609,.15611809,-55.29327,8.86658,29.87632707653399,45.775349,-.5071145240370433,-1.2079268,.19369771,.6720353021488912,.78113091,.24998967,9.7634544,,,,0,1,.7071436047554016
I02,age_15_29_outcome,Age 15-29,composition,primary,primary_2013_individual,2,common_h_epanechnikov,fuzzy_late,rdrobust,selected_bc_primary_individual,ccpp_equal,cr2 cluster_ruv,1,2,epanechnikov,manual,,.0075,.0074999998,.0135,.0135,100,98005,6075,2795,43,22,65,-22.22990338657982,-22.584757,14.930861,.13037555,-51.848705,6.6791921,29.87632707653399,45.775349,-.4933825117515211,-1.1326774,.14591241,.682254331335031,.80355632,.23723973,11.472492,,,,0,1,.697455883026123
I02,age_15_29_outcome,Age 15-29,composition,primary,primary_2013_individual,2,common_h_fuzzy,fuzzy_late,rdrobust,selected_bc_primary_individual,ccpp_equal,cr2 cluster_ruv,1,2,triangular,manual,,.0075,.0074999998,.0135,.0135,100,98005,6075,2795,43,22,65,-23.13850019662825,-23.213345,15.635084,.13762441,-53.857548,7.4308572,29.87632707653399,45.775349,-.5071145240370433,-1.1765622,.16233316,.6720353021488912,.78113091,.23437309,11.107904,,,,0,1,.6899043321609497
I02,age_15_29_outcome,Age 15-29,composition,primary,primary_2013_individual,2,common_h_person_equal,fuzzy_late,rdrobust,selected_bc_primary_individual,person_equal,cr2 cluster_ruv,1,2,triangular,manual,,.0075,.0074999998,.0135,.0135,100,98005,6075,2795,43,22,65,-24.13692801860467,-27.151182,16.566025,.10121997,-59.619995,5.3176308,32.97119341563786,47.014717,-.5775038806487875,-1.2681134,.11310567,.44323584321065,.44066313,.35049233,1.5807252,,,,0,.8097597360610962,.6496450304985046
I02,age_15_29_outcome,Age 15-29,composition,primary,primary_2013_individual,2,common_h_reduced_form,reduced_form,rdrobust,selected_bc_primary_individual,ccpp_equal,cr2 cluster_ruv,1,2,triangular,manual,,.0075,.0074999998,.0135,.0135,100,98005,6075,2795,43,22,65,-15.54988897091324,-18.124496,9.6212616,.05959256,-36.981823,.73283112,29.87632707653399,45.775349,-.3959444468694599,-.80789816,.016009295,,,,,,,,0,.4767404794692993,.4767404794692993
I02,age_15_29_outcome,Age 15-29,composition,primary,primary_2013_individual,2,common_h_uniform,fuzzy_late,rdrobust,selected_bc_primary_individual,ccpp_equal,cr2 cluster_ruv,1,2,uniform,manual,,.0075,.0074999998,.0135,.0135,100,98005,6075,2795,43,22,65,-18.14834567349569,-19.994972,12.336782,.10506892,-44.174622,4.1846738,29.87632707653399,45.775349,-.4368065548669525,-.96503073,.091417626,.7491927348942,.8783322,.23997453,13.396375,,,,0,.8405513763427734,.5681101083755493
I02,age_15_29_outcome,Age 15-29,composition,primary,primary_2013_individual,2,donut_005,fuzzy_late,rdrobust,selected_bc_primary_individual,ccpp_equal,cr2 cluster_ruv,1,2,triangular,manual,.00005,.0075,.0074999998,.0135,.0135,100,98005,6075,2795,43,22,65,-23.13850019662825,-23.213345,15.635084,.13762441,-53.857548,7.4308572,29.87632707653399,45.775349,-.5071145240370433,-1.1765622,.16233316,.6720353021488912,.78113091,.23437309,11.107904,,,,0,1,.6899043321609497
I02,age_15_29_outcome,Age 15-29,composition,primary,primary_2013_individual,2,donut_025,fuzzy_late,rdrobust,selected_bc_primary_individual,ccpp_equal,cr2 cluster_ruv,1,2,triangular,manual,.00025,.0075,.0074999998,.0135,.0135,100,97951,6075,2741,43,21,64,-25.55821442895801,-26.054487,20.539719,.20462199,-66.311592,14.202621,29.87632707653399,45.775349,-.5691815873220991,-1.448631,.31026787,.587691533450365,.69047242,.29006919,5.6661677,,,,0,1,.8056419372558594
I02,age_15_29_outcome,Age 15-29,composition,primary,primary_2013_individual,2,fixed_h_005,fuzzy_late,rdrobust,selected_bc_primary_individual,ccpp_equal,cr2 cluster_ruv,1,2,triangular,manual,.005,.005,.0049999999,.0089999996,.0089999996,100,98005,4818,2174,29,15,44,-28.77068184073065,-28.387161,22.76833,.21247715,-73.012268,16.237944,31.28433200211154,46.369926,-.61218906055414,-1.5745608,.35018265,.5965733413796612,.63612133,.28369862,5.0276551,,,,0,1,.6637538274129231
I02,age_15_29_outcome,Age 15-29,composition,primary,primary_2013_individual,2,fixed_h_010,fuzzy_late,rdrobust,selected_bc_primary_individual,ccpp_equal,cr2 cluster_ruv,1,2,triangular,manual,.01,.01,.0099999998,.017999999,.017999999,100,98005,8000,14927,59,31,90,-23.6093195507162,-26.222435,17.203772,.1274523,-59.941208,7.4963393,28.22473152841272,45.012119,-.5825638607967024,-1.3316681,.16654046,.5345445510201752,.61371577,.21533482,8.1228065,,,,0,1,.7173490524291992
I02,age_15_29_outcome,Age 15-29,composition,primary,primary_2013_individual,2,outcome_cerrd_fuzzy,fuzzy_late,rdrobust,selected_bc_primary_individual,ccpp_equal,cr2 cluster_ruv,1,2,triangular,cerrd,,.0056733400073037,.0056733401,.015080986,.015080986,100,98005,5546,2198,36,16,52,-28.47462225299363,-28.213144,20.136209,.16117971,-67.67939,11.253102,31.18681568844043,46.329807,-.6089631330691402,-1.4608175,.24289118,.5789127396588992,.61805195,.25582373,5.8367128,,,,0,1,.6903324127197266
I02,age_15_29_outcome,Age 15-29,composition,primary,primary_2013_individual,2,outcome_mserd_fuzzy,fuzzy_late,rdrobust,selected_bc_primary_individual,ccpp_equal,cr2 cluster_ruv,1,2,triangular,mserd,,.0077306366257782,.0077306367,.015080986,.015080986,100,98005,6461,2795,47,22,69,-22.61230795870705,-23.37991,14.867582,.11582472,-52.519836,5.7600164,29.14697960258404,45.447456,-.514438261699401,-1.1556166,.12674013,.677010257207824,.76314849,.22965784,11.042197,,,,0,.9265977740287781,.8205158233642579
I02,age_15_29_outcome,Age 15-29,composition,primary,primary_2013_individual,2,outcome_mserd_p2,fuzzy_late,rdrobust,selected_bc_primary_individual,ccpp_equal,cr2 cluster_ruv,2,3,triangular,mserd,,.01670054097845,.016700542,.025786182,.025786182,100,98005,15063,21882,93,50,143,-27.05861278554708,-27.945515,17.350254,.10725192,-61.951389,6.06036,28.12367592695376,44.961769,-.6215394824290841,-1.3778682,.13478918,.5933797118678856,.67586464,.22608335,8.9368048,,,,0,.8580153584480286,.7308603286743165
I02,age_15_29_outcome,Age 15-29,composition,primary,primary_2013_individual,2,parametric_common_h,parametric_late,ivreg2,selected_bc_primary_individual,ccpp_equal,cr1 cluster_ruv,1,2,triangular,manual,.0075,.0075,.0074999998,.0135,.0135,100,8870,6075,2795,43,22,65,-23.13850019662844,-23.1385,13.33818,.082783855,-49.28133,3.0043316,31.73924273368471,46.549988,-.4970677954725156,-1.0586755,.064539902,,,,11.101704,.0616124761002519,.059811961,.01775909,0,.6622708439826965,.5346042315165201
I02,age_15_29_outcome,Age 15-29,composition,primary,primary_2013_individual,2,parametric_covariates,parametric_late,ivreg2,selected_bc_primary_individual,ccpp_equal,cr1 cluster_ruv,1,2,triangular,manual,.0075,.0075,.0074999998,.0135,.0135,100,8564,5769,2795,41,22,63,-28.36039923827147,-28.360399,13.992496,.042679876,-55.78569,-.93510842,31.92432288778654,46.622383,-.6083000671791258,-1.1965431,-.020057069,,,,12.256539,.0071678123210691,.066013202,.012522255,0,.3414390087127686,.2806400656700134
I02,age_15_29_outcome,Age 15-29,composition,primary,primary_2013_individual,2,parametric_district,parametric_late,ivreg2,selected_bc_primary_individual,ccpp_equal,cr1 cluster_dist,1,2,triangular,manual,.0075,.0075,.0074999998,.0135,.0135,100,8870,6075,2795,43,22,45,-23.13850019662844,-23.1385,11.945013,.052735001,-46.550724,.2737247,31.73924273368471,46.549988,-.4970677954725156,-1.0000159,.0058802315,,,,10.998616,.0551694845379819,,.017612692,0,.4218800067901611,.4218800067901611
I02,age_15_29_outcome,Age 15-29,composition,primary,primary_2013_individual,2,parametric_person_equal,parametric_late,ivreg2,selected_bc_primary_individual,person_equal,cr1 cluster_ruv,1,2,triangular,manual,.0075,.0075,.0074999998,.0135,.0135,100,8870,6075,2795,43,22,65,-24.13692801860483,-24.136929,11.733623,.039679125,-47.134827,-1.1390276,35.28979963120577,47.791065,-.505051051211981,-.98626864,-.023833483,,,,2.504004,.1577189242883406,,.084792994,0,.3174329996109009,.3174329996109009
I03,secondaryplus_2013,Secondary education or higher,human_capital,primary,primary_2013_individual,3,common_h_covariates,fuzzy_late,rdrobust,selected_bc_primary_individual,ccpp_equal,cr2 cluster_ruv,1,2,triangular,manual,,.0075,.0074999998,.0135,.0135,100,93460,5769,2795,41,22,63,-11.589273154071,-11.555034,15.010273,.44141361,-40.974628,17.864561,42.53336046008252,49.443634,-.2337011284079314,-.82871389,.36131164,.6504989846138975,.75404376,.19892886,14.368038,,,,0,1,.5885514815648396
I03,secondaryplus_2013,Secondary education or higher,human_capital,primary,primary_2013_individual,3,common_h_cr1_ccpp,fuzzy_late,rdrobust,selected_bc_primary_individual,ccpp_equal,cr1 cluster_ruv,1,2,triangular,manual,,.0075,.0074999998,.0135,.0135,100,98005,6075,2795,43,22,65,-15.12445718261177,-15.13856,14.986784,.31243432,-44.512119,14.234998,42.54120676466043,49.444603,-.3061721375861715,-.90024215,.28789791,.6720353021488912,.78113091,.22290401,12.280382,,,,0,1,.6753095984458923
I03,secondaryplus_2013,Secondary education or higher,human_capital,primary,primary_2013_individual,3,common_h_cr2_district,fuzzy_late,rdrobust,selected_bc_primary_individual,ccpp_equal,cr2 cluster_dist,1,2,triangular,manual,,.0075,.0074999998,.0135,.0135,100,98005,6075,2795,43,22,45,-15.12445718261177,-15.13856,16.446859,.35733613,-47.373814,17.096693,42.54120676466043,49.444603,-.3061721375861715,-.95811898,.34577471,.6720353021488912,.78113091,.23184101,11.351862,,,,0,1,.6966848373413086
I03,secondaryplus_2013,Secondary education or higher,human_capital,primary,primary_2013_individual,3,common_h_cr2_score,fuzzy_late,rdrobust,selected_bc_primary_individual,ccpp_equal,cr2 cluster_score,1,2,triangular,manual,,.0075,.0074999998,.0135,.0135,100,98005,6075,2795,43,22,49,-15.12445718261177,-15.13856,15.598566,.3317925,-45.711189,15.434069,42.54120676466043,49.444603,-.3061721375861715,-.92449296,.31214869,.6720353021488912,.78113091,.24362636,10.280142,,,,0,1,.6823222637176514
I03,secondaryplus_2013,Secondary education or higher,human_capital,primary,primary_2013_individual,3,common_h_cr3_ccpp,fuzzy_late,rdrobust,selected_bc_primary_individual,ccpp_equal,cr3 cluster_ruv,1,2,triangular,manual,,.0075,.0074999998,.0135,.0135,100,98005,6075,2795,43,22,65,-15.12445718261177,-15.13856,16.462685,.35779852,-47.404831,17.12771,42.54120676466043,49.444603,-.3061721375861715,-.95874625,.34640199,.6720353021488912,.78113091,.24998967,9.7634544,,,,0,1,.7071436047554016
I03,secondaryplus_2013,Secondary education or higher,human_capital,primary,primary_2013_individual,3,common_h_epanechnikov,fuzzy_late,rdrobust,selected_bc_primary_individual,ccpp_equal,cr2 cluster_ruv,1,2,epanechnikov,manual,,.0075,.0074999998,.0135,.0135,100,98005,6075,2795,43,22,65,-14.61320601451685,-15.039791,15.099794,.31923741,-44.634846,14.555262,42.54120676466043,49.444603,-.3041745723865324,-.90272427,.29437512,.682254331335031,.80355632,.23723973,11.472492,,,,0,1,.697455883026123
I03,secondaryplus_2013,Secondary education or higher,human_capital,primary,primary_2013_individual,3,common_h_fuzzy,fuzzy_late,rdrobust,selected_bc_primary_individual,ccpp_equal,cr2 cluster_ruv,1,2,triangular,manual,,.0075,.0074999998,.0135,.0135,100,98005,6075,2795,43,22,65,-15.12445718261177,-15.13856,15.625681,.33263218,-45.764332,15.487211,42.54120676466043,49.444603,-.3061721375861715,-.92556775,.31322348,.6720353021488912,.78113091,.23437309,11.107904,,,,0,1,.6899043321609497
I03,secondaryplus_2013,Secondary education or higher,human_capital,primary,primary_2013_individual,3,common_h_person_equal,fuzzy_late,rdrobust,selected_bc_primary_individual,person_equal,cr2 cluster_ruv,1,2,triangular,manual,,.0075,.0074999998,.0135,.0135,100,98005,6075,2795,43,22,65,-55.8512261639239,-62.190056,49.092102,.2052255,-158.40881,34.028698,49.39917695473251,50.000504,-1.243788551854154,-3.1681442,.68056709,.44323584321065,.44066313,.35049233,1.5807252,,,,0,1,.6496450304985046
I03,secondaryplus_2013,Secondary education or higher,human_capital,primary,primary_2013_individual,3,common_h_reduced_form,reduced_form,rdrobust,selected_bc_primary_individual,ccpp_equal,cr2 cluster_ruv,1,2,triangular,manual,,.0075,.0074999998,.0135,.0135,100,98005,6075,2795,43,22,65,-10.16416915255447,-11.823658,9.9101496,.23283577,-31.247194,7.5998769,42.54120676466043,49.444603,-.2391293998621773,-.63196367,.15370488,,,,,,,,0,1,.6171214580535889
I03,secondaryplus_2013,Secondary education or higher,human_capital,primary,primary_2013_individual,3,common_h_uniform,fuzzy_late,rdrobust,selected_bc_primary_individual,ccpp_equal,cr2 cluster_ruv,1,2,uniform,manual,,.0075,.0074999998,.0135,.0135,100,98005,6075,2795,43,22,65,-12.75889671926274,-14.867072,13.282178,.26300159,-40.899662,11.165519,42.54120676466043,49.444603,-.3006813860103346,-.82718152,.22581877,.7491927348942,.8783322,.23997453,13.396375,,,,0,1,.5681101083755493
I03,secondaryplus_2013,Secondary education or higher,human_capital,primary,primary_2013_individual,3,donut_005,fuzzy_late,rdrobust,selected_bc_primary_individual,ccpp_equal,cr2 cluster_ruv,1,2,triangular,manual,.00005,.0075,.0074999998,.0135,.0135,100,98005,6075,2795,43,22,65,-15.12445718261177,-15.13856,15.625681,.33263218,-45.764332,15.487211,42.54120676466043,49.444603,-.3061721375861715,-.92556775,.31322348,.6720353021488912,.78113091,.23437309,11.107904,,,,0,1,.6899043321609497
I03,secondaryplus_2013,Secondary education or higher,human_capital,primary,primary_2013_individual,3,donut_025,fuzzy_late,rdrobust,selected_bc_primary_individual,ccpp_equal,cr2 cluster_ruv,1,2,triangular,manual,.00025,.0075,.0074999998,.0135,.0135,100,97951,6075,2741,43,21,64,-19.38620583312706,-20.03097,19.591433,.30657497,-58.42947,18.367533,42.54120676466043,49.444603,-.4051194370655038,-1.1817158,.37147698,.587691533450365,.69047242,.29006919,5.6661677,,,,0,1,.8056419372558594
I03,secondaryplus_2013,Secondary education or higher,human_capital,primary,primary_2013_individual,3,fixed_h_005,fuzzy_late,rdrobust,selected_bc_primary_individual,ccpp_equal,cr2 cluster_ruv,1,2,triangular,manual,.005,.005,.0049999999,.0089999996,.0089999996,100,98005,4818,2174,29,15,44,-17.42846155775226,-16.533205,21.665737,.44540152,-58.997272,25.930861,42.85122507883456,49.491447,-.3340618705550362,-1.19207,.52394629,.5965733413796612,.63612133,.28369862,5.0276551,,,,0,1,.6637538274129231
I03,secondaryplus_2013,Secondary education or higher,human_capital,primary,primary_2013_individual,3,fixed_h_010,fuzzy_late,rdrobust,selected_bc_primary_individual,ccpp_equal,cr2 cluster_ruv,1,2,triangular,manual,.01,.01,.0099999998,.017999999,.017999999,100,98005,8000,14927,59,31,90,-18.50607314962184,-18.447893,18.01441,.3058055,-53.755489,16.859703,41.8871115554851,49.340504,-.3738894221457004,-1.0894799,.34170109,.5345445510201752,.61371577,.21533482,8.1228065,,,,0,1,.7173490524291992
I03,secondaryplus_2013,Secondary education or higher,human_capital,primary,primary_2013_individual,3,outcome_cerrd_fuzzy,fuzzy_late,rdrobust,selected_bc_primary_individual,ccpp_equal,cr2 cluster_ruv,1,2,triangular,cerrd,,.0103336841275267,.010333684,.022184569,.022184569,100,98005,8088,14942,62,32,94,-18.72066663950139,-19.612989,18.099098,.27852243,-55.086571,15.860592,41.86386193434918,49.336643,-.3975339376005161,-1.1165448,.32147694,.5132211871826839,.55190462,.21116769,6.8308239,,,,0,1,.6903324127197266
I03,secondaryplus_2013,Secondary education or higher,human_capital,primary,primary_2013_individual,3,outcome_mserd_fuzzy,fuzzy_late,rdrobust,selected_bc_primary_individual,ccpp_equal,cr2 cluster_ruv,1,2,triangular,mserd,,.0140809394276806,.01408094,.022184569,.022184569,100,98005,12775,19935,72,40,112,-18.73325226559446,-20.531977,22.465277,.36074689,-64.56311,23.499155,41.44740874444142,49.26503,-.4167657587148976,-1.3105261,.47699463,.3994872151162515,.45948437,.20524415,5.0118713,,,,0,1,.8205158233642579
I03,secondaryplus_2013,Secondary education or higher,human_capital,primary,primary_2013_individual,3,outcome_mserd_p2,fuzzy_late,rdrobust,selected_bc_primary_individual,ccpp_equal,cr2 cluster_ruv,2,3,triangular,mserd,,.0165058597345604,.01650586,.025284819,.025284819,100,98005,14468,21723,92,49,141,-17.96759046842333,-16.733816,17.110922,.32809353,-50.270607,16.802973,42.22362108792315,49.393284,-.3387872805946622,-1.0177619,.3401874,.5996459552979034,.68527877,.22642206,9.1600342,,,,0,1,.7308603286743165
I03,secondaryplus_2013,Secondary education or higher,human_capital,primary,primary_2013_individual,3,parametric_common_h,parametric_late,ivreg2,selected_bc_primary_individual,ccpp_equal,cr1 cluster_ruv,1,2,triangular,manual,.0075,.0075,.0074999998,.0135,.0135,100,8870,6075,2795,43,22,65,-15.12445718261197,-15.124457,13.187592,.25143522,-40.972137,10.723223,43.03213943830468,49.516186,-.305444722157849,-.82744938,.21655995,,,,11.101704,.2338423045468267,.25445089,.01775909,0,1,.5346042315165201
I03,secondaryplus_2013,Secondary education or higher,human_capital,primary,primary_2013_individual,3,parametric_covariates,parametric_late,ivreg2,selected_bc_primary_individual,ccpp_equal,cr1 cluster_ruv,1,2,triangular,manual,.0075,.0075,.0074999998,.0135,.0135,100,8564,5769,2795,41,22,63,-11.58927315407199,-11.589273,13.133055,.37753311,-37.330059,14.151513,43.50508680457043,49.580666,-.233745825175928,-.75291568,.28542405,,,,12.256539,.3319876603691003,.42908582,.012522255,0,1,.5945438146591187
I03,secondaryplus_2013,Secondary education or higher,human_capital,primary,primary_2013_individual,3,parametric_district,parametric_late,ivreg2,selected_bc_primary_individual,ccpp_equal,cr1 cluster_dist,1,2,triangular,manual,.0075,.0075,.0074999998,.0135,.0135,100,8870,6075,2795,43,22,45,-15.12445718261197,-15.124457,13.902787,.27665147,-42.37392,12.125006,43.03213943830468,49.516186,-.305444722157849,-.85575897,.24486955,,,,10.998616,.268249266146681,,.017612692,0,1,.5374268690745035
I03,secondaryplus_2013,Secondary education or higher,human_capital,primary,primary_2013_individual,3,parametric_person_equal,parametric_late,ivreg2,selected_bc_primary_individual,person_equal,cr1 cluster_ruv,1,2,triangular,manual,.0075,.0075,.0074999998,.0135,.0135,100,8870,6075,2795,43,22,65,-55.85122616392455,-55.851227,41.791351,.18140866,-137.76227,26.059818,52.17867128305838,49.956623,-1.11799442395416,-2.7576377,.52164894,,,,2.504004,.0371924897252826,,.084792994,0,1,.4883521199226379
I04,employed_2013,Employed in the preceding month,labor,primary,primary_2013_individual,4,common_h_covariates,fuzzy_late,rdrobust,selected_bc_primary_individual,ccpp_equal,cr2 cluster_ruv,1,2,triangular,manual,,.0075,.0074999998,.0135,.0135,100,93460,5769,2795,41,22,63,7.321452807375841,10.102417,11.726691,.38896871,-12.881475,33.086311,52.97484023747538,49.915752,.2023893626402489,-.25806433,.66284305,.6504989846138975,.75404376,.19892886,14.368038,,,,0,1,.5885514815648396
I04,employed_2013,Employed in the preceding month,labor,primary,primary_2013_individual,4,common_h_cr1_ccpp,fuzzy_late,rdrobust,selected_bc_primary_individual,ccpp_equal,cr1 cluster_ruv,1,2,triangular,manual,,.0075,.0074999998,.0135,.0135,100,98005,6075,2795,43,22,65,10.88529565009411,13.55348,11.718711,.24744911,-9.4147711,36.521732,52.99661176316035,49.91423,.2715353968280854,-.18861899,.73168975,.6720353021488912,.78113091,.22290401,12.280382,,,,0,1,.6753095984458923
I04,employed_2013,Employed in the preceding month,labor,primary,primary_2013_individual,4,common_h_cr2_district,fuzzy_late,rdrobust,selected_bc_primary_individual,ccpp_equal,cr2 cluster_dist,1,2,triangular,manual,,.0075,.0074999998,.0135,.0135,100,98005,6075,2795,43,22,45,10.88529565009411,13.55348,12.857571,.29182592,-11.646894,38.753857,52.99661176316035,49.91423,.2715353968280854,-.23333816,.77640897,.6720353021488912,.78113091,.23184101,11.351862,,,,0,1,.6966848373413086
I04,employed_2013,Employed in the preceding month,labor,primary,primary_2013_individual,4,common_h_cr2_score,fuzzy_late,rdrobust,selected_bc_primary_individual,ccpp_equal,cr2 cluster_score,1,2,triangular,manual,,.0075,.0074999998,.0135,.0135,100,98005,6075,2795,43,22,49,10.88529565009411,13.55348,12.545022,.27996981,-11.03431,38.14127,52.99661176316035,49.91423,.2715353968280854,-.22106542,.7641362,.6720353021488912,.78113091,.24362636,10.280142,,,,0,1,.6823222637176514
I04,employed_2013,Employed in the preceding month,labor,primary,primary_2013_individual,4,common_h_cr3_ccpp,fuzzy_late,rdrobust,selected_bc_primary_individual,ccpp_equal,cr3 cluster_ruv,1,2,triangular,manual,,.0075,.0074999998,.0135,.0135,100,98005,6075,2795,43,22,65,10.88529565009411,13.55348,12.898024,.29334199,-11.726181,38.833141,52.99661176316035,49.91423,.2715353968280854,-.23492661,.77799743,.6720353021488912,.78113091,.24998967,9.7634544,,,,0,1,.7071436047554016
I04,employed_2013,Employed in the preceding month,labor,primary,primary_2013_individual,4,common_h_epanechnikov,fuzzy_late,rdrobust,selected_bc_primary_individual,ccpp_equal,cr2 cluster_ruv,1,2,epanechnikov,manual,,.0075,.0074999998,.0135,.0135,100,98005,6075,2795,43,22,65,9.342180748522567,13.203395,11.598442,.25496328,-9.5291338,35.935925,52.99661176316035,49.91423,.2645216562773126,-.19091018,.71995348,.682254331335031,.80355632,.23723973,11.472492,,,,0,1,.697455883026123
I04,employed_2013,Employed in the preceding month,labor,primary,primary_2013_individual,4,common_h_fuzzy,fuzzy_late,rdrobust,selected_bc_primary_individual,ccpp_equal,cr2 cluster_ruv,1,2,triangular,manual,,.0075,.0074999998,.0135,.0135,100,98005,6075,2795,43,22,65,10.88529565009411,13.55348,12.228649,.26771575,-10.414232,37.521194,52.99661176316035,49.91423,.2715353968280854,-.20864254,.75171334,.6720353021488912,.78113091,.23437309,11.107904,,,,0,1,.6899043321609497
I04,employed_2013,Employed in the preceding month,labor,primary,primary_2013_individual,4,common_h_person_equal,fuzzy_late,rdrobust,selected_bc_primary_individual,person_equal,cr2 cluster_ruv,1,2,triangular,manual,,.0075,.0074999998,.0135,.0135,100,98005,6075,2795,43,22,65,21.28037306673821,24.769463,25.156979,.32482252,-24.537308,74.076233,53.20164609053498,49.901497,.4963671166273408,-.49171489,1.4844491,.44323584321065,.44066313,.35049233,1.5807252,,,,0,1,.6496450304985046
I04,employed_2013,Employed in the preceding month,labor,primary,primary_2013_individual,4,common_h_reduced_form,reduced_form,rdrobust,selected_bc_primary_individual,ccpp_equal,cr2 cluster_ruv,1,2,triangular,manual,,.0075,.0074999998,.0135,.0135,100,98005,6075,2795,43,22,65,7.315302951191005,10.295955,7.8702693,.19080251,-5.1294894,25.721399,52.99661176316035,49.91423,.2062729403470716,-.10276607,.51531196,,,,,,,,0,1,.6171214580535889
I04,employed_2013,Employed in the preceding month,labor,primary,primary_2013_individual,4,common_h_uniform,fuzzy_late,rdrobust,selected_bc_primary_individual,ccpp_equal,cr2 cluster_ruv,1,2,uniform,manual,,.0075,.0074999998,.0135,.0135,100,98005,6075,2795,43,22,65,6.166715355912167,13.188485,10.151175,.19387265,-6.7074523,33.084423,52.99661176316035,49.91423,.2642229462115858,-.13437957,.66282547,.7491927348942,.8783322,.23997453,13.396375,,,,0,1,.5681101083755493
I04,employed_2013,Employed in the preceding month,labor,primary,primary_2013_individual,4,donut_005,fuzzy_late,rdrobust,selected_bc_primary_individual,ccpp_equal,cr2 cluster_ruv,1,2,triangular,manual,.00005,.0075,.0074999998,.0135,.0135,100,98005,6075,2795,43,22,65,10.88529565009411,13.55348,12.228649,.26771575,-10.414232,37.521194,52.99661176316035,49.91423,.2715353968280854,-.20864254,.75171334,.6720353021488912,.78113091,.23437309,11.107904,,,,0,1,.6899043321609497
I04,employed_2013,Employed in the preceding month,labor,primary,primary_2013_individual,4,donut_025,fuzzy_late,rdrobust,selected_bc_primary_individual,ccpp_equal,cr2 cluster_ruv,1,2,triangular,manual,.00025,.0075,.0074999998,.0135,.0135,100,97951,6075,2741,43,21,64,7.772957324102143,12.461406,15.067526,.40821591,-17.070402,41.993214,52.99661176316035,49.91423,.2496563810190147,-.34199467,.84130746,.587691533450365,.69047242,.29006919,5.6661677,,,,0,1,.8056419372558594
I04,employed_2013,Employed in the preceding month,labor,primary,primary_2013_individual,4,fixed_h_005,fuzzy_late,rdrobust,selected_bc_primary_individual,ccpp_equal,cr2 cluster_ruv,1,2,triangular,manual,.005,.005,.0049999999,.0089999996,.0089999996,100,98005,4818,2174,29,15,44,17.47466340046346,16.897161,18.223003,.35380009,-18.819267,52.61359,53.85141354509909,49.856621,.3389151194096308,-.37746775,1.055298,.5965733413796612,.63612133,.28369862,5.0276551,,,,0,1,.6637538274129231
I04,employed_2013,Employed in the preceding month,labor,primary,primary_2013_individual,4,fixed_h_010,fuzzy_late,rdrobust,selected_bc_primary_individual,ccpp_equal,cr2 cluster_ruv,1,2,triangular,manual,.01,.01,.0099999998,.017999999,.017999999,100,98005,8000,14927,59,31,90,9.696655908160311,11.964314,13.594811,.37882426,-14.681026,38.609653,54.2149562601786,49.825138,.2401260488466172,-.294651,.77490312,.5345445510201752,.61371577,.21533482,8.1228065,,,,0,1,.7173490524291992
I04,employed_2013,Employed in the preceding month,labor,primary,primary_2013_individual,4,outcome_cerrd_fuzzy,fuzzy_late,rdrobust,selected_bc_primary_individual,ccpp_equal,cr2 cluster_ruv,1,2,triangular,cerrd,,.0122963588097099,.012296359,.024262698,.024262698,100,98005,8609,19766,64,38,102,7.793096576948081,9.9285879,15.349877,.51774931,-20.15662,40.013794,54.90017401773769,49.762196,.1995206979809728,-.40505889,.80410028,.4424678775974603,.47078699,.20532094,5.2575378,,,,0,1,.6903324127197266
I04,employed_2013,Employed in the preceding month,labor,primary,primary_2013_individual,4,outcome_mserd_fuzzy,fuzzy_late,rdrobust,selected_bc_primary_individual,ccpp_equal,cr2 cluster_ruv,1,2,triangular,mserd,,.0167553296040211,.016755329,.024262698,.024262698,100,98005,15063,21882,93,50,143,2.400234568047945,7.6879787,18.403069,.67612606,-28.381371,43.757328,54.66461896849702,49.783592,.1544279734366108,-.57009488,.87895083,.344014371875152,.39210871,.19886911,3.8875706,,,,0,1,.893469512462616
I04,employed_2013,Employed in the preceding month,labor,primary,primary_2013_individual,4,outcome_mserd_p2,fuzzy_late,rdrobust,selected_bc_primary_individual,ccpp_equal,cr2 cluster_ruv,2,3,triangular,mserd,,.0185922289162829,.018592229,.027414991,.027414991,100,98005,17229,22827,107,59,166,9.759334400083453,12.105536,14.130878,.39162588,-15.590478,39.801548,54.4997333087438,49.798557,.2430900948773534,-.31307086,.79925108,.5371341081958481,.61628884,.22403976,7.5669065,,,,0,1,.7308603286743165
I04,employed_2013,Employed in the preceding month,labor,primary,primary_2013_individual,4,parametric_common_h,parametric_late,ivreg2,selected_bc_primary_individual,ccpp_equal,cr1 cluster_ruv,1,2,triangular,manual,.0075,.0075,.0074999998,.0135,.0135,100,8870,6075,2795,43,22,65,10.88529565009391,10.885296,10.233179,.28745297,-9.1717358,30.942327,54.3355854832141,49.815773,.2185110276149826,-.18411309,.62113512,,,,11.101704,.2833149805305845,.31326264,.01775909,0,1,.5346042315165201
I04,employed_2013,Employed in the preceding month,labor,primary,primary_2013_individual,4,parametric_covariates,parametric_late,ivreg2,selected_bc_primary_individual,ccpp_equal,cr1 cluster_ruv,1,2,triangular,manual,.0075,.0075,.0074999998,.0135,.0135,100,8564,5769,2795,41,22,63,7.321452807373043,7.3214526,9.6049929,.44590786,-11.504333,26.147238,54.50579599760847,49.80088,.1470145250309725,-.23100661,.52503568,,,,12.256539,.4361870364541338,.48189637,.012522255,0,1,.5945438146591187
I04,employed_2013,Employed in the preceding month,labor,primary,primary_2013_individual,4,parametric_district,parametric_late,ivreg2,selected_bc_primary_individual,ccpp_equal,cr1 cluster_dist,1,2,triangular,manual,.0075,.0075,.0074999998,.0135,.0135,100,8870,6075,2795,43,22,45,10.88529565009391,10.885296,10.896244,.31779701,-10.471342,32.241932,54.3355854832141,49.815773,.2185110276149826,-.21020134,.64722341,,,,10.998616,.3022918799076906,,.017612692,0,1,.5374268690745035
I04,employed_2013,Employed in the preceding month,labor,primary,primary_2013_individual,4,parametric_person_equal,parametric_late,ivreg2,selected_bc_primary_individual,person_equal,cr1 cluster_ruv,1,2,triangular,manual,.0075,.0075,.0074999998,.0135,.0135,100,8870,6075,2795,43,22,65,21.28037306673816,21.280373,18.272499,.24417606,-14.533725,57.094471,52.93910664358471,49.917652,.4263095899143645,-.29115403,1.1437732,,,,2.504004,.0910707178258647,,.084792994,0,1,.4883521199226379
I05,worker_independent_2013,Independent worker,labor,primary,primary_2013_individual,5,common_h_covariates,fuzzy_late,rdrobust,selected_bc_primary_individual,ccpp_equal,cr2 cluster_ruv,1,2,triangular,manual,,.0075,.0074999998,.0135,.0135,100,93460,5769,2795,41,22,63,4.334917527540686,6.0857544,12.914585,.63747567,-19.226368,31.397877,45.54383579645298,49.805347,.1221907879521177,-.38603017,.63041174,.6504989846138975,.75404376,.19892886,14.368038,,,,0,1,.7285436221531458
I05,worker_independent_2013,Independent worker,labor,primary,primary_2013_individual,5,common_h_cr1_ccpp,fuzzy_late,rdrobust,selected_bc_primary_individual,ccpp_equal,cr1 cluster_ruv,1,2,triangular,manual,,.0075,.0074999998,.0135,.0135,100,98005,6075,2795,43,22,65,4.363765747541184,5.9032583,14.093223,.6753096,-21.718952,33.525467,45.43927678667097,49.795662,.1185496487776174,-.43616152,.67326081,.6720353021488912,.78113091,.22290401,12.280382,,,,0,1,.6753095984458923
I05,worker_independent_2013,Independent worker,labor,primary,primary_2013_individual,5,common_h_cr2_district,fuzzy_late,rdrobust,selected_bc_primary_individual,ccpp_equal,cr2 cluster_dist,1,2,triangular,manual,,.0075,.0074999998,.0135,.0135,100,98005,6075,2795,43,22,45,4.363765747541184,5.9032583,15.144345,.69668484,-23.779114,35.585629,45.43927678667097,49.795662,.1185496487776174,-.47753385,.71463311,.6720353021488912,.78113091,.23184101,11.351862,,,,0,1,.6966848373413086
I05,worker_independent_2013,Independent worker,labor,primary,primary_2013_individual,5,common_h_cr2_score,fuzzy_late,rdrobust,selected_bc_primary_individual,ccpp_equal,cr2 cluster_score,1,2,triangular,manual,,.0075,.0074999998,.0135,.0135,100,98005,6075,2795,43,22,49,4.363765747541184,5.9032583,14.422949,.68232226,-22.365202,34.171719,45.43927678667097,49.795662,.1185496487776174,-.44913957,.68623883,.6720353021488912,.78113091,.24362636,10.280142,,,,0,1,.6823222637176514
I05,worker_independent_2013,Independent worker,labor,primary,primary_2013_individual,5,common_h_cr3_ccpp,fuzzy_late,rdrobust,selected_bc_primary_individual,ccpp_equal,cr3 cluster_ruv,1,2,triangular,manual,,.0075,.0074999998,.0135,.0135,100,98005,6075,2795,43,22,65,4.363765747541184,5.9032583,15.712898,.7071436,-24.893457,36.699974,45.43927678667097,49.795662,.1185496487776174,-.49991217,.73701143,.6720353021488912,.78113091,.24998967,9.7634544,,,,0,1,.7071436047554016
I05,worker_independent_2013,Independent worker,labor,primary,primary_2013_individual,5,common_h_epanechnikov,fuzzy_late,rdrobust,selected_bc_primary_individual,ccpp_equal,cr2 cluster_ruv,1,2,epanechnikov,manual,,.0075,.0074999998,.0135,.0135,100,98005,6075,2795,43,22,65,3.119880793916444,5.3862658,13.855096,.69745588,-21.769222,32.541756,45.43927678667097,49.795662,.1081673729679845,-.43717107,.6535058,.682254331335031,.80355632,.23723973,11.472492,,,,0,1,.697455883026123
I05,worker_independent_2013,Independent worker,labor,primary,primary_2013_individual,5,common_h_fuzzy,fuzzy_late,rdrobust,selected_bc_primary_individual,ccpp_equal,cr2 cluster_ruv,1,2,triangular,manual,,.0075,.0074999998,.0135,.0135,100,98005,6075,2795,43,22,65,4.363765747541184,5.9032583,14.795694,.68990433,-23.09577,34.902287,45.43927678667097,49.795662,.1185496487776174,-.46381089,.70091021,.6720353021488912,.78113091,.23437309,11.107904,,,,0,1,.6899043321609497
I05,worker_independent_2013,Independent worker,labor,primary,primary_2013_individual,5,common_h_person_equal,fuzzy_late,rdrobust,selected_bc_primary_individual,person_equal,cr2 cluster_ruv,1,2,triangular,manual,,.0075,.0074999998,.0135,.0135,100,98005,6075,2795,43,22,65,37.09269569888224,40.673138,40.070564,.3100878,-37.863724,119.21,41.18518518518518,49.220909,.8263386572423268,-.76926094,2.4219382,.44323584321065,.44066313,.35049233,1.5807252,,,,0,1,.6496450304985046
I05,worker_independent_2013,Independent worker,labor,primary,primary_2013_individual,5,common_h_reduced_form,reduced_form,rdrobust,selected_bc_primary_individual,ccpp_equal,cr2 cluster_ruv,1,2,triangular,manual,,.0075,.0074999998,.0135,.0135,100,98005,6075,2795,43,22,65,2.932604632655822,4.4432654,9.8061285,.65046877,-14.776393,23.662924,45.43927678667097,49.795662,.0892299726063591,-.29674056,.4752005,,,,,,,,0,1,.6504687666893005
I05,worker_independent_2013,Independent worker,labor,primary,primary_2013_individual,5,common_h_uniform,fuzzy_late,rdrobust,selected_bc_primary_individual,ccpp_equal,cr2 cluster_ruv,1,2,uniform,manual,,.0075,.0074999998,.0135,.0135,100,98005,6075,2795,43,22,65,3.396022418437789,9.3809786,11.786437,.42608258,-13.720013,32.481968,45.43927678667097,49.795662,.1883894706130595,-.27552626,.65230519,.7491927348942,.8783322,.23997453,13.396375,,,,0,1,.5681101083755493
I05,worker_independent_2013,Independent worker,labor,primary,primary_2013_individual,5,donut_005,fuzzy_late,rdrobust,selected_bc_primary_individual,ccpp_equal,cr2 cluster_ruv,1,2,triangular,manual,.00005,.0075,.0074999998,.0135,.0135,100,98005,6075,2795,43,22,65,4.363765747541184,5.9032583,14.795694,.68990433,-23.09577,34.902287,45.43927678667097,49.795662,.1185496487776174,-.46381089,.70091021,.6720353021488912,.78113091,.23437309,11.107904,,,,0,1,.6899043321609497
I05,worker_independent_2013,Independent worker,labor,primary,primary_2013_individual,5,donut_025,fuzzy_late,rdrobust,selected_bc_primary_individual,ccpp_equal,cr2 cluster_ruv,1,2,triangular,manual,.00025,.0075,.0074999998,.0135,.0135,100,97951,6075,2741,43,21,64,-1.884464329721717,.54602408,16.244831,.97318643,-31.293261,32.385307,45.43927678667097,49.795662,.0109652938550419,-.62843347,.65036404,.587691533450365,.69047242,.29006919,5.6661677,,,,0,1,.9731864333152771
I05,worker_independent_2013,Independent worker,labor,primary,primary_2013_individual,5,fixed_h_005,fuzzy_late,rdrobust,selected_bc_primary_individual,ccpp_equal,cr2 cluster_ruv,1,2,triangular,manual,.005,.005,.0049999999,.0089999996,.0089999996,100,98005,4818,2174,29,15,44,9.46336617864562,8.8909817,21.381821,.67754197,-33.016617,50.79858,45.83632071511305,49.831509,.1784208830022764,-.66256505,1.0194068,.5965733413796612,.63612133,.28369862,5.0276551,,,,0,1,.7513561844825745
I05,worker_independent_2013,Independent worker,labor,primary,primary_2013_individual,5,fixed_h_010,fuzzy_late,rdrobust,selected_bc_primary_individual,ccpp_equal,cr2 cluster_ruv,1,2,triangular,manual,.01,.01,.0099999998,.017999999,.017999999,100,98005,8000,14927,59,31,90,3.909873940698633,5.7653747,15.753093,.71437728,-25.110121,36.640869,46.64715529880972,49.890575,.1155603917634802,-.50330389,.73442465,.5345445510201752,.61371577,.21533482,8.1228065,,,,0,1,.8164311817714146
I05,worker_independent_2013,Independent worker,labor,primary,primary_2013_individual,5,outcome_cerrd_fuzzy,fuzzy_late,rdrobust,selected_bc_primary_individual,ccpp_equal,cr2 cluster_ruv,1,2,triangular,cerrd,,.0118308140643332,.011830814,.023581753,.023581753,100,98005,8502,19733,63,37,100,3.579515543880877,5.8708143,16.921875,.72863907,-27.29545,39.037079,46.56201351910597,49.884598,.1176879179499117,-.54717189,.78254771,.4538548344091401,.48468226,.2067361,5.4964418,,,,0,1,.8251223564147949
I05,worker_independent_2013,Independent worker,labor,primary,primary_2013_individual,5,outcome_mserd_fuzzy,fuzzy_late,rdrobust,selected_bc_primary_individual,ccpp_equal,cr2 cluster_ruv,1,2,triangular,mserd,,.0161209665559904,.016120967,.023581753,.023581753,100,98005,14262,21518,89,46,135,-.6058848482069095,4.2360058,19.932896,.83170658,-34.831749,43.303761,46.17592356922556,49.855297,.0849660093705668,-.69865698,.86858898,.3583629524932695,.40762115,.20084354,4.1190557,,,,0,1,.893469512462616
I05,worker_independent_2013,Independent worker,labor,primary,primary_2013_individual,5,outcome_mserd_p2,fuzzy_late,rdrobust,selected_bc_primary_individual,ccpp_equal,cr2 cluster_ruv,2,3,triangular,mserd,,.0179679884243104,.017967988,.026600016,.026600016,100,98005,15529,22488,100,54,154,4.909346013356314,6.0611281,15.952353,.7039811,-25.20491,37.327168,46.23816467301531,49.85989,.1215632011539716,-.50551474,.74864113,.55949021710777,.64375496,.2247421,8.2048807,,,,0,1,.8045498303004673
I05,worker_independent_2013,Independent worker,labor,primary,primary_2013_individual,5,parametric_common_h,parametric_late,ivreg2,selected_bc_primary_individual,ccpp_equal,cr1 cluster_ruv,1,2,triangular,manual,.0075,.0075,.0074999998,.0135,.0135,100,8870,6075,2795,43,22,65,4.363765747540873,4.3637657,12.435684,.7256583,-20.010176,28.737707,46.47515873024633,49.879707,.0874857958343674,-.40116867,.57614028,,,,11.101704,.7254717244417193,.74454892,.01775909,0,1,.7256582975387573
I05,worker_independent_2013,Independent worker,labor,primary,primary_2013_individual,5,parametric_covariates,parametric_late,ivreg2,selected_bc_primary_individual,ccpp_equal,cr1 cluster_ruv,1,2,triangular,manual,.0075,.0075,.0074999998,.0135,.0135,100,8564,5769,2795,41,22,63,4.334917527536602,4.3349175,10.930568,.69167227,-17.088995,25.758831,46.53294704258871,49.883976,.0869000033359608,-.34257486,.51637489,,,,12.256539,.685513156510937,.72894579,.012522255,0,1,.7904825891767229
I05,worker_independent_2013,Independent worker,labor,primary,primary_2013_individual,5,parametric_district,parametric_late,ivreg2,selected_bc_primary_individual,ccpp_equal,cr1 cluster_dist,1,2,triangular,manual,.0075,.0075,.0074999998,.0135,.0135,100,8870,6075,2795,43,22,45,4.363765747540873,4.3637657,12.634287,.72980064,-20.399437,29.126968,46.47515873024633,49.879707,.0874857958343674,-.40897268,.58394426,,,,10.998616,.7304640585601316,,.017612692,0,1,.7298006415367126
I05,worker_independent_2013,Independent worker,labor,primary,primary_2013_individual,5,parametric_person_equal,parametric_late,ivreg2,selected_bc_primary_individual,person_equal,cr1 cluster_ruv,1,2,triangular,manual,.0075,.0075,.0074999998,.0135,.0135,100,8870,6075,2795,43,22,65,37.09269569888234,37.092697,31.841011,.24404547,-25.315685,99.501076,38.93832392543729,48.765057,.7606408791190448,-.51913577,2.0404174,,,,2.504004,.0452135740876937,,.084792994,0,1,.4883521199226379
I06,insurance_any_2013,Any health insurance,health,primary,primary_2013_individual,6,common_h_covariates,fuzzy_late,rdrobust,selected_bc_primary_individual,ccpp_equal,cr2 cluster_ruv,1,2,triangular,manual,,.0075,.0074999998,.0135,.0135,100,93460,5769,2795,41,22,63,-20.55844556963776,-19.234547,23.265013,.40837398,-64.833138,26.364042,84.3755344341315,36.311859,-.529704248153855,-1.7854534,.72604489,.6504989846138975,.75404376,.19892886,14.368038,,,,0,1,.5885514815648396
I06,insurance_any_2013,Any health insurance,health,primary,primary_2013_individual,6,common_h_cr1_ccpp,fuzzy_late,rdrobust,selected_bc_primary_individual,ccpp_equal,cr1 cluster_ruv,1,2,triangular,manual,,.0075,.0074999998,.0135,.0135,100,98005,6075,2795,43,22,65,-18.89502718996885,-17.1056,25.825594,.50774652,-67.722839,33.511635,84.82361267393291,35.882141,-.4767162997734568,-1.8873689,.93393636,.6720353021488912,.78113091,.22290401,12.280382,,,,0,1,.6753095984458923
I06,insurance_any_2013,Any health insurance,health,primary,primary_2013_individual,6,common_h_cr2_district,fuzzy_late,rdrobust,selected_bc_primary_individual,ccpp_equal,cr2 cluster_dist,1,2,triangular,manual,,.0075,.0074999998,.0135,.0135,100,98005,6075,2795,43,22,45,-18.89502718996885,-17.1056,27.229195,.52986765,-70.473846,36.262642,84.82361267393291,35.882141,-.4767162997734568,-1.9640368,1.0106043,.6720353021488912,.78113091,.23184101,11.351862,,,,0,1,.6966848373413086
I06,insurance_any_2013,Any health insurance,health,primary,primary_2013_individual,6,common_h_cr2_score,fuzzy_late,rdrobust,selected_bc_primary_individual,ccpp_equal,cr2 cluster_score,1,2,triangular,manual,,.0075,.0074999998,.0135,.0135,100,98005,6075,2795,43,22,49,-18.89502718996885,-17.1056,28.694233,.55108589,-73.345268,39.134064,84.82361267393291,35.882141,-.4767162997734568,-2.0440605,1.0906279,.6720353021488912,.78113091,.24362636,10.280142,,,,0,1,.6823222637176514
I06,insurance_any_2013,Any health insurance,health,primary,primary_2013_individual,6,common_h_cr3_ccpp,fuzzy_late,rdrobust,selected_bc_primary_individual,ccpp_equal,cr3 cluster_ruv,1,2,triangular,manual,,.0075,.0074999998,.0135,.0135,100,98005,6075,2795,43,22,65,-18.89502718996885,-17.1056,29.461262,.56150109,-74.848618,40.637413,84.82361267393291,35.882141,-.4767162997734568,-2.0859573,1.1325248,.6720353021488912,.78113091,.24998967,9.7634544,,,,0,1,.7071436047554016
I06,insurance_any_2013,Any health insurance,health,primary,primary_2013_individual,6,common_h_epanechnikov,fuzzy_late,rdrobust,selected_bc_primary_individual,ccpp_equal,cr2 cluster_ruv,1,2,epanechnikov,manual,,.0075,.0074999998,.0135,.0135,100,98005,6075,2795,43,22,65,-20.84033521443616,-19.356516,26.687851,.46827224,-71.663742,32.950714,84.82361267393291,35.882141,-.5394470735273298,-1.9971982,.91830403,.682254331335031,.80355632,.23723973,11.472492,,,,0,1,.697455883026123
I06,insurance_any_2013,Any health insurance,health,primary,primary_2013_individual,6,common_h_fuzzy,fuzzy_late,rdrobust,selected_bc_primary_individual,ccpp_equal,cr2 cluster_ruv,1,2,triangular,manual,,.0075,.0074999998,.0135,.0135,100,98005,6075,2795,43,22,65,-18.89502718996885,-17.1056,27.3864,.53223228,-70.78196,36.570759,84.82361267393291,35.882141,-.4767162997734568,-1.9726237,1.0191911,.6720353021488912,.78113091,.23437309,11.107904,,,,0,1,.6899043321609497
I06,insurance_any_2013,Any health insurance,health,primary,primary_2013_individual,6,common_h_person_equal,fuzzy_late,rdrobust,selected_bc_primary_individual,person_equal,cr2 cluster_ruv,1,2,triangular,manual,,.0075,.0074999998,.0135,.0135,100,98005,6075,2795,43,22,65,26.73508611916044,42.334785,76.500725,.57999593,-107.60388,192.27345,75.1769547325103,43.202179,.9799224654531185,-2.490705,4.4505501,.44323584321065,.44066313,.35049233,1.5807252,,,,0,1,.8523221697126115
I06,insurance_any_2013,Any health insurance,health,primary,primary_2013_individual,6,common_h_reduced_form,reduced_form,rdrobust,selected_bc_primary_individual,ccpp_equal,cr2 cluster_ruv,1,2,triangular,manual,,.0075,.0074999998,.0135,.0135,100,98005,6075,2795,43,22,65,-12.69812530672223,-13.556931,15.050499,.36771438,-43.055367,15.941504,84.82361267393291,35.882141,-.3778183800722323,-1.1999109,.4442741,,,,,,,,0,1,.6171214580535889
I06,insurance_any_2013,Any health insurance,health,primary,primary_2013_individual,6,common_h_uniform,fuzzy_late,rdrobust,selected_bc_primary_individual,ccpp_equal,cr2 cluster_ruv,1,2,uniform,manual,,.0075,.0074999998,.0135,.0135,100,98005,6075,2795,43,22,65,-17.63086969878552,-17.223555,21.117193,.4147189,-58.612492,24.165384,84.82361267393291,35.882141,-.4800035452258074,-1.6334726,.67346549,.7491927348942,.8783322,.23997453,13.396375,,,,0,1,.5681101083755493
I06,insurance_any_2013,Any health insurance,health,primary,primary_2013_individual,6,donut_005,fuzzy_late,rdrobust,selected_bc_primary_individual,ccpp_equal,cr2 cluster_ruv,1,2,triangular,manual,.00005,.0075,.0074999998,.0135,.0135,100,98005,6075,2795,43,22,65,-18.89502718996885,-17.1056,27.3864,.53223228,-70.78196,36.570759,84.82361267393291,35.882141,-.4767162997734568,-1.9726237,1.0191911,.6720353021488912,.78113091,.23437309,11.107904,,,,0,1,.6899043321609497
I06,insurance_any_2013,Any health insurance,health,primary,primary_2013_individual,6,donut_025,fuzzy_late,rdrobust,selected_bc_primary_individual,ccpp_equal,cr2 cluster_ruv,1,2,triangular,manual,.00025,.0075,.0074999998,.0135,.0135,100,97951,6075,2741,43,21,64,-30.16592596313096,-29.048306,43.423611,.50352621,-114.15702,56.06041,84.82361267393291,35.882141,-.8095477403603848,-3.1814439,1.5623485,.587691533450365,.69047242,.29006919,5.6661677,,,,0,1,.8056419372558594
I06,insurance_any_2013,Any health insurance,health,primary,primary_2013_individual,6,fixed_h_005,fuzzy_late,rdrobust,selected_bc_primary_individual,ccpp_equal,cr2 cluster_ruv,1,2,triangular,manual,.005,.005,.0049999999,.0089999996,.0089999996,100,98005,4818,2174,29,15,44,-13.0562443410157,-10.607661,33.478317,.75135618,-76.223961,55.008636,84.49058974197064,36.203194,-.2930034539607042,-2.1054485,1.5194416,.5965733413796612,.63612133,.28369862,5.0276551,,,,0,1,.7513561844825745
I06,insurance_any_2013,Any health insurance,health,primary,primary_2013_individual,6,fixed_h_010,fuzzy_late,rdrobust,selected_bc_primary_individual,ccpp_equal,cr2 cluster_ruv,1,2,triangular,manual,.01,.01,.0099999998,.017999999,.017999999,100,98005,8000,14927,59,31,90,-22.92408766763539,-22.427797,29.581093,.44834316,-80.40567,35.550079,83.78407333154448,36.861988,-.6084261217253016,-2.1812625,.96441025,.5345445510201752,.61371577,.21533482,8.1228065,,,,0,1,.7173490524291992
I06,insurance_any_2013,Any health insurance,health,primary,primary_2013_individual,6,outcome_cerrd_fuzzy,fuzzy_late,rdrobust,selected_bc_primary_individual,ccpp_equal,cr2 cluster_ruv,1,2,triangular,cerrd,,.0101989307842168,.010198931,.021907082,.021907082,100,98005,8083,14927,61,31,92,-23.39438219188305,-22.410196,29.145115,.44194213,-79.533569,34.713177,84.01539038620919,36.648594,-.6114885921780995,-2.1701672,.94718993,.5215055126550872,.56306887,.21158707,7.0818186,,,,0,1,.6903324127197266
I06,insurance_any_2013,Any health insurance,health,primary,primary_2013_individual,6,outcome_mserd_fuzzy,fuzzy_late,rdrobust,selected_bc_primary_individual,ccpp_equal,cr2 cluster_ruv,1,2,triangular,mserd,,.0138973211129142,.013897321,.021907082,.021907082,100,98005,12775,19935,72,40,112,-27.03227566649426,-24.521223,37.468483,.51282239,-97.958107,48.915657,83.29984660121352,37.299183,-.6574198393609649,-2.6262801,1.3114403,.4030656979673189,.46792862,.20576096,5.1717,,,,0,1,.8205158233642579
I06,insurance_any_2013,Any health insurance,health,primary,primary_2013_individual,6,outcome_mserd_p2,fuzzy_late,rdrobust,selected_bc_primary_individual,ccpp_equal,cr2 cluster_ruv,2,3,triangular,mserd,,.0166311713405424,.016631171,.025462596,.025462596,100,98005,15063,21882,93,50,143,-23.61583262752382,-21.443607,28.81637,.45678771,-77.922653,35.035439,83.99868976874639,36.663036,-.5848835451028367,-2.1253736,.95560658,.5959958066455233,.68215477,.22619922,9.0945997,,,,0,1,.7308603286743165
I06,insurance_any_2013,Any health insurance,health,primary,primary_2013_individual,6,parametric_common_h,parametric_late,ivreg2,selected_bc_primary_individual,ccpp_equal,cr1 cluster_ruv,1,2,triangular,manual,.0075,.0075,.0074999998,.0135,.0135,100,8870,6075,2795,43,22,65,-18.89502718996894,-18.895027,22.49622,.40095317,-62.987617,25.197561,84.85315810681354,35.853436,-.5270074109075032,-1.7568083,.70279348,,,,11.101704,.3084661595265232,.40388077,.01775909,0,1,.5346042315165201
I06,insurance_any_2013,Any health insurance,health,primary,primary_2013_individual,6,parametric_covariates,parametric_late,ivreg2,selected_bc_primary_individual,ccpp_equal,cr1 cluster_ruv,1,2,triangular,manual,.0075,.0075,.0074999998,.0135,.0135,100,8564,5769,2795,41,22,63,-20.55844556963799,-20.558445,20.457911,.31493813,-60.655949,19.539059,84.30570578071315,36.37785,-.5651363619512538,-1.6673869,.53711414,,,,12.256539,.2263532997615728,.3644729,.012522255,0,1,.5945438146591187
I06,insurance_any_2013,Any health insurance,health,primary,primary_2013_individual,6,parametric_district,parametric_late,ivreg2,selected_bc_primary_individual,ccpp_equal,cr1 cluster_dist,1,2,triangular,manual,.0075,.0075,.0074999998,.0135,.0135,100,8870,6075,2795,43,22,45,-18.89502718996894,-18.895027,21.202143,.37283006,-60.451229,22.661175,84.85315810681354,35.853436,-.5270074109075032,-1.6860651,.63205022,,,,10.998616,.2759593710338479,,.017612692,0,1,.5374268690745035
I06,insurance_any_2013,Any health insurance,health,primary,primary_2013_individual,6,parametric_person_equal,parametric_late,ivreg2,selected_bc_primary_individual,person_equal,cr1 cluster_ruv,1,2,triangular,manual,.0075,.0075,.0074999998,.0135,.0135,100,8870,6075,2795,43,22,65,26.73508611915964,26.735086,41.425808,.51868564,-54.459496,107.92966,70.21531800569058,45.734947,.5845658260051322,-1.1907634,2.359895,,,,2.504004,.5908772884570967,,.084792994,0,1,.806700309117635
I07,program_any_2013,Any listed social program,social_protection,primary,primary_2013_individual,7,common_h_covariates,fuzzy_late,rdrobust,selected_bc_primary_individual,ccpp_equal,cr2 cluster_ruv,1,2,triangular,manual,,.0075,.0074999998,.0135,.0135,100,93460,5769,2795,41,22,63,16.72022444319061,15.645597,13.643084,.25147313,-11.094357,42.385548,23.80562388879451,42.593063,.3673273224471586,-.26047331,.99512798,.6504989846138975,.75404376,.19892886,14.368038,,,,0,1,.5885514815648396
I07,program_any_2013,Any listed social program,social_protection,primary,primary_2013_individual,7,common_h_cr1_ccpp,fuzzy_late,rdrobust,selected_bc_primary_individual,ccpp_equal,cr1 cluster_ruv,1,2,triangular,manual,,.0075,.0074999998,.0135,.0135,100,98005,6075,2795,43,22,65,11.65311812498232,10.70081,13.339316,.4224368,-15.443769,36.84539,24.19319608420123,42.828854,.2498504819629452,-.36059263,.86029357,.6720353021488912,.78113091,.22290401,12.280382,,,,0,1,.6753095984458923
I07,program_any_2013,Any listed social program,social_protection,primary,primary_2013_individual,7,common_h_cr2_district,fuzzy_late,rdrobust,selected_bc_primary_individual,ccpp_equal,cr2 cluster_dist,1,2,triangular,manual,,.0075,.0074999998,.0135,.0135,100,98005,6075,2795,43,22,45,11.65311812498232,10.70081,14.814266,.47009072,-18.334618,39.736237,24.19319608420123,42.828854,.2498504819629452,-.4280903,.9277913,.6720353021488912,.78113091,.23184101,11.351862,,,,0,1,.6966848373413086
I07,program_any_2013,Any listed social program,social_protection,primary,primary_2013_individual,7,common_h_cr2_score,fuzzy_late,rdrobust,selected_bc_primary_individual,ccpp_equal,cr2 cluster_score,1,2,triangular,manual,,.0075,.0074999998,.0135,.0135,100,98005,6075,2795,43,22,49,11.65311812498232,10.70081,14.118776,.44850281,-16.971483,38.373104,24.19319608420123,42.828854,.2498504819629452,-.39626282,.89596379,.6720353021488912,.78113091,.24362636,10.280142,,,,0,1,.6823222637176514
I07,program_any_2013,Any listed social program,social_protection,primary,primary_2013_individual,7,common_h_cr3_ccpp,fuzzy_late,rdrobust,selected_bc_primary_individual,ccpp_equal,cr3 cluster_ruv,1,2,triangular,manual,,.0075,.0074999998,.0135,.0135,100,98005,6075,2795,43,22,65,11.65311812498232,10.70081,16.138369,.50728804,-20.929811,42.331432,24.19319608420123,42.828854,.2498504819629452,-.48868483,.9883858,.6720353021488912,.78113091,.24998967,9.7634544,,,,0,1,.7071436047554016
I07,program_any_2013,Any listed social program,social_protection,primary,primary_2013_individual,7,common_h_epanechnikov,fuzzy_late,rdrobust,selected_bc_primary_individual,ccpp_equal,cr2 cluster_ruv,1,2,epanechnikov,manual,,.0075,.0074999998,.0135,.0135,100,98005,6075,2795,43,22,65,9.839551340309248,8.6376657,13.159078,.51156449,-17.153652,34.428986,24.19319608420123,42.828854,.2016786542346813,-.40051627,.8038736,.682254331335031,.80355632,.23723973,11.472492,,,,0,1,.697455883026123
I07,program_any_2013,Any listed social program,social_protection,primary,primary_2013_individual,7,common_h_fuzzy,fuzzy_late,rdrobust,selected_bc_primary_individual,ccpp_equal,cr2 cluster_ruv,1,2,triangular,manual,,.0075,.0074999998,.0135,.0135,100,98005,6075,2795,43,22,65,11.65311812498232,10.70081,14.563604,.46248335,-17.84333,39.244949,24.19319608420123,42.828854,.2498504819629452,-.41661936,.91632032,.6720353021488912,.78113091,.23437309,11.107904,,,,0,1,.6899043321609497
I07,program_any_2013,Any listed social program,social_protection,primary,primary_2013_individual,7,common_h_person_equal,fuzzy_late,rdrobust,selected_bc_primary_individual,person_equal,cr2 cluster_ruv,1,2,triangular,manual,,.0075,.0074999998,.0135,.0135,100,98005,6075,2795,43,22,65,8.677541458154279,12.617088,29.462954,.66847956,-45.129242,70.363419,21.25102880658436,40.911762,.3083975941927916,-1.1030872,1.7198824,.44323584321065,.44066313,.35049233,1.5807252,,,,0,1,.8523221697126115
I07,program_any_2013,Any listed social program,social_protection,primary,primary_2013_individual,7,common_h_reduced_form,reduced_form,rdrobust,selected_bc_primary_individual,ccpp_equal,cr2 cluster_ruv,1,2,triangular,manual,,.0075,.0074999998,.0135,.0135,100,98005,6075,2795,43,22,65,7.831306760099216,8.4626255,10.945269,.43941784,-12.989706,29.914959,24.19319608420123,42.828854,.1975916933937529,-.30329335,.69847673,,,,,,,,0,1,.6171214580535889
I07,program_any_2013,Any listed social program,social_protection,primary,primary_2013_individual,7,common_h_uniform,fuzzy_late,rdrobust,selected_bc_primary_individual,ccpp_equal,cr2 cluster_ruv,1,2,uniform,manual,,.0075,.0074999998,.0135,.0135,100,98005,6075,2795,43,22,65,9.013666125215087,8.6317806,9.8667116,.38166168,-10.706618,27.970181,24.19319608420123,42.828854,.2015412511468589,-.24998608,.6530686,.7491927348942,.8783322,.23997453,13.396375,,,,0,1,.5681101083755493
I07,program_any_2013,Any listed social program,social_protection,primary,primary_2013_individual,7,donut_005,fuzzy_late,rdrobust,selected_bc_primary_individual,ccpp_equal,cr2 cluster_ruv,1,2,triangular,manual,.00005,.0075,.0074999998,.0135,.0135,100,98005,6075,2795,43,22,65,11.65311812498232,10.70081,14.563604,.46248335,-17.84333,39.244949,24.19319608420123,42.828854,.2498504819629452,-.41661936,.91632032,.6720353021488912,.78113091,.23437309,11.107904,,,,0,1,.6899043321609497
I07,program_any_2013,Any listed social program,social_protection,primary,primary_2013_individual,7,donut_025,fuzzy_late,rdrobust,selected_bc_primary_individual,ccpp_equal,cr2 cluster_ruv,1,2,triangular,manual,.00025,.0075,.0074999998,.0135,.0135,100,97951,6075,2741,43,21,64,.0809686863221328,-2.4521985,12.612612,.84584367,-27.172462,22.268066,24.19319608420123,42.828854,-.0572557571335373,-.63444293,.51993138,.587691533450365,.69047242,.29006919,5.6661677,,,,0,1,.9731864333152771
I07,program_any_2013,Any listed social program,social_protection,primary,primary_2013_individual,7,fixed_h_005,fuzzy_late,rdrobust,selected_bc_primary_individual,ccpp_equal,cr2 cluster_ruv,1,2,triangular,manual,.005,.005,.0049999999,.0089999996,.0089999996,100,98005,4818,2174,29,15,44,18.83021734208295,19.26413,20.741304,.35300255,-21.388079,59.916336,21.55767828922625,41.126457,.4684121041307584,-.52005643,1.4568807,.5965733413796612,.63612133,.28369862,5.0276551,,,,0,1,.6637538274129231
I07,program_any_2013,Any listed social program,social_protection,primary,primary_2013_individual,7,fixed_h_010,fuzzy_late,rdrobust,selected_bc_primary_individual,ccpp_equal,cr2 cluster_ruv,1,2,triangular,manual,.01,.01,.0099999998,.017999999,.017999999,100,98005,8000,14927,59,31,90,14.87530602950338,14.425543,12.74833,.25781807,-10.560726,39.411812,25.33829432425804,43.497551,.3316403498094055,-.24278899,.9060697,.5345445510201752,.61371577,.21533482,8.1228065,,,,0,1,.7173490524291992
I07,program_any_2013,Any listed social program,social_protection,primary,primary_2013_individual,7,outcome_cerrd_fuzzy,fuzzy_late,rdrobust,selected_bc_primary_individual,ccpp_equal,cr2 cluster_ruv,1,2,triangular,cerrd,,.0068709515730559,.0068709515,.01618178,.01618178,100,98005,5799,2469,39,19,58,13.24957176467848,12.925299,14.771054,.38155082,-16.025436,41.876034,23.83110034554554,42.608704,.3033487878758832,-.37610707,.98280466,.6381781912343042,.68371522,.24025431,8.098567,,,,0,1,.6903324127197266
I07,program_any_2013,Any listed social program,social_protection,primary,primary_2013_individual,7,outcome_mserd_fuzzy,fuzzy_late,rdrobust,selected_bc_primary_individual,ccpp_equal,cr2 cluster_ruv,1,2,triangular,mserd,,.0093625324440686,.0093625328,.01618178,.01618178,100,98005,7477,14869,54,29,83,13.67172382687695,12.405031,12.930047,.33735943,-12.937395,37.747459,25.45517395094303,43.563808,.2847554455283459,-.29697576,.86648667,.5812067471892238,.67778915,.22090898,9.4137459,,,,0,1,.8205158233642579
I07,program_any_2013,Any listed social program,social_protection,primary,primary_2013_individual,7,outcome_mserd_p2,fuzzy_late,rdrobust,selected_bc_primary_individual,ccpp_equal,cr2 cluster_ruv,2,3,triangular,mserd,,.0171524174123423,.017152417,.025943073,.025943073,100,98005,15420,21882,98,50,148,15.14973915890008,13.626691,13.287632,.3051194,-12.416591,39.669971,26.52494907033882,44.148029,.3086591007123988,-.28124905,.89856726,.5782031477538907,.66369241,.22570704,8.6465635,,,,0,1,.7308603286743165
I07,program_any_2013,Any listed social program,social_protection,primary,primary_2013_individual,7,parametric_common_h,parametric_late,ivreg2,selected_bc_primary_individual,ccpp_equal,cr1 cluster_ruv,1,2,triangular,manual,.0075,.0075,.0074999998,.0135,.0135,100,8870,6075,2795,43,22,65,11.65311812498222,11.653118,11.057133,.29192844,-10.018861,33.325096,22.46189301728358,41.736549,.2792065660510358,-.24005008,.79846323,,,,11.101704,.3609823741336787,.37927586,.01775909,0,1,.5346042315165201
I07,program_any_2013,Any listed social program,social_protection,primary,primary_2013_individual,7,parametric_covariates,parametric_late,ivreg2,selected_bc_primary_individual,ccpp_equal,cr1 cluster_ruv,1,2,triangular,manual,.0075,.0075,.0074999998,.0135,.0135,100,8564,5769,2795,41,22,63,16.72022444319047,16.720224,10.321356,.10524002,-3.5096333,36.950081,21.75489939227169,41.261475,.4052260376365854,-.085058354,.89551044,,,,12.256539,.1462453165522724,.12702541,.012522255,0,.6314401477575302,.2806400656700134
I07,program_any_2013,Any listed social program,social_protection,primary,primary_2013_individual,7,parametric_district,parametric_late,ivreg2,selected_bc_primary_individual,ccpp_equal,cr1 cluster_dist,1,2,triangular,manual,.0075,.0075,.0074999998,.0135,.0135,100,8870,6075,2795,43,22,45,11.65311812498222,11.653118,11.127749,.2950016,-10.15727,33.463509,22.46189301728358,41.736549,.2792065660510358,-.24336633,.80177945,,,,10.998616,.3682877885277179,,.017612692,0,1,.5374268690745035
I07,program_any_2013,Any listed social program,social_protection,primary,primary_2013_individual,7,parametric_person_equal,parametric_late,ivreg2,selected_bc_primary_individual,person_equal,cr1 cluster_ruv,1,2,triangular,manual,.0075,.0075,.0074999998,.0135,.0135,100,8870,6075,2795,43,22,65,8.677541458154243,8.6775417,16.778326,.60502523,-24.207977,41.563061,19.3200224238172,39.484119,.2197729574323182,-.61310673,1.0526526,,,,2.504004,.6768961011376352,,.084792994,0,1,.806700309117635
I08,program_juntos_2013,Juntos participation,social_protection,primary,primary_2013_individual,8,common_h_covariates,fuzzy_late,rdrobust,selected_bc_primary_individual,ccpp_equal,cr2 cluster_ruv,1,2,triangular,manual,,.0075,.0074999998,.0135,.0135,100,93460,5769,2795,41,22,63,10.3507419512208,10.200727,7.3997741,.16804324,-4.3025651,24.704018,15.98602720974595,36.650818,.278321919323399,-.11739342,.67403728,.6504989846138975,.75404376,.19892886,14.368038,,,,0,1,.5885514815648396
I08,program_juntos_2013,Juntos participation,social_protection,primary,primary_2013_individual,8,common_h_cr1_ccpp,fuzzy_late,rdrobust,selected_bc_primary_individual,ccpp_equal,cr1 cluster_ruv,1,2,triangular,manual,,.0075,.0074999998,.0135,.0135,100,98005,6075,2795,43,22,65,6.127209757838809,6.1354632,8.1428757,.4511638,-9.8242798,22.095205,16.32222527972455,36.959873,.1660033553101223,-.26580933,.59781605,.6720353021488912,.78113091,.22290401,12.280382,,,,0,1,.6753095984458923
I08,program_juntos_2013,Juntos participation,social_protection,primary,primary_2013_individual,8,common_h_cr2_district,fuzzy_late,rdrobust,selected_bc_primary_individual,ccpp_equal,cr2 cluster_dist,1,2,triangular,manual,,.0075,.0074999998,.0135,.0135,100,98005,6075,2795,43,22,45,6.127209757838809,6.1354632,9.0461226,.49761808,-11.594612,23.865538,16.32222527972455,36.959873,.1660033553101223,-.3137081,.64571482,.6720353021488912,.78113091,.23184101,11.351862,,,,0,1,.6966848373413086
I08,program_juntos_2013,Juntos participation,social_protection,primary,primary_2013_individual,8,common_h_cr2_score,fuzzy_late,rdrobust,selected_bc_primary_individual,ccpp_equal,cr2 cluster_score,1,2,triangular,manual,,.0075,.0074999998,.0135,.0135,100,98005,6075,2795,43,22,49,6.127209757838809,6.1354632,8.7935476,.48535025,-11.099573,23.370501,16.32222527972455,36.959873,.1660033553101223,-.30031416,.63232088,.6720353021488912,.78113091,.24362636,10.280142,,,,0,1,.6823222637176514
I08,program_juntos_2013,Juntos participation,social_protection,primary,primary_2013_individual,8,common_h_cr3_ccpp,fuzzy_late,rdrobust,selected_bc_primary_individual,ccpp_equal,cr3 cluster_ruv,1,2,triangular,manual,,.0075,.0074999998,.0135,.0135,100,98005,6075,2795,43,22,65,6.127209757838809,6.1354632,9.431572,.51535386,-12.350079,24.621006,16.32222527972455,36.959873,.1660033553101223,-.33414829,.66615498,.6720353021488912,.78113091,.24998967,9.7634544,,,,0,1,.7071436047554016
I08,program_juntos_2013,Juntos participation,social_protection,primary,primary_2013_individual,8,common_h_epanechnikov,fuzzy_late,rdrobust,selected_bc_primary_individual,ccpp_equal,cr2 cluster_ruv,1,2,epanechnikov,manual,,.0075,.0074999998,.0135,.0135,100,98005,6075,2795,43,22,65,4.590593820912405,4.3710699,8.2297354,.59532779,-11.758915,20.501055,16.32222527972455,36.959873,.1182652738322965,-.31815356,.5546841,.682254331335031,.80355632,.23723973,11.472492,,,,0,1,.697455883026123
I08,program_juntos_2013,Juntos participation,social_protection,primary,primary_2013_individual,8,common_h_fuzzy,fuzzy_late,rdrobust,selected_bc_primary_individual,ccpp_equal,cr2 cluster_ruv,1,2,triangular,manual,,.0075,.0074999998,.0135,.0135,100,98005,6075,2795,43,22,65,6.127209757838809,6.1354632,8.7025919,.48080051,-10.921303,23.19223,16.32222527972455,36.959873,.1660033553101223,-.2954908,.62749749,.6720353021488912,.78113091,.23437309,11.107904,,,,0,1,.6899043321609497
I08,program_juntos_2013,Juntos participation,social_protection,primary,primary_2013_individual,8,common_h_person_equal,fuzzy_late,rdrobust,selected_bc_primary_individual,person_equal,cr2 cluster_ruv,1,2,triangular,manual,,.0075,.0074999998,.0135,.0135,100,98005,6075,2795,43,22,65,4.058535136260764,7.553122,23.297276,.7457819,-38.1087,53.214943,14.50205761316873,35.215057,.2144855891100541,-1.0821706,1.5111418,.44323584321065,.44066313,.35049233,1.5807252,,,,0,1,.8523221697126115
I08,program_juntos_2013,Juntos participation,social_protection,primary,primary_2013_individual,8,common_h_reduced_form,reduced_form,rdrobust,selected_bc_primary_individual,ccpp_equal,cr2 cluster_ruv,1,2,triangular,manual,,.0075,.0074999998,.0135,.0135,100,98005,6075,2795,43,22,65,4.117701260938839,4.7916994,6.5266304,.46284109,-8.0002604,17.58366,16.32222527972455,36.959873,.1296459878590547,-.21645801,.47574997,,,,,,,,0,1,.6171214580535889
I08,program_juntos_2013,Juntos participation,social_protection,primary,primary_2013_individual,8,common_h_uniform,fuzzy_late,rdrobust,selected_bc_primary_individual,ccpp_equal,cr2 cluster_ruv,1,2,uniform,manual,,.0075,.0074999998,.0135,.0135,100,98005,6075,2795,43,22,65,3.413628562642215,3.2184618,6.7305212,.63251567,-9.9731178,16.410042,16.32222527972455,36.959873,.0870798860544042,-.26983634,.44399613,.7491927348942,.8783322,.23997453,13.396375,,,,0,1,.7228750501360212
I08,program_juntos_2013,Juntos participation,social_protection,primary,primary_2013_individual,8,donut_005,fuzzy_late,rdrobust,selected_bc_primary_individual,ccpp_equal,cr2 cluster_ruv,1,2,triangular,manual,.00005,.0075,.0074999998,.0135,.0135,100,98005,6075,2795,43,22,65,6.127209757838809,6.1354632,8.7025919,.48080051,-10.921303,23.19223,16.32222527972455,36.959873,.1660033553101223,-.2954908,.62749749,.6720353021488912,.78113091,.23437309,11.107904,,,,0,1,.6899043321609497
I08,program_juntos_2013,Juntos participation,social_protection,primary,primary_2013_individual,8,donut_025,fuzzy_late,rdrobust,selected_bc_primary_individual,ccpp_equal,cr2 cluster_ruv,1,2,triangular,manual,.00025,.0075,.0074999998,.0135,.0135,100,97951,6075,2741,43,21,64,1.053328183125699,.37472168,10.100036,.97040445,-19.420984,20.170427,16.32222527972455,36.959873,.010138607867174,-.52546132,.54573852,.587691533450365,.69047242,.29006919,5.6661677,,,,0,1,.9731864333152771
I08,program_juntos_2013,Juntos participation,social_protection,primary,primary_2013_individual,8,fixed_h_005,fuzzy_late,rdrobust,selected_bc_primary_individual,ccpp_equal,cr2 cluster_ruv,1,2,triangular,manual,.005,.005,.0049999999,.0089999996,.0089999996,100,98005,4818,2174,29,15,44,12.59596542207015,14.117943,11.528382,.22071663,-8.4772711,36.713158,15.48139542519738,36.176479,.3902519995058421,-.23433103,1.014835,.5965733413796612,.63612133,.28369862,5.0276551,,,,0,1,.6637538274129231
I08,program_juntos_2013,Juntos participation,social_protection,primary,primary_2013_individual,8,fixed_h_010,fuzzy_late,rdrobust,selected_bc_primary_individual,ccpp_equal,cr2 cluster_ruv,1,2,triangular,manual,.01,.01,.0099999998,.017999999,.017999999,100,98005,8000,14927,59,31,90,5.691628801409896,4.7303586,8.5565672,.58037728,-12.040205,21.500923,15.75430076375748,36.433475,.1298355117352753,-.33047098,.59014201,.5345445510201752,.61371577,.21533482,8.1228065,,,,0,1,.7738363742828369
I08,program_juntos_2013,Juntos participation,social_protection,primary,primary_2013_individual,8,outcome_cerrd_fuzzy,fuzzy_late,rdrobust,selected_bc_primary_individual,ccpp_equal,cr2 cluster_ruv,1,2,triangular,cerrd,,.0107921178922344,.010792118,.022247894,.022247894,100,98005,8088,14942,62,32,94,5.359130215342883,6.0618181,8.6461525,.48324057,-10.88433,23.007967,15.5010327217683,36.193691,.1674827338585542,-.30072451,.63568997,.4900071277356701,.53027189,.21014103,6.3675966,,,,0,1,.6903324127197266
I08,program_juntos_2013,Juntos participation,social_protection,primary,primary_2013_individual,8,outcome_mserd_fuzzy,fuzzy_late,rdrobust,selected_bc_primary_individual,ccpp_equal,cr2 cluster_ruv,1,2,triangular,mserd,,.0147056128735484,.014705613,.022247894,.022247894,100,98005,13193,20545,79,42,121,5.825263871271575,7.1482801,10.196776,.48328221,-12.837035,27.133596,15.33152721240586,36.030479,.198395373897523,-.35628265,.75307339,.3874630339167138,.44996405,.2045466,4.8391728,,,,0,1,.8205158233642579
I08,program_juntos_2013,Juntos participation,social_protection,primary,primary_2013_individual,8,outcome_mserd_p2,fuzzy_late,rdrobust,selected_bc_primary_individual,ccpp_equal,cr2 cluster_ruv,2,3,triangular,mserd,,.0174642412671121,.017464241,.026364254,.026364254,100,98005,15441,22057,99,52,151,4.754790720403118,4.1965828,8.830699,.63462549,-13.111269,21.504435,15.96716260523301,36.63131,.1145627333690172,-.35792521,.58705068,.56894021575579,.65151429,.22522613,8.3677816,,,,0,1,.8045498303004673
I08,program_juntos_2013,Juntos participation,social_protection,primary,primary_2013_individual,8,parametric_common_h,parametric_late,ivreg2,selected_bc_primary_individual,ccpp_equal,cr1 cluster_ruv,1,2,triangular,manual,.0075,.0075,.0074999998,.0135,.0135,100,8870,6075,2795,43,22,65,6.127209757838767,6.1272097,6.8995943,.3745119,-7.3959951,19.650415,15.71034694151542,36.392826,.1683631256131758,-.20322673,.53995299,,,,11.101704,.43597969356818,.42068413,.01775909,0,1,.5346042315165201
I08,program_juntos_2013,Juntos participation,social_protection,primary,primary_2013_individual,8,parametric_covariates,parametric_late,ivreg2,selected_bc_primary_individual,ccpp_equal,cr1 cluster_ruv,1,2,triangular,manual,.0075,.0075,.0074999998,.0135,.0135,100,8564,5769,2795,41,22,63,10.35074195122097,10.350742,5.9141536,.080089934,-1.2409995,21.942484,15.23791100786573,35.941914,.2879852838567198,-.03452792,.61049849,,,,12.256539,.1083373036584369,.096619323,.012522255,0,.5606295391917229,.2806400656700134
I08,program_juntos_2013,Juntos participation,social_protection,primary,primary_2013_individual,8,parametric_district,parametric_late,ivreg2,selected_bc_primary_individual,ccpp_equal,cr1 cluster_dist,1,2,triangular,manual,.0075,.0075,.0074999998,.0135,.0135,100,8870,6075,2795,43,22,45,6.127209757838767,6.1272097,7.3278775,.40307015,-8.2354298,20.489849,15.71034694151542,36.392826,.1683631256131758,-.22629268,.56301892,,,,10.998616,.4671764825550661,,.017612692,0,1,.5374268690745035
I08,program_juntos_2013,Juntos participation,social_protection,primary,primary_2013_individual,8,parametric_person_equal,parametric_late,ivreg2,selected_bc_primary_individual,person_equal,cr1 cluster_ruv,1,2,triangular,manual,.0075,.0075,.0074999998,.0135,.0135,100,8870,6075,2795,43,22,65,4.058535136260821,4.0585351,13.501255,.76371628,-22.403925,30.520994,13.38511495732071,34.052036,.1191862740997588,-.65793204,.89630455,,,,2.504004,.794225808715142,,.084792994,0,1,.8728186062404087
S01,household_head_2013,Household head,composition,secondary,composition_2013_individual,9,common_h_fuzzy,fuzzy_late,rdrobust,selected_bc_individual,ccpp_equal,cr2 cluster_ruv,1,2,triangular,manual,,.0075,.0074999998,.0135,.0135,100,141679,9109,4042,43,22,65,-6.068923733056661,-6.2299266,12.303504,.61260825,-30.344353,17.884499,34.18479300666584,47.435497,-.1313347044748227,-.63969719,.37702775,.6720353021488913,.78113091,.23437309,11.107904,,,,0,1,.7657603174448013
S01,household_head_2013,Household head,composition,secondary,composition_2013_individual,9,common_h_reduced_form,reduced_form,rdrobust,selected_bc_individual,ccpp_equal,cr2 cluster_ruv,1,2,triangular,manual,,.0075,.0074999998,.0135,.0135,100,141679,9109,4042,43,22,65,-4.07853099466331,-4.8488235,8.5490017,.57059181,-21.604559,11.906912,34.18479300666584,47.435497,-.1022193090273583,-.45545131,.25101271,,,,,,,,0,1,.7132397592067719
S01,household_head_2013,Household head,composition,secondary,composition_2013_individual,9,outcome_cerrd_fuzzy,fuzzy_late,rdrobust,selected_bc_individual,ccpp_equal,cr2 cluster_ruv,1,2,triangular,cerrd,,.0103674023237376,.010367402,.021816064,.021816064,100,141679,11891,21178,62,32,94,-1.756045651134403,-.18232132,12.905555,.9887284,-25.476744,25.112103,36.11747986263955,48.036129,-.0037955041442441,-.5303663,.52277529,.511211740842565,.55489218,.21120541,6.9025111,,,,0,1,.988728404045105
S01,household_head_2013,Household head,composition,secondary,composition_2013_individual,9,outcome_mserd_fuzzy,fuzzy_late,rdrobust,selected_bc_individual,ccpp_equal,cr2 cluster_ruv,1,2,triangular,mserd,,.014126884694886,.014126885,.021816064,.021816064,100,141679,18815,28341,72,40,112,-2.078173265922866,1.0774862,15.304664,.94387335,-28.919102,31.074076,35.804093747735,47.943699,.0224739874086089,-.60318881,.64813673,.3986373063258557,.46655086,.20567092,5.1457915,,,,0,1,.9438733458518982
S02,age_0_14_outcome,Age 0-14,composition,secondary,composition_2013_individual,10,common_h_fuzzy,fuzzy_late,rdrobust,selected_bc_individual,ccpp_equal,cr2 cluster_ruv,1,2,triangular,manual,,.0075,.0074999998,.0135,.0135,100,139169,8917,3974,43,22,65,5.093564554381456,6.4781718,7.1874566,.3674202,-7.6089845,20.565329,31.43064075164905,46.426506,.1395360522959273,-.1638931,.44296521,.6720353021488913,.78113091,.23437309,11.107904,,,,0,1,.6964767830712455
S02,age_0_14_outcome,Age 0-14,composition,secondary,composition_2013_individual,10,common_h_reduced_form,reduced_form,rdrobust,selected_bc_individual,ccpp_equal,cr2 cluster_ruv,1,2,triangular,manual,,.0075,.0074999998,.0135,.0135,100,139169,8917,3974,43,22,65,3.423055194318625,4.9092455,5.2961674,.3539561,-5.4710512,15.289542,31.43064075164905,46.426506,.105742294941585,-.11784327,.32932785,,,,,,,,0,1,.5410071355955941
S02,age_0_14_outcome,Age 0-14,composition,secondary,composition_2013_individual,10,outcome_cerrd_fuzzy,fuzzy_late,rdrobust,selected_bc_individual,ccpp_equal,cr2 cluster_ruv,1,2,triangular,cerrd,,.0065190450638983,.0065190452,.016047213,.016047213,100,139169,8344,3306,37,17,54,8.389341620483385,7.7662497,7.8380437,.32176358,-7.5960336,23.128532,32.23541889756837,46.740578,.1661564760727633,-.16251476,.49482772,.6202403553225487,.66151893,.24580365,7.2428226,,,,0,1,.6629931500979832
S02,age_0_14_outcome,Age 0-14,composition,secondary,composition_2013_individual,10,outcome_mserd_fuzzy,fuzzy_late,rdrobust,selected_bc_individual,ccpp_equal,cr2 cluster_ruv,1,2,triangular,mserd,,.008883015731684,.0088830162,.016047213,.016047213,100,139169,10856,4339,54,25,79,2.11202780439864,1.5007213,7.7042308,.8455559,-13.599294,16.600737,30.4105960342449,46.004894,.0326209067908388,-.29560536,.36084718,.6275703270491995,.71811557,.22244821,10.421515,,,,0,1,.9395065572526721
S03,age_15_19_outcome,Age 15-19,composition,secondary,composition_2013_individual,11,common_h_fuzzy,fuzzy_late,rdrobust,selected_bc_individual,ccpp_equal,cr2 cluster_ruv,1,2,triangular,manual,,.0075,.0074999998,.0135,.0135,100,139169,8917,3974,43,22,65,-2.294448438889254,-2.6757231,3.224205,.40660316,-8.9950495,3.6436026,9.172483276511461,28.865332,-.0926967793332952,-.31162119,.12622765,.6720353021488913,.78113091,.23437309,11.107904,,,,0,1,.6964767830712455
S03,age_15_19_outcome,Age 15-19,composition,secondary,composition_2013_individual,11,common_h_reduced_form,reduced_form,rdrobust,selected_bc_individual,ccpp_equal,cr2 cluster_ruv,1,2,triangular,manual,,.0075,.0074999998,.0135,.0135,100,139169,8917,3974,43,22,65,-1.541950349893992,-2.0484946,2.0925884,.32761526,-6.1498928,2.0529032,9.172483276511461,28.865332,-.0709673026809668,-.21305464,.071120031,,,,,,,,0,1,.5410071355955941
S03,age_15_19_outcome,Age 15-19,composition,secondary,composition_2013_individual,11,outcome_cerrd_fuzzy,fuzzy_late,rdrobust,selected_bc_individual,ccpp_equal,cr2 cluster_ruv,1,2,triangular,cerrd,,.0108494389367784,.010849439,.022555456,.022555456,100,139169,11644,20803,62,32,94,-2.252115853089435,-2.7436481,3.4486032,.42627478,-9.5027857,4.0154896,9.098018453299451,28.759327,-.0954002819655656,-.33042449,.13962391,.4876122291776805,.52377158,.20982893,6.2309341,,,,0,1,.6629931500979832
S03,age_15_19_outcome,Age 15-19,composition,secondary,composition_2013_individual,11,outcome_mserd_fuzzy,fuzzy_late,rdrobust,selected_bc_individual,ccpp_equal,cr2 cluster_ruv,1,2,triangular,mserd,,.0147837199790294,.01478372,.022555456,.022555456,100,139169,19060,28648,79,42,121,-1.173846734016376,-2.2547305,3.9544051,.56855428,-10.005222,5.4957609,9.014498427364527,28.639687,-.0787274836366258,-.34934816,.19189319,.3855053483190255,.44165024,.20391953,4.6907177,,,,0,1,.8831545284816197
S04,age_20_24_outcome,Age 20-24,composition,secondary,composition_2013_individual,12,common_h_fuzzy,fuzzy_late,rdrobust,selected_bc_individual,ccpp_equal,cr2 cluster_ruv,1,2,triangular,manual,,.0075,.0074999998,.0135,.0135,100,139169,8917,3974,43,22,65,-2.426028733812247,-2.4567299,2.4643667,.31881252,-7.2867999,2.3733401,4.603260349844962,20.956747,-.1172285868784345,-.34770662,.11324944,.6720353021488913,.78113091,.23437309,11.107904,,,,0,1,.6964767830712455
S04,age_20_24_outcome,Age 20-24,composition,secondary,composition_2013_individual,12,common_h_reduced_form,reduced_form,rdrobust,selected_bc_individual,ccpp_equal,cr2 cluster_ruv,1,2,triangular,manual,,.0075,.0074999998,.0135,.0135,100,139169,8917,3974,43,22,65,-1.630376953149405,-1.9156783,1.7387347,.27056354,-5.3235359,1.4921792,4.603260349844962,20.956747,-.0914110484715293,-.25402489,.071202807,,,,,,,,0,1,.5410071355955941
S04,age_20_24_outcome,Age 20-24,composition,secondary,composition_2013_individual,12,outcome_cerrd_fuzzy,fuzzy_late,rdrobust,selected_bc_individual,ccpp_equal,cr2 cluster_ruv,1,2,triangular,cerrd,,.0071216265090427,.0071216263,.016998798,.016998798,100,139169,8786,3721,41,20,61,-2.511260426237373,-2.639894,2.4095113,.27324781,-7.3624496,2.0826614,4.573310295338059,20.891758,-.1263605509265976,-.3524093,.099688187,.6526621830286978,.6951037,.23436843,8.796319,,,,0,1,.6629931500979832
S04,age_20_24_outcome,Age 20-24,composition,secondary,composition_2013_individual,12,outcome_mserd_fuzzy,fuzzy_late,rdrobust,selected_bc_individual,ccpp_equal,cr2 cluster_ruv,1,2,triangular,mserd,,.0097041084537577,.0097041083,.016998798,.016998798,100,139169,11207,20714,56,30,86,-2.908134678451196,-3.187284,2.7263367,.24237458,-8.5308056,2.1562376,4.692580251362918,21.148939,-.1507065677282609,-.40336803,.10195488,.5561921562850711,.64324027,.21770918,8.7295723,,,,0,1,.7511900663375854
S05,age_25_29_outcome,Age 25-29,composition,secondary,composition_2013_individual,13,common_h_fuzzy,fuzzy_late,rdrobust,selected_bc_individual,ccpp_equal,cr2 cluster_ruv,1,2,triangular,manual,,.0075,.0074999998,.0135,.0135,100,139169,8917,3974,43,22,65,-15.85772786388924,-15.787033,15.759056,.31645212,-46.674213,15.100149,7.710602078156965,26.677456,-.591774308466134,-1.7495751,.56602657,.6720353021488913,.78113091,.23437309,11.107904,,,,0,1,.6964767830712455
S05,age_25_29_outcome,Age 25-29,composition,secondary,composition_2013_individual,13,common_h_reduced_form,reduced_form,rdrobust,selected_bc_individual,ccpp_equal,cr2 cluster_ruv,1,2,triangular,manual,,.0075,.0074999998,.0135,.0135,100,139169,8917,3974,43,22,65,-10.6569529364037,-12.339452,10.183419,.2256196,-32.298584,7.6196823,7.710602078156965,26.677456,-.4625422991348851,-1.2107072,.28562254,,,,,,,,0,1,.5410071355955941
S05,age_25_29_outcome,Age 25-29,composition,secondary,composition_2013_individual,13,outcome_cerrd_fuzzy,fuzzy_late,rdrobust,selected_bc_individual,ccpp_equal,cr2 cluster_ruv,1,2,triangular,cerrd,,.0065323489945028,.0065323492,.01617003,.01617003,100,139169,8541,3306,39,17,56,-19.54157139062527,-19.396397,17.444807,.26619309,-53.587589,14.794797,7.833993391818568,26.87215,-.7218029206903647,-1.9941683,.5505625,.620792683560036,.66066641,.24580298,7.2242055,,,,0,1,.6629931500979832
S05,age_25_29_outcome,Age 25-29,composition,secondary,composition_2013_individual,13,outcome_mserd_fuzzy,fuzzy_late,rdrobust,selected_bc_individual,ccpp_equal,cr2 cluster_ruv,1,2,triangular,mserd,,.0089011440041063,.0089011444,.01617003,.01617003,100,139169,10856,4339,54,25,79,-14.25284093233062,-14.394136,14.689937,.32715335,-43.185883,14.39761,7.120953548854208,25.718637,-.559677258884644,-1.6791668,.55981231,.6263296559140856,.71392792,.22222584,10.320949,,,,0,1,.7511900663375854
S06,age_30_44_outcome,Age 30-44,composition,secondary,composition_2013_individual,14,common_h_fuzzy,fuzzy_late,rdrobust,selected_bc_individual,ccpp_equal,cr2 cluster_ruv,1,2,triangular,manual,,.0075,.0074999998,.0135,.0135,100,139169,8917,3974,43,22,65,1.835327607257172,1.9125921,4.8816614,.69521248,-7.6552887,11.480473,17.92889973087133,38.361565,.0498569898460865,-.19955622,.29927021,.6720353021488913,.78113091,.23437309,11.107904,,,,0,1,.7724583148956299
S06,age_30_44_outcome,Age 30-44,composition,secondary,composition_2013_individual,14,common_h_reduced_form,reduced_form,rdrobust,selected_bc_individual,ccpp_equal,cr2 cluster_ruv,1,2,triangular,manual,,.0075,.0074999998,.0135,.0135,100,139169,8917,3974,43,22,65,1.233404943085276,1.4855555,3.3081751,.65339136,-4.9983487,7.9694595,17.92889973087133,38.361565,.0387251044945363,-.13029575,.20774595,,,,,,,,0,1,.7259904013739692
S06,age_30_44_outcome,Age 30-44,composition,secondary,composition_2013_individual,14,outcome_cerrd_fuzzy,fuzzy_late,rdrobust,selected_bc_individual,ccpp_equal,cr2 cluster_ruv,1,2,triangular,cerrd,,.0063156130085132,.0063156132,.015446261,.015446261,100,139169,8344,3306,37,17,54,2.596785217563281,2.8010952,5.4931116,.6101014,-7.9652057,13.567396,18.04639067605134,38.459644,.0728320650573709,-.20710555,.35276967,.6100120531987674,.65574104,.24802746,6.9898071,,,,0,1,.7626267522573471
S06,age_30_44_outcome,Age 30-44,composition,secondary,composition_2013_individual,14,outcome_mserd_fuzzy,fuzzy_late,rdrobust,selected_bc_individual,ccpp_equal,cr2 cluster_ruv,1,2,triangular,mserd,,.008605814066317,.0086058136,.015446261,.015446261,100,139169,9929,4339,52,25,77,1.051714014225268,1.4470637,4.6103344,.75361681,-7.589026,10.483153,18.23774845005913,38.617477,.0374717291674945,-.1965179,.27146137,.6480388727642221,.7473169,.22461396,11.069707,,,,0,1,.9395065572526721
S07,age_45_64_outcome,Age 45-64,composition,secondary,composition_2013_individual,15,common_h_fuzzy,fuzzy_late,rdrobust,selected_bc_individual,ccpp_equal,cr2 cluster_ruv,1,2,triangular,manual,,.0075,.0074999998,.0135,.0135,100,139169,8917,3974,43,22,65,5.80408638124132,5.4651046,7.6787987,.47664222,-9.5850639,20.515272,17.52699579179011,38.021915,.1437356409331349,-.25209314,.53956443,.6720353021488913,.78113091,.23437309,11.107904,,,,0,1,.6964767830712455
S07,age_45_64_outcome,Age 45-64,composition,secondary,composition_2013_individual,15,common_h_reduced_form,reduced_form,rdrobust,selected_bc_individual,ccpp_equal,cr2 cluster_ruv,1,2,triangular,manual,,.0075,.0074999998,.0135,.0135,100,139169,8917,3974,43,22,65,3.900550944915776,4.3059435,4.698287,.35940883,-4.9025302,13.514417,17.52699579179011,38.021915,.1132489847285361,-.12893958,.35543755,,,,,,,,0,1,.5410071355955941
S07,age_45_64_outcome,Age 45-64,composition,secondary,composition_2013_individual,15,outcome_cerrd_fuzzy,fuzzy_late,rdrobust,selected_bc_individual,ccpp_equal,cr2 cluster_ruv,1,2,triangular,cerrd,,.0064026102596961,.0064026103,.015411802,.015411802,100,139169,8344,3306,37,17,54,5.975380489329383,6.2075319,8.4788427,.46409521,-10.410694,22.825758,17.07116164254524,37.627934,.1649713792248512,-.27667463,.60661739,.614660561788232,.66222733,.24683876,7.1975965,,,,0,1,.6629931500979832
S07,age_45_64_outcome,Age 45-64,composition,secondary,composition_2013_individual,15,outcome_mserd_fuzzy,fuzzy_late,rdrobust,selected_bc_individual,ccpp_equal,cr2 cluster_ruv,1,2,triangular,mserd,,.0087243587217528,.0087243589,.015411802,.015411802,100,139169,10856,4339,54,25,79,6.29989752276581,6.8763666,7.7607708,.37559503,-8.3344641,22.087198,18.0375374102008,38.451752,.1788310365220689,-.21675123,.5744133,.6394797938985577,.74254864,.22428647,10.960836,,,,0,1,.7511900663375854
S08,age_65p_outcome,Age 65 or older,composition,secondary,composition_2013_individual,16,common_h_fuzzy,fuzzy_late,rdrobust,selected_bc_individual,ccpp_equal,cr2 cluster_ruv,1,2,triangular,manual,,.0075,.0074999998,.0135,.0135,100,139169,8917,3974,43,22,65,7.845226493710894,7.0636177,10.174652,.48753375,-12.878335,27.005569,11.62711802117613,32.056782,.2203470730932137,-.40173513,.84242928,.6720353021488913,.78113091,.23437309,11.107904,,,,0,1,.6964767830712455
S08,age_65p_outcome,Age 65 or older,composition,secondary,composition_2013_individual,16,common_h_reduced_form,reduced_form,rdrobust,selected_bc_individual,ccpp_equal,cr2 cluster_ruv,1,2,triangular,manual,,.0075,.0074999998,.0135,.0135,100,139169,8917,3974,43,22,65,5.272269157127488,5.60288,6.3648486,.37870499,-6.871994,18.077755,11.62711802117613,32.056782,.1747798768810069,-.21436943,.5639292,,,,,,,,0,1,.5410071355955941
S08,age_65p_outcome,Age 65 or older,composition,secondary,composition_2013_individual,16,outcome_cerrd_fuzzy,fuzzy_late,rdrobust,selected_bc_individual,ccpp_equal,cr2 cluster_ruv,1,2,triangular,cerrd,,.0073593094693,.0073593096,.016421273,.016421273,100,139169,8917,3721,43,20,63,7.691211251492601,8.2260447,10.047639,.41295519,-11.466967,27.919056,11.62711802117613,32.056782,.2566085629618787,-.35770801,.87092513,.6652784286105942,.71805507,.23159023,9.6133566,,,,0,1,.6629931500979832
S08,age_65p_outcome,Age 65 or older,composition,secondary,composition_2013_individual,16,outcome_mserd_fuzzy,fuzzy_late,rdrobust,selected_bc_individual,ccpp_equal,cr2 cluster_ruv,1,2,triangular,mserd,,.0100279812686293,.010027981,.016421273,.016421273,100,139169,11541,20782,59,31,90,11.70762940899706,12.419805,12.310987,.31305185,-11.709287,36.548897,12.64639701372382,33.238594,.3736561373862964,-.35227987,1.0995921,.5326823215858828,.63616395,.21871322,8.4603443,,,,0,1,.7511900663375854
S09,pregnant_reproductive_2013,Pregnant,composition,secondary,composition_2013_individual,17,common_h_fuzzy,fuzzy_late,rdrobust,selected_bc_individual,ccpp_equal,cr2 cluster_ruv,1,2,triangular,manual,,.0075,.0074999998,.0135,.0135,100,40129,2461,1090,43,22,65,-3.100042397227328,-2.7701783,2.3832452,.24509105,-7.4412532,1.9008963,2.660192773875873,16.094965,-.1721145849588533,-.46233419,.11810503,.6720353021488911,.78186667,.23441151,11.125193,,,,0,1,.6964767830712455
S09,pregnant_reproductive_2013,Pregnant,composition,secondary,composition_2013_individual,17,common_h_reduced_form,reduced_form,rdrobust,selected_bc_individual,ccpp_equal,cr2 cluster_ruv,1,2,triangular,manual,,.0075,.0074999998,.0135,.0135,100,40129,2461,1090,43,22,65,-2.08333792909504,-2.2021396,1.5741363,.16182765,-5.2873898,.88311076,2.660192773875873,16.094965,-.1368216376760826,-.32851204,.054868758,,,,,,,,0,1,.5410071355955941
S09,pregnant_reproductive_2013,Pregnant,composition,secondary,composition_2013_individual,17,outcome_cerrd_fuzzy,fuzzy_late,rdrobust,selected_bc_individual,ccpp_equal,cr2 cluster_ruv,1,2,triangular,cerrd,,.0064299000339743,.0064298999,.016161425,.016161425,100,40129,2312,902,37,17,54,-3.306495936048195,-3.3621204,2.5986207,.19573119,-8.4553232,1.7310826,2.844471138751496,16.627558,-.2022016907309126,-.50851262,.10410925,.6160299080250646,.65448022,.24699661,7.0211959,,,,0,1,.6629931500979832
S09,pregnant_reproductive_2013,Pregnant,composition,secondary,composition_2013_individual,17,outcome_mserd_fuzzy,fuzzy_late,rdrobust,selected_bc_individual,ccpp_equal,cr2 cluster_ruv,1,2,triangular,mserd,,.0087597418545879,.0087597417,.016161425,.016161425,100,40129,3004,1179,54,25,79,-3.306314928358452,-3.4788041,2.3928978,.1460007,-8.1687975,1.2111895,2.279385492329345,14.92706,-.2330535387023702,-.54724759,.081140526,.6366463440583928,.72125173,.22263959,10.494673,,,,0,1,.7511900663375854
S10,partnered_2013,Married or cohabiting,composition,secondary,composition_2013_individual,18,common_h_fuzzy,fuzzy_late,rdrobust,selected_bc_individual,ccpp_equal,cr2 cluster_ruv,1,2,triangular,manual,,.0075,.0074999998,.0135,.0135,100,105005,6519,2998,43,22,65,4.610710965640299,3.2269325,12.352262,.79390574,-20.983057,27.436922,55.4596364140767,49.704842,.0649218923162217,-.42215317,.55199695,.6720353021488912,.78113091,.23437309,11.107904,,,,0,1,.7939057350158691
S10,partnered_2013,Married or cohabiting,composition,secondary,composition_2013_individual,18,common_h_reduced_form,reduced_form,rdrobust,selected_bc_individual,ccpp_equal,cr2 cluster_ruv,1,2,triangular,manual,,.0075,.0074999998,.0135,.0135,100,105005,6519,2998,43,22,65,3.098560536915285,2.6716208,8.4315538,.75134993,-13.853921,19.197163,55.4596364140767,49.704842,.053749708024608,-.27872375,.38622317,,,,,,,,0,1,.751349925994873
S10,partnered_2013,Married or cohabiting,composition,secondary,composition_2013_individual,18,outcome_cerrd_fuzzy,fuzzy_late,rdrobust,selected_bc_individual,ccpp_equal,cr2 cluster_ruv,1,2,triangular,cerrd,,.0083960647151318,.0083960649,.018704372,.018704372,100,105005,7192,3205,51,24,75,4.12106988329433,4.1836948,10.907342,.70129949,-17.194304,25.561693,55.93338350219319,49.650154,.0842634842453034,-.34630916,.51483613,.6594961877097399,.7067793,.22038369,10.285105,,,,0,1,.7792216539382935
S10,partnered_2013,Married or cohabiting,composition,secondary,composition_2013_individual,18,outcome_mserd_fuzzy,fuzzy_late,rdrobust,selected_bc_individual,ccpp_equal,cr2 cluster_ruv,1,2,triangular,mserd,,.0114406901958357,.011440691,.018704372,.018704372,100,105005,9082,21119,63,37,100,7.575888434479995,7.0714183,14.188483,.61820817,-20.737497,34.880333,56.84518559551302,49.531944,.1427647991979345,-.41866916,.70419878,.4649943280499227,.54738712,.21230057,6.6479359,,,,0,1,.8831545284816197
S11,school_deprivation_proxy_2013,Schooling-deprivation proxy ages 7-12,human_capital,secondary,human_capital_2013_individual,19,common_h_fuzzy,fuzzy_late,rdrobust,selected_bc_individual,ccpp_equal,cr2 cluster_ruv,1,2,triangular,manual,,.0075,.0074999998,.0135,.0135,100,20051,1362,571,42,22,64,-3.650860161877651,-3.1324334,3.1056771,.3131592,-9.219449,2.954582,2.803717688717066,16.513969,-.1896838576243217,-.55828184,.1789141,.664238339871861,.78120732,.23733963,10.834081,,,,0,1,.9998988509178162
S11,school_deprivation_proxy_2013,Schooling-deprivation proxy ages 7-12,human_capital,secondary,human_capital_2013_individual,19,common_h_reduced_form,reduced_form,rdrobust,selected_bc_individual,ccpp_equal,cr2 cluster_ruv,1,2,triangular,manual,,.0075,.0074999998,.0135,.0135,100,20051,1362,571,42,22,64,-2.425041293029924,-2.5077195,2.0643337,.22444846,-6.5537391,1.5383,2.803717688717066,16.513969,-.151854448849773,-.39686033,.093151443,,,,,,,,0,1,.9990227222442627
S11,school_deprivation_proxy_2013,Schooling-deprivation proxy ages 7-12,human_capital,secondary,human_capital_2013_individual,19,outcome_cerrd_fuzzy,fuzzy_late,rdrobust,selected_bc_individual,ccpp_equal,cr2 cluster_ruv,1,2,triangular,cerrd,,.0074375963619969,.0074375966,.015907418,.015907418,100,20051,1362,551,42,21,63,-3.655800884559342,-3.48751,3.0409839,.25144941,-9.4477291,2.4727092,2.803717688717066,16.513969,-.211185446075622,-.57210529,.14973439,.6611898326204363,.72690421,.23451786,9.6073265,,,,0,1,.7814261913299561
S11,school_deprivation_proxy_2013,Schooling-deprivation proxy ages 7-12,human_capital,secondary,human_capital_2013_individual,19,outcome_mserd_fuzzy,fuzzy_late,rdrobust,selected_bc_individual,ccpp_equal,cr2 cluster_ruv,1,2,triangular,mserd,,.0101241489138392,.010124149,.015907418,.015907418,100,20051,1686,2778,60,31,91,-5.781343537028397,-4.8427167,4.1788025,.24650645,-13.033019,3.3475854,2.546360524271303,15.757518,-.3073273781838033,-.82709843,.21244369,.514871691325449,.64179164,.2233661,8.2556944,,,,0,1,.9699797034263611
S12,literate_age14_2013,Literate,human_capital,secondary,human_capital_2013_individual,20,common_h_fuzzy,fuzzy_late,rdrobust,selected_bc_individual,ccpp_equal,cr2 cluster_ruv,1,2,triangular,manual,,.0075,.0074999998,.0135,.0135,100,98005,6075,2795,43,22,65,-1.709657951028649,-2.7505784,12.424637,.82479578,-27.102419,21.601263,75.86558842240898,42.793373,-.0642758037859374,-.63333213,.50478053,.6720353021488912,.78113091,.23437309,11.107904,,,,0,1,.9998988509178162
S12,literate_age14_2013,Literate,human_capital,secondary,human_capital_2013_individual,20,common_h_reduced_form,reduced_form,rdrobust,selected_bc_individual,ccpp_equal,cr2 cluster_ruv,1,2,triangular,manual,,.0075,.0074999998,.0135,.0135,100,98005,6075,2795,43,22,65,-1.148950497690793,-2.035002,8.3908987,.80837345,-18.480862,14.410857,75.86558842240898,42.793373,-.0475541380880136,-.43186268,.33675441,,,,,,,,0,1,.9990227222442627
S12,literate_age14_2013,Literate,human_capital,secondary,human_capital_2013_individual,20,outcome_cerrd_fuzzy,fuzzy_late,rdrobust,selected_bc_individual,ccpp_equal,cr2 cluster_ruv,1,2,triangular,cerrd,,.0099094275380484,.0099094277,.021487914,.021487914,100,98005,7752,14927,56,31,87,-1.731060850385125,-1.4642738,12.719669,.90835088,-26.394367,23.46582,76.88943055412859,42.156704,-.034734066265197,-.62610132,.55663317,.5408466511271235,.5851081,.21245435,7.584744,,,,0,1,.9083508849143982
S12,literate_age14_2013,Literate,human_capital,secondary,human_capital_2013_individual,20,outcome_mserd_fuzzy,fuzzy_late,rdrobust,selected_bc_individual,ccpp_equal,cr2 cluster_ruv,1,2,triangular,mserd,,.0135028366654405,.013502836,.021487914,.021487914,100,98005,12691,19855,71,39,110,.6554218318532555,.90043378,15.973479,.95504659,-30.407011,32.207878,77.27028139660638,41.910263,.021484804238335,-.72552657,.76849622,.4119944875757633,.48199183,.20655879,5.4449253,,,,0,1,.9699797034263611
S13,primary_complete_age14_2013,Completed primary education,human_capital,secondary,human_capital_2013_individual,21,common_h_fuzzy,fuzzy_late,rdrobust,selected_bc_individual,ccpp_equal,cr2 cluster_ruv,1,2,triangular,manual,,.0075,.0074999998,.0135,.0135,100,98005,6075,2795,43,22,65,-8.272027595467577,-9.335206,13.969011,.50395507,-36.713963,18.043552,51.5065093864776,49.981415,-.1867735538307938,-.73455232,.36100525,.6720353021488912,.78113091,.23437309,11.107904,,,,0,1,.9998988509178162
S13,primary_complete_age14_2013,Completed primary education,human_capital,secondary,human_capital_2013_individual,21,common_h_reduced_form,reduced_form,rdrobust,selected_bc_individual,ccpp_equal,cr2 cluster_ruv,1,2,triangular,manual,,.0075,.0074999998,.0135,.0135,100,98005,6075,2795,43,22,65,-5.559094564504019,-7.1760297,9.6235266,.45586336,-26.037796,11.685736,51.5065093864776,49.981415,-.1435739691542699,-.52094954,.23380163,,,,,,,,0,1,.9990227222442627
S13,primary_complete_age14_2013,Completed primary education,human_capital,secondary,human_capital_2013_individual,21,outcome_cerrd_fuzzy,fuzzy_late,rdrobust,selected_bc_individual,ccpp_equal,cr2 cluster_ruv,1,2,triangular,cerrd,,.0114866773680123,.011486677,.023383718,.023383718,100,98005,8502,19733,63,37,100,-6.721217163890743,-7.9171381,16.20575,.6251682,-39.679825,23.845547,51.33190773121302,49.985195,-.1583896593858098,-.79383147,.47705215,.4635253123443958,.49422163,.20766988,5.66365,,,,0,1,.7814261913299561
S13,primary_complete_age14_2013,Completed primary education,human_capital,secondary,human_capital_2013_individual,21,outcome_mserd_fuzzy,fuzzy_late,rdrobust,selected_bc_individual,ccpp_equal,cr2 cluster_ruv,1,2,triangular,mserd,,.0156520371871481,.015652036,.023383718,.023383718,100,98005,14189,21160,86,44,130,-5.743535389810617,-8.2435942,19.40917,.67103589,-46.28487,29.79768,51.53583868102434,49.978168,-.164943912488599,-.92610174,.59621394,.3658338811433016,.4139756,.20170549,4.2122493,,,,0,1,.9699797034263611
S14,education_years_age14_2013,Approximate completed education years,human_capital,secondary,human_capital_2013_individual,22,common_h_fuzzy,fuzzy_late,rdrobust,selected_bc_individual,ccpp_equal,cr2 cluster_ruv,1,2,triangular,manual,,.0075,.0074999998,.0135,.0135,1,98005,6075,2795,43,22,65,-.6880280065204869,-.73633343,1.4119484,.60201734,-3.5037014,2.0310347,5.707475580499875,4.4228315,-.166484623818478,-.79218519,.45921594,.6720353021488912,.78113091,.23437309,11.107904,,,,0,1,.9998988509178162
S14,education_years_age14_2013,Approximate completed education years,human_capital,secondary,human_capital_2013_individual,22,common_h_reduced_form,reduced_form,rdrobust,selected_bc_individual,ccpp_equal,cr2 cluster_ruv,1,2,triangular,manual,,.0075,.0074999998,.0135,.0135,1,98005,6075,2795,43,22,65,-.4623791092488947,-.5699029,.95712882,.55155629,-2.4458408,1.3060352,5.707475580499875,4.4228315,-.1288547601505853,-.55300343,.2952939,,,,,,,,0,1,.9990227222442627
S14,education_years_age14_2013,Approximate completed education years,human_capital,secondary,human_capital_2013_individual,22,outcome_cerrd_fuzzy,fuzzy_late,rdrobust,selected_bc_individual,ccpp_equal,cr2 cluster_ruv,1,2,triangular,cerrd,,.0105088545431734,.010508855,.022197986,.022197986,1,98005,8088,14942,62,32,94,-.7300074614327319,-.79837495,1.6099465,.61996388,-3.9538121,2.3570623,5.731260822834583,4.3979621,-.1815329320648262,-.89901006,.53594422,.5033704647967833,.54291999,.21070644,6.639204,,,,0,1,.7814261913299561
S14,education_years_age14_2013,Approximate completed education years,human_capital,secondary,human_capital_2013_individual,22,outcome_mserd_fuzzy,fuzzy_late,rdrobust,selected_bc_individual,ccpp_equal,cr2 cluster_ruv,1,2,triangular,mserd,,.0143196310677388,.014319631,.022197986,.022197986,1,98005,12842,19935,74,40,114,-.6649461184791898,-.80143332,1.9825448,.68603271,-4.6871495,3.0842829,5.759758492978748,4.3989487,-.1821874702026769,-1.0655159,.70114094,.3953775885321227,.45638925,.20502362,4.9552212,,,,0,1,.9699797034263611
S15,indigenous_language_age3_2013,Named Indigenous childhood language,human_capital,secondary,human_capital_2013_individual,23,common_h_fuzzy,fuzzy_late,rdrobust,selected_bc_individual,ccpp_equal,cr2 cluster_ruv,1,2,triangular,manual,,.0075,.0074999998,.0135,.0135,100,86525,7573,2648,36,15,51,-.1681332566176648,.0018265535,14.40836,.99989885,-28.238041,28.241693,78.74891498587557,40.911133,.0000446468566083,-.69022876,.69031805,.9689302826083709,1.0811639,.17920361,36.399006,,,,0,1,.9998988509178162
S15,indigenous_language_age3_2013,Named Indigenous childhood language,human_capital,secondary,human_capital_2013_individual,23,common_h_reduced_form,reduced_form,rdrobust,selected_bc_individual,ccpp_equal,cr2 cluster_ruv,1,2,triangular,manual,,.0075,.0074999998,.0135,.0135,100,86525,7573,2648,36,15,51,-.1629094038504197,-.017100392,13.961462,.99902272,-27.381063,27.346863,78.74891498587557,40.911133,-.000417988719726,-.66928148,.66844547,,,,,,,,0,1,.9990227222442627
S15,indigenous_language_age3_2013,Named Indigenous childhood language,human_capital,secondary,human_capital_2013_individual,23,outcome_cerrd_fuzzy,fuzzy_late,rdrobust,selected_bc_individual,ccpp_equal,cr2 cluster_ruv,1,2,triangular,cerrd,,.0061918453669368,.0061918455,.014959979,.014959979,100,86525,7021,2080,30,11,41,7.830211218532583,7.4418993,16.460312,.65118849,-24.819717,39.703518,77.98101920199775,41.440407,.1795807621608724,-.59892553,.95808709,.8362244920846652,.87943029,.16477853,28.484043,,,,0,1,.7814261913299561
S15,indigenous_language_age3_2013,Named Indigenous childhood language,human_capital,secondary,human_capital_2013_individual,23,outcome_mserd_fuzzy,fuzzy_late,rdrobust,selected_bc_individual,ccpp_equal,cr2 cluster_ruv,1,2,triangular,mserd,,.0083364287096941,.0083364286,.014959979,.014959979,100,86525,8400,2930,44,17,61,-.6607666217834683,-.53898728,14.321918,.9699797,-28.60943,27.531456,80.43629163396155,39.671394,-.0135862959377392,-.72116017,.69398761,.9713608860827934,1.0932294,.18497522,34.929756,,,,0,1,.9699797034263611
S16,nonspanish_language_age3_2013,Non-Spanish childhood language,human_capital,secondary,human_capital_2013_individual,24,common_h_fuzzy,fuzzy_late,rdrobust,selected_bc_individual,ccpp_equal,cr2 cluster_ruv,1,2,triangular,manual,,.0075,.0074999998,.0135,.0135,100,86525,7573,2648,36,15,51,-.2885774129034957,-.095482334,14.406009,.9947117,-28.330742,28.139776,79.03222238592744,40.710552,-.0023453953572688,-.69590664,.69121581,.9689302826083709,1.0811639,.17920361,36.399006,,,,0,1,.9998988509178162
S16,nonspanish_language_age3_2013,Non-Spanish childhood language,human_capital,secondary,human_capital_2013_individual,24,common_h_reduced_form,reduced_form,rdrobust,selected_bc_individual,ccpp_equal,cr2 cluster_ruv,1,2,triangular,manual,,.0075,.0074999998,.0135,.0135,100,86525,7573,2648,36,15,51,-.2796113942389766,-.1249038,13.959652,.99286103,-27.485319,27.235512,79.03222238592744,40.710552,-.0030680941124291,-.67513996,.66900378,,,,,,,,0,1,.9990227222442627
S16,nonspanish_language_age3_2013,Non-Spanish childhood language,human_capital,secondary,human_capital_2013_individual,24,outcome_cerrd_fuzzy,fuzzy_late,rdrobust,selected_bc_individual,ccpp_equal,cr2 cluster_ruv,1,2,triangular,cerrd,,.0061212455251926,.0061212457,.014851327,.014851327,100,86525,7021,2080,30,11,41,8.34716473133561,7.9488401,16.611786,.63229007,-24.609661,40.507339,78.29989103564648,41.223274,.1928240952945737,-.59698462,.98263282,.8289433760439161,.8710916,.16430584,28.107466,,,,0,1,.7814261913299561
S16,nonspanish_language_age3_2013,Non-Spanish childhood language,human_capital,secondary,human_capital_2013_individual,24,outcome_mserd_fuzzy,fuzzy_late,rdrobust,selected_bc_individual,ccpp_equal,cr2 cluster_ruv,1,2,triangular,mserd,,.0082413761829047,.0082413759,.014851327,.014851327,100,86525,8400,2648,44,15,59,-1.002088359807772,-.81287789,14.261967,.95454824,-28.76582,27.140064,80.66808859764035,39.492455,-.0205831191798793,-.72838771,.68722147,.9755398058150966,1.0960857,.18463673,35.241375,,,,0,1,.9699797034263611
S17,insurance_essalud_2013,EsSalud insurance,health,secondary,health_2013_individual,25,common_h_fuzzy,fuzzy_late,rdrobust,selected_bc_individual,ccpp_equal,cr2 cluster_ruv,1,2,triangular,manual,,.0075,.0074999998,.0135,.0135,100,141679,9109,4042,43,22,65,-3.685408964768565,-4.179512,6.8284659,.54049021,-17.563059,9.2040358,3.939489289971729,19.454329,-.2148371128644781,-.90278411,.4731099,.6720353021488913,.78113091,.23437309,11.107904,,,,0,1,.8583645224571228
S17,insurance_essalud_2013,EsSalud insurance,health,secondary,health_2013_individual,25,common_h_reduced_form,reduced_form,rdrobust,selected_bc_individual,ccpp_equal,cr2 cluster_ruv,1,2,triangular,manual,,.0075,.0074999998,.0135,.0135,100,141679,9109,4042,43,22,65,-2.476724927180475,-3.2108414,4.607235,.48585731,-12.240856,5.8191733,3.939489289971729,19.454329,-.165045086811868,-.62920988,.29911971,,,,,,,,0,1,.7899969153934056
S17,insurance_essalud_2013,EsSalud insurance,health,secondary,health_2013_individual,25,outcome_cerrd_fuzzy,fuzzy_late,rdrobust,selected_bc_individual,ccpp_equal,cr2 cluster_ruv,1,2,triangular,cerrd,,.0082756726227919,.0082756728,.018945158,.018945158,100,141679,9978,4042,51,22,73,-3.738751690693395,-3.9703405,6.3129077,.52939868,-16.343412,8.4027319,3.592722765757189,18.611807,-.213323760318142,-.87812072,.45147318,.6663162807840053,.70946932,.22125927,10.281686,,,,0,1,.8182362450493708
S17,insurance_essalud_2013,EsSalud insurance,health,secondary,health_2013_individual,25,outcome_mserd_fuzzy,fuzzy_late,rdrobust,selected_bc_individual,ccpp_equal,cr2 cluster_ruv,1,2,triangular,mserd,,.0112766408849714,.011276641,.018945158,.018945158,100,141679,11891,23165,62,36,98,-3.151999113362369,-3.792773,8.3321381,.64896673,-20.123463,12.537916,3.869126575633285,19.286623,-.1966530446780405,-1.0433897,.6500836,.4711954662303512,.54715747,.21222652,6.6469936,,,,0,1,.8356941209899055
S18,insurance_sis_2013,SIS insurance,health,secondary,health_2013_individual,26,common_h_fuzzy,fuzzy_late,rdrobust,selected_bc_individual,ccpp_equal,cr2 cluster_ruv,1,2,triangular,manual,,.0075,.0074999998,.0135,.0135,100,141679,9109,4042,43,22,65,-12.35186890926867,-10.495987,26.564333,.69275749,-62.561123,41.569149,82.40753306658742,38.077698,-.275646571724017,-1.6429859,1.0916928,.6720353021488913,.78113091,.23437309,11.107904,,,,0,1,.8583645224571228
S18,insurance_sis_2013,SIS insurance,health,secondary,health_2013_individual,26,common_h_reduced_form,reduced_form,rdrobust,selected_bc_individual,ccpp_equal,cr2 cluster_ruv,1,2,triangular,manual,,.0075,.0074999998,.0135,.0135,100,141679,9109,4042,43,22,65,-8.300891954543864,-8.4012079,15.777803,.59440047,-39.325134,22.522718,82.40753306658742,38.077698,-.220633302996408,-1.0327604,.59149373,,,,,,,,0,1,.7899969153934056
S18,insurance_sis_2013,SIS insurance,health,secondary,health_2013_individual,26,outcome_cerrd_fuzzy,fuzzy_late,rdrobust,selected_bc_individual,ccpp_equal,cr2 cluster_ruv,1,2,triangular,cerrd,,.0105504375213962,.010550437,.022184525,.022184525,100,141679,11891,21178,62,32,94,-17.56031331271402,-15.905685,28.959421,.58284044,-72.665108,40.853737,81.84476439933087,38.549137,-.4126080884546459,-1.8849996,1.0597835,.5012289315156373,.54118121,.21062291,6.6019802,,,,0,1,.8182362450493708
S18,insurance_sis_2013,SIS insurance,health,secondary,health_2013_individual,26,outcome_mserd_fuzzy,fuzzy_late,rdrobust,selected_bc_individual,ccpp_equal,cr2 cluster_ruv,1,2,triangular,mserd,,.0143762930858876,.014376293,.022184525,.022184525,100,141679,19016,28341,75,40,115,-21.16880541312767,-17.310284,36.408569,.63446963,-88.669769,54.049202,80.8700007092481,39.333504,-.4400900874916515,-2.2543066,1.3741263,.3943922777996984,.45600829,.20499443,4.9483614,,,,0,1,.8356941209899055
S19,insurance_private_2013,Private health insurance,health,secondary,health_2013_individual,27,common_h_fuzzy,fuzzy_late,rdrobust,selected_bc_individual,ccpp_equal,cr2 cluster_ruv,1,2,triangular,manual,,.0075,.0074999998,.0135,.0135,100,141679,9109,4042,43,22,65,.0840460482553703,.12750509,.16386965,.43651682,-.19367352,.44868371,.1866728026744616,4.3167672,.0295371717353629,-.044865407,.10393975,.6720353021488913,.78113091,.23437309,11.107904,,,,0,1,.8583645224571228
S19,insurance_private_2013,Private health insurance,health,secondary,health_2013_individual,27,common_h_reduced_form,reduced_form,rdrobust,selected_bc_individual,ccpp_equal,cr2 cluster_ruv,1,2,triangular,manual,,.0075,.0074999998,.0135,.0135,100,141679,9109,4042,43,22,65,.0564819114337181,.094856977,.10618449,.37168455,-.1132608,.30297476,.1866728026744616,4.3167672,.021974077749917,-.026237411,.070185564,,,,,,,,0,1,.7899969153934056
S19,insurance_private_2013,Private health insurance,health,secondary,health_2013_individual,27,outcome_cerrd_fuzzy,fuzzy_late,rdrobust,selected_bc_individual,ccpp_equal,cr2 cluster_ruv,1,2,triangular,cerrd,,.0071647672096631,.007164767,.014964963,.014964963,100,141679,8975,3784,41,20,61,.0753282274533745,.1094076,.15378281,.47681019,-.19200118,.41081637,.1957787930488255,4.4206028,.0247494770622657,-.04343326,.092932217,.6555577474044325,.72693062,.23636723,9.4582644,,,,0,1,.8182362450493708
S19,insurance_private_2013,Private health insurance,health,secondary,health_2013_individual,27,outcome_mserd_fuzzy,fuzzy_late,rdrobust,selected_bc_individual,ccpp_equal,cr2 cluster_ruv,1,2,triangular,mserd,,.009762893063855,.0097628934,.014964963,.014964963,100,141679,11449,21087,56,30,86,.0711163152466157,.14664494,.19867966,.46045527,-.24276003,.5360499,.2425086717717304,4.918757,.0298134130020494,-.049353942,.10898077,.5513953531641707,.69334972,.22374256,9.603013,,,,0,1,.8356941209899055
S20,insurance_armed_forces_2013,Armed-forces or police insurance,health,secondary,health_2013_individual,28,common_h_fuzzy,fuzzy_late,rdrobust,selected_bc_individual,ccpp_equal,cr2 cluster_ruv,1,2,triangular,manual,,.0075,.0074999998,.0135,.0135,100,141679,9109,4042,43,22,65,-.0017599281232058,-.074822947,.16072582,.64155078,-.38983977,.24019387,.0667845466041948,2.5835493,-.0289613005320873,-.15089309,.092970498,.6720353021488913,.78113091,.23437309,11.107904,,,,0,1,.8583645224571228
S20,insurance_armed_forces_2013,Armed-forces or police insurance,health,secondary,health_2013_individual,28,common_h_reduced_form,reduced_form,rdrobust,selected_bc_individual,ccpp_equal,cr2 cluster_ruv,1,2,triangular,manual,,.0075,.0074999998,.0135,.0135,100,141679,9109,4042,43,22,65,-.001182733828039,-.050475664,.10800341,.6402477,-.26215845,.16120712,.0667845466041948,2.5835493,-.0195373328773428,-.10147221,.062397543,,,,,,,,0,1,.7899969153934056
S20,insurance_armed_forces_2013,Armed-forces or police insurance,health,secondary,health_2013_individual,28,outcome_cerrd_fuzzy,fuzzy_late,rdrobust,selected_bc_individual,ccpp_equal,cr2 cluster_ruv,1,2,triangular,cerrd,,.009621265769378,.0096212653,.020655619,.020655619,100,141679,11449,21058,56,29,85,.1610527726898854,.1168678,.27377138,.66946602,-.41971424,.65344989,.0573138096753253,2.3934486,.0488282066870305,-.17535962,.27301604,.5625223004262373,.60977447,.21371652,8.1407099,,,,0,1,.8182362450493708
S20,insurance_armed_forces_2013,Armed-forces or police insurance,health,secondary,health_2013_individual,28,outcome_mserd_fuzzy,fuzzy_late,rdrobust,selected_bc_individual,ccpp_equal,cr2 cluster_ruv,1,2,triangular,mserd,,.0131101801491443,.01311018,.020655619,.020655619,100,141679,18701,28238,71,39,110,.2933864662640164,.17467619,.4149119,.67375809,-.63853616,.98788857,.0643068797556333,2.5351324,.0689021954759249,-.25187489,.38967928,.4225751411557565,.49820766,.20781559,5.7473092,,,,0,1,.8356941209899055
S21,insurance_other_2013,Other health insurance,health,secondary,health_2013_individual,29,common_h_fuzzy,fuzzy_late,rdrobust,selected_bc_individual,ccpp_equal,cr2 cluster_ruv,1,2,triangular,manual,,.0075,.0074999998,.0135,.0135,100,141679,9109,4042,43,22,65,-.8383905169723498,-.79540718,.93049729,.39265114,-2.6191485,1.028334,.1618462217383651,4.0199752,-.1978636884552627,-.65153342,.25580606,.6720353021488913,.78113091,.23437309,11.107904,,,,0,1,.8583645224571228
S21,insurance_other_2013,Other health insurance,health,secondary,health_2013_individual,29,common_h_reduced_form,reduced_form,rdrobust,selected_bc_individual,ccpp_equal,cr2 cluster_ruv,1,2,triangular,manual,,.0075,.0074999998,.0135,.0135,100,141679,9109,4042,43,22,65,-.5634280243922783,-.62600642,.60620546,.30176127,-1.8141472,.56213444,.1618462217383651,4.0199752,-.1557239390591848,-.45128316,.13983528,,,,,,,,0,1,.7899969153934056
S21,insurance_other_2013,Other health insurance,health,secondary,health_2013_individual,29,outcome_cerrd_fuzzy,fuzzy_late,rdrobust,selected_bc_individual,ccpp_equal,cr2 cluster_ruv,1,2,triangular,cerrd,,.0092218865289024,.0092218863,.020587962,.020587962,100,141679,11092,20902,54,28,82,-.7139034152048042,-.6953063,.87292331,.42572623,-2.4062045,1.015592,.2723922737878695,5.2122431,-.1333986688424079,-.46164474,.19484739,.5937992983809472,.63790101,.21508306,8.7961807,,,,0,1,.8182362450493708
S21,insurance_other_2013,Other health insurance,health,secondary,health_2013_individual,29,outcome_mserd_fuzzy,fuzzy_late,rdrobust,selected_bc_individual,ccpp_equal,cr2 cluster_ruv,1,2,triangular,mserd,,.0125659758920362,.012565976,.020587962,.020587962,100,141679,12858,28113,66,38,104,-.8005272975765347,-.74430215,1.0926324,.49574441,-2.8858225,1.3972181,.2323066021825228,4.814405,-.1545989910755371,-.59941411,.29021615,.43631487858768,.50828129,.2084351,5.9465699,,,,0,1,.8356941209899055
S22,disability_any_2013,Any permanent limitation,health,secondary,health_2013_individual,30,common_h_fuzzy,fuzzy_late,rdrobust,selected_bc_individual,ccpp_equal,cr2 cluster_ruv,1,2,triangular,manual,,.0075,.0074999998,.0135,.0135,100,141679,9109,4042,43,22,65,3.252989484112312,2.3739316,9.5267992,.80321801,-16.29825,21.046114,6.161437079794387,24.046701,.0987217111799465,-.67777491,.87521833,.6720353021488913,.78113091,.23437309,11.107904,,,,0,1,.8583645224571228
S22,disability_any_2013,Any permanent limitation,health,secondary,health_2013_individual,30,common_h_reduced_form,reduced_form,rdrobust,selected_bc_individual,ccpp_equal,cr2 cluster_ruv,1,2,triangular,manual,,.0075,.0074999998,.0135,.0135,100,141679,9109,4042,43,22,65,2.186123770842584,1.9502527,6.1361194,.75061268,-10.076321,13.976826,6.161437079794387,24.046701,.0811027076709932,-.41903126,.58123672,,,,,,,,0,1,.7952419519424438
S22,disability_any_2013,Any permanent limitation,health,secondary,health_2013_individual,30,outcome_cerrd_fuzzy,fuzzy_late,rdrobust,selected_bc_individual,ccpp_equal,cr2 cluster_ruv,1,2,triangular,cerrd,,.0094247357334563,.0094247358,.019996904,.019996904,100,141679,11092,21058,54,29,83,4.462561419232077,4.5511928,9.9843054,.64850885,-15.017687,24.120073,6.937610888997574,25.410408,.1791074313092702,-.59100533,.94922018,.5762683336364369,.62472534,.21472733,8.4645452,,,,0,1,.8182362450493708
S22,disability_any_2013,Any permanent limitation,health,secondary,health_2013_individual,30,outcome_mserd_fuzzy,fuzzy_late,rdrobust,selected_bc_individual,ccpp_equal,cr2 cluster_ruv,1,2,triangular,mserd,,.0128423833501148,.012842383,.019996904,.019996904,100,141679,13700,28113,69,38,107,5.840345397448011,5.768199,13.004008,.65735286,-19.719189,31.255587,6.754159011699853,25.096678,.2298391518043934,-.78572905,1.2454073,.4296812747717842,.5076279,.20879808,5.910686,,,,0,1,.8356941209899055
S23,disability_visual_2013,Visual limitation,health,secondary,health_2013_individual,31,common_h_fuzzy,fuzzy_late,rdrobust,selected_bc_individual,ccpp_equal,cr2 cluster_ruv,1,2,triangular,manual,,.0075,.0074999998,.0135,.0135,100,141679,9109,4042,43,22,65,2.733544428866631,2.1421716,6.0734806,.72430658,-9.761631,14.045975,2.273873351356104,14.907758,.1436950950059614,-.65480214,.94219232,.6720353021488913,.78113091,.23437309,11.107904,,,,0,1,.8583645224571228
S23,disability_visual_2013,Visual limitation,health,secondary,health_2013_individual,31,common_h_reduced_form,reduced_form,rdrobust,selected_bc_individual,ccpp_equal,cr2 cluster_ruv,1,2,triangular,manual,,.0075,.0074999998,.0135,.0135,100,141679,9109,4042,43,22,65,1.837038356190805,1.7378327,3.7875865,.64636111,-5.6857004,9.1613655,2.273873351356104,14.907758,.1165723695254446,-.38139206,.61453682,,,,,,,,0,1,.7899969153934056
S23,disability_visual_2013,Visual limitation,health,secondary,health_2013_individual,31,outcome_cerrd_fuzzy,fuzzy_late,rdrobust,selected_bc_individual,ccpp_equal,cr2 cluster_ruv,1,2,triangular,cerrd,,.0099805050778806,.0099805053,.020745756,.020745756,100,141679,11787,21156,59,31,90,3.616080297407665,3.6183307,6.8826766,.59908581,-9.8714676,17.10813,2.690663458795264,16.181746,.2236057081805945,-.61003727,1.0572487,.535870406259791,.58573234,.21265629,7.5865073,,,,0,1,.8182362450493708
S23,disability_visual_2013,Visual limitation,health,secondary,health_2013_individual,31,outcome_mserd_fuzzy,fuzzy_late,rdrobust,selected_bc_individual,ccpp_equal,cr2 cluster_ruv,1,2,triangular,mserd,,.0135996887194317,.013599689,.020745756,.020745756,100,141679,18701,28238,71,39,110,4.828888427459296,4.5561619,9.0102654,.6130929,-13.103634,22.215958,3.504092318064941,18.388819,.2477680680624561,-.712587,1.2081232,.4096929206169379,.48859459,.20723493,5.5586762,,,,0,1,.8356941209899055
S24,disability_hearing_2013,Hearing limitation,health,secondary,health_2013_individual,32,common_h_fuzzy,fuzzy_late,rdrobust,selected_bc_individual,ccpp_equal,cr2 cluster_ruv,1,2,triangular,manual,,.0075,.0074999998,.0135,.0135,100,141679,9109,4042,43,22,65,-1.025481420631816,-1.3703138,3.2021153,.66869467,-7.6463447,4.9057169,1.825172003069612,13.38677,-.1023632847755003,-.57118666,.36646008,.6720353021488913,.78113091,.23437309,11.107904,,,,0,1,.8583645224571228
S24,disability_hearing_2013,Hearing limitation,health,secondary,health_2013_individual,32,common_h_reduced_form,reduced_form,rdrobust,selected_bc_individual,ccpp_equal,cr2 cluster_ruv,1,2,triangular,manual,,.0075,.0074999998,.0135,.0135,100,141679,9109,4042,43,22,65,-.6891597163623766,-1.0327747,2.1871326,.63678056,-5.3194757,3.2539263,1.825172003069612,13.38677,-.0771489102938799,-.39736813,.2430703,,,,,,,,0,1,.7899969153934056
S24,disability_hearing_2013,Hearing limitation,health,secondary,health_2013_individual,32,outcome_cerrd_fuzzy,fuzzy_late,rdrobust,selected_bc_individual,ccpp_equal,cr2 cluster_ruv,1,2,triangular,cerrd,,.0104286122409335,.010428612,.022169756,.022169756,100,141679,11891,21178,62,32,94,.010596834096529,.18104009,3.6103532,.96000707,-6.8951225,7.2572026,2.077136360354634,14.262406,.0126935158410677,-.48344731,.50883436,.5077071010473674,.54717183,.21091184,6.7304721,,,,0,1,.9600070714950562
S24,disability_hearing_2013,Hearing limitation,health,secondary,health_2013_individual,32,outcome_mserd_fuzzy,fuzzy_late,rdrobust,selected_bc_individual,ccpp_equal,cr2 cluster_ruv,1,2,triangular,mserd,,.0142102908766284,.014210291,.022169756,.022169756,100,141679,18815,28341,72,40,112,.739496766995034,.97228146,4.6413264,.8340708,-8.1245508,10.069114,2.861961191943686,16.673933,.0583114614118096,-.48726061,.6038835,.3971374008875009,.45813772,.20515598,4.9868197,,,,0,1,.9018033146858215
S25,disability_speech_2013,Speech limitation,health,secondary,health_2013_individual,33,common_h_fuzzy,fuzzy_late,rdrobust,selected_bc_individual,ccpp_equal,cr2 cluster_ruv,1,2,triangular,manual,,.0075,.0074999998,.0135,.0135,100,141679,9109,4042,43,22,65,-.3193228687483995,-.13842385,.77567315,.85836452,-1.6587152,1.3818675,.7032212402146208,8.3567495,-.0165643165039178,-.19848809,.16535945,.6720353021488913,.78113091,.23437309,11.107904,,,,0,1,.8583645224571228
S25,disability_speech_2013,Speech limitation,health,secondary,health_2013_individual,33,common_h_reduced_form,reduced_form,rdrobust,selected_bc_individual,ccpp_equal,cr2 cluster_ruv,1,2,triangular,manual,,.0075,.0074999998,.0135,.0135,100,141679,9109,4042,43,22,65,-.2145962405823815,-.12786244,.49270761,.79524195,-1.0935516,.83782673,.7032212402146208,8.3567495,-.0153004976394462,-.13085848,.10025749,,,,,,,,0,1,.7952419519424438
S25,disability_speech_2013,Speech limitation,health,secondary,health_2013_individual,33,outcome_cerrd_fuzzy,fuzzy_late,rdrobust,selected_bc_individual,ccpp_equal,cr2 cluster_ruv,1,2,triangular,cerrd,,.0087477360258504,.008747736,.019797435,.019797435,100,141679,11092,4413,54,25,79,-.5567767920478925,-.58603531,.73443455,.42490482,-2.0255005,.85342991,.6399491784592188,7.9744039,-.0734895454299362,-.25400025,.10702115,.6375954000075571,.67998105,.21790315,9.7379303,,,,0,1,.8182362450493708
S25,disability_speech_2013,Speech limitation,health,secondary,health_2013_individual,33,outcome_mserd_fuzzy,fuzzy_late,rdrobust,selected_bc_individual,ccpp_equal,cr2 cluster_ruv,1,2,triangular,mserd,,.0119198864208771,.011919887,.019797435,.019797435,100,141679,12526,28080,63,37,100,-1.158938583027376,-1.1330876,1.1215078,.31233951,-3.3312025,1.0650274,.6112267730846787,7.7944808,-.1453705091561523,-.42737967,.13663864,.4516686261607581,.52381706,.21000268,6.2217078,,,,0,1,.8356941209899055
S26,disability_mobility_2013,Mobility limitation,health,secondary,health_2013_individual,34,common_h_fuzzy,fuzzy_late,rdrobust,selected_bc_individual,ccpp_equal,cr2 cluster_ruv,1,2,triangular,manual,,.0075,.0074999998,.0135,.0135,100,141679,9109,4042,43,22,65,-1.986838642696241,-2.2439799,4.9111595,.6477325,-11.869676,7.3817158,2.240415034291585,14.800206,-.1516181571331986,-.80199397,.49875766,.6720353021488913,.78113091,.23437309,11.107904,,,,0,1,.8583645224571228
S26,disability_mobility_2013,Mobility limitation,health,secondary,health_2013_individual,34,common_h_reduced_form,reduced_form,rdrobust,selected_bc_individual,ccpp_equal,cr2 cluster_ruv,1,2,triangular,manual,,.0075,.0074999998,.0135,.0135,100,141679,9109,4042,43,22,65,-1.335225707565461,-1.724789,3.3100927,.60231823,-8.2124519,4.7628736,2.240415034291585,14.800206,-.116538181800974,-.55488765,.32181129,,,,,,,,0,1,.7899969153934056
S26,disability_mobility_2013,Mobility limitation,health,secondary,health_2013_individual,34,outcome_cerrd_fuzzy,fuzzy_late,rdrobust,selected_bc_individual,ccpp_equal,cr2 cluster_ruv,1,2,triangular,cerrd,,.0069901443644007,.0069901445,.016860442,.016860442,100,141679,8726,3571,39,19,58,-2.103524159610196,-2.1756976,4.9670639,.66136825,-11.910964,7.5595689,2.282804289095385,14.936358,-.145664529323026,-.79744768,.5061186,.6450740198912164,.68654263,.2367281,8.4107628,,,,0,1,.8182362450493708
S26,disability_mobility_2013,Mobility limitation,health,secondary,health_2013_individual,34,outcome_mserd_fuzzy,fuzzy_late,rdrobust,selected_bc_individual,ccpp_equal,cr2 cluster_ruv,1,2,triangular,mserd,,.0095249475570556,.009524948,.016860442,.016860442,100,141679,11092,21058,54,29,83,-1.905215214374915,-1.9711003,4.8388176,.68374974,-11.455009,7.5128074,2.166215310478915,14.558439,-.1353922809338704,-.78682941,.51604486,.5689438598478986,.65603143,.21821511,9.0381517,,,,0,1,.8356941209899055
S27,disability_cognitive_2013,Cognitive limitation,health,secondary,health_2013_individual,35,common_h_fuzzy,fuzzy_late,rdrobust,selected_bc_individual,ccpp_equal,cr2 cluster_ruv,1,2,triangular,manual,,.0075,.0074999998,.0135,.0135,100,141679,9109,4042,43,22,65,-.5019484364086496,-.70504361,.83366287,.39771011,-2.3389928,.92890555,.6212105593538747,7.8576035,-.0897275637538541,-.29767254,.11821741,.6720353021488913,.78113091,.23437309,11.107904,,,,0,1,.8583645224571228
S27,disability_cognitive_2013,Cognitive limitation,health,secondary,health_2013_individual,35,common_h_reduced_form,reduced_form,rdrobust,selected_bc_individual,ccpp_equal,cr2 cluster_ruv,1,2,triangular,manual,,.0075,.0074999998,.0135,.0135,100,141679,9109,4042,43,22,65,-.3373270691250504,-.52857459,.5406934,.3282789,-1.5883142,.53116506,.6212105593538747,7.8576035,-.0672691827205294,-.20213723,.067598864,,,,,,,,0,1,.7899969153934056
S27,disability_cognitive_2013,Cognitive limitation,health,secondary,health_2013_individual,35,outcome_cerrd_fuzzy,fuzzy_late,rdrobust,selected_bc_individual,ccpp_equal,cr2 cluster_ruv,1,2,triangular,cerrd,,.011095367498361,.011095367,.022845557,.022845557,100,141679,11891,22026,62,35,97,-.2462680781076697,-.23903076,1.0877326,.82606477,-2.3709474,1.8928859,.8373024298096445,9.1124172,-.0262313228916228,-.26018864,.20772599,.4775557230917659,.51108497,.20918058,5.9695754,,,,0,1,.9086712419986726
S27,disability_cognitive_2013,Cognitive limitation,health,secondary,health_2013_individual,35,outcome_mserd_fuzzy,fuzzy_late,rdrobust,selected_bc_individual,ccpp_equal,cr2 cluster_ruv,1,2,triangular,mserd,,.0151188284588751,.015118828,.022845557,.022845557,100,141679,20159,29839,82,43,125,.2140035002703557,.16587684,1.3443993,.90180331,-2.4690974,2.8008511,.8737991511542723,9.307024,.0178227592111976,-.26529399,.3009395,.3767651155741198,.42949793,.20304035,4.4746337,,,,0,1,.9018033146858215
S28,program_count_2013,Number of listed social programs,social_protection,secondary,social_protection_2013_individual,36,common_h_fuzzy,fuzzy_late,rdrobust,selected_bc_individual,ccpp_equal,cr2 cluster_ruv,1,2,triangular,manual,,.0075,.0074999998,.0135,.0135,1,141679,9109,4042,43,22,65,.0795108318621042,.071423605,.22737649,.75342959,-.37422615,.51707333,.3331034550696069,.51329488,.1391473093460434,-.72906655,1.0073612,.6720353021488913,.78113091,.23437309,11.107904,,,,0,1,.860430121421814
S28,program_count_2013,Number of listed social programs,social_protection,secondary,social_protection_2013_individual,36,common_h_reduced_form,reduced_form,rdrobust,selected_bc_individual,ccpp_equal,cr2 cluster_ruv,1,2,triangular,manual,,.0075,.0074999998,.0135,.0135,1,141679,9109,4042,43,22,65,.0534340859145589,.056673463,.15975055,.72276771,-.25643188,.36977878,.3331034550696069,.51329488,.110411120849576,-.49958003,.72040224,,,,,,,,0,1,.8502959609031677
S28,program_count_2013,Number of listed social programs,social_protection,secondary,social_protection_2013_individual,36,outcome_cerrd_fuzzy,fuzzy_late,rdrobust,selected_bc_individual,ccpp_equal,cr2 cluster_ruv,1,2,triangular,cerrd,,.0078136296103818,.0078136297,.017626582,.017626582,1,141679,9607,4042,47,22,69,.0791898551648961,.082804419,.18397747,.6526534,-.27778479,.44339362,.3498375771281995,.52505356,.1577066143172771,-.52905989,.84447312,.6765996014883741,.72674662,.2244437,10.484585,,,,0,1,.8158167451620102
S28,program_count_2013,Number of listed social programs,social_protection,secondary,social_protection_2013_individual,36,outcome_mserd_fuzzy,fuzzy_late,rdrobust,selected_bc_individual,ccpp_equal,cr2 cluster_ruv,1,2,triangular,mserd,,.0106470493868725,.010647049,.017626582,.017626582,1,141679,11891,21178,62,32,94,.1345222783293603,.1330656,.20452146,.51529235,-.26778913,.53392029,.3407771627620531,.52851373,.2517732229178659,-.50668341,1.0102298,.4965066907287293,.58809358,.21513921,7.4722905,,,,0,1,.9034314751625061
S29,program_milk_2013,Vaso de Leche participation,social_protection,secondary,social_protection_2013_individual,37,common_h_fuzzy,fuzzy_late,rdrobust,selected_bc_individual,ccpp_equal,cr2 cluster_ruv,1,2,triangular,manual,,.0075,.0074999998,.0135,.0135,100,141679,9109,4042,43,22,65,6.8090781203327,6.8819962,6.8627963,.3159585,-6.5688376,20.33283,8.13844042336221,27.343956,.2516825391745209,-.24022996,.74359506,.6720353021488913,.78113091,.23437309,11.107904,,,,0,1,.7898962497711182
S29,program_milk_2013,Vaso de Leche participation,social_protection,secondary,social_protection_2013_individual,37,common_h_reduced_form,reduced_form,rdrobust,selected_bc_individual,ccpp_equal,cr2 cluster_ruv,1,2,triangular,manual,,.0075,.0074999998,.0135,.0135,100,141679,9109,4042,43,22,65,4.575940871953191,5.367785,5.0202675,.28496927,-4.4717588,15.207329,8.13844042336221,27.343956,.1963060826805276,-.16353738,.55614954,,,,,,,,0,1,.6433413028717041
S29,program_milk_2013,Vaso de Leche participation,social_protection,secondary,social_protection_2013_individual,37,outcome_cerrd_fuzzy,fuzzy_late,rdrobust,selected_bc_individual,ccpp_equal,cr2 cluster_ruv,1,2,triangular,cerrd,,.0100201945068716,.010020195,.020644665,.020644665,100,141679,11787,21156,59,31,90,5.860419141883822,6.4929271,6.1368084,.29004174,-5.5349956,18.520851,8.62752496920119,28.078197,.2312444455639638,-.19712788,.65961677,.5331958226015462,.58409023,.21261609,7.5468831,,,,0,1,.8158167451620102
S29,program_milk_2013,Vaso de Leche participation,social_protection,secondary,social_protection_2013_individual,37,outcome_mserd_fuzzy,fuzzy_late,rdrobust,selected_bc_individual,ccpp_equal,cr2 cluster_ruv,1,2,triangular,mserd,,.0136537705394917,.01365377,.020644665,.020644665,100,141679,18815,28238,72,39,111,5.708790599525687,7.0840135,7.4580913,.3421922,-7.5335774,21.701605,8.329766016689344,27.633896,.2563523223358598,-.27262089,.78532553,.4083745517948557,.48879808,.20729655,5.5599999,,,,0,1,.9034314751625061
S30,program_soup_kitchen_2013,Soup-kitchen participation,social_protection,secondary,social_protection_2013_individual,38,common_h_fuzzy,fuzzy_late,rdrobust,selected_bc_individual,ccpp_equal,cr2 cluster_ruv,1,2,triangular,manual,,.0075,.0074999998,.0135,.0135,100,141679,9109,4042,43,22,65,-1.833126907084367,-2.3873644,1.8188584,.18933058,-5.9522614,1.1775326,.946384224714837,9.6826172,-.2465619025745304,-.61473686,.12161304,.6720353021488913,.78113091,.23437309,11.107904,,,,0,1,.7898962497711182
S30,program_soup_kitchen_2013,Soup-kitchen participation,social_protection,secondary,social_protection_2013_individual,38,common_h_reduced_form,reduced_form,rdrobust,selected_bc_individual,ccpp_equal,cr2 cluster_ruv,1,2,triangular,manual,,.0075,.0074999998,.0135,.0135,100,141679,9109,4042,43,22,65,-1.231925994879705,-1.8043792,1.1000471,.1009481,-3.9604321,.35167348,.946384224714837,9.6826172,-.1863524369583986,-.40902495,.036320087,,,,,,,,0,1,.5182856818040212
S30,program_soup_kitchen_2013,Soup-kitchen participation,social_protection,secondary,social_protection_2013_individual,38,outcome_cerrd_fuzzy,fuzzy_late,rdrobust,selected_bc_individual,ccpp_equal,cr2 cluster_ruv,1,2,triangular,cerrd,,.010225785535665,.010225786,.022250153,.022250153,100,141679,11886,21156,61,31,92,-.8515443445536905,-1.0488548,1.3930113,.45148557,-3.7791071,1.6813972,1.146492778799894,10.646331,-.0985179646283117,-.35496801,.15793207,.5197613417438526,.55698353,.21142274,6.9403491,,,,0,1,.8158167451620102
S30,program_soup_kitchen_2013,Soup-kitchen participation,social_protection,secondary,social_protection_2013_individual,38,outcome_mserd_fuzzy,fuzzy_late,rdrobust,selected_bc_individual,ccpp_equal,cr2 cluster_ruv,1,2,triangular,mserd,,.0139339140766454,.013933914,.022250153,.022250153,100,141679,18815,28341,72,40,112,.328586966547,-.22039904,1.5632756,.88788146,-3.2843628,2.8435647,1.062991617464517,10.255477,-.0214908626918216,-.32025453,.27727279,.4023281516987809,.46017396,.20527966,5.025187,,,,0,1,.9034314751625061
S31,program_school_meal_2013,School-meal participation,social_protection,secondary,social_protection_2013_individual,39,common_h_fuzzy,fuzzy_late,rdrobust,selected_bc_individual,ccpp_equal,cr2 cluster_ruv,1,2,triangular,manual,,.0075,.0074999998,.0135,.0135,100,141679,9109,4042,43,22,65,-3.365644400529006,-2.8826914,10.983031,.79296088,-24.409037,18.643654,8.92757667028822,28.515703,-.1010913643907815,-.85598582,.65380305,.6720353021488913,.78113091,.23437309,11.107904,,,,0,1,.860430121421814
S31,program_school_meal_2013,School-meal participation,social_protection,secondary,social_protection_2013_individual,39,common_h_reduced_form,reduced_form,rdrobust,selected_bc_individual,ccpp_equal,cr2 cluster_ruv,1,2,triangular,manual,,.0075,.0074999998,.0135,.0135,100,141679,9109,4042,43,22,65,-2.261831851635235,-2.3044474,7.1343865,.74669093,-16.287588,11.678694,8.92757667028822,28.515703,-.0808132738452368,-.57117963,.40955305,,,,,,,,0,1,.8502959609031677
S31,program_school_meal_2013,School-meal participation,social_protection,secondary,social_protection_2013_individual,39,outcome_cerrd_fuzzy,fuzzy_late,rdrobust,selected_bc_individual,ccpp_equal,cr2 cluster_ruv,1,2,triangular,cerrd,,.0100382770037386,.010038277,.021533661,.021533661,100,141679,11787,21156,59,31,90,-1.345192023373233,-1.011206,9.7116318,.91707158,-20.045656,18.023243,8.697284306966157,28.180721,-.0358829016245812,-.71132511,.63955933,.5320088551712436,.57672238,.21207152,7.3955235,,,,0,1,.9170715808868408
S31,program_school_meal_2013,School-meal participation,social_protection,secondary,social_protection_2013_individual,39,outcome_mserd_fuzzy,fuzzy_late,rdrobust,selected_bc_individual,ccpp_equal,cr2 cluster_ruv,1,2,triangular,mserd,,.0136784102071981,.01367841,.021533661,.021533661,100,141679,18815,28238,72,39,111,-2.307692209554027,-1.4710015,12.124201,.90343148,-25.233999,22.291996,8.525175840475528,27.926338,-.0526743429920574,-.90359133,.79824269,.4077639119778618,.47796729,.20636234,5.3645768,,,,0,1,.9034314751625061
S32,program_supplement_2013,Nutritional-supplement participation,social_protection,secondary,social_protection_2013_individual,40,common_h_fuzzy,fuzzy_late,rdrobust,selected_bc_individual,ccpp_equal,cr2 cluster_ruv,1,2,triangular,manual,,.0075,.0074999998,.0135,.0135,100,141679,9109,4042,43,22,65,-.4169534192693002,-.40405908,.5012551,.42018828,-1.3865011,.57838291,.2846429666618426,5.327888,-.075838507196047,-.26023465,.10855763,.6720353021488913,.78113091,.23437309,11.107904,,,,0,1,.8403765559196472
S32,program_supplement_2013,Nutritional-supplement participation,social_protection,secondary,social_protection_2013_individual,40,common_h_reduced_form,reduced_form,rdrobust,selected_bc_individual,ccpp_equal,cr2 cluster_ruv,1,2,triangular,manual,,.0075,.0074999998,.0135,.0135,100,141679,9109,4042,43,22,65,-.2802074171006575,-.31702974,.31989905,.32167065,-.94402039,.30996087,.2846429666618426,5.327888,-.0595038299764036,-.17718472,.058177061,,,,,,,,0,1,.6433413028717041
S32,program_supplement_2013,Nutritional-supplement participation,social_protection,secondary,social_protection_2013_individual,40,outcome_cerrd_fuzzy,fuzzy_late,rdrobust,selected_bc_individual,ccpp_equal,cr2 cluster_ruv,1,2,triangular,cerrd,,.0098872934885194,.0098872939,.022305712,.022305712,100,141679,11449,21156,56,31,87,-.2561572374993361,-.23716083,.48682067,.6261431,-1.1913118,.71699017,.4662042268613217,6.8122778,-.0348137337328072,-.17487717,.1052497,.5423423795460737,.57688212,.21243048,7.3746343,,,,0,1,.8158167451620102
S32,program_supplement_2013,Nutritional-supplement participation,social_protection,secondary,social_protection_2013_individual,40,outcome_mserd_fuzzy,fuzzy_late,rdrobust,selected_bc_individual,ccpp_equal,cr2 cluster_ruv,1,2,triangular,mserd,,.0134726762495753,.013472676,.022305712,.022305712,100,141679,18701,28238,71,39,110,-.2689968943132628,-.22010514,.58969003,.70895815,-1.3758764,.93566608,.4479421799506862,6.67802,-.0329596422048521,-.20603059,.14011131,.4127335599662686,.46697155,.20567387,5.1549273,,,,0,1,.9034314751625061
S33,program_food_basket_2013,Food-basket participation,social_protection,secondary,social_protection_2013_individual,41,common_h_fuzzy,fuzzy_late,rdrobust,selected_bc_individual,ccpp_equal,cr2 cluster_ruv,1,2,triangular,manual,,.0075,.0074999998,.0135,.0135,100,141679,9109,4042,43,22,65,-.6319843251652562,-.61027741,.57983053,.29256561,-1.7467244,.52616948,.2388215475858895,4.8813663,-.1250218481456232,-.35783514,.10779145,.6720353021488913,.78113091,.23437309,11.107904,,,,0,1,.7898962497711182
S33,program_food_basket_2013,Food-basket participation,social_protection,secondary,social_protection_2013_individual,41,common_h_reduced_form,reduced_form,rdrobust,selected_bc_individual,ccpp_equal,cr2 cluster_ruv,1,2,triangular,manual,,.0075,.0074999998,.0135,.0135,100,141679,9109,4042,43,22,65,-.4247157769157961,-.47907466,.33353379,.15089987,-1.1327889,.17463957,.2388215475858895,4.8813663,-.0981435649519453,-.2320639,.035776783,,,,,,,,0,1,.5182856818040212
S33,program_food_basket_2013,Food-basket participation,social_protection,secondary,social_protection_2013_individual,41,outcome_cerrd_fuzzy,fuzzy_late,rdrobust,selected_bc_individual,ccpp_equal,cr2 cluster_ruv,1,2,triangular,cerrd,,.0083581074817588,.0083581079,.019434962,.019434962,100,141679,9978,4342,51,24,75,-.5365149785496145,-.52422518,.55769455,.34722465,-1.6172864,.56883609,.37211433862043,6.0890622,-.086092923322154,-.26560518,.093419321,.6615845311756016,.7019031,.2204729,10.135469,,,,0,1,.8158167451620102
S33,program_food_basket_2013,Food-basket participation,social_protection,secondary,social_protection_2013_individual,41,outcome_mserd_fuzzy,fuzzy_late,rdrobust,selected_bc_individual,ccpp_equal,cr2 cluster_ruv,1,2,triangular,mserd,,.0113889687093481,.011388969,.019434962,.019434962,100,141679,11891,28080,62,37,99,-.5255712992355795,-.49353552,.78468579,.52937561,-2.0314913,1.0444204,.3111186733773018,5.5693521,-.0886163286271523,-.3647626,.18752995,.466826043515626,.53737795,.21131054,6.467216,,,,0,1,.9034314751625061
S34,program_housing_2013,Housing-program participation,social_protection,secondary,social_protection_2013_individual,42,common_h_fuzzy,fuzzy_late,rdrobust,selected_bc_individual,ccpp_equal,cr2 cluster_ruv,1,2,triangular,manual,,.0075,.0074999998,.0135,.0135,100,141679,9109,4042,43,22,65,.0076674136307131,.020610873,.11722267,.86043012,-.20914134,.25036308,.0312750601443464,1.7682961,.0116557808571362,-.1182728,.14158437,.6720353021488913,.78113091,.23437309,11.107904,,,,0,1,.860430121421814
S34,program_housing_2013,Housing-program participation,social_protection,secondary,social_protection_2013_individual,42,common_h_reduced_form,reduced_form,rdrobust,selected_bc_individual,ccpp_equal,cr2 cluster_ruv,1,2,triangular,manual,,.0075,.0074999998,.0135,.0135,100,141679,9109,4042,43,22,65,.0051527726360168,.014687715,.077819504,.85029596,-.13783571,.16721115,.0312750601443464,1.7682961,.0083061397500128,-.077948324,.094560601,,,,,,,,0,1,.8502959609031677
S34,program_housing_2013,Housing-program participation,social_protection,secondary,social_protection_2013_individual,42,outcome_cerrd_fuzzy,fuzzy_late,rdrobust,selected_bc_individual,ccpp_equal,cr2 cluster_ruv,1,2,triangular,cerrd,,.0086323620217872,.0086323619,.01494272,.01494272,100,141679,10142,4413,52,25,77,-.0039761725095318,.012326191,.11533202,.91488761,-.21372041,.2383728,.042959871013585,2.0723333,.0059479773925653,-.10313033,.11502629,.6460383272066298,.75982803,.22615412,11.28812,,,,0,1,.9170715808868408
S34,program_housing_2013,Housing-program participation,social_protection,secondary,social_protection_2013_individual,42,outcome_mserd_fuzzy,fuzzy_late,rdrobust,selected_bc_individual,ccpp_equal,cr2 cluster_ruv,1,2,triangular,mserd,,.011762674884053,.011762675,.01494272,.01494272,100,141679,12526,28080,63,37,100,-.0219346710673765,.025700482,.15708774,.87004137,-.28218582,.33358678,.0354589411540702,1.8827957,.0136501693654406,-.14987597,.1771763,.4556063555917795,.64894223,.22127078,8.6012974,,,,0,1,.9034314751625061
S35,program_pension65_elderly_2013,Pension 65 participation,social_protection,secondary,social_protection_2013_individual,43,common_h_fuzzy,fuzzy_late,rdrobust,selected_bc_individual,ccpp_equal,cr2 cluster_ruv,1,2,triangular,manual,,.0075,.0074999998,.0135,.0135,100,11940,764,389,42,21,63,-14.5161862378239,-16.731993,26.92457,.53431046,-69.503181,36.039192,33.14916201868887,47.10577,-.35520049637814,-1.4754705,.7650696,.6572554006135914,.75422299,.24521594,9.4602404,,,,0,1,.860430121421814
S35,program_pension65_elderly_2013,Pension 65 participation,social_protection,secondary,social_protection_2013_individual,43,common_h_reduced_form,reduced_form,rdrobust,selected_bc_individual,ccpp_equal,cr2 cluster_ruv,1,2,triangular,manual,,.0075,.0074999998,.0135,.0135,100,11940,764,389,42,21,63,-9.540841801122447,-12.404793,15.463641,.42244253,-42.712971,17.903387,33.14916201868887,47.10577,-.2633391310887207,-.90674609,.3800678,,,,,,,,0,1,.7040708760420482
S35,program_pension65_elderly_2013,Pension 65 participation,social_protection,secondary,social_protection_2013_individual,43,outcome_cerrd_fuzzy,fuzzy_late,rdrobust,selected_bc_individual,ccpp_equal,cr2 cluster_ruv,1,2,triangular,cerrd,,.0084144559920252,.0084144557,.018713623,.018713623,100,11940,888,409,50,23,73,-12.42083068203534,-11.551493,21.768768,.59566468,-54.217491,31.114508,36.28858058898314,48.110325,-.2401042216620794,-1.1269408,.64673239,.6438153713247246,.69082141,.22461021,9.4595957,,,,0,1,.8158167451620102
S35,program_pension65_elderly_2013,Pension 65 participation,social_protection,secondary,social_protection_2013_individual,43,outcome_mserd_fuzzy,fuzzy_late,rdrobust,selected_bc_individual,ccpp_equal,cr2 cluster_ruv,1,2,triangular,mserd,,.0114453989736039,.011445399,.018713623,.018713623,100,11940,1155,1789,61,33,94,-7.487284741501939,-6.3416777,26.838232,.81320554,-58.943649,46.260292,36.60266623414374,48.192554,-.1315904076766511,-1.2230862,.95990539,.4643248653732844,.54512316,.21665959,6.3304329,,,,0,1,.9034314751625061
S36,program_cunamas_child_2013,Cuna Mas participation,social_protection,secondary,social_protection_2013_individual,44,common_h_fuzzy,fuzzy_late,rdrobust,selected_bc_individual,ccpp_equal,cr2 cluster_ruv,1,2,triangular,manual,,.0075,.0074999998,.0135,.0135,100,8442,604,247,40,20,60,-.0800493503035658,.064099289,.24330001,.7921977,-.41275996,.54095852,.4272727272727272,6.5280371,.0098190759266478,-.063228801,.082866959,.7181229827169811,.82670456,.23893067,11.971727,,,,0,1,.860430121421814
S36,program_cunamas_child_2013,Cuna Mas participation,social_protection,secondary,social_protection_2013_individual,44,common_h_reduced_form,reduced_form,rdrobust,selected_bc_individual,ccpp_equal,cr2 cluster_ruv,1,2,triangular,manual,,.0075,.0074999998,.0135,.0135,100,8442,604,247,40,20,60,-.0574852782045531,.037339289,.17304303,.82915896,-.30181882,.37649739,.4272727272727272,6.5280371,.0057198343986091,-.046234239,.057673905,,,,,,,,0,1,.8502959609031677
S36,program_cunamas_child_2013,Cuna Mas participation,social_protection,secondary,social_protection_2013_individual,44,outcome_cerrd_fuzzy,fuzzy_late,rdrobust,selected_bc_individual,ccpp_equal,cr2 cluster_ruv,1,2,triangular,cerrd,,.012318533098287,.012318533,.020558318,.020558318,100,8442,830,1594,57,34,91,-.550700207853914,-.50259483,.99534857,.61359847,-2.4534421,1.4482526,.2998405103668261,5.4708505,-.0918677673789157,-.44845718,.26472163,.4773540283607279,.54699582,.21784598,6.3047652,,,,0,1,.8158167451620102
S36,program_cunamas_child_2013,Cuna Mas participation,social_protection,secondary,social_protection_2013_individual,44,outcome_mserd_fuzzy,fuzzy_late,rdrobust,selected_bc_individual,ccpp_equal,cr2 cluster_ruv,1,2,triangular,mserd,,.0167340964826851,.016734097,.020558318,.020558318,100,8442,1446,1743,84,46,130,-.4543968697117666,-.39170456,1.3036166,.76381463,-2.9467461,2.163337,.4309119065216626,6.5524955,-.0597794476841881,-.44971356,.33015466,.3714596022619445,.4987112,.21321295,5.471055,,,,0,1,.9034314751625061
S37,program_other_2013,Other social-program participation,social_protection,secondary,social_protection_2013_individual,45,common_h_fuzzy,fuzzy_late,rdrobust,selected_bc_individual,ccpp_equal,cr2 cluster_ruv,1,2,triangular,manual,,.0075,.0074999998,.0135,.0135,100,141679,9109,4042,43,22,65,.0743770259308735,.066375196,.059221685,.26237634,-.049697168,.18244757,.0647808931125797,2.5445242,.0260855045501695,-.019531026,.071702033,.6720353021488913,.78113091,.23437309,11.107904,,,,0,1,.7898962497711182
S37,program_other_2013,Other social-program participation,social_protection,secondary,social_protection_2013_individual,45,common_h_reduced_form,reduced_form,rdrobust,selected_bc_individual,ccpp_equal,cr2 cluster_ruv,1,2,triangular,manual,,.0075,.0074999998,.0135,.0135,100,141679,9109,4042,43,22,65,.0499839870943905,.052720681,.037116285,.1554857,-.020025901,.12546727,.0647808931125797,2.5445242,.0207192691711345,-.0078701954,.049308732,,,,,,,,0,1,.5182856818040212
S37,program_other_2013,Other social-program participation,social_protection,secondary,social_protection_2013_individual,45,outcome_cerrd_fuzzy,fuzzy_late,rdrobust,selected_bc_individual,ccpp_equal,cr2 cluster_ruv,1,2,triangular,cerrd,,.0095770445888172,.0095770443,.022037107,.022037107,100,141679,11092,21058,54,29,83,.1385617848889718,.12633628,.10565658,.23180369,-.080746822,.33341935,.0536702040083989,2.3161657,.0545454367551871,-.034862284,.14395316,.5654076402327544,.60115182,.21348569,7.9292259,,,,0,1,.8158167451620102
S37,program_other_2013,Other social-program participation,social_protection,secondary,social_protection_2013_individual,45,outcome_mserd_fuzzy,fuzzy_late,rdrobust,selected_bc_individual,ccpp_equal,cr2 cluster_ruv,1,2,triangular,mserd,,.0130499232497449,.013049923,.022037107,.022037107,100,141679,18701,28113,71,38,109,.1460569409545257,.11973676,.13683765,.38155872,-.14846011,.38793361,.0425127803655583,2.0614796,.0580829227089139,-.072016284,.18818213,.4242049928525142,.48111755,.20652422,5.4270072,,,,0,1,.9034314751625061
S38,labor_force_age14_2013,In the labor force,labor_status,secondary,labor_status_2013_individual,46,common_h_fuzzy,fuzzy_late,rdrobust,selected_bc_individual,ccpp_equal,cr2 cluster_ruv,1,2,triangular,manual,,.0075,.0074999998,.0135,.0135,100,98005,6075,2795,43,22,65,10.87060515787612,13.710441,12.278835,.26416913,-10.355635,37.776516,53.61886389294324,49.872971,.2749072263280031,-.20764023,.75745469,.6720353021488912,.78113091,.23437309,11.107904,,,,0,1,.7044510046641032
S38,labor_force_age14_2013,In the labor force,labor_status,secondary,labor_status_2013_individual,46,common_h_reduced_form,reduced_form,rdrobust,selected_bc_individual,ccpp_equal,cr2 cluster_ruv,1,2,triangular,manual,,.0075,.0074999998,.0135,.0135,100,98005,6075,2795,43,22,65,7.305430421814574,10.399835,7.9119406,.18869548,-5.1072841,25.906954,53.61886389294324,49.872971,.2085264763786002,-.10240585,.51945883,,,,,,,,0,1,.5031879345575968
S38,labor_force_age14_2013,In the labor force,labor_status,secondary,labor_status_2013_individual,46,outcome_cerrd_fuzzy,fuzzy_late,rdrobust,selected_bc_individual,ccpp_equal,cr2 cluster_ruv,1,2,triangular,cerrd,,.0121844220277027,.012184422,.024112491,.024112491,100,98005,8609,19733,64,37,101,7.014511258879002,9.1125021,15.262221,.55046558,-20.800903,39.025906,55.36759177269873,49.713943,.1832987137891695,-.41841185,.78500926,.4449873622934017,.47419322,.2056292,5.3179111,,,,0,1,.8205622434616089
S38,labor_force_age14_2013,In the labor force,labor_status,secondary,labor_status_2013_individual,46,outcome_mserd_fuzzy,fuzzy_late,rdrobust,selected_bc_individual,ccpp_equal,cr2 cluster_ruv,1,2,triangular,mserd,,.01660280171293,.016602801,.024112491,.024112491,100,98005,14468,21882,92,50,142,1.16313516395212,6.3780169,18.313551,.7276392,-29.515882,42.271915,54.9470394779798,49.756386,.1281848909324877,-.5932079,.84957767,.3469656383627103,.39581472,.19934359,3.9425695,,,,0,1,.8315876552036829
S39,unemployed_lf_2013,Unemployed,labor_status,secondary,labor_status_2013_individual,47,common_h_fuzzy,fuzzy_late,rdrobust,selected_bc_individual,ccpp_equal,cr2 cluster_ruv,1,2,triangular,manual,,.0075,.0074999998,.0135,.0135,100,50594,3255,1398,43,22,65,.240128429581977,.58503711,1.030673,.57028872,-1.4350448,2.605119,1.250871154837582,11.115772,.0526312623215054,-.12909988,.23436239,.6720353021488914,.78113091,.23437309,11.107904,,,,0,1,.8386143275669642
S39,unemployed_lf_2013,Unemployed,labor_status,secondary,labor_status_2013_individual,47,common_h_reduced_form,reduced_form,rdrobust,selected_bc_individual,ccpp_equal,cr2 cluster_ruv,1,2,triangular,manual,,.0075,.0074999998,.0135,.0135,100,50594,3255,1398,43,22,65,.1613747817286627,.41936257,.69326633,.54523993,-.93941444,1.7781396,1.250871154837582,11.115772,.0377268034371962,-.084511846,.15996546,,,,,,,,0,1,.8136241776602609
S39,unemployed_lf_2013,Unemployed,labor_status,secondary,labor_status_2013_individual,47,outcome_cerrd_fuzzy,fuzzy_late,rdrobust,selected_bc_individual,ccpp_equal,cr2 cluster_ruv,1,2,triangular,cerrd,,.0117703360895641,.011770336,.021674216,.021674216,100,50594,4535,10074,63,37,100,-1.361058601389144,-1.3194473,1.2583224,.2943731,-3.7857139,1.1468194,.9872805493855086,9.8881187,-.1334376414119042,-.38285482,.11597953,.4554058183331036,.51059842,.20841657,6.0019779,,,,0,1,.7849949200948079
S39,unemployed_lf_2013,Unemployed,labor_status,secondary,labor_status_2013_individual,47,outcome_mserd_fuzzy,fuzzy_late,rdrobust,selected_bc_individual,ccpp_equal,cr2 cluster_ruv,1,2,triangular,mserd,,.0160385577375164,.016038558,.021674216,.021674216,100,50594,7385,10995,89,46,135,-2.257557974233021,-1.7908561,2.024457,.37636667,-5.7587185,2.1770065,.7486753681976875,8.6207361,-.2077381971405402,-.66800779,.25253141,.3593196271643398,.45057395,.20370558,4.8924489,,,,0,1,.8253018061319987
S40,worker_dependent_2013,Dependent worker,labor_status,secondary,labor_status_2013_individual,48,common_h_fuzzy,fuzzy_late,rdrobust,selected_bc_individual,ccpp_equal,cr2 cluster_ruv,1,2,triangular,manual,,.0075,.0074999998,.0135,.0135,100,98005,6075,2795,43,22,65,-1.914004824667734,-1.6566517,4.3553801,.70367146,-10.19304,6.8797359,4.70702475190168,21.180656,-.0782153136169174,-.48124284,.3248122,.6720353021488912,.78113091,.23437309,11.107904,,,,0,1,.8386143275669642
S40,worker_dependent_2013,Dependent worker,labor_status,secondary,labor_status_2013_individual,48,common_h_reduced_form,reduced_form,rdrobust,selected_bc_individual,ccpp_equal,cr2 cluster_ruv,1,2,triangular,manual,,.0075,.0074999998,.0135,.0135,100,98005,6075,2795,43,22,65,-1.286278810660016,-1.322138,2.9969378,.65909499,-7.1960278,4.5517521,4.70702475190168,21.180656,-.0624219512903207,-.33974525,.21490136,,,,,,,,0,1,.8136241776602609
S40,worker_dependent_2013,Dependent worker,labor_status,secondary,labor_status_2013_individual,48,outcome_cerrd_fuzzy,fuzzy_late,rdrobust,selected_bc_individual,ccpp_equal,cr2 cluster_ruv,1,2,triangular,cerrd,,.0094247708466353,.0094247712,.021644527,.021644527,100,98005,7477,14869,54,29,83,-1.779463349974533,-2.2336953,4.4891639,.61878365,-11.032294,6.5649037,4.5381207496036,20.815269,-.1073104184696419,-.53000969,.31538883,.5762656358651896,.61504841,.21395266,8.2638655,,,,0,1,.8205622434616089
S40,worker_dependent_2013,Dependent worker,labor_status,secondary,labor_status_2013_individual,48,outcome_mserd_fuzzy,fuzzy_late,rdrobust,selected_bc_individual,ccpp_equal,cr2 cluster_ruv,1,2,triangular,mserd,,.0128424311962208,.012842431,.021644527,.021644527,100,98005,9308,19766,69,38,107,-2.323250448572765,-3.2230372,6.1732264,.60160118,-15.322339,8.8762646,4.938811141434642,21.668865,-.1487404768311331,-.70711315,.40963218,.4296799330064265,.49197292,.20713855,5.6410575,,,,0,1,.8253018061319987
S41,worker_employer_2013,Employer,labor_status,secondary,labor_status_2013_individual,49,common_h_fuzzy,fuzzy_late,rdrobust,selected_bc_individual,ccpp_equal,cr2 cluster_ruv,1,2,triangular,manual,,.0075,.0074999998,.0135,.0135,100,98005,6075,2795,43,22,65,.0267117613662087,.0096883262,.16152203,.95217043,-.30688903,.32626569,.0272956167688535,1.6520489,.0058644304298652,-.18576267,.19749153,.6720353021488912,.78113091,.23437309,11.107904,,,,0,1,.9521704316139221
S41,worker_employer_2013,Employer,labor_status,secondary,labor_status_2013_individual,49,common_h_reduced_form,reduced_form,rdrobust,selected_bc_individual,ccpp_equal,cr2 cluster_ruv,1,2,triangular,manual,,.0075,.0074999998,.0135,.0135,100,98005,6075,2795,43,22,65,.0179512466206691,.0094250329,.10664744,.92957813,-.19960012,.21845017,.0272956167688535,1.6520489,.0057050565040435,-.12081973,.13222983,,,,,,,,0,1,.9295781254768372
S41,worker_employer_2013,Employer,labor_status,secondary,labor_status_2013_individual,49,outcome_cerrd_fuzzy,fuzzy_late,rdrobust,selected_bc_individual,ccpp_equal,cr2 cluster_ruv,1,2,triangular,cerrd,,.0081035226814299,.0081035225,.019518355,.019518355,100,98005,6666,2795,50,22,72,.0390351923363439,.039661746,.15481222,.79780209,-.26376462,.34308812,.0304917742808631,1.7460542,.0227150727864822,-.15106326,.1964934,.6712523975809676,.70861268,.22205667,10.183338,,,,0,1,.8205622434616089
S41,worker_employer_2013,Employer,labor_status,secondary,labor_status_2013_individual,49,outcome_mserd_fuzzy,fuzzy_late,rdrobust,selected_bc_individual,ccpp_equal,cr2 cluster_ruv,1,2,triangular,mserd,,.0110420650195896,.011042065,.019518355,.019518355,100,98005,8088,14996,62,34,96,.1408165310425273,.12829286,.25797793,.61897635,-.37733459,.63392031,.0909101745049405,3.013947,.0425663958860535,-.12519617,.21032897,.4797598684810913,.54577029,.21198654,6.6283164,,,,0,1,.8253018061319987
S42,worker_domestic_2013,Domestic worker,labor_status,secondary,labor_status_2013_individual,50,common_h_fuzzy,fuzzy_late,rdrobust,selected_bc_individual,ccpp_equal,cr2 cluster_ruv,1,2,triangular,manual,,.0075,.0074999998,.0135,.0135,100,98005,6075,2795,43,22,65,-.2034489832607416,-.18202592,.30954847,.55650753,-.78872979,.42467794,.1115721687855284,3.3386528,-.0545207683320893,-.23624192,.12720038,.6720353021488912,.78113091,.23437309,11.107904,,,,0,1,.8386143275669642
S42,worker_domestic_2013,Domestic worker,labor_status,secondary,labor_status_2013_individual,50,common_h_reduced_form,reduced_form,rdrobust,selected_bc_individual,ccpp_equal,cr2 cluster_ruv,1,2,triangular,manual,,.0075,.0074999998,.0135,.0135,100,98005,6075,2795,43,22,65,-.1367248989375172,-.14452323,.20998479,.49129176,-.55608588,.26703939,.1115721687855284,3.3386528,-.0432878879979709,-.16655995,.079984173,,,,,,,,0,1,.8136241776602609
S42,worker_domestic_2013,Domestic worker,labor_status,secondary,labor_status_2013_individual,50,outcome_cerrd_fuzzy,fuzzy_late,rdrobust,selected_bc_individual,ccpp_equal,cr2 cluster_ruv,1,2,triangular,cerrd,,.0055918466557453,.0055918465,.013137124,.013137124,100,98005,5387,2198,34,16,50,-.1843720905928892,-.17861947,.41416892,.66627055,-.99037564,.63313669,.1411059781699329,3.7541049,-.0475797796000446,-.26381141,.16865183,.5761009446950741,.63363576,.2556006,6.1454768,,,,0,1,.8205622434616089
S42,worker_domestic_2013,Domestic worker,labor_status,secondary,labor_status_2013_individual,50,outcome_mserd_fuzzy,fuzzy_late,rdrobust,selected_bc_individual,ccpp_equal,cr2 cluster_ruv,1,2,triangular,mserd,,.0076195917232157,.0076195919,.013137124,.013137124,100,98005,6124,2795,44,22,66,-.2048431385646532,-.17387068,.30985802,.57470882,-.78118128,.43343991,.1090364376767664,3.3005354,-.0526795377724004,-.23668319,.13132411,.6763565470346736,.79815328,.23426558,11.607953,,,,0,1,.8253018061319987
S43,worker_unpaid_family_2013,Unpaid family worker,labor_status,secondary,labor_status_2013_individual,51,common_h_fuzzy,fuzzy_late,rdrobust,selected_bc_individual,ccpp_equal,cr2 cluster_ruv,1,2,triangular,manual,,.0075,.0074999998,.0135,.0135,100,98005,6075,2795,43,22,65,8.612271949115161,9.4792118,5.9218554,.10943973,-2.1274118,21.085835,2.711442439033324,16.243021,.5835867067111254,-.13097389,1.2981473,.6720353021488912,.78113091,.23437309,11.107904,,,,0,.8755178451538086,.4810226857662201
S43,worker_unpaid_family_2013,Unpaid family worker,labor_status,secondary,labor_status_2013_individual,51,common_h_reduced_form,reduced_form,rdrobust,selected_bc_individual,ccpp_equal,cr2 cluster_ruv,1,2,triangular,manual,,.0075,.0074999998,.0135,.0135,100,98005,6075,2795,43,22,65,5.787750781512027,7.3099256,4.3342876,.091692902,-1.1851223,15.804974,2.711442439033324,16.243021,.4500348434766465,-.072961934,.97303164,,,,,,,,0,.6916680932044983,.3667716085910797
S43,worker_unpaid_family_2013,Unpaid family worker,labor_status,secondary,labor_status_2013_individual,51,outcome_cerrd_fuzzy,fuzzy_late,rdrobust,selected_bc_individual,ccpp_equal,cr2 cluster_ruv,1,2,triangular,cerrd,,.0092234355061719,.0092234351,.018440552,.018440552,100,98005,7477,14763,54,28,82,7.794936457162947,8.0063057,5.5162845,.14667003,-2.8054137,18.818026,3.045026185252436,17.18342,.4659320143119058,-.16326283,1.0951269,.593648098120661,.65559924,.21659076,9.1621418,,,,0,1,.5866801142692566
S43,worker_unpaid_family_2013,Unpaid family worker,labor_status,secondary,labor_status_2013_individual,51,outcome_mserd_fuzzy,fuzzy_late,rdrobust,selected_bc_individual,ccpp_equal,cr2 cluster_ruv,1,2,triangular,mserd,,.0125680865676517,.012568086,.018440552,.018440552,100,98005,8722,19766,66,38,104,6.375935178226781,7.1702552,7.464241,.33674628,-7.4593892,21.799898,3.248767097766341,17.730152,.4044102524457917,-.42071772,1.2295382,.4362666711354435,.53721821,.21130814,6.4635186,,,,0,1,.8253018061319987
S44,home_duties_2013,Engaged in home duties,labor_status,secondary,labor_status_2013_individual,52,common_h_fuzzy,fuzzy_late,rdrobust,selected_bc_individual,ccpp_equal,cr2 cluster_ruv,1,2,triangular,manual,,.0075,.0074999998,.0135,.0135,100,98005,6075,2795,43,22,65,-1.723415308929215,-3.9174285,11.518745,.73378754,-26.493755,18.658897,28.67551700250277,45.228344,-.0866144580272703,-.5857777,.41254878,.6720353021488912,.78113091,.23437309,11.107904,,,,0,1,.8386143275669642
S44,home_duties_2013,Engaged in home duties,labor_status,secondary,labor_status_2013_individual,52,common_h_reduced_form,reduced_form,rdrobust,selected_bc_individual,ccpp_equal,cr2 cluster_ruv,1,2,triangular,manual,,.0075,.0074999998,.0135,.0135,100,98005,6075,2795,43,22,65,-1.15819592786427,-2.8206673,7.6383476,.71192116,-17.791553,12.150219,28.67551700250277,45.228344,-.0623650351780628,-.39337176,.26864168,,,,,,,,0,1,.8136241776602609
S44,home_duties_2013,Engaged in home duties,labor_status,secondary,labor_status_2013_individual,52,outcome_cerrd_fuzzy,fuzzy_late,rdrobust,selected_bc_individual,ccpp_equal,cr2 cluster_ruv,1,2,triangular,cerrd,,.0106856049728131,.010685605,.022544233,.022544233,100,98005,8088,14942,62,32,94,-1.695214571831573,-2.7047074,11.924365,.82056224,-26.076035,20.666618,27.44921958524724,44.628563,-.0606048490933872,-.58429027,.46308056,.4947138481107319,.53038847,.21011582,6.3719244,,,,0,1,.8205622434616089
S44,home_duties_2013,Engaged in home duties,labor_status,secondary,labor_status_2013_individual,52,outcome_mserd_fuzzy,fuzzy_late,rdrobust,selected_bc_individual,ccpp_equal,cr2 cluster_ruv,1,2,triangular,mserd,,.0145604756748371,.014560476,.022544233,.022544233,100,98005,13047,19935,77,40,117,2.591786382877505,.05988919,13.967888,.99657899,-27.316668,27.436447,27.60298567783168,44.704887,.0013396564126344,-.61104435,.61372364,.3910153444056381,.44576466,.20424356,4.7633729,,,,0,1,.9965789914131165
S45,student_age14_2013,Student,labor_status,secondary,labor_status_2013_individual,53,common_h_fuzzy,fuzzy_late,rdrobust,selected_bc_individual,ccpp_equal,cr2 cluster_ruv,1,2,triangular,manual,,.0075,.0074999998,.0135,.0135,100,98005,6075,2795,43,22,65,-9.28219218912731,-9.5622101,6.1544709,.12025567,-21.624752,2.5003316,14.17829305438456,34.885609,-.2741018611142782,-.61987603,.071672298,.6720353021488912,.78113091,.23437309,11.107904,,,,0,.8755178451538086,.4810226857662201
S45,student_age14_2013,Student,labor_status,secondary,labor_status_2013_individual,53,common_h_reduced_form,reduced_form,rdrobust,selected_bc_individual,ccpp_equal,cr2 cluster_ruv,1,2,triangular,manual,,.0075,.0074999998,.0135,.0135,100,98005,6075,2795,43,22,65,-6.23796083242425,-7.4387889,4.3390489,.086458512,-15.943169,1.0655904,14.17829305438456,34.885609,-.2132337502682008,-.45701277,.030545272,,,,,,,,0,.6916680932044983,.3667716085910797
S45,student_age14_2013,Student,labor_status,secondary,labor_status_2013_individual,53,outcome_cerrd_fuzzy,fuzzy_late,rdrobust,selected_bc_individual,ccpp_equal,cr2 cluster_ruv,1,2,triangular,cerrd,,.0102331180567939,.010233118,.022169691,.022169691,100,98005,8083,14927,61,31,92,-9.594948776399995,-10.751774,6.731431,.11021014,-23.945137,2.4415886,13.48357422336423,34.156918,-.31477589406541,-.70103329,.071481526,.5192919853754211,.55756551,.21144043,6.9536972,,,,0,.8816810846328735,.5866801142692566
S45,student_age14_2013,Student,labor_status,secondary,labor_status_2013_individual,53,outcome_mserd_fuzzy,fuzzy_late,rdrobust,selected_bc_individual,ccpp_equal,cr2 cluster_ruv,1,2,triangular,mserd,,.0139439055554436,.013943906,.022169691,.022169691,100,98005,12775,19935,72,40,112,-9.019318685132067,-11.392832,8.2610922,.16786544,-27.584274,4.7986116,13.13877042342283,33.78371,-.3372285512207764,-.81649631,.14203921,.4021289564845768,.46166056,.20538837,5.0523553,,,,0,1,.8253018061319987
S46,sector_agriculture_age14_2013,Employed in agriculture,labor_sector,secondary,labor_sector_2013_individual,54,common_h_fuzzy,fuzzy_late,rdrobust,selected_bc_individual,ccpp_equal,cr2 cluster_ruv,1,2,triangular,manual,,.0075,.0074999998,.0135,.0135,100,98005,6075,2795,43,22,65,1.98289995492774,2.6129255,23.634914,.91197032,-43.710655,48.936508,40.49375454092795,49.092037,.0532250405923846,-.89038181,.99683189,.6720353021488912,.78113091,.23437309,11.107904,,,,0,1,.9285041093826294
S46,sector_agriculture_age14_2013,Employed in agriculture,labor_sector,secondary,labor_sector_2013_individual,54,common_h_reduced_form,reduced_form,rdrobust,selected_bc_individual,ccpp_equal,cr2 cluster_ruv,1,2,triangular,manual,,.0075,.0074999998,.0135,.0135,100,98005,6075,2795,43,22,65,1.332578770340886,1.9723039,15.768991,.9004643,-28.934351,32.87896,40.49375454092795,49.092037,.0401756387054253,-.58938992,.66974121,,,,,,,,0,1,.9087108373641968
S46,sector_agriculture_age14_2013,Employed in agriculture,labor_sector,secondary,labor_sector_2013_individual,54,outcome_cerrd_fuzzy,fuzzy_late,rdrobust,selected_bc_individual,ccpp_equal,cr2 cluster_ruv,1,2,triangular,cerrd,,.0108002526964201,.010800253,.022209907,.022209907,100,98005,8088,14942,62,32,94,2.84003908464699,4.8191319,22.637915,.83142149,-39.550365,49.188629,40.47045318423025,49.086514,.0981762976720309,-.80572778,1.0020803,.4896616303417737,.53048229,.21015877,6.3715754,,,,0,1,.9567934936947293
S46,sector_agriculture_age14_2013,Employed in agriculture,labor_sector,secondary,labor_sector_2013_individual,54,outcome_mserd_fuzzy,fuzzy_late,rdrobust,selected_bc_individual,ccpp_equal,cr2 cluster_ruv,1,2,triangular,mserd,,.0147166975635371,.014716698,.022209907,.022209907,100,98005,13193,20545,79,42,121,.149008999316512,4.3885884,26.545708,.86869055,-47.640041,56.417221,39.85215467798511,48.961239,.0896339346239735,-.97301543,1.1522833,.3871801391494771,.45062223,.20459668,4.8509641,,,,0,1,.9652117225858901
S47,sector_livestock_age14_2013,Employed in livestock,labor_sector,secondary,labor_sector_2013_individual,55,common_h_fuzzy,fuzzy_late,rdrobust,selected_bc_individual,ccpp_equal,cr2 cluster_ruv,1,2,triangular,manual,,.0075,.0074999998,.0135,.0135,100,98005,6075,2795,43,22,65,-6.839611754054542,-6.2349067,9.5990534,.5159936,-25.048706,12.578893,5.690046117336633,23.167139,-.2691271730442696,-1.0812171,.54296273,.6720353021488912,.78113091,.23437309,11.107904,,,,0,1,.9285041093826294
S47,sector_livestock_age14_2013,Employed in livestock,labor_sector,secondary,labor_sector_2013_individual,55,common_h_reduced_form,reduced_form,rdrobust,selected_bc_individual,ccpp_equal,cr2 cluster_ruv,1,2,triangular,manual,,.0075,.0074999998,.0135,.0135,100,98005,6075,2795,43,22,65,-4.596460551717152,-4.9362488,6.3339691,.43578565,-17.350599,7.4781022,5.690046117336633,23.167139,-.2130711466307952,-.74893147,.32278919,,,,,,,,0,1,.8758049607276917
S47,sector_livestock_age14_2013,Employed in livestock,labor_sector,secondary,labor_sector_2013_individual,55,outcome_cerrd_fuzzy,fuzzy_late,rdrobust,selected_bc_individual,ccpp_equal,cr2 cluster_ruv,1,2,triangular,cerrd,,.0107144830018983,.010714483,.022352422,.022352422,100,98005,8088,14942,62,32,94,-4.635214132769776,-3.9320636,11.486619,.73211241,-26.445423,18.581295,7.709111300532181,26.675245,-.1474049685428288,-.99138445,.69657451,.4934030053802039,.53197396,.21018839,6.4056506,,,,0,1,.9567934936947293
S47,sector_livestock_age14_2013,Employed in livestock,labor_sector,secondary,labor_sector_2013_individual,55,outcome_mserd_fuzzy,fuzzy_late,rdrobust,selected_bc_individual,ccpp_equal,cr2 cluster_ruv,1,2,triangular,mserd,,.0145998256078641,.014599825,.022352422,.022352422,100,98005,13047,20545,77,42,119,-5.77819893939438,-4.1681809,14.560692,.77467704,-32.706612,24.370251,7.623188216511817,26.537893,-.1570652510068041,-1.2324494,.91831899,.39017366333869,.44957337,.20452274,4.8319001,,,,0,1,.9652117225858901
S48,sector_forestry_age14_2013,Employed in forestry,labor_sector,secondary,labor_sector_2013_individual,56,common_h_fuzzy,fuzzy_late,rdrobust,selected_bc_individual,ccpp_equal,cr2 cluster_ruv,1,2,triangular,manual,,.0075,.0074999998,.0135,.0135,100,98005,6075,2795,43,22,65,-.0053588464807824,-.014642153,.080968358,.85649478,-.17333721,.14405291,.0093962884660559,.96937877,-.0151046761813976,-.17881267,.14860332,.6720353021488912,.78113091,.23437309,11.107904,,,,0,1,.9285041093826294
S48,sector_forestry_age14_2013,Employed in forestry,labor_sector,secondary,labor_sector_2013_individual,56,common_h_reduced_form,reduced_form,rdrobust,selected_bc_individual,ccpp_equal,cr2 cluster_ruv,1,2,triangular,manual,,.0075,.0074999998,.0135,.0135,100,98005,6075,2795,43,22,65,-.0036013340138821,-.01042467,.054690365,.84882915,-.11761581,.096766472,.0093962884660559,.96937877,-.0107539696370737,-.12133112,.099823177,,,,,,,,0,1,.9087108373641968
S48,sector_forestry_age14_2013,Employed in forestry,labor_sector,secondary,labor_sector_2013_individual,56,outcome_cerrd_fuzzy,fuzzy_late,rdrobust,selected_bc_individual,ccpp_equal,cr2 cluster_ruv,1,2,triangular,cerrd,,.0116788344865811,.011678834,.021806631,.021806631,100,98005,8502,19733,63,37,100,.0191428471777098,.01938967,.10451243,.8528173,-.18545093,.22423027,.0213878830231031,1.4623892,.0132588975202227,-.12681365,.15333146,.4578640358783849,.51055783,.20848866,5.9968748,,,,0,1,.9567934936947293
S48,sector_forestry_age14_2013,Employed in forestry,labor_sector,secondary,labor_sector_2013_individual,56,outcome_mserd_fuzzy,fuzzy_late,rdrobust,selected_bc_individual,ccpp_equal,cr2 cluster_ruv,1,2,triangular,mserd,,.0159138753383605,.015913876,.021806631,.021806631,100,98005,14189,21518,86,46,132,.0345233642597384,.031462222,.13060093,.80962992,-.22451091,.28743535,.0227268946569846,1.507426,.0208714876837313,-.1489366,.19067958,.3608679828380705,.44700709,.20371078,4.8150501,,,,0,1,.9652117225858901
S49,sector_fishing_age14_2013,Employed in fishing,labor_sector,secondary,labor_sector_2013_individual,57,common_h_fuzzy,fuzzy_late,rdrobust,selected_bc_individual,ccpp_equal,cr2 cluster_ruv,1,2,triangular,manual,,.0075,.0074999998,.0135,.0135,100,98005,6075,2795,43,22,65,.0393530584224017,.036791697,.06157485,.55016577,-.083892792,.15747619,.001566048077676,.39576274,.0929640289620646,-.2119775,.39790556,.6720353021488912,.78113091,.23437309,11.107904,,,,0,1,.9285041093826294
S49,sector_fishing_age14_2013,Employed in fishing,labor_sector,secondary,labor_sector_2013_individual,57,common_h_reduced_form,reduced_form,rdrobust,selected_bc_individual,ccpp_equal,cr2 cluster_ruv,1,2,triangular,manual,,.0075,.0074999998,.0135,.0135,100,98005,6075,2795,43,22,65,.0264466445073817,.029018566,.037407588,.43790248,-.044298962,.10233609,.001566048077676,.39576274,.0733231377266351,-.11193313,.2585794,,,,,,,,0,1,.8758049607276917
S49,sector_fishing_age14_2013,Employed in fishing,labor_sector,secondary,labor_sector_2013_individual,57,outcome_cerrd_fuzzy,fuzzy_late,rdrobust,selected_bc_individual,ccpp_equal,cr2 cluster_ruv,1,2,triangular,cerrd,,.0079367568038967,.0079367571,.013741587,.013741587,100,98005,6477,2795,48,22,70,.0396548971081044,.03684967,.061156239,.54680836,-.083014362,.15671369,.0014029180695847,.37458178,.098375503083877,-.22161879,.4183698,.6748732605026718,.79733807,.23071158,11.943903,,,,0,1,.9567934936947293
S49,sector_fishing_age14_2013,Employed in fishing,labor_sector,secondary,labor_sector_2013_individual,57,outcome_mserd_fuzzy,fuzzy_late,rdrobust,selected_bc_individual,ccpp_equal,cr2 cluster_ruv,1,2,triangular,mserd,,.0108148256157941,.010814826,.013741587,.013741587,100,98005,8088,14942,62,32,94,.0525120622260165,.039896984,.086166777,.64334971,-.12898681,.20878077,.0010861301183882,.32958347,.1210527438331939,-.39136308,.63346857,.4890474076727006,.70868927,.22470734,9.9466581,,,,0,1,.9652117225858901
S50,sector_mining_age14_2013,Employed in mining,labor_sector,secondary,labor_sector_2013_individual,58,common_h_fuzzy,fuzzy_late,rdrobust,selected_bc_individual,ccpp_equal,cr2 cluster_ruv,1,2,triangular,manual,,.0075,.0074999998,.0135,.0135,100,98005,6075,2795,43,22,65,-1.825573406074849,-1.7298248,1.807997,.33868685,-5.2734337,1.8137841,.7688041355866493,8.7350969,-.1980315498983332,-.60370636,.20764329,.6720353021488912,.78113091,.23437309,11.107904,,,,0,1,.9285041093826294
S50,sector_mining_age14_2013,Employed in mining,labor_sector,secondary,labor_sector_2013_individual,58,common_h_reduced_form,reduced_form,rdrobust,selected_bc_individual,ccpp_equal,cr2 cluster_ruv,1,2,triangular,manual,,.0075,.0074999998,.0135,.0135,100,98005,6075,2795,43,22,65,-1.226849775546491,-1.3616652,1.2172227,.26328275,-3.7473779,1.0240473,.7688041355866493,8.7350969,-.1558844000966229,-.42900243,.11723365,,,,,,,,0,1,.8758049607276917
S50,sector_mining_age14_2013,Employed in mining,labor_sector,secondary,labor_sector_2013_individual,58,outcome_cerrd_fuzzy,fuzzy_late,rdrobust,selected_bc_individual,ccpp_equal,cr2 cluster_ruv,1,2,triangular,cerrd,,.0065313983864844,.0065313983,.015518896,.015518896,100,98005,5799,2318,39,17,56,-2.102966543406645,-2.1048169,1.9639654,.28384674,-5.9541187,1.7444845,.8476558418006647,9.1685095,-.2295702580921417,-.64940965,.19026916,.6207537140469221,.66873264,.24551108,7.4192986,,,,0,1,.9567934936947293
S50,sector_mining_age14_2013,Employed in mining,labor_sector,secondary,labor_sector_2013_individual,58,outcome_mserd_fuzzy,fuzzy_late,rdrobust,selected_bc_individual,ccpp_equal,cr2 cluster_ruv,1,2,triangular,mserd,,.0088998486815708,.0088998489,.015518896,.015518896,100,98005,7477,3030,54,25,79,-2.139925343404881,-2.0930121,1.8838313,.26655105,-5.7852535,1.5992291,.6400142743089271,7.9749804,-.2624473077382929,-.72542542,.20053078,.6264175682810612,.73061365,.22360237,10.67635,,,,0,1,.9652117225858901
S51,sector_handicraft_age14_2013,Employed in handicrafts,labor_sector,secondary,labor_sector_2013_individual,59,common_h_fuzzy,fuzzy_late,rdrobust,selected_bc_individual,ccpp_equal,cr2 cluster_ruv,1,2,triangular,manual,,.0075,.0074999998,.0135,.0135,100,98005,6075,2795,43,22,65,.0752572725478582,.15202287,.42134899,.71824872,-.67380595,.97785169,.0542487322062651,2.3286955,.0652824119239739,-.28934911,.41991392,.6720353021488912,.78113091,.23437309,11.107904,,,,0,1,.9285041093826294
S51,sector_handicraft_age14_2013,Employed in handicrafts,labor_sector,secondary,labor_sector_2013_individual,59,common_h_reduced_form,reduced_form,rdrobust,selected_bc_individual,ccpp_equal,cr2 cluster_ruv,1,2,triangular,manual,,.0075,.0074999998,.0135,.0135,100,98005,6075,2795,43,22,65,.0505755438956014,.11037496,.28088975,.69435811,-.44015878,.66090876,.0542487322062651,2.3286955,.0473977661282357,-.18901518,.2838107,,,,,,,,0,1,.9087108373641968
S51,sector_handicraft_age14_2013,Employed in handicrafts,labor_sector,secondary,labor_sector_2013_individual,59,outcome_cerrd_fuzzy,fuzzy_late,rdrobust,selected_bc_individual,ccpp_equal,cr2 cluster_ruv,1,2,triangular,cerrd,,.0077729694461849,.0077729695,.021292545,.021292545,100,98005,6461,2795,47,22,69,.0829619255538455,.0046813209,.35115966,.98936367,-.68357897,.69294167,.0496318188270085,2.2274394,.0021016601108204,-.30689004,.31109336,.6768008045325631,.70479995,.22454156,9.8523149,,,,0,1,.9893636703491211
S51,sector_handicraft_age14_2013,Employed in handicrafts,labor_sector,secondary,labor_sector_2013_individual,59,outcome_mserd_fuzzy,fuzzy_late,rdrobust,selected_bc_individual,ccpp_equal,cr2 cluster_ruv,1,2,triangular,mserd,,.010591644818462,.010591645,.021292545,.021292545,100,98005,8088,14942,62,32,94,.054086109765722,-.13875319,.43774191,.75126266,-.99671155,.7192052,.0786670555588208,2.8038347,-.0494869346672041,-.35548156,.25650769,.4991730018851384,.5507285,.21090703,6.8185654,,,,0,1,.9652117225858901
S52,sector_commerce_age14_2013,Employed in commerce,labor_sector,secondary,labor_sector_2013_individual,60,common_h_fuzzy,fuzzy_late,rdrobust,selected_bc_individual,ccpp_equal,cr2 cluster_ruv,1,2,triangular,manual,,.0075,.0074999998,.0135,.0135,100,98005,6075,2795,43,22,65,-.3838900844330602,-.20008954,2.2299805,.92850411,-4.5707712,4.1705918,1.204737627635288,10.910635,-.0183389452061216,-.41892803,.38225016,.6720353021488912,.78113091,.23437309,11.107904,,,,0,1,.9285041093826294
S52,sector_commerce_age14_2013,Employed in commerce,labor_sector,secondary,labor_sector_2013_individual,60,common_h_reduced_form,reduced_form,rdrobust,selected_bc_individual,ccpp_equal,cr2 cluster_ruv,1,2,triangular,manual,,.0075,.0074999998,.0135,.0135,100,98005,6075,2795,43,22,65,-.2579876888839349,-.17634796,1.5379436,.90871084,-3.1906621,2.8379662,1.204737627635288,10.910635,-.0161629408754093,-.29243594,.26011008,,,,,,,,0,1,.9087108373641968
S52,sector_commerce_age14_2013,Employed in commerce,labor_sector,secondary,labor_sector_2013_individual,60,outcome_cerrd_fuzzy,fuzzy_late,rdrobust,selected_bc_individual,ccpp_equal,cr2 cluster_ruv,1,2,triangular,cerrd,,.0110289312898958,.011028931,.023099246,.023099246,100,98005,8088,14996,62,34,96,-.8416157579544823,-.99041158,2.358319,.67451096,-5.6126318,3.6318088,1.19501955202824,10.866853,-.0911406137259375,-.51649106,.33420983,.4803256125129799,.51090693,.20924294,5.9618621,,,,0,1,.9567934936947293
S52,sector_commerce_age14_2013,Employed in commerce,labor_sector,secondary,labor_sector_2013_individual,60,outcome_mserd_fuzzy,fuzzy_late,rdrobust,selected_bc_individual,ccpp_equal,cr2 cluster_ruv,1,2,triangular,mserd,,.0150283008004274,.015028301,.023099246,.023099246,100,98005,13661,21007,82,43,125,-1.087186139879911,-1.3357323,2.8167136,.63534546,-6.856389,4.1849246,1.262994399504207,11.167516,-.1196087188974777,-.6139583,.37474087,.3787391401101637,.42654786,.20289601,4.4196558,,,,0,1,.9652117225858901
S53,sector_services_age14_2013,Employed in services,labor_sector,secondary,labor_sector_2013_individual,61,common_h_fuzzy,fuzzy_late,rdrobust,selected_bc_individual,ccpp_equal,cr2 cluster_ruv,1,2,triangular,manual,,.0075,.0074999998,.0135,.0135,100,98005,6075,2795,43,22,65,-2.466801365430701,-2.2249889,2.939353,.44907048,-7.9860148,3.536037,1.796731675823627,13.28435,-.1674894829035809,-.60115957,.26618063,.6720353021488912,.78113091,.23437309,11.107904,,,,0,1,.9285041093826294
S53,sector_services_age14_2013,Employed in services,labor_sector,secondary,labor_sector_2013_individual,61,common_h_reduced_form,reduced_form,rdrobust,selected_bc_individual,ccpp_equal,cr2 cluster_ruv,1,2,triangular,manual,,.0075,.0074999998,.0135,.0135,100,98005,6075,2795,43,22,65,-1.657777600958519,-1.7643883,1.9380281,.36260957,-5.5628538,2.0340769,1.796731675823627,13.28435,-.1328170551350775,-.4187524,.15311828,,,,,,,,0,1,.8758049607276917
S53,sector_services_age14_2013,Employed in services,labor_sector,secondary,labor_sector_2013_individual,61,outcome_cerrd_fuzzy,fuzzy_late,rdrobust,selected_bc_individual,ccpp_equal,cr2 cluster_ruv,1,2,triangular,cerrd,,.0079976430259897,.0079976432,.019988976,.019988976,100,98005,6477,2795,48,22,70,-2.383727703999484,-2.7770417,2.6809378,.30027348,-8.0315828,2.4774997,1.624192009299601,12.641435,-.2196777283072816,-.63533795,.19598249,.6740662604903451,.70844626,.22260579,10.128403,,,,0,1,.9567934936947293
S53,sector_services_age14_2013,Employed in services,labor_sector,secondary,labor_sector_2013_individual,61,outcome_mserd_fuzzy,fuzzy_late,rdrobust,selected_bc_individual,ccpp_equal,cr2 cluster_ruv,1,2,triangular,mserd,,.0108977907224,.010897791,.019988976,.019988976,100,98005,8088,14942,62,32,94,-3.699612561326652,-4.5081849,3.7142274,.22483897,-11.787936,2.7715671,1.664206703298606,12.793409,-.3523833686448681,-.92140698,.21664023,.4856612563530891,.54701835,.21166393,6.6789784,,,,0,1,.9652117225858901
S54,sector_other_age14_2013,Employed in another sector,labor_sector,secondary,labor_sector_2013_individual,62,common_h_fuzzy,fuzzy_late,rdrobust,selected_bc_individual,ccpp_equal,cr2 cluster_ruv,1,2,triangular,manual,,.0075,.0074999998,.0135,.0135,100,98005,6075,2795,43,22,65,19.77211689182917,20.419853,21.941933,.35204419,-22.585543,63.425251,1.289327184915315,11.282345,1.809894501150326,-2.0018482,5.6216373,.6720353021488912,.78113091,.23437309,11.107904,,,,0,1,.9285041093826294
S54,sector_other_age14_2013,Employed in another sector,labor_sector,secondary,labor_sector_2013_individual,62,common_h_reduced_form,reduced_form,rdrobust,selected_bc_individual,ccpp_equal,cr2 cluster_ruv,1,2,triangular,manual,,.0075,.0074999998,.0135,.0135,100,98005,6075,2795,43,22,65,13.28756054952361,15.879913,15.603941,.30882713,-14.703248,46.463074,1.289327184915315,11.282345,1.407501166383171,-1.3032085,4.1182108,,,,,,,,0,1,.8758049607276917
S54,sector_other_age14_2013,Employed in another sector,labor_sector,secondary,labor_sector_2013_individual,62,outcome_cerrd_fuzzy,fuzzy_late,rdrobust,selected_bc_individual,ccpp_equal,cr2 cluster_ruv,1,2,triangular,cerrd,,.0106852317566267,.010685232,.022332756,.022332756,100,98005,8088,14942,62,32,94,17.53133998518877,18.107962,18.829031,.33619815,-18.796263,55.012184,1.886342087002947,13.605103,1.330968371075817,-1.3815598,4.0434966,.4947309658383704,.53341448,.21025433,6.4363518,,,,0,1,.9567934936947293
S54,sector_other_age14_2013,Employed in another sector,labor_sector,secondary,labor_sector_2013_individual,62,outcome_mserd_fuzzy,fuzzy_late,rdrobust,selected_bc_individual,ccpp_equal,cr2 cluster_ruv,1,2,triangular,mserd,,.0145599671210194,.014559967,.022332756,.022332756,100,98005,13047,19935,77,40,117,17.53063929299021,18.570551,21.394398,.38538888,-23.361698,60.5028,1.729204604237515,13.036232,1.424533608532796,-1.7920592,4.6411262,.3910252583485512,.45054564,.20459789,4.8492579,,,,0,1,.9652117225858901
S55,sector_government_age14_2013,Employed in government,labor_sector,secondary,labor_sector_2013_individual,63,common_h_fuzzy,fuzzy_late,rdrobust,selected_bc_individual,ccpp_equal,cr2 cluster_ruv,1,2,triangular,manual,,.0075,.0074999998,.0135,.0135,100,98005,6075,2795,43,22,65,.5369039288408648,.73633832,1.6645272,.65822083,-2.5260749,3.9987516,1.687999412184892,12.883242,.0571547393399921,-.19607447,.31038395,.6720353021488912,.78113091,.23437309,11.107904,,,,0,1,.9285041093826294
S55,sector_government_age14_2013,Employed in government,labor_sector,secondary,labor_sector_2013_individual,63,common_h_reduced_form,reduced_form,rdrobust,selected_bc_individual,ccpp_equal,cr2 cluster_ruv,1,2,triangular,manual,,.0075,.0074999998,.0135,.0135,100,98005,6075,2795,43,22,65,.3608183940434974,.55341923,1.1336907,.62543857,-1.6685739,2.7754123,1.687999412184892,12.883242,.0429565176321455,-.12951505,.2154281,,,,,,,,0,1,.9087108373641968
S55,sector_government_age14_2013,Employed in government,labor_sector,secondary,labor_sector_2013_individual,63,outcome_cerrd_fuzzy,fuzzy_late,rdrobust,selected_bc_individual,ccpp_equal,cr2 cluster_ruv,1,2,triangular,cerrd,,.010940228532162,.010940229,.022087021,.022087021,100,98005,8088,14942,62,32,94,.6067186715408626,.44402736,2.5379362,.86111414,-4.5302362,5.4182906,1.362668766336426,11.59425,.0382972044834644,-.39073128,.46732569,.4839982614857359,.52719754,.21003217,6.3005023,,,,0,1,.9567934936947293
S55,sector_government_age14_2013,Employed in government,labor_sector,secondary,labor_sector_2013_individual,63,outcome_mserd_fuzzy,fuzzy_late,rdrobust,selected_bc_individual,ccpp_equal,cr2 cluster_ruv,1,2,triangular,mserd,,.014907432178617,.014907432,.022087021,.022087021,100,98005,13226,21007,80,43,123,.1852154823977943,-.073329024,3.4058268,.98282248,-6.7486272,6.6019688,1.457346155539719,11.984223,-.0061187966172961,-.56312591,.5508883,.3822533484785006,.45030561,.2045193,4.8478165,,,,0,1,.9828224778175354
