outcome_id,outcome_var,outcome_label,family,tier,multiplicity_family,paper_order,spec_id,estimand,estimator,sample_rule,weighting,vce,p,q,kernel,bwselect,tuning_value,h_left,h_right,b_left,b_right,scale,n_input,n_eff_left,n_eff_right,ccpp_left,ccpp_right,clusters,estimate_cl,estimate_bc,standard_error,pvalue,ci_low,ci_high,control_mean,control_sd,standardized_estimate,standardized_ci_low,standardized_ci_high,first_stage_cl,first_stage_bc,first_stage_se,first_stage_f,weak_robust_p,wild_cluster_p,underid_p,estimation_rc,p_holm,q_bh
D01,treat_16,Treatment through 2016: source-household universe,design,design,design,-4,common_h_ccpp_equal,first_stage,rdrobust,selected_bc_household,ccpp_equal,cr2 cluster_ruv,1,2,triangular,manual,,.0075,.0074999998,.0135,.0135,1,33060,2779,1272,42,22,64,.8439255982092024,.97083229,.21084666,4.1356307e-06,.55758041,1.3840841,.3333333333333333,.47148937,2.059075734958079,1.1825939,2.9355576,,,,,,,,0,,
D02,treat_16,Treatment through 2016: complete primary sample,design,design,design,-3,common_h_primary_ccpp_equal,first_stage,rdrobust,selected_bc_primary_household,ccpp_equal,cr2 cluster_ruv,1,2,triangular,manual,,.0075,.0074999998,.0135,.0135,1,25106,2061,874,40,22,62,.8403214368143909,.97192824,.21495344,6.1380993e-06,.55062723,1.3932292,.35,.47708535,2.037220848821762,1.1541482,2.9202933,,,,,,,,0,,
D03,treat_16,Treatment through 2016: household-equal sensitivity,design,design,design,-2,common_h_primary_household_equal,first_stage,rdrobust,selected_bc_primary_household,household_equal,cr2 cluster_ruv,1,2,triangular,manual,,.0075,.0074999998,.0135,.0135,1,25106,2061,874,40,22,62,.6113677751694008,.64971405,.39529854,.10025813,-.12505685,1.424485,.4274623968947113,.49483037,1.313003623786071,-.2527267,2.8787339,,,,,,,,0,,
D04,treat_16,Treatment through 2016: treatment-based MSE selector,design,design,design,-1,mserd_primary_ccpp_equal,first_stage,rdrobust,selected_bc_primary_household,ccpp_equal,cr2 cluster_ruv,1,2,triangular,mserd,,.0062762333313589,.0062762331,.012296746,.012296746,1,25106,1937,697,35,17,52,.7929045517673151,.89274222,.22705099,.000084276457,.44773045,1.337754,.3142857142857143,.46435064,1.922560549766247,.96420771,2.8809135,,,,,,,,0,,
D05,rd_primary_eligible,Household included in complete primary sample,linkage,design,design,-.8,common_h_primary_observed,selection,rdrobust,selected_bc_household,ccpp_equal,cr2 cluster_ruv,1,2,triangular,manual,,.0075,.0074999998,.0135,.0135,100,33060,2779,1272,42,22,64,-24.29141126700309,-29.710552,11.474151,.0096158301,-52.199474,-7.2216296,69.59707516141385,46.007786,-.645772276204623,-1.1345792,-.15696537,,,,,,,,0,,
D06,hh_link_rate_2017,Household member linkage rate,linkage,design,design,-.7,common_h_household_link_rate,selection,rdrobust,selected_bc_household,ccpp_equal,cr2 cluster_ruv,1,2,triangular,manual,,.0075,.0074999998,.0135,.0135,100,33060,2779,1272,42,22,64,-8.872219160781603,-9.8230352,12.753249,.4411588,-34.818943,15.172873,75.43683167451005,34.698574,-.2830962101237013,-1.003469,.43727654,,,,,,,,0,,
H01,hh_share_female_2017,Female household members,demography,primary,primary_2017_household,1,common_h_covariates,fuzzy_late,rdrobust,selected_bc_primary_household,ccpp_equal,cr2 cluster_ruv,1,2,triangular,manual,,.0075,.0074999998,.0135,.0135,100,24393,1937,874,38,22,60,10.41459583900344,10.751007,4.6890717,.021860709,1.5605953,19.94142,54.39556381928573,30.618275,.3511303989908665,.050969403,.65129137,.9515709141472558,1.109238,.17493989,40.204235,,,,0,.1748856753110886,.1609274446964264
H01,hh_share_female_2017,Female household members,demography,primary,primary_2017_household,1,common_h_cr1_ccpp,fuzzy_late,rdrobust,selected_bc_primary_household,ccpp_equal,cr1 cluster_ruv,1,2,triangular,manual,,.0075,.0074999998,.0135,.0135,100,25106,2061,874,40,22,62,9.529732366688592,9.904398,4.8978748,.043157469,.30474004,19.504057,54.22183466833746,30.411831,.3256758318648069,.010020444,.6413312,.8403214368143909,.97192824,.20679396,22.089846,,,,0,.3452597558498383,.3452597558498383
H01,hh_share_female_2017,Female household members,demography,primary,primary_2017_household,1,common_h_cr2_district,fuzzy_late,rdrobust,selected_bc_primary_household,ccpp_equal,cr2 cluster_dist,1,2,triangular,manual,,.0075,.0074999998,.0135,.0135,100,25106,2061,874,40,22,44,9.529732366688592,9.904398,5.069181,.050719436,-.031013403,19.839809,54.22183466833746,30.411831,.3256758318648069,-.0010197809,.65237147,.8403214368143909,.97192824,.21644822,20.163242,,,,0,.405755490064621,.405755490064621
H01,hh_share_female_2017,Female household members,demography,primary,primary_2017_household,1,common_h_cr2_score,fuzzy_late,rdrobust,selected_bc_primary_household,ccpp_equal,cr2 cluster_score,1,2,triangular,manual,,.0075,.0074999998,.0135,.0135,100,25106,2061,874,40,22,47,9.529732366688592,9.904398,5.1825895,.055992927,-.25329027,20.062088,54.22183466833746,30.411831,.3256758318648069,-.0083286753,.65968037,.8403214368143909,.97192824,.22767435,18.223854,,,,0,.4479434192180634,.4134520888328552
H01,hh_share_female_2017,Female household members,demography,primary,primary_2017_household,1,common_h_cr3_ccpp,fuzzy_late,rdrobust,selected_bc_primary_household,ccpp_equal,cr3 cluster_ruv,1,2,triangular,manual,,.0075,.0074999998,.0135,.0135,100,25106,2061,874,40,22,62,9.529732366688592,9.904398,5.6111093,.0775401,-1.093174,20.90197,54.22183466833746,30.411831,.3256758318648069,-.03594568,.68729734,.8403214368143909,.97192824,.22631952,18.442696,,,,0,.6203207969665527,.5086880922317505
H01,hh_share_female_2017,Female household members,demography,primary,primary_2017_household,1,common_h_epanechnikov,fuzzy_late,rdrobust,selected_bc_primary_household,ccpp_equal,cr2 cluster_ruv,1,2,epanechnikov,manual,,.0075,.0074999998,.0135,.0135,100,25106,2061,874,40,22,62,8.770183209246964,9.396863,5.0069156,.060548685,-.41651094,19.210238,54.22183466833746,30.411831,.3089870843437179,-.013695688,.63166988,.8507789462585813,.99994886,.2222245,20.247513,,,,0,.4843894839286804,.4843894839286804
H01,hh_share_female_2017,Female household members,demography,primary,primary_2017_household,1,common_h_fuzzy,fuzzy_late,rdrobust,selected_bc_primary_household,ccpp_equal,cr2 cluster_ruv,1,2,triangular,manual,,.0075,.0074999998,.0135,.0135,100,25106,2061,874,40,22,62,9.529732366688592,9.904398,5.2038059,.057001546,-.29487374,20.10367,54.22183466833746,30.411831,.3256758318648069,-.0096960207,.6610477,.8403214368143909,.97192824,.21495344,20.444647,,,,0,.4560123682022095,.4228667020797729
H01,hh_share_female_2017,Female household members,demography,primary,primary_2017_household,1,common_h_household_equal,fuzzy_late,rdrobust,selected_bc_primary_household,household_equal,cr2 cluster_ruv,1,2,triangular,manual,,.0075,.0074999998,.0135,.0135,100,25106,2061,874,40,22,62,12.4343297774899,14.233582,7.9359908,.072885312,-1.3206741,29.787838,53.92346959389396,29.892464,.4761595707006648,-.044180837,.99649996,.6113677751694008,.64971405,.39529854,2.7014325,,,,0,.5830824971199036,.5830824971199036
H01,hh_share_female_2017,Female household members,demography,primary,primary_2017_household,1,common_h_reduced_form,reduced_form,rdrobust,selected_bc_primary_household,ccpp_equal,cr2 cluster_ruv,1,2,triangular,manual,,.0075,.0074999998,.0135,.0135,100,25106,2061,874,40,22,62,8.008038394832361,9.5770559,4.5909891,.03697364,.57888246,18.57523,54.22183466833746,30.411831,.3149121737718189,.019034779,.6107896,,,,,,,,0,.2588154822587967,.147894561290741
H01,hh_share_female_2017,Female household members,demography,primary,primary_2017_household,1,common_h_uniform,fuzzy_late,rdrobust,selected_bc_primary_household,ccpp_equal,cr2 cluster_ruv,1,2,uniform,manual,,.0075,.0074999998,.0135,.0135,100,25106,2061,874,40,22,62,8.025937119715632,8.2526798,4.7559276,.082698159,-1.0687671,17.574127,54.22183466833746,30.411831,.2713641262639203,-.035143133,.57787138,.880532559074949,1.0256553,.23079403,19.74939,,,,0,.66158527135849,.5450308720270792
H01,hh_share_female_2017,Female household members,demography,primary,primary_2017_household,1,donut_005,fuzzy_late,rdrobust,selected_bc_primary_household,ccpp_equal,cr2 cluster_ruv,1,2,triangular,manual,.00005,.0075,.0074999998,.0135,.0135,100,25106,2061,874,40,22,62,9.529732366688592,9.904398,5.2038059,.057001546,-.29487374,20.10367,54.22183466833746,30.411831,.3256758318648069,-.0096960207,.6610477,.8403214368143909,.97192824,.21495344,20.444647,,,,0,.4560123682022095,.4228667020797729
H01,hh_share_female_2017,Female household members,demography,primary,primary_2017_household,1,donut_025,fuzzy_late,rdrobust,selected_bc_primary_household,ccpp_equal,cr2 cluster_ruv,1,2,triangular,manual,.00025,.0075,.0074999998,.0135,.0135,100,25097,2061,865,40,21,61,7.753836831305562,8.2685928,6.2745762,.18757297,-4.0293512,20.566536,54.22183466833746,30.411831,.2718873610481792,-.13249288,.67626762,.8012585868890713,.9443391,.27463672,11.823301,,,,0,1,.7502918839454651
H01,hh_share_female_2017,Female household members,demography,primary,primary_2017_household,1,fixed_h_005,fuzzy_late,rdrobust,selected_bc_primary_household,ccpp_equal,cr2 cluster_ruv,1,2,triangular,manual,.005,.005,.0049999999,.0089999996,.0089999996,100,25106,1636,656,27,16,43,12.54294144785593,11.763023,6.7876315,.083094142,-1.5404894,25.066536,54.26670134337358,30.370693,.3873149518106678,-.050722893,.82535279,.7924937026862171,.84887397,.2342907,13.127327,,,,0,.6647531390190125,.3342784345149994
H01,hh_share_female_2017,Female household members,demography,primary,primary_2017_household,1,fixed_h_010,fuzzy_late,rdrobust,selected_bc_primary_household,ccpp_equal,cr2 cluster_ruv,1,2,triangular,manual,.01,.01,.0099999998,.017999999,.017999999,100,25106,2717,4297,56,32,88,10.71170767486101,11.470521,5.8274145,.049025234,.048997879,22.892044,55.23651447218226,30.989571,.3701413215990386,.0015811087,.73870152,.6517186210290928,.74450904,.19902582,13.993329,,,,0,.3922018706798553,.3922018706798553
H01,hh_share_female_2017,Female household members,demography,primary,primary_2017_household,1,outcome_cerrd_fuzzy,fuzzy_late,rdrobust,selected_bc_primary_household,ccpp_equal,cr2 cluster_ruv,1,2,triangular,cerrd,,.0098625137044657,.0098625133,.020955233,.020955233,100,25106,2621,4297,53,32,85,10.73695757803465,11.334797,5.5896368,.042578269,.37930992,22.290285,55.26716136408508,31.100048,.3644623587655539,.012196441,.71672827,.6618886428527284,.7092554,.19784041,12.852136,,,,0,.3406261503696442,.3406261503696442
H01,hh_share_female_2017,Female household members,demography,primary,primary_2017_household,1,outcome_mserd_fuzzy,fuzzy_late,rdrobust,selected_bc_primary_household,ccpp_equal,cr2 cluster_ruv,1,2,triangular,mserd,,.0133188687788908,.013318868,.020955233,.020955233,100,25106,4464,5750,67,39,106,9.970935586815568,11.24335,7.0009346,.10827862,-2.4782288,24.96493,54.62974753744631,31.210054,.3602477008931954,-.079404823,.79990023,.5182495100819913,.58929908,.19390781,9.2359362,,,,0,.8662289977073669,.7005871534347534
H01,hh_share_female_2017,Female household members,demography,primary,primary_2017_household,1,outcome_mserd_p2,fuzzy_late,rdrobust,selected_bc_primary_household,ccpp_equal,cr2 cluster_ruv,2,3,triangular,mserd,,.0184463025400344,.018446302,.02748053,.02748053,100,25106,5940,6802,101,57,158,11.14547893941887,11.684608,6.2891502,.063183337,-.64190114,24.011116,54.58155751096327,30.926413,.3778196762589055,-.020755759,.77639508,.6524755286928221,.73655581,.21007879,12.29269,,,,0,.5054666996002197,.5054666996002197
H01,hh_share_female_2017,Female household members,demography,primary,primary_2017_household,1,parametric_common_h,parametric_late,ivreg2,selected_bc_primary_household,ccpp_equal,cr1 cluster_ruv,1,2,triangular,manual,.0075,.0075,.0074999998,.0135,.0135,100,2935,2061,874,40,22,62,9.529732366688664,9.5297327,4.2357521,.024459591,1.2276579,17.831806,53.88792000086923,30.365303,.3138362441343702,.040429629,.58724284,,,,21.044512,.0382007212683602,.057811562,.0034939009,0,.1956767290830612,.1956767290830612
H01,hh_share_female_2017,Female household members,demography,primary,primary_2017_household,1,parametric_covariates,parametric_late,ivreg2,selected_bc_primary_household,ccpp_equal,cr1 cluster_ruv,1,2,triangular,manual,.0075,.0075,.0074999998,.0135,.0135,100,2811,1937,874,38,22,60,10.41459583900312,10.414596,3.7810464,.0058795982,3.0037448,17.825447,54.10666866258148,30.565413,.3407314017879894,.098272674,.58319014,,,,34.426277,.0026404179605295,.040008001,.00086831843,0,.0470367856323719,.0410746075212955
H01,hh_share_female_2017,Female household members,demography,primary,primary_2017_household,1,parametric_district,parametric_late,ivreg2,selected_bc_primary_household,ccpp_equal,cr1 cluster_dist,1,2,triangular,manual,.0075,.0075,.0074999998,.0135,.0135,100,2935,2061,874,40,22,44,9.529732366688664,9.5297327,4.2723355,.025709799,1.1559547,17.903509,53.88792000086923,30.365303,.3138362441343702,.038068276,.5896042,,,,19.338871,.0484682682998006,,.0049499795,0,.2056783884763718,.2056783884763718
H01,hh_share_female_2017,Female household members,demography,primary,primary_2017_household,1,parametric_household_equal,parametric_late,ivreg2,selected_bc_primary_household,household_equal,cr1 cluster_ruv,1,2,triangular,manual,.0075,.0075,.0074999998,.0135,.0135,100,2935,2061,874,40,22,62,12.43432977749028,12.43433,6.4969196,.055635393,-.299633,25.168293,53.46219661324297,29.909985,.4157250540354023,-.010017825,.84146792,,,,3.8618183,.0124057380552375,,.041469965,0,.4450831413269043,.4450831413269043
H02,hh_share_age_15_29_2017,Household members age 15-29,demography,primary,primary_2017_household,2,common_h_covariates,fuzzy_late,rdrobust,selected_bc_primary_household,ccpp_equal,cr2 cluster_ruv,1,2,triangular,manual,,.0075,.0074999998,.0135,.0135,100,24393,1937,874,38,22,60,-.6410558949161627,.02192151,5.6887374,.99692535,-11.127799,11.171641,21.16885187882998,27.034719,.0008108650732859,-.41161141,.41323313,.9515709141472558,1.109238,.17493989,40.204235,,,,0,1,.9969253540039063
H02,hh_share_age_15_29_2017,Household members age 15-29,demography,primary,primary_2017_household,2,common_h_cr1_ccpp,fuzzy_late,rdrobust,selected_bc_primary_household,ccpp_equal,cr1 cluster_ruv,1,2,triangular,manual,,.0075,.0074999998,.0135,.0135,100,25106,2061,874,40,22,62,2.380195284653691,3.2224047,7.6496019,.67357159,-11.770539,18.215349,21.38916715483962,27.065594,.1190590857383445,-.43488938,.67300755,.8403214368143909,.97192824,.20679396,22.089846,,,,0,1,.8098054613385881
H02,hh_share_age_15_29_2017,Household members age 15-29,demography,primary,primary_2017_household,2,common_h_cr2_district,fuzzy_late,rdrobust,selected_bc_primary_household,ccpp_equal,cr2 cluster_dist,1,2,triangular,manual,,.0075,.0074999998,.0135,.0135,100,25106,2061,874,40,22,44,2.380195284653691,3.2224047,7.917336,.68400341,-12.295288,18.740097,21.38916715483962,27.065594,.1190590857383445,-.45427743,.69239563,.8403214368143909,.97192824,.21644822,20.163242,,,,0,1,.8351034436907087
H02,hh_share_age_15_29_2017,Household members age 15-29,demography,primary,primary_2017_household,2,common_h_cr2_score,fuzzy_late,rdrobust,selected_bc_primary_household,ccpp_equal,cr2 cluster_score,1,2,triangular,manual,,.0075,.0074999998,.0135,.0135,100,25106,2061,874,40,22,47,2.380195284653691,3.2224047,8.3946981,.7010808,-13.230901,19.675711,21.38916715483962,27.065594,.1190590857383445,-.48884577,.72696394,.8403214368143909,.97192824,.22767435,18.223854,,,,0,1,.8325155121939523
H02,hh_share_age_15_29_2017,Household members age 15-29,demography,primary,primary_2017_household,2,common_h_cr3_ccpp,fuzzy_late,rdrobust,selected_bc_primary_household,ccpp_equal,cr3 cluster_ruv,1,2,triangular,manual,,.0075,.0074999998,.0135,.0135,100,25106,2061,874,40,22,62,2.380195284653691,3.2224047,8.5590515,.70655197,-13.553028,19.997837,21.38916715483962,27.065594,.1190590857383445,-.5007475,.73886567,.8403214368143909,.97192824,.22631952,18.442696,,,,0,1,.8573449679783411
H02,hh_share_age_15_29_2017,Household members age 15-29,demography,primary,primary_2017_household,2,common_h_epanechnikov,fuzzy_late,rdrobust,selected_bc_primary_household,ccpp_equal,cr2 cluster_ruv,1,2,epanechnikov,manual,,.0075,.0074999998,.0135,.0135,100,25106,2061,874,40,22,62,1.107570149077306,1.689508,7.6717243,.82569569,-13.346795,16.725811,21.38916715483962,27.065594,.0624227195879786,-.49312776,.61797321,.8507789462585813,.99994886,.2222245,20.247513,,,,0,1,.8262854814529419
H02,hh_share_age_15_29_2017,Household members age 15-29,demography,primary,primary_2017_household,2,common_h_fuzzy,fuzzy_late,rdrobust,selected_bc_primary_household,ccpp_equal,cr2 cluster_ruv,1,2,triangular,manual,,.0075,.0074999998,.0135,.0135,100,25106,2061,874,40,22,62,2.380195284653691,3.2224047,8.0395508,.68855339,-12.534824,18.979633,21.38916715483962,27.065594,.1190590857383445,-.46312764,.70124578,.8403214368143909,.97192824,.21495344,20.444647,,,,0,1,.8323050226484026
H02,hh_share_age_15_29_2017,Household members age 15-29,demography,primary,primary_2017_household,2,common_h_household_equal,fuzzy_late,rdrobust,selected_bc_primary_household,household_equal,cr2 cluster_ruv,1,2,triangular,manual,,.0075,.0074999998,.0135,.0135,100,25106,2061,874,40,22,62,5.307365377479507,4.4183397,14.229401,.7561748,-23.470772,32.307453,21.66558871030345,26.698622,.1654894375683979,-.87910056,1.2100794,.6113677751694008,.64971405,.39529854,2.7014325,,,,0,1,.9451338052749634
H02,hh_share_age_15_29_2017,Household members age 15-29,demography,primary,primary_2017_household,2,common_h_reduced_form,reduced_form,rdrobust,selected_bc_primary_household,ccpp_equal,cr2 cluster_ruv,1,2,triangular,manual,,.0075,.0074999998,.0135,.0135,100,25106,2061,874,40,22,62,2.000129121499028,3.0211058,6.5336218,.64379901,-9.7845573,15.826769,21.38916715483962,27.065594,.1116216322589085,-.36151278,.58475602,,,,,,,,0,1,.7972284044538225
H02,hh_share_age_15_29_2017,Household members age 15-29,demography,primary,primary_2017_household,2,common_h_uniform,fuzzy_late,rdrobust,selected_bc_primary_household,ccpp_equal,cr2 cluster_ruv,1,2,uniform,manual,,.0075,.0074999998,.0135,.0135,100,25106,2061,874,40,22,62,-2.403512279142513,-3.8785644,6.9778099,.57831842,-17.554821,9.7976913,21.38916715483962,27.065594,-.1433023992425572,-.64860284,.36199802,.880532559074949,1.0256553,.23079403,19.74939,,,,0,1,.7947007815043131
H02,hh_share_age_15_29_2017,Household members age 15-29,demography,primary,primary_2017_household,2,donut_005,fuzzy_late,rdrobust,selected_bc_primary_household,ccpp_equal,cr2 cluster_ruv,1,2,triangular,manual,.00005,.0075,.0074999998,.0135,.0135,100,25106,2061,874,40,22,62,2.380195284653691,3.2224047,8.0395508,.68855339,-12.534824,18.979633,21.38916715483962,27.065594,.1190590857383445,-.46312764,.70124578,.8403214368143909,.97192824,.21495344,20.444647,,,,0,1,.8323050226484026
H02,hh_share_age_15_29_2017,Household members age 15-29,demography,primary,primary_2017_household,2,donut_025,fuzzy_late,rdrobust,selected_bc_primary_household,ccpp_equal,cr2 cluster_ruv,1,2,triangular,manual,.00025,.0075,.0074999998,.0135,.0135,100,25097,2061,865,40,21,61,3.40340676688379,4.4935503,11.097857,.6855492,-17.257851,26.244951,21.38916715483962,27.065594,.1660244494316944,-.63763064,.96967953,.8012585868890713,.9443391,.27463672,11.823301,,,,0,1,.8262278011866978
H02,hh_share_age_15_29_2017,Household members age 15-29,demography,primary,primary_2017_household,2,fixed_h_005,fuzzy_late,rdrobust,selected_bc_primary_household,ccpp_equal,cr2 cluster_ruv,1,2,triangular,manual,.005,.005,.0049999999,.0089999996,.0089999996,100,25106,1636,656,27,16,43,7.432478663889746,9.4685001,10.9944,.38912174,-12.080128,31.017128,22.1984279888773,28.207909,.3356682882631632,-.42825323,1.0995898,.7924937026862171,.84887397,.2342907,13.127327,,,,0,1,.6251408576965333
H02,hh_share_age_15_29_2017,Household members age 15-29,demography,primary,primary_2017_household,2,fixed_h_010,fuzzy_late,rdrobust,selected_bc_primary_household,ccpp_equal,cr2 cluster_ruv,1,2,triangular,manual,.01,.01,.0099999998,.017999999,.017999999,100,25106,2717,4297,56,32,88,-2.687037736883111,-4.6712079,8.3141136,.57422453,-20.966572,11.624156,19.89980391073993,26.684006,-.1750564703466004,-.78573555,.4356226,.6517186210290928,.74450904,.19902582,13.993329,,,,0,1,.8960587637765066
H02,hh_share_age_15_29_2017,Household members age 15-29,demography,primary,primary_2017_household,2,outcome_cerrd_fuzzy,fuzzy_late,rdrobust,selected_bc_primary_household,ccpp_equal,cr2 cluster_ruv,1,2,triangular,cerrd,,.0074127262195231,.0074127261,.017303614,.017303614,100,25106,2061,822,40,21,61,2.645973436625298,1.6329027,7.7768369,.83369106,-13.609417,16.875223,21.38916715483962,27.065594,.0603313097645661,-.50283092,.62349355,.8375964385262844,.88935179,.21114282,17.741669,,,,0,1,.898936927318573
H02,hh_share_age_15_29_2017,Household members age 15-29,demography,primary,primary_2017_household,2,outcome_mserd_fuzzy,fuzzy_late,rdrobust,selected_bc_primary_household,ccpp_equal,cr2 cluster_ruv,1,2,triangular,mserd,,.0100105440428404,.010010544,.017303614,.017303614,100,25106,2717,4297,56,32,88,-2.702355648689293,-4.5531521,8.4096031,.58821613,-21.035671,11.929367,19.89980391073993,26.684006,-.170632254467359,-.78832507,.44706059,.65096668018271,.75892955,.19962673,14.45325,,,,0,1,.9411458015441895
H02,hh_share_age_15_29_2017,Household members age 15-29,demography,primary,primary_2017_household,2,outcome_mserd_p2,fuzzy_late,rdrobust,selected_bc_primary_household,ccpp_equal,cr2 cluster_ruv,2,3,triangular,mserd,,.0173574950355376,.017357495,.026595011,.026595011,100,25106,5422,6581,93,52,145,-5.460020273446869,-6.7578588,8.3449812,.41804874,-23.113722,9.5980043,20.72008517139674,26.437201,-.2556193088762647,-.87428778,.36304921,.6975600069999859,.78292722,.21106927,13.759188,,,,0,1,.8302093505859376
H02,hh_share_age_15_29_2017,Household members age 15-29,demography,primary,primary_2017_household,2,parametric_common_h,parametric_late,ivreg2,selected_bc_primary_household,ccpp_equal,cr1 cluster_ruv,1,2,triangular,manual,.0075,.0075,.0074999998,.0135,.0135,100,2935,2061,874,40,22,62,2.38019528465374,2.3801954,6.6727643,.72131413,-10.698422,15.458813,22.02572295032125,27.681253,.0859858200404882,-.3864862,.55845785,,,,21.044512,.7152036762978176,.74014801,.0034939009,0,1,.8916817392621721
H02,hh_share_age_15_29_2017,Household members age 15-29,demography,primary,primary_2017_household,2,parametric_covariates,parametric_late,ivreg2,selected_bc_primary_household,ccpp_equal,cr1 cluster_ruv,1,2,triangular,manual,.0075,.0075,.0074999998,.0135,.0135,100,2811,1937,874,38,22,60,-.6410558949158996,-.64105588,4.5639911,.88829696,-9.5864782,8.3043671,22.09699255408627,27.848375,-.0230195083214189,-.34423834,.29819933,,,,34.426277,.890238473549155,.89777958,.00086831843,0,1,.9828026294708252
H02,hh_share_age_15_29_2017,Household members age 15-29,demography,primary,primary_2017_household,2,parametric_district,parametric_late,ivreg2,selected_bc_primary_household,ccpp_equal,cr1 cluster_dist,1,2,triangular,manual,.0075,.0075,.0074999998,.0135,.0135,100,2935,2061,874,40,22,44,2.38019528465374,2.3801954,6.6146154,.71896768,-10.584451,15.344841,22.02572295032125,27.681253,.0859858200404882,-.38236892,.55434054,,,,19.338871,.713543688186643,,.0049499795,0,1,.8988168239593506
H02,hh_share_age_15_29_2017,Household members age 15-29,demography,primary,primary_2017_household,2,parametric_household_equal,parametric_late,ivreg2,selected_bc_primary_household,household_equal,cr1 cluster_ruv,1,2,triangular,manual,.0075,.0075,.0074999998,.0135,.0135,100,2935,2061,874,40,22,62,5.307365377479678,5.3073654,10.443268,.61130661,-15.16144,25.776171,22.33150072089246,27.454393,.1933157095945308,-.55224097,.93887234,,,,3.8618183,.5836461064887153,,.041469965,0,1,.8150754769643147
H03,hh_share_moved_ccpp_2017,Members living in another CCPP,migration,primary,primary_2017_household,3,common_h_covariates,fuzzy_late,rdrobust,selected_bc_primary_household,ccpp_equal,cr2 cluster_ruv,1,2,triangular,manual,,.0075,.0074999998,.0135,.0135,100,24393,1937,874,38,22,60,21.89596916498023,22.109463,16.953213,.19218384,-11.118223,55.337147,43.04224888445841,42.984344,.5143607940900362,-.25865749,1.287379,.9515709141472558,1.109238,.17493989,40.204235,,,,0,1,.5124902327855427
H03,hh_share_moved_ccpp_2017,Members living in another CCPP,migration,primary,primary_2017_household,3,common_h_cr1_ccpp,fuzzy_late,rdrobust,selected_bc_primary_household,ccpp_equal,cr1 cluster_ruv,1,2,triangular,manual,,.0075,.0074999998,.0135,.0135,100,25106,2061,874,40,22,62,33.24973777605679,35.005928,20.680691,.090515114,-5.5274787,75.539337,43.76513644023549,43.286686,.8086996819337688,-.12769465,1.7450941,.8403214368143909,.97192824,.20679396,22.089846,,,,0,.6336058005690575,.3620604574680328
H03,hh_share_moved_ccpp_2017,Members living in another CCPP,migration,primary,primary_2017_household,3,common_h_cr2_district,fuzzy_late,rdrobust,selected_bc_primary_household,ccpp_equal,cr2 cluster_dist,1,2,triangular,manual,,.0075,.0074999998,.0135,.0135,100,25106,2061,874,40,22,44,33.24973777605679,35.005928,21.537052,.10408126,-7.2059169,77.217773,43.76513644023549,43.286686,.8086996819337688,-.16646959,1.7838689,.8403214368143909,.97192824,.21644822,20.163242,,,,0,.7285688072443008,.4163250327110291
H03,hh_share_moved_ccpp_2017,Members living in another CCPP,migration,primary,primary_2017_household,3,common_h_cr2_score,fuzzy_late,rdrobust,selected_bc_primary_household,ccpp_equal,cr2 cluster_score,1,2,triangular,manual,,.0075,.0074999998,.0135,.0135,100,25106,2061,874,40,22,47,33.24973777605679,35.005928,21.492329,.10336302,-7.1182628,77.130119,43.76513644023549,43.286686,.8086996819337688,-.16444463,1.781844,.8403214368143909,.97192824,.22767435,18.223854,,,,0,.7235411554574966,.4134520888328552
H03,hh_share_moved_ccpp_2017,Members living in another CCPP,migration,primary,primary_2017_household,3,common_h_cr3_ccpp,fuzzy_late,rdrobust,selected_bc_primary_household,ccpp_equal,cr3 cluster_ruv,1,2,triangular,manual,,.0075,.0074999998,.0135,.0135,100,25106,2061,874,40,22,62,33.24973777605679,35.005928,22.949451,.12717202,-9.9741716,79.986031,43.76513644023549,43.286686,.8086996819337688,-.23042123,1.8478206,.8403214368143909,.97192824,.22631952,18.442696,,,,0,.8902041614055634,.5086880922317505
H03,hh_share_moved_ccpp_2017,Members living in another CCPP,migration,primary,primary_2017_household,3,common_h_epanechnikov,fuzzy_late,rdrobust,selected_bc_primary_household,ccpp_equal,cr2 cluster_ruv,1,2,epanechnikov,manual,,.0075,.0074999998,.0135,.0135,100,25106,2061,874,40,22,62,28.87473451994216,31.11183,21.061838,.13963115,-10.168613,72.392273,43.76513644023549,43.286686,.7187390075060993,-.23491319,1.6723912,.8507789462585813,.99994886,.2222245,20.247513,,,,0,.977418065071106,.5585246086120605
H03,hh_share_moved_ccpp_2017,Members living in another CCPP,migration,primary,primary_2017_household,3,common_h_fuzzy,fuzzy_late,rdrobust,selected_bc_primary_household,ccpp_equal,cr2 cluster_ruv,1,2,triangular,manual,,.0075,.0074999998,.0135,.0135,100,25106,2061,874,40,22,62,33.24973777605679,35.005928,21.638664,.10571668,-7.4050727,77.416931,43.76513644023549,43.286686,.8086996819337688,-.17107044,1.7884698,.8403214368143909,.97192824,.21495344,20.444647,,,,0,.7400167286396027,.4228667020797729
H03,hh_share_moved_ccpp_2017,Members living in another CCPP,migration,primary,primary_2017_household,3,common_h_household_equal,fuzzy_late,rdrobust,selected_bc_primary_household,household_equal,cr2 cluster_ruv,1,2,triangular,manual,,.0075,.0074999998,.0135,.0135,100,25106,2061,874,40,22,62,37.29844866458878,45.901924,45.451237,.31253561,-43.180866,134.98471,38.63579476752693,42.708641,1.074769019451782,-1.0110569,3.1605949,.6113677751694008,.64971405,.39529854,2.7014325,,,,0,1,.9451338052749634
H03,hh_share_moved_ccpp_2017,Members living in another CCPP,migration,primary,primary_2017_household,3,common_h_reduced_form,reduced_form,rdrobust,selected_bc_primary_household,ccpp_equal,cr2 cluster_ruv,1,2,triangular,manual,,.0075,.0074999998,.0135,.0135,100,25106,2061,874,40,22,62,27.94046742167777,33.792126,14.345878,.018496374,5.6747212,61.909527,43.76513644023549,43.286686,.7806586132725618,.13109623,1.430221,,,,,,,,0,.1479709893465042,.147894561290741
H03,hh_share_moved_ccpp_2017,Members living in another CCPP,migration,primary,primary_2017_household,3,common_h_uniform,fuzzy_late,rdrobust,selected_bc_primary_household,ccpp_equal,cr2 cluster_ruv,1,2,uniform,manual,,.0075,.0074999998,.0135,.0135,100,25106,2061,874,40,22,62,23.08888987272037,26.151016,19.166639,.17244084,-11.414907,63.716942,43.76513644023549,43.286686,.6041353451355838,-.26370481,1.4719756,.880532559074949,1.0256553,.23079403,19.74939,,,,0,1,.5450308720270792
H03,hh_share_moved_ccpp_2017,Members living in another CCPP,migration,primary,primary_2017_household,3,donut_005,fuzzy_late,rdrobust,selected_bc_primary_household,ccpp_equal,cr2 cluster_ruv,1,2,triangular,manual,.00005,.0075,.0074999998,.0135,.0135,100,25106,2061,874,40,22,62,33.24973777605679,35.005928,21.638664,.10571668,-7.4050727,77.416931,43.76513644023549,43.286686,.8086996819337688,-.17107044,1.7884698,.8403214368143909,.97192824,.21495344,20.444647,,,,0,.7400167286396027,.4228667020797729
H03,hh_share_moved_ccpp_2017,Members living in another CCPP,migration,primary,primary_2017_household,3,donut_025,fuzzy_late,rdrobust,selected_bc_primary_household,ccpp_equal,cr2 cluster_ruv,1,2,triangular,manual,.00025,.0075,.0074999998,.0135,.0135,100,25097,2061,865,40,21,61,36.86126944618255,39.650944,29.607224,.18049514,-18.378149,97.680038,43.76513644023549,43.286686,.9160078389067686,-.42456818,2.2565839,.8012585868890713,.9443391,.27463672,11.823301,,,,0,1,.7502918839454651
H03,hh_share_moved_ccpp_2017,Members living in another CCPP,migration,primary,primary_2017_household,3,fixed_h_005,fuzzy_late,rdrobust,selected_bc_primary_household,ccpp_equal,cr2 cluster_ruv,1,2,triangular,manual,.005,.005,.0049999999,.0089999996,.0089999996,100,25106,1636,656,27,16,43,47.51926597906684,49.667145,28.703697,.083569609,-6.5910673,105.92535,41.67563860814674,42.230324,1.176101395145553,-.15607427,2.5082769,.7924937026862171,.84887397,.2342907,13.127327,,,,0,.6647531390190125,.3342784345149994
H03,hh_share_moved_ccpp_2017,Members living in another CCPP,migration,primary,primary_2017_household,3,fixed_h_010,fuzzy_late,rdrobust,selected_bc_primary_household,ccpp_equal,cr2 cluster_ruv,1,2,triangular,manual,.01,.01,.0099999998,.017999999,.017999999,100,25106,2717,4297,56,32,88,28.38237015113022,29.029295,23.260216,.21202247,-16.559891,74.618484,43.42267919452418,43.604691,.6657379426712965,-.37977317,1.711249,.6517186210290928,.74450904,.19902582,13.993329,,,,0,1,.5653932491938273
H03,hh_share_moved_ccpp_2017,Members living in another CCPP,migration,primary,primary_2017_household,3,outcome_cerrd_fuzzy,fuzzy_late,rdrobust,selected_bc_primary_household,ccpp_equal,cr2 cluster_ruv,1,2,triangular,cerrd,,.011137610163748,.01113761,.022092499,.022092499,100,25106,2729,4472,58,36,94,28.39444304497511,28.983719,24.80443,.24260934,-19.632072,77.59951,43.48117465743878,43.446583,.6671115529057958,-.45186687,1.78609,.5846574171874102,.62643802,.19524726,10.294051,,,,0,1,.6469582319259644
H03,hh_share_moved_ccpp_2017,Members living in another CCPP,migration,primary,primary_2017_household,3,outcome_mserd_fuzzy,fuzzy_late,rdrobust,selected_bc_primary_household,ccpp_equal,cr2 cluster_ruv,1,2,triangular,mserd,,.0150408275949195,.015040828,.022092499,.022092499,100,25106,4807,6205,77,43,120,26.55801910796285,28.190987,30.028101,.34782308,-30.66301,87.044983,42.35464147753553,43.273014,.6514680464202203,-.70859426,2.0115304,.4696700473866849,.53268176,.19157106,7.7317157,,,,0,1,.9275282224019368
H03,hh_share_moved_ccpp_2017,Members living in another CCPP,migration,primary,primary_2017_household,3,outcome_mserd_p2,fuzzy_late,rdrobust,selected_bc_primary_household,ccpp_equal,cr2 cluster_ruv,2,3,triangular,mserd,,.0193668964788133,.019366896,.028184667,.028184667,100,25106,6149,7054,104,62,166,29.42888797075935,29.060122,26.067068,.26492703,-22.030394,80.150635,41.2829740590773,43.321926,.6707947925425789,-.50852758,1.8501172,.6135283947244623,.69789988,.20921306,11.127783,,,,0,1,.7064720789591471
H03,hh_share_moved_ccpp_2017,Members living in another CCPP,migration,primary,primary_2017_household,3,parametric_common_h,parametric_late,ivreg2,selected_bc_primary_household,ccpp_equal,cr1 cluster_ruv,1,2,triangular,manual,.0075,.0075,.0074999998,.0135,.0135,100,2935,2061,874,40,22,62,33.24973777605686,33.249737,18.094322,.066124536,-2.2151334,68.714607,41.76828809221033,42.623474,.7800804278883481,-.0519698,1.6121306,,,,21.044512,.0248333874682474,.1040208,.0034939009,0,.462871752679348,.2644981443881989
H03,hh_share_moved_ccpp_2017,Members living in another CCPP,migration,primary,primary_2017_household,3,parametric_covariates,parametric_late,ivreg2,selected_bc_primary_household,ccpp_equal,cr1 cluster_ruv,1,2,triangular,manual,.0075,.0075,.0074999998,.0135,.0135,100,2811,1937,874,38,22,60,21.89596916497888,21.895969,13.976645,.1172056,-5.4982562,49.290195,42.10523262429795,42.54253,.5146842042763268,-.12924139,1.1586097,,,,34.426277,.0852512013791219,.18483697,.00086831843,0,.7032336294651031,.3125482797622681
H03,hh_share_moved_ccpp_2017,Members living in another CCPP,migration,primary,primary_2017_household,3,parametric_district,parametric_late,ivreg2,selected_bc_primary_household,ccpp_equal,cr1 cluster_dist,1,2,triangular,manual,.0075,.0075,.0074999998,.0135,.0135,100,2935,2061,874,40,22,44,33.24973777605686,33.249737,18.398031,.070724204,-2.810405,69.309883,41.76828809221033,42.623474,.7800804278883481,-.065935619,1.6260965,,,,19.338871,.0237549972082059,,.0049499795,0,.4950694292783737,.2828968167304993
H03,hh_share_moved_ccpp_2017,Members living in another CCPP,migration,primary,primary_2017_household,3,parametric_household_equal,parametric_late,ivreg2,selected_bc_primary_household,household_equal,cr1 cluster_ruv,1,2,triangular,manual,.0075,.0075,.0074999998,.0135,.0135,100,2935,2061,874,40,22,62,37.29844866458896,37.29845,34.382797,.27801037,-30.091833,104.68873,39.02295851190122,42.717838,.8731352005056383,-.70443249,2.4507029,,,,3.8618183,.1335946671246897,,.041469965,0,1,.7467295646667481
H04,hh_share_secondary_age14_2017,Members with secondary education or higher,human_capital,primary,primary_2017_household,4,common_h_covariates,fuzzy_late,rdrobust,selected_bc_primary_household,ccpp_equal,cr2 cluster_ruv,1,2,triangular,manual,,.0075,.0074999998,.0135,.0135,100,24393,1937,874,38,22,60,1.416209966545401,3.2620525,12.081101,.78715038,-20.416471,26.940577,43.92947460690797,38.993835,.0836555971050674,-.52358204,.69089323,.9515709141472558,1.109238,.17493989,40.204235,,,,0,1,.9969253540039063
H04,hh_share_secondary_age14_2017,Members with secondary education or higher,human_capital,primary,primary_2017_household,4,common_h_cr1_ccpp,fuzzy_late,rdrobust,selected_bc_primary_household,ccpp_equal,cr1 cluster_ruv,1,2,triangular,manual,,.0075,.0074999998,.0135,.0135,100,25106,2061,874,40,22,62,3.318399695384439,5.1656203,13.820535,.70857978,-21.922131,32.253372,44.05810833023519,38.948002,.1326286445265913,-.56285638,.82811368,.8403214368143909,.97192824,.20679396,22.089846,,,,0,1,.8098054613385881
H04,hh_share_secondary_age14_2017,Members with secondary education or higher,human_capital,primary,primary_2017_household,4,common_h_cr2_district,fuzzy_late,rdrobust,selected_bc_primary_household,ccpp_equal,cr2 cluster_dist,1,2,triangular,manual,,.0075,.0074999998,.0135,.0135,100,25106,2061,874,40,22,44,3.318399695384439,5.1656203,15.008753,.73071551,-24.250996,34.582237,44.05810833023519,38.948002,.1326286445265913,-.62265056,.88790786,.8403214368143909,.97192824,.21644822,20.163242,,,,0,1,.8351034436907087
H04,hh_share_secondary_age14_2017,Members with secondary education or higher,human_capital,primary,primary_2017_household,4,common_h_cr2_score,fuzzy_late,rdrobust,selected_bc_primary_household,ccpp_equal,cr2 cluster_score,1,2,triangular,manual,,.0075,.0074999998,.0135,.0135,100,25106,2061,874,40,22,47,3.318399695384439,5.1656203,14.87851,.72845107,-23.995724,34.326965,44.05810833023519,38.948002,.1326286445265913,-.61609644,.88135374,.8403214368143909,.97192824,.22767435,18.223854,,,,0,1,.8325155121939523
H04,hh_share_secondary_age14_2017,Members with secondary education or higher,human_capital,primary,primary_2017_household,4,common_h_cr3_ccpp,fuzzy_late,rdrobust,selected_bc_primary_household,ccpp_equal,cr3 cluster_ruv,1,2,triangular,manual,,.0075,.0074999998,.0135,.0135,100,25106,2061,874,40,22,62,3.318399695384439,5.1656203,16.223366,.75017685,-26.631594,36.962833,44.05810833023519,38.948002,.1326286445265913,-.6837731,.94903034,.8403214368143909,.97192824,.22631952,18.442696,,,,0,1,.8573449679783411
H04,hh_share_secondary_age14_2017,Members with secondary education or higher,human_capital,primary,primary_2017_household,4,common_h_epanechnikov,fuzzy_late,rdrobust,selected_bc_primary_household,ccpp_equal,cr2 cluster_ruv,1,2,epanechnikov,manual,,.0075,.0074999998,.0135,.0135,100,25106,2061,874,40,22,62,2.375658016051677,4.1766429,13.576295,.75835449,-22.432405,30.785692,44.05810833023519,38.948002,.1072363935677884,-.57595783,.79043061,.8507789462585813,.99994886,.2222245,20.247513,,,,0,1,.8262854814529419
H04,hh_share_secondary_age14_2017,Members with secondary education or higher,human_capital,primary,primary_2017_household,4,common_h_fuzzy,fuzzy_late,rdrobust,selected_bc_primary_household,ccpp_equal,cr2 cluster_ruv,1,2,triangular,manual,,.0075,.0074999998,.0135,.0135,100,25106,2061,874,40,22,62,3.318399695384439,5.1656203,14.86801,.72826689,-23.975143,34.306385,44.05810833023519,38.948002,.1326286445265913,-.61556798,.88082528,.8403214368143909,.97192824,.21495344,20.444647,,,,0,1,.8323050226484026
H04,hh_share_secondary_age14_2017,Members with secondary education or higher,human_capital,primary,primary_2017_household,4,common_h_household_equal,fuzzy_late,rdrobust,selected_bc_primary_household,household_equal,cr2 cluster_ruv,1,2,triangular,manual,,.0075,.0074999998,.0135,.0135,100,25106,2061,874,40,22,62,-15.30086717105154,-15.264509,28.038765,.5861612,-70.219475,39.69046,51.32442668029719,40.124405,-.3804295396329196,-1.7500441,.98918498,.6113677751694008,.64971405,.39529854,2.7014325,,,,0,1,.9451338052749634
H04,hh_share_secondary_age14_2017,Members with secondary education or higher,human_capital,primary,primary_2017_household,4,common_h_reduced_form,reduced_form,rdrobust,selected_bc_primary_household,ccpp_equal,cr2 cluster_ruv,1,2,triangular,manual,,.0075,.0074999998,.0135,.0135,100,25106,2061,874,40,22,62,2.788522399949889,4.7775054,12.294266,.69757485,-19.318813,28.873823,44.05810833023519,38.948002,.122663693871367,-.49601552,.7413429,,,,,,,,0,1,.7972284044538225
H04,hh_share_secondary_age14_2017,Members with secondary education or higher,human_capital,primary,primary_2017_household,4,common_h_uniform,fuzzy_late,rdrobust,selected_bc_primary_household,ccpp_equal,cr2 cluster_ruv,1,2,uniform,manual,,.0075,.0074999998,.0135,.0135,100,25106,2061,874,40,22,62,-1.011159742341357,-1.9754205,11.651846,.86537415,-24.812618,20.861778,44.05810833023519,38.948002,-.0507194324627529,-.63707042,.53563154,.880532559074949,1.0256553,.23079403,19.74939,,,,0,1,.8653741478919983
H04,hh_share_secondary_age14_2017,Members with secondary education or higher,human_capital,primary,primary_2017_household,4,donut_005,fuzzy_late,rdrobust,selected_bc_primary_household,ccpp_equal,cr2 cluster_ruv,1,2,triangular,manual,.00005,.0075,.0074999998,.0135,.0135,100,25106,2061,874,40,22,62,3.318399695384439,5.1656203,14.86801,.72826689,-23.975143,34.306385,44.05810833023519,38.948002,.1326286445265913,-.61556798,.88082528,.8403214368143909,.97192824,.21495344,20.444647,,,,0,1,.8323050226484026
H04,hh_share_secondary_age14_2017,Members with secondary education or higher,human_capital,primary,primary_2017_household,4,donut_025,fuzzy_late,rdrobust,selected_bc_primary_household,ccpp_equal,cr2 cluster_ruv,1,2,triangular,manual,.00025,.0075,.0074999998,.0135,.0135,100,25097,2061,865,40,21,61,-2.610083510341344,-.62770396,16.438227,.9695397,-32.846035,31.590628,44.05810833023519,38.948002,-.0161164617273193,-.84333044,.81109756,.8012585868890713,.9443391,.27463672,11.823301,,,,0,1,.9695397019386292
H04,hh_share_secondary_age14_2017,Members with secondary education or higher,human_capital,primary,primary_2017_household,4,fixed_h_005,fuzzy_late,rdrobust,selected_bc_primary_household,ccpp_equal,cr2 cluster_ruv,1,2,triangular,manual,.005,.005,.0049999999,.0089999996,.0089999996,100,25106,1636,656,27,16,43,7.067137451860951,9.5430222,20.366869,.63938689,-30.375305,49.461349,43.82373071263885,38.971382,.2448725556352923,-.77942592,1.269171,.7924937026862171,.84887397,.2342907,13.127327,,,,0,1,.7307278769356863
H04,hh_share_secondary_age14_2017,Members with secondary education or higher,human_capital,primary,primary_2017_household,4,fixed_h_010,fuzzy_late,rdrobust,selected_bc_primary_household,ccpp_equal,cr2 cluster_ruv,1,2,triangular,manual,.01,.01,.0099999998,.017999999,.017999999,100,25106,2717,4297,56,32,88,-2.955415254474108,-3.9769378,14.512083,.78405142,-32.420097,24.466223,42.62148100983961,39.564133,-.1005187695801542,-.81943154,.61839402,.6517186210290928,.74450904,.19902582,13.993329,,,,0,1,.8960587637765066
H04,hh_share_secondary_age14_2017,Members with secondary education or higher,human_capital,primary,primary_2017_household,4,outcome_cerrd_fuzzy,fuzzy_late,rdrobust,selected_bc_primary_household,ccpp_equal,cr2 cluster_ruv,1,2,triangular,cerrd,,.0106393274971995,.010639328,.022164758,.022164758,100,25106,2729,4298,58,33,91,-4.285360374024767,-6.244535,14.553845,.66787648,-34.76955,22.280479,42.83075671355346,39.489925,-.1581298172892641,-.88046628,.56420666,.6091118438504076,.6478098,.19585031,10.940735,,,,0,1,.8978187243143717
H04,hh_share_secondary_age14_2017,Members with secondary education or higher,human_capital,primary,primary_2017_household,4,outcome_mserd_fuzzy,fuzzy_late,rdrobust,selected_bc_primary_household,ccpp_equal,cr2 cluster_ruv,1,2,triangular,mserd,,.0143679198911209,.01436792,.022164758,.022164758,100,25106,4561,5771,71,40,111,-7.269599458598723,-10.490228,17.392439,.54640973,-44.578781,23.598326,42.91657179065505,39.584816,-.2650063612123446,-1.1261586,.59614593,.4908149493237138,.54744256,.1921583,8.1163139,,,,0,1,.9411458015441895
H04,hh_share_secondary_age14_2017,Members with secondary education or higher,human_capital,primary,primary_2017_household,4,outcome_mserd_p2,fuzzy_late,rdrobust,selected_bc_primary_household,ccpp_equal,cr2 cluster_ruv,2,3,triangular,mserd,,.0183815252582191,.018381525,.027642364,.027642364,100,25106,5940,6802,101,57,158,-6.696186483300851,-5.6549845,15.423751,.71388656,-35.884979,24.575012,44.34027510074457,39.202995,-.1442487889219602,-.91536325,.62686568,.6559560100217974,.73729581,.21007045,12.318379,,,,0,1,.9518487453460693
H04,hh_share_secondary_age14_2017,Members with secondary education or higher,human_capital,primary,primary_2017_household,4,parametric_common_h,parametric_late,ivreg2,selected_bc_primary_household,ccpp_equal,cr1 cluster_ruv,1,2,triangular,manual,.0075,.0075,.0074999998,.0135,.0135,100,2935,2061,874,40,22,62,3.318399695384439,3.3183997,11.892612,.78022152,-19.991117,26.627918,43.74432148195146,38.857189,.0853998865907305,-.51447666,.68527645,,,,21.044512,.7792252921873681,.80936188,.0034939009,0,1,.8916817392621721
H04,hh_share_secondary_age14_2017,Members with secondary education or higher,human_capital,primary,primary_2017_household,4,parametric_covariates,parametric_late,ivreg2,selected_bc_primary_household,ccpp_equal,cr1 cluster_ruv,1,2,triangular,manual,.0075,.0075,.0074999998,.0135,.0135,100,2811,1937,874,38,22,60,1.41620996654633,1.4162099,9.8109074,.88522363,-17.813168,20.645588,44.12070072476869,38.968693,.0363422480368008,-.45711485,.52979934,,,,34.426277,.8863720691188544,.90318066,.00086831843,0,1,.9828026294708252
H04,hh_share_secondary_age14_2017,Members with secondary education or higher,human_capital,primary,primary_2017_household,4,parametric_district,parametric_late,ivreg2,selected_bc_primary_household,ccpp_equal,cr1 cluster_dist,1,2,triangular,manual,.0075,.0075,.0074999998,.0135,.0135,100,2935,2061,874,40,22,44,3.318399695384439,3.3183997,12.262527,.78668869,-20.716152,27.352951,43.74432148195146,38.857189,.0853998865907305,-.53313559,.70393538,,,,19.338871,.787146257062586,,.0049499795,0,1,.8988168239593506
H04,hh_share_secondary_age14_2017,Members with secondary education or higher,human_capital,primary,primary_2017_household,4,parametric_household_equal,parametric_late,ivreg2,selected_bc_primary_household,household_equal,cr1 cluster_ruv,1,2,triangular,manual,.0075,.0075,.0074999998,.0135,.0135,100,2935,2061,874,40,22,62,-15.30086717105141,-15.300867,18.093954,.39775681,-50.765018,20.163284,53.87612025292977,40.268124,-.3799746780008479,-1.2606751,.50072569,,,,3.8618183,.4419487676439726,,.041469965,0,1,.7467295646667481
H05,hh_share_employed_age14_2017,Employed household members,labor,primary,primary_2017_household,5,common_h_covariates,fuzzy_late,rdrobust,selected_bc_primary_household,ccpp_equal,cr2 cluster_ruv,1,2,triangular,manual,,.0075,.0074999998,.0135,.0135,100,24393,1937,874,38,22,60,-18.22415927056983,-17.445627,8.5044184,.040231861,-34.113979,-.77727336,46.60580030843328,37.565552,-.4644049061741233,-.90811867,-.020691121,.9515709141472558,1.109238,.17493989,40.204235,,,,0,.2816230282187462,.1609274446964264
H05,hh_share_employed_age14_2017,Employed household members,labor,primary,primary_2017_household,5,common_h_cr1_ccpp,fuzzy_late,rdrobust,selected_bc_primary_household,ccpp_equal,cr1 cluster_ruv,1,2,triangular,manual,,.0075,.0074999998,.0135,.0135,100,25106,2061,874,40,22,62,-12.39995390639033,-11.699509,9.0006666,.19365269,-29.340492,5.941474,45.97403971532481,37.347439,-.313261349416478,-.78560925,.15908653,.8403214368143909,.97192824,.20679396,22.089846,,,,0,1,.5164071718851725
H05,hh_share_employed_age14_2017,Employed household members,labor,primary,primary_2017_household,5,common_h_cr2_district,fuzzy_late,rdrobust,selected_bc_primary_household,ccpp_equal,cr2 cluster_dist,1,2,triangular,manual,,.0075,.0074999998,.0135,.0135,100,25106,2061,874,40,22,44,-12.39995390639033,-11.699509,10.061802,.24492496,-31.420279,8.0212612,45.97403971532481,37.347439,-.313261349416478,-.84129673,.21477406,.8403214368143909,.97192824,.21644822,20.163242,,,,0,1,.6531332333882649
H05,hh_share_employed_age14_2017,Employed household members,labor,primary,primary_2017_household,5,common_h_cr2_score,fuzzy_late,rdrobust,selected_bc_primary_household,ccpp_equal,cr2 cluster_score,1,2,triangular,manual,,.0075,.0074999998,.0135,.0135,100,25106,2061,874,40,22,47,-12.39995390639033,-11.699509,9.7177029,.22861366,-30.745855,7.3468385,45.97403971532481,37.347439,-.313261349416478,-.82323867,.196716,.8403214368143909,.97192824,.22767435,18.223854,,,,0,1,.598745584487915
H05,hh_share_employed_age14_2017,Employed household members,labor,primary,primary_2017_household,5,common_h_cr3_ccpp,fuzzy_late,rdrobust,selected_bc_primary_household,ccpp_equal,cr3 cluster_ruv,1,2,triangular,manual,,.0075,.0074999998,.0135,.0135,100,25106,2061,874,40,22,62,-12.39995390639033,-11.699509,9.8829918,.23649131,-31.069817,7.6707988,45.97403971532481,37.347439,-.313261349416478,-.83191293,.20539023,.8403214368143909,.97192824,.22631952,18.442696,,,,0,1,.6306434869766235
H05,hh_share_employed_age14_2017,Employed household members,labor,primary,primary_2017_household,5,common_h_epanechnikov,fuzzy_late,rdrobust,selected_bc_primary_household,ccpp_equal,cr2 cluster_ruv,1,2,epanechnikov,manual,,.0075,.0074999998,.0135,.0135,100,25106,2061,874,40,22,62,-11.82971230139972,-11.403264,9.3614912,.22318467,-29.75145,6.944921,45.97403971532481,37.347439,-.3053292186663826,-.79661286,.18595442,.8507789462585813,.99994886,.2222245,20.247513,,,,0,1,.5951591332753499
H05,hh_share_employed_age14_2017,Employed household members,labor,primary,primary_2017_household,5,common_h_fuzzy,fuzzy_late,rdrobust,selected_bc_primary_household,ccpp_equal,cr2 cluster_ruv,1,2,triangular,manual,,.0075,.0074999998,.0135,.0135,100,25106,2061,874,40,22,62,-12.39995390639033,-11.699509,9.3772221,.21215856,-30.078526,6.6795082,45.97403971532481,37.347439,-.313261349416478,-.80537051,.17884783,.8403214368143909,.97192824,.21495344,20.444647,,,,0,1,.5657561620076497
H05,hh_share_employed_age14_2017,Employed household members,labor,primary,primary_2017_household,5,common_h_household_equal,fuzzy_late,rdrobust,selected_bc_primary_household,household_equal,cr2 cluster_ruv,1,2,triangular,manual,,.0075,.0074999998,.0135,.0135,100,25106,2061,874,40,22,62,-7.503803855480539,-5.8687482,12.922741,.64972723,-31.196856,19.459358,46.73592363425912,37.785202,-.1553187057715859,-.82563686,.51499945,.6113677751694008,.64971405,.39529854,2.7014325,,,,0,1,.9451338052749634
H05,hh_share_employed_age14_2017,Employed household members,labor,primary,primary_2017_household,5,common_h_reduced_form,reduced_form,rdrobust,selected_bc_primary_household,ccpp_equal,cr2 cluster_ruv,1,2,triangular,manual,,.0075,.0074999998,.0135,.0135,100,25106,2061,874,40,22,62,-10.41994708305014,-11.463266,8.5387249,.17943288,-28.19886,5.2723279,45.97403971532481,37.347439,-.3069358146840242,-.75504136,.14116974,,,,,,,,0,1,.4754078984260559
H05,hh_share_employed_age14_2017,Employed household members,labor,primary,primary_2017_household,5,common_h_uniform,fuzzy_late,rdrobust,selected_bc_primary_household,ccpp_equal,cr2 cluster_ruv,1,2,uniform,manual,,.0075,.0074999998,.0135,.0135,100,25106,2061,874,40,22,62,-13.44544197920464,-12.372517,9.7486429,.20438658,-31.479506,6.7344713,45.97403971532481,37.347439,-.3312815434026749,-.84288257,.1803195,.880532559074949,1.0256553,.23079403,19.74939,,,,0,1,.5450308720270792
H05,hh_share_employed_age14_2017,Employed household members,labor,primary,primary_2017_household,5,donut_005,fuzzy_late,rdrobust,selected_bc_primary_household,ccpp_equal,cr2 cluster_ruv,1,2,triangular,manual,.00005,.0075,.0074999998,.0135,.0135,100,25106,2061,874,40,22,62,-12.39995390639033,-11.699509,9.3772221,.21215856,-30.078526,6.6795082,45.97403971532481,37.347439,-.313261349416478,-.80537051,.17884783,.8403214368143909,.97192824,.21495344,20.444647,,,,0,1,.5657561620076497
H05,hh_share_employed_age14_2017,Employed household members,labor,primary,primary_2017_household,5,donut_025,fuzzy_late,rdrobust,selected_bc_primary_household,ccpp_equal,cr2 cluster_ruv,1,2,triangular,manual,.00025,.0075,.0074999998,.0135,.0135,100,25097,2061,865,40,21,61,-10.75533929321145,-10.360869,11.705541,.37608907,-33.303307,12.581568,45.97403971532481,37.347439,-.2774184940709504,-.891716,.33687901,.8012585868890713,.9443391,.27463672,11.823301,,,,0,1,.8262278011866978
H05,hh_share_employed_age14_2017,Employed household members,labor,primary,primary_2017_household,5,fixed_h_005,fuzzy_late,rdrobust,selected_bc_primary_household,ccpp_equal,cr2 cluster_ruv,1,2,triangular,manual,.005,.005,.0049999999,.0089999996,.0089999996,100,25106,1636,656,27,16,43,-14.58779319695206,-13.350924,11.654564,.25198001,-36.193451,9.491601,45.74976470425164,36.983616,-.3609956563726901,-.97863472,.25664341,.7924937026862171,.84887397,.2342907,13.127327,,,,0,1,.6251408576965333
H05,hh_share_employed_age14_2017,Employed household members,labor,primary,primary_2017_household,5,fixed_h_010,fuzzy_late,rdrobust,selected_bc_primary_household,ccpp_equal,cr2 cluster_ruv,1,2,triangular,manual,.01,.01,.0099999998,.017999999,.017999999,100,25106,2717,4297,56,32,88,-15.51853260287922,-15.398896,10.895124,.15754549,-36.752949,5.9551549,46.03766820122869,38.005222,-.4051784383403972,-.96704996,.15669307,.6517186210290928,.74450904,.19902582,13.993329,,,,0,1,.5653932491938273
H05,hh_share_employed_age14_2017,Employed household members,labor,primary,primary_2017_household,5,outcome_cerrd_fuzzy,fuzzy_late,rdrobust,selected_bc_primary_household,ccpp_equal,cr2 cluster_ruv,1,2,triangular,cerrd,,.006153838068557,.0061538382,.015235854,.015235854,100,25106,1937,697,35,17,52,-14.15464789575454,-13.074924,10.359402,.20690158,-33.378979,7.2291303,46.11141357815785,37.157021,-.3518830029145228,-.89832222,.19455624,.7877970141011663,.83731997,.2253821,13.802063,,,,0,1,.6469582319259644
H05,hh_share_employed_age14_2017,Employed household members,labor,primary,primary_2017_household,5,outcome_mserd_fuzzy,fuzzy_late,rdrobust,selected_bc_primary_household,ccpp_equal,cr2 cluster_ruv,1,2,triangular,mserd,,.0083104737978251,.0083104735,.015235854,.015235854,100,25106,2294,959,48,25,73,-13.60351689310024,-12.450756,9.1829872,.17514679,-30.44908,5.5475674,45.44958434380293,37.848862,-.3289598446215557,-.80449128,.14657158,.8145532427813643,.94606203,.20597389,21.096718,,,,0,1,.7005871534347534
H05,hh_share_employed_age14_2017,Employed household members,labor,primary,primary_2017_household,5,outcome_mserd_p2,fuzzy_late,rdrobust,selected_bc_primary_household,ccpp_equal,cr2 cluster_ruv,2,3,triangular,mserd,,.0162995189879029,.01629952,.0246088,.0246088,100,25106,5094,6491,87,49,136,-14.1911062292414,-13.68553,10.110126,.17584939,-33.501011,6.1299524,43.42543802963734,37.793797,-.3621104909984968,-.88641566,.16219468,.7555595742692801,.85320878,.21226189,16.157219,,,,0,1,.7033975720405579
H05,hh_share_employed_age14_2017,Employed household members,labor,primary,primary_2017_household,5,parametric_common_h,parametric_late,ivreg2,selected_bc_primary_household,ccpp_equal,cr1 cluster_ruv,1,2,triangular,manual,.0075,.0075,.0074999998,.0135,.0135,100,2935,2061,874,40,22,62,-12.39995390639033,-12.399954,7.781548,.11104643,-27.651789,2.8518803,45.55706046024511,36.879333,-.3362304392448142,-.74979091,.077330045,,,,21.044512,.1484190242718299,.12582517,.0034939009,0,.6662785559892654,.2961238026618958
H05,hh_share_employed_age14_2017,Employed household members,labor,primary,primary_2017_household,5,parametric_covariates,parametric_late,ivreg2,selected_bc_primary_household,ccpp_equal,cr1 cluster_ruv,1,2,triangular,manual,.0075,.0075,.0074999998,.0135,.0135,100,2811,1937,874,38,22,60,-18.22415927056975,-18.224159,7.1003709,.010268652,-32.140884,-4.3074322,46.33412906061709,37.129757,-.4908235714611386,-.86563689,-.11601025,,,,34.426277,.0072936908329166,.0210042,.00086831843,0,.0718805631622672,.0410746075212955
H05,hh_share_employed_age14_2017,Employed household members,labor,primary,primary_2017_household,5,parametric_district,parametric_late,ivreg2,selected_bc_primary_household,ccpp_equal,cr1 cluster_dist,1,2,triangular,manual,.0075,.0075,.0074999998,.0135,.0135,100,2935,2061,874,40,22,44,-12.39995390639033,-12.399954,8.9268866,.16481543,-29.896652,5.0967436,45.55706046024511,36.879333,-.3362304392448142,-.81066144,.13820054,,,,19.338871,.2137168303068638,,.0049499795,0,.9888925552368164,.4395078023274739
H05,hh_share_employed_age14_2017,Employed household members,labor,primary,primary_2017_household,5,parametric_household_equal,parametric_late,ivreg2,selected_bc_primary_household,household_equal,cr1 cluster_ruv,1,2,triangular,manual,.0075,.0075,.0074999998,.0135,.0135,100,2935,2061,874,40,22,62,-7.50380385548022,-7.5038037,10.309561,.46670598,-27.710543,12.702934,46.48347591877717,37.820858,-.1984038472966448,-.73267883,.33587113,,,,3.8618183,.5307339647190448,,.041469965,0,1,.7467295646667481
H06,hh_share_insured_2017,Members with health insurance,health,primary,primary_2017_household,6,common_h_covariates,fuzzy_late,rdrobust,selected_bc_primary_household,ccpp_equal,cr2 cluster_ruv,1,2,triangular,manual,,.0075,.0074999998,.0135,.0135,100,24393,1937,874,38,22,60,.0843384860410716,-.09609545,5.2318759,.98534584,-10.350384,10.158194,86.72852692767897,29.190241,-.0032920405012008,-.35458371,.34799963,.9515709141472558,1.109238,.17493989,40.204235,,,,0,1,.9969253540039063
H06,hh_share_insured_2017,Members with health insurance,health,primary,primary_2017_household,6,common_h_cr1_ccpp,fuzzy_late,rdrobust,selected_bc_primary_household,ccpp_equal,cr1 cluster_ruv,1,2,triangular,manual,,.0075,.0074999998,.0135,.0135,100,25106,2061,874,40,22,62,-.8056213944882972,-1.1118025,6.9085131,.87214679,-14.652239,12.428634,87.05094426068615,28.846197,-.038542429883719,-.50794351,.43085867,.8403214368143909,.97192824,.20679396,22.089846,,,,0,1,.8721467852592468
H06,hh_share_insured_2017,Members with health insurance,health,primary,primary_2017_household,6,common_h_cr2_district,fuzzy_late,rdrobust,selected_bc_primary_household,ccpp_equal,cr2 cluster_dist,1,2,triangular,manual,,.0075,.0074999998,.0135,.0135,100,25106,2061,874,40,22,44,-.8056213944882972,-1.1118025,7.524919,.88254052,-15.860373,13.636768,87.05094426068615,28.846197,-.038542429883719,-.54982543,.47274059,.8403214368143909,.97192824,.21644822,20.163242,,,,0,1,.8825405240058899
H06,hh_share_insured_2017,Members with health insurance,health,primary,primary_2017_household,6,common_h_cr2_score,fuzzy_late,rdrobust,selected_bc_primary_household,ccpp_equal,cr2 cluster_score,1,2,triangular,manual,,.0075,.0074999998,.0135,.0135,100,25106,2061,874,40,22,47,-.8056213944882972,-1.1118025,7.2697282,.87844878,-15.360208,13.136602,87.05094426068615,28.846197,-.038542429883719,-.53248644,.45540154,.8403214368143909,.97192824,.22767435,18.223854,,,,0,1,.8784487843513489
H06,hh_share_insured_2017,Members with health insurance,health,primary,primary_2017_household,6,common_h_cr3_ccpp,fuzzy_late,rdrobust,selected_bc_primary_household,ccpp_equal,cr3 cluster_ruv,1,2,triangular,manual,,.0075,.0074999998,.0135,.0135,100,25106,2061,874,40,22,62,-.8056213944882972,-1.1118025,7.795825,.88659418,-16.391338,14.167734,87.05094426068615,28.846197,-.038542429883719,-.56823224,.4911474,.8403214368143909,.97192824,.22631952,18.442696,,,,0,1,.8865941762924194
H06,hh_share_insured_2017,Members with health insurance,health,primary,primary_2017_household,6,common_h_epanechnikov,fuzzy_late,rdrobust,selected_bc_primary_household,ccpp_equal,cr2 cluster_ruv,1,2,epanechnikov,manual,,.0075,.0074999998,.0135,.0135,100,25106,2061,874,40,22,62,-1.171992513873818,-1.5456531,7.0427265,.82628548,-15.349143,12.257837,87.05094426068615,28.846197,-.0535825596883023,-.53210282,.42493773,.8507789462585813,.99994886,.2222245,20.247513,,,,0,1,.8262854814529419
H06,hh_share_insured_2017,Members with health insurance,health,primary,primary_2017_household,6,common_h_fuzzy,fuzzy_late,rdrobust,selected_bc_primary_household,ccpp_equal,cr2 cluster_ruv,1,2,triangular,manual,,.0075,.0074999998,.0135,.0135,100,25106,2061,874,40,22,62,-.8056213944882972,-1.1118025,7.2905097,.87879258,-15.400939,13.177334,87.05094426068615,28.846197,-.038542429883719,-.53389841,.45681357,.8403214368143909,.97192824,.21495344,20.444647,,,,0,1,.8787925839424133
H06,hh_share_insured_2017,Members with health insurance,health,primary,primary_2017_household,6,common_h_household_equal,fuzzy_late,rdrobust,selected_bc_primary_household,household_equal,cr2 cluster_ruv,1,2,triangular,manual,,.0075,.0074999998,.0135,.0135,100,25106,2061,874,40,22,62,12.33567297819047,16.544422,24.950525,.5072735,-32.357708,65.446548,83.94407103907304,31.621641,.5231993297387969,-1.0232773,2.0696759,.6113677751694008,.64971405,.39529854,2.7014325,,,,0,1,.9451338052749634
H06,hh_share_insured_2017,Members with health insurance,health,primary,primary_2017_household,6,common_h_reduced_form,reduced_form,rdrobust,selected_bc_primary_household,ccpp_equal,cr2 cluster_ruv,1,2,triangular,manual,,.0075,.0074999998,.0135,.0135,100,25106,2061,874,40,22,62,-.6769809277448191,-1.0402968,6.0298891,.86302608,-12.858662,10.778069,87.05094426068615,28.846197,-.0360635666566152,-.44576627,.37363914,,,,,,,,0,1,.8630260825157166
H06,hh_share_insured_2017,Members with health insurance,health,primary,primary_2017_household,6,common_h_uniform,fuzzy_late,rdrobust,selected_bc_primary_household,ccpp_equal,cr2 cluster_ruv,1,2,uniform,manual,,.0075,.0074999998,.0135,.0135,100,25106,2061,874,40,22,62,-.942396760874138,-1.0711429,6.2611852,.86416346,-13.34284,11.200555,87.05094426068615,28.846197,-.0371329009822748,-.46255112,.38828531,.880532559074949,1.0256553,.23079403,19.74939,,,,0,1,.8653741478919983
H06,hh_share_insured_2017,Members with health insurance,health,primary,primary_2017_household,6,donut_005,fuzzy_late,rdrobust,selected_bc_primary_household,ccpp_equal,cr2 cluster_ruv,1,2,triangular,manual,.00005,.0075,.0074999998,.0135,.0135,100,25106,2061,874,40,22,62,-.8056213944882972,-1.1118025,7.2905097,.87879258,-15.400939,13.177334,87.05094426068615,28.846197,-.038542429883719,-.53389841,.45681357,.8403214368143909,.97192824,.21495344,20.444647,,,,0,1,.8787925839424133
H06,hh_share_insured_2017,Members with health insurance,health,primary,primary_2017_household,6,donut_025,fuzzy_late,rdrobust,selected_bc_primary_household,ccpp_equal,cr2 cluster_ruv,1,2,triangular,manual,.00025,.0075,.0074999998,.0135,.0135,100,25097,2061,865,40,21,61,-2.982335810430976,-3.5186195,9.9250298,.72294933,-22.971319,15.93408,87.05094426068615,28.846197,-.1219786310160225,-.7963379,.55238062,.8012585868890713,.9443391,.27463672,11.823301,,,,0,1,.8262278011866978
H06,hh_share_insured_2017,Members with health insurance,health,primary,primary_2017_household,6,fixed_h_005,fuzzy_late,rdrobust,selected_bc_primary_household,ccpp_equal,cr2 cluster_ruv,1,2,triangular,manual,.005,.005,.0049999999,.0089999996,.0089999996,100,25106,1636,656,27,16,43,.2020819073931978,-.18656787,9.1169519,.98367333,-18.055466,17.682329,86.83272874470059,28.859812,-.0064646252066269,-.62562656,.6126973,.7924937026862171,.84887397,.2342907,13.127327,,,,0,1,.9836733341217041
H06,hh_share_insured_2017,Members with health insurance,health,primary,primary_2017_household,6,fixed_h_010,fuzzy_late,rdrobust,selected_bc_primary_household,ccpp_equal,cr2 cluster_ruv,1,2,triangular,manual,.01,.01,.0099999998,.017999999,.017999999,100,25106,2717,4297,56,32,88,.9257145150372258,.74278325,7.6381617,.92253077,-14.227739,15.713305,86.7819475023982,29.257586,.0253877133638906,-.4862923,.53706771,.6517186210290928,.74450904,.19902582,13.993329,,,,0,1,.9225307703018188
H06,hh_share_insured_2017,Members with health insurance,health,primary,primary_2017_household,6,outcome_cerrd_fuzzy,fuzzy_late,rdrobust,selected_bc_primary_household,ccpp_equal,cr2 cluster_ruv,1,2,triangular,cerrd,,.0073603984521135,.0073603983,.016968185,.016968185,100,25106,2061,804,40,20,60,-.7417104190372477,-.85746014,6.7514224,.89893693,-14.090005,12.375085,87.05094426068615,28.846197,-.0297252399444644,-.48845279,.42900231,.8359285610038726,.89101005,.21156301,17.737226,,,,0,1,.898936927318573
H06,hh_share_insured_2017,Members with health insurance,health,primary,primary_2017_household,6,outcome_mserd_fuzzy,fuzzy_late,rdrobust,selected_bc_primary_household,ccpp_equal,cr2 cluster_ruv,1,2,triangular,mserd,,.0099398778122521,.0099398782,.016968185,.016968185,100,25106,2717,4297,56,32,88,.9345974104963086,.48079962,7.6760869,.95005631,-14.564054,15.525654,86.7819475023982,29.257586,.0164333318828793,-.4977873,.53065395,.6561538402182799,.77253723,.19996184,14.92604,,,,0,1,.9500563144683838
H06,hh_share_insured_2017,Members with health insurance,health,primary,primary_2017_household,6,outcome_mserd_p2,fuzzy_late,rdrobust,selected_bc_primary_household,ccpp_equal,cr2 cluster_ruv,2,3,triangular,mserd,,.0158829876970125,.015882988,.0243087,.0243087,100,25106,4986,6413,81,46,127,-.0837438133383452,-.61097503,7.0848646,.93127829,-14.497054,13.275105,87.89556308925538,27.534069,-.0221897829737585,-.52651334,.48213375,.7865586624175488,.88017768,.21288264,17.09465,,,,0,1,.9761167764663696
H06,hh_share_insured_2017,Members with health insurance,health,primary,primary_2017_household,6,parametric_common_h,parametric_late,ivreg2,selected_bc_primary_household,ccpp_equal,cr1 cluster_ruv,1,2,triangular,manual,.0075,.0075,.0074999998,.0135,.0135,100,2935,2061,874,40,22,62,-.8056213944882401,-.80562139,6.0035758,.89325213,-12.57263,10.961387,87.04663675164652,28.629725,-.0281393347808659,-.43914604,.38286737,,,,21.044512,.8928664784050893,.90438086,.0034939009,0,1,.8932521343231201
H06,hh_share_insured_2017,Members with health insurance,health,primary,primary_2017_household,6,parametric_covariates,parametric_late,ivreg2,selected_bc_primary_household,ccpp_equal,cr1 cluster_ruv,1,2,triangular,manual,.0075,.0075,.0074999998,.0135,.0135,100,2811,1937,874,38,22,60,.0843384860406106,.084338486,3.912647,.98280263,-7.5844498,7.7531266,86.72110247460873,28.990107,.0029092160709558,-.26162198,.26744044,,,,34.426277,.9830473276615701,.98479694,.00086831843,0,1,.9828026294708252
H06,hh_share_insured_2017,Members with health insurance,health,primary,primary_2017_household,6,parametric_district,parametric_late,ivreg2,selected_bc_primary_household,ccpp_equal,cr1 cluster_dist,1,2,triangular,manual,.0075,.0075,.0074999998,.0135,.0135,100,2935,2061,874,40,22,44,-.8056213944882401,-.80562139,6.3356867,.89881682,-13.223568,11.612325,87.04663675164652,28.629725,-.0281393347808659,-.46188247,.4056038,,,,19.338871,.8987561119692228,,.0049499795,0,1,.8988168239593506
H06,hh_share_insured_2017,Members with health insurance,health,primary,primary_2017_household,6,parametric_household_equal,parametric_late,ivreg2,selected_bc_primary_household,household_equal,cr1 cluster_ruv,1,2,triangular,manual,.0075,.0075,.0074999998,.0135,.0135,100,2935,2061,874,40,22,62,12.3356729781909,12.335673,14.918751,.40831813,-16.905077,41.576424,81.6956494372419,33.471169,.3685462121324246,-.50506383,1.2421563,,,,3.8618183,.4208439311961206,,.041469965,0,1,.7467295646667481
H07,hh_share_disability_2017,Members reporting disability,health,primary,primary_2017_household,7,common_h_covariates,fuzzy_late,rdrobust,selected_bc_primary_household,ccpp_equal,cr2 cluster_ruv,1,2,triangular,manual,,.0075,.0074999998,.0135,.0135,100,24393,1937,874,38,22,60,-1.486676912960485,-1.4285758,5.5510674,.79690742,-12.308468,9.4513159,19.03735891235497,34.203213,-.0417672967967189,-.35986292,.27632833,.9515709141472558,1.109238,.17493989,40.204235,,,,0,1,.9969253540039063
H07,hh_share_disability_2017,Members reporting disability,health,primary,primary_2017_household,7,common_h_cr1_ccpp,fuzzy_late,rdrobust,selected_bc_primary_household,ccpp_equal,cr1 cluster_ruv,1,2,triangular,manual,,.0075,.0074999998,.0135,.0135,100,25106,2061,874,40,22,62,-7.02740443578031,-6.9456706,8.6778498,.42348441,-23.953943,10.062601,19.38864032021688,34.264889,-.2027051915354394,-.6990813,.29367092,.8403214368143909,.97192824,.20679396,22.089846,,,,0,1,.6775750637054444
H07,hh_share_disability_2017,Members reporting disability,health,primary,primary_2017_household,7,common_h_cr2_district,fuzzy_late,rdrobust,selected_bc_primary_household,ccpp_equal,cr2 cluster_dist,1,2,triangular,manual,,.0075,.0074999998,.0135,.0135,100,25106,2061,874,40,22,44,-7.02740443578031,-6.9456706,9.2994785,.45513102,-25.172314,11.280972,19.38864032021688,34.264889,-.2027051915354394,-.73463869,.32922831,.8403214368143909,.97192824,.21644822,20.163242,,,,0,1,.7282096385955811
H07,hh_share_disability_2017,Members reporting disability,health,primary,primary_2017_household,7,common_h_cr2_score,fuzzy_late,rdrobust,selected_bc_primary_household,ccpp_equal,cr2 cluster_score,1,2,triangular,manual,,.0075,.0074999998,.0135,.0135,100,25106,2061,874,40,22,47,-7.02740443578031,-6.9456706,9.0993986,.44527796,-24.780165,10.888823,19.38864032021688,34.264889,-.2027051915354394,-.72319406,.31778368,.8403214368143909,.97192824,.22767435,18.223854,,,,0,1,.7124447345733643
H07,hh_share_disability_2017,Members reporting disability,health,primary,primary_2017_household,7,common_h_cr3_ccpp,fuzzy_late,rdrobust,selected_bc_primary_household,ccpp_equal,cr3 cluster_ruv,1,2,triangular,manual,,.0075,.0074999998,.0135,.0135,100,25106,2061,874,40,22,62,-7.02740443578031,-6.9456706,9.4324923,.46151417,-25.433016,11.541675,19.38864032021688,34.264889,-.2027051915354394,-.74224716,.33683679,.8403214368143909,.97192824,.22631952,18.442696,,,,0,1,.7384226799011231
H07,hh_share_disability_2017,Members reporting disability,health,primary,primary_2017_household,7,common_h_epanechnikov,fuzzy_late,rdrobust,selected_bc_primary_household,ccpp_equal,cr2 cluster_ruv,1,2,epanechnikov,manual,,.0075,.0074999998,.0135,.0135,100,25106,2061,874,40,22,62,-6.453283130398877,-6.2239814,8.9794683,.48822498,-23.823416,11.375453,19.38864032021688,34.264889,-.1816431213162134,-.69527191,.33198568,.8507789462585813,.99994886,.2222245,20.247513,,,,0,1,.7811599731445313
H07,hh_share_disability_2017,Members reporting disability,health,primary,primary_2017_household,7,common_h_fuzzy,fuzzy_late,rdrobust,selected_bc_primary_household,ccpp_equal,cr2 cluster_ruv,1,2,triangular,manual,,.0075,.0074999998,.0135,.0135,100,25106,2061,874,40,22,62,-7.02740443578031,-6.9456706,8.9982557,.44017911,-24.581928,10.690587,19.38864032021688,34.264889,-.2027051915354394,-.71740866,.31199831,.8403214368143909,.97192824,.21495344,20.444647,,,,0,1,.7042865753173828
H07,hh_share_disability_2017,Members reporting disability,health,primary,primary_2017_household,7,common_h_household_equal,fuzzy_late,rdrobust,selected_bc_primary_household,household_equal,cr2 cluster_ruv,1,2,triangular,manual,,.0075,.0074999998,.0135,.0135,100,25106,2061,874,40,22,62,-.405929203006014,-1.8118929,12.525366,.88498098,-26.361158,22.737371,14.65331215966332,30.06814,-.0602595584817762,-.87671399,.75619483,.6113677751694008,.64971405,.39529854,2.7014325,,,,0,1,.9451338052749634
H07,hh_share_disability_2017,Members reporting disability,health,primary,primary_2017_household,7,common_h_reduced_form,reduced_form,rdrobust,selected_bc_primary_household,ccpp_equal,cr2 cluster_ruv,1,2,triangular,manual,,.0075,.0074999998,.0135,.0135,100,25106,2061,874,40,22,62,-5.905278592550733,-6.7614503,7.1725831,.34584466,-20.819454,7.2965546,19.38864032021688,34.264889,-.1973288268063186,-.60760319,.21294552,,,,,,,,0,1,.5533514499664307
H07,hh_share_disability_2017,Members reporting disability,health,primary,primary_2017_household,7,common_h_uniform,fuzzy_late,rdrobust,selected_bc_primary_household,ccpp_equal,cr2 cluster_ruv,1,2,uniform,manual,,.0075,.0074999998,.0135,.0135,100,25106,2061,874,40,22,62,-4.974036110433621,-4.5334959,8.5517569,.59602559,-21.294632,12.22764,19.38864032021688,34.264889,-.132307331118835,-.62147093,.35685626,.880532559074949,1.0256553,.23079403,19.74939,,,,0,1,.7947007815043131
H07,hh_share_disability_2017,Members reporting disability,health,primary,primary_2017_household,7,donut_005,fuzzy_late,rdrobust,selected_bc_primary_household,ccpp_equal,cr2 cluster_ruv,1,2,triangular,manual,.00005,.0075,.0074999998,.0135,.0135,100,25106,2061,874,40,22,62,-7.02740443578031,-6.9456706,8.9982557,.44017911,-24.581928,10.690587,19.38864032021688,34.264889,-.2027051915354394,-.71740866,.31199831,.8403214368143909,.97192824,.21495344,20.444647,,,,0,1,.7042865753173828
H07,hh_share_disability_2017,Members reporting disability,health,primary,primary_2017_household,7,donut_025,fuzzy_late,rdrobust,selected_bc_primary_household,ccpp_equal,cr2 cluster_ruv,1,2,triangular,manual,.00025,.0075,.0074999998,.0135,.0135,100,25097,2061,865,40,21,61,-5.555571764804636,-5.333591,10.71697,.61871165,-26.338469,15.671286,19.38864032021688,34.264889,-.1556576239132938,-.76867223,.45735696,.8012585868890713,.9443391,.27463672,11.823301,,,,0,1,.8262278011866978
H07,hh_share_disability_2017,Members reporting disability,health,primary,primary_2017_household,7,fixed_h_005,fuzzy_late,rdrobust,selected_bc_primary_household,ccpp_equal,cr2 cluster_ruv,1,2,triangular,manual,.005,.005,.0049999999,.0089999996,.0089999996,100,25106,1636,656,27,16,43,-8.612334984959407,-9.5541964,11.131211,.39071304,-31.37097,12.262576,19.0297875188212,34.432312,-.2774776545030784,-.91109103,.35613576,.7924937026862171,.84887397,.2342907,13.127327,,,,0,1,.6251408576965333
H07,hh_share_disability_2017,Members reporting disability,health,primary,primary_2017_household,7,fixed_h_010,fuzzy_late,rdrobust,selected_bc_primary_household,ccpp_equal,cr2 cluster_ruv,1,2,triangular,manual,.01,.01,.0099999998,.017999999,.017999999,100,25106,2717,4297,56,32,88,-6.621717632513496,-3.521873,10.594353,.73956513,-24.286423,17.242676,19.59057465683414,34.569565,-.101877848303535,-.70253766,.49878195,.6517186210290928,.74450904,.19902582,13.993329,,,,0,1,.8960587637765066
H07,hh_share_disability_2017,Members reporting disability,health,primary,primary_2017_household,7,outcome_cerrd_fuzzy,fuzzy_late,rdrobust,selected_bc_primary_household,ccpp_equal,cr2 cluster_ruv,1,2,triangular,cerrd,,.0092326759750244,.0092326757,.018606802,.018606802,100,25106,2520,4237,51,29,80,-6.266866867939728,-4.0524163,9.6134615,.67336404,-22.894453,14.789621,19.18414125600096,34.332745,-.1180335618867977,-.6668402,.43077305,.7161827776433128,.78360945,.20018715,15.322406,,,,0,1,.8978187243143717
H07,hh_share_disability_2017,Members reporting disability,health,primary,primary_2017_household,7,outcome_mserd_fuzzy,fuzzy_late,rdrobust,selected_bc_primary_household,ccpp_equal,cr2 cluster_ruv,1,2,triangular,mserd,,.0124683020449125,.012468302,.018606802,.018606802,100,25106,3001,5716,62,38,100,-6.11100424842648,-1.6546435,12.356415,.89347398,-25.872772,22.563484,19.14030805938148,34.194885,-.0483886257827804,-.7566269,.6598497,.5417515685806767,.64548612,.19644488,10.796734,,,,0,1,.9500563144683838
H07,hh_share_disability_2017,Members reporting disability,health,primary,primary_2017_household,7,outcome_mserd_p2,fuzzy_late,rdrobust,selected_bc_primary_household,ccpp_equal,cr2 cluster_ruv,2,3,triangular,mserd,,.0187090623712878,.018709062,.026284216,.026284216,100,25106,5940,6900,101,60,161,-3.02428647727133,-.33591923,11.220634,.97611678,-22.327957,21.656118,18.37226279896712,33.623363,-.0099906495578272,-.66406077,.64407951,.6391540576711383,.74947488,.21053544,12.672543,,,,0,1,.9761167764663696
H07,hh_share_disability_2017,Members reporting disability,health,primary,primary_2017_household,7,parametric_common_h,parametric_late,ivreg2,selected_bc_primary_household,ccpp_equal,cr1 cluster_ruv,1,2,triangular,manual,.0075,.0075,.0074999998,.0135,.0135,100,2935,2061,874,40,22,62,-7.027404435780308,-7.0274043,7.6921496,.36093688,-22.104017,8.0492096,19.47018516346184,34.533077,-.2034977866309705,-.64008254,.23308694,,,,21.044512,.3456944284248211,.37447488,.0034939009,0,1,.5774990081787109
H07,hh_share_disability_2017,Members reporting disability,health,primary,primary_2017_household,7,parametric_covariates,parametric_late,ivreg2,selected_bc_primary_household,ccpp_equal,cr1 cluster_ruv,1,2,triangular,manual,.0075,.0075,.0074999998,.0135,.0135,100,2811,1937,874,38,22,60,-1.486676912961245,-1.4866769,4.8605552,.75970691,-11.013365,8.0400114,18.61261303730671,34.198872,-.0434715199332446,-.32203883,.2350958,,,,34.426277,.7639417437229561,.77035409,.00086831843,0,1,.9828026294708252
H07,hh_share_disability_2017,Members reporting disability,health,primary,primary_2017_household,7,parametric_district,parametric_late,ivreg2,selected_bc_primary_household,ccpp_equal,cr1 cluster_dist,1,2,triangular,manual,.0075,.0075,.0074999998,.0135,.0135,100,2935,2061,874,40,22,44,-7.027404435780308,-7.0274043,7.2191653,.33033603,-21.176968,7.1221595,19.47018516346184,34.533077,-.2034977866309705,-.61323726,.20624168,,,,19.338871,.3113474781019706,,.0049499795,0,1,.528537654876709
H07,hh_share_disability_2017,Members reporting disability,health,primary,primary_2017_household,7,parametric_household_equal,parametric_late,ivreg2,selected_bc_primary_household,household_equal,cr1 cluster_ruv,1,2,triangular,manual,.0075,.0075,.0074999998,.0135,.0135,100,2935,2061,874,40,22,62,-.4059292030059468,-.40592921,9.144681,.96459383,-18.329504,17.517647,13.86632220195881,29.141361,-.0139296581662699,-.62898588,.60112655,,,,3.8618183,.9645375132892862,,.041469965,0,1,.9645938277244568
H08,hh_wellbeing_core_2017,Core household wellbeing proxy,wellbeing,primary,primary_2017_household,8,common_h_covariates,fuzzy_late,rdrobust,selected_bc_primary_household,ccpp_equal,cr2 cluster_ruv,1,2,triangular,manual,,.0075,.0074999998,.0135,.0135,100,24393,1937,874,38,22,60,3.600367619168829,4.6209989,6.6342912,.48609543,-8.3819723,17.62397,55.49872538925926,20.770464,.2224793422786633,-.4035525,.84851122,.9515709141472558,1.109238,.17493989,40.204235,,,,0,1,.9721908569335938
H08,hh_wellbeing_core_2017,Core household wellbeing proxy,wellbeing,primary,primary_2017_household,8,common_h_cr1_ccpp,fuzzy_late,rdrobust,selected_bc_primary_household,ccpp_equal,cr1 cluster_ruv,1,2,triangular,manual,,.0075,.0074999998,.0135,.0135,100,25106,2061,874,40,22,62,8.453659687067899,9.2978382,9.7793789,.34172642,-9.8693914,28.465067,55.17221361030303,20.682671,.4495472858583637,-.4771817,1.3762763,.8403214368143909,.97192824,.20679396,22.089846,,,,0,1,.6775750637054444
H08,hh_wellbeing_core_2017,Core household wellbeing proxy,wellbeing,primary,primary_2017_household,8,common_h_cr2_district,fuzzy_late,rdrobust,selected_bc_primary_household,ccpp_equal,cr2 cluster_dist,1,2,triangular,manual,,.0075,.0074999998,.0135,.0135,100,25106,2061,874,40,22,44,8.453659687067899,9.2978382,9.9543247,.35027805,-10.21228,28.807957,55.17221361030303,20.682671,.4495472858583637,-.49376023,1.3928548,.8403214368143909,.97192824,.21644822,20.163242,,,,0,1,.7005560994148254
H08,hh_wellbeing_core_2017,Core household wellbeing proxy,wellbeing,primary,primary_2017_household,8,common_h_cr2_score,fuzzy_late,rdrobust,selected_bc_primary_household,ccpp_equal,cr2 cluster_score,1,2,triangular,manual,,.0075,.0074999998,.0135,.0135,100,25106,2061,874,40,22,47,8.453659687067899,9.2978382,8.9593592,.29937279,-8.2621832,26.857859,55.17221361030303,20.682671,.4495472858583637,-.39947373,1.2985682,.8403214368143909,.97192824,.22767435,18.223854,,,,0,1,.598745584487915
H08,hh_wellbeing_core_2017,Core household wellbeing proxy,wellbeing,primary,primary_2017_household,8,common_h_cr3_ccpp,fuzzy_late,rdrobust,selected_bc_primary_household,ccpp_equal,cr3 cluster_ruv,1,2,triangular,manual,,.0075,.0074999998,.0135,.0135,100,25106,2061,874,40,22,62,8.453659687067899,9.2978382,10.774275,.38815591,-11.819353,30.41503,55.17221361030303,20.682671,.4495472858583637,-.57146168,1.4705563,.8403214368143909,.97192824,.22631952,18.442696,,,,0,1,.7384226799011231
H08,hh_wellbeing_core_2017,Core household wellbeing proxy,wellbeing,primary,primary_2017_household,8,common_h_epanechnikov,fuzzy_late,rdrobust,selected_bc_primary_household,ccpp_equal,cr2 cluster_ruv,1,2,epanechnikov,manual,,.0075,.0074999998,.0135,.0135,100,25106,2061,874,40,22,62,8.456319798271862,9.4455948,9.8049679,.33537295,-9.7717886,28.662979,55.17221361030303,20.682671,.4566912899659968,-.47246262,1.3858452,.8507789462585813,.99994886,.2222245,20.247513,,,,0,1,.6707459092140198
H08,hh_wellbeing_core_2017,Core household wellbeing proxy,wellbeing,primary,primary_2017_household,8,common_h_fuzzy,fuzzy_late,rdrobust,selected_bc_primary_household,ccpp_equal,cr2 cluster_ruv,1,2,triangular,manual,,.0075,.0074999998,.0135,.0135,100,25106,2061,874,40,22,62,8.453659687067899,9.2978382,10.204698,.36222523,-10.703002,29.298677,55.17221361030303,20.682671,.4495472858583637,-.51748645,1.416581,.8403214368143909,.97192824,.21495344,20.444647,,,,0,1,.7042865753173828
H08,hh_wellbeing_core_2017,Core household wellbeing proxy,wellbeing,primary,primary_2017_household,8,common_h_household_equal,fuzzy_late,rdrobust,selected_bc_primary_household,household_equal,cr2 cluster_ruv,1,2,triangular,manual,,.0075,.0074999998,.0135,.0135,100,25106,2061,874,40,22,62,-1.020524802401044,-1.7934049,26.059793,.94513381,-52.869663,49.282852,59.89807885281196,22.589369,-.0793915480567724,-2.3404665,2.1816833,.6113677751694008,.64971405,.39529854,2.7014325,,,,0,1,.9451338052749634
H08,hh_wellbeing_core_2017,Core household wellbeing proxy,wellbeing,primary,primary_2017_household,8,common_h_reduced_form,reduced_form,rdrobust,selected_bc_primary_household,ccpp_equal,cr2 cluster_ruv,1,2,triangular,manual,,.0075,.0074999998,.0135,.0135,100,25106,2061,874,40,22,62,7.103791454576792,8.9257317,7.5594053,.23770395,-5.8904305,23.741894,55.17221361030303,20.682671,.4315560710801816,-.28480029,1.1479124,,,,,,,,0,1,.4754078984260559
H08,hh_wellbeing_core_2017,Core household wellbeing proxy,wellbeing,primary,primary_2017_household,8,common_h_uniform,fuzzy_late,rdrobust,selected_bc_primary_household,ccpp_equal,cr2 cluster_ruv,1,2,uniform,manual,,.0075,.0074999998,.0135,.0135,100,25106,2061,874,40,22,62,5.897053717598989,5.8544235,8.5769424,.49487415,-10.956074,22.664921,55.17221361030303,20.682671,.2830593748266264,-.52972245,1.0958412,.880532559074949,1.0256553,.23079403,19.74939,,,,0,1,.7947007815043131
H08,hh_wellbeing_core_2017,Core household wellbeing proxy,wellbeing,primary,primary_2017_household,8,donut_005,fuzzy_late,rdrobust,selected_bc_primary_household,ccpp_equal,cr2 cluster_ruv,1,2,triangular,manual,.00005,.0075,.0074999998,.0135,.0135,100,25106,2061,874,40,22,62,8.453659687067899,9.2978382,10.204698,.36222523,-10.703002,29.298677,55.17221361030303,20.682671,.4495472858583637,-.51748645,1.416581,.8403214368143909,.97192824,.21495344,20.444647,,,,0,1,.7042865753173828
H08,hh_wellbeing_core_2017,Core household wellbeing proxy,wellbeing,primary,primary_2017_household,8,donut_025,fuzzy_late,rdrobust,selected_bc_primary_household,ccpp_equal,cr2 cluster_ruv,1,2,triangular,manual,.00025,.0075,.0074999998,.0135,.0135,100,25097,2061,865,40,21,61,8.452730816121004,9.7623358,13.495698,.46945477,-16.688745,36.213417,55.17221361030303,20.682671,.4720055730407972,-.80689514,1.7509063,.8012585868890713,.9443391,.27463672,11.823301,,,,0,1,.8262278011866978
H08,hh_wellbeing_core_2017,Core household wellbeing proxy,wellbeing,primary,primary_2017_household,8,fixed_h_005,fuzzy_late,rdrobust,selected_bc_primary_household,ccpp_equal,cr2 cluster_ruv,1,2,triangular,manual,.005,.005,.0049999999,.0089999996,.0089999996,100,25106,1636,656,27,16,43,7.547835100069002,7.7218728,12.767685,.54531312,-17.30233,32.746075,54.1836628812104,20.900431,.3694599771448225,-.82784563,1.5667657,.7924937026862171,.84887397,.2342907,13.127327,,,,0,1,.7270841598510742
H08,hh_wellbeing_core_2017,Core household wellbeing proxy,wellbeing,primary,primary_2017_household,8,fixed_h_010,fuzzy_late,rdrobust,selected_bc_primary_household,ccpp_equal,cr2 cluster_ruv,1,2,triangular,manual,.01,.01,.0099999998,.017999999,.017999999,100,25106,2717,4297,56,32,88,5.460459775689443,6.4138079,10.564087,.54376251,-14.291422,27.119038,55.71331976866546,20.934519,.306374762625699,-.68267256,1.2954221,.6517186210290928,.74450904,.19902582,13.993329,,,,0,1,.8960587637765066
H08,hh_wellbeing_core_2017,Core household wellbeing proxy,wellbeing,primary,primary_2017_household,8,outcome_cerrd_fuzzy,fuzzy_late,rdrobust,selected_bc_primary_household,ccpp_equal,cr2 cluster_ruv,1,2,triangular,cerrd,,.0096599412824434,.0096599413,.020532651,.020532651,100,25106,2621,4281,53,30,83,5.721653652351892,5.7355604,10.084731,.5695346,-14.03015,25.50127,55.5555133826067,21.137636,.2713434987794077,-.66375208,1.206439,.6788059018248491,.72782189,.19852836,13.440182,,,,0,1,.8978187243143717
H08,hh_wellbeing_core_2017,Core household wellbeing proxy,wellbeing,primary,primary_2017_household,8,outcome_mserd_fuzzy,fuzzy_late,rdrobust,selected_bc_primary_household,ccpp_equal,cr2 cluster_ruv,1,2,triangular,mserd,,.0130453040885912,.013045304,.020532651,.020532651,100,25106,4464,5716,67,38,105,3.472967336772354,3.9565358,12.284154,.74738866,-20.119963,28.033035,56.48066682426536,21.143522,.1871275686156517,-.95158994,1.3258451,.5261632517696376,.59997088,.19450527,9.5147552,,,,0,1,.9500563144683838
H08,hh_wellbeing_core_2017,Core household wellbeing proxy,wellbeing,primary,primary_2017_household,8,outcome_mserd_p2,fuzzy_late,rdrobust,selected_bc_primary_household,ccpp_equal,cr2 cluster_ruv,2,3,triangular,mserd,,.0176310733459103,.017631073,.026264664,.026264664,100,25106,5444,6639,95,53,148,6.076785327672077,7.0387268,10.911546,.51888084,-14.347509,28.424963,55.52705776583706,21.362989,.3294823011200686,-.67160589,1.3305705,.6860099880095443,.78146768,.21112753,13.70037,,,,0,1,.8302093505859376
H08,hh_wellbeing_core_2017,Core household wellbeing proxy,wellbeing,primary,primary_2017_household,8,parametric_common_h,parametric_late,ivreg2,selected_bc_primary_household,ccpp_equal,cr1 cluster_ruv,1,2,triangular,manual,.0075,.0075,.0074999998,.0135,.0135,100,2935,2061,874,40,22,62,8.453659687067971,8.45366,8.4955645,.31970346,-8.1976461,25.104965,54.16985368005702,20.877796,.404911481994129,-.39264902,1.202472,,,,21.044512,.2658323745060124,.32726544,.0034939009,0,1,.5774990081787109
H08,hh_wellbeing_core_2017,Core household wellbeing proxy,wellbeing,primary,primary_2017_household,8,parametric_covariates,parametric_late,ivreg2,selected_bc_primary_household,ccpp_equal,cr1 cluster_ruv,1,2,triangular,manual,.0075,.0075,.0074999998,.0135,.0135,100,2811,1937,874,38,22,60,3.600367619169425,3.6003675,5.676537,.52591491,-7.5256448,14.72638,54.74747483121075,20.926569,.1720476717362256,-.35962152,.70371687,,,,34.426277,.5228852445729828,.57251447,.00086831843,0,1,.9828026294708252
H08,hh_wellbeing_core_2017,Core household wellbeing proxy,wellbeing,primary,primary_2017_household,8,parametric_district,parametric_late,ivreg2,selected_bc_primary_household,ccpp_equal,cr1 cluster_dist,1,2,triangular,manual,.0075,.0075,.0074999998,.0135,.0135,100,2935,2061,874,40,22,44,8.453659687067971,8.45366,8.5088015,.32045689,-8.2235909,25.130911,54.16985368005702,20.877796,.404911481994129,-.39389172,1.2037147,,,,19.338871,.2593506820432528,,.0049499795,0,1,.528537654876709
H08,hh_wellbeing_core_2017,Core household wellbeing proxy,wellbeing,primary,primary_2017_household,8,parametric_household_equal,parametric_late,ivreg2,selected_bc_primary_household,household_equal,cr1 cluster_ruv,1,2,triangular,manual,.0075,.0075,.0074999998,.0135,.0135,100,2935,2061,874,40,22,62,-1.020524802400745,-1.0205249,16.540482,.95080286,-33.439869,31.398819,61.46676836504142,23.740374,-.0429868886969586,-1.4085654,1.3225917,,,,3.8618183,.9522880216773273,,.041469965,0,1,.9645938277244568
S01,hh_mean_age_2017,Mean age of linked members,demography,secondary,demography_2017_household,9,common_h_fuzzy,fuzzy_late,rdrobust,selected_bc_household,ccpp_equal,cr2 cluster_ruv,1,2,triangular,manual,,.0075,.0074999998,.0135,.0135,1,29692,2485,1047,41,22,63,2.895109099118155,2.521502,6.1615214,.68236822,-9.5548582,14.597862,43.03851769983268,20.722748,.1216779732557244,-.46108064,.7044366,.836043199016722,.96453828,.21511964,20.103828,,,,0,1,.7857096791267395
S01,hh_mean_age_2017,Mean age of linked members,demography,secondary,demography_2017_household,9,common_h_reduced_form,reduced_form,rdrobust,selected_bc_household,ccpp_equal,cr2 cluster_ruv,1,2,triangular,manual,,.0075,.0074999998,.0135,.0135,1,29692,2485,1047,41,22,63,2.420436272729162,2.4800918,5.2984605,.6397289,-7.9046998,12.864883,43.03851769983268,20.722748,.1196796782489895,-.38145036,.62080973,,,,,,,,0,1,.7461283802986145
S01,hh_mean_age_2017,Mean age of linked members,demography,secondary,demography_2017_household,9,outcome_cerrd_fuzzy,fuzzy_late,rdrobust,selected_bc_household,ccpp_equal,cr2 cluster_ruv,1,2,triangular,cerrd,,.0068829703518669,.0068829702,.016171705,.016171705,1,29692,2410,910,38,19,57,1.953824241718974,2.3678808,6.4694605,.71435833,-10.312029,15.047791,42.57940933907656,20.70303,.1143736340363319,-.49809271,.72683996,.8089169107525537,.86067176,.21855612,15.507764,,,,0,1,.9467241764068604
S01,hh_mean_age_2017,Mean age of linked members,demography,secondary,demography_2017_household,9,outcome_mserd_fuzzy,fuzzy_late,rdrobust,selected_bc_household,ccpp_equal,cr2 cluster_ruv,1,2,triangular,mserd,,.0093130710712789,.0093130711,.016171705,.016171705,1,29692,3002,5226,52,30,82,4.740576688676592,5.5614934,6.5434227,.39536044,-7.2633796,18.386366,43.82511965539049,21.111408,.2634354432872322,-.34404996,.87092084,.7090866252804513,.83881223,.2014821,17.332314,,,,0,1,.6233640015125275
S02,hh_share_age_0_14_2017,Household members age 0-14,demography,secondary,demography_2017_household,10,common_h_fuzzy,fuzzy_late,rdrobust,selected_bc_household,ccpp_equal,cr2 cluster_ruv,1,2,triangular,manual,,.0075,.0074999998,.0135,.0135,100,29692,2485,1047,41,22,63,-2.529841707319389,-2.7076247,4.8860531,.57947361,-12.284113,6.8688631,15.62850319124765,21.473585,-.1260909489857784,-.57205689,.319875,.836043199016722,.96453828,.21511964,20.103828,,,,0,1,.7857096791267395
S02,hh_share_age_0_14_2017,Household members age 0-14,demography,secondary,demography_2017_household,10,common_h_reduced_form,reduced_form,rdrobust,selected_bc_household,ccpp_equal,cr2 cluster_ruv,1,2,triangular,manual,,.0075,.0074999998,.0135,.0135,100,29692,2485,1047,41,22,63,-2.115056953993228,-2.5887635,4.0085421,.51840132,-10.445361,5.2678347,15.62850319124765,21.473585,-.1205557157211907,-.48642841,.24531697,,,,,,,,0,1,.7461283802986145
S02,hh_share_age_0_14_2017,Household members age 0-14,demography,secondary,demography_2017_household,10,outcome_cerrd_fuzzy,fuzzy_late,rdrobust,selected_bc_household,ccpp_equal,cr2 cluster_ruv,1,2,triangular,cerrd,,.0085738659638564,.0085738655,.020059817,.020059817,100,29692,2794,1137,50,25,75,-3.080225389559295,-4.056603,4.2472258,.33951786,-12.381013,4.2678065,15.10342202064606,21.53949,-.1883332921672572,-.57480526,.1981387,.7893773049797662,.82935238,.20320244,16.657902,,,,0,1,.9467241764068604
S02,hh_share_age_0_14_2017,Household members age 0-14,demography,secondary,demography_2017_household,10,outcome_mserd_fuzzy,fuzzy_late,rdrobust,selected_bc_household,ccpp_equal,cr2 cluster_ruv,1,2,triangular,mserd,,.0116009540932217,.011600954,.020059817,.020059817,100,29692,3454,6799,61,37,98,-2.915239294666363,-5.2183132,5.4085436,.33463106,-15.818864,5.382237,14.34468259485366,21.249056,-.2455785899453262,-.74445015,.25329301,.5666004609808941,.63380927,.19562331,10.497259,,,,0,1,.6233640015125275
S03,hh_share_age_30_44_2017,Household members age 30-44,demography,secondary,demography_2017_household,11,common_h_fuzzy,fuzzy_late,rdrobust,selected_bc_household,ccpp_equal,cr2 cluster_ruv,1,2,triangular,manual,,.0075,.0074999998,.0135,.0135,100,29692,2485,1047,41,22,63,-4.32724416137596,-4.2170634,3.9274516,.28293908,-11.914727,3.4806004,17.04613709691796,26.13843,-.1613357515116598,-.45583177,.13316026,.836043199016722,.96453828,.21511964,20.103828,,,,0,1,.7857096791267395
S03,hh_share_age_30_44_2017,Household members age 30-44,demography,secondary,demography_2017_household,11,common_h_reduced_form,reduced_form,rdrobust,selected_bc_household,ccpp_equal,cr2 cluster_ruv,1,2,triangular,manual,,.0075,.0074999998,.0135,.0135,100,29692,2485,1047,41,22,63,-3.61776305160319,-4.0816765,3.4045668,.23057352,-10.754505,2.5911517,17.04613709691796,26.13843,-.1561561492871401,-.41144419,.099131875,,,,,,,,0,1,.7461283802986145
S03,hh_share_age_30_44_2017,Household members age 30-44,demography,secondary,demography_2017_household,11,outcome_cerrd_fuzzy,fuzzy_late,rdrobust,selected_bc_household,ccpp_equal,cr2 cluster_ruv,1,2,triangular,cerrd,,.0107500907855291,.010750091,.022009116,.022009116,100,29692,3272,5253,60,33,93,-3.891362644248732,-3.5372539,4.5478725,.43669748,-12.45092,5.3764124,17.68378227972212,27.808147,-.1272020700847404,-.44774362,.19333948,.6045609010067637,.64332741,.19571769,10.804481,,,,0,1,.9467241764068604
S03,hh_share_age_30_44_2017,Household members age 30-44,demography,secondary,demography_2017_household,11,outcome_mserd_fuzzy,fuzzy_late,rdrobust,selected_bc_household,ccpp_equal,cr2 cluster_ruv,1,2,triangular,mserd,,.0145455165997013,.014545517,.022009116,.022009116,100,29692,5310,6889,74,40,114,-4.527968281379563,-3.7650871,5.565124,.4986912,-14.672529,7.142355,17.62099345885467,28.06267,-.1341671092766105,-.52284867,.25451446,.4882978846250136,.54496682,.19193323,8.0619431,,,,0,1,.6233640015125275
S04,hh_share_age_45_64_2017,Household members age 45-64,demography,secondary,demography_2017_household,12,common_h_fuzzy,fuzzy_late,rdrobust,selected_bc_household,ccpp_equal,cr2 cluster_ruv,1,2,triangular,manual,,.0075,.0074999998,.0135,.0135,100,29692,2485,1047,41,22,63,3.141654528455541,4.6930447,5.5457263,.39741597,-6.1763797,15.562469,25.47169505935434,35.324898,.1328537313768978,-.17484494,.44055241,.836043199016722,.96453828,.21511964,20.103828,,,,0,1,.7857096791267395
S04,hh_share_age_45_64_2017,Household members age 45-64,demography,secondary,demography_2017_household,12,common_h_reduced_form,reduced_form,rdrobust,selected_bc_household,ccpp_equal,cr2 cluster_ruv,1,2,triangular,manual,,.0075,.0074999998,.0135,.0135,100,29692,2485,1047,41,22,63,2.626558902175341,4.3272753,4.5106502,.33738434,-4.5134363,13.167987,25.47169505935434,35.324898,.1224992936516383,-.12776926,.37276787,,,,,,,,0,1,.7461283802986145
S04,hh_share_age_45_64_2017,Household members age 45-64,demography,secondary,demography_2017_household,12,outcome_cerrd_fuzzy,fuzzy_late,rdrobust,selected_bc_household,ccpp_equal,cr2 cluster_ruv,1,2,triangular,cerrd,,.0097665391563846,.0097665396,.020310795,.020310795,100,29692,3128,5232,54,31,85,-.083468306098167,.37868866,5.6672091,.94672418,-10.728837,11.486215,25.06044059867654,35.21637,.0107531994110195,-.30465484,.32616124,.6713767121191715,.72190684,.19839199,13.240796,,,,0,1,.9467241764068604
S04,hh_share_age_45_64_2017,Household members age 45-64,demography,secondary,demography_2017_household,12,outcome_mserd_fuzzy,fuzzy_late,rdrobust,selected_bc_household,ccpp_equal,cr2 cluster_ruv,1,2,triangular,mserd,,.0132147123456906,.013214712,.020310795,.020310795,100,29692,5161,6861,69,39,108,-2.84565654074228,-1.4597646,7.3871894,.84335208,-15.93839,13.018861,24.16372761726432,34.73772,-.0420224661587263,-.45882085,.37477595,.5216680618011376,.59810036,.19425856,9.4795513,,,,0,1,.8433520793914795
S05,hh_share_age_65plus_2017,Household members age 65 or older,demography,secondary,demography_2017_household,13,common_h_fuzzy,fuzzy_late,rdrobust,selected_bc_household,ccpp_equal,cr2 cluster_ruv,1,2,triangular,manual,,.0075,.0074999998,.0135,.0135,100,29692,2485,1047,41,22,63,4.508051179214172,3.0086753,11.065945,.78570968,-18.680178,24.697529,23.0005164024417,39.005898,.0771338630374948,-.47890651,.63317424,.836043199016722,.96453828,.21511964,20.103828,,,,0,1,.7857096791267395
S05,hh_share_age_65plus_2017,Household members age 65 or older,demography,secondary,demography_2017_household,13,common_h_reduced_form,reduced_form,rdrobust,selected_bc_household,ccpp_equal,cr2 cluster_ruv,1,2,triangular,manual,,.0075,.0074999998,.0135,.0135,100,29692,2485,1047,41,22,63,3.768925529201322,3.094645,9.5587893,.74612838,-15.640239,21.829529,23.0005164024417,39.005898,.0793378772486416,-.40097114,.5596469,,,,,,,,0,1,.7461283802986145
S05,hh_share_age_65plus_2017,Household members age 65 or older,demography,secondary,demography_2017_household,13,outcome_cerrd_fuzzy,fuzzy_late,rdrobust,selected_bc_household,ccpp_equal,cr2 cluster_ruv,1,2,triangular,cerrd,,.006896184017225,.0068961838,.016135447,.016135447,100,29692,2410,910,38,19,57,2.426908854546088,2.6494584,11.592388,.8192175,-20.071205,25.370121,22.03476031143666,38.771965,.0683343878670988,-.51767313,.65434194,.8095931880036703,.86245847,.21822745,15.619158,,,,0,1,.9467241764068604
S05,hh_share_age_65plus_2017,Household members age 65 or older,demography,secondary,demography_2017_household,13,outcome_mserd_fuzzy,fuzzy_late,rdrobust,selected_bc_household,ccpp_equal,cr2 cluster_ruv,1,2,triangular,mserd,,.0093309499518059,.0093309497,.016135447,.016135447,100,29692,3002,5226,52,30,82,8.844180032086198,8.6076813,11.492761,.45387799,-13.917715,31.133078,24.35519025361702,39.858253,.2159572955169013,-.34918025,.78109485,.7073667423107615,.83899707,.20147011,17.342018,,,,0,1,.6233640015125275
S06,hh_share_moved_district_2017,Members living in another district,migration,secondary,migration_2017_household,14,common_h_fuzzy,fuzzy_late,rdrobust,selected_bc_household,ccpp_equal,cr2 cluster_ruv,1,2,triangular,manual,,.0075,.0074999998,.0135,.0135,100,29209,2485,1047,41,22,63,10.43965343447324,10.809973,14.890301,.46785465,-18.374481,39.994427,25.75949795947191,38.418781,.2813720943239307,-.47826821,1.0410124,.836043199016722,.96453828,.21511964,20.103828,,,,0,1,.7991918176412582
S06,hh_share_moved_district_2017,Members living in another district,migration,secondary,migration_2017_household,14,common_h_reduced_form,reduced_form,rdrobust,selected_bc_household,ccpp_equal,cr2 cluster_ruv,1,2,triangular,manual,,.0075,.0074999998,.0135,.0135,100,29209,2485,1047,41,22,63,8.728001253982914,10.379048,10.800841,.33657828,-10.790212,31.548307,25.75949795947191,38.418781,.2701555869925919,-.28085774,.8211689,,,,,,,,0,1,.6934624910354614
S06,hh_share_moved_district_2017,Members living in another district,migration,secondary,migration_2017_household,14,outcome_cerrd_fuzzy,fuzzy_late,rdrobust,selected_bc_household,ccpp_equal,cr2 cluster_ruv,1,2,triangular,cerrd,,.0102017708489049,.010201771,.020808769,.020808769,100,29209,3270,5245,59,32,91,5.551594037450193,8.0396585,13.21483,.54293442,-17.860931,33.94025,25.15955596980984,38.088543,.2110781385404444,-.46893185,.89108813,.6401404114265752,.68972403,.19705182,12.251515,,,,0,1,.8899857401847839
S06,hh_share_moved_district_2017,Members living in another district,migration,secondary,migration_2017_household,14,outcome_mserd_fuzzy,fuzzy_late,rdrobust,selected_bc_household,ccpp_equal,cr2 cluster_ruv,1,2,triangular,mserd,,.0137837584975893,.013783759,.020808769,.020808769,100,29209,5202,6889,70,40,110,5.322509009578088,9.9708023,15.765277,.52709067,-20.928572,40.870178,25.91942348657348,38.552166,.258631445998989,-.54286367,1.0601265,.5067590231986501,.58064938,.19337738,9.0160561,,,,0,1,.7566858530044556
S07,hh_share_moved_province_2017,Members living in another province,migration,secondary,migration_2017_household,15,common_h_fuzzy,fuzzy_late,rdrobust,selected_bc_household,ccpp_equal,cr2 cluster_ruv,1,2,triangular,manual,,.0075,.0074999998,.0135,.0135,100,29209,2485,1047,41,22,63,7.880937881671548,7.5351467,14.445337,.60192674,-20.777195,35.847488,17.17865983461813,32.729156,.2302273437510341,-.63482219,1.0952768,.836043199016722,.96453828,.21511964,20.103828,,,,0,1,.7991918176412582
S07,hh_share_moved_province_2017,Members living in another province,migration,secondary,migration_2017_household,15,common_h_reduced_form,reduced_form,rdrobust,selected_bc_household,ccpp_equal,cr2 cluster_ruv,1,2,triangular,manual,,.0075,.0074999998,.0135,.0135,100,29209,2485,1047,41,22,63,6.588804517844748,7.3123698,10.756669,.49663192,-13.770314,28.395054,17.17865983461813,32.729156,.2234206642697446,-.42073539,.86757672,,,,,,,,0,1,.6934624910354614
S07,hh_share_moved_province_2017,Members living in another province,migration,secondary,migration_2017_household,15,outcome_cerrd_fuzzy,fuzzy_late,rdrobust,selected_bc_household,ccpp_equal,cr2 cluster_ruv,1,2,triangular,cerrd,,.0129793619238064,.012979362,.025638387,.025638387,100,29209,3811,6820,67,38,105,6.013587574723193,8.1144753,14.518965,.57623816,-20.342173,36.571125,17.09482027176273,32.911118,.2465572798534036,-.61809427,1.1112088,.528208472580015,.55109042,.18986116,8.4250698,,,,0,1,.8899857401847839
S07,hh_share_moved_province_2017,Members living in another province,migration,secondary,migration_2017_household,15,outcome_mserd_fuzzy,fuzzy_late,rdrobust,selected_bc_household,ccpp_equal,cr2 cluster_ruv,1,2,triangular,mserd,,.0175366015234264,.017536601,.025638387,.025638387,100,29209,6282,7893,96,53,149,3.670743760597264,8.5117683,16.676046,.60975802,-24.172682,41.19622,16.89054951057344,32.512569,.261799321814234,-.7434873,1.2670859,.4228303667086058,.46182722,.18409981,6.2929225,,,,0,1,.7566858530044556
S08,hh_share_moved_department_2017,Members living in another department,migration,secondary,migration_2017_household,16,common_h_fuzzy,fuzzy_late,rdrobust,selected_bc_household,ccpp_equal,cr2 cluster_ruv,1,2,triangular,manual,,.0075,.0074999998,.0135,.0135,100,29209,2485,1047,41,22,63,6.288897106243533,6.3969526,13.651114,.63935345,-20.35874,33.152645,14.41235714372305,30.945295,.2067181018794342,-.65789455,1.0713307,.836043199016722,.96453828,.21511964,20.103828,,,,0,1,.7991918176412582
S08,hh_share_moved_department_2017,Members living in another department,migration,secondary,migration_2017_household,16,common_h_reduced_form,reduced_form,rdrobust,selected_bc_household,ccpp_equal,cr2 cluster_ruv,1,2,triangular,manual,,.0075,.0074999998,.0135,.0135,100,29209,2485,1047,41,22,63,5.257789654990849,6.1562209,10.423185,.55476999,-14.272847,26.585289,14.41235714372305,30.945295,.1989388370740808,-.46122834,.859106,,,,,,,,0,1,.6934624910354614
S08,hh_share_moved_department_2017,Members living in another department,migration,secondary,migration_2017_household,16,outcome_cerrd_fuzzy,fuzzy_late,rdrobust,selected_bc_household,ccpp_equal,cr2 cluster_ruv,1,2,triangular,cerrd,,.0128094063937335,.012809406,.024717579,.024717579,100,29209,3617,6820,65,38,103,3.124253391102803,4.8759832,13.409486,.71614033,-21.406126,31.158092,14.16651297535753,30.893362,.1578327176587862,-.6929037,1.0085691,.5330283885003584,.55948013,.19058953,8.617301,,,,0,1,.8899857401847839
S08,hh_share_moved_department_2017,Members living in another department,migration,secondary,migration_2017_household,16,outcome_mserd_fuzzy,fuzzy_late,rdrobust,selected_bc_household,ccpp_equal,cr2 cluster_ruv,1,2,triangular,mserd,,.0173069721760758,.017306972,.024717579,.024717579,100,29209,6271,7820,95,52,147,.8351286278535467,4.8267245,15.578333,.75668585,-25.706247,35.359695,14.00730685033688,30.529795,.1580988210437324,-.84200525,1.1582029,.4261631559996424,.47075388,.18507126,6.4700832,,,,0,1,.7566858530044556
S09,baseline_split_destination_2017,Source household split across destination households,migration,secondary,migration_2017_household,17,common_h_fuzzy,fuzzy_late,rdrobust,selected_bc_household,ccpp_equal,cr2 cluster_ruv,1,2,triangular,manual,,.0075,.0074999998,.0135,.0135,100,33060,2779,1272,42,22,64,-1.719073590233745,-.83099169,11.948022,.94455141,-24.248684,22.5867,28.14713983571944,44.979778,-.0184747836369143,-.5391019,.50215232,.8439255982092024,.97083229,.21084666,21.200933,,,,0,1,.944551408290863
S09,baseline_split_destination_2017,Source household split across destination households,migration,secondary,migration_2017_household,17,common_h_reduced_form,reduced_form,rdrobust,selected_bc_household,ccpp_equal,cr2 cluster_ruv,1,2,triangular,manual,,.0075,.0074999998,.0135,.0135,100,33060,2779,1272,42,22,64,-1.450770208003654,-.91945714,9.9518013,.92638737,-20.424629,18.585714,28.14713983571944,44.979778,-.020441565794519,-.45408466,.41320154,,,,,,,,0,1,.9263873696327209
S09,baseline_split_destination_2017,Source household split across destination households,migration,secondary,migration_2017_household,17,outcome_cerrd_fuzzy,fuzzy_late,rdrobust,selected_bc_household,ccpp_equal,cr2 cluster_ruv,1,2,triangular,cerrd,,.007380237531007,.0073802373,.017047727,.017047727,100,33060,2779,1205,42,21,63,-1.272645454931862,-1.4934905,10.79718,.88998574,-22.655575,19.668594,28.14713983571944,44.979778,-.0332035977406038,-.50368357,.43727636,.8398504274061065,.89372653,.20671962,18.691576,,,,0,1,.8899857401847839
S09,baseline_split_destination_2017,Source household split across destination households,migration,secondary,migration_2017_household,17,outcome_mserd_fuzzy,fuzzy_late,rdrobust,selected_bc_household,ccpp_equal,cr2 cluster_ruv,1,2,triangular,mserd,,.0099882587913982,.0099882586,.017047727,.017047727,100,33060,3620,5807,58,32,90,-5.849985205363122,-5.7883296,11.776442,.62306035,-28.869732,17.293072,26.82910806903886,44.313114,-.1306233986396123,-.65149403,.39024726,.6667008877444965,.78127033,.19548583,15.972469,,,,0,1,.7566858530044556
S10,hh_share_moved_five_years_2017,Members in another district five years earlier,migration,secondary,migration_2017_household,18,common_h_fuzzy,fuzzy_late,rdrobust,selected_bc_household,ccpp_equal,cr2 cluster_ruv,1,2,triangular,manual,,.0075,.0074999998,.0135,.0135,100,29685,2483,1046,41,22,63,6.771356790035917,6.2903638,5.9540281,.29074496,-5.3793163,17.960045,9.722055859459104,24.133135,.2606525713077056,-.22290169,.74420685,.8360431990167222,.96453828,.21511964,20.103828,,,,0,1,.7991918176412582
S10,hh_share_moved_five_years_2017,Members in another district five years earlier,migration,secondary,migration_2017_household,18,common_h_reduced_form,reduced_form,rdrobust,selected_bc_household,ccpp_equal,cr2 cluster_ruv,1,2,triangular,manual,,.0075,.0074999998,.0135,.0135,100,29685,2483,1046,41,22,63,5.661146792425232,6.1291018,4.2261968,.14698486,-2.1540916,14.412295,9.722055859459104,24.133135,.2539703906548096,-.089258678,.59719944,,,,,,,,0,.7349243015050888,.6934624910354614
S10,hh_share_moved_five_years_2017,Members in another district five years earlier,migration,secondary,migration_2017_household,18,outcome_cerrd_fuzzy,fuzzy_late,rdrobust,selected_bc_household,ccpp_equal,cr2 cluster_ruv,1,2,triangular,cerrd,,.009853725329726,.0098537253,.0207553,.0207553,100,29685,3126,5244,54,32,86,5.434189538438497,5.8118997,5.5886631,.29836565,-5.1416788,16.765478,10.2917027745585,25.211203,.2305284587294922,-.20394421,.66500109,.6645310526934187,.71245801,.19795831,12.953024,,,,0,1,.8899857401847839
S10,hh_share_moved_five_years_2017,Members in another district five years earlier,migration,secondary,migration_2017_household,18,outcome_mserd_fuzzy,fuzzy_late,rdrobust,selected_bc_household,ccpp_equal,cr2 cluster_ruv,1,2,triangular,mserd,,.0133326804593467,.013332681,.0207553,.0207553,100,29685,5157,6860,69,39,108,6.753554524745829,7.2598429,7.0101862,.30038252,-6.4798698,20.999556,10.54493851474175,25.507164,.2846197504827278,-.25404117,.82328069,.5184347610818756,.59066522,.1937944,9.2896719,,,,0,1,.7566858530044556
S11,hh_share_literate_age14_2017,Literate household members,human_capital,secondary,human_capital_2017_household,19,common_h_fuzzy,fuzzy_late,rdrobust,selected_bc_household,ccpp_equal,cr2 cluster_ruv,1,2,triangular,manual,,.0075,.0074999998,.0135,.0135,100,29436,2467,1032,41,22,63,.849745541678918,.18412492,9.3727837,.98432684,-18.186193,18.554443,72.94127302486841,37.710999,.00488252539536,-.48225167,.49201673,.8360431990167221,.96453828,.21511964,20.103828,,,,0,1,.9843268394470215
S11,hh_share_literate_age14_2017,Literate household members,human_capital,secondary,human_capital_2017_household,19,common_h_reduced_form,reduced_form,rdrobust,selected_bc_household,ccpp_equal,cr2 cluster_ruv,1,2,triangular,manual,,.0075,.0074999998,.0135,.0135,100,29436,2467,1032,41,22,63,.71042398101544,.2631245,7.7448506,.97289777,-14.916504,15.442753,72.94127302486841,37.710999,.0069773937484939,-.39554781,.4095026,,,,,,,,0,1,.9728977680206299
S11,hh_share_literate_age14_2017,Literate household members,human_capital,secondary,human_capital_2017_household,19,outcome_cerrd_fuzzy,fuzzy_late,rdrobust,selected_bc_household,ccpp_equal,cr2 cluster_ruv,1,2,triangular,cerrd,,.0104990738616625,.010499074,.021729054,.021729054,100,29436,3250,5201,60,33,93,-.8187124693482589,-1.1750981,9.863802,.9051705,-20.507795,18.157598,73.23664052222327,38.346149,-.0306444851849109,-.53480715,.47351819,.6194600151635601,.66121036,.19620891,11.356431,,,,0,1,.9051705002784729
S11,hh_share_literate_age14_2017,Literate household members,human_capital,secondary,human_capital_2017_household,19,outcome_mserd_fuzzy,fuzzy_late,rdrobust,selected_bc_household,ccpp_equal,cr2 cluster_ruv,1,2,triangular,mserd,,.0142041945995857,.014204195,.021729054,.021729054,100,29436,5164,6815,70,40,110,.287041417016849,-.50715905,12.203483,.96685064,-24.425545,23.411226,73.64151303608706,38.386265,-.0132119919451568,-.6363095,.60988551,.4957371065375649,.55705094,.1924307,8.3799429,,,,0,1,.9691265821456909
S12,hh_share_primary_age14_2017,Members completing primary education,human_capital,secondary,human_capital_2017_household,20,common_h_fuzzy,fuzzy_late,rdrobust,selected_bc_household,ccpp_equal,cr2 cluster_ruv,1,2,triangular,manual,,.0075,.0074999998,.0135,.0135,100,29356,2463,1031,41,22,63,.9480918712834616,.23356122,10.152948,.98164684,-19.665852,20.132975,47.72292139777415,40.794579,.0057253004990868,-.48207024,.49352083,.8360431990167222,.96453828,.21511964,20.103828,,,,0,1,.9843268394470215
S12,hh_share_primary_age14_2017,Members completing primary education,human_capital,secondary,human_capital_2017_household,20,common_h_reduced_form,reduced_form,rdrobust,selected_bc_household,ccpp_equal,cr2 cluster_ruv,1,2,triangular,manual,,.0075,.0074999998,.0135,.0135,100,29356,2463,1031,41,22,63,.7926457610295756,.31709239,8.3972425,.96987784,-16.141201,16.775385,47.72292139777415,40.794579,.0077729054895673,-.39567024,.41121605,,,,,,,,0,1,.9728977680206299
S12,hh_share_primary_age14_2017,Members completing primary education,human_capital,secondary,human_capital_2017_household,20,outcome_cerrd_fuzzy,fuzzy_late,rdrobust,selected_bc_household,ccpp_equal,cr2 cluster_ruv,1,2,triangular,cerrd,,.0103810663342619,.010381066,.021723898,.021723898,100,29356,3243,5195,60,33,93,-.8711683634464893,-1.6473007,10.944381,.8803578,-23.097893,19.803291,48.39182076145438,42.011684,-.0392105393657752,-.54979694,.47137582,.627566361994808,.66871828,.19646122,11.585978,,,,0,1,.9051705002784729
S12,hh_share_primary_age14_2017,Members completing primary education,human_capital,secondary,human_capital_2017_household,20,outcome_mserd_fuzzy,fuzzy_late,rdrobust,selected_bc_household,ccpp_equal,cr2 cluster_ruv,1,2,triangular,mserd,,.0140445422430541,.014044542,.021723898,.021723898,100,29356,5148,6806,70,40,110,1.250094067102602,-.52625352,13.596972,.96912658,-27.175827,26.12332,48.715855216868,42.122414,-.0124934333013666,-.64516312,.62017626,.4996792386426938,.56026065,.19252932,8.4681101,,,,0,1,.9691265821456909
S13,hh_share_attending_6_17_2017,School attendance among children,human_capital,secondary,human_capital_2017_household,21,common_h_fuzzy,fuzzy_late,rdrobust,selected_bc_household,ccpp_equal,cr2 cluster_ruv,1,2,triangular,manual,,.0075,.0074999998,.0135,.0135,100,14163,1192,466,40,22,62,-.8946573878411532,-.88262641,4.4636803,.8432523,-9.631279,7.8660259,90.89057612370149,24.217566,-.036445711439115,-.39769807,.32480663,.8403214368143908,.98263556,.21506268,20.876362,,,,0,1,.9843268394470215
S13,hh_share_attending_6_17_2017,School attendance among children,human_capital,secondary,human_capital_2017_household,21,common_h_reduced_form,reduced_form,rdrobust,selected_bc_household,ccpp_equal,cr2 cluster_ruv,1,2,triangular,manual,,.0075,.0074999998,.0135,.0135,100,14163,1192,466,40,22,62,-.7517997816072874,-.86901224,3.7541642,.81694227,-8.2270384,6.4890141,90.89057612370149,24.217566,-.0358835512967212,-.33971369,.2679466,,,,,,,,0,1,.9728977680206299
S13,hh_share_attending_6_17_2017,School attendance among children,human_capital,secondary,human_capital_2017_household,21,outcome_cerrd_fuzzy,fuzzy_late,rdrobust,selected_bc_household,ccpp_equal,cr2 cluster_ruv,1,2,triangular,cerrd,,.0111887787025755,.011188779,.022642808,.022642808,100,14163,1502,2671,57,36,93,-.450321711189546,-1.0558411,6.5250354,.87145245,-13.844675,11.732993,91.8401142688876,22.947023,-.0460121151835027,-.60333204,.51130784,.5867766340525377,.61965734,.19524112,10.07304,,,,0,1,.9051705002784729
S13,hh_share_attending_6_17_2017,School attendance among children,human_capital,secondary,human_capital_2017_household,21,outcome_mserd_fuzzy,fuzzy_late,rdrobust,selected_bc_household,ccpp_equal,cr2 cluster_ruv,1,2,triangular,mserd,,.01512464149034,.015124641,.022642808,.022642808,100,14163,2618,3528,76,43,119,-1.514088206954859,-2.5609982,8.3114214,.75798345,-18.851084,13.729088,91.09189788096789,24.747761,-.1034840350485411,-.76172888,.55476081,.4639147183835129,.51264858,.19126789,7.1838188,,,,0,1,.9691265821456909
S14,hh_share_laborforce_age14_2017,Labor-force participation,labor,secondary,labor_2017_household,22,common_h_fuzzy,fuzzy_late,rdrobust,selected_bc_household,ccpp_equal,cr2 cluster_ruv,1,2,triangular,manual,,.0075,.0074999998,.0135,.0135,100,29436,2467,1032,41,22,63,-15.37276989313694,-13.382776,9.7077808,.16802989,-32.409676,5.6441245,50.38536097483718,38.844112,-.3445252146938645,-.83435237,.14530194,.8360431990167221,.96453828,.21511964,20.103828,,,,0,.3360597789287567,.3360597789287567
S14,hh_share_laborforce_age14_2017,Labor-force participation,labor,secondary,labor_2017_household,22,common_h_reduced_form,reduced_form,rdrobust,selected_bc_household,ccpp_equal,cr2 cluster_ruv,1,2,triangular,manual,,.0075,.0074999998,.0135,.0135,100,29436,2467,1032,41,22,63,-12.85229971920616,-13.163904,9.2730875,.15572952,-31.338821,5.0110126,50.38536097483718,38.844112,-.3388905893212254,-.80678433,.12900315,,,,,,,,0,.3114590346813202,.3114590346813202
S14,hh_share_laborforce_age14_2017,Labor-force participation,labor,secondary,labor_2017_household,22,outcome_cerrd_fuzzy,fuzzy_late,rdrobust,selected_bc_household,ccpp_equal,cr2 cluster_ruv,1,2,triangular,cerrd,,.0076211562734162,.0076211561,.016944794,.016944794,100,29436,2601,1032,44,22,66,-15.61366345953861,-14.504597,9.1195908,.11172492,-32.378666,3.3694727,49.0593741831192,38.886467,-.3729985922874607,-.83264619,.086648978,.8386306125354643,.90155971,.20781596,18.820501,,,,0,.2234498411417007,.2234498411417007
S14,hh_share_laborforce_age14_2017,Labor-force participation,labor,secondary,labor_2017_household,22,outcome_mserd_fuzzy,fuzzy_late,rdrobust,selected_bc_household,ccpp_equal,cr2 cluster_ruv,1,2,triangular,mserd,,.010310660559951,.01031066,.016944794,.016944794,100,29436,3248,5201,59,33,92,-19.95550424526667,-16.449337,11.641818,.15766969,-39.26688,6.3682084,50.27278670400587,39.318626,-.4183599080468119,-.99868399,.16196416,.6327706216327464,.75618649,.19925076,14.403162,,,,0,.3153393864631653,.2745986580848694
S15,hh_unemployment_rate_2017,Unemployment rate,labor,secondary,labor_2017_household,23,common_h_fuzzy,fuzzy_late,rdrobust,selected_bc_household,ccpp_equal,cr2 cluster_ruv,1,2,triangular,manual,,.0075,.0074999998,.0135,.0135,100,22170,1796,703,41,22,63,4.953624886725146,3.5966036,5.9178815,.54335207,-8.0022306,15.195438,5.015254458090579,19.746071,.182142758409395,-.4052569,.7695424,.8360431990167221,.96453828,.21511964,20.103828,,,,0,.5433520674705505,.5433520674705505
S15,hh_unemployment_rate_2017,Unemployment rate,labor,secondary,labor_2017_household,23,common_h_reduced_form,reduced_form,rdrobust,selected_bc_household,ccpp_equal,cr2 cluster_ruv,1,2,triangular,manual,,.0075,.0074999998,.0135,.0135,100,22170,1796,703,41,22,63,4.14144439702654,3.6434324,4.9057002,.45766714,-5.9715629,13.258428,5.015254458090579,19.746071,.1845143054679516,-.30241778,.67144638,,,,,,,,0,.4576671421527863,.4576671421527863
S15,hh_unemployment_rate_2017,Unemployment rate,labor,secondary,labor_2017_household,23,outcome_cerrd_fuzzy,fuzzy_late,rdrobust,selected_bc_household,ccpp_equal,cr2 cluster_ruv,1,2,triangular,cerrd,,.008028927669475,.0080289273,.017171673,.017171673,100,22170,1964,703,48,22,70,5.481660365028987,5.2245646,5.0050693,.29655266,-4.5851908,15.03432,4.778588203450878,19.127666,.2731417830297426,-.23971513,.7859987,.8304607320701956,.89980757,.20503205,19.259977,,,,0,.2965526580810547,.2965526580810547
S15,hh_unemployment_rate_2017,Unemployment rate,labor,secondary,labor_2017_household,23,outcome_mserd_fuzzy,fuzzy_late,rdrobust,selected_bc_household,ccpp_equal,cr2 cluster_ruv,1,2,triangular,mserd,,.0108623343873839,.010862335,.017171673,.017171673,100,22170,2373,4200,60,33,93,9.341807967180943,7.9013286,7.2321153,.27459866,-6.2733569,22.076014,5.360159672421958,20.225239,.3906667392554081,-.31017467,1.0915082,.598735196140713,.72434139,.19862172,13.299433,,,,0,.3153393864631653,.2745986580848694
S16,hh_share_insurance_sis_2017,Members with SIS insurance,health,secondary,health_2017_household,24,common_h_fuzzy,fuzzy_late,rdrobust,selected_bc_household,ccpp_equal,cr2 cluster_ruv,1,2,triangular,manual,,.0075,.0074999998,.0135,.0135,100,29692,2485,1047,41,22,63,2.24717300362416,2.0191569,9.712801,.83531785,-17.017584,21.055897,81.54800598051244,34.400822,.0586950223254253,-.49468541,.61207545,.836043199016722,.96453828,.21511964,20.103828,,,,0,1,.835317850112915
S16,hh_share_insurance_sis_2017,Members with SIS insurance,health,secondary,health_2017_household,24,common_h_reduced_form,reduced_form,rdrobust,selected_bc_household,ccpp_equal,cr2 cluster_ruv,1,2,triangular,manual,,.0075,.0074999998,.0135,.0135,100,29692,2485,1047,41,22,63,1.878733706693958,1.976853,8.3273182,.81235135,-14.344391,18.298098,81.54800598051244,34.400822,.0574652883849039,-.41697818,.53190875,,,,,,,,0,1,.8123513460159302
S16,hh_share_insurance_sis_2017,Members with SIS insurance,health,secondary,health_2017_household,24,outcome_cerrd_fuzzy,fuzzy_late,rdrobust,selected_bc_household,ccpp_equal,cr2 cluster_ruv,1,2,triangular,cerrd,,.0077330572333735,.0077330573,.017406764,.017406764,100,29692,2632,1047,45,22,67,2.209883436036565,2.0453918,8.5673389,.81130493,-14.746284,18.837067,82.25931844683635,33.83952,.0604438782888052,-.43577108,.55665886,.8376614838185977,.89642513,.20697154,18.758877,,,,0,1,.8113049268722534
S16,hh_share_insurance_sis_2017,Members with SIS insurance,health,secondary,health_2017_household,24,outcome_mserd_fuzzy,fuzzy_late,rdrobust,selected_bc_household,ccpp_equal,cr2 cluster_ruv,1,2,triangular,mserd,,.0104632895292278,.01046329,.017406764,.017406764,100,29692,3272,5253,60,33,93,2.532939420450401,2.0040221,10.664673,.85094547,-18.898352,22.906397,80.96484136822021,35.230419,.0568832879664719,-.53642148,.65018803,.6218336774732587,.73409295,.19877,13.639562,,,,0,1,.8509454727172852
S17,hh_share_insurance_essalud_2017,Members with EsSalud insurance,health,secondary,health_2017_household,25,common_h_fuzzy,fuzzy_late,rdrobust,selected_bc_household,ccpp_equal,cr2 cluster_ruv,1,2,triangular,manual,,.0075,.0074999998,.0135,.0135,100,29692,2485,1047,41,22,63,-2.839665085905088,-2.5823298,6.6208744,.69651544,-15.559005,10.394345,6.313711301307714,21.93107,-.1177475438581514,-.7094503,.47395521,.836043199016722,.96453828,.21511964,20.103828,,,,0,1,.835317850112915
S17,hh_share_insurance_essalud_2017,Members with EsSalud insurance,health,secondary,health_2017_household,25,common_h_reduced_form,reduced_form,rdrobust,selected_bc_household,ccpp_equal,cr2 cluster_ruv,1,2,triangular,manual,,.0075,.0074999998,.0135,.0135,100,29692,2485,1047,41,22,63,-2.374082682556185,-2.5238221,5.542583,.64885652,-13.387085,8.3394403,6.313711301307714,21.93107,-.1150797507221321,-.61041635,.38025686,,,,,,,,0,1,.8123513460159302
S17,hh_share_insurance_essalud_2017,Members with EsSalud insurance,health,secondary,health_2017_household,25,outcome_cerrd_fuzzy,fuzzy_late,rdrobust,selected_bc_household,ccpp_equal,cr2 cluster_ruv,1,2,triangular,cerrd,,.0093451164436892,.0093451161,.02092555,.02092555,100,29692,3002,5226,52,30,82,-2.801509713599193,-3.2534492,6.3500085,.60840362,-15.699238,9.1923389,5.818636032263888,20.990887,-.1549934206259401,-.74790734,.43792048,.706029443734962,.74863744,.19926326,14.115252,,,,0,1,.8113049268722534
S17,hh_share_insurance_essalud_2017,Members with EsSalud insurance,health,secondary,health_2017_household,25,outcome_mserd_fuzzy,fuzzy_late,rdrobust,selected_bc_household,ccpp_equal,cr2 cluster_ruv,1,2,triangular,mserd,,.0126445021786048,.012644502,.02092555,.02092555,100,29692,3617,6820,65,38,103,-3.460830969952686,-4.3465204,7.8179393,.57823306,-19.669399,10.976359,5.379579053245901,20.267214,-.214460683726232,-.97050339,.54158205,.5372684516072361,.60268283,.19418921,9.6322432,,,,0,1,.8509454727172852
S18,hh_share_indig_language_2017,Members with an Indigenous childhood language,human_capital,secondary,human_capital_2017_household,26,common_h_fuzzy,fuzzy_late,rdrobust,selected_bc_household,ccpp_equal,cr2 cluster_ruv,1,2,triangular,manual,,.0075,.0074999998,.0135,.0135,100,29564,2472,1047,41,22,63,-12.71165754044343,-12.284598,14.335222,.39147139,-40.381119,15.811921,81.6952964400362,31.55102,-.3893566060657427,-1.2798673,.50115407,.836043199016722,.96453828,.21511964,20.103828,,,,0,1,.9843268394470215
S18,hh_share_indig_language_2017,Members with an Indigenous childhood language,human_capital,secondary,human_capital_2017_household,26,common_h_reduced_form,reduced_form,rdrobust,selected_bc_household,ccpp_equal,cr2 cluster_ruv,1,2,triangular,manual,,.0075,.0074999998,.0135,.0135,100,29564,2472,1047,41,22,63,-10.62749483491736,-11.90384,10.776757,.26933962,-33.025898,9.2182159,81.6952964400362,31.55102,-.377288592970082,-1.0467458,.29216856,,,,,,,,0,1,.9728977680206299
S18,hh_share_indig_language_2017,Members with an Indigenous childhood language,human_capital,secondary,human_capital_2017_household,26,outcome_cerrd_fuzzy,fuzzy_late,rdrobust,selected_bc_household,ccpp_equal,cr2 cluster_ruv,1,2,triangular,cerrd,,.0102784271608705,.010278427,.021494843,.021494843,100,29564,3257,5197,59,32,91,-12.28760508496455,-10.920303,16.304605,.50300568,-42.876743,21.036135,81.05475303481033,32.578472,-.3351999949760319,-1.3161066,.64570659,.6351180486922291,.67923182,.19669069,11.925277,,,,0,1,.9051705002784729
S18,hh_share_indig_language_2017,Members with an Indigenous childhood language,human_capital,secondary,human_capital_2017_household,26,outcome_mserd_fuzzy,fuzzy_late,rdrobust,selected_bc_household,ccpp_equal,cr2 cluster_ruv,1,2,triangular,mserd,,.0139073274700632,.013907327,.021494843,.021494843,100,29564,5187,6834,70,40,110,-12.27922889926726,-9.8580418,20.675806,.63351083,-50.381874,30.665792,80.40953825025869,33.089306,-.2979222778970585,-1.522603,.92675841,.5032975233304289,.56870717,.19277021,8.7035713,,,,0,1,.9691265821456909
S19,hh_member_share_nbi_2017,Members exposed to any unmet basic need,deprivation,secondary,deprivation_2017_household,27,common_h_fuzzy,fuzzy_late,rdrobust,selected_bc_household,ccpp_equal,cr2 cluster_ruv,1,2,triangular,manual,,.0075,.0074999998,.0135,.0135,100,14266,1170,563,41,22,63,8.062513691302033,7.7401376,17.431719,.65702379,-26.425406,41.905682,45.40890383931508,49.138065,.1575181572488239,-.53777874,.85281503,.8360431990167223,.96453828,.21511964,20.103828,,,,0,1,.6830093860626221
S19,hh_member_share_nbi_2017,Members exposed to any unmet basic need,deprivation,secondary,deprivation_2017_household,27,common_h_reduced_form,reduced_form,rdrobust,selected_bc_household,ccpp_equal,cr2 cluster_ruv,1,2,triangular,manual,,.0075,.0074999998,.0135,.0135,100,14266,1170,563,41,22,63,6.740609738592274,7.5070825,14.472039,.60394895,-20.857594,35.871758,45.40890383931508,49.138065,.1527752982899359,-.42446917,.73001975,,,,,,,,0,1,.6337085366249084
S19,hh_member_share_nbi_2017,Members exposed to any unmet basic need,deprivation,secondary,deprivation_2017_household,27,outcome_cerrd_fuzzy,fuzzy_late,rdrobust,selected_bc_household,ccpp_equal,cr2 cluster_ruv,1,2,triangular,cerrd,,.0096333983137758,.0096333986,.02009942,.02009942,100,14266,1469,2238,54,30,84,6.338903091429057,8.2898998,16.695078,.61950815,-24.431852,41.01165,45.01895673780462,49.120674,.1687659997059562,-.49738428,.83491629,.6826706574817327,.73338455,.19882387,13.605874,,,,0,1,.6335134506225586
S19,hh_member_share_nbi_2017,Members exposed to any unmet basic need,deprivation,secondary,deprivation_2017_household,27,outcome_mserd_fuzzy,fuzzy_late,rdrobust,selected_bc_household,ccpp_equal,cr2 cluster_ruv,1,2,triangular,mserd,,.0130314764132536,.013031476,.02009942,.02009942,100,14266,2481,2999,69,38,107,8.259035633280913,11.765491,21.104694,.57719803,-29.598949,53.129932,46.87960959512142,49.307415,.2386150570570101,-.60029411,1.0775242,.5268189427339769,.60365283,.19460022,9.6224985,,,,0,1,.7258363366127014
S20,hh_single_dest_nbi_any_2017,Single-destination household has any unmet basic need,deprivation,secondary,deprivation_2017_household,28,common_h_fuzzy,fuzzy_late,rdrobust,selected_bc_household,ccpp_equal,cr2 cluster_ruv,1,2,triangular,manual,,.0075,.0074999998,.0135,.0135,100,8602,692,368,41,21,62,11.51922047612418,9.6460438,23.62142,.68300939,-36.651089,55.943176,49.20307075465302,50.029812,.1928059230918706,-.73258495,1.1181968,.8295977468851748,.9538157,.21898635,18.971203,,,,0,1,.6830093860626221
S20,hh_single_dest_nbi_any_2017,Single-destination household has any unmet basic need,deprivation,secondary,deprivation_2017_household,28,common_h_reduced_form,reduced_form,rdrobust,selected_bc_household,ccpp_equal,cr2 cluster_ruv,1,2,triangular,manual,,.0075,.0074999998,.0135,.0135,100,8602,692,368,41,21,62,9.556319352866193,9.4332304,19.796352,.63370854,-29.366909,48.233368,49.20307075465302,50.029812,.1885521905092206,-.58698821,.96409261,,,,,,,,0,1,.6337085366249084
S20,hh_single_dest_nbi_any_2017,Single-destination household has any unmet basic need,deprivation,secondary,deprivation_2017_household,28,outcome_cerrd_fuzzy,fuzzy_late,rdrobust,selected_bc_household,ccpp_equal,cr2 cluster_ruv,1,2,triangular,cerrd,,.0101405535611965,.010140553,.02101947,.02101947,100,8602,941,1318,59,31,90,8.069321915294521,10.487785,21.996771,.63351345,-32.625095,53.600666,49.43273520301943,50.023369,.2096577171647323,-.65219706,1.0715125,.6375824185840039,.67858177,.19792201,11.754827,,,,0,1,.6335134506225586
S20,hh_single_dest_nbi_any_2017,Single-destination household has any unmet basic need,deprivation,secondary,deprivation_2017_household,28,outcome_mserd_fuzzy,fuzzy_late,rdrobust,selected_bc_household,ccpp_equal,cr2 cluster_ruv,1,2,triangular,mserd,,.013704372851625,.013704373,.02101947,.02101947,100,8602,1530,1755,69,38,107,14.87270635802091,18.214197,26.705551,.49521503,-34.127724,70.556114,50.5695693411764,50.013103,.364188491354151,-.68237561,1.4107527,.5059835546400957,.56613314,.19404615,8.5119104,,,,0,1,.7258363366127014
S21,hh_wellbeing_housing_2017,Housing wellbeing domain,wellbeing,secondary,wellbeing_2017_household,29,common_h_fuzzy,fuzzy_late,rdrobust,selected_bc_household,ccpp_equal,cr2 cluster_ruv,1,2,triangular,manual,,.0075,.0074999998,.0135,.0135,100,29165,2426,1038,41,22,63,5.935292249125157,4.489819,13.625279,.74176174,-22.215239,31.194876,19.00313006718063,35.765957,.1255333141859213,-.62112808,.87219471,.8360431990167221,.96453828,.21511964,20.103828,,,,0,1,.7433814406394958
S21,hh_wellbeing_housing_2017,Housing wellbeing domain,wellbeing,secondary,wellbeing_2017_household,29,common_h_reduced_form,reduced_form,rdrobust,selected_bc_household,ccpp_equal,cr2 cluster_ruv,1,2,triangular,manual,,.0075,.0074999998,.0135,.0135,100,29165,2426,1038,41,22,63,4.962160719057751,4.5163383,10.576223,.66935933,-16.212679,25.245356,19.00313006718063,35.765957,.1262747857628823,-.45329922,.70584875,,,,,,,,0,1,.6855750679969788
S21,hh_wellbeing_housing_2017,Housing wellbeing domain,wellbeing,secondary,wellbeing_2017_household,29,outcome_cerrd_fuzzy,fuzzy_late,rdrobust,selected_bc_household,ccpp_equal,cr2 cluster_ruv,1,2,triangular,cerrd,,.0095697655923831,.009569766,.02007192,.02007192,100,29165,2934,5133,52,30,82,5.5872855489024,5.6953788,12.908933,.65907061,-19.605665,30.996422,19.52978366033971,36.295853,.1569154081517418,-.54016262,.85399348,.6873797300599049,.73778945,.19895674,13.751419,,,,0,1,.76595139503479
S21,hh_wellbeing_housing_2017,Housing wellbeing domain,wellbeing,secondary,wellbeing_2017_household,29,outcome_mserd_fuzzy,fuzzy_late,rdrobust,selected_bc_household,ccpp_equal,cr2 cluster_ruv,1,2,triangular,mserd,,.0129484659298538,.012948466,.02007192,.02007192,100,29165,3709,6700,67,38,105,8.196830581489788,8.0368547,16.483608,.62585694,-24.270424,40.344131,21.02964896027937,37.322201,.2153371007695514,-.65029454,1.0809687,.5290619416362168,.60558963,.19467409,9.6769962,,,,0,1,.7898039221763611
S22,hh_wellbeing_services_2017,Services wellbeing domain,wellbeing,secondary,wellbeing_2017_household,30,common_h_fuzzy,fuzzy_late,rdrobust,selected_bc_household,ccpp_equal,cr2 cluster_ruv,1,2,triangular,manual,,.0075,.0074999998,.0135,.0135,100,25753,2077,887,40,22,62,5.872195585229682,6.6681232,14.237123,.63952595,-21.236124,34.572369,77.93456134778863,29.837011,.2234849499561866,-.71173763,1.1587075,.8403214368143909,.97192824,.21495344,20.444647,,,,0,1,.7433814406394958
S22,hh_wellbeing_services_2017,Services wellbeing domain,wellbeing,secondary,wellbeing_2017_household,30,common_h_reduced_form,reduced_form,rdrobust,selected_bc_household,ccpp_equal,cr2 cluster_ruv,1,2,triangular,manual,,.0075,.0074999998,.0135,.0135,100,25753,2077,887,40,22,62,4.934531831435329,6.3761878,11.642868,.58393395,-16.443415,29.195791,77.93456134778863,29.837011,.213700609985239,-.55110794,.97850919,,,,,,,,0,1,.6855750679969788
S22,hh_wellbeing_services_2017,Services wellbeing domain,wellbeing,secondary,wellbeing_2017_household,30,outcome_cerrd_fuzzy,fuzzy_late,rdrobust,selected_bc_household,ccpp_equal,cr2 cluster_ruv,1,2,triangular,cerrd,,.0097940602963409,.0097940601,.020763976,.020763976,100,25753,2640,4337,53,32,85,5.102049078304264,6.1547809,13.742801,.65425789,-20.780615,33.090176,77.67696700716547,29.914639,.2057447912510807,-.69466376,1.1061534,.6672153759708649,.71608615,.19818038,13.055973,,,,0,1,.76595139503479
S22,hh_wellbeing_services_2017,Services wellbeing domain,wellbeing,secondary,wellbeing_2017_household,30,outcome_mserd_fuzzy,fuzzy_late,rdrobust,selected_bc_household,ccpp_equal,cr2 cluster_ruv,1,2,triangular,mserd,,.0132472349188177,.013247235,.020763976,.020763976,100,25753,4497,5810,67,39,106,2.416765724887816,5.1663136,16.327341,.75168294,-26.834686,37.167313,78.35811055670062,29.302874,.176307410514339,-.91576976,1.2683846,.5202622666123434,.59387517,.19418772,9.352911,,,,0,1,.7898039221763611
S23,hh_wellbeing_energy_2017,Energy wellbeing domain,wellbeing,secondary,wellbeing_2017_household,31,common_h_fuzzy,fuzzy_late,rdrobust,selected_bc_household,ccpp_equal,cr2 cluster_ruv,1,2,triangular,manual,,.0075,.0074999998,.0135,.0135,100,29165,2426,1038,41,22,63,5.07422979269281,5.9307833,11.102459,.59321254,-15.829636,27.691202,53.8521992270157,31.930151,.1857424154479381,-.49575827,.86724311,.8360431990167221,.96453828,.21511964,20.103828,,,,0,1,.7433814406394958
S23,hh_wellbeing_energy_2017,Energy wellbeing domain,wellbeing,secondary,wellbeing_2017_household,31,common_h_reduced_form,reduced_form,rdrobust,selected_bc_household,ccpp_equal,cr2 cluster_ruv,1,2,triangular,manual,,.0075,.0074999998,.0135,.0135,100,29165,2426,1038,41,22,63,4.242275308428855,5.6104045,8.6454182,.51637369,-11.334305,22.555113,53.8521992270157,31.930151,.1757086780195391,-.35497186,.70638919,,,,,,,,0,1,.6855750679969788
S23,hh_wellbeing_energy_2017,Energy wellbeing domain,wellbeing,secondary,wellbeing_2017_household,31,outcome_cerrd_fuzzy,fuzzy_late,rdrobust,selected_bc_household,ccpp_equal,cr2 cluster_ruv,1,2,triangular,cerrd,,.0091766467882479,.0091766464,.019464787,.019464787,100,29165,2934,5088,52,29,81,4.404681584937072,5.0929079,11.138802,.6475113,-16.738743,26.924557,55.58265004115628,32.666008,.1559084814729439,-.51242077,.82423776,.7236896340349958,.77564555,.20027034,15.000072,,,,0,1,.76595139503479
S23,hh_wellbeing_energy_2017,Energy wellbeing domain,wellbeing,secondary,wellbeing_2017_household,31,outcome_mserd_fuzzy,fuzzy_late,rdrobust,selected_bc_household,ccpp_equal,cr2 cluster_ruv,1,2,triangular,mserd,,.0124165526460237,.012416553,.019464787,.019464787,100,29165,3457,6700,63,38,101,2.193471145451057,3.9565935,14.842873,.78980392,-25.134901,33.048088,54.64955568996873,32.831852,.1205108269586566,-.76556456,1.0065862,.5431511931323784,.62414527,.19546935,10.195629,,,,0,1,.7898039221763611
S24,hh_wellbeing_assets_2017,Durable-assets wellbeing domain,wellbeing,secondary,wellbeing_2017_household,32,common_h_fuzzy,fuzzy_late,rdrobust,selected_bc_household,ccpp_equal,cr2 cluster_ruv,1,2,triangular,manual,,.0075,.0074999998,.0135,.0135,100,29165,2426,1038,41,22,63,2.317897194666504,2.0919435,6.3899794,.74338144,-10.432186,14.616073,11.35675544856222,18.377193,.1138336767615911,-.56767023,.79533756,.8360431990167221,.96453828,.21511964,20.103828,,,,0,1,.7433814406394958
S24,hh_wellbeing_assets_2017,Durable-assets wellbeing domain,wellbeing,secondary,wellbeing_2017_household,32,common_h_reduced_form,reduced_form,rdrobust,selected_bc_household,ccpp_equal,cr2 cluster_ruv,1,2,triangular,manual,,.0075,.0074999998,.0135,.0135,100,29165,2426,1038,41,22,63,1.93786218562087,2.0467935,5.0554676,.68557507,-7.8617411,11.955328,11.35675544856222,18.377193,.111376826619656,-.42779878,.65055245,,,,,,,,0,1,.6855750679969788
S24,hh_wellbeing_assets_2017,Durable-assets wellbeing domain,wellbeing,secondary,wellbeing_2017_household,32,outcome_cerrd_fuzzy,fuzzy_late,rdrobust,selected_bc_household,ccpp_equal,cr2 cluster_ruv,1,2,triangular,cerrd,,.0081156490659497,.0081156492,.017518003,.017518003,100,29165,2666,1038,48,22,70,1.575829753944668,1.7016115,5.7163444,.7659514,-9.5022173,12.90544,11.64478329265213,19.017591,.0894756561346804,-.49965408,.67860538,.826860391208759,.89174062,.20479834,18.959387,,,,0,1,.76595139503479
S24,hh_wellbeing_assets_2017,Durable-assets wellbeing domain,wellbeing,secondary,wellbeing_2017_household,32,outcome_mserd_fuzzy,fuzzy_late,rdrobust,selected_bc_household,ccpp_equal,cr2 cluster_ruv,1,2,triangular,mserd,,.0109809591901333,.010980959,.017518003,.017518003,100,29165,3192,5179,60,35,95,1.907648753258542,2.1555219,7.3800378,.77022958,-12.309087,16.620131,11.89873009392074,19.481817,.1106427559135588,-.63182437,.8531099,.5930336715304593,.70907253,.19832729,12.782517,,,,0,1,.7898039221763611
S25,hh_deprivation_core_2017,Core household deprivation proxy,deprivation,secondary,deprivation_2017_household,33,common_h_fuzzy,fuzzy_late,rdrobust,selected_bc_household,ccpp_equal,cr2 cluster_ruv,1,2,triangular,manual,,.0075,.0074999998,.0135,.0135,100,25533,2061,874,40,22,62,-8.453659687068004,-9.2978382,10.204698,.36222523,-29.298677,10.703002,44.82778638969697,20.682671,-.4495472858583718,-1.416581,.51748645,.8403214368143909,.97192824,.21495344,20.444647,,,,0,1,.6830093860626221
S25,hh_deprivation_core_2017,Core household deprivation proxy,deprivation,secondary,deprivation_2017_household,33,common_h_reduced_form,reduced_form,rdrobust,selected_bc_household,ccpp_equal,cr2 cluster_ruv,1,2,triangular,manual,,.0075,.0074999998,.0135,.0135,100,25533,2061,874,40,22,62,-7.10379145457688,-8.9257317,7.5594053,.23770395,-23.741894,5.8904305,44.82778638969697,20.682671,-.4315560710801891,-1.1479124,.28480029,,,,,,,,0,.7131118476390839,.6337085366249084
S25,hh_deprivation_core_2017,Core household deprivation proxy,deprivation,secondary,deprivation_2017_household,33,outcome_cerrd_fuzzy,fuzzy_late,rdrobust,selected_bc_household,ccpp_equal,cr2 cluster_ruv,1,2,triangular,cerrd,,.0091446240005529,.0091446238,.020321518,.020321518,100,25533,2520,4237,51,29,80,-6.428317154943107,-6.4922762,9.6390038,.50060236,-25.384377,12.399824,44.62762920457169,21.063745,-.3082204096314962,-1.2051216,.58868086,.7264356579517283,.77276015,.20020172,14.898889,,,,0,1,.6335134506225586
S25,hh_deprivation_core_2017,Core household deprivation proxy,deprivation,secondary,deprivation_2017_household,33,outcome_mserd_fuzzy,fuzzy_late,rdrobust,selected_bc_household,ccpp_equal,cr2 cluster_ruv,1,2,triangular,mserd,,.0123673472322758,.012367347,.020321518,.020321518,100,25533,2985,5716,61,38,99,-3.6850948472462,-4.192224,11.954916,.72583634,-27.623428,19.238981,44.56088313221728,20.882708,-.2007509630393716,-1.3227895,.92128766,.5443408678330686,.61625701,.19517891,9.9691467,,,,0,1,.7258363366127014
M01,hh_share_internet_2017,Members exposed to household internet,connectivity,mechanism,mechanism_2017_household,34,common_h_fuzzy,fuzzy_late,rdrobust,selected_bc_household,ccpp_equal,cr2 cluster_ruv,1,2,triangular,manual,,.0075,.0074999998,.0135,.0135,100,29165,2426,1038,41,22,63,2.133448392797145,2.6810679,3.6361346,.46091557,-4.4456253,9.8077612,4.024443385353881,17.488688,.1533029760940792,-.25420004,.56080598,.8360431990167221,.96453828,.21511964,20.103828,,,,0,1,.691373348236084
M01,hh_share_internet_2017,Members exposed to household internet,connectivity,mechanism,mechanism_2017_household,34,common_h_reduced_form,reduced_form,rdrobust,selected_bc_household,ccpp_equal,cr2 cluster_ruv,1,2,triangular,manual,,.0075,.0074999998,.0135,.0135,100,29165,2426,1038,41,22,63,1.783655019251209,2.5156262,2.756861,.36150739,-2.887722,7.9189744,4.024443385353881,17.488688,.1438430487808813,-.16511942,.45280552,,,,,,,,0,.7763152420520782,.542261078953743
M01,hh_share_internet_2017,Members exposed to household internet,connectivity,mechanism,mechanism_2017_household,34,outcome_cerrd_fuzzy,fuzzy_late,rdrobust,selected_bc_household,ccpp_equal,cr2 cluster_ruv,1,2,triangular,cerrd,,.0101151967362259,.010115197,.020545918,.020545918,100,29165,3156,5152,57,32,89,1.07249794201887,1.3804778,3.5575912,.69798851,-5.5922728,8.3532286,4.329044239429294,17.988117,.0767438703807198,-.31088704,.46437478,.6461905596071357,.69812942,.197429,12.504028,,,,0,1,.927954375743866
M01,hh_share_internet_2017,Members exposed to household internet,connectivity,mechanism,mechanism_2017_household,34,outcome_mserd_fuzzy,fuzzy_late,rdrobust,selected_bc_household,ccpp_equal,cr2 cluster_ruv,1,2,triangular,mserd,,.0136864669305002,.013686467,.020545918,.020545918,100,29165,5092,6769,70,40,110,.0031025854174465,.8135699,4.117712,.84337515,-7.2569971,8.8841372,4.550499107780999,18.429129,.0441458716341742,-.39377865,.48207039,.5096335521968153,.58724076,.19374445,9.1870022,,,,0,1,.9888859987258911
M02,hh_single_dest_internet_2017,Single-destination household has internet,connectivity,mechanism,mechanism_2017_household,35,common_h_fuzzy,fuzzy_late,rdrobust,selected_bc_household,ccpp_equal,cr2 cluster_ruv,1,2,triangular,manual,,.0075,.0074999998,.0135,.0135,100,19348,1584,721,41,21,62,3.524725671405851,4.0646329,4.6137409,.37832636,-4.9781332,13.107399,2.991402890600411,17.040396,.2385292473765823,-.29213715,.76919568,.8295977468851754,.94554639,.21928592,18.592773,,,,0,1,.691373348236084
M02,hh_single_dest_internet_2017,Single-destination household has internet,connectivity,mechanism,mechanism_2017_household,35,common_h_reduced_form,reduced_form,rdrobust,selected_bc_household,ccpp_equal,cr2 cluster_ruv,1,2,triangular,manual,,.0075,.0074999998,.0135,.0135,100,19348,1584,721,41,21,62,2.924104475386631,3.7806976,3.3478272,.25877175,-2.7809229,10.342318,2.991402890600411,17.040396,.2218667565857007,-.16319591,.60692942,,,,,,,,0,.7763152420520782,.542261078953743
M02,hh_single_dest_internet_2017,Single-destination household has internet,connectivity,mechanism,mechanism_2017_household,35,outcome_cerrd_fuzzy,fuzzy_late,rdrobust,selected_bc_household,ccpp_equal,cr2 cluster_ruv,1,2,triangular,cerrd,,.0102793264125832,.010279327,.020762822,.020762822,100,19348,2090,3356,59,31,90,1.780393079631029,2.2701249,4.0843172,.57833731,-5.7349896,10.275239,3.114845755473183,17.37604,.1306468490416507,-.33005157,.59134531,.6285494924035474,.67541558,.19715591,11.736065,,,,0,1,.927954375743866
M02,hh_single_dest_internet_2017,Single-destination household has internet,connectivity,mechanism,mechanism_2017_household,35,outcome_mserd_fuzzy,fuzzy_late,rdrobust,selected_bc_household,ccpp_equal,cr2 cluster_ruv,1,2,triangular,mserd,,.0139068983265417,.013906898,.020762822,.020762822,100,19348,3396,4451,70,39,109,.6565139920612928,1.7731881,4.6343803,.70200449,-7.3100305,10.856406,3.570362920999942,18.557753,.0955497214452747,-.39390707,.58500654,.5048653797814017,.57471943,.19340526,8.8302937,,,,0,1,.9888859987258911
M03,hh_wellbeing_connect_2017,Connectivity wellbeing domain,connectivity,mechanism,mechanism_2017_household,36,common_h_fuzzy,fuzzy_late,rdrobust,selected_bc_household,ccpp_equal,cr2 cluster_ruv,1,2,triangular,manual,,.0075,.0074999998,.0135,.0135,100,29165,2426,1038,41,22,63,.7325702160475327,1.0929793,7.4026999,.88262212,-13.416045,15.602004,23.5123106048363,20.396627,.053586273853419,-.65775806,.76493055,.8360431990167221,.96453828,.21511964,20.103828,,,,0,1,.8826221227645874
M03,hh_wellbeing_connect_2017,Connectivity wellbeing domain,connectivity,mechanism,mechanism_2017_household,36,common_h_reduced_form,reduced_form,rdrobust,selected_bc_household,ccpp_equal,cr2 cluster_ruv,1,2,triangular,manual,,.0075,.0074999998,.0135,.0135,100,29165,2426,1038,41,22,63,.6124603469287504,1.0079095,6.1112428,.86900139,-10.969907,12.985725,23.5123106048363,20.396627,.0494154998070245,-.5378294,.6366604,,,,,,,,0,.8690013885498047,.8690013885498047
M03,hh_wellbeing_connect_2017,Connectivity wellbeing domain,connectivity,mechanism,mechanism_2017_household,36,outcome_cerrd_fuzzy,fuzzy_late,rdrobust,selected_bc_household,ccpp_equal,cr2 cluster_ruv,1,2,triangular,cerrd,,.0101693869723756,.010169387,.021409083,.021409083,100,29165,3191,5152,59,32,91,.9131499737051929,.67985815,7.5189886,.92795438,-14.057088,15.416804,24.49186139462192,20.416174,.033299979586535,-.68852711,.75512707,.6423655382731747,.68709242,.19691738,12.174809,,,,0,1,.927954375743866
M03,hh_wellbeing_connect_2017,Connectivity wellbeing domain,connectivity,mechanism,mechanism_2017_household,36,outcome_mserd_fuzzy,fuzzy_late,rdrobust,selected_bc_household,ccpp_equal,cr2 cluster_ruv,1,2,triangular,mserd,,.0137597895651814,.01375979,.021409083,.021409083,100,29165,5092,6769,70,40,110,.1626720782063741,-.12497884,8.9720755,.988886,-17.709923,17.459967,24.55510464979624,20.906298,-.0059780474004927,-.8471095,.8351534,.5074544990094078,.57389969,.19294362,8.8473091,,,,0,1,.9888859987258911
