outcome_id,outcome_var,outcome_label,family,tier,multiplicity_family,paper_order,spec_id,estimand,estimator,sample_rule,weighting,vce,p,q,kernel,bwselect,tuning_value,h_left,h_right,b_left,b_right,scale,n_input,n_eff_left,n_eff_right,ccpp_left,ccpp_right,clusters,estimate_cl,estimate_bc,standard_error,pvalue,ci_low,ci_high,control_mean,control_sd,standardized_estimate,standardized_ci_low,standardized_ci_high,first_stage_cl,first_stage_bc,first_stage_se,first_stage_f,weak_robust_p,wild_cluster_p,underid_p,estimation_rc,p_holm,q_bh
D01,treat_12,Treatment through 2012: linked household universe,design,design,design,-4,common_h_ccpp_equal,first_stage,rdrobust,selected_bc_household,ccpp_equal,cr2 cluster_ruv,1,2,triangular,manual,,.0075,.0074999998,.0135,.0135,1,42355,2830,1268,43,22,65,.6720353021488912,.78113091,.23437309,.00085960561,.32176808,1.2404938,.3488372093023256,.4766866,1.638667660676245,.67500973,2.6023257,,,,,,,,0,,
D02,treat_12,Treatment through 2012: complete primary sample,design,design,design,-3,common_h_primary_ccpp_equal,first_stage,rdrobust,selected_bc_primary_household,ccpp_equal,cr2 cluster_ruv,1,2,triangular,manual,,.0075,.0074999998,.0135,.0135,1,39074,2612,1198,43,22,65,.6720353021488913,.78113091,.23437309,.00085960561,.32176808,1.2404938,.3488372093023256,.47669363,1.638643488571694,.67499977,2.6022873,,,,,,,,0,,
D03,treat_12,Treatment through 2012: household-equal sensitivity,design,design,design,-2,common_h_primary_household_equal,first_stage,rdrobust,selected_bc_primary_household,household_equal,cr2 cluster_ruv,1,2,triangular,manual,,.0075,.0074999998,.0135,.0135,1,39074,2612,1198,43,22,65,.4318748259616421,.44312185,.3477104,.20252199,-.23837803,1.1246217,.4180704441041347,.49333632,.8982145285148075,-.48319578,2.2796249,,,,,,,,0,,
D04,treat_12,Treatment through 2012: treatment-based MSE selector,design,design,design,-1,mserd_primary_ccpp_equal,first_stage,rdrobust,selected_bc_primary_household,ccpp_equal,cr2 cluster_ruv,1,2,triangular,mserd,,.0076589577050857,.0076589575,.013703033,.013703033,1,39074,2743,1198,46,22,68,.6766634416182987,.78918386,.23244461,.00068591541,.33360076,1.244767,.3260869565217391,.46886501,1.68317925343511,.71150708,2.6548514,,,,,,,,0,,
H01,hh_members_2013,Rostered household members,demography,primary,primary_2013_household,1,common_h_covariates,fuzzy_late,rdrobust,selected_bc_primary_household,ccpp_equal,cr2 cluster_ruv,1,2,triangular,manual,,.0075,.0074999998,.0135,.0135,1,37314,2477,1198,41,22,63,-.0927611682673932,-.085212342,.68046337,.90034389,-1.4188961,1.2484714,3.011265121813506,1.8233032,-.0467351437375007,-.77820081,.68473053,.6504989846138963,.75404376,.19892886,14.368038,,,,0,1,.9964606165885925
H01,hh_members_2013,Rostered household members,demography,primary,primary_2013_household,1,common_h_cr1_ccpp,fuzzy_late,rdrobust,selected_bc_primary_household,ccpp_equal,cr1 cluster_ruv,1,2,triangular,manual,,.0075,.0074999998,.0135,.0135,1,39074,2612,1198,43,22,65,.0524229678136846,.070177443,.64583224,.91347057,-1.1956304,1.3359853,3.018493100643886,1.8145717,.0386743848418901,-.65890503,.7362538,.6720353021488913,.78113091,.22292502,12.278067,,,,0,1,.9281740784645081
H01,hh_members_2013,Rostered household members,demography,primary,primary_2013_household,1,common_h_cr2_district,fuzzy_late,rdrobust,selected_bc_primary_household,ccpp_equal,cr2 cluster_dist,1,2,triangular,manual,,.0075,.0074999998,.0135,.0135,1,39074,2612,1198,43,22,45,.0524229678136846,.070177443,.692711,.91930562,-1.2875112,1.4278661,3.018493100643886,1.8145717,.0386743848418901,-.70954001,.78688878,.6720353021488913,.78113091,.23184101,11.351862,,,,0,1,.9348071217536926
H01,hh_members_2013,Rostered household members,demography,primary,primary_2013_household,1,common_h_cr2_score,fuzzy_late,rdrobust,selected_bc_primary_household,ccpp_equal,cr2 cluster_score,1,2,triangular,manual,,.0075,.0074999998,.0135,.0135,1,39074,2612,1198,43,22,49,.0524229678136846,.070177443,.68311077,.91817552,-1.268695,1.4090499,3.018493100643886,1.8145717,.0386743848418901,-.69917047,.7765193,.6720353021488913,.78113091,.24362636,10.280142,,,,0,1,.9331732392311096
H01,hh_members_2013,Rostered household members,demography,primary,primary_2013_household,1,common_h_cr3_ccpp,fuzzy_late,rdrobust,selected_bc_primary_household,ccpp_equal,cr3 cluster_ruv,1,2,triangular,manual,,.0075,.0074999998,.0135,.0135,1,39074,2612,1198,43,22,65,.0524229678136846,.070177443,.71995544,.92234939,-1.3409092,1.4812642,3.018493100643886,1.8145717,.0386743848418901,-.73896736,.81631613,.6720353021488913,.78113091,.24998967,9.7634544,,,,0,1,.9388048052787781
H01,hh_members_2013,Rostered household members,demography,primary,primary_2013_household,1,common_h_epanechnikov,fuzzy_late,rdrobust,selected_bc_primary_household,ccpp_equal,cr2 cluster_ruv,1,2,epanechnikov,manual,,.0075,.0074999998,.0135,.0135,1,39074,2612,1198,43,22,65,-.1339307560886586,-.15878782,.70991081,.82301182,-1.5501873,1.2326118,3.018493100643886,1.8145717,-.0875070533235971,-.85429931,.67928523,.6822543313350308,.80355632,.23723973,11.472492,,,,0,1,.8967278599739075
H01,hh_members_2013,Rostered household members,demography,primary,primary_2013_household,1,common_h_fuzzy,fuzzy_late,rdrobust,selected_bc_primary_household,ccpp_equal,cr2 cluster_ruv,1,2,triangular,manual,,.0075,.0074999998,.0135,.0135,1,39074,2612,1198,43,22,65,.0524229678136846,.070177443,.67763847,.91751713,-1.2579695,1.3983244,3.018493100643886,1.8145717,.0386743848418901,-.69325978,.77060854,.6720353021488913,.78113091,.23437309,11.107904,,,,0,1,.9332013130187988
H01,hh_members_2013,Rostered household members,demography,primary,primary_2013_household,1,common_h_household_equal,fuzzy_late,rdrobust,selected_bc_primary_household,household_equal,cr2 cluster_ruv,1,2,triangular,manual,,.0075,.0074999998,.0135,.0135,1,39074,2612,1198,43,22,65,-.3902008474225017,-.5908283,.81941032,.47088435,-2.1968429,1.0151863,3.132848392036753,1.7913898,-.3298156033303441,-1.2263345,.5667032,.4318748259616421,.44312185,.3477104,1.6240932,,,,0,1,.7260568141937256
H01,hh_members_2013,Rostered household members,demography,primary,primary_2013_household,1,common_h_reduced_form,reduced_form,rdrobust,selected_bc_primary_household,ccpp_equal,cr2 cluster_ruv,1,2,triangular,manual,,.0075,.0074999998,.0135,.0135,1,39074,2612,1198,43,22,65,.0352300850142111,.052880835,.45943031,.90836513,-.84758604,.95334768,3.018493100643886,1.8145717,.0291423231019467,-.46709976,.52538443,,,,,,,,0,1,.9204491376876831
H01,hh_members_2013,Rostered household members,demography,primary,primary_2013_household,1,common_h_uniform,fuzzy_late,rdrobust,selected_bc_primary_household,ccpp_equal,cr2 cluster_ruv,1,2,uniform,manual,,.0075,.0074999998,.0135,.0135,1,39074,2612,1198,43,22,65,-.3291447711506341,-.58097541,.65393478,.37430936,-1.862664,.70071316,3.018493100643886,1.8145717,-.3201721925149045,-1.0265033,.38615897,.7491927348942,.8783322,.23997453,13.396375,,,,0,1,.7491047978401184
H01,hh_members_2013,Rostered household members,demography,primary,primary_2013_household,1,donut_005,fuzzy_late,rdrobust,selected_bc_primary_household,ccpp_equal,cr2 cluster_ruv,1,2,triangular,manual,.00005,.0075,.0074999998,.0135,.0135,1,39074,2612,1198,43,22,65,.0524229678136846,.070177443,.67763847,.91751713,-1.2579695,1.3983244,3.018493100643886,1.8145717,.0386743848418901,-.69325978,.77060854,.6720353021488913,.78113091,.23437309,11.107904,,,,0,1,.9332013130187988
H01,hh_members_2013,Rostered household members,demography,primary,primary_2013_household,1,donut_025,fuzzy_late,rdrobust,selected_bc_primary_household,ccpp_equal,cr2 cluster_ruv,1,2,triangular,manual,.00025,.0075,.0074999998,.0135,.0135,1,39049,2612,1173,43,21,64,-.1671422489987751,-.19557524,.93968958,.83512944,-2.037333,1.6461824,3.018493100643886,1.8145717,-.1077803816285925,-1.1227624,.90720165,.5876915334503651,.69047242,.29006919,5.6661677,,,,0,1,.9544336455208914
H01,hh_members_2013,Rostered household members,demography,primary,primary_2013_household,1,fixed_h_005,fuzzy_late,rdrobust,selected_bc_primary_household,ccpp_equal,cr2 cluster_ruv,1,2,triangular,manual,.005,.005,.0049999999,.0089999996,.0089999996,1,39074,2049,960,29,15,44,.7530648334541896,.99135727,.76252991,.19357023,-.50317389,2.4858885,3.02854995917578,1.825411,.5430871808957402,-.27564964,1.361824,.5965733413796614,.63612133,.28369862,5.0276551,,,,0,1,.9009705543518067
H01,hh_members_2013,Rostered household members,demography,primary,primary_2013_household,1,fixed_h_010,fuzzy_late,rdrobust,selected_bc_primary_household,ccpp_equal,cr2 cluster_ruv,1,2,triangular,manual,.01,.01,.0099999998,.017999999,.017999999,1,39074,3395,5088,59,31,90,-.2495208394804083,-.49228865,.74605405,.50934589,-1.9545277,.96995044,2.904123025957086,1.786869,-.2755034791312286,-1.0938282,.54282123,.5345445510201752,.61371577,.21533482,8.1228065,,,,0,1,.9020791053771973
H01,hh_members_2013,Rostered household members,demography,primary,primary_2013_household,1,outcome_cerrd_fuzzy,fuzzy_late,rdrobust,selected_bc_primary_household,ccpp_equal,cr2 cluster_ruv,1,2,triangular,cerrd,,.0074549711194798,.0074549713,.017583881,.017583881,1,39074,2612,1136,43,21,64,.0649926802400949,-.054003444,.63187104,.93189096,-1.2924479,1.1844411,3.018493100643886,1.8145717,-.0297609866604523,-.7122606,.65273863,.6698798170851533,.71366227,.22898887,9.7130756,,,,0,1,.9318909645080566
H01,hh_members_2013,Rostered household members,demography,primary,primary_2013_household,1,outcome_mserd_fuzzy,fuzzy_late,rdrobust,selected_bc_primary_household,ccpp_equal,cr2 cluster_ruv,1,2,triangular,mserd,,.010158332253342,.010158332,.017583881,.017583881,1,39074,3432,5088,61,31,92,-.2594733260497405,-.51330477,.76579159,.502671,-2.0142288,.98761916,2.895654511444832,1.7904395,-.2866920608287441,-1.1249912,.55160707,.5242202439269975,.60931051,.21589777,7.9649129,,,,0,1,.9957296848297119
H01,hh_members_2013,Rostered household members,demography,primary,primary_2013_household,1,outcome_mserd_p2,fuzzy_late,rdrobust,selected_bc_primary_household,ccpp_equal,cr2 cluster_ruv,2,3,triangular,mserd,,.0158866384099416,.015886638,.02469266,.02469266,1,39074,5954,7828,86,46,132,-.4089302082004794,-.5156346,.77757418,.50724578,-2.0396521,1.0083828,2.91466060901721,1.8089254,-.2850502410419587,-1.1275491,.55744851,.6257908362207024,.70521694,.22782314,9.5818586,,,,0,1,.826958383832659
H01,hh_members_2013,Rostered household members,demography,primary,primary_2013_household,1,parametric_common_h,parametric_late,ivreg2,selected_bc_primary_household,ccpp_equal,cr1 cluster_ruv,1,2,triangular,manual,.0075,.0075,.0074999998,.0135,.0135,1,3810,2612,1198,43,22,65,.0524229678136799,.052422967,.52641499,.92067391,-.97935045,1.0841963,2.99098308946604,1.8229045,.0287579355081128,-.5372473,.59476316,,,,11.096713,.922388035866804,.92598522,.01775909,0,1,.9206739068031311
H01,hh_members_2013,Rostered household members,demography,primary,primary_2013_household,1,parametric_covariates,parametric_late,ivreg2,selected_bc_primary_household,ccpp_equal,cr1 cluster_ruv,1,2,triangular,manual,.0075,.0075,.0074999998,.0135,.0135,1,3675,2477,1198,41,22,63,-.0927611682673,-.092761166,.54919219,.86587155,-1.1691779,.98365557,2.989575540551761,1.8382806,-.0504608320183694,-.63601708,.53509545,,,,12.245104,.8643727139819278,.88597721,.012522255,0,1,.9145523309707642
H01,hh_members_2013,Rostered household members,demography,primary,primary_2013_household,1,parametric_district,parametric_late,ivreg2,selected_bc_primary_household,ccpp_equal,cr1 cluster_dist,1,2,triangular,manual,.0075,.0075,.0074999998,.0135,.0135,1,3810,2612,1198,43,22,45,.0524229678136799,.052422967,.51298869,.91860485,-.95303482,1.0578808,2.99098308946604,1.8229045,.0287579355081128,-.52281117,.58032703,,,,10.993672,.9207642090745382,,.017612692,0,1,.918604850769043
H01,hh_members_2013,Rostered household members,demography,primary,primary_2013_household,1,parametric_household_equal,parametric_late,ivreg2,selected_bc_primary_household,household_equal,cr1 cluster_ruv,1,2,triangular,manual,.0075,.0075,.0074999998,.0135,.0135,1,3810,2612,1198,43,22,65,-.3902008474225035,-.39020085,.50708669,.44159931,-1.3840908,.60368907,3.181552492589643,1.8005656,-.2167101466786445,-.76869774,.33527747,,,,2.4104862,.435892007498666,,.10211302,0,1,.6644973754882813
H02,hh_share_female_2013,Female household members,demography,primary,primary_2013_household,2,common_h_covariates,fuzzy_late,rdrobust,selected_bc_primary_household,ccpp_equal,cr2 cluster_ruv,1,2,triangular,manual,,.0075,.0074999998,.0135,.0135,100,37314,2477,1198,41,22,63,4.837834351672296,4.923141,6.8250518,.47070411,-8.4537144,18.299997,53.60215619661537,30.228008,.1628668772043059,-.27966496,.60539871,.6504989846138963,.75404376,.19892886,14.368038,,,,0,1,.9964606165885925
H02,hh_share_female_2013,Female household members,demography,primary,primary_2013_household,2,common_h_cr1_ccpp,fuzzy_late,rdrobust,selected_bc_primary_household,ccpp_equal,cr1 cluster_ruv,1,2,triangular,manual,,.0075,.0074999998,.0135,.0135,100,39074,2612,1198,43,22,65,.8407413233634783,1.1237897,8.2252398,.89132565,-14.997384,17.244963,53.45593187739296,30.083708,.0373554254487329,-.49852178,.57323265,.6720353021488913,.78113091,.22292502,12.278067,,,,0,1,.9281740784645081
H02,hh_share_female_2013,Female household members,demography,primary,primary_2013_household,2,common_h_cr2_district,fuzzy_late,rdrobust,selected_bc_primary_household,ccpp_equal,cr2 cluster_dist,1,2,triangular,manual,,.0075,.0074999998,.0135,.0135,100,39074,2612,1198,43,22,45,.8407413233634783,1.1237897,8.3405943,.89281952,-15.223475,17.471054,53.45593187739296,30.083708,.0373554254487329,-.50603718,.58074802,.6720353021488913,.78113091,.23184101,11.351862,,,,0,1,.9348071217536926
H02,hh_share_female_2013,Female household members,demography,primary,primary_2013_household,2,common_h_cr2_score,fuzzy_late,rdrobust,selected_bc_primary_household,ccpp_equal,cr2 cluster_score,1,2,triangular,manual,,.0075,.0074999998,.0135,.0135,100,39074,2612,1198,43,22,49,.8407413233634783,1.1237897,9.0083494,.90072161,-16.532249,18.779829,53.45593187739296,30.083708,.0373554254487329,-.54954159,.6242525,.6720353021488913,.78113091,.24362636,10.280142,,,,0,1,.9331732392311096
H02,hh_share_female_2013,Female household members,demography,primary,primary_2013_household,2,common_h_cr3_ccpp,fuzzy_late,rdrobust,selected_bc_primary_household,ccpp_equal,cr3 cluster_ruv,1,2,triangular,manual,,.0075,.0074999998,.0135,.0135,100,39074,2612,1198,43,22,65,.8407413233634783,1.1237897,8.9204254,.89974827,-16.359922,18.607502,53.45593187739296,30.083708,.0373554254487329,-.54381335,.61852419,.6720353021488913,.78113091,.24998967,9.7634544,,,,0,1,.9388048052787781
H02,hh_share_female_2013,Female household members,demography,primary,primary_2013_household,2,common_h_epanechnikov,fuzzy_late,rdrobust,selected_bc_primary_household,ccpp_equal,cr2 cluster_ruv,1,2,epanechnikov,manual,,.0075,.0074999998,.0135,.0135,100,39074,2612,1198,43,22,65,1.001032233967834,1.5797424,7.9784565,.84304428,-14.057745,17.21723,53.45593187739296,30.083708,.0525115587659594,-.46728766,.57231075,.6822543313350308,.80355632,.23723973,11.472492,,,,0,1,.8967278599739075
H02,hh_share_female_2013,Female household members,demography,primary,primary_2013_household,2,common_h_fuzzy,fuzzy_late,rdrobust,selected_bc_primary_household,ccpp_equal,cr2 cluster_ruv,1,2,triangular,manual,,.0075,.0074999998,.0135,.0135,100,39074,2612,1198,43,22,65,.8407413233634783,1.1237897,8.5308475,.8951959,-15.596364,17.843943,53.45593187739296,30.083708,.0373554254487329,-.5184322,.59314305,.6720353021488913,.78113091,.23437309,11.107904,,,,0,1,.9332013130187988
H02,hh_share_female_2013,Female household members,demography,primary,primary_2013_household,2,common_h_household_equal,fuzzy_late,rdrobust,selected_bc_primary_household,household_equal,cr2 cluster_ruv,1,2,triangular,manual,,.0075,.0074999998,.0135,.0135,100,39074,2612,1198,43,22,65,7.022697610190701,7.3914857,8.0787525,.36022884,-8.4425774,23.22555,52.77580276623155,28.900034,.2557604497906777,-.29213038,.80365127,.4318748259616421,.44312185,.3477104,1.6240932,,,,0,1,.7260568141937256
H02,hh_share_female_2013,Female household members,demography,primary,primary_2013_household,2,common_h_reduced_form,reduced_form,rdrobust,selected_bc_primary_household,ccpp_equal,cr2 cluster_ruv,1,2,triangular,manual,,.0075,.0074999998,.0135,.0135,100,39074,2612,1198,43,22,65,.5650078492756339,.84694755,5.7560134,.88302046,-10.434631,12.128527,53.45593187739296,30.083708,.0281530299507313,-.34685323,.40315929,,,,,,,,0,1,.9204491376876831
H02,hh_share_female_2013,Female household members,demography,primary,primary_2013_household,2,common_h_uniform,fuzzy_late,rdrobust,selected_bc_primary_household,ccpp_equal,cr2 cluster_ruv,1,2,uniform,manual,,.0075,.0074999998,.0135,.0135,100,39074,2612,1198,43,22,65,2.627140917027114,2.9171402,6.7110705,.66379774,-10.236317,16.070597,53.45593187739296,30.083708,.0969674429165092,-.34026113,.53419602,.7491927348942,.8783322,.23997453,13.396375,,,,0,1,.7491047978401184
H02,hh_share_female_2013,Female household members,demography,primary,primary_2013_household,2,donut_005,fuzzy_late,rdrobust,selected_bc_primary_household,ccpp_equal,cr2 cluster_ruv,1,2,triangular,manual,.00005,.0075,.0074999998,.0135,.0135,100,39074,2612,1198,43,22,65,.8407413233634783,1.1237897,8.5308475,.8951959,-15.596364,17.843943,53.45593187739296,30.083708,.0373554254487329,-.5184322,.59314305,.6720353021488913,.78113091,.23437309,11.107904,,,,0,1,.9332013130187988
H02,hh_share_female_2013,Female household members,demography,primary,primary_2013_household,2,donut_025,fuzzy_late,rdrobust,selected_bc_primary_household,ccpp_equal,cr2 cluster_ruv,1,2,triangular,manual,.00025,.0075,.0074999998,.0135,.0135,100,39049,2612,1173,43,21,64,-.1954616665164761,.43227753,10.219506,.96626014,-19.597588,20.462143,53.45593187739296,30.083708,.014369156908625,-.6514352,.68017352,.5876915334503651,.69047242,.29006919,5.6661677,,,,0,1,.9662601351737976
H02,hh_share_female_2013,Female household members,demography,primary,primary_2013_household,2,fixed_h_005,fuzzy_late,rdrobust,selected_bc_primary_household,ccpp_equal,cr2 cluster_ruv,1,2,triangular,manual,.005,.005,.0049999999,.0089999996,.0089999996,100,39074,2049,960,29,15,44,-.0133065172261559,-2.0389738,12.143361,.86665523,-25.839523,21.761576,53.4642100531382,30.271263,-.067356744641968,-.85359913,.7188856,.5965733413796614,.63612133,.28369862,5.0276551,,,,0,1,.9905321002006531
H02,hh_share_female_2013,Female household members,demography,primary,primary_2013_household,2,fixed_h_010,fuzzy_late,rdrobust,selected_bc_primary_household,ccpp_equal,cr2 cluster_ruv,1,2,triangular,manual,.01,.01,.0099999998,.017999999,.017999999,100,39074,3395,5088,59,31,90,3.349744319615868,3.8095942,9.008605,.67237997,-13.846948,21.466135,53.58514753028975,30.730797,.1239666575707368,-.45058861,.69852191,.5345445510201752,.61371577,.21533482,8.1228065,,,,0,1,.9020791053771973
H02,hh_share_female_2013,Female household members,demography,primary,primary_2013_household,2,outcome_cerrd_fuzzy,fuzzy_late,rdrobust,selected_bc_primary_household,ccpp_equal,cr2 cluster_ruv,1,2,triangular,cerrd,,.0089757748337683,.008975775,.019826161,.019826161,100,39074,3154,1294,54,25,79,2.79634508678281,2.8795886,7.8221345,.7127738,-12.451513,18.210691,53.99087548582207,30.694101,.0938156978178367,-.40566468,.59329611,.621446759001878,.66575038,.21694274,9.4174347,,,,0,1,.9318909645080566
H02,hh_share_female_2013,Female household members,demography,primary,primary_2013_household,2,outcome_mserd_fuzzy,fuzzy_late,rdrobust,selected_bc_primary_household,ccpp_equal,cr2 cluster_ruv,1,2,triangular,mserd,,.0122306178697801,.012230618,.019826161,.019826161,100,39074,3686,7014,64,37,101,2.298348101636877,2.6456831,10.110098,.79356259,-17.169744,22.461111,53.22323613069185,30.86273,.0857242046726886,-.55632615,.72777456,.4439145098151974,.51818424,.20964119,6.109633,,,,0,1,.9957296848297119
H02,hh_share_female_2013,Female household members,demography,primary,primary_2013_household,2,outcome_mserd_p2,fuzzy_late,rdrobust,selected_bc_primary_household,ccpp_equal,cr2 cluster_ruv,2,3,triangular,mserd,,.0171910170984768,.017191017,.025759021,.025759021,100,39074,6476,8080,98,52,150,3.157430420859611,3.4854033,8.9500093,.69695801,-14.056293,21.0271,53.18042398225084,30.502756,.1142651913649321,-.46082041,.68935078,.5770664127626992,.66689527,.22572027,8.7291937,,,,0,1,.826958383832659
H02,hh_share_female_2013,Female household members,demography,primary,primary_2013_household,2,parametric_common_h,parametric_late,ivreg2,selected_bc_primary_household,ccpp_equal,cr1 cluster_ruv,1,2,triangular,manual,.0075,.0075,.0074999998,.0135,.0135,100,3810,2612,1198,43,22,65,.8407413233634529,.84074134,7.1791077,.90677333,-13.230309,14.911793,53.80077713694448,30.491182,.0275732614804035,-.43390611,.48905262,,,,11.096713,.9082296523821817,.94538909,.01775909,0,1,.9206739068031311
H02,hh_share_female_2013,Female household members,demography,primary,primary_2013_household,2,parametric_covariates,parametric_late,ivreg2,selected_bc_primary_household,ccpp_equal,cr1 cluster_ruv,1,2,triangular,manual,.0075,.0075,.0074999998,.0135,.0135,100,3675,2477,1198,41,22,63,4.83783435167078,4.8378344,4.7675781,.31023157,-4.5066185,14.182287,54.00090815853482,30.687304,.157649380497725,-.14685613,.4621549,,,,12.245104,.2931281995017428,.35447091,.012522255,0,1,.9145523309707642
H02,hh_share_female_2013,Female household members,demography,primary,primary_2013_household,2,parametric_district,parametric_late,ivreg2,selected_bc_primary_household,ccpp_equal,cr1 cluster_dist,1,2,triangular,manual,.0075,.0075,.0074999998,.0135,.0135,100,3810,2612,1198,43,22,45,.8407413233634529,.84074134,7.1477032,.90636557,-13.168757,14.85024,53.80077713694448,30.491182,.0275732614804035,-.43188739,.4870339,,,,10.993672,.9081864227492872,,.017612692,0,1,.918604850769043
H02,hh_share_female_2013,Female household members,demography,primary,primary_2013_household,2,parametric_household_equal,parametric_late,ivreg2,selected_bc_primary_household,household_equal,cr1 cluster_ruv,1,2,triangular,manual,.0075,.0075,.0074999998,.0135,.0135,100,3810,2612,1198,43,22,65,7.022697610190999,7.0226974,6.3392606,.26794377,-5.4022527,19.447647,52.37043872420242,28.613972,.2454289671927059,-.18879773,.67965567,,,,2.4104862,.4210022482289038,,.10211302,0,1,.6644973754882813
H03,hh_employment_rate_outcome,Employed working-age members,labor,primary,primary_2013_household,3,common_h_covariates,fuzzy_late,rdrobust,selected_bc_primary_household,ccpp_equal,cr2 cluster_ruv,1,2,triangular,manual,,.0075,.0074999998,.0135,.0135,100,37314,2477,1198,41,22,63,2.367968690837812,5.5578284,12.121005,.64657265,-18.198906,29.314562,56.32000539006579,34.306561,.1620048385772117,-.53047889,.85448855,.6504989846138963,.75404376,.19892886,14.368038,,,,0,1,.9964606165885925
H03,hh_employment_rate_outcome,Employed working-age members,labor,primary,primary_2013_household,3,common_h_cr1_ccpp,fuzzy_late,rdrobust,selected_bc_primary_household,ccpp_equal,cr1 cluster_ruv,1,2,triangular,manual,,.0075,.0074999998,.0135,.0135,100,39074,2612,1198,43,22,65,7.300781234179082,10.416501,12.25696,.39541194,-13.606699,34.439701,56.22941082411958,33.965794,.306676201367508,-.40060005,1.0139525,.6720353021488913,.78113091,.22292502,12.278067,,,,0,1,.9281740784645081
H03,hh_employment_rate_outcome,Employed working-age members,labor,primary,primary_2013_household,3,common_h_cr2_district,fuzzy_late,rdrobust,selected_bc_primary_household,ccpp_equal,cr2 cluster_dist,1,2,triangular,manual,,.0075,.0074999998,.0135,.0135,100,39074,2612,1198,43,22,45,7.300781234179082,10.416501,13.592195,.44346273,-16.223711,37.056713,56.22941082411958,33.965794,.306676201367508,-.4776485,1.0910009,.6720353021488913,.78113091,.23184101,11.351862,,,,0,1,.9348071217536926
H03,hh_employment_rate_outcome,Employed working-age members,labor,primary,primary_2013_household,3,common_h_cr2_score,fuzzy_late,rdrobust,selected_bc_primary_household,ccpp_equal,cr2 cluster_score,1,2,triangular,manual,,.0075,.0074999998,.0135,.0135,100,39074,2612,1198,43,22,49,7.300781234179082,10.416501,12.645947,.41010854,-14.369102,35.202103,56.22941082411958,33.965794,.306676201367508,-.42304623,1.0363986,.6720353021488913,.78113091,.24362636,10.280142,,,,0,1,.9331732392311096
H03,hh_employment_rate_outcome,Employed working-age members,labor,primary,primary_2013_household,3,common_h_cr3_ccpp,fuzzy_late,rdrobust,selected_bc_primary_household,ccpp_equal,cr3 cluster_ruv,1,2,triangular,manual,,.0075,.0074999998,.0135,.0135,100,39074,2612,1198,43,22,65,7.300781234179082,10.416501,13.553924,.44217658,-16.148701,36.981701,56.22941082411958,33.965794,.306676201367508,-.47544008,1.0887924,.6720353021488913,.78113091,.24998967,9.7634544,,,,0,1,.9388048052787781
H03,hh_employment_rate_outcome,Employed working-age members,labor,primary,primary_2013_household,3,common_h_epanechnikov,fuzzy_late,rdrobust,selected_bc_primary_household,ccpp_equal,cr2 cluster_ruv,1,2,epanechnikov,manual,,.0075,.0074999998,.0135,.0135,100,39074,2612,1198,43,22,65,5.801065245952223,10.240211,12.094835,.3971847,-13.465229,33.945652,56.22941082411958,33.965794,.3014860031843909,-.39643496,.99940699,.6822543313350308,.80355632,.23723973,11.472492,,,,0,1,.8967278599739075
H03,hh_employment_rate_outcome,Employed working-age members,labor,primary,primary_2013_household,3,common_h_fuzzy,fuzzy_late,rdrobust,selected_bc_primary_household,ccpp_equal,cr2 cluster_ruv,1,2,triangular,manual,,.0075,.0074999998,.0135,.0135,100,39074,2612,1198,43,22,65,7.300781234179082,10.416501,12.816571,.4163689,-14.703518,35.536518,56.22941082411958,33.965794,.306676201367508,-.43289191,1.0462443,.6720353021488913,.78113091,.23437309,11.107904,,,,0,1,.9332013130187988
H03,hh_employment_rate_outcome,Employed working-age members,labor,primary,primary_2013_household,3,common_h_household_equal,fuzzy_late,rdrobust,selected_bc_primary_household,household_equal,cr2 cluster_ruv,1,2,triangular,manual,,.0075,.0074999998,.0135,.0135,100,39074,2612,1198,43,22,65,16.65526712285751,20.14913,26.58046,.44842529,-31.947613,72.245872,57.33446364763364,33.54356,.6006854522016999,-.95242161,2.1537926,.4318748259616421,.44312185,.3477104,1.6240932,,,,0,1,.7260568141937256
H03,hh_employment_rate_outcome,Employed working-age members,labor,primary,primary_2013_household,3,common_h_reduced_form,reduced_form,rdrobust,selected_bc_primary_household,ccpp_equal,cr2 cluster_ruv,1,2,triangular,manual,,.0075,.0074999998,.0135,.0135,100,39074,2612,1198,43,22,65,4.906382722634495,7.7967396,8.2731152,.34597826,-8.4182682,24.011747,56.22941082411958,33.965794,.2295467973108564,-.24784546,.70693904,,,,,,,,0,1,.9204491376876831
H03,hh_employment_rate_outcome,Employed working-age members,labor,primary,primary_2013_household,3,common_h_uniform,fuzzy_late,rdrobust,selected_bc_primary_household,ccpp_equal,cr2 cluster_ruv,1,2,uniform,manual,,.0075,.0074999998,.0135,.0135,100,39074,2612,1198,43,22,65,2.248388323471364,11.011798,10.539868,.29612666,-9.6459646,31.669561,56.22941082411958,33.965794,.3242025753281146,-.28399053,.9323957,.7491927348942,.8783322,.23997453,13.396375,,,,0,1,.7491047978401184
H03,hh_employment_rate_outcome,Employed working-age members,labor,primary,primary_2013_household,3,donut_005,fuzzy_late,rdrobust,selected_bc_primary_household,ccpp_equal,cr2 cluster_ruv,1,2,triangular,manual,.00005,.0075,.0074999998,.0135,.0135,100,39074,2612,1198,43,22,65,7.300781234179082,10.416501,12.816571,.4163689,-14.703518,35.536518,56.22941082411958,33.965794,.306676201367508,-.43289191,1.0462443,.6720353021488913,.78113091,.23437309,11.107904,,,,0,1,.9332013130187988
H03,hh_employment_rate_outcome,Employed working-age members,labor,primary,primary_2013_household,3,donut_025,fuzzy_late,rdrobust,selected_bc_primary_household,ccpp_equal,cr2 cluster_ruv,1,2,triangular,manual,.00025,.0075,.0074999998,.0135,.0135,100,39049,2612,1173,43,21,64,2.929296653609331,8.2524633,15.220387,.58768207,-21.578945,38.083874,56.22941082411958,33.965794,.2429639476326167,-.63531405,1.1212419,.5876915334503651,.69047242,.29006919,5.6661677,,,,0,1,.9544336455208914
H03,hh_employment_rate_outcome,Employed working-age members,labor,primary,primary_2013_household,3,fixed_h_005,fuzzy_late,rdrobust,selected_bc_primary_household,ccpp_equal,cr2 cluster_ruv,1,2,triangular,manual,.005,.005,.0049999999,.0089999996,.0089999996,100,39074,2049,960,29,15,44,13.70818140677925,13.503482,19.021582,.47776416,-23.778131,50.785095,58.22596560700792,33.195313,.4067888151299492,-.71630996,1.5298876,.5965733413796614,.63612133,.28369862,5.0276551,,,,0,1,.9009705543518067
H03,hh_employment_rate_outcome,Employed working-age members,labor,primary,primary_2013_household,3,fixed_h_010,fuzzy_late,rdrobust,selected_bc_primary_household,ccpp_equal,cr2 cluster_ruv,1,2,triangular,manual,.01,.01,.0099999998,.017999999,.017999999,100,39074,3395,5088,59,31,90,5.512665221690249,8.2884502,14.129887,.55747908,-19.405619,35.982521,58.00955703048864,34.306797,.2415979168393087,-.56564939,1.0488453,.5345445510201752,.61371577,.21533482,8.1228065,,,,0,1,.9020791053771973
H03,hh_employment_rate_outcome,Employed working-age members,labor,primary,primary_2013_household,3,outcome_cerrd_fuzzy,fuzzy_late,rdrobust,selected_bc_primary_household,ccpp_equal,cr2 cluster_ruv,1,2,triangular,cerrd,,.0111679055161547,.011167905,.022621766,.022621766,100,39074,3435,5290,62,35,97,4.984945205734099,7.3538437,15.172071,.6278919,-22.382868,37.090557,58.71923727343026,34.367107,.2139791328527067,-.65128756,1.0792458,.4748155546565506,.51156771,.20910804,5.9850087,,,,0,1,.9318909645080566
H03,hh_employment_rate_outcome,Employed working-age members,labor,primary,primary_2013_household,3,outcome_mserd_fuzzy,fuzzy_late,rdrobust,selected_bc_primary_household,ccpp_equal,cr2 cluster_ruv,1,2,triangular,mserd,,.0152176705970856,.01521767,.022621766,.022621766,100,39074,5768,7603,83,43,126,-1.564645539308753,3.9464788,18.2731,.82900953,-31.868137,39.761097,58.36861984257843,34.147648,.1155710262823094,-.93324548,1.1643875,.3745545495804282,.43264481,.20321119,4.5328131,,,,0,1,.9957296848297119
H03,hh_employment_rate_outcome,Employed working-age members,labor,primary,primary_2013_household,3,outcome_mserd_p2,fuzzy_late,rdrobust,selected_bc_primary_household,ccpp_equal,cr2 cluster_ruv,2,3,triangular,mserd,,.0191222894002476,.019122289,.028065199,.028065199,100,39074,7385,8544,109,61,170,5.249896233247846,8.4468164,15.054531,.57474208,-21.059523,37.953156,58.16173231673913,33.747009,.2502982108551384,-.62404114,1.1246376,.5197255847456126,.59664083,.22340176,7.1326814,,,,0,1,.826958383832659
H03,hh_employment_rate_outcome,Employed working-age members,labor,primary,primary_2013_household,3,parametric_common_h,parametric_late,ivreg2,selected_bc_primary_household,ccpp_equal,cr1 cluster_ruv,1,2,triangular,manual,.0075,.0075,.0074999998,.0135,.0135,100,3810,2612,1198,43,22,65,7.300781234179017,7.3007813,10.698714,.49498731,-13.668698,28.27026,58.34766873066579,33.288097,.2193210644970068,-.41061816,.84926027,,,,11.096713,.4891850305951504,.52350467,.01775909,0,1,.9206739068031311
H03,hh_employment_rate_outcome,Employed working-age members,labor,primary,primary_2013_household,3,parametric_covariates,parametric_late,ivreg2,selected_bc_primary_household,ccpp_equal,cr1 cluster_ruv,1,2,triangular,manual,.0075,.0075,.0074999998,.0135,.0135,100,3675,2477,1198,41,22,63,2.367968690835421,2.3679688,10.095514,.81455296,-17.419239,22.155176,58.57704401046012,33.659542,.0703505918369262,-.51751268,.65821385,,,,12.245104,.8143348119200849,.84036809,.012522255,0,1,.9145523309707642
H03,hh_employment_rate_outcome,Employed working-age members,labor,primary,primary_2013_household,3,parametric_district,parametric_late,ivreg2,selected_bc_primary_household,ccpp_equal,cr1 cluster_dist,1,2,triangular,manual,.0075,.0075,.0074999998,.0135,.0135,100,3810,2612,1198,43,22,45,7.300781234179017,7.3007813,11.504116,.5256741,-15.247287,29.84885,58.34766873066579,33.288097,.2193210644970068,-.45804018,.89668232,,,,10.993672,.5143255828099376,,.017612692,0,1,.918604850769043
H03,hh_employment_rate_outcome,Employed working-age members,labor,primary,primary_2013_household,3,parametric_household_equal,parametric_late,ivreg2,selected_bc_primary_household,household_equal,cr1 cluster_ruv,1,2,triangular,manual,.0075,.0075,.0074999998,.0135,.0135,100,3810,2612,1198,43,22,65,16.6552671228578,16.655268,19.825205,.40084913,-22.202133,55.512669,57.36478112739702,33.51767,.4969100796999581,-.6624009,1.656221,,,,2.4104862,.2955696078968894,,.10211302,0,1,.6644973754882813
H04,hh_any_program_outcome,Household has a social-program participant,social_protection,primary,primary_2013_household,4,common_h_covariates,fuzzy_late,rdrobust,selected_bc_primary_household,ccpp_equal,cr2 cluster_ruv,1,2,triangular,manual,,.0075,.0074999998,.0135,.0135,100,37314,2477,1198,41,22,63,8.600146695986997,6.8613439,22.131441,.75654042,-36.515484,50.238171,53.6368436231395,49.877628,.1375635568127386,-.73210144,1.0072285,.6504989846138963,.75404376,.19892886,14.368038,,,,0,1,.9964606165885925
H04,hh_any_program_outcome,Household has a social-program participant,social_protection,primary,primary_2013_household,4,common_h_cr1_ccpp,fuzzy_late,rdrobust,selected_bc_primary_household,ccpp_equal,cr1 cluster_ruv,1,2,triangular,manual,,.0075,.0074999998,.0135,.0135,100,39074,2612,1198,43,22,65,3.049926639326941,2.239568,24.844788,.92817408,-46.455318,50.934456,54.19637027632681,49.833134,.0449413440343632,-.93221748,1.0221002,.6720353021488913,.78113091,.22292502,12.278067,,,,0,1,.9281740784645081
H04,hh_any_program_outcome,Household has a social-program participant,social_protection,primary,primary_2013_household,4,common_h_cr2_district,fuzzy_late,rdrobust,selected_bc_primary_household,ccpp_equal,cr2 cluster_dist,1,2,triangular,manual,,.0075,.0074999998,.0135,.0135,100,39074,2612,1198,43,22,45,3.049926639326941,2.239568,27.379152,.93480712,-51.422585,55.901722,54.19637027632681,49.833134,.0449413440343632,-1.0318955,1.1217781,.6720353021488913,.78113091,.23184101,11.351862,,,,0,1,.9348071217536926
H04,hh_any_program_outcome,Household has a social-program participant,social_protection,primary,primary_2013_household,4,common_h_cr2_score,fuzzy_late,rdrobust,selected_bc_primary_household,ccpp_equal,cr2 cluster_score,1,2,triangular,manual,,.0075,.0074999998,.0135,.0135,100,39074,2612,1198,43,22,49,3.049926639326941,2.239568,26.708239,.93317324,-50.107616,54.586754,54.19637027632681,49.833134,.0449413440343632,-1.0055081,1.0953907,.6720353021488913,.78113091,.24362636,10.280142,,,,0,1,.9331732392311096
H04,hh_any_program_outcome,Household has a social-program participant,social_protection,primary,primary_2013_household,4,common_h_cr3_ccpp,fuzzy_late,rdrobust,selected_bc_primary_household,ccpp_equal,cr3 cluster_ruv,1,2,triangular,manual,,.0075,.0074999998,.0135,.0135,100,39074,2612,1198,43,22,65,3.049926639326941,2.239568,29.17161,.93880481,-54.935734,59.414871,54.19637027632681,49.833134,.0449413440343632,-1.1023937,1.1922765,.6720353021488913,.78113091,.24998967,9.7634544,,,,0,1,.9388048052787781
H04,hh_any_program_outcome,Household has a social-program participant,social_protection,primary,primary_2013_household,4,common_h_epanechnikov,fuzzy_late,rdrobust,selected_bc_primary_household,ccpp_equal,cr2 cluster_ruv,1,2,epanechnikov,manual,,.0075,.0074999998,.0135,.0135,100,39074,2612,1198,43,22,65,-1.437181594224807,-3.3444979,25.767345,.89672786,-53.847569,47.158569,54.19637027632681,49.833134,-.0671139372724628,-1.0805575,.94632965,.6822543313350308,.80355632,.23723973,11.472492,,,,0,1,.8967278599739075
H04,hh_any_program_outcome,Household has a social-program participant,social_protection,primary,primary_2013_household,4,common_h_fuzzy,fuzzy_late,rdrobust,selected_bc_primary_household,ccpp_equal,cr2 cluster_ruv,1,2,triangular,manual,,.0075,.0074999998,.0135,.0135,100,39074,2612,1198,43,22,65,3.049926639326941,2.239568,26.71949,.93320131,-50.129673,54.608807,54.19637027632681,49.833134,.0449413440343632,-1.0059506,1.0958333,.6720353021488913,.78113091,.23437309,11.107904,,,,0,1,.9332013130187988
H04,hh_any_program_outcome,Household has a social-program participant,social_protection,primary,primary_2013_household,4,common_h_household_equal,fuzzy_late,rdrobust,selected_bc_primary_household,household_equal,cr2 cluster_ruv,1,2,triangular,manual,,.0075,.0074999998,.0135,.0135,100,39074,2612,1198,43,22,65,2.769409029718346,11.023667,65.076157,.86548483,-116.52326,138.57059,48.69831546707503,49.992622,.2205058766931277,-2.3308091,2.7718208,.4318748259616421,.44312185,.3477104,1.6240932,,,,0,1,.8654848337173462
H04,hh_any_program_outcome,Household has a social-program participant,social_protection,primary,primary_2013_household,4,common_h_reduced_form,reduced_form,rdrobust,selected_bc_primary_household,ccpp_equal,cr2 cluster_ruv,1,2,triangular,manual,,.0075,.0074999998,.0135,.0135,100,39074,2612,1198,43,22,65,2.049658370592033,1.8378023,18.402321,.92044914,-34.230083,37.905685,54.19637027632681,49.833134,.036879124133355,-.68689406,.7606523,,,,,,,,0,1,.9204491376876831
H04,hh_any_program_outcome,Household has a social-program participant,social_protection,primary,primary_2013_household,4,common_h_uniform,fuzzy_late,rdrobust,selected_bc_primary_household,ccpp_equal,cr2 cluster_ruv,1,2,uniform,manual,,.0075,.0074999998,.0135,.0135,100,39074,2612,1198,43,22,65,-4.115236806422072,-6.6175127,20.691364,.7491048,-47.171844,33.936817,54.19637027632681,49.833134,-.1327934243513049,-.94659597,.68100911,.7491927348942,.8783322,.23997453,13.396375,,,,0,1,.7491047978401184
H04,hh_any_program_outcome,Household has a social-program participant,social_protection,primary,primary_2013_household,4,donut_005,fuzzy_late,rdrobust,selected_bc_primary_household,ccpp_equal,cr2 cluster_ruv,1,2,triangular,manual,.00005,.0075,.0074999998,.0135,.0135,100,39074,2612,1198,43,22,65,3.049926639326941,2.239568,26.71949,.93320131,-50.129673,54.608807,54.19637027632681,49.833134,.0449413440343632,-1.0059506,1.0958333,.6720353021488913,.78113091,.23437309,11.107904,,,,0,1,.9332013130187988
H04,hh_any_program_outcome,Household has a social-program participant,social_protection,primary,primary_2013_household,4,donut_025,fuzzy_late,rdrobust,selected_bc_primary_household,ccpp_equal,cr2 cluster_ruv,1,2,triangular,manual,.00025,.0075,.0074999998,.0135,.0135,100,39049,2612,1173,43,21,64,-14.68349995426676,-18.643682,33.474533,.57756072,-84.252563,46.965195,54.19637027632681,49.833134,-.3741222286955792,-1.6906936,.94244915,.5876915334503651,.69047242,.29006919,5.6661677,,,,0,1,.9544336455208914
H04,hh_any_program_outcome,Household has a social-program participant,social_protection,primary,primary_2013_household,4,fixed_h_005,fuzzy_late,rdrobust,selected_bc_primary_household,ccpp_equal,cr2 cluster_ruv,1,2,triangular,manual,.005,.005,.0049999999,.0089999996,.0089999996,100,39074,2049,960,29,15,44,20.08188355256889,24.317268,31.318832,.43748784,-37.066513,85.70105,50.70256931959677,50.007267,.4862746650794947,-.74122256,1.7137718,.5965733413796614,.63612133,.28369862,5.0276551,,,,0,1,.9009705543518067
H04,hh_any_program_outcome,Household has a social-program participant,social_protection,primary,primary_2013_household,4,fixed_h_010,fuzzy_late,rdrobust,selected_bc_primary_household,ccpp_equal,cr2 cluster_ruv,1,2,triangular,manual,.01,.01,.0099999998,.017999999,.017999999,100,39074,3395,5088,59,31,90,2.302728467310599,1.1629279,25.0793,.96301532,-47.991596,50.317451,53.77802288737232,49.864407,.0233218029022191,-.96244198,1.0090855,.5345445510201752,.61371577,.21533482,8.1228065,,,,0,1,.9630153179168701
H04,hh_any_program_outcome,Household has a social-program participant,social_protection,primary,primary_2013_household,4,outcome_cerrd_fuzzy,fuzzy_late,rdrobust,selected_bc_primary_household,ccpp_equal,cr2 cluster_ruv,1,2,triangular,cerrd,,.0111122236395127,.011112223,.02255147,.02255147,100,39074,3435,5290,62,35,97,1.54994916085779,3.4494727,25.991022,.89441651,-47.491993,54.390938,52.7474072224333,49.931728,.0690837817834836,-.95113856,1.0893061,.4769066862938101,.51432115,.20931019,6.03793,,,,0,1,.9318909645080566
H04,hh_any_program_outcome,Household has a social-program participant,social_protection,primary,primary_2013_household,4,outcome_mserd_fuzzy,fuzzy_late,rdrobust,selected_bc_primary_household,ccpp_equal,cr2 cluster_ruv,1,2,triangular,mserd,,.0151417970632578,.015141797,.02255147,.02255147,100,39074,5768,7603,83,43,126,3.765729446817197,7.4194765,30.664116,.80881149,-52.681087,67.520042,53.77118754204867,49.8619,.148800512715616,-1.0565399,1.3541409,.3762426466417113,.43536201,.20342533,4.5802689,,,,0,1,.9957296848297119
H04,hh_any_program_outcome,Household has a social-program participant,social_protection,primary,primary_2013_household,4,outcome_mserd_p2,fuzzy_late,rdrobust,selected_bc_primary_household,ccpp_equal,cr2 cluster_ruv,2,3,triangular,mserd,,.0174286408332336,.01742864,.026474243,.026474243,100,39074,6490,8080,99,52,151,2.102513392407237,.67363471,25.382175,.97882688,-49.074516,50.421787,54.61430721408648,49.790462,.013529392677266,-.9856208,1.0126796,.5698901627643478,.65015048,.22522363,8.3329716,,,,0,1,.9788268804550171
H04,hh_any_program_outcome,Household has a social-program participant,social_protection,primary,primary_2013_household,4,parametric_common_h,parametric_late,ivreg2,selected_bc_primary_household,ccpp_equal,cr1 cluster_ruv,1,2,triangular,manual,.0075,.0075,.0074999998,.0135,.0135,100,3810,2612,1198,43,22,65,3.049926639326894,3.0499268,20.406273,.88119048,-36.946369,43.046223,51.32070897783913,49.992126,.0610081417484346,-.73904377,.86106002,,,,11.096713,.8858523897867594,.8879776,.01775909,0,1,.9206739068031311
H04,hh_any_program_outcome,Household has a social-program participant,social_protection,primary,primary_2013_household,4,parametric_covariates,parametric_late,ivreg2,selected_bc_primary_household,ccpp_equal,cr1 cluster_ruv,1,2,triangular,manual,.0075,.0075,.0074999998,.0135,.0135,100,3675,2477,1198,41,22,63,8.600146695987752,8.6001463,16.73455,.60731101,-24.199572,41.399864,50.39154452693667,50.008564,.1719734834365385,-.48390856,.82785553,,,,12.245104,.6356929290309359,.6569314,.012522255,0,1,.9145523309707642
H04,hh_any_program_outcome,Household has a social-program participant,social_protection,primary,primary_2013_household,4,parametric_district,parametric_late,ivreg2,selected_bc_primary_household,ccpp_equal,cr1 cluster_dist,1,2,triangular,manual,.0075,.0075,.0074999998,.0135,.0135,100,3810,2612,1198,43,22,45,3.049926639326894,3.0499268,20.659443,.88263583,-37.442581,43.542435,51.32070897783913,49.992126,.0610081417484346,-.74896955,.87098587,,,,10.993672,.8877912096532339,,.017612692,0,1,.918604850769043
H04,hh_any_program_outcome,Household has a social-program participant,social_protection,primary,primary_2013_household,4,parametric_household_equal,parametric_late,ivreg2,selected_bc_primary_household,household_equal,cr1 cluster_ruv,1,2,triangular,manual,.0075,.0075,.0074999998,.0135,.0135,100,3810,2612,1198,43,22,65,2.769409029718607,2.7694089,39.997032,.94479829,-75.624779,81.163597,44.75190474844686,49.733334,.0556851682626023,-1.5206054,1.6319758,,,,2.4104862,.9472284708536697,,.10211302,0,1,.9447982907295227
H05,wellbeing_core_proxy_2013,Core wellbeing proxy,wellbeing,primary,primary_2013_household,5,common_h_covariates,fuzzy_late,rdrobust,selected_bc_primary_household,ccpp_equal,cr2 cluster_ruv,1,2,triangular,manual,,.0075,.0074999998,.0135,.0135,100,37314,2477,1198,41,22,63,-5.664618478011687,-7.2386026,10.331678,.48353884,-27.488319,13.011115,38.3955423330603,19.465183,-.3718743751875963,-1.4121789,.66843015,.6504989846138963,.75404376,.19892886,14.368038,,,,0,1,.9964606165885925
H05,wellbeing_core_proxy_2013,Core wellbeing proxy,wellbeing,primary,primary_2013_household,5,common_h_cr1_ccpp,fuzzy_late,rdrobust,selected_bc_primary_household,ccpp_equal,cr1 cluster_ruv,1,2,triangular,manual,,.0075,.0074999998,.0135,.0135,100,39074,2612,1198,43,22,65,-4.259791106612442,-6.1163096,10.279498,.55184293,-26.263756,14.031136,38.21810108759497,19.466887,-.3141904576691589,-1.3491503,.72076941,.6720353021488913,.78113091,.22292502,12.278067,,,,0,1,.9281740784645081
H05,wellbeing_core_proxy_2013,Core wellbeing proxy,wellbeing,primary,primary_2013_household,5,common_h_cr2_district,fuzzy_late,rdrobust,selected_bc_primary_household,ccpp_equal,cr2 cluster_dist,1,2,triangular,manual,,.0075,.0074999998,.0135,.0135,100,39074,2612,1198,43,22,45,-4.259791106612442,-6.1163096,10.478125,.55940747,-26.653055,14.420436,38.21810108759497,19.466887,-.3141904576691589,-1.3691484,.74076748,.6720353021488913,.78113091,.23184101,11.351862,,,,0,1,.9348071217536926
H05,wellbeing_core_proxy_2013,Core wellbeing proxy,wellbeing,primary,primary_2013_household,5,common_h_cr2_score,fuzzy_late,rdrobust,selected_bc_primary_household,ccpp_equal,cr2 cluster_score,1,2,triangular,manual,,.0075,.0074999998,.0135,.0135,100,39074,2612,1198,43,22,49,-4.259791106612442,-6.1163096,9.8630657,.53517711,-25.447563,13.214944,38.21810108759497,19.466887,-.3141904576691589,-1.3072231,.67884225,.6720353021488913,.78113091,.24362636,10.280142,,,,0,1,.9331732392311096
H05,wellbeing_core_proxy_2013,Core wellbeing proxy,wellbeing,primary,primary_2013_household,5,common_h_cr3_ccpp,fuzzy_late,rdrobust,selected_bc_primary_household,ccpp_equal,cr3 cluster_ruv,1,2,triangular,manual,,.0075,.0074999998,.0135,.0135,100,39074,2612,1198,43,22,65,-4.259791106612442,-6.1163096,11.443927,.59302402,-28.545994,16.313374,38.21810108759497,19.466887,-.3141904576691589,-1.4663873,.83800638,.6720353021488913,.78113091,.24998967,9.7634544,,,,0,1,.9388048052787781
H05,wellbeing_core_proxy_2013,Core wellbeing proxy,wellbeing,primary,primary_2013_household,5,common_h_epanechnikov,fuzzy_late,rdrobust,selected_bc_primary_household,ccpp_equal,cr2 cluster_ruv,1,2,epanechnikov,manual,,.0075,.0074999998,.0135,.0135,100,39074,2612,1198,43,22,65,-3.34217806067793,-5.4573312,10.580673,.60600597,-26.19507,15.280408,38.21810108759497,19.466887,-.2803392006563056,-1.3456221,.78494358,.6822543313350308,.80355632,.23723973,11.472492,,,,0,1,.8967278599739075
H05,wellbeing_core_proxy_2013,Core wellbeing proxy,wellbeing,primary,primary_2013_household,5,common_h_fuzzy,fuzzy_late,rdrobust,selected_bc_primary_household,ccpp_equal,cr2 cluster_ruv,1,2,triangular,manual,,.0075,.0074999998,.0135,.0135,100,39074,2612,1198,43,22,65,-4.259791106612442,-6.1163096,10.778325,.57039911,-27.24144,15.00882,38.21810108759497,19.466887,-.3141904576691589,-1.3993732,.77099228,.6720353021488913,.78113091,.23437309,11.107904,,,,0,1,.9332013130187988
H05,wellbeing_core_proxy_2013,Core wellbeing proxy,wellbeing,primary,primary_2013_household,5,common_h_household_equal,fuzzy_late,rdrobust,selected_bc_primary_household,household_equal,cr2 cluster_ruv,1,2,triangular,manual,,.0075,.0074999998,.0135,.0135,100,39074,2612,1198,43,22,65,-32.53509514263174,-36.05616,32.180244,.26252463,-99.128281,27.015961,47.49439400568803,23.762688,-1.517343428012931,-4.1715937,1.1369067,.4318748259616421,.44312185,.3477104,1.6240932,,,,0,1,.7260568141937256
H05,wellbeing_core_proxy_2013,Core wellbeing proxy,wellbeing,primary,primary_2013_household,5,common_h_reduced_form,reduced_form,rdrobust,selected_bc_primary_household,ccpp_equal,cr2 cluster_ruv,1,2,triangular,manual,,.0075,.0074999998,.0135,.0135,100,39074,2612,1198,43,22,65,-2.862730003423453,-4.5751004,7.4588828,.53962767,-19.194242,10.044042,38.21810108759497,19.466887,-.2350196414316613,-.98599452,.51595521,,,,,,,,0,1,.9204491376876831
H05,wellbeing_core_proxy_2013,Core wellbeing proxy,wellbeing,primary,primary_2013_household,5,common_h_uniform,fuzzy_late,rdrobust,selected_bc_primary_household,ccpp_equal,cr2 cluster_ruv,1,2,uniform,manual,,.0075,.0074999998,.0135,.0135,100,39074,2612,1198,43,22,65,-1.079706200769901,-4.2572608,9.2618237,.64576256,-22.410103,13.89558,38.21810108759497,19.466887,-.2186924482042574,-1.1511909,.71380603,.7491927348942,.8783322,.23997453,13.396375,,,,0,1,.7491047978401184
H05,wellbeing_core_proxy_2013,Core wellbeing proxy,wellbeing,primary,primary_2013_household,5,donut_005,fuzzy_late,rdrobust,selected_bc_primary_household,ccpp_equal,cr2 cluster_ruv,1,2,triangular,manual,.00005,.0075,.0074999998,.0135,.0135,100,39074,2612,1198,43,22,65,-4.259791106612442,-6.1163096,10.778325,.57039911,-27.24144,15.00882,38.21810108759497,19.466887,-.3141904576691589,-1.3993732,.77099228,.6720353021488913,.78113091,.23437309,11.107904,,,,0,1,.9332013130187988
H05,wellbeing_core_proxy_2013,Core wellbeing proxy,wellbeing,primary,primary_2013_household,5,donut_025,fuzzy_late,rdrobust,selected_bc_primary_household,ccpp_equal,cr2 cluster_ruv,1,2,triangular,manual,.00025,.0075,.0074999998,.0135,.0135,100,39049,2612,1173,43,21,64,-.8047344653744459,-3.0840442,14.575497,.83242613,-31.651493,25.483404,38.21810108759497,19.466887,-.1584251489993184,-1.6259146,1.3090643,.5876915334503651,.69047242,.29006919,5.6661677,,,,0,1,.9544336455208914
H05,wellbeing_core_proxy_2013,Core wellbeing proxy,wellbeing,primary,primary_2013_household,5,fixed_h_005,fuzzy_late,rdrobust,selected_bc_primary_household,ccpp_equal,cr2 cluster_ruv,1,2,triangular,manual,.005,.005,.0049999999,.0089999996,.0089999996,100,39074,2049,960,29,15,44,-6.967539779392872,-8.3196783,14.3881,.5631066,-36.519836,19.880478,38.31981384894292,19.456427,-.4276056654608946,-1.8770063,1.0217949,.5965733413796614,.63612133,.28369862,5.0276551,,,,0,1,.9009705543518067
H05,wellbeing_core_proxy_2013,Core wellbeing proxy,wellbeing,primary,primary_2013_household,5,fixed_h_010,fuzzy_late,rdrobust,selected_bc_primary_household,ccpp_equal,cr2 cluster_ruv,1,2,triangular,manual,.01,.01,.0099999998,.017999999,.017999999,100,39074,3395,5088,59,31,90,-1.970544845286363,-3.1412721,11.756489,.78931922,-26.183567,19.901024,39.64850534746412,19.47732,-.1612784483493641,-1.3443105,1.0217537,.5345445510201752,.61371577,.21533482,8.1228065,,,,0,1,.9020791053771973
H05,wellbeing_core_proxy_2013,Core wellbeing proxy,wellbeing,primary,primary_2013_household,5,outcome_cerrd_fuzzy,fuzzy_late,rdrobust,selected_bc_primary_household,ccpp_equal,cr2 cluster_ruv,1,2,triangular,cerrd,,.0084053732445622,.0084053734,.019009424,.019009424,100,39074,2880,1272,51,24,75,-3.343252910777611,-3.9357502,9.7003632,.68493932,-22.948112,15.076612,38.20830384327284,19.19944,-.2049929659077585,-1.195249,.78526306,.6589973926481878,.703206,.22022885,10.195692,,,,0,1,.9318909645080566
H05,wellbeing_core_proxy_2013,Core wellbeing proxy,wellbeing,primary,primary_2013_household,5,outcome_mserd_fuzzy,fuzzy_late,rdrobust,selected_bc_primary_household,ccpp_equal,cr2 cluster_ruv,1,2,triangular,mserd,,.0114533742335373,.011453374,.019009424,.019009424,100,39074,3631,7014,63,37,100,.1505256916738553,-1.8852576,13.261079,.8869499,-27.876495,24.10598,39.4422044388342,19.491449,-.0967222852640776,-1.4301909,1.2367463,.4645843258292084,.54161149,.21172673,6.5437155,,,,0,1,.9957296848297119
H05,wellbeing_core_proxy_2013,Core wellbeing proxy,wellbeing,primary,primary_2013_household,5,outcome_mserd_p2,fuzzy_late,rdrobust,selected_bc_primary_household,ccpp_equal,cr2 cluster_ruv,2,3,triangular,mserd,,.0156351663721736,.015635166,.024404515,.024404515,100,39074,5954,7680,86,44,130,-3.583948878349233,-4.2632689,11.032791,.6991871,-25.887144,17.360605,40.10359061953373,19.253246,-.2214311808083805,-1.3445599,.90169752,.6359358657431242,.71407527,.22846507,9.76896,,,,0,1,.826958383832659
H05,wellbeing_core_proxy_2013,Core wellbeing proxy,wellbeing,primary,primary_2013_household,5,parametric_common_h,parametric_late,ivreg2,selected_bc_primary_household,ccpp_equal,cr1 cluster_ruv,1,2,triangular,manual,.0075,.0075,.0074999998,.0135,.0135,100,3810,2612,1198,43,22,65,-4.259791106612537,-4.2597909,8.9260769,.63319838,-21.754902,13.235319,38.56194808505803,19.55723,-.2178115675882533,-1.1123712,.6767481,,,,11.096713,.6480800741880235,.64812964,.01775909,0,1,.9206739068031311
H05,wellbeing_core_proxy_2013,Core wellbeing proxy,wellbeing,primary,primary_2013_household,5,parametric_covariates,parametric_late,ivreg2,selected_bc_primary_household,ccpp_equal,cr1 cluster_ruv,1,2,triangular,manual,.0075,.0075,.0074999998,.0135,.0135,100,3675,2477,1198,41,22,63,-5.664618478009924,-5.6646185,8.1633854,.48774141,-21.664854,10.335616,39.07603548418771,19.519779,-.290198914520237,-1.1098924,.52949452,,,,12.245104,.4750125072497567,.53070617,.012522255,0,1,.9145523309707642
H05,wellbeing_core_proxy_2013,Core wellbeing proxy,wellbeing,primary,primary_2013_household,5,parametric_district,parametric_late,ivreg2,selected_bc_primary_household,ccpp_equal,cr1 cluster_dist,1,2,triangular,manual,.0075,.0075,.0074999998,.0135,.0135,100,3810,2612,1198,43,22,45,-4.259791106612537,-4.2597909,9.0448494,.637667,-21.987696,13.468113,38.56194808505803,19.55723,-.2178115675882533,-1.1242745,.68865132,,,,10.993672,.653698833056203,,.017612692,0,1,.918604850769043
H05,wellbeing_core_proxy_2013,Core wellbeing proxy,wellbeing,primary,primary_2013_household,5,parametric_household_equal,parametric_late,ivreg2,selected_bc_primary_household,household_equal,cr1 cluster_ruv,1,2,triangular,manual,.0075,.0075,.0074999998,.0135,.0135,100,3810,2612,1198,43,22,65,-32.53509514263174,-32.535095,23.506634,.16633353,-78.608101,13.537908,50.43468358253806,25.302469,-1.285846690196277,-3.1067364,.53504294,,,,2.4104862,.2253506227282462,,.10211302,0,1,.6644973754882813
H06,nbi_any_2013,Household has any unmet basic need,deprivation,primary,primary_2013_household,6,common_h_covariates,fuzzy_late,rdrobust,selected_bc_primary_household,ccpp_equal,cr2 cluster_ruv,1,2,triangular,manual,,.0075,.0074999998,.0135,.0135,100,37314,2477,1198,41,22,63,-1.715898521107606,-.089367419,20.145979,.99646062,-39.57476,39.396027,51.90067498154498,49.973949,-.0017882800910308,-.79190779,.78833121,.6504989846138963,.75404376,.19892886,14.368038,,,,0,1,.9964606165885925
H06,nbi_any_2013,Household has any unmet basic need,deprivation,primary,primary_2013_household,6,common_h_cr1_ccpp,fuzzy_late,rdrobust,selected_bc_primary_household,ccpp_equal,cr1 cluster_ruv,1,2,triangular,manual,,.0075,.0074999998,.0135,.0135,100,39074,2612,1198,43,22,65,9.015226178722784,11.026885,21.536623,.60864663,-31.18412,53.237892,53.00606994364367,49.919109,.2208950708909206,-.62469304,1.0664831,.6720353021488913,.78113091,.22292502,12.278067,,,,0,1,.9281740784645081
H06,nbi_any_2013,Household has any unmet basic need,deprivation,primary,primary_2013_household,6,common_h_cr2_district,fuzzy_late,rdrobust,selected_bc_primary_household,ccpp_equal,cr2 cluster_dist,1,2,triangular,manual,,.0075,.0074999998,.0135,.0135,100,39074,2612,1198,43,22,45,9.015226178722784,11.026885,23.867348,.64407623,-35.752258,57.80603,53.00606994364367,49.919109,.2208950708909206,-.71620381,1.157994,.6720353021488913,.78113091,.23184101,11.351862,,,,0,1,.9348071217536926
H06,nbi_any_2013,Household has any unmet basic need,deprivation,primary,primary_2013_household,6,common_h_cr2_score,fuzzy_late,rdrobust,selected_bc_primary_household,ccpp_equal,cr2 cluster_score,1,2,triangular,manual,,.0075,.0074999998,.0135,.0135,100,39074,2612,1198,43,22,49,9.015226178722784,11.026885,23.487265,.63872403,-35.007305,57.061077,53.00606994364367,49.919109,.2208950708909206,-.70128065,1.1430708,.6720353021488913,.78113091,.24362636,10.280142,,,,0,1,.9331732392311096
H06,nbi_any_2013,Household has any unmet basic need,deprivation,primary,primary_2013_household,6,common_h_cr3_ccpp,fuzzy_late,rdrobust,selected_bc_primary_household,ccpp_equal,cr3 cluster_ruv,1,2,triangular,manual,,.0075,.0074999998,.0135,.0135,100,39074,2612,1198,43,22,65,9.015226178722784,11.026885,23.940266,.64508563,-35.895172,57.948944,53.00606994364367,49.919109,.2208950708909206,-.71906674,1.1608568,.6720353021488913,.78113091,.24998967,9.7634544,,,,0,1,.9388048052787781
H06,nbi_any_2013,Household has any unmet basic need,deprivation,primary,primary_2013_household,6,common_h_epanechnikov,fuzzy_late,rdrobust,selected_bc_primary_household,ccpp_equal,cr2 cluster_ruv,1,2,epanechnikov,manual,,.0075,.0074999998,.0135,.0135,100,39074,2612,1198,43,22,65,10.2968128726472,12.726693,22.274422,.56775624,-30.93037,56.383759,53.00606994364367,49.919109,.2549463198830929,-.61960983,1.1295024,.6822543313350308,.80355632,.23723973,11.472492,,,,0,1,.8967278599739075
H06,nbi_any_2013,Household has any unmet basic need,deprivation,primary,primary_2013_household,6,common_h_fuzzy,fuzzy_late,rdrobust,selected_bc_primary_household,ccpp_equal,cr2 cluster_ruv,1,2,triangular,manual,,.0075,.0074999998,.0135,.0135,100,39074,2612,1198,43,22,65,9.015226178722784,11.026885,22.565479,.62508124,-33.200642,55.254414,53.00606994364367,49.919109,.2208950708909206,-.66508877,1.106879,.6720353021488913,.78113091,.23437309,11.107904,,,,0,1,.9332013130187988
H06,nbi_any_2013,Household has any unmet basic need,deprivation,primary,primary_2013_household,6,common_h_household_equal,fuzzy_late,rdrobust,selected_bc_primary_household,household_equal,cr2 cluster_ruv,1,2,triangular,manual,,.0075,.0074999998,.0135,.0135,100,39074,2612,1198,43,22,65,39.48438075656881,44.024441,72.652626,.54454261,-98.372086,186.42096,45.86523736600306,49.838284,.883345819712344,-1.9738256,3.7405174,.4318748259616421,.44312185,.3477104,1.6240932,,,,0,1,.7260568141937256
H06,nbi_any_2013,Household has any unmet basic need,deprivation,primary,primary_2013_household,6,common_h_reduced_form,reduced_form,rdrobust,selected_bc_primary_household,ccpp_equal,cr2 cluster_ruv,1,2,triangular,manual,,.0075,.0074999998,.0135,.0135,100,39074,2612,1198,43,22,65,6.058550248958561,8.3939781,14.325973,.55792439,-19.684412,36.472366,53.00606994364367,49.919109,.1681515893335048,-.39432618,.73062938,,,,,,,,0,1,.9204491376876831
H06,nbi_any_2013,Household has any unmet basic need,deprivation,primary,primary_2013_household,6,common_h_uniform,fuzzy_late,rdrobust,selected_bc_primary_household,ccpp_equal,cr2 cluster_ruv,1,2,uniform,manual,,.0075,.0074999998,.0135,.0135,100,39074,2612,1198,43,22,65,7.736753586234641,12.734085,19.740595,.5188812,-25.956772,51.424942,53.00606994364367,49.919109,.2550943839457575,-.51997668,1.0301654,.7491927348942,.8783322,.23997453,13.396375,,,,0,1,.7491047978401184
H06,nbi_any_2013,Household has any unmet basic need,deprivation,primary,primary_2013_household,6,donut_005,fuzzy_late,rdrobust,selected_bc_primary_household,ccpp_equal,cr2 cluster_ruv,1,2,triangular,manual,.00005,.0075,.0074999998,.0135,.0135,100,39074,2612,1198,43,22,65,9.015226178722784,11.026885,22.565479,.62508124,-33.200642,55.254414,53.00606994364367,49.919109,.2208950708909206,-.66508877,1.106879,.6720353021488913,.78113091,.23437309,11.107904,,,,0,1,.9332013130187988
H06,nbi_any_2013,Household has any unmet basic need,deprivation,primary,primary_2013_household,6,donut_025,fuzzy_late,rdrobust,selected_bc_primary_household,ccpp_equal,cr2 cluster_ruv,1,2,triangular,manual,.00025,.0075,.0074999998,.0135,.0135,100,39049,2612,1173,43,21,64,12.22614574358503,14.623819,32.526909,.65300506,-49.127747,78.375389,53.00606994364367,49.919109,.2929503230104195,-.98414707,1.5700477,.5876915334503651,.69047242,.29006919,5.6661677,,,,0,1,.9544336455208914
H06,nbi_any_2013,Household has any unmet basic need,deprivation,primary,primary_2013_household,6,fixed_h_005,fuzzy_late,rdrobust,selected_bc_primary_household,ccpp_equal,cr2 cluster_ruv,1,2,triangular,manual,.005,.005,.0049999999,.0089999996,.0089999996,100,39074,2049,960,29,15,44,1.876025119626893,3.5803511,27.708931,.8971892,-50.728153,57.888859,50.48777370708423,50.009827,.0715929536587119,-1.0143638,1.1575496,.5965733413796614,.63612133,.28369862,5.0276551,,,,0,1,.9905321002006531
H06,nbi_any_2013,Household has any unmet basic need,deprivation,primary,primary_2013_household,6,fixed_h_010,fuzzy_late,rdrobust,selected_bc_primary_household,ccpp_equal,cr2 cluster_ruv,1,2,triangular,manual,.01,.01,.0099999998,.017999999,.017999999,100,39074,3395,5088,59,31,90,8.569180323937953,8.7354374,23.8759,.71446329,-38.060467,55.531342,51.3416377021593,49.989361,.174745943298984,-.76137137,1.1108632,.5345445510201752,.61371577,.21533482,8.1228065,,,,0,1,.9020791053771973
H06,nbi_any_2013,Household has any unmet basic need,deprivation,primary,primary_2013_household,6,outcome_cerrd_fuzzy,fuzzy_late,rdrobust,selected_bc_primary_household,ccpp_equal,cr2 cluster_ruv,1,2,triangular,cerrd,,.0111043974539901,.011104397,.022453982,.022453982,100,39074,3435,5290,62,35,97,7.152032289392064,5.9977016,25.095922,.81111252,-43.189404,55.184807,52.26927558009453,49.95575,.1200602871148722,-.86455321,1.1046737,.4772070800680447,.51604044,.209408,6.0726881,,,,0,1,.9318909645080566
H06,nbi_any_2013,Household has any unmet basic need,deprivation,primary,primary_2013_household,6,outcome_mserd_fuzzy,fuzzy_late,rdrobust,selected_bc_primary_household,ccpp_equal,cr2 cluster_ruv,1,2,triangular,mserd,,.0151311329048673,.015131133,.022453982,.022453982,100,39074,5768,7603,83,43,126,.6714081189004983,-.16135959,30.149014,.99572968,-59.252338,58.929619,50.24825137235365,50.003719,-.0032269517834609,-1.1849587,1.1785047,.3764853397455155,.43792275,.2036114,4.6258416,,,,0,1,.9957296848297119
H06,nbi_any_2013,Household has any unmet basic need,deprivation,primary,primary_2013_household,6,outcome_mserd_p2,fuzzy_late,rdrobust,selected_bc_primary_household,ccpp_equal,cr2 cluster_ruv,2,3,triangular,mserd,,.0167839880169137,.016783988,.024510907,.024510907,100,39074,6322,8003,93,50,143,7.332392824161077,8.31108,23.499746,.72358859,-37.747574,54.369736,49.4277124977245,50.000679,.1662193430627276,-.75494123,1.0873799,.5904685250182531,.6887818,.2265462,9.243784,,,,0,1,.826958383832659
H06,nbi_any_2013,Household has any unmet basic need,deprivation,primary,primary_2013_household,6,parametric_common_h,parametric_late,ivreg2,selected_bc_primary_household,ccpp_equal,cr1 cluster_ruv,1,2,triangular,manual,.0075,.0075,.0074999998,.0135,.0135,100,3810,2612,1198,43,22,65,9.015226178722701,9.0152264,18.481224,.62568825,-27.207973,45.238426,49.95523319039211,50.009556,.1802700778765744,-.54405552,.90459567,,,,11.096713,.6124606756874983,.6435287,.01775909,0,1,.9206739068031311
H06,nbi_any_2013,Household has any unmet basic need,deprivation,primary,primary_2013_household,6,parametric_covariates,parametric_late,ivreg2,selected_bc_primary_household,ccpp_equal,cr1 cluster_ruv,1,2,triangular,manual,.0075,.0075,.0074999998,.0135,.0135,100,3675,2477,1198,41,22,63,-1.715898521107407,-1.7158985,15.99185,.91455233,-33.059925,29.628128,48.66931678582429,49.992382,-.0343231998908067,-.66129923,.59265286,,,,12.245104,.915819739489397,.92118424,.012522255,0,1,.9145523309707642
H06,nbi_any_2013,Household has any unmet basic need,deprivation,primary,primary_2013_household,6,parametric_district,parametric_late,ivreg2,selected_bc_primary_household,ccpp_equal,cr1 cluster_dist,1,2,triangular,manual,.0075,.0075,.0074999998,.0135,.0135,100,3810,2612,1198,43,22,45,9.015226178722701,9.0152264,20.42304,.65890586,-31.013933,49.044384,49.95523319039211,50.009556,.1802700778765744,-.62016016,.98070031,,,,10.993672,.6499604055837422,,.017612692,0,1,.918604850769043
H06,nbi_any_2013,Household has any unmet basic need,deprivation,primary,primary_2013_household,6,parametric_household_equal,parametric_late,ivreg2,selected_bc_primary_household,household_equal,cr1 cluster_ruv,1,2,triangular,manual,.0075,.0075,.0074999998,.0135,.0135,100,3810,2612,1198,43,22,65,39.48438075656859,39.484383,58.3181,.49837303,-74.819099,153.78786,45.35188180668071,49.793015,.7929702953777661,-1.5026023,3.0885429,,,,2.4104862,.3132057241095307,,.10211302,0,1,.6644973754882813
H07,wellbeing_assets_2013,Durable-assets wellbeing domain,assets,primary,primary_2013_household,7,common_h_covariates,fuzzy_late,rdrobust,selected_bc_primary_household,ccpp_equal,cr2 cluster_ruv,1,2,triangular,manual,,.0075,.0074999998,.0135,.0135,100,37314,2477,1198,41,22,63,1.492471233264454,.28238046,2.6229401,.914267,-4.8584876,5.4232488,6.269891934058704,12.467211,.0226498518028546,-.38970128,.43500099,.6504989846138963,.75404376,.19892886,14.368038,,,,0,1,.9964606165885925
H07,wellbeing_assets_2013,Durable-assets wellbeing domain,assets,primary,primary_2013_household,7,common_h_cr1_ccpp,fuzzy_late,rdrobust,selected_bc_primary_household,ccpp_equal,cr1 cluster_ruv,1,2,triangular,manual,,.0075,.0074999998,.0135,.0135,100,39074,2612,1198,43,22,65,3.064061554207552,1.8992637,5.0403199,.70631176,-7.9795818,11.77811,6.27090471231954,12.490084,.1520617305204796,-.63887334,.9429968,.6720353021488913,.78113091,.22292502,12.278067,,,,0,1,.9281740784645081
H07,wellbeing_assets_2013,Durable-assets wellbeing domain,assets,primary,primary_2013_household,7,common_h_cr2_district,fuzzy_late,rdrobust,selected_bc_primary_household,ccpp_equal,cr2 cluster_dist,1,2,triangular,manual,,.0075,.0074999998,.0135,.0135,100,39074,2612,1198,43,22,45,3.064061554207552,1.8992637,5.3211856,.72114801,-8.5300684,12.328596,6.27090471231954,12.490084,.1520617305204796,-.68294722,.98707068,.6720353021488913,.78113091,.23184101,11.351862,,,,0,1,.9348071217536926
H07,wellbeing_assets_2013,Durable-assets wellbeing domain,assets,primary,primary_2013_household,7,common_h_cr2_score,fuzzy_late,rdrobust,selected_bc_primary_household,ccpp_equal,cr2 cluster_score,1,2,triangular,manual,,.0075,.0074999998,.0135,.0135,100,39074,2612,1198,43,22,49,3.064061554207552,1.8992637,5.1345873,.71145993,-8.1643419,11.96287,6.27090471231954,12.490084,.1520617305204796,-.65366596,.95778942,.6720353021488913,.78113091,.24362636,10.280142,,,,0,1,.9331732392311096
H07,wellbeing_assets_2013,Durable-assets wellbeing domain,assets,primary,primary_2013_household,7,common_h_cr3_ccpp,fuzzy_late,rdrobust,selected_bc_primary_household,ccpp_equal,cr3 cluster_ruv,1,2,triangular,manual,,.0075,.0074999998,.0135,.0135,100,39074,2612,1198,43,22,65,3.064061554207552,1.8992637,5.7075844,.73931438,-9.2873955,13.085923,6.27090471231954,12.490084,.1520617305204796,-.74358153,1.0477049,.6720353021488913,.78113091,.24998967,9.7634544,,,,0,1,.9388048052787781
H07,wellbeing_assets_2013,Durable-assets wellbeing domain,assets,primary,primary_2013_household,7,common_h_epanechnikov,fuzzy_late,rdrobust,selected_bc_primary_household,ccpp_equal,cr2 cluster_ruv,1,2,epanechnikov,manual,,.0075,.0074999998,.0135,.0135,100,39074,2612,1198,43,22,65,3.776323807185212,2.5167155,5.3295393,.63676971,-7.9289894,12.96242,6.27090471231954,12.490084,.2014970769822873,-.63482273,1.0378169,.6822543313350308,.80355632,.23723973,11.472492,,,,0,1,.8967278599739075
H07,wellbeing_assets_2013,Durable-assets wellbeing domain,assets,primary,primary_2013_household,7,common_h_fuzzy,fuzzy_late,rdrobust,selected_bc_primary_household,ccpp_equal,cr2 cluster_ruv,1,2,triangular,manual,,.0075,.0074999998,.0135,.0135,100,39074,2612,1198,43,22,65,3.064061554207552,1.8992637,5.3271818,.72144878,-8.5418205,12.340348,6.27090471231954,12.490084,.1520617305204796,-.68388814,.9880116,.6720353021488913,.78113091,.23437309,11.107904,,,,0,1,.9332013130187988
H07,wellbeing_assets_2013,Durable-assets wellbeing domain,assets,primary,primary_2013_household,7,common_h_household_equal,fuzzy_late,rdrobust,selected_bc_primary_household,household_equal,cr2 cluster_ruv,1,2,triangular,manual,,.0075,.0074999998,.0135,.0135,100,39074,2612,1198,43,22,65,-3.264956312313513,-5.2518349,13.831104,.70415926,-32.360302,21.856632,9.7052067381317,15.931717,-.3296465012631415,-2.0311873,1.3718942,.4318748259616421,.44312185,.3477104,1.6240932,,,,0,1,.8047534397670201
H07,wellbeing_assets_2013,Durable-assets wellbeing domain,assets,primary,primary_2013_household,7,common_h_reduced_form,reduced_form,rdrobust,selected_bc_primary_household,ccpp_equal,cr2 cluster_ruv,1,2,triangular,manual,,.0075,.0074999998,.0135,.0135,100,39074,2612,1198,43,22,65,2.059157532384674,1.6106479,3.1561027,.60982162,-4.5751996,7.7964954,6.27090471231954,12.490084,.1289541314106175,-.36630654,.62421483,,,,,,,,0,1,.9204491376876831
H07,wellbeing_assets_2013,Durable-assets wellbeing domain,assets,primary,primary_2013_household,7,common_h_uniform,fuzzy_late,rdrobust,selected_bc_primary_household,ccpp_equal,cr2 cluster_ruv,1,2,uniform,manual,,.0075,.0074999998,.0135,.0135,100,39074,2612,1198,43,22,65,4.62830101735435,2.9328699,4.7799754,.53949672,-6.4357104,12.30145,6.27090471231954,12.490084,.2348158620282497,-.51526558,.98489732,.7491927348942,.8783322,.23997453,13.396375,,,,0,1,.7491047978401184
H07,wellbeing_assets_2013,Durable-assets wellbeing domain,assets,primary,primary_2013_household,7,donut_005,fuzzy_late,rdrobust,selected_bc_primary_household,ccpp_equal,cr2 cluster_ruv,1,2,triangular,manual,.00005,.0075,.0074999998,.0135,.0135,100,39074,2612,1198,43,22,65,3.064061554207552,1.8992637,5.3271818,.72144878,-8.5418205,12.340348,6.27090471231954,12.490084,.1520617305204796,-.68388814,.9880116,.6720353021488913,.78113091,.23437309,11.107904,,,,0,1,.9332013130187988
H07,wellbeing_assets_2013,Durable-assets wellbeing domain,assets,primary,primary_2013_household,7,donut_025,fuzzy_late,rdrobust,selected_bc_primary_household,ccpp_equal,cr2 cluster_ruv,1,2,triangular,manual,.00025,.0075,.0074999998,.0135,.0135,100,39049,2612,1173,43,21,64,5.152440093010243,3.5743535,8.1619043,.66143608,-12.422685,19.57139,6.27090471231954,12.490084,.2861752875305085,-.99460375,1.5669544,.5876915334503651,.69047242,.29006919,5.6661677,,,,0,1,.9544336455208914
H07,wellbeing_assets_2013,Durable-assets wellbeing domain,assets,primary,primary_2013_household,7,fixed_h_005,fuzzy_late,rdrobust,selected_bc_primary_household,ccpp_equal,cr2 cluster_ruv,1,2,triangular,manual,.005,.005,.0049999999,.0089999996,.0089999996,100,39074,2049,960,29,15,44,1.080975287325198,.07434129,6.2647719,.9905321,-12.204386,12.353068,5.272901771073172,11.547175,.0064380496934013,-1.0569153,1.0697913,.5965733413796614,.63612133,.28369862,5.0276551,,,,0,1,.9905321002006531
H07,wellbeing_assets_2013,Durable-assets wellbeing domain,assets,primary,primary_2013_household,7,fixed_h_010,fuzzy_late,rdrobust,selected_bc_primary_household,ccpp_equal,cr2 cluster_ruv,1,2,triangular,manual,.01,.01,.0099999998,.017999999,.017999999,100,39074,3395,5088,59,31,90,5.810099589178498,4.7556534,6.5690203,.46909541,-8.1193895,17.630697,6.661685646140237,12.923994,.3679708698975583,-.62824154,1.3641833,.5345445510201752,.61371577,.21533482,8.1228065,,,,0,1,.9020791053771973
H07,wellbeing_assets_2013,Durable-assets wellbeing domain,assets,primary,primary_2013_household,7,outcome_cerrd_fuzzy,fuzzy_late,rdrobust,selected_bc_primary_household,ccpp_equal,cr2 cluster_ruv,1,2,triangular,cerrd,,.0060278561259112,.0060278559,.015018675,.015018675,100,39074,2419,968,37,16,53,1.478030022334848,1.2524432,6.1823478,.83946037,-10.864737,13.369622,5.610540251914242,11.625899,.1077287180936225,-.93452871,1.1499861,.5926966202533117,.63891786,.25260878,6.3972483,,,,0,1,.9318909645080566
H07,wellbeing_assets_2013,Durable-assets wellbeing domain,assets,primary,primary_2013_household,7,outcome_mserd_fuzzy,fuzzy_late,rdrobust,selected_bc_primary_household,ccpp_equal,cr2 cluster_ruv,1,2,triangular,mserd,,.0082137092580208,.0082137091,.015018675,.015018675,100,39074,2855,1198,50,22,72,3.562625170975782,2.4113119,5.2069263,.64329481,-7.794076,12.6167,6.305307565341351,12.345352,.1953214354747647,-.63133687,1.0219797,.6682927870079288,.76911747,.22745216,11.434186,,,,0,1,.9957296848297119
H07,wellbeing_assets_2013,Durable-assets wellbeing domain,assets,primary,primary_2013_household,7,outcome_mserd_p2,fuzzy_late,rdrobust,selected_bc_primary_household,ccpp_equal,cr2 cluster_ruv,2,3,triangular,mserd,,.0170203175744075,.017020317,.024837535,.024837535,100,39074,6476,8003,98,50,148,5.281271404455683,3.9918017,6.3376532,.52878952,-8.4297705,16.413374,6.970734106954709,12.917457,.3090238321234632,-.65258753,1.2706351,.5821451682428028,.68097609,.2260993,9.0712109,,,,0,1,.826958383832659
H07,wellbeing_assets_2013,Durable-assets wellbeing domain,assets,primary,primary_2013_household,7,parametric_common_h,parametric_late,ivreg2,selected_bc_primary_household,ccpp_equal,cr1 cluster_ruv,1,2,triangular,manual,.0075,.0075,.0074999998,.0135,.0135,100,3810,2612,1198,43,22,65,3.064061554207551,3.0640616,4.4243588,.48859599,-5.6076818,11.735805,5.423251243541786,11.668761,.2625867015951243,-.48057213,1.0057455,,,,11.096713,.438623536656321,.50170034,.01775909,0,1,.9206739068031311
H07,wellbeing_assets_2013,Durable-assets wellbeing domain,assets,primary,primary_2013_household,7,parametric_covariates,parametric_late,ivreg2,selected_bc_primary_household,ccpp_equal,cr1 cluster_ruv,1,2,triangular,manual,.0075,.0075,.0074999998,.0135,.0135,100,3675,2477,1198,41,22,63,1.492471233265516,1.4924712,2.2155559,.50054479,-2.8500185,5.8349609,5.516798526147649,11.737231,.1271570070067709,-.24281862,.49713263,,,,12.245104,.4855642684766832,.51870376,.012522255,0,1,.9145523309707642
H07,wellbeing_assets_2013,Durable-assets wellbeing domain,assets,primary,primary_2013_household,7,parametric_district,parametric_late,ivreg2,selected_bc_primary_household,ccpp_equal,cr1 cluster_dist,1,2,triangular,manual,.0075,.0075,.0074999998,.0135,.0135,100,3810,2612,1198,43,22,45,3.064061554207551,3.0640616,4.3804665,.48425028,-5.5216527,11.649776,5.423251243541786,11.668761,.2625867015951243,-.47319955,.99837297,,,,10.993672,.4317681372888112,,.017612692,0,1,.918604850769043
H07,wellbeing_assets_2013,Durable-assets wellbeing domain,assets,primary,primary_2013_household,7,parametric_household_equal,parametric_late,ivreg2,selected_bc_primary_household,household_equal,cr1 cluster_ruv,1,2,triangular,manual,.0075,.0075,.0074999998,.0135,.0135,100,3810,2612,1198,43,22,65,-3.264956312313518,-3.2649562,8.5942001,.70401794,-20.109589,13.579677,10.21827095555781,16.668812,-.1958721584253668,-1.2064201,.81467569,,,,2.4104862,.7416123130132206,,.10211302,0,1,.8045919282095773
H08,hh_share_secondaryplus_2013,Members with secondary education or higher,human_capital,primary,primary_2013_household,8,common_h_covariates,fuzzy_late,rdrobust,selected_bc_primary_household,ccpp_equal,cr2 cluster_ruv,1,2,triangular,manual,,.0075,.0074999998,.0135,.0135,100,37314,2477,1198,41,22,63,-17.52957550484583,-17.819574,16.985338,.29412514,-51.110226,15.471075,36.57514096478047,38.808815,-.4591630525273044,-1.3169745,.39864847,.6504989846138963,.75404376,.19892886,14.368038,,,,0,1,.9964606165885925
H08,hh_share_secondaryplus_2013,Members with secondary education or higher,human_capital,primary,primary_2013_household,8,common_h_cr1_ccpp,fuzzy_late,rdrobust,selected_bc_primary_household,ccpp_equal,cr1 cluster_ruv,1,2,triangular,manual,,.0075,.0074999998,.0135,.0135,100,39074,2612,1198,43,22,65,-18.93990219829778,-19.118898,16.029613,.23297764,-50.536366,12.298568,36.66415249613435,38.750683,-.4933822172778321,-1.3041412,.31737679,.6720353021488913,.78113091,.22292502,12.278067,,,,0,1,.9281740784645081
H08,hh_share_secondaryplus_2013,Members with secondary education or higher,human_capital,primary,primary_2013_household,8,common_h_cr2_district,fuzzy_late,rdrobust,selected_bc_primary_household,ccpp_equal,cr2 cluster_dist,1,2,triangular,manual,,.0075,.0074999998,.0135,.0135,100,39074,2612,1198,43,22,45,-18.93990219829778,-19.118898,17.291609,.26886722,-53.009827,14.772031,36.66415249613435,38.750683,-.4933822172778321,-1.3679714,.38120696,.6720353021488913,.78113091,.23184101,11.351862,,,,0,1,.9348071217536926
H08,hh_share_secondaryplus_2013,Members with secondary education or higher,human_capital,primary,primary_2013_household,8,common_h_cr2_score,fuzzy_late,rdrobust,selected_bc_primary_household,ccpp_equal,cr2 cluster_score,1,2,triangular,manual,,.0075,.0074999998,.0135,.0135,100,39074,2612,1198,43,22,49,-18.93990219829778,-19.118898,16.706284,.25245214,-51.862614,13.624815,36.66415249613435,38.750683,-.4933822172778321,-1.3383664,.35160193,.6720353021488913,.78113091,.24362636,10.280142,,,,0,1,.9331732392311096
H08,hh_share_secondaryplus_2013,Members with secondary education or higher,human_capital,primary,primary_2013_household,8,common_h_cr3_ccpp,fuzzy_late,rdrobust,selected_bc_primary_household,ccpp_equal,cr3 cluster_ruv,1,2,triangular,manual,,.0075,.0074999998,.0135,.0135,100,39074,2612,1198,43,22,65,-18.93990219829778,-19.118898,17.7623,.28175953,-53.932369,15.694571,36.66415249613435,38.750683,-.4933822172778321,-1.3917785,.40501404,.6720353021488913,.78113091,.24998967,9.7634544,,,,0,1,.9388048052787781
H08,hh_share_secondaryplus_2013,Members with secondary education or higher,human_capital,primary,primary_2013_household,8,common_h_epanechnikov,fuzzy_late,rdrobust,selected_bc_primary_household,ccpp_equal,cr2 cluster_ruv,1,2,epanechnikov,manual,,.0075,.0074999998,.0135,.0135,100,39074,2612,1198,43,22,65,-18.37505401469759,-19.00728,16.144093,.23905502,-50.64912,12.63456,36.66415249613435,38.750683,-.4905018124723915,-1.3070511,.32604739,.6822543313350308,.80355632,.23723973,11.472492,,,,0,1,.8967278599739075
H08,hh_share_secondaryplus_2013,Members with secondary education or higher,human_capital,primary,primary_2013_household,8,common_h_fuzzy,fuzzy_late,rdrobust,selected_bc_primary_household,ccpp_equal,cr2 cluster_ruv,1,2,triangular,manual,,.0075,.0074999998,.0135,.0135,100,39074,2612,1198,43,22,65,-18.93990219829778,-19.118898,16.777901,.25448275,-52.002979,13.765183,36.66415249613435,38.750683,-.4933822172778321,-1.3419887,.35522428,.6720353021488913,.78113091,.23437309,11.107904,,,,0,1,.9332013130187988
H08,hh_share_secondaryplus_2013,Members with secondary education or higher,human_capital,primary,primary_2013_household,8,common_h_household_equal,fuzzy_late,rdrobust,selected_bc_primary_household,household_equal,cr2 cluster_ruv,1,2,triangular,manual,,.0075,.0074999998,.0135,.0135,100,39074,2612,1198,43,22,65,-58.07607652908431,-62.145218,52.246841,.23426105,-164.54715,40.256714,43.53833953183111,40.807968,-1.522869735290552,-4.0322309,.9864915,.4318748259616421,.44312185,.3477104,1.6240932,,,,0,1,.7260568141937256
H08,hh_share_secondaryplus_2013,Members with secondary education or higher,human_capital,primary,primary_2013_household,8,common_h_reduced_form,reduced_form,rdrobust,selected_bc_primary_household,ccpp_equal,cr2 cluster_ruv,1,2,triangular,manual,,.0075,.0074999998,.0135,.0135,100,39074,2612,1198,43,22,65,-12.7282828965035,-14.914835,10.377938,.15067044,-35.255219,5.4255514,36.66415249613435,38.750683,-.3848921626953752,-.90979606,.14001176,,,,,,,,0,1,.9204491376876831
H08,hh_share_secondaryplus_2013,Members with secondary education or higher,human_capital,primary,primary_2013_household,8,common_h_uniform,fuzzy_late,rdrobust,selected_bc_primary_household,ccpp_equal,cr2 cluster_ruv,1,2,uniform,manual,,.0075,.0074999998,.0135,.0135,100,39074,2612,1198,43,22,65,-15.13111181655701,-18.207378,14.026773,.194272,-45.699348,9.2845926,36.66415249613435,38.750683,-.4698595351944035,-1.1793172,.23959817,.7491927348942,.8783322,.23997453,13.396375,,,,0,1,.7491047978401184
H08,hh_share_secondaryplus_2013,Members with secondary education or higher,human_capital,primary,primary_2013_household,8,donut_005,fuzzy_late,rdrobust,selected_bc_primary_household,ccpp_equal,cr2 cluster_ruv,1,2,triangular,manual,.00005,.0075,.0074999998,.0135,.0135,100,39074,2612,1198,43,22,65,-18.93990219829778,-19.118898,16.777901,.25448275,-52.002979,13.765183,36.66415249613435,38.750683,-.4933822172778321,-1.3419887,.35522428,.6720353021488913,.78113091,.23437309,11.107904,,,,0,1,.9332013130187988
H08,hh_share_secondaryplus_2013,Members with secondary education or higher,human_capital,primary,primary_2013_household,8,donut_025,fuzzy_late,rdrobust,selected_bc_primary_household,ccpp_equal,cr2 cluster_ruv,1,2,triangular,manual,.00025,.0075,.0074999998,.0135,.0135,100,39049,2612,1173,43,21,64,-25.16745614309231,-26.066463,20.868986,.21164578,-66.968925,14.835997,36.66415249613435,38.750683,-.6726710737107268,-1.7281998,.38285768,.5876915334503651,.69047242,.29006919,5.6661677,,,,0,1,.9544336455208914
H08,hh_share_secondaryplus_2013,Members with secondary education or higher,human_capital,primary,primary_2013_household,8,fixed_h_005,fuzzy_late,rdrobust,selected_bc_primary_household,ccpp_equal,cr2 cluster_ruv,1,2,triangular,manual,.005,.005,.0049999999,.0089999996,.0089999996,100,39074,2049,960,29,15,44,-21.74616222250254,-21.052074,23.673645,.37386224,-67.451561,25.347416,37.39247953653474,39.069603,-.5388351001437353,-1.726446,.64877588,.5965733413796614,.63612133,.28369862,5.0276551,,,,0,1,.9009705543518067
H08,hh_share_secondaryplus_2013,Members with secondary education or higher,human_capital,primary,primary_2013_household,8,fixed_h_010,fuzzy_late,rdrobust,selected_bc_primary_household,ccpp_equal,cr2 cluster_ruv,1,2,triangular,manual,.01,.01,.0099999998,.017999999,.017999999,100,39074,3395,5088,59,31,90,-22.0621047641913,-22.453201,19.149652,.24099146,-59.985828,15.079427,36.37114612476965,39.253048,-.5720116776140173,-1.5281827,.38415939,.5345445510201752,.61371577,.21533482,8.1228065,,,,0,1,.9020791053771973
H08,hh_share_secondaryplus_2013,Members with secondary education or higher,human_capital,primary,primary_2013_household,8,outcome_cerrd_fuzzy,fuzzy_late,rdrobust,selected_bc_primary_household,ccpp_equal,cr2 cluster_ruv,1,2,triangular,cerrd,,.0113201955549902,.011320195,.023253676,.023253676,100,39074,3435,7014,62,37,99,-21.88170201666873,-23.736776,20.447426,.24569531,-63.812996,16.339443,36.22673996405913,39.436104,-.6019046677373775,-1.6181363,.41432697,.4694770730295955,.50027364,.2082652,5.7700801,,,,0,1,.9318909645080566
H08,hh_share_secondaryplus_2013,Members with secondary education or higher,human_capital,primary,primary_2013_household,8,outcome_mserd_fuzzy,fuzzy_late,rdrobust,selected_bc_primary_household,ccpp_equal,cr2 cluster_ruv,1,2,triangular,mserd,,.0154251848568422,.015425185,.023253676,.023253676,100,39074,5875,7680,85,44,129,-21.17491191993431,-25.063873,24.658705,.30942416,-73.394051,23.2663,36.57665169089159,39.271164,-.6382258983213854,-1.8689044,.59245253,.370197286175803,.41852316,.20214753,4.2864933,,,,0,1,.9957296848297119
H08,hh_share_secondaryplus_2013,Members with secondary education or higher,human_capital,primary,primary_2013_household,8,outcome_mserd_p2,fuzzy_late,rdrobust,selected_bc_primary_household,ccpp_equal,cr2 cluster_ruv,2,3,triangular,mserd,,.0157314547387102,.015731454,.024380973,.024380973,100,39074,5954,7807,86,45,131,-21.77245001395993,-20.955814,17.610662,.23406592,-55.472076,13.560451,36.43100030973462,39.205078,-.5345178256148783,-1.4149207,.34588504,.6316358304304663,.7116363,.22833893,9.7130642,,,,0,1,.826958383832659
H08,hh_share_secondaryplus_2013,Members with secondary education or higher,human_capital,primary,primary_2013_household,8,parametric_common_h,parametric_late,ivreg2,selected_bc_primary_household,ccpp_equal,cr1 cluster_ruv,1,2,triangular,manual,.0075,.0075,.0074999998,.0135,.0135,100,3810,2612,1198,43,22,65,-18.9399021982978,-18.939901,14.038561,.17729388,-46.455482,8.5756779,37.66064250438283,39.057236,-.484926839724982,-1.1894206,.21956694,,,,11.096713,.1518077721639862,.17563513,.01775909,0,1,.9206739068031311
H08,hh_share_secondaryplus_2013,Members with secondary education or higher,human_capital,primary,primary_2013_household,8,parametric_covariates,parametric_late,ivreg2,selected_bc_primary_household,ccpp_equal,cr1 cluster_ruv,1,2,triangular,manual,.0075,.0075,.0074999998,.0135,.0135,100,3675,2477,1198,41,22,63,-17.52957550484708,-17.529575,14.40041,.22349122,-45.754379,10.695227,38.0734613267342,39.294876,-.4461033325174764,-1.1643853,.27217865,,,,12.245104,.1567651887220006,.26165232,.012522255,0,1,.9145523309707642
H08,hh_share_secondaryplus_2013,Members with secondary education or higher,human_capital,primary,primary_2013_household,8,parametric_district,parametric_late,ivreg2,selected_bc_primary_household,ccpp_equal,cr1 cluster_dist,1,2,triangular,manual,.0075,.0075,.0074999998,.0135,.0135,100,3810,2612,1198,43,22,45,-18.9399021982978,-18.939901,14.273267,.18452542,-46.915504,9.0356998,37.66064250438283,39.057236,-.484926839724982,-1.2011988,.23134509,,,,10.993672,.1710516790623517,,.017612692,0,1,.918604850769043
H08,hh_share_secondaryplus_2013,Members with secondary education or higher,human_capital,primary,primary_2013_household,8,parametric_household_equal,parametric_late,ivreg2,selected_bc_primary_household,household_equal,cr1 cluster_ruv,1,2,triangular,manual,.0075,.0075,.0074999998,.0135,.0135,100,3810,2612,1198,43,22,65,-58.07607652908451,-58.076077,43.121605,.17804542,-142.59442,26.442272,46.64644181360915,41.311348,-1.40581407560471,-3.4517009,.64007282,,,,2.4104862,.0572397922071631,,.10211302,0,1,.6644973754882813
S01,hh_age_share_0_14,Members age 0-14,demography,secondary,demography_2013_household,9,common_h_fuzzy,fuzzy_late,rdrobust,selected_bc_household,ccpp_equal,cr2 cluster_ruv,1,2,triangular,manual,,.0075,.0074999998,.0135,.0135,100,42355,2830,1268,43,22,65,2.550228031277668,3.2772486,6.4707885,.61252803,-9.4052639,15.959761,21.63529961461758,24.621653,.1331043299891749,-.38199157,.64820021,.6720353021488912,.78113091,.23437309,11.107904,,,,0,1,.8731949925422668
S01,hh_age_share_0_14,Members age 0-14,demography,secondary,demography_2013_household,9,common_h_reduced_form,reduced_form,rdrobust,selected_bc_household,ccpp_equal,cr2 cluster_ruv,1,2,triangular,manual,,.0075,.0074999998,.0135,.0135,100,42355,2830,1268,43,22,65,1.713843265548259,2.4806454,4.5557685,.58609301,-6.4484968,11.409788,21.63529961461758,24.621653,.1007505635496528,-.26190349,.46340463,,,,,,,,0,1,.8535110950469971
S01,hh_age_share_0_14,Members age 0-14,demography,secondary,demography_2013_household,9,outcome_cerrd_fuzzy,fuzzy_late,rdrobust,selected_bc_household,ccpp_equal,cr2 cluster_ruv,1,2,triangular,cerrd,,.005956692474595,.0059566926,.015149605,.015149605,100,42355,2622,1019,37,16,53,6.512385517027942,6.1442485,7.4338527,.40850762,-8.4258356,20.714333,22.27773949997385,24.875708,.2469979280669658,-.3387174,.83271325,.5897544518895627,.63297915,.25303084,6.257947,,,,0,1,.8170152306556702
S01,hh_age_share_0_14,Members age 0-14,demography,secondary,demography_2013_household,9,outcome_mserd_fuzzy,fuzzy_late,rdrobust,selected_bc_household,ccpp_equal,cr2 cluster_ruv,1,2,triangular,mserd,,.0081167398663431,.0081167398,.015149605,.015149605,100,42355,3091,1268,50,22,72,1.338877408993214,.98961753,6.471375,.87845957,-11.694044,13.67328,20.77058333967052,24.435579,.0404990398948699,-.47856626,.55956435,.6708762552267415,.76590168,.22732741,11.351219,,,,0,1,.8784595727920532
S02,hh_age_share_15_29,Members age 15-29,demography,secondary,demography_2013_household,10,common_h_fuzzy,fuzzy_late,rdrobust,selected_bc_household,ccpp_equal,cr2 cluster_ruv,1,2,triangular,manual,,.0075,.0074999998,.0135,.0135,100,42355,2830,1268,43,22,65,-22.16472558238232,-21.99666,15.797997,.1638103,-52.960163,8.9668436,19.89195757153241,28.504402,-.7716934271882332,-1.8579643,.31457749,.6720353021488912,.78113091,.23437309,11.107904,,,,0,.9828617870807648,.8731949925422668
S02,hh_age_share_15_29,Members age 15-29,demography,secondary,demography_2013_household,10,common_h_reduced_form,reduced_form,rdrobust,selected_bc_household,ccpp_equal,cr2 cluster_ruv,1,2,triangular,manual,,.0075,.0074999998,.0135,.0135,100,42355,2830,1268,43,22,65,-14.89547805380356,-17.200605,9.8673067,.081300147,-36.540173,2.1389594,19.89195757153241,28.504402,-.6034368193863117,-1.2819133,.07503961,,,,,,,,0,.4878008812665939,.4878008812665939
S02,hh_age_share_15_29,Members age 15-29,demography,secondary,demography_2013_household,10,outcome_cerrd_fuzzy,fuzzy_late,rdrobust,selected_bc_household,ccpp_equal,cr2 cluster_ruv,1,2,triangular,cerrd,,.005727239426806,.0057272394,.015103157,.015103157,100,42355,2571,1019,36,16,52,-26.91329996573671,-26.575741,20.251919,.18943313,-66.268768,13.11729,21.05629913871403,29.294544,-.907190764343871,-2.2621539,.44777244,.5811664567971986,.62111646,.25517231,5.9248724,,,,0,1,.8170152306556702
S02,hh_age_share_15_29,Members age 15-29,demography,secondary,demography_2013_household,10,outcome_mserd_fuzzy,fuzzy_late,rdrobust,selected_bc_household,ccpp_equal,cr2 cluster_ruv,1,2,triangular,mserd,,.0078040813384123,.0078040813,.015103157,.015103157,100,42355,2987,1268,47,22,69,-21.69947127588942,-21.955427,14.879436,.14006336,-51.118587,7.2077308,19.33553478785068,28.072287,-.782103312987953,-1.8209628,.2567561,.6766468145755959,.76447332,.2290521,11.139254,,,,0,.8403801620006561,.6372653692960739
S03,hh_age_share_30_44,Members age 30-44,demography,secondary,demography_2013_household,11,common_h_fuzzy,fuzzy_late,rdrobust,selected_bc_household,ccpp_equal,cr2 cluster_ruv,1,2,triangular,manual,,.0075,.0074999998,.0135,.0135,100,42355,2830,1268,43,22,65,1.91001710610183,1.8933172,6.019011,.75309867,-9.9037275,13.690362,15.66999250612363,23.645561,.080070720220951,-.41884089,.57898229,.6720353021488912,.78113091,.23437309,11.107904,,,,0,1,.8731949925422668
S03,hh_age_share_30_44,Members age 30-44,demography,secondary,demography_2013_household,11,common_h_reduced_form,reduced_form,rdrobust,selected_bc_household,ccpp_equal,cr2 cluster_ruv,1,2,triangular,manual,,.0075,.0074999998,.0135,.0135,100,42355,2830,1268,43,22,65,1.283598923008694,1.4807504,3.9422398,.70720577,-6.2458978,9.2073984,15.66999250612363,23.645561,.0626227635199791,-.26414672,.38939226,,,,,,,,0,1,.8535110950469971
S03,hh_age_share_30_44,Members age 30-44,demography,secondary,demography_2013_household,11,outcome_cerrd_fuzzy,fuzzy_late,rdrobust,selected_bc_household,ccpp_equal,cr2 cluster_ruv,1,2,triangular,cerrd,,.0069386183070656,.0069386181,.016187405,.016187405,100,42355,2700,1122,39,19,58,2.277621118246675,2.437073,6.258462,.69697696,-9.8292866,14.703433,16.06349592067103,24.052027,.1013250527741678,-.40866771,.61131781,.6422430519372914,.68907726,.23887417,8.3214207,,,,0,1,.9160473942756653
S03,hh_age_share_30_44,Members age 30-44,demography,secondary,demography_2013_household,11,outcome_mserd_fuzzy,fuzzy_late,rdrobust,selected_bc_household,ccpp_equal,cr2 cluster_ruv,1,2,triangular,mserd,,.0094547368477548,.0094547365,.016187405,.016187405,100,42355,3419,5754,54,29,83,1.667432968519381,1.9493995,6.0618086,.74776554,-9.9315271,13.830326,15.8798407089908,24.256018,.0803676630804767,-.40944591,.57018125,.5739982894228778,.67208421,.22070749,9.2728491,,,,0,1,.8784595727920532
S04,hh_age_share_45_64,Members age 45-64,demography,secondary,demography_2013_household,12,common_h_fuzzy,fuzzy_late,rdrobust,selected_bc_household,ccpp_equal,cr2 cluster_ruv,1,2,triangular,manual,,.0075,.0074999998,.0135,.0135,100,42355,2830,1268,43,22,65,1.194712643725336,1.2900139,8.0827169,.87319499,-14.55182,17.131847,22.18246917431861,33.732506,.0382424573778056,-.43138865,.50787359,.6720353021488912,.78113091,.23437309,11.107904,,,,0,1,.8731949925422668
S04,hh_age_share_45_64,Members age 45-64,demography,secondary,demography_2013_household,12,common_h_reduced_form,reduced_form,rdrobust,selected_bc_household,ccpp_equal,cr2 cluster_ruv,1,2,triangular,manual,,.0075,.0074999998,.0135,.0135,100,42355,2830,1268,43,22,65,.802889072507057,.99727279,5.4011631,.8535111,-9.5888128,11.583358,22.18246917431861,33.732506,.0295641475951639,-.2842603,.34338862,,,,,,,,0,1,.8535110950469971
S04,hh_age_share_45_64,Members age 45-64,demography,secondary,demography_2013_household,12,outcome_cerrd_fuzzy,fuzzy_late,rdrobust,selected_bc_household,ccpp_equal,cr2 cluster_ruv,1,2,triangular,cerrd,,.007027165682473,.0070271655,.016253708,.016253708,100,42355,2727,1122,40,19,59,1.164626902668928,1.6499531,8.0506258,.8376134,-14.128983,17.42889,22.37460656495185,34.02898,.0484867036864103,-.41520441,.51217782,.6470323639882212,.69470406,.23722833,8.5756397,,,,0,1,.9160473942756653
S04,hh_age_share_45_64,Members age 45-64,demography,secondary,demography_2013_household,12,outcome_mserd_fuzzy,fuzzy_late,rdrobust,selected_bc_household,ccpp_equal,cr2 cluster_ruv,1,2,triangular,mserd,,.0095753937416763,.009575394,.016253708,.016253708,100,42355,3419,5754,54,29,83,.6108172963098902,1.8262749,8.546423,.83078974,-14.924406,18.576956,22.5813148890379,34.317879,.0532164249771125,-.4348872,.54132003,.5655170803038927,.66403967,.22023925,9.0907278,,,,0,1,.8784595727920532
S05,hh_age_share_65p,Members age 65 or older,demography,secondary,demography_2013_household,13,common_h_fuzzy,fuzzy_late,rdrobust,selected_bc_household,ccpp_equal,cr2 cluster_ruv,1,2,triangular,manual,,.0075,.0074999998,.0135,.0135,100,42355,2830,1268,43,22,65,16.5097678012776,15.53608,15.152382,.30521095,-14.162042,45.234203,20.62028113340776,37.319733,.4162966608216921,-.37947863,1.2120719,.6720353021488912,.78113091,.23437309,11.107904,,,,0,1,.8731949925422668
S05,hh_age_share_65p,Members age 65 or older,demography,secondary,demography_2013_household,13,common_h_reduced_form,reduced_form,rdrobust,selected_bc_household,ccpp_equal,cr2 cluster_ruv,1,2,triangular,manual,,.0075,.0074999998,.0135,.0135,100,42355,2830,1268,43,22,65,11.09514679273962,12.241938,9.5919037,.20185718,-6.5578475,31.041723,20.62028113340776,37.319733,.3280285329494996,-.17572063,.83177769,,,,,,,,0,1,.6055715382099152
S05,hh_age_share_65p,Members age 65 or older,demography,secondary,demography_2013_household,13,outcome_cerrd_fuzzy,fuzzy_late,rdrobust,selected_bc_household,ccpp_equal,cr2 cluster_ruv,1,2,triangular,cerrd,,.0067949181499548,.0067949183,.015853079,.015853079,100,42355,2700,1122,39,19,58,16.44873910651405,16.556185,16.182831,.30627429,-15.161581,48.273949,19.5726702925767,36.91251,.4485250373981021,-.41074371,1.3077937,.6330578593758691,.68167484,.24190047,7.9411077,,,,0,1,.8170152306556702
S05,hh_age_share_65p,Members age 65 or older,demography,secondary,demography_2013_household,13,outcome_mserd_fuzzy,fuzzy_late,rdrobust,selected_bc_household,ccpp_equal,cr2 cluster_ruv,1,2,triangular,mserd,,.0092589273781548,.0092589278,.015853079,.015853079,100,42355,3419,5706,54,28,82,20.18482250504176,20.422276,16.377996,.21242179,-11.678007,52.52256,21.83140541110006,38.291,.5333440328862867,-.30498046,1.3716686,.5902530980910903,.69462639,.22181644,9.8065233,,,,0,1,.6372653692960739
S06,hh_head_female_2013,Female-headed household,demography,secondary,demography_2013_household,14,common_h_fuzzy,fuzzy_late,rdrobust,selected_bc_household,ccpp_equal,cr2 cluster_ruv,1,2,triangular,manual,,.0075,.0074999998,.0135,.0135,100,42355,2830,1268,43,22,65,-4.027465668480647,-2.8015871,14.123561,.84276134,-30.483257,24.880083,27.47223534052304,44.645313,-.0627520979483333,-.68278742,.55728322,.6720353021488912,.78113091,.23437309,11.107904,,,,0,1,.8731949925422668
S06,hh_head_female_2013,Female-headed household,demography,secondary,demography_2013_household,14,common_h_reduced_form,reduced_form,rdrobust,selected_bc_household,ccpp_equal,cr2 cluster_ruv,1,2,triangular,manual,,.0075,.0074999998,.0135,.0135,100,42355,2830,1268,43,22,65,-2.706599107411678,-2.3221443,9.7490807,.81173289,-21.429991,16.785702,27.47223534052304,44.645313,-.0520131676503135,-.48000538,.37597904,,,,,,,,0,1,.8535110950469971
S06,hh_head_female_2013,Female-headed household,demography,secondary,demography_2013_household,14,outcome_cerrd_fuzzy,fuzzy_late,rdrobust,selected_bc_household,ccpp_equal,cr2 cluster_ruv,1,2,triangular,cerrd,,.0121507231597666,.012150723,.024168896,.024168896,100,42355,3979,7863,64,37,101,-2.858710387791931,-1.6343324,15.503953,.91604739,-32.021523,28.752857,27.85731818011182,44.835331,-.0364518867513824,-.71420288,.64129913,.4457863484823937,.4744449,.20562148,5.3239574,,,,0,1,.9160473942756653
S06,hh_head_female_2013,Female-headed household,demography,secondary,demography_2013_household,14,outcome_mserd_fuzzy,fuzzy_late,rdrobust,selected_bc_household,ccpp_equal,cr2 cluster_ruv,1,2,triangular,mserd,,.0165568827829208,.016556883,.024168896,.024168896,100,42355,6627,8839,92,49,141,-7.526509812352798,-4.4726467,18.197409,.80584884,-40.138912,31.193619,27.54150628009153,44.67569,-.1001136554890323,-.89845085,.69822353,.3480459776340158,.39572948,.19931902,3.941843,,,,0,1,.8784595727920532
S07,hh_share_literate_2013,Literate working-age members,human_capital,secondary,human_capital_2013_household,15,common_h_fuzzy,fuzzy_late,rdrobust,selected_bc_household,ccpp_equal,cr2 cluster_ruv,1,2,triangular,manual,,.0075,.0074999998,.0135,.0135,100,42350,2830,1267,43,22,65,-8.16937886943867,-8.9271994,13.49041,.5081352,-35.367916,17.513517,72.07651244943864,37.751022,-.2364756978679414,-.93687308,.4639217,.6720353021488912,.78113091,.23437309,11.107904,,,,0,1,.9808507561683655
S07,hh_share_literate_2013,Literate working-age members,human_capital,secondary,human_capital_2013_household,15,common_h_reduced_form,reduced_form,rdrobust,selected_bc_household,ccpp_equal,cr2 cluster_ruv,1,2,triangular,manual,,.0075,.0074999998,.0135,.0135,100,42350,2830,1267,43,22,65,-5.490110996891984,-6.8906364,9.2314682,.45540825,-24.98398,11.202708,72.07651244943864,37.751022,-.1825284706239326,-.66180938,.29675245,,,,,,,,0,1,.9777383804321289
S07,hh_share_literate_2013,Literate working-age members,human_capital,secondary,human_capital_2013_household,15,outcome_cerrd_fuzzy,fuzzy_late,rdrobust,selected_bc_household,ccpp_equal,cr2 cluster_ruv,1,2,triangular,cerrd,,.0097569686894743,.0097569684,.021324046,.021324046,100,42350,3550,5762,56,30,86,-9.135302866170909,-8.9332371,13.7527,.51597494,-35.888035,18.021561,72.90297313655202,38.119354,-.2343491183410906,-.94146496,.4727667,.5518667978497588,.59652877,.21295747,7.846518,,,,0,1,.6989619731903076
S07,hh_share_literate_2013,Literate working-age members,human_capital,secondary,human_capital_2013_household,15,outcome_mserd_fuzzy,fuzzy_late,rdrobust,selected_bc_household,ccpp_equal,cr2 cluster_ruv,1,2,triangular,mserd,,.0132950923812634,.013295093,.021324046,.021324046,100,42350,5779,7932,71,39,110,-7.373210586540228,-7.1768103,17.319647,.67860025,-41.122692,26.769072,73.32057246400859,38.134922,-.1881952389544506,-1.0783474,.70195693,.4173199246259551,.48854288,.20690411,5.5752854,,,,0,1,.9449591040611267
S08,hh_share_nonspanish_2013,Members with non-Spanish mother tongue,human_capital,secondary,human_capital_2013_household,16,common_h_fuzzy,fuzzy_late,rdrobust,selected_bc_household,ccpp_equal,cr2 cluster_ruv,1,2,triangular,manual,,.0075,.0074999998,.0135,.0135,100,28514,2510,887,36,15,51,-.4226997401025461,-.29997095,12.497592,.98085076,-24.794802,24.19486,81.48406727149874,33.939087,-.0088385099925605,-.73056775,.71289074,.9689302826083704,1.0811639,.17920361,36.399006,,,,0,1,.9808507561683655
S08,hh_share_nonspanish_2013,Members with non-Spanish mother tongue,human_capital,secondary,human_capital_2013_household,16,common_h_reduced_form,reduced_form,rdrobust,selected_bc_household,ccpp_equal,cr2 cluster_ruv,1,2,triangular,manual,,.0075,.0074999998,.0135,.0135,100,28514,2510,887,36,15,51,-.4095665786360447,-.33809206,12.116083,.97773838,-24.085178,23.408995,81.48406727149874,33.939087,-.0099617307937261,-.70965898,.68973553,,,,,,,,0,1,.9777383804321289
S08,hh_share_nonspanish_2013,Members with non-Spanish mother tongue,human_capital,secondary,human_capital_2013_household,16,outcome_cerrd_fuzzy,fuzzy_late,rdrobust,selected_bc_household,ccpp_equal,cr2 cluster_ruv,1,2,triangular,cerrd,,.0062188331647421,.0062188334,.015019745,.015019745,100,28514,2302,707,30,11,41,6.686116700159002,6.2579021,14.081541,.65675002,-21.341412,33.857216,80.68251142708459,34.868675,.1794705974826317,-.61205107,.97099227,.8388541486824718,.88231158,.16497985,28.601067,,,,0,1,.6989619731903076
S08,hh_share_nonspanish_2013,Members with non-Spanish mother tongue,human_capital,secondary,human_capital_2013_household,16,outcome_mserd_fuzzy,fuzzy_late,rdrobust,selected_bc_household,ccpp_equal,cr2 cluster_ruv,1,2,triangular,mserd,,.0083727638955882,.0083727641,.015019745,.015019745,100,28514,2798,966,44,17,61,-.8910196073525423,-.87676531,12.699686,.9449591,-25.767693,24.014162,83.05568833557946,32.526569,-.0269553582447569,-.79220444,.73829371,.9694456321073397,1.0917307,.18510778,34.784172,,,,0,1,.9449591040611267
S09,hh_share_indigenous_2013,Members with a named Indigenous mother tongue,human_capital,secondary,human_capital_2013_household,17,common_h_fuzzy,fuzzy_late,rdrobust,selected_bc_household,ccpp_equal,cr2 cluster_ruv,1,2,triangular,manual,,.0075,.0074999998,.0135,.0135,100,28514,2510,887,36,15,51,-.6692172775284977,-.57121247,12.477047,.96348476,-25.025776,23.88335,81.17525854278782,34.086098,-.0167579310606904,-.73419309,.70067722,.9689302826083704,1.0811639,.17920361,36.399006,,,,0,1,.9808507561683655
S09,hh_share_indigenous_2013,Members with a named Indigenous mother tongue,human_capital,secondary,human_capital_2013_household,17,common_h_reduced_form,reduced_form,rdrobust,selected_bc_household,ccpp_equal,cr2 cluster_ruv,1,2,triangular,manual,,.0075,.0074999998,.0135,.0135,100,28514,2510,887,36,15,51,-.6484248858420916,-.62857366,12.100766,.95857257,-24.345638,23.088491,81.17525854278782,34.086098,-.0184407648773542,-.7142396,.67735803,,,,,,,,0,1,.9777383804321289
S09,hh_share_indigenous_2013,Members with a named Indigenous mother tongue,human_capital,secondary,human_capital_2013_household,17,outcome_cerrd_fuzzy,fuzzy_late,rdrobust,selected_bc_household,ccpp_equal,cr2 cluster_ruv,1,2,triangular,cerrd,,.0063001799504508,.0063001798,.015105278,.015105278,100,28514,2302,707,30,11,41,5.812065580989802,5.3992848,13.961667,.69896197,-21.96508,32.763649,80.37604351673403,34.975937,.1543714121441512,-.62800545,.93674827,.8463196252580124,.89062411,.1658159,28.84938,,,,0,1,.6989619731903076
S09,hh_share_indigenous_2013,Members with a named Indigenous mother tongue,human_capital,secondary,human_capital_2013_household,17,outcome_mserd_fuzzy,fuzzy_late,rdrobust,selected_bc_household,ccpp_equal,cr2 cluster_ruv,1,2,triangular,mserd,,.0084822856358184,.0084822858,.015105278,.015105278,100,28514,2798,966,44,17,61,-.820866724348904,-.90577328,12.771072,.94345838,-25.936615,24.125069,82.80302664845233,32.664478,-.0277296109682644,-.7940312,.738572,.9641487981892688,1.0878394,.18566589,34.329327,,,,0,1,.9449591040611267
S10,hh_share_insured_2013,Members with health insurance,health,secondary,health_2013_household,18,common_h_fuzzy,fuzzy_late,rdrobust,selected_bc_household,ccpp_equal,cr2 cluster_ruv,1,2,triangular,manual,,.0075,.0074999998,.0135,.0135,100,42355,2830,1268,43,22,65,-15.76825745968786,-14.990947,25.408537,.55519301,-64.790764,34.808868,82.87410193891009,35.171551,-.4262236264357711,-1.8421354,.98968822,.6720353021488912,.78113091,.23437309,11.107904,,,,0,1,.8878457546234131
S10,hh_share_insured_2013,Members with health insurance,health,secondary,health_2013_household,18,common_h_reduced_form,reduced_form,rdrobust,selected_bc_household,ccpp_equal,cr2 cluster_ruv,1,2,triangular,manual,,.0075,.0074999998,.0135,.0135,100,42355,2830,1268,43,22,65,-10.59682566628284,-11.794693,14.38272,.41218191,-39.984306,16.39492,82.87410193891009,35.171551,-.3353475180752693,-1.1368365,.46614149,,,,,,,,0,1,.8595683574676514
S10,hh_share_insured_2013,Members with health insurance,health,secondary,health_2013_household,18,outcome_cerrd_fuzzy,fuzzy_late,rdrobust,selected_bc_household,ccpp_equal,cr2 cluster_ruv,1,2,triangular,cerrd,,.0116528633074308,.011652864,.02352334,.02352334,100,42355,3918,7863,63,37,100,-19.34415433286704,-18.938744,29.036673,.51424932,-75.849579,37.972088,82.99526895963729,35.285839,-.5367236601485009,-2.1495755,1.0761282,.4585879031662947,.48906437,.20715778,5.5735197,,,,0,1,.717090368270874
S10,hh_share_insured_2013,Members with health insurance,health,secondary,health_2013_household,18,outcome_mserd_fuzzy,fuzzy_late,rdrobust,selected_bc_household,ccpp_equal,cr2 cluster_ruv,1,2,triangular,mserd,,.0158784863525963,.015878486,.02352334,.02352334,100,42355,6481,8710,86,45,131,-18.80429436953585,-18.359564,35.0853,.60077691,-87.125488,50.406364,82.98004523297872,35.186394,-.5217802095918354,-2.4761131,1.4325527,.3614703534709528,.40951529,.20126118,4.1401896,,,,0,1,.7341938018798828
S11,hh_any_insured_outcome,Household has an insured member,health,secondary,health_2013_household,19,common_h_fuzzy,fuzzy_late,rdrobust,selected_bc_household,ccpp_equal,cr2 cluster_ruv,1,2,triangular,manual,,.0075,.0074999998,.0135,.0135,100,42355,2830,1268,43,22,65,-12.39406458855121,-12.03001,21.216274,.57070196,-53.613144,29.553123,86.30923063755813,34.381062,-.3499022110674516,-1.5593801,.85957563,.6720353021488912,.78113091,.23437309,11.107904,,,,0,1,.8878457546234131
S11,hh_any_insured_outcome,Household has an insured member,health,secondary,health_2013_household,19,common_h_reduced_form,reduced_form,rdrobust,selected_bc_household,ccpp_equal,cr2 cluster_ruv,1,2,triangular,manual,,.0075,.0074999998,.0135,.0135,100,42355,2830,1268,43,22,65,-8.329248940619882,-9.4367294,12.173682,.4382365,-33.296707,14.423249,86.30923063755813,34.381062,-.2744746215315499,-.96846068,.41951144,,,,,,,,0,1,.8595683574676514
S11,hh_any_insured_outcome,Household has an insured member,health,secondary,health_2013_household,19,outcome_cerrd_fuzzy,fuzzy_late,rdrobust,selected_bc_household,ccpp_equal,cr2 cluster_ruv,1,2,triangular,cerrd,,.0101845122725625,.010184512,.021839753,.021839753,100,42355,3709,5779,61,31,92,-14.79192290026455,-13.97473,21.823782,.52194887,-56.748554,28.799095,85.78012595147814,34.930096,-.4000770776753493,-1.6246321,.82447797,.5224586876630719,.56465125,.211651,7.1173759,,,,0,1,.717090368270874
S11,hh_any_insured_outcome,Household has an insured member,health,secondary,health_2013_household,19,outcome_mserd_fuzzy,fuzzy_late,rdrobust,selected_bc_household,ccpp_equal,cr2 cluster_ruv,1,2,triangular,mserd,,.013877674084155,.013877674,.021839753,.021839753,100,42355,5823,7963,72,40,112,-15.04247409276618,-13.49004,27.146564,.61923587,-66.696327,39.716248,85.48422927801286,35.229004,-.3829242543898894,-1.8932222,1.1273737,.4034669769815507,.46936822,.20586301,5.1984119,,,,0,1,.7341938018798828
S12,hh_share_disability_2013,Members reporting a disability,health,secondary,health_2013_household,20,common_h_fuzzy,fuzzy_late,rdrobust,selected_bc_household,ccpp_equal,cr2 cluster_ruv,1,2,triangular,manual,,.0075,.0074999998,.0135,.0135,100,42355,2830,1268,43,22,65,2.730375514098795,1.9386939,13.746615,.88784575,-25.004177,28.881563,9.543555349728333,25.700342,.0754345537487899,-.97291213,1.1237813,.6720353021488912,.78113091,.23437309,11.107904,,,,0,1,.8878457546234131
S12,hh_share_disability_2013,Members reporting a disability,health,secondary,health_2013_household,20,common_h_reduced_form,reduced_form,rdrobust,selected_bc_household,ccpp_equal,cr2 cluster_ruv,1,2,triangular,manual,,.0075,.0074999998,.0135,.0135,100,42355,2830,1268,43,22,65,1.834908733597318,1.6007427,9.0476475,.85956836,-16.13232,19.333807,9.543555349728333,25.700342,.0622848763660197,-.62770838,.75227815,,,,,,,,0,1,.8595683574676514
S12,hh_share_disability_2013,Members reporting a disability,health,secondary,health_2013_household,20,outcome_cerrd_fuzzy,fuzzy_late,rdrobust,selected_bc_household,ccpp_equal,cr2 cluster_ruv,1,2,triangular,cerrd,,.0091220144724023,.009122014,.019498484,.019498484,100,42355,3419,5706,54,28,82,4.515283913815233,4.8803968,13.468732,.71709037,-21.517832,31.278625,10.88296046871185,27.647568,.1765217416212364,-.77829021,1.1313337,.604133258952502,.65223968,.21629412,9.0933714,,,,0,1,.717090368270874
S12,hh_share_disability_2013,Members reporting a disability,health,secondary,health_2013_household,20,outcome_mserd_fuzzy,fuzzy_late,rdrobust,selected_bc_household,ccpp_equal,cr2 cluster_ruv,1,2,triangular,mserd,,.0124298877011509,.012429887,.019498484,.019498484,100,42355,4031,7886,66,38,104,5.907912091501712,6.5271349,17.577677,.71039104,-27.924479,40.978748,10.39477109810865,27.267111,.2393775895845862,-1.0241085,1.5028636,.4395371730590126,.51860452,.20981587,6.1093626,,,,0,1,.7341938018798828
S13,hh_any_disability_outcome,Household has a member reporting disability,health,secondary,health_2013_household,21,common_h_fuzzy,fuzzy_late,rdrobust,selected_bc_household,ccpp_equal,cr2 cluster_ruv,1,2,triangular,manual,,.0075,.0074999998,.0135,.0135,100,42355,2830,1268,43,22,65,5.952558560998931,5.0414662,15.954606,.75201154,-26.228987,36.31192,16.29846817206953,36.941696,.1364708917415708,-.71001035,.98295212,.6720353021488912,.78113091,.23437309,11.107904,,,,0,1,.8878457546234131
S13,hh_any_disability_outcome,Household has a member reporting disability,health,secondary,health_2013_household,21,common_h_reduced_form,reduced_form,rdrobust,selected_bc_household,ccpp_equal,cr2 cluster_ruv,1,2,triangular,manual,,.0075,.0074999998,.0135,.0135,100,42355,2830,1268,43,22,65,4.000329491099885,4.0374413,10.449473,.69921714,-16.44315,24.518032,16.29846817206953,36.941696,.1092922523400777,-.44511083,.66369534,,,,,,,,0,1,.8595683574676514
S13,hh_any_disability_outcome,Household has a member reporting disability,health,secondary,health_2013_household,21,outcome_cerrd_fuzzy,fuzzy_late,rdrobust,selected_bc_household,ccpp_equal,cr2 cluster_ruv,1,2,triangular,cerrd,,.007872473080827,.0078724734,.017448651,.017448651,100,42355,3001,1268,48,22,70,5.95695622848126,5.8897262,14.793688,.69053859,-23.10537,34.884823,17.53466518050897,38.032669,.1548596576633702,-.60751373,.91723305,.6757806259891048,.72824955,.2241797,10.552804,,,,0,1,.717090368270874
S13,hh_any_disability_outcome,Household has a member reporting disability,health,secondary,health_2013_household,21,outcome_mserd_fuzzy,fuzzy_late,rdrobust,selected_bc_household,ccpp_equal,cr2 cluster_ruv,1,2,triangular,mserd,,.0107272309884029,.010727231,.017448651,.017448651,100,42355,3712,5790,62,32,94,6.832662628632004,6.5044346,19.15592,.7341938,-31.04048,44.049347,17.23649984339703,37.774826,.1721896643261765,-.82172394,1.1661032,.492832781210407,.58784115,.21541584,7.4467154,,,,0,1,.7341938018798828
S14,hh_any_juntos_outcome,Household has a Juntos participant,social_protection,secondary,social_protection_2013_household,22,common_h_fuzzy,fuzzy_late,rdrobust,selected_bc_household,ccpp_equal,cr2 cluster_ruv,1,2,triangular,manual,,.0075,.0074999998,.0135,.0135,100,42355,2830,1268,43,22,65,5.784482445410539,5.3249154,21.797905,.80700958,-37.398193,48.048023,34.99864362746237,47.704964,.1116218378820166,-.78394765,1.0071913,.6720353021488912,.78113091,.23437309,11.107904,,,,0,1,.8112602233886719
S14,hh_any_juntos_outcome,Household has a Juntos participant,social_protection,secondary,social_protection_2013_household,22,common_h_reduced_form,reduced_form,rdrobust,selected_bc_household,ccpp_equal,cr2 cluster_ruv,1,2,triangular,manual,,.0075,.0074999998,.0135,.0135,100,42355,2830,1268,43,22,65,3.887376407976428,4.2095928,15.380458,.78431708,-25.935551,34.354736,34.99864362746237,47.704964,.0882422412878029,-.54366565,.72015017,,,,,,,,0,1,.7854002714157104
S14,hh_any_juntos_outcome,Household has a Juntos participant,social_protection,secondary,social_protection_2013_household,22,outcome_cerrd_fuzzy,fuzzy_late,rdrobust,selected_bc_household,ccpp_equal,cr2 cluster_ruv,1,2,triangular,cerrd,,.0115555856110703,.011555586,.02326701,.02326701,100,42355,3918,7863,63,37,100,4.43692088209818,4.8425236,21.763338,.82391822,-37.812836,47.497883,32.91166555539395,46.995239,.1030428553099656,-.80460995,1.0106957,.4614107413974137,.49334732,.20755583,5.6498337,,,,0,1,.8239182233810425
S14,hh_any_juntos_outcome,Household has a Juntos participant,social_protection,secondary,social_protection_2013_household,22,outcome_mserd_fuzzy,fuzzy_late,rdrobust,selected_bc_household,ccpp_equal,cr2 cluster_ruv,1,2,triangular,mserd,,.0157459333024728,.015745934,.02326701,.02326701,100,42355,6481,8710,86,45,131,8.876051974137093,9.0321941,24.816212,.71588528,-39.606686,57.671074,33.05388845595679,47.04435,.1919931722119692,-.84190106,1.2258874,.3640509531192187,.4143202,.20170166,4.2194247,,,,0,1,.7158852815628052
S15,hh_share_program_any_2013,Members in any social program,social_protection,secondary,social_protection_2013_household,23,common_h_fuzzy,fuzzy_late,rdrobust,selected_bc_household,ccpp_equal,cr2 cluster_ruv,1,2,triangular,manual,,.0075,.0074999998,.0135,.0135,100,42355,2830,1268,43,22,65,5.496723573672281,4.6433787,19.44459,.81126022,-33.467316,42.754074,28.65171295307408,32.176792,.1443083160579238,-1.0401074,1.328724,.6720353021488912,.78113091,.23437309,11.107904,,,,0,1,.8112602233886719
S15,hh_share_program_any_2013,Members in any social program,social_protection,secondary,social_protection_2013_household,23,common_h_reduced_form,reduced_form,rdrobust,selected_bc_household,ccpp_equal,cr2 cluster_ruv,1,2,triangular,manual,,.0075,.0074999998,.0135,.0135,100,42355,2830,1268,43,22,65,3.693992287661785,3.7201827,13.662655,.78540027,-23.058128,30.498493,28.65171295307408,32.176792,.1156169557443051,-.71660745,.94784135,,,,,,,,0,1,.7854002714157104
S15,hh_share_program_any_2013,Members in any social program,social_protection,secondary,social_protection_2013_household,23,outcome_cerrd_fuzzy,fuzzy_late,rdrobust,selected_bc_household,ccpp_equal,cr2 cluster_ruv,1,2,triangular,cerrd,,.007585752850896,.0075857528,.017161127,.017161127,100,42355,2860,1268,44,22,66,5.420903388363573,5.6059928,16.306808,.73100996,-26.354765,37.56675,28.61020576835414,32.217415,.1740050518923047,-.81802857,1.1660386,.6752885301600133,.72527879,.22729306,10.182106,,,,0,1,.8239182233810425
S15,hh_share_program_any_2013,Members in any social program,social_protection,secondary,social_protection_2013_household,23,outcome_mserd_fuzzy,fuzzy_late,rdrobust,selected_bc_household,ccpp_equal,cr2 cluster_ruv,1,2,triangular,mserd,,.0103365387492627,.010336539,.017161127,.017161127,100,42355,3712,5790,62,32,94,10.15815127001216,9.648695,17.144205,.57357359,-23.953327,43.250717,29.43316519202447,33.717106,.2861661765738563,-.71042067,1.282753,.5130487965849883,.6076287,.21643747,7.8815508,,,,0,1,.7158852815628052
S16,hh_lfp_outcome,Working-age members in the labor force,labor,secondary,labor_2013_household,24,common_h_fuzzy,fuzzy_late,rdrobust,selected_bc_household,ccpp_equal,cr2 cluster_ruv,1,2,triangular,manual,,.0075,.0074999998,.0135,.0135,100,42350,2830,1267,43,22,65,8.75448019756166,11.842542,13.019589,.36303663,-13.675385,37.36047,56.88850407246169,33.335552,.3552526201420664,-.41023427,1.1207395,.6720353021488912,.78113091,.23437309,11.107904,,,,0,.7260732650756836,.5685388445854187
S16,hh_lfp_outcome,Working-age members in the labor force,labor,secondary,labor_2013_household,24,common_h_reduced_form,reduced_form,rdrobust,selected_bc_household,ccpp_equal,cr2 cluster_ruv,1,2,triangular,manual,,.0075,.0074999998,.0135,.0135,100,42350,2830,1267,43,22,65,5.883319744724835,8.913681,8.3250475,.28430149,-7.4031124,25.230474,56.88850407246169,33.335552,.2673926527898511,-.22207861,.75686389,,,,,,,,0,.568602979183197,.5378727912902832
S16,hh_lfp_outcome,Working-age members in the labor force,labor,secondary,labor_2013_household,24,outcome_cerrd_fuzzy,fuzzy_late,rdrobust,selected_bc_household,ccpp_equal,cr2 cluster_ruv,1,2,triangular,cerrd,,.0116623396403107,.01166234,.023283424,.023283424,100,42350,3918,7862,63,37,100,5.170877778485528,7.7663236,15.553448,.61754602,-22.717875,38.250523,59.03727141625268,33.720764,.2303127992300409,-.67370582,1.1343315,.4583223848337313,.49061653,.20728809,5.6019044,,,,0,.7329159379005432,.617546021938324
S16,hh_lfp_outcome,Working-age members in the labor force,labor,secondary,labor_2013_household,24,outcome_mserd_fuzzy,fuzzy_late,rdrobust,selected_bc_household,ccpp_equal,cr2 cluster_ruv,1,2,triangular,mserd,,.0158913990435236,.015891399,.023283424,.023283424,100,42350,6481,8730,86,46,132,-1.706079295767878,4.3006921,18.58741,.8170222,-32.129959,40.731346,58.29473437253626,33.730507,.1275015550960098,-.95254898,1.2075521,.3612476296859818,.41232088,.20149291,4.1874638,,,,0,.8170222043991089,.8170222043991089
S17,hh_unemployment_rate_outcome,Unemployed household labor-force members,labor,secondary,labor_2013_household,25,common_h_fuzzy,fuzzy_late,rdrobust,selected_bc_household,ccpp_equal,cr2 cluster_ruv,1,2,triangular,manual,,.0075,.0074999998,.0135,.0135,100,37128,2493,1080,43,22,65,.2740030156678219,.5452776,.95628393,.56853884,-1.3290044,2.4195597,1.091548244016955,9.6010885,.0567933110224445,-.13842227,.25200889,.6720353021488911,.78113091,.23437309,11.107904,,,,0,.7260732650756836,.5685388445854187
S17,hh_unemployment_rate_outcome,Unemployed household labor-force members,labor,secondary,labor_2013_household,25,common_h_reduced_form,reduced_form,rdrobust,selected_bc_household,ccpp_equal,cr2 cluster_ruv,1,2,triangular,manual,,.0075,.0074999998,.0135,.0135,100,37128,2493,1080,43,22,65,.1841396994240321,.39633831,.643372,.53787279,-.86464757,1.6573242,1.091548244016955,9.6010885,.0412805612537619,-.090057246,.17261836,,,,,,,,0,.568602979183197,.5378727912902832
S17,hh_unemployment_rate_outcome,Unemployed household labor-force members,labor,secondary,labor_2013_household,25,outcome_cerrd_fuzzy,fuzzy_late,rdrobust,selected_bc_household,ccpp_equal,cr2 cluster_ruv,1,2,triangular,cerrd,,.0109899097435136,.01098991,.021047467,.021047467,100,37128,3281,5224,62,34,96,-.8651481990688508,-.83856171,.92850816,.36645797,-2.6584044,.98128086,.8756373495032204,8.5787277,-.0977489616785803,-.30988327,.11438536,.4820373993325533,.53767622,.21057937,6.5194359,,,,0,.7329159379005432,.617546021938324
S17,hh_unemployment_rate_outcome,Unemployed household labor-force members,labor,secondary,labor_2013_household,25,outcome_mserd_fuzzy,fuzzy_late,rdrobust,selected_bc_household,ccpp_equal,cr2 cluster_ruv,1,2,triangular,mserd,,.0149751290541072,.014975129,.021047467,.021047467,100,37128,5262,7467,80,43,123,-1.569088651969519,-1.2725977,1.4739559,.38792345,-4.1614981,1.6163026,.6920566974585757,7.6217461,-.1669693163931349,-.54600322,.21206462,.380228150516257,.46944237,.20561688,5.212512,,,,0,.7758468985557556,.7758468985557556
S18,hh_any_agriculture_outcome,Household has an agricultural worker,labor_sector,secondary,labor_sector_2013_household,26,common_h_fuzzy,fuzzy_late,rdrobust,selected_bc_household,ccpp_equal,cr2 cluster_ruv,1,2,triangular,manual,,.0075,.0074999998,.0135,.0135,100,42350,2830,1267,43,22,65,-10.00870846085574,-10.54298,32.139084,.74287963,-73.534424,52.448463,69.78046411868254,45.929062,-.2295492169675664,-1.6010435,1.141945,.6720353021488912,.78113091,.23437309,11.107904,,,,0,1,.8014662265777588
S18,hh_any_agriculture_outcome,Household has an agricultural worker,labor_sector,secondary,labor_sector_2013_household,26,common_h_reduced_form,reduced_form,rdrobust,selected_bc_household,ccpp_equal,cr2 cluster_ruv,1,2,triangular,manual,,.0075,.0074999998,.0135,.0135,100,42350,2830,1267,43,22,65,-6.726205414611353,-8.1771603,21.921583,.70913452,-51.142673,34.788353,69.78046411868254,45.929062,-.1780389272935128,-1.1135144,.75743663,,,,,,,,0,1,.787504255771637
S18,hh_any_agriculture_outcome,Household has an agricultural worker,labor_sector,secondary,labor_sector_2013_household,26,outcome_cerrd_fuzzy,fuzzy_late,rdrobust,selected_bc_household,ccpp_equal,cr2 cluster_ruv,1,2,triangular,cerrd,,.0074104424084434,.0074104425,.017229443,.017229443,100,42350,2830,1200,43,21,64,-10.30307067574655,-10.883901,29.692438,.71395123,-69.080009,47.312206,69.78046411868254,45.929062,-.2369719796139554,-1.5040588,1.0301149,.6677426182142552,.71349204,.22985503,9.6354113,,,,0,1,.9273841977119446
S18,hh_any_agriculture_outcome,Household has an agricultural worker,labor_sector,secondary,labor_sector_2013_household,26,outcome_mserd_fuzzy,fuzzy_late,rdrobust,selected_bc_household,ccpp_equal,cr2 cluster_ruv,1,2,triangular,mserd,,.0100976563051363,.010097656,.017229443,.017229443,100,42350,3671,5778,59,31,90,-10.43988409435033,-12.132757,31.24262,.69776452,-73.367165,49.101654,69.13634031184269,46.199371,-.2626173636004261,-1.5880555,1.0628208,.5282420629167365,.61773211,.21664374,8.1303282,,,,0,1,.8040598630905151
S19,hh_any_livestock_outcome,Household has a livestock worker,labor_sector,secondary,labor_sector_2013_household,27,common_h_fuzzy,fuzzy_late,rdrobust,selected_bc_household,ccpp_equal,cr2 cluster_ruv,1,2,triangular,manual,,.0075,.0074999998,.0135,.0135,100,42350,2830,1267,43,22,65,-11.32053894449617,-12.103326,14.250646,.39570454,-40.034077,15.827427,9.958067189032329,29.949301,-.4041271746012222,-1.3367283,.52847403,.6720353021488912,.78113091,.23437309,11.107904,,,,0,1,.7914090752601624
S19,hh_any_livestock_outcome,Household has a livestock worker,labor_sector,secondary,labor_sector_2013_household,27,common_h_reduced_form,reduced_form,rdrobust,selected_bc_household,ccpp_equal,cr2 cluster_ruv,1,2,triangular,manual,,.0075,.0074999998,.0135,.0135,100,42350,2830,1267,43,22,65,-7.607801810052775,-9.3688831,9.1655321,.30669263,-27.332996,8.5952301,9.958067189032329,29.949301,-.312824783190793,-.91264224,.28699267,,,,,,,,0,1,.6133852601051331
S19,hh_any_livestock_outcome,Household has a livestock worker,labor_sector,secondary,labor_sector_2013_household,27,outcome_cerrd_fuzzy,fuzzy_late,rdrobust,selected_bc_household,ccpp_equal,cr2 cluster_ruv,1,2,triangular,cerrd,,.0108844834734097,.010884483,.022426298,.022426298,100,42350,3712,5789,62,32,94,-7.481878117991071,-7.1704364,16.091719,.65588772,-38.709625,24.368752,11.76879958531591,32.228172,-.2224897023202176,-1.2011114,.75613201,.4861921006538166,.52438873,.20986615,6.2434111,,,,0,1,.9273841977119446
S19,hh_any_livestock_outcome,Household has a livestock worker,labor_sector,secondary,labor_sector_2013_household,27,outcome_mserd_fuzzy,fuzzy_late,rdrobust,selected_bc_household,ccpp_equal,cr2 cluster_ruv,1,2,triangular,mserd,,.0148314725512473,.014831472,.022426298,.022426298,100,42350,6049,8279,80,42,122,-5.25885874342599,-4.9599566,19.836111,.80255115,-43.83802,33.918106,12.1569812071852,32.68153,-.1517663453511476,-1.3413699,1.0378371,.3843273219260295,.4438909,.20407853,4.7310538,,,,0,1,.8040598630905151
S20,hh_any_services_outcome,Household has a services worker,labor_sector,secondary,labor_sector_2013_household,28,common_h_fuzzy,fuzzy_late,rdrobust,selected_bc_household,ccpp_equal,cr2 cluster_ruv,1,2,triangular,manual,,.0075,.0074999998,.0135,.0135,100,42350,2830,1267,43,22,65,-5.347737006405552,-4.9623418,5.7135143,.38510588,-16.160624,6.2359409,3.684940733677613,18.842525,-.2633586431698424,-.85766768,.33095038,.6720353021488912,.78113091,.23437309,11.107904,,,,0,1,.7914090752601624
S20,hh_any_services_outcome,Household has a services worker,labor_sector,secondary,labor_sector_2013_household,28,common_h_reduced_form,reduced_form,rdrobust,selected_bc_household,ccpp_equal,cr2 cluster_ruv,1,2,triangular,manual,,.0075,.0074999998,.0135,.0135,100,42350,2830,1267,43,22,65,-3.593868054912562,-3.9182835,3.7170658,.29182184,-11.203599,3.3670318,3.684940733677613,18.842525,-.2079489580774307,-.59459114,.17869325,,,,,,,,0,1,.6133852601051331
S20,hh_any_services_outcome,Household has a services worker,labor_sector,secondary,labor_sector_2013_household,28,outcome_cerrd_fuzzy,fuzzy_late,rdrobust,selected_bc_household,ccpp_equal,cr2 cluster_ruv,1,2,triangular,cerrd,,.0097579519443522,.0097579518,.023068387,.023068387,100,42350,3550,5762,56,30,86,-7.435515247953213,-8.8608046,6.2386355,.15551706,-21.088306,3.3666961,3.551546106008578,18.510473,-.4786914136143082,-1.1392634,.18188061,.551788372797045,.57753104,.21292551,7.3569074,,,,0,.6220682263374329,.6220682263374329
S20,hh_any_services_outcome,Household has a services worker,labor_sector,secondary,labor_sector_2013_household,28,outcome_mserd_fuzzy,fuzzy_late,rdrobust,selected_bc_household,ccpp_equal,cr2 cluster_ruv,1,2,triangular,mserd,,.0132964321892358,.013296432,.023068387,.023068387,100,42350,5779,7932,71,39,110,-8.764396998216425,-11.583611,8.4783602,.17185864,-28.200891,5.0336704,4.149878261591784,19.945807,-.5807541748569861,-1.4138757,.25236738,.4172837271308218,.45779017,.20497268,4.9881663,,,,0,.6874345541000366,.6874345541000366
S21,hh_any_government_outcome,Household has a government worker,labor_sector,secondary,labor_sector_2013_household,29,common_h_fuzzy,fuzzy_late,rdrobust,selected_bc_household,ccpp_equal,cr2 cluster_ruv,1,2,triangular,manual,,.0075,.0074999998,.0135,.0135,100,42350,2830,1267,43,22,65,.3802837959274918,.76415884,3.0390091,.80146623,-5.1921897,6.7205071,3.272303097913242,17.794218,.0429442184707597,-.29179081,.37767926,.6720353021488912,.78113091,.23437309,11.107904,,,,0,1,.8014662265777588
S21,hh_any_government_outcome,Household has a government worker,labor_sector,secondary,labor_sector_2013_household,29,common_h_reduced_form,reduced_form,rdrobust,selected_bc_household,ccpp_equal,cr2 cluster_ruv,1,2,triangular,manual,,.0075,.0074999998,.0135,.0135,100,42350,2830,1267,43,22,65,.2555641356984592,.55502898,2.059073,.78750426,-3.48068,4.5907378,3.272303097913242,17.794218,.0311915345276147,-.19560735,.25799042,,,,,,,,0,1,.787504255771637
S21,hh_any_government_outcome,Household has a government worker,labor_sector,secondary,labor_sector_2013_household,29,outcome_cerrd_fuzzy,fuzzy_late,rdrobust,selected_bc_household,ccpp_equal,cr2 cluster_ruv,1,2,triangular,cerrd,,.0119744848881396,.011974485,.023206957,.023206957,100,42350,3979,7862,64,37,101,-.1390379437993089,-.43660057,4.790628,.9273842,-9.8260584,8.952857,2.58712672298888,15.877115,-.0274987335838645,-.61888182,.56388438,.4502085976866884,.48442298,.20674814,5.4899225,,,,0,1,.9273841977119446
S21,hh_any_government_outcome,Household has a government worker,labor_sector,secondary,labor_sector_2013_household,29,outcome_mserd_fuzzy,fuzzy_late,rdrobust,selected_bc_household,ccpp_equal,cr2 cluster_ruv,1,2,triangular,mserd,,.0163167360552878,.016316736,.023206957,.023206957,100,42350,6627,8837,92,49,141,-1.077940398659348,-1.603755,6.4642429,.80405986,-14.273438,11.065928,3.234595872495708,17.693056,-.0906431914340604,-.80672544,.62543905,.3543707528573675,.41022372,.20096222,4.1668968,,,,0,1,.8040598630905151
S22,nbi_two_plus_2013,Household has two or more unmet basic needs,deprivation,secondary,deprivation_2013_household,30,common_h_fuzzy,fuzzy_late,rdrobust,selected_bc_household,ccpp_equal,cr2 cluster_ruv,1,2,triangular,manual,,.0075,.0074999998,.0135,.0135,100,39079,2612,1199,43,22,65,-5.696691243616085,-2.5020072,12.522834,.84164041,-27.04631,22.042295,16.59114229502675,37.207233,-.0672451818404895,-.72691,.59241962,.6720353021488913,.78113091,.23437309,11.107904,,,,0,1,.9726099371910095
S22,nbi_two_plus_2013,Household has two or more unmet basic needs,deprivation,secondary,deprivation_2013_household,30,common_h_reduced_form,reduced_form,rdrobust,selected_bc_household,ccpp_equal,cr2 cluster_ruv,1,2,triangular,manual,,.0075,.0074999998,.0135,.0135,100,39079,2612,1199,43,22,65,-3.828377621152479,-2.3029211,8.6709223,.79055405,-19.297617,14.691774,16.59114229502675,37.207233,-.0618944451638851,-.51865226,.3948634,,,,,,,,0,1,.9624233245849609
S22,nbi_two_plus_2013,Household has two or more unmet basic needs,deprivation,secondary,deprivation_2013_household,30,outcome_cerrd_fuzzy,fuzzy_late,rdrobust,selected_bc_household,ccpp_equal,cr2 cluster_ruv,1,2,triangular,cerrd,,.0077867043445184,.0077867042,.016947156,.016947156,100,39079,2757,1199,47,22,69,-6.702438283505262,-7.1387868,11.901766,.54863352,-30.46582,16.188246,15.46554589675934,36.16415,-.197399544375307,-.84243149,.4476324,.6767328045958051,.73291278,.22531939,10.580532,,,,0,1,.9028430104255676
S22,nbi_two_plus_2013,Household has two or more unmet basic needs,deprivation,secondary,deprivation_2013_household,30,outcome_mserd_fuzzy,fuzzy_late,rdrobust,selected_bc_household,ccpp_equal,cr2 cluster_ruv,1,2,triangular,mserd,,.0106103603384152,.010610361,.016947156,.016947156,100,39079,3435,5099,62,32,94,-12.18383846070262,-12.166312,15.31189,.42686582,-42.177063,17.84444,14.32639008555986,35.039276,-.3472192602707725,-1.2037082,.50926965,.4982600821119992,.60120547,.21641253,7.7175784,,,,0,1,.8789436121781667
S23,nbi1_housing_2013,NBI inadequate housing,deprivation,secondary,deprivation_2013_household,31,common_h_fuzzy,fuzzy_late,rdrobust,selected_bc_household,ccpp_equal,cr2 cluster_ruv,1,2,triangular,manual,,.0075,.0074999998,.0135,.0135,100,41445,2800,1266,43,22,65,3.531077272223077,5.152833,27.228579,.84990191,-48.214199,58.519863,13.17548834440234,33.828449,.1523224706247366,-1.4252559,1.7299008,.6720353021488913,.78113091,.23437309,11.107904,,,,0,1,.9726099371910095
S23,nbi1_housing_2013,NBI inadequate housing,deprivation,secondary,deprivation_2013_household,31,common_h_reduced_form,reduced_form,rdrobust,selected_bc_household,ccpp_equal,cr2 cluster_ruv,1,2,triangular,manual,,.0075,.0074999998,.0135,.0135,100,41445,2800,1266,43,22,65,2.373008581549518,3.8481107,17.827782,.82910538,-31.093699,38.789921,13.17548834440234,33.828449,.1137536810517395,-.91915822,1.1466656,,,,,,,,0,1,.9624233245849609
S23,nbi1_housing_2013,NBI inadequate housing,deprivation,secondary,deprivation_2013_household,31,outcome_cerrd_fuzzy,fuzzy_late,rdrobust,selected_bc_household,ccpp_equal,cr2 cluster_ruv,1,2,triangular,cerrd,,.0103650083404659,.010365008,.020704752,.020704752,100,41445,3675,5424,62,32,94,2.436366394701483,2.2943373,27.687426,.93395835,-51.972019,56.560696,14.98527299753154,35.697559,.0642715447274948,-1.4558985,1.5844415,.5113525066180452,.56480545,.21181482,7.1102524,,,,0,1,.9339583516120911
S23,nbi1_housing_2013,NBI inadequate housing,deprivation,secondary,deprivation_2013_household,31,outcome_mserd_fuzzy,fuzzy_late,rdrobust,selected_bc_household,ccpp_equal,cr2 cluster_ruv,1,2,triangular,mserd,,.0141236225927137,.014123622,.020704752,.020704752,100,41445,5691,7543,72,40,112,-.8023541423093349,.0098429602,33.682793,.99976683,-66.007217,66.026909,13.79029017899537,34.482834,.0002854452246003,-1.9142052,1.9147761,.3986970830887387,.48250872,.206817,5.4429936,,,,0,1,.9997668266296387
S24,nbi2_overcrowding_2013,NBI overcrowding,deprivation,secondary,deprivation_2013_household,32,common_h_fuzzy,fuzzy_late,rdrobust,selected_bc_household,ccpp_equal,cr2 cluster_ruv,1,2,triangular,manual,,.0075,.0074999998,.0135,.0135,100,42355,2830,1268,43,22,65,-3.712810280927728,-2.7504723,9.7889395,.77872765,-21.936441,16.435497,10.63081714504883,30.828611,-.0892181678821976,-.71156114,.5331248,.6720353021488912,.78113091,.23437309,11.107904,,,,0,1,.9726099371910095
S24,nbi2_overcrowding_2013,NBI overcrowding,deprivation,secondary,deprivation_2013_household,32,common_h_reduced_form,reduced_form,rdrobust,selected_bc_household,ccpp_equal,cr2 cluster_ruv,1,2,triangular,manual,,.0075,.0074999998,.0135,.0135,100,42355,2830,1268,43,22,65,-2.495139578964775,-2.2534657,6.5035801,.72896987,-15.000248,10.493317,10.63081714504883,30.828611,-.0730965678250289,-.48656905,.34037593,,,,,,,,0,1,.9624233245849609
S24,nbi2_overcrowding_2013,NBI overcrowding,deprivation,secondary,deprivation_2013_household,32,outcome_cerrd_fuzzy,fuzzy_late,rdrobust,selected_bc_household,ccpp_equal,cr2 cluster_ruv,1,2,triangular,cerrd,,.0090406092494194,.009040609,.020991122,.020991122,100,42355,3419,5706,54,28,82,-6.324881033144989,-8.1833897,9.0274086,.3646687,-25.876785,9.510006,9.858108597769784,29.814234,-.2744792988675624,-.86793393,.31897536,.6135222305450255,.65363997,.2158684,9.1685171,,,,0,1,.9028430104255676
S24,nbi2_overcrowding_2013,NBI overcrowding,deprivation,secondary,deprivation_2013_household,32,outcome_mserd_fuzzy,fuzzy_late,rdrobust,selected_bc_household,ccpp_equal,cr2 cluster_ruv,1,2,triangular,mserd,,.012318962884815,.012318963,.020991122,.020991122,100,42355,3979,7886,64,38,102,-7.974018557294818,-12.053654,10.914641,.26943856,-33.445957,9.3386497,9.026507521124531,28.659716,-.4205782754461401,-1.1670024,.32584584,.4420200396857854,.50870359,.20831449,5.9633546,,,,0,1,.8789436121781667
S25,nbi3_sanitation_2013,NBI inadequate sanitation,deprivation,secondary,deprivation_2013_household,33,common_h_fuzzy,fuzzy_late,rdrobust,selected_bc_household,ccpp_equal,cr2 cluster_ruv,1,2,triangular,manual,,.0075,.0074999998,.0135,.0135,100,41445,2800,1266,43,22,65,-1.95884153044814,1.4317201,18.250134,.9374702,-34.337883,37.201324,35.25803788485744,47.785877,.0299611572194308,-.7185781,.77850044,.6720353021488913,.78113091,.23437309,11.107904,,,,0,1,.9726099371910095
S25,nbi3_sanitation_2013,NBI inadequate sanitation,deprivation,secondary,deprivation_2013_household,33,common_h_reduced_form,reduced_form,rdrobust,selected_bc_household,ccpp_equal,cr2 cluster_ruv,1,2,triangular,manual,,.0075,.0074999998,.0135,.0135,100,41445,2800,1266,43,22,65,-1.316410659776512,.74846554,12.189309,.95103788,-23.142141,24.639072,35.25803788485744,47.785877,.0156629022132261,-.48428831,.51561409,,,,,,,,0,1,.9624233245849609
S25,nbi3_sanitation_2013,NBI inadequate sanitation,deprivation,secondary,deprivation_2013_household,33,outcome_cerrd_fuzzy,fuzzy_late,rdrobust,selected_bc_household,ccpp_equal,cr2 cluster_ruv,1,2,triangular,cerrd,,.0078423077755079,.0078423079,.017541576,.017541576,100,41445,2967,1266,48,22,70,-2.480101833955309,-2.6139884,16.678686,.87546057,-35.303612,30.075636,35.41085538754447,47.832291,-.0546490352161996,-.73807073,.62877262,.6762278883516134,.72745162,.22430827,10.517624,,,,0,1,.9339583516120911
S25,nbi3_sanitation_2013,NBI inadequate sanitation,deprivation,secondary,deprivation_2013_household,33,outcome_mserd_fuzzy,fuzzy_late,rdrobust,selected_bc_household,ccpp_equal,cr2 cluster_ruv,1,2,triangular,mserd,,.0106861269802123,.010686127,.017541576,.017541576,100,41445,3675,5424,62,32,94,-11.12688722228504,-9.8423395,23.164995,.67092431,-55.244896,35.560215,32.49110550763021,46.840534,-.2101244034579803,-1.179425,.75917614,.4946899136523156,.58784544,.21526894,7.4569907,,,,0,1,.8789436121781667
S26,nbi4_school_proxy_2013,NBI school-attendance proxy,deprivation,secondary,deprivation_2013_household,34,common_h_fuzzy,fuzzy_late,rdrobust,selected_bc_household,ccpp_equal,cr2 cluster_ruv,1,2,triangular,manual,,.0075,.0074999998,.0135,.0135,100,39887,2640,1201,43,22,65,-.7202175206461275,-.44649518,.92075366,.62773055,-2.2511392,1.3581488,1.313473677992956,11.387329,-.0392098220332268,-.19768807,.11926842,.6720353021488913,.78113091,.23437309,11.107904,,,,0,1,.9726099371910095
S26,nbi4_school_proxy_2013,NBI school-attendance proxy,deprivation,secondary,deprivation_2013_household,34,common_h_reduced_form,reduced_form,rdrobust,selected_bc_household,ccpp_equal,cr2 cluster_ruv,1,2,triangular,manual,,.0075,.0074999998,.0135,.0135,100,39887,2640,1201,43,22,65,-.4840115991003457,-.37863308,.65092516,.56077921,-1.654423,.89715683,1.313473677992956,11.387329,-.0332503833511425,-.14528631,.078785531,,,,,,,,0,1,.9624233245849609
S26,nbi4_school_proxy_2013,NBI school-attendance proxy,deprivation,secondary,deprivation_2013_household,34,outcome_cerrd_fuzzy,fuzzy_late,rdrobust,selected_bc_household,ccpp_equal,cr2 cluster_ruv,1,2,triangular,cerrd,,.0063394578356132,.0063394578,.013498752,.013498752,100,39887,2445,1016,37,17,54,-.7575027512080653,-.51356715,1.0565916,.62692446,-2.5844486,1.5573143,1.526469409559382,12.262884,-.0418798020646618,-.21075372,.12699412,.6113313987900064,.68356162,.24760614,7.6213613,,,,0,1,.9028430104255676
S26,nbi4_school_proxy_2013,NBI school-attendance proxy,deprivation,secondary,deprivation_2013_household,34,outcome_mserd_fuzzy,fuzzy_late,rdrobust,selected_bc_household,ccpp_equal,cr2 cluster_ruv,1,2,triangular,mserd,,.0086383056309821,.0086383056,.013498752,.013498752,100,39887,2970,1297,52,25,77,-1.065922630720205,-.58998662,.93686754,.52886212,-2.4262133,1.2462399,1.086141695263406,10.366805,-.0569111348645216,-.23403673,.12021446,.645598604602677,.7983017,.22870407,12.183901,,,,0,1,.8789436121781667
S27,nbi5_dependency_2013,NBI high economic dependency,deprivation,secondary,deprivation_2013_household,35,common_h_fuzzy,fuzzy_late,rdrobust,selected_bc_household,ccpp_equal,cr2 cluster_ruv,1,2,triangular,manual,,.0075,.0074999998,.0135,.0135,100,42191,2819,1262,43,22,65,.4674512601754143,.20222293,5.8896856,.97260994,-11.341349,11.745794,12.67699878689518,33.277416,.0060768817751643,-.34081218,.35296595,.6720353021488913,.78113091,.23437309,11.107904,,,,0,1,.9726099371910095
S27,nbi5_dependency_2013,NBI high economic dependency,deprivation,secondary,deprivation_2013_household,35,common_h_reduced_form,reduced_form,rdrobust,selected_bc_household,ccpp_equal,cr2 cluster_ruv,1,2,triangular,manual,,.0075,.0074999998,.0135,.0135,100,42191,2819,1262,43,22,65,.3141437488718646,.18689781,3.9670265,.96242332,-7.5883312,7.9621267,12.67699878689518,33.277416,.0056163560503588,-.22803247,.23926517,,,,,,,,0,1,.9624233245849609
S27,nbi5_dependency_2013,NBI high economic dependency,deprivation,secondary,deprivation_2013_household,35,outcome_cerrd_fuzzy,fuzzy_late,rdrobust,selected_bc_household,ccpp_equal,cr2 cluster_ruv,1,2,triangular,cerrd,,.0097071859027514,.0097071854,.020700593,.020700593,100,42191,3538,5741,56,30,86,3.201318087837487,3.207835,6.5212784,.62278807,-9.5736361,15.989306,11.91369993709776,32.399544,.0990086469838262,-.29548675,.49350405,.5559342955468616,.60361016,.21347097,7.9953132,,,,0,1,.9028430104255676
S27,nbi5_dependency_2013,NBI high economic dependency,deprivation,secondary,deprivation_2013_household,35,outcome_mserd_fuzzy,fuzzy_late,rdrobust,selected_bc_household,ccpp_equal,cr2 cluster_ruv,1,2,triangular,mserd,,.0132272570966025,.013227257,.020700593,.020700593,100,42191,5759,7903,71,39,110,2.480472309115583,2.6540577,8.4474268,.75338024,-13.902594,19.210709,11.31406319488653,31.679213,.0837791528810406,-.43885541,.60641372,.4191867031037392,.49545944,.20763138,5.6941671,,,,0,1,.8789436121781667
S28,nbi_count_2013,Number of unmet basic needs,deprivation,secondary,deprivation_2013_household,36,common_h_fuzzy,fuzzy_late,rdrobust,selected_bc_household,ccpp_equal,cr2 cluster_ruv,1,2,triangular,manual,,.0075,.0074999998,.0135,.0135,1,39079,2612,1199,43,22,65,-.0126137974691242,.039196983,.35676169,.91251343,-.66004306,.73843706,.7253084517257692,.80978471,.0484042000752531,-.81508458,.91189301,.6720353021488913,.78113091,.23437309,11.107904,,,,0,1,.9726099371910095
S28,nbi_count_2013,Number of unmet basic needs,deprivation,secondary,deprivation_2013_household,36,common_h_reduced_form,reduced_form,rdrobust,selected_bc_household,ccpp_equal,cr2 cluster_ruv,1,2,triangular,manual,,.0075,.0074999998,.0135,.0135,1,39079,2612,1199,43,22,65,-.0084769171934078,.024965646,.24067412,.91738188,-.44674698,.49667826,.7253084517257692,.80978471,.0308299786926754,-.55168611,.61334604,,,,,,,,0,1,.9624233245849609
S28,nbi_count_2013,Number of unmet basic needs,deprivation,secondary,deprivation_2013_household,36,outcome_cerrd_fuzzy,fuzzy_late,rdrobust,selected_bc_household,ccpp_equal,cr2 cluster_ruv,1,2,triangular,cerrd,,.011398520585231,.01139852,.022987394,.022987394,1,39079,3435,7015,62,37,99,-.1290908377219318,-.18122616,.39322147,.64488786,-.95192611,.58947378,.6880069748166052,.77102333,-.235046293717033,-1.2346269,.76453429,.4664679275201106,.50018978,.20816669,5.7736068,,,,0,1,.9028430104255676
S28,nbi_count_2013,Number of unmet basic needs,deprivation,secondary,deprivation_2013_household,36,outcome_mserd_fuzzy,fuzzy_late,rdrobust,selected_bc_household,ccpp_equal,cr2 cluster_ruv,1,2,triangular,mserd,,.0155319125246208,.015531912,.022987394,.022987394,1,39079,5875,7682,85,44,129,-.2226075327589416,-.31278998,.4897936,.52307284,-1.2727678,.64718789,.6623458861862822,.7706936,-.4058551657958447,-1.6514577,.83974731,.3680349598957371,.4211767,.20229581,4.3346591,,,,0,1,.8789436121781667
S29,wellbeing_housing_2013,Housing wellbeing domain,wellbeing,secondary,wellbeing_2013_household,37,common_h_fuzzy,fuzzy_late,rdrobust,selected_bc_household,ccpp_equal,cr2 cluster_ruv,1,2,triangular,manual,,.0075,.0074999998,.0135,.0135,100,41445,2800,1266,43,22,65,-4.975674613424578,-4.9031305,9.0474215,.58786207,-22.635752,12.82949,6.006876535316818,23.765665,-.206311536286357,-.95245606,.53983301,.6720353021488913,.78113091,.23437309,11.107904,,,,0,1,.6404160857200623
S29,wellbeing_housing_2013,Housing wellbeing domain,wellbeing,secondary,wellbeing_2013_household,37,common_h_reduced_form,reduced_form,rdrobust,selected_bc_household,ccpp_equal,cr2 cluster_ruv,1,2,triangular,manual,,.0075,.0074999998,.0135,.0135,100,41445,2800,1266,43,22,65,-3.343828992227355,-3.8379011,6.2644682,.54011047,-16.116034,8.4402313,6.006876535316818,23.765665,-.1614893260851592,-.67812258,.3551439,,,,,,,,0,1,.6066468358039856
S29,wellbeing_housing_2013,Housing wellbeing domain,wellbeing,secondary,wellbeing_2013_household,37,outcome_cerrd_fuzzy,fuzzy_late,rdrobust,selected_bc_household,ccpp_equal,cr2 cluster_ruv,1,2,triangular,cerrd,,.0100769716645544,.010076972,.022689162,.022689162,100,41445,3634,5413,59,31,90,-5.18769814535405,-7.8297315,10.262321,.44548777,-27.943512,12.284048,6.280341893371458,24.264244,-.3226859991725287,-1.1516334,.50626135,.5295320699391232,.56049955,.21169843,7.0099564,,,,0,1,.5939836899439493
S29,wellbeing_housing_2013,Housing wellbeing domain,wellbeing,secondary,wellbeing_2013_household,37,outcome_mserd_fuzzy,fuzzy_late,rdrobust,selected_bc_household,ccpp_equal,cr2 cluster_ruv,1,2,triangular,mserd,,.0137311365309755,.013731137,.022689162,.022689162,100,41445,5691,7543,72,40,112,-5.672749674405453,-10.889042,13.499228,.41987288,-37.347042,15.568959,6.46217362307712,24.587881,-.442862135696335,-1.5189208,.63319647,.4065830580694374,.45457366,.2048565,4.9238977,,,,0,1,.5983603398005167
S30,wellbeing_services_proxy_2013,Services wellbeing proxy,wellbeing,secondary,wellbeing_2013_household,38,common_h_fuzzy,fuzzy_late,rdrobust,selected_bc_household,ccpp_equal,cr2 cluster_ruv,1,2,triangular,manual,,.0075,.0074999998,.0135,.0135,100,41445,2800,1266,43,22,65,-9.807691029588,-12.420386,26.589445,.64041609,-64.534744,39.69397,61.75609674933322,38.835369,-.319821499751562,-1.6617517,1.0221088,.6720353021488913,.78113091,.23437309,11.107904,,,,0,1,.6404160857200623
S30,wellbeing_services_proxy_2013,Services wellbeing proxy,wellbeing,secondary,wellbeing_2013_household,38,common_h_reduced_form,reduced_form,rdrobust,selected_bc_household,ccpp_equal,cr2 cluster_ruv,1,2,triangular,manual,,.0075,.0074999998,.0135,.0135,100,41445,2800,1266,43,22,65,-6.591114604452142,-9.416914,18.290039,.60664684,-45.264729,26.430902,61.75609674933322,38.835369,-.242482921140423,-1.1655543,.68058842,,,,,,,,0,1,.6066468358039856
S30,wellbeing_services_proxy_2013,Services wellbeing proxy,wellbeing,secondary,wellbeing_2013_household,38,outcome_cerrd_fuzzy,fuzzy_late,rdrobust,selected_bc_household,ccpp_equal,cr2 cluster_ruv,1,2,triangular,cerrd,,.0069240777091724,.0069240779,.016487997,.016487997,100,41445,2672,1120,39,19,58,-10.78073998920623,-9.8779173,27.36928,.7181648,-63.520721,43.764885,59.79481312068923,39.041225,-.2530124703545257,-1.6270165,1.1209916,.6414045838852732,.68512177,.23832925,8.2638197,,,,0,1,.7181648015975952
S30,wellbeing_services_proxy_2013,Services wellbeing proxy,wellbeing,secondary,wellbeing_2013_household,38,outcome_mserd_fuzzy,fuzzy_late,rdrobust,selected_bc_household,ccpp_equal,cr2 cluster_ruv,1,2,triangular,mserd,,.0094349234611978,.0094349235,.016487997,.016487997,100,41445,3384,5388,54,29,83,-4.816979357117557,-3.2913389,26.849424,.90243566,-55.915245,49.332565,63.87930000804288,38.394215,-.0857248665630218,-1.4563456,1.2848959,.5754896734001743,.66788489,.21938169,9.2683516,,,,0,1,.9024356603622437
S31,wellbeing_energy_2013,Energy wellbeing domain,wellbeing,secondary,wellbeing_2013_household,39,common_h_fuzzy,fuzzy_late,rdrobust,selected_bc_household,ccpp_equal,cr2 cluster_ruv,1,2,triangular,manual,,.0075,.0074999998,.0135,.0135,100,41445,2800,1266,43,22,65,12.33007654210428,7.6627417,14.588742,.59940916,-20.930668,36.256153,31.47105146745405,28.798912,.2660774759523921,-.72678679,1.2589418,.6720353021488913,.78113091,.23437309,11.107904,,,,0,1,.6404160857200623
S31,wellbeing_energy_2013,Energy wellbeing domain,wellbeing,secondary,wellbeing_2013_household,39,common_h_reduced_form,reduced_form,rdrobust,selected_bc_household,ccpp_equal,cr2 cluster_ruv,1,2,triangular,manual,,.0075,.0074999998,.0135,.0135,100,41445,2800,1266,43,22,65,8.286246714492007,6.4947901,9.017127,.47135714,-11.178454,24.168034,31.47105146745405,28.798912,.2255220635491081,-.38815543,.83919954,,,,,,,,0,1,.6066468358039856
S31,wellbeing_energy_2013,Energy wellbeing domain,wellbeing,secondary,wellbeing_2013_household,39,outcome_cerrd_fuzzy,fuzzy_late,rdrobust,selected_bc_household,ccpp_equal,cr2 cluster_ruv,1,2,triangular,cerrd,,.0101302331042005,.010130233,.021880548,.021880548,100,41445,3672,5413,61,31,92,18.22964655609337,15.797207,17.235001,.3593643,-17.982775,49.57719,33.24304827500032,28.722763,.5499891247536347,-.62608099,1.7260592,.526156737745927,.56757736,.21177432,7.1829619,,,,0,1,.5939836899439493
S31,wellbeing_energy_2013,Energy wellbeing domain,wellbeing,secondary,wellbeing_2013_household,39,outcome_mserd_fuzzy,fuzzy_late,rdrobust,selected_bc_household,ccpp_equal,cr2 cluster_ruv,1,2,triangular,mserd,,.0138037119161171,.013803712,.021880548,.021880548,100,41445,5691,7543,72,40,112,28.44316425943148,21.919567,25.164272,.38372195,-27.401503,71.240631,34.35218616883584,28.386595,.7721801914080311,-.96529722,2.5096576,.4050119166343681,.46974221,.20589089,5.2052894,,,,0,1,.5983603398005167
S32,wellbeing_humancapital_2013,Human-capital wellbeing domain,wellbeing,secondary,wellbeing_2013_household,40,common_h_fuzzy,fuzzy_late,rdrobust,selected_bc_household,ccpp_equal,cr2 cluster_ruv,1,2,triangular,manual,,.0075,.0074999998,.0135,.0135,100,42350,2830,1267,43,22,65,-12.37037654579991,-12.743235,13.828429,.35677671,-39.846458,14.359988,54.99465896312847,33.570572,-.3795954014524422,-1.186946,.42775527,.6720353021488912,.78113091,.23437309,11.107904,,,,0,1,.6404160857200623
S32,wellbeing_humancapital_2013,Human-capital wellbeing domain,wellbeing,secondary,wellbeing_2013_household,40,common_h_reduced_form,reduced_form,rdrobust,selected_bc_household,ccpp_equal,cr2 cluster_ruv,1,2,triangular,manual,,.0075,.0074999998,.0135,.0135,100,42350,2830,1267,43,22,65,-8.313329739652197,-9.9134569,9.0400295,.27280849,-27.631588,7.8046746,54.99465896312847,33.570572,-.2953020061699242,-.8230896,.23248562,,,,,,,,0,1,.6066468358039856
S32,wellbeing_humancapital_2013,Human-capital wellbeing domain,wellbeing,secondary,wellbeing_2013_household,40,outcome_cerrd_fuzzy,fuzzy_late,rdrobust,selected_bc_household,ccpp_equal,cr2 cluster_ruv,1,2,triangular,cerrd,,.0113170545327942,.011317055,.022977207,.022977207,100,42350,3712,7862,62,37,99,-13.54633031981233,-14.334971,16.052385,.37185082,-45.79707,17.127127,55.22135475297024,33.803932,-.4240622515803554,-1.3547853,.50666082,.4696013057705763,.50294155,.20843036,5.8225479,,,,0,1,.5939836899439493
S32,wellbeing_humancapital_2013,Human-capital wellbeing domain,wellbeing,secondary,wellbeing_2013_household,40,outcome_mserd_fuzzy,fuzzy_late,rdrobust,selected_bc_household,ccpp_equal,cr2 cluster_ruv,1,2,triangular,mserd,,.0154209048205321,.015420904,.022977207,.022977207,100,42350,6396,8576,85,44,129,-13.21285910187077,-14.69437,19.399359,.44877025,-52.716415,23.327675,55.78581257013677,33.644245,-.4367573504211548,-1.5668777,.69336301,.3702866285286992,.4228045,.20245941,4.3611727,,,,0,1,.5983603398005167
S33,earth_floor_2013,Dwelling has an earth floor,housing_services,secondary,housing_services_2013_household,41,common_h_fuzzy,fuzzy_late,rdrobust,selected_bc_household,ccpp_equal,cr2 cluster_ruv,1,2,triangular,manual,,.0075,.0074999998,.0135,.0135,100,41445,2800,1266,43,22,65,4.975674613424653,4.9031305,9.0474215,.58786207,-12.82949,22.635752,93.99312346468318,23.765665,.2063115362863581,-.53983301,.95245606,.6720353021488913,.78113091,.23437309,11.107904,,,,0,1,.902046263217926
S33,earth_floor_2013,Dwelling has an earth floor,housing_services,secondary,housing_services_2013_household,41,common_h_reduced_form,reduced_form,rdrobust,selected_bc_household,ccpp_equal,cr2 cluster_ruv,1,2,triangular,manual,,.0075,.0074999998,.0135,.0135,100,41445,2800,1266,43,22,65,3.343828992227404,3.8379011,6.2644682,.54011047,-8.4402313,16.116034,93.99312346468318,23.765665,.1614893260851603,-.3551439,.67812258,,,,,,,,0,1,.8130647242069244
S33,earth_floor_2013,Dwelling has an earth floor,housing_services,secondary,housing_services_2013_household,41,outcome_cerrd_fuzzy,fuzzy_late,rdrobust,selected_bc_household,ccpp_equal,cr2 cluster_ruv,1,2,triangular,cerrd,,.0112561632202449,.011256163,.022689162,.022689162,100,41445,3675,5951,62,36,98,5.536937633751238,8.9808397,11.691534,.44239867,-13.934145,31.895824,93.68752411222178,24.322031,.3692471150962808,-.5729022,1.3113965,.4718514617881493,.50825232,.20879407,5.9254646,,,,0,1,.8869248628616333
S33,earth_floor_2013,Dwelling has an earth floor,housing_services,secondary,housing_services_2013_household,41,outcome_mserd_fuzzy,fuzzy_late,rdrobust,selected_bc_household,ccpp_equal,cr2 cluster_ruv,1,2,triangular,mserd,,.0153379327775417,.015337933,.022689162,.022689162,100,41445,6225,8154,84,44,128,4.56531816516087,11.497202,14.456356,.42643654,-16.836737,39.831139,93.66325044884461,24.364235,.4718884863623178,-.69104308,1.6348201,.3719299773533505,.42950448,.20294216,4.4791007,,,,0,1,.871724009513855
S34,public_pylon_water_2013,Water from a public network or pylon,housing_services,secondary,housing_services_2013_household,42,common_h_fuzzy,fuzzy_late,rdrobust,selected_bc_household,ccpp_equal,cr2 cluster_ruv,1,2,triangular,manual,,.0075,.0074999998,.0135,.0135,100,41445,2800,1266,43,22,65,-21.57422358962422,-23.409052,40.432392,.56261092,-102.65508,55.836979,58.77023138352389,49.233612,-.4754688907315228,-2.0850608,1.1341231,.6720353021488913,.78113091,.23437309,11.107904,,,,0,1,.902046263217926
S34,public_pylon_water_2013,Water from a public network or pylon,housing_services,secondary,housing_services_2013_household,42,common_h_reduced_form,reduced_form,rdrobust,selected_bc_household,ccpp_equal,cr2 cluster_ruv,1,2,triangular,manual,,.0075,.0074999998,.0135,.0135,100,41445,2800,1266,43,22,65,-14.49863986868085,-18.085361,28.017395,.51860017,-72.998451,36.827724,58.77023138352389,49.233612,-.3673376891394246,-1.4826953,.74801993,,,,,,,,0,1,.8130647242069244
S34,public_pylon_water_2013,Water from a public network or pylon,housing_services,secondary,housing_services_2013_household,42,outcome_cerrd_fuzzy,fuzzy_late,rdrobust,selected_bc_household,ccpp_equal,cr2 cluster_ruv,1,2,triangular,cerrd,,.007770681268615,.0077706813,.01774653,.01774653,100,41445,2953,1266,47,22,69,-20.58764607481605,-17.60503,36.129314,.62606114,-88.417183,53.207123,57.94277501451071,49.373451,-.3565687276685165,-1.7907839,1.0776464,.6768121337718389,.7255407,.22465317,10.430339,,,,0,1,.8869248628616333
S34,public_pylon_water_2013,Water from a public network or pylon,housing_services,secondary,housing_services_2013_household,42,outcome_mserd_fuzzy,fuzzy_late,rdrobust,selected_bc_household,ccpp_equal,cr2 cluster_ruv,1,2,triangular,mserd,,.0105885268898159,.010588527,.01774653,.01774653,100,41445,3675,5424,62,32,94,-13.3687527148173,-7.1836801,44.489525,.87172401,-94.381546,80.014183,61.59293623255052,48.644093,-.147678364243418,-1.9402468,1.6448901,.4993263350619468,.58887804,.21494544,7.5057521,,,,0,1,.871724009513855
S35,improved_sanitation_2013,Household has improved sanitation,housing_services,secondary,housing_services_2013_household,43,common_h_fuzzy,fuzzy_late,rdrobust,selected_bc_household,ccpp_equal,cr2 cluster_ruv,1,2,triangular,manual,,.0075,.0074999998,.0135,.0135,100,41445,2800,1266,43,22,65,1.958841530448289,-1.4317201,18.250134,.9374702,-37.201324,34.337883,64.74196211514256,47.785877,-.0299611572194313,-.77850044,.7185781,.6720353021488913,.78113091,.23437309,11.107904,,,,0,1,.9374701976776123
S35,improved_sanitation_2013,Household has improved sanitation,housing_services,secondary,housing_services_2013_household,43,common_h_reduced_form,reduced_form,rdrobust,selected_bc_household,ccpp_equal,cr2 cluster_ruv,1,2,triangular,manual,,.0075,.0074999998,.0135,.0135,100,41445,2800,1266,43,22,65,1.316410659776612,-.74846554,12.189309,.95103788,-24.639072,23.142141,64.74196211514256,47.785877,-.0156629022132261,-.51561409,.48428831,,,,,,,,0,1,.9510378837585449
S35,improved_sanitation_2013,Household has improved sanitation,housing_services,secondary,housing_services_2013_household,43,outcome_cerrd_fuzzy,fuzzy_late,rdrobust,selected_bc_household,ccpp_equal,cr2 cluster_ruv,1,2,triangular,cerrd,,.0076607539928968,.007660754,.017541576,.017541576,100,41445,2939,1266,46,22,68,2.141097877688277,2.2887814,16.713934,.89107937,-30.469929,35.047489,65.22345524777968,47.634216,.0480491044510019,-.63966477,.73576295,.676676224646873,.72472286,.22606856,10.276936,,,,0,1,.8910793662071228
S35,improved_sanitation_2013,Household has improved sanitation,housing_services,secondary,housing_services_2013_household,43,outcome_mserd_fuzzy,fuzzy_late,rdrobust,selected_bc_household,ccpp_equal,cr2 cluster_ruv,1,2,triangular,mserd,,.0104387372028334,.010438737,.017541576,.017541576,100,41445,3675,5424,62,32,94,10.31790213026733,9.265995,22.506712,.68055987,-34.846348,53.378338,67.50889449236979,46.840534,.1978200215443424,-.74393576,1.1395758,.5071443166629637,.59698445,.21556027,7.6698809,,,,0,1,.871724009513855
S36,electricity_2013,Dwelling has electric lighting,housing_services,secondary,housing_services_2013_household,44,common_h_fuzzy,fuzzy_late,rdrobust,selected_bc_household,ccpp_equal,cr2 cluster_ruv,1,2,triangular,manual,,.0075,.0074999998,.0135,.0135,100,41445,2800,1266,43,22,65,17.2039461788475,8.1772642,22.588881,.71734905,-36.096127,52.450657,56.81139764032746,49.542725,.1650547980893058,-.72858584,1.0586954,.6720353021488913,.78113091,.23437309,11.107904,,,,0,1,.902046263217926
S36,electricity_2013,Dwelling has electric lighting,housing_services,secondary,housing_services_2013_household,44,common_h_reduced_form,reduced_form,rdrobust,selected_bc_household,ccpp_equal,cr2 cluster_ruv,1,2,triangular,manual,,.0075,.0074999998,.0135,.0135,100,41445,2800,1266,43,22,65,11.56165916845504,7.3722849,15.926011,.64342999,-23.842123,38.586693,56.81139764032746,49.542725,.1488066149646209,-.4812437,.77885693,,,,,,,,0,1,.8130647242069244
S36,electricity_2013,Dwelling has electric lighting,housing_services,secondary,housing_services_2013_household,44,outcome_cerrd_fuzzy,fuzzy_late,rdrobust,selected_bc_household,ccpp_equal,cr2 cluster_ruv,1,2,triangular,cerrd,,.0092762103707374,.0092762103,.020823862,.020823862,100,41445,3384,5340,54,28,82,23.37880986366215,20.443863,22.542877,.36446607,-23.739365,64.62709,58.54132024737806,49.272339,.4149156150620634,-.48179904,1.3116302,.5886464710710299,.63192308,.21477947,8.6565113,,,,0,1,.8869248628616333
S36,electricity_2013,Dwelling has electric lighting,housing_services,secondary,housing_services_2013_household,44,outcome_mserd_fuzzy,fuzzy_late,rdrobust,selected_bc_household,ccpp_equal,cr2 cluster_ruv,1,2,triangular,mserd,,.0126399989332786,.012639999,.020823862,.020823862,100,41445,4062,7481,67,38,105,40.07797824182446,30.906425,33.002369,.34902036,-33.777027,95.589882,60.82611118117396,48.819893,.6330703234252588,-.69187015,1.9580108,.4345961067277361,.50496596,.20812358,5.8868322,,,,0,1,.871724009513855
S37,clean_cooking_2013,Household uses cleaner cooking fuel,housing_services,secondary,housing_services_2013_household,45,common_h_fuzzy,fuzzy_late,rdrobust,selected_bc_household,ccpp_equal,cr2 cluster_ruv,1,2,triangular,manual,,.0075,.0074999998,.0135,.0135,100,42355,2830,1268,43,22,65,7.50343362333577,7.1669698,20.116579,.72163701,-32.260799,46.594742,6.100536279401156,23.938246,.299394122443428,-1.3476678,1.946456,.6720353021488912,.78113091,.23437309,11.107904,,,,0,1,.902046263217926
S37,clean_cooking_2013,Household uses cleaner cooking fuel,housing_services,secondary,housing_services_2013_household,45,common_h_reduced_form,reduced_form,rdrobust,selected_bc_household,ccpp_equal,cr2 cluster_ruv,1,2,triangular,manual,,.0075,.0074999998,.0135,.0135,100,42355,2830,1268,43,22,65,5.042572282212604,5.6350484,12.435703,.65045178,-18.738483,30.008579,6.100536279401156,23.938246,.2353993916791492,-.78278434,1.2535831,,,,,,,,0,1,.8130647242069244
S37,clean_cooking_2013,Household uses cleaner cooking fuel,housing_services,secondary,housing_services_2013_household,45,outcome_cerrd_fuzzy,fuzzy_late,rdrobust,selected_bc_household,ccpp_equal,cr2 cluster_ruv,1,2,triangular,cerrd,,.0108140884266571,.010814088,.022761207,.022761207,100,42355,3712,5790,62,32,94,9.644560970462495,7.6363292,20.501638,.70953989,-32.546143,47.818802,6.16070430545507,24.047285,.3175547237589682,-1.3534228,1.9885322,.4890783349036397,.52247345,.20977508,6.2032695,,,,0,1,.8869248628616333
S37,clean_cooking_2013,Household uses cleaner cooking fuel,housing_services,secondary,housing_services_2013_household,45,outcome_mserd_fuzzy,fuzzy_late,rdrobust,selected_bc_household,ccpp_equal,cr2 cluster_ruv,1,2,triangular,mserd,,.0147355504795931,.014735551,.022761207,.022761207,100,42355,6033,8280,79,42,121,10.10087942058042,6.105444,24.42309,.80259776,-41.762936,53.973824,6.149934567990964,24.02639,.2541140655680386,-1.7382109,2.246439,.3867028959231876,.43828443,.20369513,4.6296782,,,,0,1,.871724009513855
S38,asset_tv_2013,Household owns a television,assets,secondary,assets_2013_household,46,common_h_fuzzy,fuzzy_late,rdrobust,selected_bc_household,ccpp_equal,cr2 cluster_ruv,1,2,triangular,manual,,.0075,.0074999998,.0135,.0135,100,42355,2830,1268,43,22,65,13.23433001712306,8.2260609,18.559732,.65760601,-28.150347,44.60247,22.17924083236124,41.552563,.1979675961186202,-.67746359,1.0733987,.6720353021488912,.78113091,.23437309,11.107904,,,,0,1,.8220075070858002
S38,asset_tv_2013,Household owns a television,assets,secondary,assets_2013_household,46,common_h_reduced_form,reduced_form,rdrobust,selected_bc_household,ccpp_equal,cr2 cluster_ruv,1,2,triangular,manual,,.0075,.0074999998,.0135,.0135,100,42355,2830,1268,43,22,65,8.893936971795435,6.9720106,10.601074,.51075011,-13.805714,27.749735,22.17924083236124,41.552563,.1677877371177757,-.33224699,.66782248,,,,,,,,0,1,.6384376436471939
S38,asset_tv_2013,Household owns a television,assets,secondary,assets_2013_household,46,outcome_cerrd_fuzzy,fuzzy_late,rdrobust,selected_bc_household,ccpp_equal,cr2 cluster_ruv,1,2,triangular,cerrd,,.0060405156046469,.0060405154,.015061428,.015061428,100,42355,2622,1019,37,16,53,8.485751285610011,7.3268046,22.031298,.73946381,-35.853748,50.507355,20.38371724658976,40.292618,.1818398798507556,-.88983417,1.2535139,.5931952638898504,.63895959,.25249839,6.4036789,,,,0,1,.8425208926200867
S38,asset_tv_2013,Household owns a television,assets,secondary,assets_2013_household,46,outcome_mserd_fuzzy,fuzzy_late,rdrobust,selected_bc_household,ccpp_equal,cr2 cluster_ruv,1,2,triangular,mserd,,.0082309593840227,.0082309591,.015061428,.015061428,100,42355,3118,1268,51,22,73,14.64109440219803,9.8544979,18.210226,.58840293,-25.836891,45.545887,22.78457915179494,41.950985,.234905030315228,-.61588275,1.0856929,.6677671122502002,.76780307,.22723718,11.416708,,,,0,1,.7355036586523056
S39,asset_refrigerator_2013,Household owns a refrigerator,assets,secondary,assets_2013_household,47,common_h_fuzzy,fuzzy_late,rdrobust,selected_bc_household,ccpp_equal,cr2 cluster_ruv,1,2,triangular,manual,,.0075,.0074999998,.0135,.0135,100,42355,2830,1268,43,22,65,.3752705092987996,.078939095,2.4522626,.97432029,-4.7274075,4.8852854,1.58163051843932,12.478642,.0063259363125879,-.37883985,.39149174,.6720353021488912,.78113091,.23437309,11.107904,,,,0,1,.9743202924728394
S39,asset_refrigerator_2013,Household owns a refrigerator,assets,secondary,assets_2013_household,47,common_h_reduced_form,reduced_form,rdrobust,selected_bc_household,ccpp_equal,cr2 cluster_ruv,1,2,triangular,manual,,.0075,.0074999998,.0135,.0135,100,42355,2830,1268,43,22,65,.252195030104187,.093990222,1.603351,.95325392,-3.0485201,3.2365005,1.58163051843932,12.478642,.0075320869082473,-.24429901,.2593632,,,,,,,,0,1,.9532539248466492
S39,asset_refrigerator_2013,Household owns a refrigerator,assets,secondary,assets_2013_household,47,outcome_cerrd_fuzzy,fuzzy_late,rdrobust,selected_bc_household,ccpp_equal,cr2 cluster_ruv,1,2,triangular,cerrd,,.0066504159223438,.0066504157,.015621444,.015621444,100,42355,2700,1069,39,17,56,-.4029011788373844,-.48689446,2.4507697,.84252089,-5.2903147,4.3165255,1.10116313405489,10.437629,-.046647992375442,-.50685018,.41355422,.625351735044907,.67391813,.24447319,7.5989184,,,,0,1,.8425208926200867
S39,asset_refrigerator_2013,Household owns a refrigerator,assets,secondary,assets_2013_household,47,outcome_mserd_fuzzy,fuzzy_late,rdrobust,selected_bc_household,ccpp_equal,cr2 cluster_ruv,1,2,triangular,mserd,,.0090620249869993,.0090620248,.015621444,.015621444,100,42355,3419,5706,54,28,82,.7493560632879137,.25572655,2.5230515,.91926783,-4.6893635,5.2008166,1.830889004107751,13.408554,.0190718951554296,-.34972921,.38787302,.6109584628354122,.71642679,.22294451,10.326427,,,,0,1,.9192678332328796
S40,asset_washing_machine_2013,Household owns a washing machine,assets,secondary,assets_2013_household,48,common_h_fuzzy,fuzzy_late,rdrobust,selected_bc_household,ccpp_equal,cr2 cluster_ruv,1,2,triangular,manual,,.0075,.0074999998,.0135,.0135,100,42355,2830,1268,43,22,65,-.6032393939641236,-.56419176,.77457118,.46637341,-2.0823233,.95393986,.2927637933046262,5.4037938,-.1044066061214206,-.38534471,.17653151,.6720353021488912,.78113091,.23437309,11.107904,,,,0,1,.8220075070858002
S40,asset_washing_machine_2013,Household owns a washing machine,assets,secondary,assets_2013_household,48,common_h_reduced_form,reduced_form,rdrobust,selected_bc_household,ccpp_equal,cr2 cluster_ruv,1,2,triangular,manual,,.0075,.0074999998,.0135,.0135,100,42355,2830,1268,43,22,65,-.4053981683907938,-.44496754,.50300419,.37636167,-1.4308378,.54090261,.2927637933046262,5.4037938,-.0823435469403495,-.26478392,.10009683,,,,,,,,0,1,.6384376436471939
S40,asset_washing_machine_2013,Household owns a washing machine,assets,secondary,assets_2013_household,48,outcome_cerrd_fuzzy,fuzzy_late,rdrobust,selected_bc_household,ccpp_equal,cr2 cluster_ruv,1,2,triangular,cerrd,,.0105192547734429,.010519255,.022418641,.022418641,100,42355,3712,5790,62,32,94,-.4466622370462103,-.46430907,.8343522,.57787555,-2.0996094,1.1709911,.2780646113354291,5.2665563,-.0881618021788603,-.39866835,.22234476,.5028283504030193,.53955251,.21053945,6.5675058,,,,0,1,.8425208926200867
S40,asset_washing_machine_2013,Household owns a washing machine,assets,secondary,assets_2013_household,48,outcome_mserd_fuzzy,fuzzy_late,rdrobust,selected_bc_household,ccpp_equal,cr2 cluster_ruv,1,2,triangular,mserd,,.014333802684623,.014333802,.022418641,.022418641,100,42355,5907,7963,75,40,115,-.5655673168808502,-.57975554,1.0168979,.56859517,-2.572839,1.4133278,.2707665408716439,5.1969137,-.1115576650156271,-.49507055,.27195522,.3951291755482172,.45162362,.20465344,4.8698454,,,,0,1,.7355036586523056
S41,asset_computer_2013,Household owns a computer,assets,secondary,assets_2013_household,49,common_h_fuzzy,fuzzy_late,rdrobust,selected_bc_household,ccpp_equal,cr2 cluster_ruv,1,2,triangular,manual,,.0075,.0074999998,.0135,.0135,100,42355,2830,1268,43,22,65,-1.136114291097899,-.71935046,1.3392452,.59117699,-3.3442228,1.905522,.9945292776034925,9.9246483,-.0724812020590145,-.33696136,.19199894,.6720353021488912,.78113091,.23437309,11.107904,,,,0,1,.8220075070858002
S41,asset_computer_2013,Household owns a computer,assets,secondary,assets_2013_household,49,common_h_reduced_form,reduced_form,rdrobust,selected_bc_household,ccpp_equal,cr2 cluster_ruv,1,2,triangular,manual,,.0075,.0074999998,.0135,.0135,100,42355,2830,1268,43,22,65,-.7635089108936501,-.60737395,.92168486,.50990719,-2.4138432,1.1990951,.9945292776034925,9.9246483,-.0611985367885121,-.24321699,.12081991,,,,,,,,0,1,.6384376436471939
S41,asset_computer_2013,Household owns a computer,assets,secondary,assets_2013_household,49,outcome_cerrd_fuzzy,fuzzy_late,rdrobust,selected_bc_household,ccpp_equal,cr2 cluster_ruv,1,2,triangular,cerrd,,.0093196741626123,.0093196742,.022020428,.022020428,100,42355,3419,5754,54,29,83,-.9878927058035931,-1.2803894,1.4125352,.36469886,-4.0489078,1.4881287,1.180645517534281,10.802998,-.1185216810351666,-.37479481,.13775146,.584807240871252,.61896646,.2144773,8.3285913,,,,0,1,.8425208926200867
S41,asset_computer_2013,Household owns a computer,assets,secondary,assets_2013_household,49,outcome_mserd_fuzzy,fuzzy_late,rdrobust,selected_bc_household,ccpp_equal,cr2 cluster_ruv,1,2,triangular,mserd,,.0126992237956931,.012699224,.022020428,.022020428,100,42355,4100,7886,67,38,105,-1.900654846478975,-2.424181,2.2292979,.27685162,-6.7935243,1.9451623,1.014449533499348,10.021993,-.2418861213873038,-.67786163,.19408937,.4331430526988348,.48848584,.20693305,5.5724254,,,,0,1,.7355036586523056
S42,asset_mobile_2013,Household owns a mobile phone,assets,secondary,assets_2013_household,50,common_h_fuzzy,fuzzy_late,rdrobust,selected_bc_household,ccpp_equal,cr2 cluster_ruv,1,2,triangular,manual,,.0075,.0074999998,.0135,.0135,100,42355,2830,1268,43,22,65,-13.88941580808075,-14.191754,20.329027,.48511282,-54.035915,25.652409,37.34641058436281,48.380924,-.2933336839781392,-1.1168848,.53021741,.6720353021488912,.78113091,.23437309,11.107904,,,,0,1,.8220075070858002
S42,asset_mobile_2013,Household owns a mobile phone,assets,secondary,assets_2013_household,50,common_h_reduced_form,reduced_form,rdrobust,selected_bc_household,ccpp_equal,cr2 cluster_ruv,1,2,triangular,manual,,.0075,.0074999998,.0135,.0135,100,42355,2830,1268,43,22,65,-9.334177749255135,-11.052634,14.869176,.45728478,-40.195683,18.090416,37.34641058436281,48.380924,-.2284502510361714,-.83081681,.3739163,,,,,,,,0,1,.6384376436471939
S42,asset_mobile_2013,Household owns a mobile phone,assets,secondary,assets_2013_household,50,outcome_cerrd_fuzzy,fuzzy_late,rdrobust,selected_bc_household,ccpp_equal,cr2 cluster_ruv,1,2,triangular,cerrd,,.0104734543401564,.010473454,.022337038,.022337038,100,42355,3712,5790,62,32,94,-15.10136962362693,-17.850487,22.094986,.41914955,-61.155865,25.454891,39.94180793500127,48.984478,-.3644110756257894,-1.2484744,.51965219,.505249336794266,.54283476,.21069875,6.6376052,,,,0,1,.8425208926200867
S42,asset_mobile_2013,Household owns a mobile phone,assets,secondary,assets_2013_household,50,outcome_mserd_fuzzy,fuzzy_late,rdrobust,selected_bc_household,ccpp_equal,cr2 cluster_ruv,1,2,triangular,mserd,,.0142713938555056,.014271393,.022337038,.022337038,100,42355,5859,7963,74,40,114,-14.20132789107168,-19.538019,27.292171,.47406322,-73.029694,33.953655,40.48988455210503,49.091434,-.397992403215058,-1.4876258,.69164109,.3961375291483258,.45405713,.20484231,4.9133949,,,,0,1,.7355036586523056
M01,wellbeing_connectivity_2013,Connectivity wellbeing domain,connectivity,mechanism,mechanism_2013_household,51,common_h_fuzzy,fuzzy_late,rdrobust,selected_bc_household,ccpp_equal,cr2 cluster_ruv,1,2,triangular,manual,,.0075,.0074999998,.0135,.0135,100,42355,2830,1268,43,22,65,-4.680733385606826,-4.929657,7.1140685,.48834419,-18.872974,9.0136604,12.73831487273949,16.744274,-.2944085245846255,-1.1271302,.53831303,.6720353021488912,.78113091,.23437309,11.107904,,,,0,1,.8912038207054138
M01,wellbeing_connectivity_2013,Connectivity wellbeing domain,connectivity,mechanism,mechanism_2013_household,51,common_h_reduced_form,reduced_form,rdrobust,selected_bc_household,ccpp_equal,cr2 cluster_ruv,1,2,triangular,manual,,.0075,.0074999998,.0135,.0135,100,42355,2830,1268,43,22,65,-3.145618075074685,-3.8235507,5.1944675,.46168119,-14.00452,6.3574185,12.73831487273949,16.744274,-.2283497601746434,-.83637667,.37967718,,,,,,,,0,1,.9152954816818237
M01,wellbeing_connectivity_2013,Connectivity wellbeing domain,connectivity,mechanism,mechanism_2013_household,51,outcome_cerrd_fuzzy,fuzzy_late,rdrobust,selected_bc_household,ccpp_equal,cr2 cluster_ruv,1,2,triangular,cerrd,,.0104573539602145,.010457354,.022315193,.022315193,100,42355,3712,5790,62,32,94,-4.813864968075383,-5.7330308,7.639153,.45296574,-20.705496,9.2394342,13.62013834641851,16.930759,-.3386162545187708,-1.2229513,.54571879,.5061215512858536,.54388481,.21075237,6.6599188,,,,0,1,.8267534375190735
M01,wellbeing_connectivity_2013,Connectivity wellbeing domain,connectivity,mechanism,mechanism_2013_household,51,outcome_mserd_fuzzy,fuzzy_late,rdrobust,selected_bc_household,ccpp_equal,cr2 cluster_ruv,1,2,triangular,mserd,,.0142494550704676,.014249455,.022315193,.022315193,100,42355,5859,7963,74,40,114,-4.206100315425737,-6.0394616,9.4044371,.52074802,-24.471821,12.392897,13.96803394250319,17.223206,-.3506584043892685,-1.4208633,.71954644,.3964888489659719,.45471698,.20489551,4.9251275,,,,0,1,.688143253326416
M02,asset_internet_2013,Household has internet access,connectivity,mechanism,mechanism_2013_household,52,common_h_fuzzy,fuzzy_late,rdrobust,selected_bc_household,ccpp_equal,cr2 cluster_ruv,1,2,triangular,manual,,.0075,.0074999998,.0135,.0135,100,42355,2830,1268,43,22,65,-.0390622129819149,.031303491,.22885834,.89120382,-.4172506,.47985759,.1078893488663395,3.2834592,.0095336922745249,-.12707654,.14614391,.6720353021488912,.78113091,.23437309,11.107904,,,,0,1,.8912038207054138
M02,asset_internet_2013,Household has internet access,connectivity,mechanism,mechanism_2013_household,52,common_h_reduced_form,reduced_form,rdrobust,selected_bc_household,ccpp_equal,cr2 cluster_ruv,1,2,triangular,manual,,.0075,.0074999998,.0135,.0135,100,42355,2830,1268,43,22,65,-.0262511861039055,.016775535,.15772173,.91529548,-.29235336,.32590446,.1078893488663395,3.2834592,.0051091040581238,-.089038223,.099256434,,,,,,,,0,1,.9152954816818237
M02,asset_internet_2013,Household has internet access,connectivity,mechanism,mechanism_2013_household,52,outcome_cerrd_fuzzy,fuzzy_late,rdrobust,selected_bc_household,ccpp_equal,cr2 cluster_ruv,1,2,triangular,cerrd,,.0093489843454814,.0093489848,.021947686,.021947686,100,42355,3419,5754,54,29,83,-.0602143691722631,-.080605432,.24670134,.74386996,-.5641312,.40292031,.1634312687570464,4.0399494,-.0199520905473184,-.13963819,.099734001,.5823266147112673,.6175375,.21431325,8.3028784,,,,0,1,.8267534375190735
M02,asset_internet_2013,Household has internet access,connectivity,mechanism,mechanism_2013_household,52,outcome_mserd_fuzzy,fuzzy_late,rdrobust,selected_bc_household,ccpp_equal,cr2 cluster_ruv,1,2,triangular,mserd,,.0127391625923991,.012739163,.021947686,.021947686,100,42355,4100,7886,67,38,105,-.206735642685084,-.2316149,.36173162,.52198088,-.94059581,.477366,.1317207240728434,3.6273863,-.0638517350108347,-.25930402,.13160054,.4321879829832411,.48907173,.20696889,5.5838661,,,,0,1,.688143253326416
M03,asset_cable_2013,Household has cable service,connectivity,mechanism,mechanism_2013_household,53,common_h_fuzzy,fuzzy_late,rdrobust,selected_bc_household,ccpp_equal,cr2 cluster_ruv,1,2,triangular,manual,,.0075,.0074999998,.0135,.0135,100,42355,2830,1268,43,22,65,-.1137221357578001,-.62851924,2.0786638,.76237237,-4.7026258,3.4455872,.7606446849893265,8.6897974,-.0723284150384949,-.54116631,.3965095,.6720353021488912,.78113091,.23437309,11.107904,,,,0,1,.8912038207054138
M03,asset_cable_2013,Household has cable service,connectivity,mechanism,mechanism_2013_household,53,common_h_reduced_form,reduced_form,rdrobust,selected_bc_household,ccpp_equal,cr2 cluster_ruv,1,2,triangular,manual,,.0075,.0074999998,.0135,.0135,100,42355,2830,1268,43,22,65,-.0764252898650104,-.43479371,1.4023283,.75652194,-3.1833065,2.313719,.7606446849893265,8.6897974,-.0500349667815943,-.36632693,.26625699,,,,,,,,0,1,.9152954816818237
M03,asset_cable_2013,Household has cable service,connectivity,mechanism,mechanism_2013_household,53,outcome_cerrd_fuzzy,fuzzy_late,rdrobust,selected_bc_household,ccpp_equal,cr2 cluster_ruv,1,2,triangular,cerrd,,.0096191761513901,.0096191764,.020863758,.020863758,100,42355,3419,5754,54,29,83,.5275915579814701,.49600863,2.2662528,.82675344,-3.9457653,4.9377823,.78161665406119,8.8075781,.0563161234562677,-.44799662,.56062889,.5626696388503999,.60868388,.21361536,8.1193018,,,,0,1,.8267534375190735
M03,asset_cable_2013,Household has cable service,connectivity,mechanism,mechanism_2013_household,53,outcome_mserd_fuzzy,fuzzy_late,rdrobust,selected_bc_household,ccpp_equal,cr2 cluster_ruv,1,2,triangular,mserd,,.0131073327828079,.013107332,.020863758,.020863758,100,42355,5779,7933,71,39,110,1.453192236885742,1.2117307,3.0189414,.68814325,-4.7052855,7.128747,1.087761980221988,10.373601,.1168090788931169,-.45358267,.68720084,.4226603348101761,.49627802,.20761277,5.7140226,,,,0,1,.688143253326416
