outcome_id,outcome_var,outcome_label,family,tier,multiplicity_family,paper_order,spec_id,estimand,estimator,sample_rule,vce,p,q,kernel,bwselect,tuning_value,h_left,h_right,b_left,b_right,scale,n_input,n_eff_left,n_eff_right,clusters,estimate_cl,estimate_bc,standard_error,pvalue,ci_low,ci_high,control_mean,control_sd,standardized_estimate,standardized_ci_low,standardized_ci_high,first_stage_cl,first_stage_bc,first_stage_se,first_stage_f,weak_robust_p,wild_cluster_p,estimation_rc,p_holm,q_bh
D01,treat_16,Treatment through 2016: full B/C design universe,design,design,design,-3,common_h_design,first_stage,rdrobust,selected_bc,cr2 cluster_dist,1,2,triangular,manual,,.0075,.0074999998,.0135,.0135,1,549,45,26,48,.8426113218373307,.98352867,.20341131,1.3303060e-06,.58484983,1.3822075,.3333333333333333,.4767313,2.063067102929172,1.2267913,2.8993428,,,,,,,0,,
D02,treat_16,Treatment through 2016: complete primary sample,design,design,design,-2,common_h_primary,first_stage,rdrobust,selected_bc_linked,cr2 cluster_dist,1,2,triangular,manual,,.0075,.0074999998,.0135,.0135,1,389,39,21,43,.9714321836881734,1.1317203,.15223683,1.0540557e-13,.8333416,1.430099,.3333333333333333,.47756693,2.369762660423479,1.7449734,2.9945519,,,,,,,0,,
D03,treat_16,Treatment through 2016: MSE selector,design,design,design,-1,mserd_design,first_stage,rdrobust,selected_bc,cr2 cluster_dist,1,2,triangular,mserd,,.0066744908345007,.0066744909,.012872303,.012872303,1,549,41,21,44,.840562099936372,.9561491,.2058624,3.4073155e-06,.55266619,1.359632,.2926829268292683,.46064642,2.075668127546037,1.1997622,2.9515741,,,,,,,0,,
D04,census2017_cohort_covered,Included in the INEI-assisted Census cohort,linkage,design,design,-.8,common_h_census_coverage,selection,rdrobust,selected_bc,cr2 cluster_dist,1,2,triangular,manual,,.0075,.0074999998,.0135,.0135,100,549,45,26,48,9.232932279904581,14.057076,11.429042,.21871825,-8.3434343,36.457588,93.33333333333333,25.22625,.5572400520296553,-.33074415,1.4452243,,,,,,,0,,
D05,cpv2017_link_rate,Person linkage rate within covered CCPPs,linkage,design,design,-.7,common_h_census_link_rate,selection,rdrobust,selected_bc_census_covered,cr2 cluster_dist,1,2,triangular,manual,,.0075,.0074999998,.0135,.0135,100,425,42,22,44,-7.140642462032232,-7.5939932,13.761856,.58107537,-34.566734,19.378748,76.9810353207495,15.88878,-.4779468974833737,-2.1755438,1.2196499,,,,,,,0,,
P01,ln_population_2017,Log 2017 CCPP population,demography,primary,primary_2017_ccpp,1,common_h_covariates,fuzzy_late,rdrobust,selected_bc_primary,cr2 cluster_dist,1,2,triangular,manual,,.0075,.0074999998,.0135,.0135,1,387,38,21,42,-.391731828800941,-.31791925,.32535475,.32849663,-.95560282,.31976435,4.77384086203504,1.1327101,-.2806713232131937,-.84364289,.28230023,1.006181887088412,1.1763285,.16159748,52.9893,,,0,1,.7350749969482422
P01,ln_population_2017,Log 2017 CCPP population,demography,primary,primary_2017_ccpp,1,common_h_cr1,fuzzy_late,rdrobust,selected_bc_primary,cr1 cluster_dist,1,2,triangular,manual,,.0075,.0074999998,.0135,.0135,1,389,39,21,43,-.8137283481139747,-.81092805,.61445236,.18691602,-2.0152326,.39337647,4.78401119877871,1.1195098,-.7243599251474935,-1.8001026,.35138276,.9714321836881734,1.1317203,.1514686,55.825539,,,0,1,.4984427293141683
P01,ln_population_2017,Log 2017 CCPP population,demography,primary,primary_2017_ccpp,1,common_h_cr3,fuzzy_late,rdrobust,selected_bc_primary,cr3 cluster_dist,1,2,triangular,manual,,.0075,.0074999998,.0135,.0135,1,389,39,21,43,-.8137283481139747,-.81092805,.65290874,.21422784,-2.0906057,.46874949,4.78401119877871,1.1195098,-.7243599251474935,-1.8674295,.41870958,.9714321836881734,1.1317203,.15917987,50.547764,,,0,1,.6112855672836304
P01,ln_population_2017,Log 2017 CCPP population,demography,primary,primary_2017_ccpp,1,common_h_epanechnikov,fuzzy_late,rdrobust,selected_bc_primary,cr2 cluster_dist,1,2,epanechnikov,manual,,.0075,.0074999998,.0135,.0135,1,389,39,21,43,-.6791905252619784,-.69657177,.66989917,.29842547,-2.0095501,.6164065,4.78401119877871,1.1195098,-.6222113914300869,-1.7950267,.55060393,.9726169986653286,1.1606061,.16655929,48.554775,,,0,1,.8316541671752931
P01,ln_population_2017,Log 2017 CCPP population,demography,primary,primary_2017_ccpp,1,common_h_fuzzy,fuzzy_late,rdrobust,selected_bc_primary,cr2 cluster_dist,1,2,triangular,manual,,.0075,.0074999998,.0135,.0135,1,389,39,21,43,-.8137283481139747,-.81092805,.62275326,.19285968,-2.031502,.40964592,4.78401119877871,1.1195098,-.7243599251474935,-1.8146353,.36591542,.9714321836881734,1.1317203,.15223683,55.263542,,,0,1,.530423084894816
P01,ln_population_2017,Log 2017 CCPP population,demography,primary,primary_2017_ccpp,1,common_h_hc3,fuzzy_late,rdrobust,selected_bc_primary,hc3,1,2,triangular,manual,,.0075,.0074999998,.0135,.0135,1,389,39,21,43,-.8137283481139747,-.81092805,.64826703,.21096484,-2.0815082,.45965192,4.78401119877871,1.1195098,-.7243599251474935,-1.859303,.4105832,.9714321836881734,1.1317203,.16274564,48.357014,,,0,1,.601948340733846
P01,ln_population_2017,Log 2017 CCPP population,demography,primary,primary_2017_ccpp,1,common_h_nn,fuzzy_late,rdrobust,selected_bc_primary,nn 3,1,2,triangular,manual,,.0075,.0074999998,.0135,.0135,1,389,39,21,43,-.8137283481139747,-.81092805,.64570773,.20916139,-2.0764921,.45463586,4.78401119877871,1.1195098,-.7243599251474935,-1.8548225,.4061026,.9714321836881734,1.1317203,.15654494,52.263702,,,0,1,.5577636957168579
P01,ln_population_2017,Log 2017 CCPP population,demography,primary,primary_2017_ccpp,1,common_h_reduced_form,reduced_form,rdrobust,selected_bc_primary,cr2 cluster_dist,1,2,triangular,manual,,.0075,.0074999998,.0135,.0135,1,389,39,21,43,-.7904819061373285,-.91819257,.61049771,.13257965,-2.1147461,.27836087,4.78401119877871,1.1195098,-.8201737576062212,-1.8889928,.24864532,,,,,,,0,.9280575811862946,.3582379420598348
P01,ln_population_2017,Log 2017 CCPP population,demography,primary,primary_2017_ccpp,1,common_h_uniform,fuzzy_late,rdrobust,selected_bc_primary,cr2 cluster_dist,1,2,uniform,manual,,.0075,.0074999998,.0135,.0135,1,389,39,21,43,-.5736228774728959,-.78467709,.70793259,.26768631,-2.1721995,.60284531,4.78401119877871,1.1195098,-.7009112877881348,-1.940313,.53849041,.9750734672899135,1.1664108,.18683174,38.976406,,,0,1,.5386037826538086
P01,ln_population_2017,Log 2017 CCPP population,demography,primary,primary_2017_ccpp,1,donut_005,fuzzy_late,rdrobust,selected_bc_primary,cr2 cluster_dist,1,2,triangular,manual,.00005,.0075,.0074999998,.0135,.0135,1,389,39,21,43,-.8137283481139747,-.81092805,.62275326,.19285968,-2.031502,.40964592,4.78401119877871,1.1195098,-.7243599251474935,-1.8146353,.36591542,.9714321836881734,1.1317203,.15223683,55.263542,,,0,1,.530423084894816
P01,ln_population_2017,Log 2017 CCPP population,demography,primary,primary_2017_ccpp,1,donut_025,fuzzy_late,rdrobust,selected_bc_primary,cr2 cluster_dist,1,2,triangular,manual,.00025,.0075,.0074999998,.0135,.0135,1,388,39,20,42,-.7248553337373407,-.71715248,.71697551,.31719106,-2.1223986,.68809366,4.78401119877871,1.1195098,-.6405950590835385,-1.8958285,.61463833,.9727822049698112,1.1722729,.18833548,38.742996,,,0,1,.9706161618232727
P01,ln_population_2017,Log 2017 CCPP population,demography,primary,primary_2017_ccpp,1,fixed_h_005,fuzzy_late,rdrobust,selected_bc_primary,cr2 cluster_dist,1,2,triangular,manual,.005,.005,.0049999999,.0089999996,.0089999996,1,389,27,15,36,-1.204835325759717,-1.2043362,.70220715,.086331949,-2.5806367,.17196459,4.886518900515937,1.2924106,-.9318525800674864,-1.9967624,.13305725,.9603926634595041,1.0188134,.14417627,49.934612,,,0,.517991691827774,.2302185297012329
P01,ln_population_2017,Log 2017 CCPP population,demography,primary,primary_2017_ccpp,1,fixed_h_010,fuzzy_late,rdrobust,selected_bc_primary,cr2 cluster_dist,1,2,triangular,manual,.01,.01,.0099999998,.017999999,.017999999,1,389,55,30,53,-.9538195110545623,-1.0002239,.74489307,.17934482,-2.4601874,.45973974,4.645867767324549,1.1835699,-.8450906169707953,-2.0786161,.3884348,.759481920404236,.8703348,.1716342,25.713728,,,0,1,.4207008838653565
P01,ln_population_2017,Log 2017 CCPP population,demography,primary,primary_2017_ccpp,1,outcome_cerrd_fuzzy,fuzzy_late,rdrobust,selected_bc_primary,cr2 cluster_dist,1,2,triangular,cerrd,,.0065036528372125,.0065036528,.015404016,.015404016,1,389,34,16,40,-1.133478127589025,-1.1308124,.57991952,.051182423,-2.2674336,.005808976,4.866585428480747,1.154243,-.9797003922354074,-1.9644336,.0050327149,.9553881249214858,1.0144634,.14930339,46.167191,,,0,.3582769595086575,.2047296911478043
P01,ln_population_2017,Log 2017 CCPP population,demography,primary,primary_2017_ccpp,1,outcome_mserd_fuzzy,fuzzy_late,rdrobust,selected_bc_primary,cr2 cluster_dist,1,2,triangular,mserd,,.0083608326385595,.0083608329,.015404016,.015404016,1,389,47,23,48,-.7696704239284984,-.79677397,.63190824,.20734437,-2.0352914,.4417434,4.64740269104951,1.1662837,-.6831733719775208,-1.7451082,.3787615,.9320510858553754,1.0874944,.1468349,54.852383,,,0,1,.6364977359771729
P01,ln_population_2017,Log 2017 CCPP population,demography,primary,primary_2017_ccpp,1,outcome_mserd_p2,fuzzy_late,rdrobust,selected_bc_primary,cr2 cluster_dist,2,3,triangular,mserd,,.0116763820192192,.011676382,.018960517,.018960517,1,389,58,34,55,-.7981920151794557,-.76628119,.56870371,.17784591,-1.8809201,.34835765,4.647670605714284,1.1878469,-.6451009703773187,-1.5834701,.29326814,1.16459876917462,1.2631581,.16744572,56.907215,,,0,1,.4742557605107625
P01,ln_population_2017,Log 2017 CCPP population,demography,primary,primary_2017_ccpp,1,parametric_common_h,parametric_late,ivreg2,selected_bc_primary,cr1 cluster_dist,1,2,triangular,manual,.0075,.0075,.0074999998,.0135,.0135,1,60,,,43,-.8137283481139687,-.81372833,.52306634,.11978216,-1.8389384,.21148168,4.78401119877871,1.1195098,-.7268612729243029,-1.6426282,.1889056,,,,54.916054,.1543021818639281,.14742948,0,.8384751006960869,.3766177495320638
P01,ln_population_2017,Log 2017 CCPP population,demography,primary,primary_2017_ccpp,1,parametric_covariates,parametric_late,ivreg2,selected_bc_primary,cr1 cluster_dist,1,2,triangular,manual,.0075,.0075,.0074999998,.0135,.0135,1,59,,,42,-.3917318288008401,-.39173183,.25020209,.11742782,-.88212788,.098664246,4.77384086203504,1.1327101,-.3458358933924462,-.77877635,.087104581,,,,38.693413,.1218138473388237,.20404081,0,.8219947293400764,.4697112739086151
P02,ln_dwellings_occupied_2017,Log occupied dwellings in 2017,demography,primary,primary_2017_ccpp,2,common_h_covariates,fuzzy_late,rdrobust,selected_bc_primary,cr2 cluster_dist,1,2,triangular,manual,,.0075,.0074999998,.0135,.0135,1,387,38,21,42,-.2566620251725524,-.2110236,.34057763,.53551787,-.8785435,.4564963,4.209192735130991,.9942928,-.2122348648863914,-.88358629,.45911658,1.006181887088412,1.1763285,.16159748,52.9893,,,0,1,.7350749969482422
P02,ln_dwellings_occupied_2017,Log occupied dwellings in 2017,demography,primary,primary_2017_ccpp,2,common_h_cr1,fuzzy_late,rdrobust,selected_bc_primary,cr1 cluster_dist,1,2,triangular,manual,,.0075,.0074999998,.0135,.0135,1,389,39,21,43,-.6611375859122975,-.6790688,.51422954,.18664952,-1.6869402,.32880256,4.217759454288402,.9825803,-.691107697540029,-1.7168472,.33463177,.9714321836881734,1.1317203,.1514686,55.825539,,,0,1,.4984427293141683
P02,ln_dwellings_occupied_2017,Log occupied dwellings in 2017,demography,primary,primary_2017_ccpp,2,common_h_cr3,fuzzy_late,rdrobust,selected_bc_primary,cr3 cluster_dist,1,2,triangular,manual,,.0075,.0074999998,.0135,.0135,1,389,39,21,43,-.6611375859122975,-.6790688,.56478965,.22923209,-1.7860361,.42789856,4.217759454288402,.9825803,-.691107697540029,-1.8177,.43548459,.9714321836881734,1.1317203,.15917987,50.547764,,,0,1,.6112855672836304
P02,ln_dwellings_occupied_2017,Log occupied dwellings in 2017,demography,primary,primary_2017_ccpp,2,common_h_epanechnikov,fuzzy_late,rdrobust,selected_bc_primary,cr2 cluster_dist,1,2,epanechnikov,manual,,.0075,.0074999998,.0135,.0135,1,389,39,21,43,-.5080102743266569,-.54189742,.54329407,.31855616,-1.6067342,.52293932,4.217759454288402,.9825803,-.5515044850900115,-1.6352192,.53221029,.9726169986653286,1.1606061,.16655929,48.554775,,,0,1,.8316541671752931
P02,ln_dwellings_occupied_2017,Log occupied dwellings in 2017,demography,primary,primary_2017_ccpp,2,common_h_fuzzy,fuzzy_late,rdrobust,selected_bc_primary,cr2 cluster_dist,1,2,triangular,manual,,.0075,.0074999998,.0135,.0135,1,389,39,21,43,-.6611375859122975,-.6790688,.52859515,.19890866,-1.7150964,.35695869,4.217759454288402,.9825803,-.691107697540029,-1.7455025,.36328706,.9714321836881734,1.1317203,.15223683,55.263542,,,0,1,.530423084894816
P02,ln_dwellings_occupied_2017,Log occupied dwellings in 2017,demography,primary,primary_2017_ccpp,2,common_h_hc3,fuzzy_late,rdrobust,selected_bc_primary,hc3,1,2,triangular,manual,,.0075,.0074999998,.0135,.0135,1,389,39,21,43,-.6611375859122975,-.6790688,.5605514,.22573063,-1.7777293,.41959172,4.217759454288402,.9825803,-.691107697540029,-1.8092458,.42703047,.9714321836881734,1.1317203,.16274564,48.357014,,,0,1,.601948340733846
P02,ln_dwellings_occupied_2017,Log occupied dwellings in 2017,demography,primary,primary_2017_ccpp,2,common_h_nn,fuzzy_late,rdrobust,selected_bc_primary,nn 3,1,2,triangular,manual,,.0075,.0074999998,.0135,.0135,1,389,39,21,43,-.6611375859122975,-.6790688,.47731322,.154826,-1.6145855,.25644788,4.217759454288402,.9825803,-.691107697540029,-1.6432097,.26099434,.9714321836881734,1.1317203,.15654494,52.263702,,,0,1,.5577636957168579
P02,ln_dwellings_occupied_2017,Log occupied dwellings in 2017,demography,primary,primary_2017_ccpp,2,common_h_reduced_form,reduced_form,rdrobust,selected_bc_primary,cr2 cluster_dist,1,2,triangular,manual,,.0075,.0074999998,.0135,.0135,1,389,39,21,43,-.6422503288011105,-.76564175,.51137978,.13433923,-1.7679278,.23664422,4.217759454288402,.9825803,-.7792154863103817,-1.7992705,.24083959,,,,,,,0,.9280575811862946,.3582379420598348
P02,ln_dwellings_occupied_2017,Log occupied dwellings in 2017,demography,primary,primary_2017_ccpp,2,common_h_uniform,fuzzy_late,rdrobust,selected_bc_primary,cr2 cluster_dist,1,2,uniform,manual,,.0075,.0074999998,.0135,.0135,1,389,39,21,43,-.4204743742621446,-.57293665,.55475104,.30170611,-1.6602287,.51435536,4.217759454288402,.9825803,-.5830940123255033,-1.6896621,.52347416,.9750734672899135,1.1664108,.18683174,38.976406,,,0,1,.5386037826538086
P02,ln_dwellings_occupied_2017,Log occupied dwellings in 2017,demography,primary,primary_2017_ccpp,2,donut_005,fuzzy_late,rdrobust,selected_bc_primary,cr2 cluster_dist,1,2,triangular,manual,.00005,.0075,.0074999998,.0135,.0135,1,389,39,21,43,-.6611375859122975,-.6790688,.52859515,.19890866,-1.7150964,.35695869,4.217759454288402,.9825803,-.691107697540029,-1.7455025,.36328706,.9714321836881734,1.1317203,.15223683,55.263542,,,0,1,.530423084894816
P02,ln_dwellings_occupied_2017,Log occupied dwellings in 2017,demography,primary,primary_2017_ccpp,2,donut_025,fuzzy_late,rdrobust,selected_bc_primary,cr2 cluster_dist,1,2,triangular,manual,.00025,.0075,.0074999998,.0135,.0135,1,388,39,20,42,-.5065484484381695,-.51728767,.64535338,.42280909,-1.7821569,.74758166,4.217759454288402,.9825803,-.5264584295335359,-1.8137521,.76083517,.9727822049698112,1.1722729,.18833548,38.742996,,,0,1,.9706161618232727
P02,ln_dwellings_occupied_2017,Log occupied dwellings in 2017,demography,primary,primary_2017_ccpp,2,fixed_h_005,fuzzy_late,rdrobust,selected_bc_primary,cr2 cluster_dist,1,2,triangular,manual,.005,.005,.0049999999,.0089999996,.0089999996,1,389,27,15,36,-1.121383477424109,-1.1615063,.60129201,.053398501,-2.3400171,.017004434,4.268905134733451,1.1156471,-1.041105518511827,-2.0974529,.015241769,.9603926634595041,1.0188134,.14417627,49.934612,,,0,.4271880090236664,.2302185297012329
P02,ln_dwellings_occupied_2017,Log occupied dwellings in 2017,demography,primary,primary_2017_ccpp,2,fixed_h_010,fuzzy_late,rdrobust,selected_bc_primary,cr2 cluster_dist,1,2,triangular,manual,.01,.01,.0099999998,.017999999,.017999999,1,389,55,30,53,-.7699128416827151,-.77852839,.61718524,.20715839,-1.9881892,.43113244,4.145739814591522,.92356527,-.842959750912034,-2.1527326,.46681318,.759481920404236,.8703348,.1716342,25.713728,,,0,1,.4207008838653565
P02,ln_dwellings_occupied_2017,Log occupied dwellings in 2017,demography,primary,primary_2017_ccpp,2,outcome_cerrd_fuzzy,fuzzy_late,rdrobust,selected_bc_primary,cr2 cluster_dist,1,2,triangular,cerrd,,.0100045988681939,.010004599,.020330604,.020330604,1,389,55,30,53,-.7701551699537105,-.8171736,.60083348,.17380884,-1.9947857,.36043844,4.145739814591522,.92356527,-.8848032640031265,-2.1598749,.3902685,.7591054269568595,.82270533,.17475173,22.163872,,,0,1,.4634902477264404
P02,ln_dwellings_occupied_2017,Log occupied dwellings in 2017,demography,primary,primary_2017_ccpp,2,outcome_mserd_fuzzy,fuzzy_late,rdrobust,selected_bc_primary,cr2 cluster_dist,1,2,triangular,mserd,,.0128615070402101,.012861507,.020330604,.020330604,1,389,64,35,59,-.8177051206963435,-.89625114,.76064628,.23868665,-2.3870904,.59458816,4.132902387831936,.9455505,-.94786172862749,-2.5245509,.62882751,.6167205265110002,.7041356,.18316759,14.777989,,,0,1,.6364977359771729
P02,ln_dwellings_occupied_2017,Log occupied dwellings in 2017,demography,primary,primary_2017_ccpp,2,outcome_mserd_p2,fuzzy_late,rdrobust,selected_bc_primary,cr2 cluster_dist,2,3,triangular,mserd,,.0123824300899412,.01238243,.020279692,.020279692,1,389,60,35,56,-.7269883285721468,-.71072304,.50522405,.15950207,-1.7009439,.27949795,4.125978031026973,.92964667,-.7645087755341966,-1.8296672,.30064964,1.142411640444982,1.2403457,.16318966,57.769714,,,0,1,.4742557605107625
P02,ln_dwellings_occupied_2017,Log occupied dwellings in 2017,demography,primary,primary_2017_ccpp,2,parametric_common_h,parametric_late,ivreg2,selected_bc_primary,cr1 cluster_dist,1,2,triangular,manual,.0075,.0075,.0074999998,.0135,.0135,1,60,,,43,-.6611375859122894,-.66113758,.44938055,.14123166,-1.5419234,.21964826,4.217759454288402,.9825803,-.6728585920090137,-1.5692595,.2235423,,,,54.916054,.1787857816496351,.18463692,0,.8473899364471436,.3766177495320638
P02,ln_dwellings_occupied_2017,Log occupied dwellings in 2017,demography,primary,primary_2017_ccpp,2,parametric_covariates,parametric_late,ivreg2,selected_bc_primary,cr1 cluster_dist,1,2,triangular,manual,.0075,.0075,.0074999998,.0135,.0135,1,59,,,42,-.2566620251724847,-.25666201,.26378489,.33055454,-.77368039,.26035634,4.209192735130991,.9942928,-.2581352613824567,-.77812129,.26185077,,,,38.693413,.3640393938786936,.40568113,0,1,.5692094167073567
P03,cpv2017_share_moved_ccpp,Residents living in another CCPP,migration,primary,primary_2017_ccpp,3,common_h_covariates,fuzzy_late,rdrobust,selected_bc_primary,cr2 cluster_dist,1,2,triangular,manual,,.0075,.0074999998,.0135,.0135,100,387,38,21,42,7.075692699383813,6.41224,10.762333,.55130625,-14.681545,27.506025,36.6068179054968,18.365921,.3491379542043043,-.79939067,1.4976666,1.006181887088412,1.1763285,.16159748,52.9893,,,0,1,.7350749969482422
P03,cpv2017_share_moved_ccpp,Residents living in another CCPP,migration,primary,primary_2017_ccpp,3,common_h_cr1,fuzzy_late,rdrobust,selected_bc_primary,cr1 cluster_dist,1,2,triangular,manual,,.0075,.0074999998,.0135,.0135,100,389,39,21,43,8.948113734821311,8.4445152,10.403027,.41694289,-11.945042,28.834072,36.13281758405144,18.362814,.4598704569853737,-.65050173,1.5702426,.9714321836881734,1.1317203,.1514686,55.825539,,,0,1,.8338857889175415
P03,cpv2017_share_moved_ccpp,Residents living in another CCPP,migration,primary,primary_2017_ccpp,3,common_h_cr3,fuzzy_late,rdrobust,selected_bc_primary,cr3 cluster_dist,1,2,triangular,manual,,.0075,.0074999998,.0135,.0135,100,389,39,21,43,8.948113734821311,8.4445152,11.12854,.44796258,-13.367023,30.256054,36.13281758405144,18.362814,.4598704569853737,-.72793984,1.6476808,.9714321836881734,1.1317203,.15917987,50.547764,,,0,1,.8804990649223328
P03,cpv2017_share_moved_ccpp,Residents living in another CCPP,migration,primary,primary_2017_ccpp,3,common_h_epanechnikov,fuzzy_late,rdrobust,selected_bc_primary,cr2 cluster_dist,1,2,epanechnikov,manual,,.0075,.0074999998,.0135,.0135,100,389,39,21,43,7.776376202488536,7.5287838,11.356944,.50737965,-14.730417,29.787985,36.13281758405144,18.362814,.4100016474142933,-.80218738,1.6221907,.9726169986653286,1.1606061,.16655929,48.554775,,,0,1,.8316541671752931
P03,cpv2017_share_moved_ccpp,Residents living in another CCPP,migration,primary,primary_2017_ccpp,3,common_h_fuzzy,fuzzy_late,rdrobust,selected_bc_primary,cr2 cluster_dist,1,2,triangular,manual,,.0075,.0074999998,.0135,.0135,100,389,39,21,43,8.948113734821311,8.4445152,10.522984,.42227364,-12.180154,29.069185,36.13281758405144,18.362814,.4598704569853737,-.66330546,1.5830463,.9714321836881734,1.1317203,.15223683,55.263542,,,0,1,.8445472717285156
P03,cpv2017_share_moved_ccpp,Residents living in another CCPP,migration,primary,primary_2017_ccpp,3,common_h_hc3,fuzzy_late,rdrobust,selected_bc_primary,hc3,1,2,triangular,manual,,.0075,.0074999998,.0135,.0135,100,389,39,21,43,8.948113734821311,8.4445152,11.038405,.44426423,-13.190361,30.079391,36.13281758405144,18.362814,.4598704569853737,-.71831918,1.6380601,.9714321836881734,1.1317203,.16274564,48.357014,,,0,1,.8796135187149048
P03,cpv2017_share_moved_ccpp,Residents living in another CCPP,migration,primary,primary_2017_ccpp,3,common_h_nn,fuzzy_late,rdrobust,selected_bc_primary,nn 3,1,2,triangular,manual,,.0075,.0074999998,.0135,.0135,100,389,39,21,43,8.948113734821311,8.4445152,11.018905,.4434585,-13.152142,30.041172,36.13281758405144,18.362814,.4598704569853737,-.71623784,1.6359788,.9714321836881734,1.1317203,.15654494,52.263702,,,0,1,.8778420090675354
P03,cpv2017_share_moved_ccpp,Residents living in another CCPP,migration,primary,primary_2017_ccpp,3,common_h_reduced_form,reduced_form,rdrobust,selected_bc_primary,cr2 cluster_dist,1,2,triangular,manual,,.0075,.0074999998,.0135,.0135,100,389,39,21,43,8.692485665307604,9.6375504,9.9796829,.33418581,-9.9222698,29.197371,36.13281758405144,18.362814,.5248406117665165,-.54034585,1.5900271,,,,,,,0,1,.6683716177940369
P03,cpv2017_share_moved_ccpp,Residents living in another CCPP,migration,primary,primary_2017_ccpp,3,common_h_uniform,fuzzy_late,rdrobust,selected_bc_primary,cr2 cluster_dist,1,2,uniform,manual,,.0075,.0074999998,.0135,.0135,100,389,39,21,43,9.900802207500861,11.800312,12.281112,.33662736,-12.270225,35.87085,36.13281758405144,18.362814,.6426200617577158,-.66821051,1.9534507,.9750734672899135,1.1664108,.18683174,38.976406,,,0,1,.5386037826538086
P03,cpv2017_share_moved_ccpp,Residents living in another CCPP,migration,primary,primary_2017_ccpp,3,donut_005,fuzzy_late,rdrobust,selected_bc_primary,cr2 cluster_dist,1,2,triangular,manual,.00005,.0075,.0074999998,.0135,.0135,100,389,39,21,43,8.948113734821311,8.4445152,10.522984,.42227364,-12.180154,29.069185,36.13281758405144,18.362814,.4598704569853737,-.66330546,1.5830463,.9714321836881734,1.1317203,.15223683,55.263542,,,0,1,.8445472717285156
P03,cpv2017_share_moved_ccpp,Residents living in another CCPP,migration,primary,primary_2017_ccpp,3,donut_025,fuzzy_late,rdrobust,selected_bc_primary,cr2 cluster_dist,1,2,triangular,manual,.00025,.0075,.0074999998,.0135,.0135,100,388,39,20,42,8.868903761187614,8.3046389,14.322763,.56203538,-19.767462,36.37674,36.13281758405144,18.362814,.4522530610990679,-1.0764942,1.9810003,.9727822049698112,1.1722729,.18833548,38.742996,,,0,1,.9706161618232727
P03,cpv2017_share_moved_ccpp,Residents living in another CCPP,migration,primary,primary_2017_ccpp,3,fixed_h_005,fuzzy_late,rdrobust,selected_bc_primary,cr2 cluster_dist,1,2,triangular,manual,.005,.005,.0049999999,.0089999996,.0089999996,100,389,27,15,36,11.71842310627861,10.804804,11.366216,.34180394,-11.472569,33.082176,34.54835448692876,15.519046,.6962286134201311,-.7392574,2.1317146,.9603926634595041,1.0188134,.14417627,49.934612,,,0,1,.6836078763008118
P03,cpv2017_share_moved_ccpp,Residents living in another CCPP,migration,primary,primary_2017_ccpp,3,fixed_h_010,fuzzy_late,rdrobust,selected_bc_primary,cr2 cluster_dist,1,2,triangular,manual,.01,.01,.0099999998,.017999999,.017999999,100,389,55,30,53,12.38074438985693,14.840695,11.951136,.21431734,-8.5831013,38.264492,37.64174447108721,18.345247,.8089667899378123,-.46786514,2.0857987,.759481920404236,.8703348,.1716342,25.713728,,,0,1,.4207008838653565
P03,cpv2017_share_moved_ccpp,Residents living in another CCPP,migration,primary,primary_2017_ccpp,3,outcome_cerrd_fuzzy,fuzzy_late,rdrobust,selected_bc_primary,cr2 cluster_dist,1,2,triangular,cerrd,,.0065669442459896,.0065669441,.014943046,.014943046,100,389,36,16,40,12.18096373460886,12.251184,10.287557,.23370308,-7.9120579,32.414425,34.06025369693984,15.345678,.7983474725431778,-.51558864,2.1122837,.956454706757254,1.025746,.15063317,46.37014,,,0,1,.467406153678894
P03,cpv2017_share_moved_ccpp,Residents living in another CCPP,migration,primary,primary_2017_ccpp,3,outcome_mserd_fuzzy,fuzzy_late,rdrobust,selected_bc_primary,cr2 cluster_dist,1,2,triangular,mserd,,.0084421975098848,.0084421979,.014943046,.014943046,100,389,47,23,48,9.624587884564802,10.165699,10.697012,.34194422,-10.800058,31.131456,37.00201160148534,19.065596,.5331959601223338,-.56646842,1.6328603,.9248208572199622,1.1033556,.14679837,56.49221,,,0,1,.6838884353637695
P03,cpv2017_share_moved_ccpp,Residents living in another CCPP,migration,primary,primary_2017_ccpp,3,outcome_mserd_p2,fuzzy_late,rdrobust,selected_bc_primary,cr2 cluster_dist,2,3,triangular,mserd,,.0122637350613404,.012263735,.019923022,.019923022,100,389,59,34,55,8.050703366690938,7.7543736,9.2155485,.40009892,-10.30777,25.816517,37.42089390036816,18.058632,.4293998509451578,-.57079464,1.4295944,1.149361479144803,1.2505944,.16392688,58.201283,,,0,1,.8001978397369385
P03,cpv2017_share_moved_ccpp,Residents living in another CCPP,migration,primary,primary_2017_ccpp,3,parametric_common_h,parametric_late,ivreg2,selected_bc_primary,cr1 cluster_dist,1,2,triangular,manual,.0075,.0075,.0074999998,.0135,.0135,100,60,,,43,8.948113734821336,8.9481134,9.1449146,.32783711,-8.9759188,26.872147,36.13281758405144,18.362814,.4872953676718799,-.48880959,1.4634004,,,,54.916054,.3434141990264281,.37027407,0,1,.6556742191314697
P03,cpv2017_share_moved_ccpp,Residents living in another CCPP,migration,primary,primary_2017_ccpp,3,parametric_covariates,parametric_late,ivreg2,selected_bc_primary,cr1 cluster_dist,1,2,triangular,manual,.0075,.0075,.0074999998,.0135,.0135,100,59,,,42,7.075692699383633,7.0756927,8.9058943,.42690706,-10.379861,24.531246,36.6068179054968,18.365921,.3852620827392549,-.56516963,1.3356938,,,,38.693413,.4469889280783234,.48269653,0,1,.5692094167073567
P04,share_age_15_29_2017,Residents age 15-29,demography,primary,primary_2017_ccpp,4,common_h_covariates,fuzzy_late,rdrobust,selected_bc_primary,cr2 cluster_dist,1,2,triangular,manual,,.0075,.0074999998,.0135,.0135,100,387,38,21,42,-3.003837892277688,-2.9110081,4.4275479,.51087463,-11.588842,5.7668262,23.25121952514899,5.0234461,-.5794842733460973,-2.3069506,1.147982,1.006181887088412,1.1763285,.16159748,52.9893,,,0,1,.7350749969482422
P04,share_age_15_29_2017,Residents age 15-29,demography,primary,primary_2017_ccpp,4,common_h_cr1,fuzzy_late,rdrobust,selected_bc_primary,cr1 cluster_dist,1,2,triangular,manual,,.0075,.0074999998,.0135,.0135,100,389,39,21,43,-2.48258848179599,-2.4334078,4.4991345,.5886032,-11.25155,6.3847337,23.1540879377952,4.9938841,-.487277553862461,-2.2530656,1.2785106,.9714321836881734,1.1317203,.1514686,55.825539,,,0,1,.8701264262199402
P04,share_age_15_29_2017,Residents age 15-29,demography,primary,primary_2017_ccpp,4,common_h_cr3,fuzzy_late,rdrobust,selected_bc_primary,cr3 cluster_dist,1,2,triangular,manual,,.0075,.0074999998,.0135,.0135,100,389,39,21,43,-2.48258848179599,-2.4334078,5.1018958,.63338953,-12.43294,7.5661244,23.1540879377952,4.9938841,-.487277553862461,-2.4896331,1.5150779,.9714321836881734,1.1317203,.15917987,50.547764,,,0,1,.8804990649223328
P04,share_age_15_29_2017,Residents age 15-29,demography,primary,primary_2017_ccpp,4,common_h_epanechnikov,fuzzy_late,rdrobust,selected_bc_primary,cr2 cluster_dist,1,2,epanechnikov,manual,,.0075,.0074999998,.0135,.0135,100,389,39,21,43,-2.734235288598866,-2.9089355,4.5192356,.51978385,-11.766475,5.9486036,23.1540879377952,4.9938841,-.582499601971697,-2.3561769,1.1911777,.9726169986653286,1.1606061,.16655929,48.554775,,,0,1,.8316541671752931
P04,share_age_15_29_2017,Residents age 15-29,demography,primary,primary_2017_ccpp,4,common_h_fuzzy,fuzzy_late,rdrobust,selected_bc_primary,cr2 cluster_dist,1,2,triangular,manual,,.0075,.0074999998,.0135,.0135,100,389,39,21,43,-2.48258848179599,-2.4334078,4.6857772,.60353911,-11.617362,6.7505465,23.1540879377952,4.9938841,-.487277553862461,-2.3263178,1.3517627,.9714321836881734,1.1317203,.15223683,55.263542,,,0,1,.8730552792549133
P04,share_age_15_29_2017,Residents age 15-29,demography,primary,primary_2017_ccpp,4,common_h_hc3,fuzzy_late,rdrobust,selected_bc_primary,hc3,1,2,triangular,manual,,.0075,.0074999998,.0135,.0135,100,389,39,21,43,-2.48258848179599,-2.4334078,5.0113573,.62726599,-12.255487,7.3886719,23.1540879377952,4.9938841,-.487277553862461,-2.4540992,1.479544,.9714321836881734,1.1317203,.16274564,48.357014,,,0,1,.8796135187149048
P04,share_age_15_29_2017,Residents age 15-29,demography,primary,primary_2017_ccpp,4,common_h_nn,fuzzy_late,rdrobust,selected_bc_primary,nn 3,1,2,triangular,manual,,.0075,.0074999998,.0135,.0135,100,389,39,21,43,-2.48258848179599,-2.4334078,4.8159947,.61336482,-11.872584,7.0057688,23.1540879377952,4.9938841,-.487277553862461,-2.3774247,1.4028697,.9714321836881734,1.1317203,.15654494,52.263702,,,0,1,.8778420090675354
P04,share_age_15_29_2017,Residents age 15-29,demography,primary,primary_2017_ccpp,4,common_h_reduced_form,reduced_form,rdrobust,selected_bc_primary,cr2 cluster_dist,1,2,triangular,manual,,.0075,.0074999998,.0135,.0135,100,389,39,21,43,-2.411666350070185,-2.7618201,4.5228429,.54143924,-11.626429,6.1027889,23.1540879377952,4.9938841,-.5530404414286493,-2.3281333,1.2220526,,,,,,,0,1,.8468150496482849
P04,share_age_15_29_2017,Residents age 15-29,demography,primary,primary_2017_ccpp,4,common_h_uniform,fuzzy_late,rdrobust,selected_bc_primary,cr2 cluster_dist,1,2,uniform,manual,,.0075,.0074999998,.0135,.0135,100,389,39,21,43,-3.319747728098472,-4.6683283,4.6575336,.31619018,-13.796926,4.4602699,23.1540879377952,4.9938841,-.9348090936230138,-2.7627647,.89314646,.9750734672899135,1.1664108,.18683174,38.976406,,,0,1,.5386037826538086
P04,share_age_15_29_2017,Residents age 15-29,demography,primary,primary_2017_ccpp,4,donut_005,fuzzy_late,rdrobust,selected_bc_primary,cr2 cluster_dist,1,2,triangular,manual,.00005,.0075,.0074999998,.0135,.0135,100,389,39,21,43,-2.48258848179599,-2.4334078,4.6857772,.60353911,-11.617362,6.7505465,23.1540879377952,4.9938841,-.487277553862461,-2.3263178,1.3517627,.9714321836881734,1.1317203,.15223683,55.263542,,,0,1,.8730552792549133
P04,share_age_15_29_2017,Residents age 15-29,demography,primary,primary_2017_ccpp,4,donut_025,fuzzy_late,rdrobust,selected_bc_primary,cr2 cluster_dist,1,2,triangular,manual,.00025,.0075,.0074999998,.0135,.0135,100,388,39,20,42,-.3020855901069019,-.21106616,5.0080113,.96638256,-10.026588,9.6044559,23.1540879377952,4.9938841,-.0422649261120963,-2.0077734,1.9232435,.9727822049698112,1.1722729,.18833548,38.742996,,,0,1,.9706161618232727
P04,share_age_15_29_2017,Residents age 15-29,demography,primary,primary_2017_ccpp,4,fixed_h_005,fuzzy_late,rdrobust,selected_bc_primary,cr2 cluster_dist,1,2,triangular,manual,.005,.005,.0049999999,.0089999996,.0089999996,100,389,27,15,36,-1.206978252664111,-.44647324,5.8261499,.93891579,-11.865518,10.97257,23.83627863945784,5.3683963,-.0831669666559673,-2.2102535,2.0439196,.9603926634595041,1.0188134,.14417627,49.934612,,,0,1,.9389157891273499
P04,share_age_15_29_2017,Residents age 15-29,demography,primary,primary_2017_ccpp,4,fixed_h_010,fuzzy_late,rdrobust,selected_bc_primary,cr2 cluster_dist,1,2,triangular,manual,.01,.01,.0099999998,.017999999,.017999999,100,389,55,30,53,-4.168244044129963,-5.3690705,4.7960663,.26293805,-14.769187,4.0310464,22.19652047211474,6.3758683,-.8420923995099482,-2.3164196,.63223487,.759481920404236,.8703348,.1716342,25.713728,,,0,1,.4207008838653565
P04,share_age_15_29_2017,Residents age 15-29,demography,primary,primary_2017_ccpp,4,outcome_cerrd_fuzzy,fuzzy_late,rdrobust,selected_bc_primary,cr2 cluster_dist,1,2,triangular,cerrd,,.0057720827830826,.0057720826,.014300385,.014300385,100,389,33,15,39,-1.981923116769565,-2.0498831,5.3142052,.69969177,-12.465533,8.3657675,23.80019263787703,5.0998921,-.4019463759408946,-2.4442739,1.6403812,.941808356030173,.99991322,.14798078,45.657696,,,0,1,.9475012421607971
P04,share_age_15_29_2017,Residents age 15-29,demography,primary,primary_2017_ccpp,4,outcome_mserd_fuzzy,fuzzy_late,rdrobust,selected_bc_primary,cr2 cluster_dist,1,2,triangular,mserd,,.0074203558112965,.0074203559,.014300385,.014300385,100,389,39,20,43,-2.433044899269053,-2.5985181,4.6310744,.5747261,-11.675257,6.4782209,23.1540879377952,4.9938841,-.5203400553440786,-2.3379111,1.297231,.9711211369904064,1.1078573,.15041541,54.24791,,,0,1,.902596652507782
P04,share_age_15_29_2017,Residents age 15-29,demography,primary,primary_2017_ccpp,4,outcome_mserd_p2,fuzzy_late,rdrobust,selected_bc_primary,cr2 cluster_dist,2,3,triangular,mserd,,.0114839387067676,.011483938,.018434001,.018434001,100,389,58,34,55,-1.802681845646808,-1.477821,4.3441558,.73371649,-9.9922094,7.0365677,22.19279145115408,6.2079191,-.2380541514481831,-1.6095908,1.1334825,1.170271474378412,1.2671258,.16888173,56.295567,,,0,1,.9329561591148376
P04,share_age_15_29_2017,Residents age 15-29,demography,primary,primary_2017_ccpp,4,parametric_common_h,parametric_late,ivreg2,selected_bc_primary,cr1 cluster_dist,1,2,triangular,manual,.0075,.0075,.0074999998,.0135,.0135,100,60,,,43,-2.482588481795948,-2.4825885,3.7157569,.50405407,-9.7654724,4.8002949,23.1540879377952,4.9938841,-.4971257523111681,-1.9554862,.96123475,,,,54.916054,.5232428586052036,.55771154,0,1,.8064865112304688
P04,share_age_15_29_2017,Residents age 15-29,demography,primary,primary_2017_ccpp,4,parametric_covariates,parametric_late,ivreg2,selected_bc_primary,cr1 cluster_dist,1,2,triangular,manual,.0075,.0075,.0074999998,.0135,.0135,100,59,,,42,-3.003837892277428,-3.0038378,3.7251086,.42002612,-10.305051,4.2973747,23.25121952514899,5.0234461,-.5979635774757526,-2.0513906,.85546345,,,,38.693413,.4503649689143329,.50130028,0,1,.5692094167073567
P05,cpv2017_share_secondary_age14,Secondary education or higher,human_capital,primary,primary_2017_ccpp,5,common_h_covariates,fuzzy_late,rdrobust,selected_bc_primary,cr2 cluster_dist,1,2,triangular,manual,,.0075,.0074999998,.0135,.0135,100,387,38,21,42,5.421523889116667,5.4394736,6.3877282,.3944636,-7.0802436,17.95919,46.45642210778437,12.926011,.4208160937180481,-.54775161,1.3893838,1.006181887088412,1.1763285,.16159748,52.9893,,,0,1,.7350749969482422
P05,cpv2017_share_secondary_age14,Secondary education or higher,human_capital,primary,primary_2017_ccpp,5,common_h_cr1,fuzzy_late,rdrobust,selected_bc_primary,cr1 cluster_dist,1,2,triangular,manual,,.0075,.0074999998,.0135,.0135,100,389,39,21,43,3.350344725167469,2.8154752,7.5283208,.70841587,-11.939763,17.570713,46.14184808272582,12.9052,.2181659586487394,-.92519003,1.361522,.9714321836881734,1.1317203,.1514686,55.825539,,,0,1,.8701264262199402
P05,cpv2017_share_secondary_age14,Secondary education or higher,human_capital,primary,primary_2017_ccpp,5,common_h_cr3,fuzzy_late,rdrobust,selected_bc_primary,cr3 cluster_dist,1,2,triangular,manual,,.0075,.0074999998,.0135,.0135,100,389,39,21,43,3.350344725167469,2.8154752,8.0624905,.72693419,-12.986715,18.617666,46.14184808272582,12.9052,.2181659586487394,-1.0063165,1.4426484,.9714321836881734,1.1317203,.15917987,50.547764,,,0,1,.8804990649223328
P05,cpv2017_share_secondary_age14,Secondary education or higher,human_capital,primary,primary_2017_ccpp,5,common_h_epanechnikov,fuzzy_late,rdrobust,selected_bc_primary,cr2 cluster_dist,1,2,epanechnikov,manual,,.0075,.0074999998,.0135,.0135,100,389,39,21,43,3.057103057346572,2.1109991,7.7940345,.7865079,-13.165028,17.387026,46.14184808272582,12.9052,.1635774096880877,-1.0201336,1.3472884,.9726169986653286,1.1606061,.16655929,48.554775,,,0,1,.8601359128952026
P05,cpv2017_share_secondary_age14,Secondary education or higher,human_capital,primary,primary_2017_ccpp,5,common_h_fuzzy,fuzzy_late,rdrobust,selected_bc_primary,cr2 cluster_dist,1,2,triangular,manual,,.0075,.0074999998,.0135,.0135,100,389,39,21,43,3.350344725167469,2.8154752,7.6664848,.71343654,-12.210559,17.841511,46.14184808272582,12.9052,.2181659586487394,-.94617355,1.3825055,.9714321836881734,1.1317203,.15223683,55.263542,,,0,1,.8730552792549133
P05,cpv2017_share_secondary_age14,Secondary education or higher,human_capital,primary,primary_2017_ccpp,5,common_h_hc3,fuzzy_late,rdrobust,selected_bc_primary,hc3,1,2,triangular,manual,,.0075,.0074999998,.0135,.0135,100,389,39,21,43,3.350344725167469,2.8154752,7.5243053,.70826739,-11.931892,17.562843,46.14184808272582,12.9052,.2181659586487394,-.92458022,1.3609121,.9714321836881734,1.1317203,.16274564,48.357014,,,0,1,.8796135187149048
P05,cpv2017_share_secondary_age14,Secondary education or higher,human_capital,primary,primary_2017_ccpp,5,common_h_nn,fuzzy_late,rdrobust,selected_bc_primary,nn 3,1,2,triangular,manual,,.0075,.0074999998,.0135,.0135,100,389,39,21,43,3.350344725167469,2.8154752,7.7847304,.71760136,-12.442316,18.073267,46.14184808272582,12.9052,.2181659586487394,-.96413201,1.4004639,.9714321836881734,1.1317203,.15654494,52.263702,,,0,1,.8778420090675354
P05,cpv2017_share_secondary_age14,Secondary education or higher,human_capital,primary,primary_2017_ccpp,5,common_h_reduced_form,reduced_form,rdrobust,selected_bc_primary,cr2 cluster_dist,1,2,triangular,manual,,.0075,.0074999998,.0135,.0135,100,389,39,21,43,3.254632692477588,3.2720637,7.4471445,.66039228,-11.324072,17.868198,46.14184808272582,12.9052,.2535461475758523,-.87748128,1.3845736,,,,,,,0,1,.8468150496482849
P05,cpv2017_share_secondary_age14,Secondary education or higher,human_capital,primary,primary_2017_ccpp,5,common_h_uniform,fuzzy_late,rdrobust,selected_bc_primary,cr2 cluster_dist,1,2,uniform,manual,,.0075,.0074999998,.0135,.0135,100,389,39,21,43,1.025883948457768,-1.1467947,7.7420516,.88224381,-16.320938,14.027348,46.14184808272582,12.9052,-.088862993933237,-1.2646792,1.0869532,.9750734672899135,1.1664108,.18683174,38.976406,,,0,1,.9984037280082703
P05,cpv2017_share_secondary_age14,Secondary education or higher,human_capital,primary,primary_2017_ccpp,5,donut_005,fuzzy_late,rdrobust,selected_bc_primary,cr2 cluster_dist,1,2,triangular,manual,.00005,.0075,.0074999998,.0135,.0135,100,389,39,21,43,3.350344725167469,2.8154752,7.6664848,.71343654,-12.210559,17.841511,46.14184808272582,12.9052,.2181659586487394,-.94617355,1.3825055,.9714321836881734,1.1317203,.15223683,55.263542,,,0,1,.8730552792549133
P05,cpv2017_share_secondary_age14,Secondary education or higher,human_capital,primary,primary_2017_ccpp,5,donut_025,fuzzy_late,rdrobust,selected_bc_primary,cr2 cluster_dist,1,2,triangular,manual,.00025,.0075,.0074999998,.0135,.0135,100,388,39,20,42,3.697168064764552,2.9197679,8.6506701,.73572552,-14.035234,19.874769,46.14184808272582,12.9052,.2262473860982051,-1.0875642,1.5400591,.9727822049698112,1.1722729,.18833548,38.742996,,,0,1,.9706161618232727
P05,cpv2017_share_secondary_age14,Secondary education or higher,human_capital,primary,primary_2017_ccpp,5,fixed_h_005,fuzzy_late,rdrobust,selected_bc_primary,cr2 cluster_dist,1,2,triangular,manual,.005,.005,.0049999999,.0089999996,.0089999996,100,389,27,15,36,4.704710876975754,5.6257105,8.7778826,.52159023,-11.578623,22.830044,46.16092382757752,13.585471,.4140975519190996,-.85227984,1.6804749,.9603926634595041,1.0188134,.14417627,49.934612,,,0,1,.6954536437988281
P05,cpv2017_share_secondary_age14,Secondary education or higher,human_capital,primary,primary_2017_ccpp,5,fixed_h_010,fuzzy_late,rdrobust,selected_bc_primary,cr2 cluster_dist,1,2,triangular,manual,.01,.01,.0099999998,.017999999,.017999999,100,389,55,30,53,.7262799448030161,.69150698,9.0737238,.93925214,-17.092665,18.475677,45.78766280954535,13.753066,.0502802081174333,-1.2428257,1.3433862,.759481920404236,.8703348,.1716342,25.713728,,,0,1,.9392521381378174
P05,cpv2017_share_secondary_age14,Secondary education or higher,human_capital,primary,primary_2017_ccpp,5,outcome_cerrd_fuzzy,fuzzy_late,rdrobust,selected_bc_primary,cr2 cluster_dist,1,2,triangular,cerrd,,.0121880567787829,.012188056,.022996601,.022996601,100,389,59,34,55,1.314436098534197,.96931577,10.246388,.92463195,-19.113237,21.051868,45.35130333092253,13.388064,.0724014855599278,-1.4276326,1.5724355,.6379047790256291,.68537164,.18284251,14.0507,,,0,1,.9475012421607971
P05,cpv2017_share_secondary_age14,Secondary education or higher,human_capital,primary,primary_2017_ccpp,5,outcome_mserd_fuzzy,fuzzy_late,rdrobust,selected_bc_primary,cr2 cluster_dist,1,2,triangular,mserd,,.0156684720828889,.015668472,.022996601,.022996601,100,389,80,41,68,2.781553252599891,1.8976657,12.088991,.87526476,-21.796322,25.591652,46.548194848001,12.392496,.1531302253956103,-1.7588322,2.0650926,.5257587055919131,.59345126,.18395193,10.407859,,,0,1,.902596652507782
P05,cpv2017_share_secondary_age14,Secondary education or higher,human_capital,primary,primary_2017_ccpp,5,outcome_mserd_p2,fuzzy_late,rdrobust,selected_bc_primary,cr2 cluster_dist,2,3,triangular,mserd,,.0139538279322228,.013953828,.021966292,.021966292,100,389,67,37,61,.9879766172426616,1.1075572,7.3363876,.88000125,-13.271498,15.486612,45.71930579285123,13.203779,.0838818334013648,-1.0051287,1.1728925,1.046990926376732,1.1592624,.15972327,52.677742,,,0,1,.9329561591148376
P05,cpv2017_share_secondary_age14,Secondary education or higher,human_capital,primary,primary_2017_ccpp,5,parametric_common_h,parametric_late,ivreg2,selected_bc_primary,cr1 cluster_dist,1,2,triangular,manual,.0075,.0075,.0074999998,.0135,.0135,100,60,,,43,3.350344725167415,3.3503447,6.7198739,.61808056,-9.8206081,16.521297,46.14184808272582,12.9052,.2596119953974944,-.76098073,1.2802048,,,,54.916054,.6330320230321123,.6441288,0,1,.8077120780944824
P05,cpv2017_share_secondary_age14,Secondary education or higher,human_capital,primary,primary_2017_ccpp,5,parametric_covariates,parametric_late,ivreg2,selected_bc_primary,cr1 cluster_dist,1,2,triangular,manual,.0075,.0075,.0074999998,.0135,.0135,100,59,,,42,5.421523889117053,5.421524,6.3168163,.39074427,-6.9594359,17.802485,46.45642210778437,12.926011,.4194274551077334,-.53840554,1.3772604,,,,38.693413,.4280310083319551,.45249051,0,1,.5692094167073567
P06,cpv2017_share_employed_age14,Employed residents,labor,primary,primary_2017_ccpp,6,common_h_covariates,fuzzy_late,rdrobust,selected_bc_primary,cr2 cluster_dist,1,2,triangular,manual,,.0075,.0074999998,.0135,.0135,100,387,38,21,42,-17.70504367993203,-16.32189,7.2231197,.023841532,-30.478945,-2.1648366,47.28406901030164,14.955379,-1.091372585302518,-2.0379922,-.14475304,1.006181887088412,1.1763285,.16159748,52.9893,,,0,.1907322555780411,.1907322555780411
P06,cpv2017_share_employed_age14,Employed residents,labor,primary,primary_2017_ccpp,6,common_h_cr1,fuzzy_late,rdrobust,selected_bc_primary,cr1 cluster_dist,1,2,triangular,manual,,.0075,.0074999998,.0135,.0135,100,389,39,21,43,-15.29605851270224,-14.026278,7.2784758,.053968403,-28.291828,.23927185,46.97018867501846,14.8869,-.9421893090997128,-1.9004513,.016072644,.9714321836881734,1.1317203,.1514686,55.825539,,,0,.4317472279071808,.4317472279071808
P06,cpv2017_share_employed_age14,Employed residents,labor,primary,primary_2017_ccpp,6,common_h_cr3,fuzzy_late,rdrobust,selected_bc_primary,cr3 cluster_dist,1,2,triangular,manual,,.0075,.0074999998,.0135,.0135,100,389,39,21,43,-15.29605851270224,-14.026278,7.8104477,.072520703,-29.334475,1.2819179,46.97018867501846,14.8869,-.9421893090997128,-1.9704891,.086110473,.9714321836881734,1.1317203,.15917987,50.547764,,,0,.5801656246185303,.5801656246185303
P06,cpv2017_share_employed_age14,Employed residents,labor,primary,primary_2017_ccpp,6,common_h_epanechnikov,fuzzy_late,rdrobust,selected_bc_primary,cr2 cluster_dist,1,2,epanechnikov,manual,,.0075,.0074999998,.0135,.0135,100,389,39,21,43,-15.09112677599057,-13.829935,7.7376728,.073880829,-28.995495,1.3356254,46.97018867501846,14.8869,-.9290002989917984,-1.9477187,.08971817,.9726169986653286,1.1606061,.16655929,48.554775,,,0,.5910466313362122,.5910466313362122
P06,cpv2017_share_employed_age14,Employed residents,labor,primary,primary_2017_ccpp,6,common_h_fuzzy,fuzzy_late,rdrobust,selected_bc_primary,cr2 cluster_dist,1,2,triangular,manual,,.0075,.0074999998,.0135,.0135,100,389,39,21,43,-15.29605851270224,-14.026278,7.4105778,.058392797,-28.550745,.49818766,46.97018867501846,14.8869,-.9421893090997128,-1.9178435,.033464834,.9714321836881734,1.1317203,.15223683,55.263542,,,0,.4671423733234406,.4671423733234406
P06,cpv2017_share_employed_age14,Employed residents,labor,primary,primary_2017_ccpp,6,common_h_hc3,fuzzy_late,rdrobust,selected_bc_primary,hc3,1,2,triangular,manual,,.0075,.0074999998,.0135,.0135,100,389,39,21,43,-15.29605851270224,-14.026278,7.4080086,.058305513,-28.54571,.49315211,46.97018867501846,14.8869,-.9421893090997128,-1.9175051,.033126581,.9714321836881734,1.1317203,.16274564,48.357014,,,0,.4664441049098969,.4664441049098969
P06,cpv2017_share_employed_age14,Employed residents,labor,primary,primary_2017_ccpp,6,common_h_nn,fuzzy_late,rdrobust,selected_bc_primary,nn 3,1,2,triangular,manual,,.0075,.0074999998,.0135,.0135,100,389,39,21,43,-15.29605851270224,-14.026278,6.7455697,.037586849,-27.247351,-.80520499,46.97018867501846,14.8869,-.9421893090997128,-1.8302904,-.054088157,.9714321836881734,1.1317203,.15654494,52.263702,,,0,.3006947934627533,.3006947934627533
P06,cpv2017_share_employed_age14,Employed residents,labor,primary,primary_2017_ccpp,6,common_h_reduced_form,reduced_form,rdrobust,selected_bc_primary,cr2 cluster_dist,1,2,triangular,manual,,.0075,.0074999998,.0135,.0135,100,389,39,21,43,-14.85908352281641,-16.077354,7.2673764,.026948433,-30.32115,-1.8335587,46.97018867501846,14.8869,-1.079966549829411,-2.0367672,-.12316591,,,,,,,0,.2155874669551849,.2155874669551849
P06,cpv2017_share_employed_age14,Employed residents,labor,primary,primary_2017_ccpp,6,common_h_uniform,fuzzy_late,rdrobust,selected_bc_primary,cr2 cluster_dist,1,2,uniform,manual,,.0075,.0074999998,.0135,.0135,100,389,39,21,43,-17.37100144240853,-14.776778,8.4234428,.079388626,-31.286423,1.7328665,46.97018867501846,14.8869,-.9926027669178777,-2.1016076,.1164021,.9750734672899135,1.1664108,.18683174,38.976406,,,0,.635109007358551,.5386037826538086
P06,cpv2017_share_employed_age14,Employed residents,labor,primary,primary_2017_ccpp,6,donut_005,fuzzy_late,rdrobust,selected_bc_primary,cr2 cluster_dist,1,2,triangular,manual,.00005,.0075,.0074999998,.0135,.0135,100,389,39,21,43,-15.29605851270224,-14.026278,7.4105778,.058392797,-28.550745,.49818766,46.97018867501846,14.8869,-.9421893090997128,-1.9178435,.033464834,.9714321836881734,1.1317203,.15223683,55.263542,,,0,.4671423733234406,.4671423733234406
P06,cpv2017_share_employed_age14,Employed residents,labor,primary,primary_2017_ccpp,6,donut_025,fuzzy_late,rdrobust,selected_bc_primary,cr2 cluster_dist,1,2,triangular,manual,.00025,.0075,.0074999998,.0135,.0135,100,388,39,20,42,-14.94971042600592,-13.855316,8.6861305,.1106881,-30.87982,3.1691873,46.97018867501846,14.8869,-.9307052566147452,-2.0742948,.21288429,.9727822049698112,1.1722729,.18833548,38.742996,,,0,.8855047821998596,.8855047821998596
P06,cpv2017_share_employed_age14,Employed residents,labor,primary,primary_2017_ccpp,6,fixed_h_005,fuzzy_late,rdrobust,selected_bc_primary,cr2 cluster_dist,1,2,triangular,manual,.005,.005,.0049999999,.0089999996,.0089999996,100,389,27,15,36,-16.37470880103432,-15.542606,8.4162655,.064785667,-32.038185,.95297158,46.89052885881177,16.08452,-.9663083362742899,-1.9918644,.059247747,.9603926634595041,1.0188134,.14417627,49.934612,,,0,.4534996673464775,.2302185297012329
P06,cpv2017_share_employed_age14,Employed residents,labor,primary,primary_2017_ccpp,6,fixed_h_010,fuzzy_late,rdrobust,selected_bc_primary,cr2 cluster_dist,1,2,triangular,manual,.01,.01,.0099999998,.017999999,.017999999,100,389,55,30,53,-18.54817909273715,-17.177099,8.7787066,.05038536,-34.383049,.028848393,47.5471517579122,15.296718,-1.122927112780756,-2.24774,.0018859204,.759481920404236,.8703348,.1716342,25.713728,,,0,.4030828773975372,.4030828773975372
P06,cpv2017_share_employed_age14,Employed residents,labor,primary,primary_2017_ccpp,6,outcome_cerrd_fuzzy,fuzzy_late,rdrobust,selected_bc_primary,cr2 cluster_dist,1,2,triangular,cerrd,,.0106606621868041,.010660662,.021098543,.021098543,100,389,57,31,53,-19.23103569754075,-19.417196,9.1963272,.034737282,-37.441666,-1.3927261,46.78851226181315,15.563821,-1.247585378708888,-2.4056859,-.089484841,.71008482596319,.77232516,.17795219,18.836218,,,0,.2778982520103455,.2047296911478043
P06,cpv2017_share_employed_age14,Employed residents,labor,primary,primary_2017_ccpp,6,outcome_mserd_fuzzy,fuzzy_late,rdrobust,selected_bc_primary,cr2 cluster_dist,1,2,triangular,mserd,,.0137049154669042,.013704916,.021098543,.021098543,100,389,67,37,61,-21.86742228843865,-21.732859,11.123637,.050730214,-43.534786,.069068044,45.67883142562054,15.509052,-1.401301566213156,-2.8070564,.004453402,.5899415480810246,.67442524,.18352485,13.504481,,,0,.4058417081832886,.4058417081832886
P06,cpv2017_share_employed_age14,Employed residents,labor,primary,primary_2017_ccpp,6,outcome_mserd_p2,fuzzy_late,rdrobust,selected_bc_primary,cr2 cluster_dist,2,3,triangular,mserd,,.0137033071235199,.013703307,.021240899,.021240899,100,389,67,37,61,-15.49842487677024,-13.437729,7.0828304,.057798143,-27.31982,.44436386,45.67883142562054,15.509052,-.8664442080533273,-1.7615403,.028651902,1.059892756685831,1.1768107,.16202243,52.754925,,,0,.4623851478099823,.4623851478099823
P06,cpv2017_share_employed_age14,Employed residents,labor,primary,primary_2017_ccpp,6,parametric_common_h,parametric_late,ivreg2,selected_bc_primary,cr1 cluster_dist,1,2,triangular,manual,.0075,.0075,.0074999998,.0135,.0135,100,60,,,43,-15.29605851270218,-15.296059,6.2120748,.013804498,-27.471725,-3.1203923,46.97018867501846,14.8869,-1.027484447966178,-1.8453623,-.20960657,,,,54.916054,.0255407072378796,.037007403,0,.1104359850287437,.1104359850287437
P06,cpv2017_share_employed_age14,Employed residents,labor,primary,primary_2017_ccpp,6,parametric_covariates,parametric_late,ivreg2,selected_bc_primary,cr1 cluster_dist,1,2,triangular,manual,.0075,.0075,.0074999998,.0135,.0135,100,59,,,42,-17.70504367993181,-17.705044,6.3992863,.0056623067,-30.247644,-5.1624432,47.28406901030164,14.955379,-1.18385789873703,-2.022526,-.34518972,,,,38.693413,.011080773690418,.025005002,0,.0452984534204006,.0452984534204006
P07,cpv2017_share_insured,Residents with health insurance,health,primary,primary_2017_ccpp,7,common_h_covariates,fuzzy_late,rdrobust,selected_bc_primary,cr2 cluster_dist,1,2,triangular,manual,,.0075,.0074999998,.0135,.0135,100,387,38,21,42,.2308521733879809,.31973666,3.5270264,.92776805,-6.5931082,7.2325816,90.15759621795854,6.5256214,.0489971214325723,-1.0103419,1.1083361,1.006181887088412,1.1763285,.16159748,52.9893,,,0,1,.9277680516242981
P07,cpv2017_share_insured,Residents with health insurance,health,primary,primary_2017_ccpp,7,common_h_cr1,fuzzy_late,rdrobust,selected_bc_primary,cr1 cluster_dist,1,2,triangular,manual,,.0075,.0074999998,.0135,.0135,100,389,39,21,43,.8281635273303932,1.0408807,3.5171645,.76727349,-5.8526349,7.9343963,90.20346066890619,6.4455523,.1614882087751452,-.90801138,1.2309878,.9714321836881734,1.1317203,.1514686,55.825539,,,0,1,.8701264262199402
P07,cpv2017_share_insured,Residents with health insurance,health,primary,primary_2017_ccpp,7,common_h_cr3,fuzzy_late,rdrobust,selected_bc_primary,cr3 cluster_dist,1,2,triangular,manual,,.0075,.0074999998,.0135,.0135,100,389,39,21,43,.8281635273303932,1.0408807,3.8122272,.78482443,-6.4309473,8.5127087,90.20346066890619,6.4455523,.1614882087751452,-.99773407,1.3207105,.9714321836881734,1.1317203,.15917987,50.547764,,,0,1,.8804990649223328
P07,cpv2017_share_insured,Residents with health insurance,health,primary,primary_2017_ccpp,7,common_h_epanechnikov,fuzzy_late,rdrobust,selected_bc_primary,cr2 cluster_dist,1,2,epanechnikov,manual,,.0075,.0074999998,.0135,.0135,100,389,39,21,43,.3853393291559937,.62727416,3.5599885,.86013591,-6.3501749,7.6047235,90.20346066890619,6.4455523,.0973189123015756,-.98520261,1.1798404,.9726169986653286,1.1606061,.16655929,48.554775,,,0,1,.8601359128952026
P07,cpv2017_share_insured,Residents with health insurance,health,primary,primary_2017_ccpp,7,common_h_fuzzy,fuzzy_late,rdrobust,selected_bc_primary,cr2 cluster_dist,1,2,triangular,manual,,.0075,.0074999998,.0135,.0135,100,389,39,21,43,.8281635273303932,1.0408807,3.6018391,.77259219,-6.0185938,8.1003551,90.20346066890619,6.4455523,.1614882087751452,-.93375921,1.2567357,.9714321836881734,1.1317203,.15223683,55.263542,,,0,1,.8730552792549133
P07,cpv2017_share_insured,Residents with health insurance,health,primary,primary_2017_ccpp,7,common_h_hc3,fuzzy_late,rdrobust,selected_bc_primary,hc3,1,2,triangular,manual,,.0075,.0074999998,.0135,.0135,100,389,39,21,43,.8281635273303932,1.0408807,3.7767267,.78285229,-6.3613677,8.4431295,90.20346066890619,6.4455523,.1614882087751452,-.98693913,1.3099155,.9714321836881734,1.1317203,.16274564,48.357014,,,0,1,.8796135187149048
P07,cpv2017_share_insured,Residents with health insurance,health,primary,primary_2017_ccpp,7,common_h_nn,fuzzy_late,rdrobust,selected_bc_primary,nn 3,1,2,triangular,manual,,.0075,.0074999998,.0135,.0135,100,389,39,21,43,.8281635273303932,1.0408807,3.754097,.7815764,-6.3170142,8.3987751,90.20346066890619,6.4455523,.1614882087751452,-.98005784,1.3030342,.9714321836881734,1.1317203,.15654494,52.263702,,,0,1,.8778420090675354
P07,cpv2017_share_insured,Residents with health insurance,health,primary,primary_2017_ccpp,7,common_h_reduced_form,reduced_form,rdrobust,selected_bc_primary,cr2 cluster_dist,1,2,triangular,manual,,.0075,.0074999998,.0135,.0135,100,389,39,21,43,.8045047038054642,1.1438898,3.4929771,.74330276,-5.70222,7.9899993,90.20346066890619,6.4455523,.177469627200364,-.88467509,1.2396144,,,,,,,0,1,.8468150496482849
P07,cpv2017_share_insured,Residents with health insurance,health,primary,primary_2017_ccpp,7,common_h_uniform,fuzzy_late,rdrobust,selected_bc_primary,cr2 cluster_dist,1,2,uniform,manual,,.0075,.0074999998,.0135,.0135,100,389,39,21,43,.3316148276433229,.7253893,3.5431535,.83778322,-6.2190638,7.6698427,90.20346066890619,6.4455523,.1125410612097754,-.96486127,1.1899434,.9750734672899135,1.1664108,.18683174,38.976406,,,0,1,.9984037280082703
P07,cpv2017_share_insured,Residents with health insurance,health,primary,primary_2017_ccpp,7,donut_005,fuzzy_late,rdrobust,selected_bc_primary,cr2 cluster_dist,1,2,triangular,manual,.00005,.0075,.0074999998,.0135,.0135,100,389,39,21,43,.8281635273303932,1.0408807,3.6018391,.77259219,-6.0185938,8.1003551,90.20346066890619,6.4455523,.1614882087751452,-.93375921,1.2567357,.9714321836881734,1.1317203,.15223683,55.263542,,,0,1,.8730552792549133
P07,cpv2017_share_insured,Residents with health insurance,health,primary,primary_2017_ccpp,7,donut_025,fuzzy_late,rdrobust,selected_bc_primary,cr2 cluster_dist,1,2,triangular,manual,.00025,.0075,.0074999998,.0135,.0135,100,388,39,20,42,-.0000200949720234,.14052302,3.8148825,.97061616,-7.3365092,7.6175551,90.20346066890619,6.4455523,.0218015476233173,-1.1382282,1.1818312,.9727822049698112,1.1722729,.18833548,38.742996,,,0,1,.9706161618232727
P07,cpv2017_share_insured,Residents with health insurance,health,primary,primary_2017_ccpp,7,fixed_h_005,fuzzy_late,rdrobust,selected_bc_primary,cr2 cluster_dist,1,2,triangular,manual,.005,.005,.0049999999,.0089999996,.0089999996,100,389,27,15,36,2.786250404307669,2.9526923,4.456861,.50764763,-5.7825942,11.687979,89.71975180837843,7.3042011,.4042457658142314,-.79168057,1.6001722,.9603926634595041,1.0188134,.14417627,49.934612,,,0,1,.6954536437988281
P07,cpv2017_share_insured,Residents with health insurance,health,primary,primary_2017_ccpp,7,fixed_h_010,fuzzy_late,rdrobust,selected_bc_primary,cr2 cluster_dist,1,2,triangular,manual,.01,.01,.0099999998,.017999999,.017999999,100,389,55,30,53,1.288842887963075,1.2450719,4.2198954,.76795715,-7.0257707,9.5159149,89.4522563977675,8.7521238,.1422594019114961,-.80275035,1.0872692,.759481920404236,.8703348,.1716342,25.713728,,,0,1,.9392521381378174
P07,cpv2017_share_insured,Residents with health insurance,health,primary,primary_2017_ccpp,7,outcome_cerrd_fuzzy,fuzzy_late,rdrobust,selected_bc_primary,cr2 cluster_dist,1,2,triangular,cerrd,,.0120739394381158,.01207394,.022713061,.022713061,100,389,59,34,55,.8432505570559899,1.286142,4.9289031,.79413974,-8.3743305,10.946614,89.66617624638444,8.554286,.1503505897846128,-.97896314,1.2796643,.6418213153252135,.69139504,.18271761,14.318309,,,0,1,.9475012421607971
P07,cpv2017_share_insured,Residents with health insurance,health,primary,primary_2017_ccpp,7,outcome_mserd_fuzzy,fuzzy_late,rdrobust,selected_bc_primary,cr2 cluster_dist,1,2,triangular,mserd,,.0155217674523747,.015521768,.022713061,.022713061,100,389,79,41,67,.7663556331592786,1.5186074,5.8704901,.79587835,-9.9873419,13.024556,89.87813048724887,8.1815538,.1856135643595742,-1.2207144,1.5919416,.5297144196813202,.60003042,.18419623,10.611702,,,0,1,.902596652507782
P07,cpv2017_share_insured,Residents with health insurance,health,primary,primary_2017_ccpp,7,outcome_mserd_p2,fuzzy_late,rdrobust,selected_bc_primary,cr2 cluster_dist,2,3,triangular,mserd,,.013151527141503,.013151527,.02091717,.02091717,100,389,66,36,60,1.384179877067367,1.1747856,3.4366083,.73246795,-5.560843,7.9104142,89.51219537041403,8.4337883,.1392951350535762,-.65935296,.93794322,1.092514184580885,1.2003899,.16231814,54.690327,,,0,1,.9329561591148376
P07,cpv2017_share_insured,Residents with health insurance,health,primary,primary_2017_ccpp,7,parametric_common_h,parametric_late,ivreg2,selected_bc_primary,cr1 cluster_dist,1,2,triangular,manual,.0075,.0075,.0074999998,.0135,.0135,100,60,,,43,.8281635273304198,.8281635,2.980083,.78108954,-5.0127993,6.669126,90.20346066890619,6.4455523,.1284860427727847,-.77771443,1.0346866,,,,54.916054,.7905681989800583,.81476295,0,1,.8077120780944824
P07,cpv2017_share_insured,Residents with health insurance,health,primary,primary_2017_ccpp,7,parametric_covariates,parametric_late,ivreg2,selected_bc_primary,cr1 cluster_dist,1,2,triangular,manual,.0075,.0075,.0074999998,.0135,.0135,100,59,,,42,.2308521733880994,.23085217,2.580188,.92870754,-4.8263164,5.2880211,90.15759621795854,6.5256214,.0353762753070923,-.73959494,.8103475,,,,38.693413,.9336317140986141,.92918581,0,1,.9287075400352478
P08,wellbeing_core_2017,Core wellbeing proxy,wellbeing,primary,primary_2017_ccpp,8,common_h_covariates,fuzzy_late,rdrobust,selected_bc_primary,cr2 cluster_dist,1,2,triangular,manual,,.0075,.0074999998,.0135,.0135,100,387,38,21,42,1.408107421099144,1.6237019,5.8781204,.78237289,-9.8972025,13.144606,53.80713224827738,9.8281631,.1652090842185168,-1.0070245,1.3374428,1.006181887088412,1.1763285,.16159748,52.9893,,,0,1,.8941404478890554
P08,wellbeing_core_2017,Core wellbeing proxy,wellbeing,primary,primary_2017_ccpp,8,common_h_cr1,fuzzy_late,rdrobust,selected_bc_primary,cr1 cluster_dist,1,2,triangular,manual,,.0075,.0074999998,.0135,.0135,100,389,39,21,43,1.355673251243551,1.1351948,6.9431753,.87012643,-12.473178,14.743567,53.47224562412762,9.9209223,.1144243212672638,-1.25726,1.4861087,.9714321836881734,1.1317203,.1514686,55.825539,,,0,1,.8701264262199402
P08,wellbeing_core_2017,Core wellbeing proxy,wellbeing,primary,primary_2017_ccpp,8,common_h_cr3,fuzzy_late,rdrobust,selected_bc_primary,cr3 cluster_dist,1,2,triangular,manual,,.0075,.0074999998,.0135,.0135,100,389,39,21,43,1.355673251243551,1.1351948,7.5510225,.88049906,-13.664537,15.934927,53.47224562412762,9.9209223,.1144243212672638,-1.3773454,1.6061941,.9714321836881734,1.1317203,.15917987,50.547764,,,0,1,.8804990649223328
P08,wellbeing_core_2017,Core wellbeing proxy,wellbeing,primary,primary_2017_ccpp,8,common_h_epanechnikov,fuzzy_late,rdrobust,selected_bc_primary,cr2 cluster_dist,1,2,epanechnikov,manual,,.0075,.0074999998,.0135,.0135,100,389,39,21,43,2.052861922999687,1.6558906,6.9336176,.81124473,-11.93375,15.245532,53.47224562412762,9.9209223,.1669089437625186,-1.2028872,1.5367051,.9726169986653286,1.1606061,.16655929,48.554775,,,0,1,.8601359128952026
P08,wellbeing_core_2017,Core wellbeing proxy,wellbeing,primary,primary_2017_ccpp,8,common_h_fuzzy,fuzzy_late,rdrobust,selected_bc_primary,cr2 cluster_dist,1,2,triangular,manual,,.0075,.0074999998,.0135,.0135,100,389,39,21,43,1.355673251243551,1.1351948,7.1047854,.87305528,-12.789929,15.060319,53.47224562412762,9.9209223,.1144243212672638,-1.2891876,1.5180361,.9714321836881734,1.1317203,.15223683,55.263542,,,0,1,.8730552792549133
P08,wellbeing_core_2017,Core wellbeing proxy,wellbeing,primary,primary_2017_ccpp,8,common_h_hc3,fuzzy_late,rdrobust,selected_bc_primary,hc3,1,2,triangular,manual,,.0075,.0074999998,.0135,.0135,100,389,39,21,43,1.355673251243551,1.1351948,7.4950538,.87961352,-13.55484,15.82523,53.47224562412762,9.9209223,.1144243212672638,-1.3662884,1.595137,.9714321836881734,1.1317203,.16274564,48.357014,,,0,1,.8796135187149048
P08,wellbeing_core_2017,Core wellbeing proxy,wellbeing,primary,primary_2017_ccpp,8,common_h_nn,fuzzy_late,rdrobust,selected_bc_primary,nn 3,1,2,triangular,manual,,.0075,.0074999998,.0135,.0135,100,389,39,21,43,1.355673251243551,1.1351948,7.3855214,.87784201,-13.340161,15.610551,53.47224562412762,9.9209223,.1144243212672638,-1.3446493,1.573498,.9714321836881734,1.1317203,.15654494,52.263702,,,0,1,.8778420090675354
P08,wellbeing_core_2017,Core wellbeing proxy,wellbeing,primary,primary_2017_ccpp,8,common_h_reduced_form,reduced_form,rdrobust,selected_bc_primary,cr2 cluster_dist,1,2,triangular,manual,,.0075,.0074999998,.0135,.0135,100,389,39,21,43,1.316944626823169,1.320063,6.8331995,.84681505,-12.072762,14.712888,53.47224562412762,9.9209223,.1330585020936407,-1.2168992,1.4830161,,,,,,,0,1,.8468150496482849
P08,wellbeing_core_2017,Core wellbeing proxy,wellbeing,primary,primary_2017_ccpp,8,common_h_uniform,fuzzy_late,rdrobust,selected_bc_primary,cr2 cluster_dist,1,2,uniform,manual,,.0075,.0074999998,.0135,.0135,100,389,39,21,43,1.420275548982936,.012411504,6.2036963,.99840373,-12.146609,12.171432,53.47224562412762,9.9209223,.0012510434031282,-1.2243428,1.2268449,.9750734672899135,1.1664108,.18683174,38.976406,,,0,1,.9984037280082703
P08,wellbeing_core_2017,Core wellbeing proxy,wellbeing,primary,primary_2017_ccpp,8,donut_005,fuzzy_late,rdrobust,selected_bc_primary,cr2 cluster_dist,1,2,triangular,manual,.00005,.0075,.0074999998,.0135,.0135,100,389,39,21,43,1.355673251243551,1.1351948,7.1047854,.87305528,-12.789929,15.060319,53.47224562412762,9.9209223,.1144243212672638,-1.2891876,1.5180361,.9714321836881734,1.1317203,.15223683,55.263542,,,0,1,.8730552792549133
P08,wellbeing_core_2017,Core wellbeing proxy,wellbeing,primary,primary_2017_ccpp,8,donut_025,fuzzy_late,rdrobust,selected_bc_primary,cr2 cluster_dist,1,2,triangular,manual,.00025,.0075,.0074999998,.0135,.0135,100,388,39,20,42,1.396459617560983,1.1141009,8.8167391,.89944535,-16.166389,18.394592,53.47224562412762,9.9209223,.1122981202317306,-1.6295249,1.8541212,.9727822049698112,1.1722729,.18833548,38.742996,,,0,1,.9706161618232727
P08,wellbeing_core_2017,Core wellbeing proxy,wellbeing,primary,primary_2017_ccpp,8,fixed_h_005,fuzzy_late,rdrobust,selected_bc_primary,cr2 cluster_dist,1,2,triangular,manual,.005,.005,.0049999999,.0089999996,.0089999996,100,389,27,15,36,-1.675416387985422,-1.9493562,8.5080853,.81877714,-18.624897,14.726185,52.71014617121013,10.777468,-.1808733037492776,-1.728133,1.3663864,.9603926634595041,1.0188134,.14417627,49.934612,,,0,1,.9357453073774065
P08,wellbeing_core_2017,Core wellbeing proxy,wellbeing,primary,primary_2017_ccpp,8,fixed_h_010,fuzzy_late,rdrobust,selected_bc_primary,cr2 cluster_dist,1,2,triangular,manual,.01,.01,.0099999998,.017999999,.017999999,100,389,55,30,53,.1882349481625979,1.3348765,7.5034962,.85880107,-13.371706,16.041458,54.28242846420055,10.302059,.1295737510934812,-1.2979643,1.5571119,.759481920404236,.8703348,.1716342,25.713728,,,0,1,.9392521381378174
P08,wellbeing_core_2017,Core wellbeing proxy,wellbeing,primary,primary_2017_ccpp,8,outcome_cerrd_fuzzy,fuzzy_late,rdrobust,selected_bc_primary,cr2 cluster_dist,1,2,triangular,cerrd,,.0056176559681859,.0056176558,.013790349,.013790349,100,389,31,15,39,-.4837801353251693,-.52620947,7.9916401,.94750124,-16.189537,15.137117,53.04572595927603,10.510873,-.0500633484203352,-1.5402657,1.4401389,.9411873968461776,1.0016847,.14836089,45.585121,,,0,1,.9475012421607971
P08,wellbeing_core_2017,Core wellbeing proxy,wellbeing,primary,primary_2017_ccpp,8,outcome_mserd_fuzzy,fuzzy_late,rdrobust,selected_bc_primary,cr2 cluster_dist,1,2,triangular,mserd,,.0072218309535627,.007221831,.013790349,.013790349,100,389,39,19,43,1.078261370824764,.87799478,7.1742277,.90259665,-13.183233,14.939223,53.47224562412762,9.9209223,.0884993115709323,-1.3288314,1.50583,.9693072658017263,1.1012433,.15179701,52.630821,,,0,1,.902596652507782
P08,wellbeing_core_2017,Core wellbeing proxy,wellbeing,primary,primary_2017_ccpp,8,outcome_mserd_p2,fuzzy_late,rdrobust,selected_bc_primary,cr2 cluster_dist,2,3,triangular,mserd,,.0149971306504118,.01499713,.023033313,.023033313,100,389,74,40,65,-.0465418895907939,.55344081,6.5787044,.93295616,-12.340583,13.447464,55.22573780760115,10.309656,.0536817875267115,-1.1969926,1.3043562,.989958987709635,1.1004577,.16234913,45.945896,,,0,1,.9329561591148376
P08,wellbeing_core_2017,Core wellbeing proxy,wellbeing,primary,primary_2017_ccpp,8,parametric_common_h,parametric_late,ivreg2,selected_bc_primary,cr1 cluster_dist,1,2,triangular,manual,.0075,.0075,.0074999998,.0135,.0135,100,60,,,43,1.355673251243647,1.3556732,5.5702229,.80771208,-9.5619631,12.27331,53.47224562412762,9.9209223,.1366479081441295,-.96381801,1.2371138,,,,54.916054,.8137777316880335,.80936188,0,1,.8077120780944824
P08,wellbeing_core_2017,Core wellbeing proxy,wellbeing,primary,primary_2017_ccpp,8,parametric_covariates,parametric_late,ivreg2,selected_bc_primary,cr1 cluster_dist,1,2,triangular,manual,.0075,.0075,.0074999998,.0135,.0135,100,59,,,42,1.408107421099497,1.4081074,4.4062734,.74929523,-7.228188,10.044403,53.80713224827738,9.8281631,.1432726897241601,-.73545665,1.022002,,,,38.693413,.7647202938903279,.77435488,0,1,.8563374110630579
S01,cpv2017_mean_age,Mean age,demography,secondary,demography_2017_ccpp,9,common_h_fuzzy,fuzzy_late,rdrobust,selected_bc_linked,cr2 cluster_dist,1,2,triangular,manual,,.0075,.0074999998,.0135,.0135,1,423,41,22,44,3.523393500619048,3.2537735,5.0194335,.51683289,-6.584136,13.091682,36.37549716670339,6.3463593,.5126991992241332,-1.0374665,2.062865,.8360431990167221,.96453828,.21611348,19.919352,,,0,1,.7223622322082519
S01,cpv2017_mean_age,Mean age,demography,secondary,demography_2017_ccpp,9,common_h_reduced_form,reduced_form,rdrobust,selected_bc_linked,cr2 cluster_dist,1,2,triangular,manual,,.0075,.0074999998,.0135,.0135,1,423,41,22,44,2.945709173652276,3.1730337,4.2948685,.46003059,-5.2447538,11.590821,36.37549716670339,6.3463593,.4999770100531043,-.82641929,1.8263733,,,,,,,0,1,.6426870346069335
S01,cpv2017_mean_age,Mean age,demography,secondary,demography_2017_ccpp,9,outcome_cerrd_fuzzy,fuzzy_late,rdrobust,selected_bc_linked,cr2 cluster_dist,1,2,triangular,cerrd,,.0056826852173811,.0056826854,.014017543,.014017543,1,423,35,16,41,2.093967060239074,2.0629337,5.7873111,.72149754,-9.2799873,13.405854,35.32029239109584,5.7266574,.3602334729718711,-1.6204892,2.3409562,.7706078957890272,.82636964,.21972525,14.144538,,,0,1,.8657970428466797
S01,cpv2017_mean_age,Mean age,demography,secondary,demography_2017_ccpp,9,outcome_mserd_fuzzy,fuzzy_late,rdrobust,selected_bc_linked,cr2 cluster_dist,1,2,triangular,mserd,,.007312572495381,.0073125726,.014017543,.014017543,1,423,41,20,44,3.372451566697624,3.2872314,5.11096,.52011186,-6.7300663,13.304529,36.37549716670339,6.3463593,.5179712195223138,-1.0604609,2.0964034,.8296098816586958,.93885291,.21530613,19.014387,,,0,1,.6305826902389526
S02,cpv2017_share_female,Female residents,demography,secondary,demography_2017_ccpp,10,common_h_fuzzy,fuzzy_late,rdrobust,selected_bc_linked,cr2 cluster_dist,1,2,triangular,manual,,.0075,.0074999998,.0135,.0135,100,423,41,22,44,2.822481788218571,2.2831781,4.3774958,.60196853,-6.2965555,10.862912,51.42169732873033,9.4677105,.2411541898061882,-.66505575,1.1473641,.8360431990167221,.96453828,.21611348,19.919352,,,0,1,.7223622322082519
S02,cpv2017_share_female,Female residents,demography,secondary,demography_2017_ccpp,10,common_h_reduced_form,reduced_form,rdrobust,selected_bc_linked,cr2 cluster_dist,1,2,triangular,manual,,.0075,.0074999998,.0135,.0135,100,423,41,22,44,2.359716703388692,2.2715106,3.6665537,.53557253,-4.9148026,9.4578238,51.42169732873033,9.4677105,.2399218340933825,-.51911205,.99895573,,,,,,,0,1,.6426870346069335
S02,cpv2017_share_female,Female residents,demography,secondary,demography_2017_ccpp,10,outcome_cerrd_fuzzy,fuzzy_late,rdrobust,selected_bc_linked,cr2 cluster_dist,1,2,triangular,cerrd,,.012006139325074,.012006139,.022401001,.022401001,100,423,62,37,57,4.860013235982192,4.9225993,4.7126265,.2962285,-4.3139787,14.159178,52.66577981172069,10.408939,.4729203842600249,-.41444942,1.3602902,.5540589731709238,.59265852,.19333901,9.3965864,,,0,1,.8657970428466797
S02,cpv2017_share_female,Female residents,demography,secondary,demography_2017_ccpp,10,outcome_mserd_fuzzy,fuzzy_late,rdrobust,selected_bc_linked,cr2 cluster_dist,1,2,triangular,mserd,,.0154496969030971,.015449697,.022401001,.022401001,100,423,82,45,69,5.985819247227118,5.9939814,5.880497,.3080613,-5.5315814,17.519545,52.63731232503566,9.3684721,.6398035000934669,-.59044641,1.8700534,.4584629271607217,.51346934,.18999909,7.3034158,,,0,1,.6305826902389526
S03,share_age_0_14_2017,Residents age 0-14,demography,secondary,demography_2017_ccpp,11,common_h_fuzzy,fuzzy_late,rdrobust,selected_bc_linked,cr2 cluster_dist,1,2,triangular,manual,,.0075,.0074999998,.0135,.0135,100,423,41,22,44,-5.030717912107704,-4.9601297,5.1564622,.33608729,-15.06661,5.1463504,21.70038718457629,7.0714498,-.7014304353002019,-2.1306255,.72776455,.8360431990167221,.96453828,.21611348,19.919352,,,0,1,.7223622322082519
S03,share_age_0_14_2017,Residents age 0-14,demography,secondary,demography_2017_ccpp,11,common_h_reduced_form,reduced_form,rdrobust,selected_bc_linked,cr2 cluster_dist,1,2,triangular,manual,,.0075,.0074999998,.0135,.0135,100,423,41,22,44,-4.20589749658925,-4.7933054,4.21422,.255366,-13.053025,3.4664142,21.70038718457629,7.0714498,-.6778391487841371,-1.8458768,.49019852,,,,,,,0,1,.6426870346069335
S03,share_age_0_14_2017,Residents age 0-14,demography,secondary,demography_2017_ccpp,11,outcome_cerrd_fuzzy,fuzzy_late,rdrobust,selected_bc_linked,cr2 cluster_dist,1,2,triangular,cerrd,,.0054085085534658,.0054085087,.013703534,.013703534,100,423,32,16,40,-4.357584853976856,-4.3624296,6.0806518,.47311005,-16.280289,7.5554285,22.43782302830368,6.7112603,-.6500164887114307,-2.4258168,1.1257838,.7722855500702612,.8267827,.21824768,14.351045,,,0,1,.8657970428466797
S03,share_age_0_14_2017,Residents age 0-14,demography,secondary,demography_2017_ccpp,11,outcome_mserd_fuzzy,fuzzy_late,rdrobust,selected_bc_linked,cr2 cluster_dist,1,2,triangular,mserd,,.0069597574696094,.0069597573,.013703534,.013703534,100,423,38,19,42,-4.757905634249313,-4.7666759,5.4821019,.38457489,-15.511398,5.9780469,22.05830573251373,6.7788124,-.7031727086527865,-2.2882178,.8818723,.8126674297863004,.90797997,.21957311,17.099926,,,0,1,.6305826902389526
S04,share_age_30_44_2017,Residents age 30-44,demography,secondary,demography_2017_ccpp,12,common_h_fuzzy,fuzzy_late,rdrobust,selected_bc_linked,cr2 cluster_dist,1,2,triangular,manual,,.0075,.0074999998,.0135,.0135,100,423,41,22,44,-2.454872731780647,-2.3319461,3.5329733,.50922048,-9.2564468,4.5925546,18.83481731865464,6.6759543,-.3493052781220087,-1.3865354,.6879248,.8360431990167221,.96453828,.21611348,19.919352,,,0,1,.7223622322082519
S04,share_age_30_44_2017,Residents age 30-44,demography,secondary,demography_2017_ccpp,12,common_h_reduced_form,reduced_form,rdrobust,selected_bc_linked,cr2 cluster_dist,1,2,triangular,manual,,.0075,.0074999998,.0135,.0135,100,423,41,22,44,-2.052379651856811,-2.2650466,2.9935405,.44926274,-8.1322784,3.6021848,18.83481731865464,6.6759543,-.3392843323246564,-1.2181447,.53957599,,,,,,,0,1,.6426870346069335
S04,share_age_30_44_2017,Residents age 30-44,demography,secondary,demography_2017_ccpp,12,outcome_cerrd_fuzzy,fuzzy_late,rdrobust,selected_bc_linked,cr2 cluster_dist,1,2,triangular,cerrd,,.0099960248702017,.0099960249,.01997285,.01997285,100,423,57,32,54,-2.073727900893845,-1.628933,4.185184,.69711769,-9.8317423,6.5738769,19.14173918857909,6.8765402,-.2368826316729244,-1.4297514,.95598608,.6541587561037,.7091524,.19650601,13.023493,,,0,1,.8657970428466797
S04,share_age_30_44_2017,Residents age 30-44,demography,secondary,demography_2017_ccpp,12,outcome_mserd_fuzzy,fuzzy_late,rdrobust,selected_bc_linked,cr2 cluster_dist,1,2,triangular,mserd,,.0128630486702673,.012863048,.01997285,.01997285,100,423,67,38,61,-2.018662632480384,-1.2311078,5.3363719,.8175469,-11.690205,9.2279892,19.48069893935723,7.7331772,-.1591981893598744,-1.5116949,1.1932986,.5314967975051191,.60849965,.19488338,9.7492485,,,0,1,.8175469040870667
S05,share_age_45_64_2017,Residents age 45-64,demography,secondary,demography_2017_ccpp,13,common_h_fuzzy,fuzzy_late,rdrobust,selected_bc_linked,cr2 cluster_dist,1,2,triangular,manual,,.0075,.0074999998,.0135,.0135,100,423,41,22,44,5.863785295531901,6.5802851,4.6702032,.15883715,-2.5731452,15.733715,22.41884142887302,13.792006,.4771086152769585,-.18656786,1.1407851,.8360431990167221,.96453828,.21611348,19.919352,,,0,.9530229270458221,.7223622322082519
S05,share_age_45_64_2017,Residents age 45-64,demography,secondary,demography_2017_ccpp,13,common_h_reduced_form,reduced_form,rdrobust,selected_bc_linked,cr2 cluster_dist,1,2,triangular,manual,,.0075,.0074999998,.0135,.0135,100,423,41,22,44,4.902377816823705,6.2548699,3.673537,.088627346,-.94512999,13.45487,22.41884142887302,13.792006,.4535141519767053,-.068527378,.97555566,,,,,,,0,.5317640751600266,.5317640751600266
S05,share_age_45_64_2017,Residents age 45-64,demography,secondary,demography_2017_ccpp,13,outcome_cerrd_fuzzy,fuzzy_late,rdrobust,selected_bc_linked,cr2 cluster_dist,1,2,triangular,cerrd,,.0057639424023395,.0057639424,.013608428,.013608428,100,423,35,16,41,9.544052504574323,9.830471,5.9647679,.0993343,-1.8602586,21.521202,21.88505896500179,14.747401,.6665901095383854,-.12614146,1.4593216,.7716771043058912,.83282131,.22094065,14.208636,,,0,.5960057973861694,.5960057973861694
S05,share_age_45_64_2017,Residents age 45-64,demography,secondary,demography_2017_ccpp,13,outcome_mserd_fuzzy,fuzzy_late,rdrobust,selected_bc_linked,cr2 cluster_dist,1,2,triangular,mserd,,.0074171355730545,.0074171354,.013608428,.013608428,100,423,41,21,44,6.057400124746267,6.7432833,4.7006326,.15141593,-2.4697871,15.956354,22.41884142887302,13.792006,.4889269293305911,-.17907381,1.1569277,.8332179642176112,.95473236,.21637985,19.468372,,,0,.9084955751895905,.6305826902389526
S06,share_age_65plus_2017,Residents age 65 or older,demography,secondary,demography_2017_ccpp,14,common_h_fuzzy,fuzzy_late,rdrobust,selected_bc_linked,cr2 cluster_dist,1,2,triangular,manual,,.0075,.0074999998,.0135,.0135,100,423,41,22,44,2.780494253925355,2.05516,8.2222557,.8026253,-14.060164,18.170485,14.15617058235334,10.564077,.1945423164094721,-1.3309411,1.7200257,.8360431990167221,.96453828,.21611348,19.919352,,,0,1,.802625298500061
S06,share_age_65plus_2017,Residents age 65 or older,demography,secondary,demography_2017_ccpp,14,common_h_reduced_form,reduced_form,rdrobust,selected_bc_linked,cr2 cluster_dist,1,2,triangular,manual,,.0075,.0074999998,.0135,.0135,100,423,41,22,44,2.324613310899368,2.0754824,7.0124488,.76725215,-11.668664,15.819629,14.15617058235334,10.564077,.1964660369361298,-1.1045607,1.4974928,,,,,,,0,1,.7672521471977234
S06,share_age_65plus_2017,Residents age 65 or older,demography,secondary,demography_2017_ccpp,14,outcome_cerrd_fuzzy,fuzzy_late,rdrobust,selected_bc_linked,cr2 cluster_dist,1,2,triangular,cerrd,,.0066561784748421,.0066561783,.015323954,.015323954,100,423,38,17,41,.7569841314153539,.88498998,8.9329958,.92108285,-16.62336,18.393339,13.14613206655179,9.7193851,.091054111752207,-1.7103304,1.8924385,.7980965217602878,.85555458,.21850498,15.331079,,,0,1,.9210828542709351
S06,share_age_65plus_2017,Residents age 65 or older,demography,secondary,demography_2017_ccpp,14,outcome_mserd_fuzzy,fuzzy_late,rdrobust,selected_bc_linked,cr2 cluster_dist,1,2,triangular,mserd,,.008565279577796,.0085652797,.015323954,.015323954,100,423,50,25,49,5.24632681235573,5.158658,8.1249924,.52548558,-10.766033,21.083349,15.4748226236552,11.125506,.4636784853657168,-.96768928,1.8950462,.7901018254461334,.92657185,.2000111,21.461,,,0,1,.6305826902389526
S07,cpv2017_share_moved_district,Residents living in another district,migration,secondary,migration_2017_ccpp,15,common_h_fuzzy,fuzzy_late,rdrobust,selected_bc_linked,cr2 cluster_dist,1,2,triangular,manual,,.0075,.0074999998,.0135,.0135,100,411,41,22,44,13.32711283722868,13.837266,15.017626,.35684073,-15.59674,43.271271,24.47391631491809,16.426548,.842372101066576,-.94948369,2.634228,.8360431990167221,.96453828,.21611348,19.919352,,,0,1,.701306015253067
S07,cpv2017_share_moved_district,Residents living in another district,migration,secondary,migration_2017_ccpp,15,common_h_reduced_form,reduced_form,rdrobust,selected_bc_linked,cr2 cluster_dist,1,2,triangular,manual,,.0075,.0074999998,.0135,.0135,100,411,41,22,44,11.14204205009349,13.28102,10.365509,.20009872,-7.0350051,33.597046,24.47391631491809,16.426548,.8085095073134596,-.42827046,2.0452895,,,,,,,0,.8003948926925659,.5002468079328537
S07,cpv2017_share_moved_district,Residents living in another district,migration,secondary,migration_2017_ccpp,15,outcome_cerrd_fuzzy,fuzzy_late,rdrobust,selected_bc_linked,cr2 cluster_dist,1,2,triangular,cerrd,,.0108933461287123,.010893346,.020779425,.020779425,100,411,60,33,54,8.218407009603352,11.047967,14.20386,.43667844,-16.791088,38.887024,25.19581707169986,15.156915,.7289060669005498,-1.1078171,2.5656292,.5972029155522394,.65167969,.19637437,11.012826,,,0,1,.5896978974342346
S07,cpv2017_share_moved_district,Residents living in another district,migration,secondary,migration_2017_ccpp,15,outcome_mserd_fuzzy,fuzzy_late,rdrobust,selected_bc_linked,cr2 cluster_dist,1,2,triangular,mserd,,.0140177363757266,.014017737,.020779425,.020779425,100,411,70,40,63,8.000133575984794,12.770943,16.676414,.44379014,-19.914227,45.456112,25.49267810017851,15.488421,.8245477302863341,-1.2857493,2.9348447,.5003685724914499,.57641834,.19280392,8.9380732,,,0,1,.7093536257743835
S08,cpv2017_share_moved_province,Residents living in another province,migration,secondary,migration_2017_ccpp,16,common_h_fuzzy,fuzzy_late,rdrobust,selected_bc_linked,cr2 cluster_dist,1,2,triangular,manual,,.0075,.0074999998,.0135,.0135,100,411,41,22,44,9.769183904021769,9.5052643,14.212162,.50361538,-18.350061,37.360592,16.6613184127474,11.221849,.8470319259660944,-1.6352082,3.329272,.8360431990167221,.96453828,.21611348,19.919352,,,0,1,.701306015253067
S08,cpv2017_share_moved_province,Residents living in another province,migration,secondary,migration_2017_ccpp,16,common_h_reduced_form,reduced_form,rdrobust,selected_bc_linked,cr2 cluster_dist,1,2,triangular,manual,,.0075,.0074999998,.0135,.0135,100,411,41,22,44,8.16745976290103,9.2021036,10.218077,.36781642,-10.824958,29.229166,16.6613184127474,11.221849,.8200166964341173,-.96463227,2.6046658,,,,,,,0,1,.5624844133853912
S08,cpv2017_share_moved_province,Residents living in another province,migration,secondary,migration_2017_ccpp,16,outcome_cerrd_fuzzy,fuzzy_late,rdrobust,selected_bc_linked,cr2 cluster_dist,1,2,triangular,cerrd,,.0146722133168172,.014672213,.02653791,.02653791,100,411,76,42,67,8.696910794227177,11.367341,16.345379,.48677537,-20.669014,43.403694,16.86385943574102,10.222638,1.11197718830037,-2.0218863,4.245841,.4843914842583927,.50724232,.18781629,7.2939768,,,0,1,.5896978974342346
S08,cpv2017_share_moved_province,Residents living in another province,migration,secondary,migration_2017_ccpp,16,outcome_mserd_fuzzy,fuzzy_late,rdrobust,selected_bc_linked,cr2 cluster_dist,1,2,triangular,mserd,,.0188804446212782,.018880446,.02653791,.02653791,100,411,104,61,82,3.058600692845498,9.6179237,17.523781,.58310848,-24.728054,43.963902,16.50872295579162,9.7537642,.986073067123831,-2.5352318,4.5073781,.4089547320683256,.4519273,.18297037,6.1006432,,,0,1,.7093536257743835
S09,cpv2017_share_moved_dept,Residents living in another department,migration,secondary,migration_2017_ccpp,17,common_h_fuzzy,fuzzy_late,rdrobust,selected_bc_linked,cr2 cluster_dist,1,2,triangular,manual,,.0075,.0074999998,.0135,.0135,100,411,41,22,44,7.969851596384175,7.9836631,13.734382,.56104481,-18.93523,34.902557,13.81362629572921,11.212001,.7120640707052392,-1.6888359,3.1129642,.8360431990167221,.96453828,.21611348,19.919352,,,0,1,.701306015253067
S09,cpv2017_share_moved_dept,Residents living in another department,migration,secondary,migration_2017_ccpp,17,common_h_reduced_form,reduced_form,rdrobust,selected_bc_linked,cr2 cluster_dist,1,2,triangular,manual,,.0075,.0074999998,.0135,.0135,100,411,41,22,44,6.663140224329556,7.6987739,10.191169,.44998753,-12.27555,27.673098,13.81362629572921,11.212001,.6866547580581734,-1.0948581,2.4681675,,,,,,,0,1,.5624844133853912
S09,cpv2017_share_moved_dept,Residents living in another department,migration,secondary,migration_2017_ccpp,17,outcome_cerrd_fuzzy,fuzzy_late,rdrobust,selected_bc_linked,cr2 cluster_dist,1,2,triangular,cerrd,,.0144717192970748,.014471719,.025701286,.025701286,100,411,73,40,65,5.94042064127887,8.2575426,15.310953,.58966434,-21.751375,38.26646,14.1827775899019,10.443482,.7906886146903838,-2.0827703,3.6641476,.4898896521365858,.51497996,.1887297,7.4456077,,,0,1,.5896978974342346
S09,cpv2017_share_moved_dept,Residents living in another department,migration,secondary,migration_2017_ccpp,17,outcome_mserd_fuzzy,fuzzy_late,rdrobust,selected_bc_linked,cr2 cluster_dist,1,2,triangular,mserd,,.0186224456299261,.018622445,.025701286,.025701286,100,411,103,59,82,.6577659096638708,6.342854,17.017548,.70935363,-27.010925,39.696632,13.72791084497812,9.9519978,.637344804988862,-2.7141209,3.9888103,.4106358939747909,.45637482,.18368204,6.1731944,,,0,1,.7093536257743835
S10,cpv2017_share_moved_five_years,Residents in another district five years earlier,migration,secondary,migration_2017_ccpp,18,common_h_fuzzy,fuzzy_late,rdrobust,selected_bc_linked,cr2 cluster_dist,1,2,triangular,manual,,.0075,.0074999998,.0135,.0135,100,423,41,22,44,7.446299593741225,7.0574512,7.0285206,.31532261,-6.7181954,20.833099,10.50357218014031,5.1051006,1.382431422224858,-1.3159771,4.0808401,.8360431990167221,.96453828,.21611348,19.919352,,,0,1,.701306015253067
S10,cpv2017_share_moved_five_years,Residents in another district five years earlier,migration,secondary,migration_2017_ccpp,18,common_h_reduced_form,reduced_form,rdrobust,selected_bc_linked,cr2 cluster_dist,1,2,triangular,manual,,.0075,.0074999998,.0135,.0135,100,423,41,22,44,6.225428133188332,6.8571472,4.7886152,.15215279,-2.5283666,16.242661,10.50357218014031,5.1051006,1.343195292964107,-.49526286,3.1816535,,,,,,,0,.7607639580965042,.5002468079328537
S10,cpv2017_share_moved_five_years,Residents in another district five years earlier,migration,secondary,migration_2017_ccpp,18,outcome_cerrd_fuzzy,fuzzy_late,rdrobust,selected_bc_linked,cr2 cluster_dist,1,2,triangular,cerrd,,.0096215680148647,.009621568,.01905817,.01905817,100,423,54,30,54,5.935447901376502,6.5219593,6.3553581,.30479056,-5.9343133,18.978233,11.23688946719523,5.6275501,1.158934044477306,-1.054511,3.3723791,.6836320945536074,.74622756,.19632547,14.447388,,,0,1,.5896978974342346
S10,cpv2017_share_moved_five_years,Residents in another district five years earlier,migration,secondary,migration_2017_ccpp,18,outcome_mserd_fuzzy,fuzzy_late,rdrobust,selected_bc_linked,cr2 cluster_dist,1,2,triangular,mserd,,.0123811914502564,.012381191,.01905817,.01905817,100,423,63,38,58,6.733436070046174,7.6102581,7.739203,.32544076,-7.5583014,22.778818,11.18684542321023,5.8074851,1.310422281812031,-1.3014758,3.9223204,.5440153479916778,.63330185,.19614564,10.424715,,,0,1,.7093536257743835
S11,cpv2017_share_literate_age14,Literate residents,human_capital,secondary,human_capital_2017_ccpp,19,common_h_fuzzy,fuzzy_late,rdrobust,selected_bc_linked,cr2 cluster_dist,1,2,triangular,manual,,.0075,.0074999998,.0135,.0135,100,422,41,22,44,3.119197572019188,2.2552967,8.1890087,.78300482,-13.794866,18.30546,77.31882900726504,12.525513,.1800562478691679,-1.1013415,1.4614539,.8360431990167221,.96453828,.21611348,19.919352,,,0,1,.8567679524421692
S11,cpv2017_share_literate_age14,Literate residents,human_capital,secondary,human_capital_2017_ccpp,19,common_h_reduced_form,reduced_form,rdrobust,selected_bc_linked,cr2 cluster_dist,1,2,triangular,manual,,.0075,.0074999998,.0135,.0135,100,422,41,22,44,2.607783916476114,2.2863271,6.6271615,.73009932,-10.702671,15.275326,77.31882900726504,12.525513,.1825336125915435,-.85446972,1.2195369,,,,,,,0,1,.8355821371078491
S11,cpv2017_share_literate_age14,Literate residents,human_capital,secondary,human_capital_2017_ccpp,19,outcome_cerrd_fuzzy,fuzzy_late,rdrobust,selected_bc_linked,cr2 cluster_dist,1,2,triangular,cerrd,,.0120966691193479,.01209667,.022536911,.022536911,100,422,62,37,57,2.517639668171317,2.5672164,10.704775,.81046999,-18.413757,23.548191,77.62069394511562,11.969888,.2144728973351923,-1.5383401,1.9672859,.5514238885667839,.58826941,.19318591,9.2726011,,,0,1,.9631001949310303
S11,cpv2017_share_literate_age14,Literate residents,human_capital,secondary,human_capital_2017_ccpp,19,outcome_mserd_fuzzy,fuzzy_late,rdrobust,selected_bc_linked,cr2 cluster_dist,1,2,triangular,mserd,,.0155661921264459,.015566193,.022536911,.022536911,100,422,82,45,69,3.85578929989701,3.921617,13.002913,.76296061,-21.563623,29.406858,78.77445867875727,11.107644,.353055696933451,-1.9413319,2.6474433,.4552906290168985,.50806725,.18974426,7.1697674,,,0,1,.84867262840271
S12,cpv2017_share_primary_age14,Completed primary education,human_capital,secondary,human_capital_2017_ccpp,20,common_h_fuzzy,fuzzy_late,rdrobust,selected_bc_linked,cr2 cluster_dist,1,2,triangular,manual,,.0075,.0074999998,.0135,.0135,100,422,41,22,44,3.371228562321551,2.4767463,8.5052452,.77089667,-14.193228,19.146721,53.37319286858163,14.798784,.1673614720855087,-.9590807,1.2938036,.8360431990167221,.96453828,.21611348,19.919352,,,0,1,.8567679524421692
S12,cpv2017_share_primary_age14,Completed primary education,human_capital,secondary,human_capital_2017_ccpp,20,common_h_reduced_form,reduced_form,rdrobust,selected_bc_linked,cr2 cluster_dist,1,2,triangular,manual,,.0075,.0074999998,.0135,.0135,100,422,41,22,44,2.818492711859855,2.5038531,6.9468927,.71852726,-11.111807,16.119513,53.37319286858163,14.798784,.1691931664743995,-.75085944,1.0892458,,,,,,,0,1,.8355821371078491
S12,cpv2017_share_primary_age14,Completed primary education,human_capital,secondary,human_capital_2017_ccpp,20,outcome_cerrd_fuzzy,fuzzy_late,rdrobust,selected_bc_linked,cr2 cluster_dist,1,2,triangular,cerrd,,.0124142757350338,.012414276,.022904258,.022904258,100,422,63,38,58,3.599073013044796,2.8681366,11.727571,.80679435,-20.117479,25.853752,53.75542472752313,15.65519,.1832067627214633,-1.2850358,1.6514493,.5432063561887712,.57643628,.19275884,8.9428091,,,0,1,.9631001949310303
S12,cpv2017_share_primary_age14,Completed primary education,human_capital,secondary,human_capital_2017_ccpp,20,outcome_mserd_fuzzy,fuzzy_late,rdrobust,selected_bc_linked,cr2 cluster_dist,1,2,triangular,mserd,,.0159748935261139,.015974894,.022904258,.022904258,100,422,86,47,73,5.675065270766399,4.0625181,14.422211,.77818519,-24.204496,32.329533,55.83210925376692,15.117786,.268724423617793,-1.6010609,2.1385098,.4459093804702019,.49457124,.1890053,6.8471484,,,0,1,.84867262840271
S13,cpv2017_share_attending_6_17,School attendance ages 6-17,human_capital,secondary,human_capital_2017_ccpp,21,common_h_fuzzy,fuzzy_late,rdrobust,selected_bc_linked,cr2 cluster_dist,1,2,triangular,manual,,.0075,.0074999998,.0135,.0135,100,415,40,22,44,.8703684548786583,.9766311,5.4109998,.85676795,-9.6287336,11.581996,90.70414081215858,10.025558,.097414144773885,-.96041876,1.1552471,.8403214368143909,.98263556,.21833034,20.256144,,,0,1,.8567679524421692
S13,cpv2017_share_attending_6_17,School attendance ages 6-17,human_capital,secondary,human_capital_2017_ccpp,21,common_h_reduced_form,reduced_form,rdrobust,selected_bc_linked,cr2 cluster_dist,1,2,triangular,manual,,.0075,.0074999998,.0135,.0135,100,415,40,22,44,.7313892705615554,.9445498,4.5510015,.83558214,-7.9752488,9.8643484,90.70414081215858,10.025558,.0942141882278814,-.79549181,.98392022,,,,,,,0,1,.8355821371078491
S13,cpv2017_share_attending_6_17,School attendance ages 6-17,human_capital,secondary,human_capital_2017_ccpp,21,outcome_cerrd_fuzzy,fuzzy_late,rdrobust,selected_bc_linked,cr2 cluster_dist,1,2,triangular,cerrd,,.0131388503391641,.01313885,.023826571,.023826571,100,415,65,38,62,.8191255569737524,-.3422561,7.3979607,.96310019,-14.841992,14.15748,90.0195449590683,12.785839,-.0267683716995791,-1.1608149,1.1072781,.5243479995463886,.55268729,.19271694,8.2246838,,,0,1,.9631001949310303
S13,cpv2017_share_attending_6_17,School attendance ages 6-17,human_capital,secondary,human_capital_2017_ccpp,21,outcome_mserd_fuzzy,fuzzy_late,rdrobust,selected_bc_linked,cr2 cluster_dist,1,2,triangular,mserd,,.0169072880048382,.016907288,.023826571,.023826571,100,415,91,50,77,.6115869801501959,-1.7455338,9.1479101,.84867263,-19.675108,16.18404,91.45272783525698,11.361448,-.1536365498825204,-1.7317429,1.4244698,.418929402075795,.46561068,.18815368,6.1237912,,,0,1,.84867262840271
S14,cpv2017_share_laborforce_age14,Labor-force participation,labor,secondary,labor_2017_ccpp,22,common_h_fuzzy,fuzzy_late,rdrobust,selected_bc_linked,cr2 cluster_dist,1,2,triangular,manual,,.0075,.0074999998,.0135,.0135,100,422,41,22,44,-11.35660698201573,-9.6335278,8.4492559,.25421846,-26.193764,6.9267092,50.21493198668085,16.258133,-.5925359334136024,-1.6111177,.42604581,.8360431990167221,.96453828,.21611348,19.919352,,,0,.508436918258667,.508436918258667
S14,cpv2017_share_laborforce_age14,Labor-force participation,labor,secondary,labor_2017_ccpp,22,common_h_reduced_form,reduced_form,rdrobust,selected_bc_linked,cr2 cluster_dist,1,2,triangular,manual,,.0075,.0074999998,.0135,.0135,100,422,41,22,44,-9.494614031220072,-9.5133133,8.0018539,.23448351,-25.196659,6.170033,50.21493198668085,16.258133,-.58514182633187,-1.549788,.37950441,,,,,,,0,.4689670205116272,.438575804233551
S14,cpv2017_share_laborforce_age14,Labor-force participation,labor,secondary,labor_2017_ccpp,22,outcome_cerrd_fuzzy,fuzzy_late,rdrobust,selected_bc_linked,cr2 cluster_dist,1,2,triangular,cerrd,,.0146735644313962,.014673565,.02550173,.02550173,100,422,76,42,67,-22.53628511814341,-23.558725,12.359969,.056643642,-47.783821,.66636777,48.03149992305982,15.98544,-1.473761446492637,-2.9892087,.041685916,.4843444952220077,.50523615,.18856455,7.1790781,,,0,.1132872849702835,.1132872849702835
S14,cpv2017_share_laborforce_age14,Labor-force participation,labor,secondary,labor_2017_ccpp,22,outcome_mserd_fuzzy,fuzzy_late,rdrobust,selected_bc_linked,cr2 cluster_dist,1,2,triangular,mserd,,.0188821832576676,.018882183,.02550173,.02550173,100,422,104,62,82,-25.26229416348091,-27.327532,14.874826,.066185325,-56.481655,1.8265918,48.32800337328361,15.434247,-1.770577609974428,-3.6595018,.11834668,.4040652185192036,.44387025,.18370962,5.8377872,,,0,.13237065076828,.1180735602974892
S15,cpv2017_unemployment_rate,Unemployment rate,labor,secondary,labor_2017_ccpp,23,common_h_fuzzy,fuzzy_late,rdrobust,selected_bc_linked,cr2 cluster_dist,1,2,triangular,manual,,.0075,.0074999998,.0135,.0135,100,422,41,22,44,5.133312081720764,3.4895833,5.6310091,.53544986,-7.5469918,14.526158,5.297248176776055,8.0965996,.4309937045072778,-.93211877,1.7941061,.8360431990167221,.96453828,.21611348,19.919352,,,0,.5354498624801636,.5354498624801636
S15,cpv2017_unemployment_rate,Unemployment rate,labor,secondary,labor_2017_ccpp,23,common_h_reduced_form,reduced_form,rdrobust,selected_bc_linked,cr2 cluster_dist,1,2,triangular,manual,,.0075,.0074999998,.0135,.0135,100,422,41,22,44,4.291670654353016,3.5770476,4.6179261,.4385758,-5.4739213,12.628016,5.297248176776055,8.0965996,.4417963106520345,-.67607659,1.5596693,,,,,,,0,.4689670205116272,.438575804233551
S15,cpv2017_unemployment_rate,Unemployment rate,labor,secondary,labor_2017_ccpp,23,outcome_cerrd_fuzzy,fuzzy_late,rdrobust,selected_bc_linked,cr2 cluster_dist,1,2,triangular,cerrd,,.0139443607657389,.01394436,.026477486,.026477486,100,422,70,40,63,13.13885529824949,14.622751,9.2938471,.11563089,-3.5928543,32.838356,5.866232571591224,8.1741533,1.788901154041653,-.43953839,4.0173407,.5022985845897567,.51849616,.18852957,7.563663,,,0,.1156308948993683,.1156308948993683
S15,cpv2017_unemployment_rate,Unemployment rate,labor,secondary,labor_2017_ccpp,23,outcome_mserd_fuzzy,fuzzy_late,rdrobust,selected_bc_linked,cr2 cluster_dist,1,2,triangular,mserd,,.017943832026685,.017943831,.026477486,.026477486,100,422,97,55,79,15.08271096630349,18.200006,11.644941,.11807356,-4.6236606,41.023674,6.577279909331467,11.050329,1.647010270638552,-.41841835,3.7124388,.410580663272142,.43826827,.18352717,5.7026844,,,0,.13237065076828,.1180735602974892
S16,cpv2017_share_insurance_sis,SIS insurance coverage,health,secondary,health_2017_ccpp,24,common_h_fuzzy,fuzzy_late,rdrobust,selected_bc_linked,cr2 cluster_dist,1,2,triangular,manual,,.0075,.0074999998,.0135,.0135,100,423,41,22,44,2.031686654226463,2.0349543,9.3158178,.82708573,-16.223713,20.293621,84.44924499930406,11.093462,.1834372644679254,-1.4624572,1.8293318,.8360431990167221,.96453828,.21611348,19.919352,,,0,1,.8270857334136963
S16,cpv2017_share_insurance_sis,SIS insurance coverage,health,secondary,health_2017_ccpp,24,common_h_reduced_form,reduced_form,rdrobust,selected_bc_linked,cr2 cluster_dist,1,2,triangular,manual,,.0075,.0074999998,.0135,.0135,100,423,41,22,44,1.698577809799073,1.9623715,7.9407163,.80480933,-13.601147,17.525888,84.44924499930406,11.093462,.1768944124113202,-1.2260507,1.5798395,,,,,,,0,.98812335729599,.8048093318939209
S16,cpv2017_share_insurance_sis,SIS insurance coverage,health,secondary,health_2017_ccpp,24,outcome_cerrd_fuzzy,fuzzy_late,rdrobust,selected_bc_linked,cr2 cluster_dist,1,2,triangular,cerrd,,.0143143398406735,.014314339,.024920788,.024920788,100,423,72,40,65,1.686713716371144,3.1518207,11.338269,.78102714,-19.070778,25.37442,82.74932632015812,13.676698,.2304518800326662,-1.3943993,1.855303,.4933470635888901,.51653039,.18923369,7.4506612,,,0,1,.7810271382331848
S16,cpv2017_share_insurance_sis,SIS insurance coverage,health,secondary,health_2017_ccpp,24,outcome_mserd_fuzzy,fuzzy_late,rdrobust,selected_bc_linked,cr2 cluster_dist,1,2,triangular,mserd,,.0184199271654688,.018419927,.024920788,.024920788,100,423,103,58,82,2.026525658603163,5.2366595,12.865912,.68399465,-19.980064,30.453384,82.89210094699581,13.85465,.3779712668423402,-1.4421198,2.1980624,.4062862379837696,.4481788,.18406461,5.9287343,,,0,1,.6982252597808838
S17,cpv2017_share_insurance_essalud,EsSalud insurance coverage,health,secondary,health_2017_ccpp,25,common_h_fuzzy,fuzzy_late,rdrobust,selected_bc_linked,cr2 cluster_dist,1,2,triangular,manual,,.0075,.0074999998,.0135,.0135,100,423,41,22,44,-4.061747484981401,-3.7397766,6.4002981,.55900985,-16.28413,8.8045778,5.729476548731327,7.9415317,-.4709137882604876,-2.0505025,1.108675,.8360431990167221,.96453828,.21611348,19.919352,,,0,1,.8270857334136963
S17,cpv2017_share_insurance_essalud,EsSalud insurance coverage,health,secondary,health_2017_ccpp,25,common_h_reduced_form,reduced_form,rdrobust,selected_bc_linked,cr2 cluster_dist,1,2,triangular,manual,,.0075,.0074999998,.0135,.0135,100,423,41,22,44,-3.395796360941976,-3.6485293,5.335176,.49406168,-14.105282,6.8082232,5.729476548731327,7.9415317,-.4594239018423124,-1.7761413,.85729349,,,,,,,0,.98812335729599,.7410925179719925
S17,cpv2017_share_insurance_essalud,EsSalud insurance coverage,health,secondary,health_2017_ccpp,25,outcome_cerrd_fuzzy,fuzzy_late,rdrobust,selected_bc_linked,cr2 cluster_dist,1,2,triangular,cerrd,,.0098220441937009,.0098220445,.020957604,.020957604,100,423,54,32,54,-4.320699129193459,-4.6755781,6.5520802,.47547325,-17.51742,8.1662636,5.591713452573727,7.4226608,-.6299059679680887,-2.359992,1.10018,.6669374272980956,.71303874,.19534561,13.323519,,,0,1,.7810271382331848
S17,cpv2017_share_insurance_essalud,EsSalud insurance coverage,health,secondary,health_2017_ccpp,25,outcome_mserd_fuzzy,fuzzy_late,rdrobust,selected_bc_linked,cr2 cluster_dist,1,2,triangular,mserd,,.012639167483638,.012639168,.020957604,.020957604,100,423,65,38,59,-5.135658713604188,-5.7105503,7.7479749,.46109939,-20.896301,9.4752016,5.022127352511654,6.9459653,-.8221391686329091,-3.0084085,1.3641303,.5374117724742342,.60246086,.19386044,9.6578245,,,0,1,.6982252597808838
S18,cpv2017_share_disability,Residents reporting disability,health,secondary,health_2017_ccpp,26,common_h_fuzzy,fuzzy_late,rdrobust,selected_bc_linked,cr2 cluster_dist,1,2,triangular,manual,,.0075,.0074999998,.0135,.0135,100,423,41,22,44,-7.036779436243334,-7.4724894,6.8853374,.27779955,-20.967503,6.0225234,13.95127438463089,9.8877535,-.7557317481371405,-2.1205528,.6090892,.8360431990167221,.96453828,.21611348,19.919352,,,0,.8333986401557922,.8270857334136963
S18,cpv2017_share_disability,Residents reporting disability,health,secondary,health_2017_ccpp,26,common_h_reduced_form,reduced_form,rdrobust,selected_bc_linked,cr2 cluster_dist,1,2,triangular,manual,,.0075,.0074999998,.0135,.0135,100,423,41,22,44,-5.883051590651964,-7.1515155,5.5220766,.19529361,-17.974586,3.6715558,13.95127438463089,9.8877535,-.7232699772388462,-1.8178635,.37132356,,,,,,,0,.5858808159828186,.5858808159828186
S18,cpv2017_share_disability,Residents reporting disability,health,secondary,health_2017_ccpp,26,outcome_cerrd_fuzzy,fuzzy_late,rdrobust,selected_bc_linked,cr2 cluster_dist,1,2,triangular,cerrd,,.0114573458448492,.011457345,.021587018,.021587018,100,423,61,37,57,-5.954385729054869,-4.828567,8.6536169,.57685632,-21.789345,12.132211,14.4389696419239,10.339606,-.4669971824223774,-2.107367,1.1733726,.5717631057433897,.62123698,.19467242,10.183704,,,0,1,.7810271382331848
S18,cpv2017_share_disability,Residents reporting disability,health,secondary,health_2017_ccpp,26,outcome_mserd_fuzzy,fuzzy_late,rdrobust,selected_bc_linked,cr2 cluster_dist,1,2,triangular,mserd,,.0147435004562375,.0147435,.021587018,.021587018,100,423,76,42,67,-5.563794222808633,-3.7363155,9.6367006,.69822526,-22.623901,15.15127,14.29624225160009,11.528571,-.3240918043306352,-1.9624202,1.3142365,.481955439357066,.55047113,.19150431,8.2625084,,,0,1,.6982252597808838
S19,cpv2017_share_indig_lang,Residents with an Indigenous childhood language,human_capital,secondary,human_capital_2017_ccpp,27,common_h_fuzzy,fuzzy_late,rdrobust,selected_bc_linked,cr2 cluster_dist,1,2,triangular,manual,,.0075,.0074999998,.0135,.0135,100,423,41,22,44,-10.33420179774314,-9.7948132,15.318477,.52255511,-39.818474,20.228849,78.68386677852492,20.492373,-.4779735939273224,-1.9430876,.98714042,.8360431990167221,.96453828,.21611348,19.919352,,,0,1,.8567679524421692
S19,cpv2017_share_indig_lang,Residents with an Indigenous childhood language,human_capital,secondary,human_capital_2017_ccpp,27,common_h_reduced_form,reduced_form,rdrobust,selected_bc_linked,cr2 cluster_dist,1,2,triangular,manual,,.0075,.0074999998,.0135,.0135,100,423,41,22,44,-8.639839130269532,-9.5167809,11.906019,.42410189,-32.85215,13.818588,78.68386677852492,20.492373,-.4644059964716665,-1.6031404,.67432839,,,,,,,0,1,.8355821371078491
S19,cpv2017_share_indig_lang,Residents with an Indigenous childhood language,human_capital,secondary,human_capital_2017_ccpp,27,outcome_cerrd_fuzzy,fuzzy_late,rdrobust,selected_bc_linked,cr2 cluster_dist,1,2,triangular,cerrd,,.0101913859792505,.010191386,.020492764,.020492764,100,423,59,32,54,-9.775881924554611,-8.7199078,16.922482,.60635358,-41.88736,24.447544,78.21497285770158,22.412848,-.389058472926342,-1.8688996,1.0907826,.6408469854341359,.69389695,.19624324,12.502605,,,0,1,.9631001949310303
S19,cpv2017_share_indig_lang,Residents with an Indigenous childhood language,human_capital,secondary,human_capital_2017_ccpp,27,outcome_mserd_fuzzy,fuzzy_late,rdrobust,selected_bc_linked,cr2 cluster_dist,1,2,triangular,mserd,,.0131144425479939,.013114442,.020492764,.020492764,100,423,69,39,62,-9.127748325080454,-7.4405136,20.348145,.71461838,-47.322144,32.441116,77.8849459644677,22.923693,-.324577444915468,-2.0643334,1.4151785,.5245828325505436,.59844053,.19411302,9.5045748,,,0,1,.84867262840271
S20,cpv2017_share_nbi_any,Residents exposed to any unmet basic need,deprivation,secondary,deprivation_2017_ccpp,28,common_h_fuzzy,fuzzy_late,rdrobust,selected_bc_linked,cr2 cluster_dist,1,2,triangular,manual,,.0075,.0074999998,.0135,.0135,100,421,41,22,44,10.39198562388388,11.490159,19.717304,.56006503,-27.155046,50.135365,43.39344812239089,28.910946,.3974328053813739,-.93926525,1.7341309,.8360431990167221,.96453828,.21611348,19.919352,,,0,1,.5683305859565735
S20,cpv2017_share_nbi_any,Residents exposed to any unmet basic need,deprivation,secondary,deprivation_2017_ccpp,28,common_h_reduced_form,reduced_form,rdrobust,selected_bc_linked,cr2 cluster_dist,1,2,triangular,manual,,.0075,.0074999998,.0135,.0135,100,421,41,22,44,8.688148905127669,10.941587,16.302721,.50212437,-21.01116,42.894337,43.39344812239089,28.910946,.3784583057602487,-.72675449,1.4836711,,,,,,,0,.9410189390182495,.5021243691444397
S20,cpv2017_share_nbi_any,Residents exposed to any unmet basic need,deprivation,secondary,deprivation_2017_ccpp,28,outcome_cerrd_fuzzy,fuzzy_late,rdrobust,selected_bc_linked,cr2 cluster_dist,1,2,triangular,cerrd,,.0112996276697868,.011299628,.021406729,.021406729,100,421,60,37,57,8.681910632833038,11.679425,21.945517,.59458679,-31.332996,54.691849,43.01665953050058,28.095558,.4157036340044327,-1.1152295,1.9466368,.5786280374757025,.63033187,.19502653,10.446027,,,0,1,.7422142028808594
S20,cpv2017_share_nbi_any,Residents exposed to any unmet basic need,deprivation,secondary,deprivation_2017_ccpp,28,outcome_mserd_fuzzy,fuzzy_late,rdrobust,selected_bc_linked,cr2 cluster_dist,1,2,triangular,mserd,,.0145405461230544,.014540547,.021406729,.021406729,100,421,74,40,66,7.656157058666315,12.501279,25.794361,.62792349,-38.054741,63.057297,42.61950256453978,27.620747,.4526046775033579,-1.3777593,2.2829688,.4884094068726739,.55997825,.19167118,8.5354948,,,0,1,.6293433904647827
S21,wellbeing_housing_2017,Housing wellbeing domain,wellbeing,secondary,wellbeing_2017_ccpp,29,common_h_fuzzy,fuzzy_late,rdrobust,selected_bc_linked,cr2 cluster_dist,1,2,triangular,manual,,.0075,.0074999998,.0135,.0135,100,423,41,22,44,5.935291885242155,4.4898186,13.637982,.74199373,-22.240135,31.219772,19.00313012301922,13.360794,.3360442824868484,-1.6645818,2.3366704,.8360431990167221,.96453828,.21611348,19.919352,,,0,1,.7447179555892944
S21,wellbeing_housing_2017,Housing wellbeing domain,wellbeing,secondary,wellbeing_2017_ccpp,29,common_h_reduced_form,reduced_form,rdrobust,selected_bc_linked,cr2 cluster_dist,1,2,triangular,manual,,.0075,.0074999998,.0135,.0135,100,423,41,22,44,4.962160414835842,4.5163379,10.552526,.668661,-16.166233,25.19891,19.00313012301922,13.360794,.3380291527525603,-1.2099754,1.8860338,,,,,,,0,1,.6865589022636414
S21,wellbeing_housing_2017,Housing wellbeing domain,wellbeing,secondary,wellbeing_2017_ccpp,29,outcome_cerrd_fuzzy,fuzzy_late,rdrobust,selected_bc_linked,cr2 cluster_dist,1,2,triangular,cerrd,,.0061746333841661,.0061746333,.015089808,.015089808,100,423,36,17,41,4.721480363254755,3.7946191,15.663062,.80857444,-26.904419,34.493656,19.05569093715814,13.572297,.279585620904086,-1.982304,2.5414753,.7810641191735296,.8321116,.22012529,14.289706,,,0,1,.8311382532119751
S21,wellbeing_housing_2017,Housing wellbeing domain,wellbeing,secondary,wellbeing_2017_ccpp,29,outcome_mserd_fuzzy,fuzzy_late,rdrobust,selected_bc_linked,cr2 cluster_dist,1,2,triangular,mserd,,.0079456194610271,.0079456195,.015089808,.015089808,100,423,46,22,46,5.759152166409063,4.4295917,12.581063,.72477525,-20.228838,29.088022,18.81706683248606,13.059805,.3391774728629139,-1.5489389,2.2272937,.8326723415955392,.95222753,.20450912,21.67984,,,0,1,.7420149445533752
S22,wellbeing_services_2017,Services wellbeing domain,wellbeing,secondary,wellbeing_2017_ccpp,30,common_h_fuzzy,fuzzy_late,rdrobust,selected_bc_linked,cr2 cluster_dist,1,2,triangular,manual,,.0075,.0074999998,.0135,.0135,100,420,40,22,44,5.872195585229735,6.6681232,13.688427,.62616205,-20.1607,33.496948,77.93456134778863,16.458897,.4051379392074622,-1.224912,2.035188,.8403214368143909,.97192824,.21644822,20.163242,,,0,1,.7447179555892944
S22,wellbeing_services_2017,Services wellbeing domain,wellbeing,secondary,wellbeing_2017_ccpp,30,common_h_reduced_form,reduced_form,rdrobust,selected_bc_linked,cr2 cluster_dist,1,2,triangular,manual,,.0075,.0074999998,.0135,.0135,100,420,40,22,44,4.934531831435374,6.3761878,11.217934,.56976861,-15.610559,28.362934,77.93456134778863,16.458897,.3874006941128302,-.94845724,1.7232586,,,,,,,0,1,.6865589022636414
S22,wellbeing_services_2017,Services wellbeing domain,wellbeing,secondary,wellbeing_2017_ccpp,30,outcome_cerrd_fuzzy,fuzzy_late,rdrobust,selected_bc_linked,cr2 cluster_dist,1,2,triangular,cerrd,,.0054528943749758,.0054528946,.013482367,.013482367,100,420,31,16,39,2.815883926757597,3.5575006,16.682932,.83113825,-29.140446,36.255447,76.52565564054919,17.673508,.2012900156829836,-1.6488208,2.0514007,.7815153643321775,.83997768,.21883059,14.733958,,,0,1,.8311382532119751
S22,wellbeing_services_2017,Services wellbeing domain,wellbeing,secondary,wellbeing_2017_ccpp,30,outcome_mserd_fuzzy,fuzzy_late,rdrobust,selected_bc_linked,cr2 cluster_dist,1,2,triangular,mserd,,.0070168738723561,.0070168739,.013482367,.013482367,100,420,37,19,42,4.540146032076899,5.4486346,14.526516,.70759946,-23.022814,33.920082,77.81283785122693,16.923338,.3219598325000984,-1.3604181,2.0043378,.8209401555543121,.92546982,.21999058,17.697681,,,0,1,.7420149445533752
S23,wellbeing_energy_2017,Energy wellbeing domain,wellbeing,secondary,wellbeing_2017_ccpp,31,common_h_fuzzy,fuzzy_late,rdrobust,selected_bc_linked,cr2 cluster_dist,1,2,triangular,manual,,.0075,.0074999998,.0135,.0135,100,423,41,22,44,5.07422979269281,5.9307833,11.036457,.59100443,-15.700275,27.561842,53.8521992270157,17.025446,.3483481816930384,-.92216527,1.6188617,.8360431990167221,.96453828,.21611348,19.919352,,,0,1,.7447179555892944
S23,wellbeing_energy_2017,Energy wellbeing domain,wellbeing,secondary,wellbeing_2017_ccpp,31,common_h_reduced_form,reduced_form,rdrobust,selected_bc_linked,cr2 cluster_dist,1,2,triangular,manual,,.0075,.0074999998,.0135,.0135,100,423,41,22,44,4.242275308428855,5.6104045,8.5327396,.51084983,-11.113459,22.334269,53.8521992270157,17.025446,.3295305401740619,-.6527558,1.3118169,,,,,,,0,1,.6865589022636414
S23,wellbeing_energy_2017,Energy wellbeing domain,wellbeing,secondary,wellbeing_2017_ccpp,31,outcome_cerrd_fuzzy,fuzzy_late,rdrobust,selected_bc_linked,cr2 cluster_dist,1,2,triangular,cerrd,,.0073954900715171,.0073954901,.01632135,.01632135,100,423,41,21,44,5.290329919993074,5.6751928,10.553296,.59073931,-15.008887,26.359272,53.8521992270157,17.025446,.33333592607229,-.88155615,1.548228,.8324379603319598,.89895689,.20714924,18.832634,,,0,1,.8311382532119751
S23,wellbeing_energy_2017,Energy wellbeing domain,wellbeing,secondary,wellbeing_2017_ccpp,31,outcome_mserd_fuzzy,fuzzy_late,rdrobust,selected_bc_linked,cr2 cluster_dist,1,2,triangular,mserd,,.009516637860114,.0095166378,.01632135,.01632135,100,423,52,30,53,4.126988556515151,5.5441351,11.551557,.6312651,-17.0965,28.184771,55.58265004115628,17.872599,.3102030684072452,-.95657611,1.5769823,.6914043574421838,.82010961,.19823825,17.114683,,,0,1,.7420149445533752
S24,wellbeing_assets_2017,Durable-assets wellbeing domain,wellbeing,secondary,wellbeing_2017_ccpp,32,common_h_fuzzy,fuzzy_late,rdrobust,selected_bc_linked,cr2 cluster_dist,1,2,triangular,manual,,.0075,.0074999998,.0135,.0135,100,423,41,22,44,2.317897194666511,2.0919435,6.4246511,.74471796,-10.500142,14.684029,11.35675544856222,7.7797289,.2688967178464363,-1.3496797,1.8874731,.8360431990167221,.96453828,.21611348,19.919352,,,0,1,.7447179555892944
S24,wellbeing_assets_2017,Durable-assets wellbeing domain,wellbeing,secondary,wellbeing_2017_ccpp,32,common_h_reduced_form,reduced_form,rdrobust,selected_bc_linked,cr2 cluster_dist,1,2,triangular,manual,,.0075,.0074999998,.0135,.0135,100,423,41,22,44,1.937862185620876,2.0467935,5.0722303,.6865589,-7.8945956,11.988183,11.35675544856222,7.7797289,.2630931721980737,-1.0147649,1.5409513,,,,,,,0,1,.6865589022636414
S24,wellbeing_assets_2017,Durable-assets wellbeing domain,wellbeing,secondary,wellbeing_2017_ccpp,32,outcome_cerrd_fuzzy,fuzzy_late,rdrobust,selected_bc_linked,cr2 cluster_dist,1,2,triangular,cerrd,,.0057876800329696,.0057876799,.014079386,.014079386,100,423,35,16,41,3.761999400198083,3.3652656,7.5871692,.65737015,-11.505312,18.235844,11.20631310152912,8.0029821,.4205014380756713,-1.437628,2.278631,.7719576966104251,.82881892,.22035974,14.146688,,,0,1,.8311382532119751
S24,wellbeing_assets_2017,Durable-assets wellbeing domain,wellbeing,secondary,wellbeing_2017_ccpp,32,outcome_mserd_fuzzy,fuzzy_late,rdrobust,selected_bc_linked,cr2 cluster_dist,1,2,triangular,mserd,,.0074476815452862,.0074476814,.014079386,.014079386,100,423,41,21,44,2.424657004129696,2.1097686,6.4090433,.74201494,-10.451725,14.671263,11.35675544856222,7.7797289,.2711879494853808,-1.3434563,1.8858321,.8342719296367156,.94959211,.21430553,19.633938,,,0,1,.7420149445533752
S25,deprivation_core_2017,Core deprivation proxy,deprivation,secondary,deprivation_2017_ccpp,33,common_h_fuzzy,fuzzy_late,rdrobust,selected_bc_linked,cr2 cluster_dist,1,2,triangular,manual,,.0075,.0074999998,.0135,.0135,100,419,40,22,44,-5.375062747631106,-5.2962561,9.2833414,.56833059,-23.491272,12.898759,46.42646680137135,9.8138351,-.5396724484519946,-2.3936894,1.3143444,.8403214368143909,.97192824,.21644822,20.163242,,,0,1,.5683305859565735
S25,deprivation_core_2017,Core deprivation proxy,deprivation,secondary,deprivation_2017_ccpp,33,common_h_reduced_form,reduced_form,rdrobust,selected_bc_linked,cr2 cluster_dist,1,2,triangular,manual,,.0075,.0074999998,.0135,.0135,100,419,40,22,44,-4.516780451056879,-5.1579523,7.1474395,.47050947,-19.166676,8.8507719,46.42646680137135,9.8138351,-.5255797115886996,-1.9530262,.90186679,,,,,,,0,.9410189390182495,.5021243691444397
S25,deprivation_core_2017,Core deprivation proxy,deprivation,secondary,deprivation_2017_ccpp,33,outcome_cerrd_fuzzy,fuzzy_late,rdrobust,selected_bc_linked,cr2 cluster_dist,1,2,triangular,cerrd,,.0052956981527162,.0052956981,.013353662,.013353662,100,419,31,16,39,-3.699304257494145,-3.648675,11.092807,.7422142,-25.390177,18.092827,46.91832145281378,10.524658,-.3466787188625202,-2.4124467,1.7190893,.7828649108829087,.83987498,.21773495,14.878974,,,0,1,.7422142028808594
S25,deprivation_core_2017,Core deprivation proxy,deprivation,secondary,deprivation_2017_ccpp,33,outcome_mserd_fuzzy,fuzzy_late,rdrobust,selected_bc_linked,cr2 cluster_dist,1,2,triangular,mserd,,.0068145911965962,.0068145911,.013353662,.013353662,100,419,37,19,42,-5.172902584601187,-4.975337,10.30835,.62934339,-25.179331,15.228656,46.64293099364713,9.8060474,-.5073743761194833,-2.567735,1.5529861,.8113819898620274,.907426,.22234254,16.656254,,,0,1,.6293433904647827
S26,cpv2017_hh_share_split,Source households split across destinations,migration,secondary,migration_2017_ccpp,34,common_h_fuzzy,fuzzy_late,rdrobust,selected_bc_linked,cr2 cluster_dist,1,2,triangular,manual,,.0075,.0074999998,.0135,.0135,100,425,42,22,44,-1.719073534439508,-.83099157,12.168277,.94555348,-24.680376,23.018393,28.14714018965051,13.672181,-.0607797384988592,-1.8051529,1.6835934,.8439255982092024,.97083229,.21248436,20.875383,,,0,1,.9455534815788269
S26,cpv2017_hh_share_split,Source households split across destinations,migration,secondary,migration_2017_ccpp,34,common_h_reduced_form,reduced_form,rdrobust,selected_bc_linked,cr2 cluster_dist,1,2,triangular,manual,,.0075,.0074999998,.0135,.0135,100,425,42,22,44,-1.450770160917469,-.91945702,10.116803,.92758465,-20.748026,18.909113,28.14714018965051,13.672181,-.0672502084661388,-1.517536,1.3830355,,,,,,,0,1,.9275846481323242
S26,cpv2017_hh_share_split,Source households split across destinations,migration,secondary,migration_2017_ccpp,34,outcome_cerrd_fuzzy,fuzzy_late,rdrobust,selected_bc_linked,cr2 cluster_dist,1,2,triangular,cerrd,,.0091200579680494,.0091200583,.019203007,.019203007,100,425,53,29,53,-4.816298132260624,-5.8173265,10.787333,.5896979,-26.96011,15.325458,27.10542526306971,13.794045,-.4217273823345972,-1.9544746,1.1110198,.7413717434831555,.79661286,.19177267,17.255249,,,0,1,.5896978974342346
S26,cpv2017_hh_share_split,Source households split across destinations,migration,secondary,migration_2017_ccpp,34,outcome_mserd_fuzzy,fuzzy_late,rdrobust,selected_bc_linked,cr2 cluster_dist,1,2,triangular,mserd,,.011735840100637,.01173584,.019203007,.019203007,100,425,62,37,57,-7.07517252776571,-8.6615744,12.667924,.49413899,-33.49025,16.167101,26.33024603729287,13.548755,-.6392892907498978,-2.4718323,1.1932536,.5755014121089896,.65741378,.19389093,11.496422,,,0,1,.7093536257743835
S27,cpv2017_member_wb_core,Person-weighted core wellbeing proxy,wellbeing,secondary,wellbeing_2017_ccpp,35,common_h_fuzzy,fuzzy_late,rdrobust,selected_bc_linked,cr2 cluster_dist,1,2,triangular,manual,,.0075,.0074999998,.0135,.0135,100,419,40,22,44,12.36501117695931,12.939734,10.43946,.21515958,-7.5212321,33.4007,57.66172445931745,11.487222,1.126445824073637,-.65474766,2.9076393,.8403214368143909,.97192824,.21644822,20.163242,,,0,1,.7447179555892944
S27,cpv2017_member_wb_core,Person-weighted core wellbeing proxy,wellbeing,secondary,wellbeing_2017_ccpp,35,common_h_reduced_form,reduced_form,rdrobust,selected_bc_linked,cr2 cluster_dist,1,2,triangular,manual,,.0075,.0074999998,.0135,.0135,100,419,40,22,44,10.39058395844845,12.500854,7.6111641,.10049954,-2.4167523,27.418463,57.66172445931745,11.487222,1.088240022686544,-.21038614,2.3868661,,,,,,,0,.5024977028369904,.5024977028369904
S27,cpv2017_member_wb_core,Person-weighted core wellbeing proxy,wellbeing,secondary,wellbeing_2017_ccpp,35,outcome_cerrd_fuzzy,fuzzy_late,rdrobust,selected_bc_linked,cr2 cluster_dist,1,2,triangular,cerrd,,.0054020275775122,.0054020276,.013428792,.013428792,100,419,31,16,39,13.66891666383675,13.52006,13.052299,.30027798,-12.061975,39.102093,56.37886461032797,11.717352,1.153849353877113,-1.0294113,3.33711,.7819193475972984,.84015107,.2184799,14.787398,,,0,1,.8311382532119751
S27,cpv2017_member_wb_core,Person-weighted core wellbeing proxy,wellbeing,secondary,wellbeing_2017_ccpp,35,outcome_mserd_fuzzy,fuzzy_late,rdrobust,selected_bc_linked,cr2 cluster_dist,1,2,triangular,mserd,,.006951417643508,.0069514178,.013428792,.013428792,100,419,37,19,42,13.11875294540163,13.227207,11.466577,.24868691,-9.2468691,35.701283,57.43816917426287,11.626311,1.137695934231352,-.79533982,3.0707316,.8181581195995866,.9205246,.22064857,17.404779,,,0,1,.7420149445533752
E01,ln_gdp_ccpp_2017,Log estimated CCPP GDP,economic,exploratory,economic_2017_ccpp,36,common_h_fuzzy,fuzzy_late,rdrobust,selected_bc_gdp,cr2 cluster_dist,1,2,triangular,manual,,.0075,.0074999998,.0135,.0135,1,492,43,23,45,1.268655101181616,1.2076981,1.2209193,.32257938,-1.1852596,3.6006558,5.919962115722726,1.8366185,.6575661552361917,-.64534879,1.9604812,.8586479810563241,.99220181,.20735034,22.897629,,,0,.6451587677001953,.3227066993713379
E01,ln_gdp_ccpp_2017,Log estimated CCPP GDP,economic,exploratory,economic_2017_ccpp,36,common_h_reduced_form,reduced_form,rdrobust,selected_bc_gdp,cr2 cluster_dist,1,2,triangular,manual,,.0075,.0074999998,.0135,.0135,1,492,43,23,45,1.089328141286401,1.2064214,.98086917,.21871532,-.71604693,3.1288896,5.919962115722726,1.8366185,.6568709540063361,-.38987243,1.7036144,,,,,,,0,.4374306499958038,.2188399136066437
E01,ln_gdp_ccpp_2017,Log estimated CCPP GDP,economic,exploratory,economic_2017_ccpp,36,outcome_cerrd_fuzzy,fuzzy_late,rdrobust,selected_bc_gdp,cr2 cluster_dist,1,2,triangular,cerrd,,.0090897735688395,.0090897735,.019467566,.019467566,1,492,54,30,53,.9704456088018338,.84963995,1.1185533,.44750074,-1.3426841,3.0419641,5.734993784035156,1.7901752,.4746127479504582,-.7500295,1.699255,.7583300520256533,.81376976,.19249228,17.872137,,,0,.59154212474823,.4475007355213165
E01,ln_gdp_ccpp_2017,Log estimated CCPP GDP,economic,exploratory,economic_2017_ccpp,36,outcome_mserd_fuzzy,fuzzy_late,rdrobust,selected_bc_gdp,cr2 cluster_dist,1,2,triangular,mserd,,.0118527911843758,.011852792,.019467566,.019467566,1,492,63,39,57,.6822498920950676,.48067382,1.3546424,.72271359,-2.1743765,3.1357241,5.678153015005648,1.7830391,.269581195384468,-1.2194777,1.7586401,.5758419326367443,.66095793,.19507065,11.480577,,,0,1,.7227135896682739
E02,ihs_gdp_ccpp_2017,Inverse-hyperbolic-sine estimated CCPP GDP,economic,exploratory,economic_2017_ccpp,37,common_h_fuzzy,fuzzy_late,rdrobust,selected_bc_gdp,cr2 cluster_dist,1,2,triangular,manual,,.0075,.0074999998,.0135,.0135,1,495,43,23,45,1.268061739318484,1.2070979,1.2206336,.3227067,-1.1852999,3.5994956,6.613251987815664,1.836336,.6573404444569989,-.64547008,1.960151,.8586479810563241,.99220181,.20735034,22.897629,,,0,.6451587677001953,.3227066993713379
E02,ihs_gdp_ccpp_2017,Inverse-hyperbolic-sine estimated CCPP GDP,economic,exploratory,economic_2017_ccpp,37,common_h_reduced_form,reduced_form,rdrobust,selected_bc_gdp,cr2 cluster_dist,1,2,triangular,manual,,.0075,.0074999998,.0135,.0135,1,495,43,23,45,1.088818652320587,1.2058266,.9806509,.21883991,-.71621376,3.1278672,6.613251987815664,1.836336,.6566481851852193,-.39002326,1.7033197,,,,,,,0,.4374306499958038,.2188399136066437
E02,ihs_gdp_ccpp_2017,Inverse-hyperbolic-sine estimated CCPP GDP,economic,exploratory,economic_2017_ccpp,37,outcome_cerrd_fuzzy,fuzzy_late,rdrobust,selected_bc_gdp,cr2 cluster_dist,1,2,triangular,cerrd,,.0071581360152044,.007158136,.016550042,.016550042,1,495,41,21,44,1.329807571573159,1.2390141,1.1850412,.29577106,-1.083624,3.5616522,6.647771389232174,1.8580476,.6668365771178192,-.5832057,1.9168788,.8477106499975419,.90804422,.20266408,20.075228,,,0,.59154212474823,.4475007355213165
E02,ihs_gdp_ccpp_2017,Inverse-hyperbolic-sine estimated CCPP GDP,economic,exploratory,economic_2017_ccpp,37,outcome_mserd_fuzzy,fuzzy_late,rdrobust,selected_bc_gdp,cr2 cluster_dist,1,2,triangular,mserd,,.0093385931419975,.0093385931,.016550042,.016550042,1,495,54,31,53,.894928163718776,.74971879,1.1873947,.52778023,-1.5775321,3.0769696,6.42828700341296,1.7899082,.4188588090036242,-.88134801,1.7190657,.7303871112983479,.84923488,.19465217,19.034313,,,0,1,.7227135896682739
M01,cpv2017_share_internet,Residents exposed to household internet,connectivity,mechanism,mechanism_2017_ccpp,38,common_h_fuzzy,fuzzy_late,rdrobust,selected_bc_linked,cr2 cluster_dist,1,2,triangular,manual,,.0075,.0074999998,.0135,.0135,100,423,41,22,44,3.006584339716322,3.7356181,3.6821144,.31032959,-3.4811935,10.95243,4.025036747362918,4.860167,.7686192895858005,-.71627033,2.253509,.8360431990167221,.96453828,.21611348,19.919352,,,0,.6206591725349426,.6206591725349426
M01,cpv2017_share_internet,Residents exposed to household internet,connectivity,mechanism,mechanism_2017_ccpp,38,common_h_reduced_form,reduced_form,rdrobust,selected_bc_linked,cr2 cluster_dist,1,2,triangular,manual,,.0075,.0074999998,.0135,.0135,100,423,41,22,44,2.513634389490013,3.5094693,2.790714,.20855366,-1.9602298,8.9791689,4.025036747362918,4.860167,.7220882276935272,-.40332562,1.8475021,,,,,,,0,.4171073138713837,.4171073138713837
M01,cpv2017_share_internet,Residents exposed to household internet,connectivity,mechanism,mechanism_2017_ccpp,38,outcome_cerrd_fuzzy,fuzzy_late,rdrobust,selected_bc_linked,cr2 cluster_dist,1,2,triangular,cerrd,,.0060799551811084,.006079955,.013787084,.013787084,100,423,36,16,41,5.273055802682775,5.2636886,4.5718265,.24959584,-3.6969268,14.224304,4.100678689105229,4.8042593,1.095629493387925,-.76951027,2.9607692,.7765183096956766,.83982533,.22265595,14.226869,,,0,.4991916716098785,.4991916716098785
M01,cpv2017_share_internet,Residents exposed to household internet,connectivity,mechanism,mechanism_2017_ccpp,38,outcome_mserd_fuzzy,fuzzy_late,rdrobust,selected_bc_linked,cr2 cluster_dist,1,2,triangular,mserd,,.0078237859972494,.0078237858,.013787084,.013787084,100,423,46,22,46,2.724883841106059,3.5536671,3.5907285,.32233125,-3.4840314,10.591366,4.472693611624772,5.2924271,.6714626362612178,-.65830499,2.0012302,.835962081016617,.97715122,.21216621,21.211489,,,0,.6446624994277954,.6446624994277954
M02,wellbeing_connectivity_2017,Connectivity wellbeing domain,connectivity,mechanism,mechanism_2017_ccpp,39,common_h_fuzzy,fuzzy_late,rdrobust,selected_bc_linked,cr2 cluster_dist,1,2,triangular,manual,,.0075,.0074999998,.0135,.0135,100,423,41,22,44,.7325702160475259,1.0929793,7.2773228,.88061494,-13.170311,15.35627,23.5123106048363,9.5761967,.114135007434869,-1.3753176,1.6035876,.8360431990167221,.96453828,.21611348,19.919352,,,0,.8806149363517761,.8806149363517761
M02,wellbeing_connectivity_2017,Connectivity wellbeing domain,connectivity,mechanism,mechanism_2017_ccpp,39,common_h_reduced_form,reduced_form,rdrobust,selected_bc_linked,cr2 cluster_dist,1,2,triangular,manual,,.0075,.0074999998,.0135,.0135,100,423,41,22,44,.6124603469287448,1.0079095,5.9980378,.86655188,-10.748028,12.763847,23.5123106048363,9.5761967,.1052515510464567,-1.1223692,1.3328723,,,,,,,0,.8665518760681152,.8665518760681152
M02,wellbeing_connectivity_2017,Connectivity wellbeing domain,connectivity,mechanism,mechanism_2017_ccpp,39,outcome_cerrd_fuzzy,fuzzy_late,rdrobust,selected_bc_linked,cr2 cluster_dist,1,2,triangular,cerrd,,.0108198702846093,.01081987,.021296283,.021296283,100,423,60,33,54,.7155690847583729,.47473341,8.1827841,.95373577,-15.563229,16.512695,24.08366370471157,9.8408575,.0482410612649976,-1.5814911,1.6779733,.6008861311177575,.6509558,.19582275,11.050368,,,0,.9537357687950134,.9537357687950134
M02,wellbeing_connectivity_2017,Connectivity wellbeing domain,connectivity,mechanism,mechanism_2017_ccpp,39,outcome_mserd_fuzzy,fuzzy_late,rdrobust,selected_bc_linked,cr2 cluster_dist,1,2,triangular,mserd,,.0139231864550273,.013923187,.021296283,.021296283,100,423,70,40,63,.1679694506131657,-.11738156,9.6289005,.99027359,-18.989679,18.754917,24.55510464979624,9.6433344,-.0121723000026499,-1.9692026,1.944858,.5028676505207448,.57243878,.19224462,8.8664484,,,0,.9902735948562622,.9902735948562622
