outcome_id,outcome_var,outcome_label,family,tier,multiplicity_family,paper_order,spec_id,estimand,estimator,sample_rule,vce,p,q,kernel,bwselect,tuning_value,h_left,h_right,b_left,b_right,scale,n_input,n_eff_left,n_eff_right,clusters,estimate_cl,estimate_bc,standard_error,pvalue,ci_low,ci_high,control_mean,control_sd,standardized_estimate,standardized_ci_low,standardized_ci_high,first_stage_cl,first_stage_bc,first_stage_se,first_stage_f,weak_robust_p,wild_cluster_p,estimation_rc,p_holm,q_bh
D01,treat_12,Treatment through 2012: full B/C design universe,design,design,design,-3,common_h_design,first_stage,rdrobust,selected_bc,cr2 cluster_dist,1,2,triangular,manual,,.0075,.0074999998,.0135,.0135,1,549,45,26,48,.6526974325887452,.7706635,.22558643,.00063485937,.32852224,1.2128048,.3333333333333333,.4767313,1.616557405765751,.68911403,2.5440009,,,,,,,0,,
D02,treat_12,Treatment through 2012: linked primary sample,design,design,design,-2,common_h_primary,first_stage,rdrobust,selected_bc_linked,cr2 cluster_dist,1,2,triangular,manual,,.0075,.0074999998,.0135,.0135,1,487,43,22,45,.6720353021488914,.78113091,.23184101,.00075372367,.32673085,1.235531,.3488372093023256,.48224282,1.619787504525602,.67752355,2.5620515,,,,,,,0,,
D03,treat_12,Treatment through 2012: MSE selector,design,design,design,-1,mserd_design,first_stage,rdrobust,selected_bc,cr2 cluster_dist,1,2,triangular,mserd,,.0074356901389622,.0074356901,.013481461,.013481461,1,549,45,25,48,.6523837157879847,.76780421,.22596149,.00067894632,.32492784,1.2106806,.3333333333333333,.4767313,1.610559733933914,.68157434,2.5395451,,,,,,,0,,
P01,ln_sisfoh2013_population,Log rostered population,demography,primary,primary_2013_ccpp,1,common_h_covariates,fuzzy_late,rdrobust,selected_bc_primary,cr2 cluster_dist,1,2,triangular,manual,,.0075,.0074999998,.0135,.0135,1,462,41,22,43,.0929350729859888,.15249497,.24309412,.53045714,-.32396075,.62895066,4.71255793693885,1.1692562,.1304204822370281,-.27706566,.53790665,.6504989846138965,.75404376,.19022626,15.712748,,,0,1,.7216639518737793
P01,ln_sisfoh2013_population,Log rostered population,demography,primary,primary_2013_ccpp,1,common_h_cr1,fuzzy_late,rdrobust,selected_bc_primary,cr1 cluster_dist,1,2,triangular,manual,,.0075,.0074999998,.0135,.0135,1,487,43,22,45,.6140960585701957,.65529013,1.1896868,.58176464,-1.6764532,2.9870334,4.744869298055824,1.1517433,.5689550162811319,-1.4555789,2.5934889,.6720353021488914,.78113091,.22599746,11.946495,,,0,1,.7266556876046316
P01,ln_sisfoh2013_population,Log rostered population,demography,primary,primary_2013_ccpp,1,common_h_cr3,fuzzy_late,rdrobust,selected_bc_primary,cr3 cluster_dist,1,2,triangular,manual,,.0075,.0074999998,.0135,.0135,1,487,43,22,45,.6140960585701957,.65529013,1.2911271,.61178064,-1.8752725,3.1858528,4.744869298055824,1.1517433,.5689550162811319,-1.6282035,2.7661135,.6720353021488914,.78113091,.24833858,9.893712,,,0,1,.7596393312726701
P01,ln_sisfoh2013_population,Log rostered population,demography,primary,primary_2013_ccpp,1,common_h_epanechnikov,fuzzy_late,rdrobust,selected_bc_primary,cr2 cluster_dist,1,2,epanechnikov,manual,,.0075,.0074999998,.0135,.0135,1,487,43,22,45,.6958250655380789,.73750263,1.1575845,.52405661,-1.5313214,3.0063267,4.744869298055824,1.1517433,.6403359493866699,-1.3295684,2.6102402,.6822543313350309,.80355632,.23737378,11.459538,,,0,1,.7079612186976841
P01,ln_sisfoh2013_population,Log rostered population,demography,primary,primary_2013_ccpp,1,common_h_fuzzy,fuzzy_late,rdrobust,selected_bc_primary,cr2 cluster_dist,1,2,triangular,manual,,.0075,.0074999998,.0135,.0135,1,487,43,22,45,.6140960585701957,.65529013,1.2186223,.59076327,-1.7331657,3.043746,4.744869298055824,1.1517433,.5689550162811319,-1.5048195,2.6427295,.6720353021488914,.78113091,.23184101,11.351862,,,0,1,.7364078249250139
P01,ln_sisfoh2013_population,Log rostered population,demography,primary,primary_2013_ccpp,1,common_h_hc3,fuzzy_late,rdrobust,selected_bc_primary,hc3,1,2,triangular,manual,,.0075,.0074999998,.0135,.0135,1,487,43,22,45,.6140960585701957,.65529013,1.3112652,.61725903,-1.9147426,3.2253227,4.744869298055824,1.1517433,.5689550162811319,-1.6624734,2.8003833,.6720353021488914,.78113091,.24998967,9.7634544,,,0,1,.7375334330967493
P01,ln_sisfoh2013_population,Log rostered population,demography,primary,primary_2013_ccpp,1,common_h_nn,fuzzy_late,rdrobust,selected_bc_primary,nn 3,1,2,triangular,manual,,.0075,.0074999998,.0135,.0135,1,487,43,22,45,.6140960585701957,.65529013,1.4129606,.64281183,-2.1140618,3.4246421,4.744869298055824,1.1517433,.5689550162811319,-1.8355322,2.9734423,.6720353021488914,.78113091,.20958601,13.890666,,,0,1,.7486917631966726
P01,ln_sisfoh2013_population,Log rostered population,demography,primary,primary_2013_ccpp,1,common_h_reduced_form,reduced_form,rdrobust,selected_bc_primary,cr2 cluster_dist,1,2,triangular,manual,,.0075,.0074999998,.0135,.0135,1,487,43,22,45,.4126942302696648,.50737327,.78305,.51702058,-1.0273765,2.0421231,4.744869298055824,1.1517433,.440526352553074,-.89201868,1.7730714,,,,,,,0,1,.6651390620640346
P01,ln_sisfoh2013_population,Log rostered population,demography,primary,primary_2013_ccpp,1,common_h_uniform,fuzzy_late,rdrobust,selected_bc_primary,cr2 cluster_dist,1,2,uniform,manual,,.0075,.0074999998,.0135,.0135,1,487,43,22,45,.5055416643646858,.41638103,.91686487,.64973116,-1.3806411,2.2134032,4.744869298055824,1.1517433,.3615224355141716,-1.1987402,1.9217851,.7491927348941996,.8783322,.24311228,13.052804,,,0,1,.753040177481515
P01,ln_sisfoh2013_population,Log rostered population,demography,primary,primary_2013_ccpp,1,donut_005,fuzzy_late,rdrobust,selected_bc_primary,cr2 cluster_dist,1,2,triangular,manual,.00005,.0075,.0074999998,.0135,.0135,1,487,43,22,45,.6140960585701957,.65529013,1.2186223,.59076327,-1.7331657,3.043746,4.744869298055824,1.1517433,.5689550162811319,-1.5048195,2.6427295,.6720353021488914,.78113091,.23184101,11.351862,,,0,1,.7364078249250139
P01,ln_sisfoh2013_population,Log rostered population,demography,primary,primary_2013_ccpp,1,donut_025,fuzzy_late,rdrobust,selected_bc_primary,cr2 cluster_dist,1,2,triangular,manual,.00025,.0075,.0074999998,.0135,.0135,1,486,43,21,44,.9468149153712133,1.0267529,1.6235261,.52711147,-2.1552997,4.2088056,4.744869298055824,1.1517433,.8914772343638339,-1.8713369,3.6542914,.5876915334503652,.69047242,.28702703,5.7869143,,,0,1,.7028152942657471
P01,ln_sisfoh2013_population,Log rostered population,demography,primary,primary_2013_ccpp,1,fixed_h_005,fuzzy_late,rdrobust,selected_bc_primary,cr2 cluster_dist,1,2,triangular,manual,.005,.005,.0049999999,.0089999996,.0089999996,1,487,29,15,36,.3286754758161926,.36090949,1.6502882,.82688779,-2.873596,3.5954149,4.741419114416744,1.3569142,.2659781313767638,-2.1177435,2.6496997,.5965733413796614,.63612133,.26744443,5.6573467,,,0,1,.9960062503814697
P01,ln_sisfoh2013_population,Log rostered population,demography,primary,primary_2013_ccpp,1,fixed_h_010,fuzzy_late,rdrobust,selected_bc_primary,cr2 cluster_dist,1,2,triangular,manual,.01,.01,.0099999998,.017999999,.017999999,1,487,59,31,54,.4633677285558316,.44047624,1.2225271,.71862298,-1.955633,2.8365855,4.688337490153146,1.1282032,.3904228015854666,-1.733405,2.5142505,.5345445510201752,.61371577,.22186264,7.6518455,,,0,1,.8245272040367126
P01,ln_sisfoh2013_population,Log rostered population,demography,primary,primary_2013_ccpp,1,outcome_cerrd_fuzzy,fuzzy_late,rdrobust,selected_bc_primary,cr2 cluster_dist,1,2,triangular,cerrd,,.0099107807508906,.0099107809,.021383179,.021383179,1,487,56,31,54,.4664189217923232,.38849413,1.1654676,.7388795,-1.8957803,2.6727686,4.694637927762564,1.1494975,.3379686663890243,-1.6492252,2.3251626,.5407561763646594,.58619189,.21848819,7.1981959,,,0,1,.7589448690414429
P01,ln_sisfoh2013_population,Log rostered population,demography,primary,primary_2013_ccpp,1,outcome_mserd_fuzzy,fuzzy_late,rdrobust,selected_bc_primary,cr2 cluster_dist,1,2,triangular,mserd,,.0129265511957336,.012926552,.021383179,.021383179,1,487,69,38,61,.3085490204267274,.18482216,1.3897477,.89420152,-2.5390334,2.9086776,4.669426914250148,1.1607317,.1592290034430572,-2.1874421,2.5059001,.4273748192159068,.49487147,.21441181,5.3270583,,,0,1,.8942015171051025
P01,ln_sisfoh2013_population,Log rostered population,demography,primary,primary_2013_ccpp,1,outcome_mserd_p2,fuzzy_late,rdrobust,selected_bc_primary,cr2 cluster_dist,2,3,triangular,mserd,,.0159200101175477,.015920009,.024660395,.024660395,1,487,89,46,73,.469188722395519,.48184836,1.1906767,.68570948,-1.8518351,2.815532,4.64728422802422,1.2155004,.3964197464761989,-1.5235168,2.3163562,.6242311553026316,.70453548,.23241158,9.1894665,,,0,1,.7052091360092163
P01,ln_sisfoh2013_population,Log rostered population,demography,primary,primary_2013_ccpp,1,parametric_common_h,parametric_late,ivreg2,selected_bc_primary,cr1 cluster_dist,1,2,triangular,manual,.0075,.0075,.0074999998,.0135,.0135,1,65,,,45,.6140960585701828,.61409605,1.0014096,.53972322,-1.3486669,2.576859,4.744869298055824,1.1517433,.5331883115068961,-1.1709788,2.2373555,,,,10.486603,.5353641041763305,.57531506,0,1,.7065946459770203
P01,ln_sisfoh2013_population,Log rostered population,demography,primary,primary_2013_ccpp,1,parametric_covariates,parametric_late,ivreg2,selected_bc_primary,cr1 cluster_dist,1,2,triangular,manual,.0075,.0075,.0074999998,.0135,.0135,1,63,,,43,.0929350729864345,.09293507,.18577409,.61689305,-.27118215,.45705229,4.71255793693885,1.1692562,.0794822132126149,-.23192704,.39089146,,,,11.010422,.6490657087143605,.64692938,0,1,.7050206320626394
P02,ln_sisfoh2013_households,Log rostered households,demography,primary,primary_2013_ccpp,2,common_h_covariates,fuzzy_late,rdrobust,selected_bc_primary,cr2 cluster_dist,1,2,triangular,manual,,.0075,.0074999998,.0135,.0135,1,462,41,22,43,.130143961663577,.18740715,.30937302,.54467124,-.41895285,.79376715,3.60458149167931,1.0526391,.1780355217620229,-.39800236,.75407344,.6504989846138965,.75404376,.19022626,15.712748,,,0,1,.7216639518737793
P02,ln_sisfoh2013_households,Log rostered households,demography,primary,primary_2013_ccpp,2,common_h_cr1,fuzzy_late,rdrobust,selected_bc_primary,cr1 cluster_dist,1,2,triangular,manual,,.0075,.0074999998,.0135,.0135,1,487,43,22,45,.5561461175047422,.59130561,1.0830612,.58509499,-1.5314553,2.7140665,3.635388250957234,1.0373689,.5700051436129837,-1.476288,2.6162982,.6720353021488914,.78113091,.22599746,11.946495,,,0,1,.7266556876046316
P02,ln_sisfoh2013_households,Log rostered households,demography,primary,primary_2013_ccpp,2,common_h_cr3,fuzzy_late,rdrobust,selected_bc_primary,cr3 cluster_dist,1,2,triangular,manual,,.0075,.0074999998,.0135,.0135,1,487,43,22,45,.5561461175047422,.59130561,1.1905007,.61941016,-1.742033,2.9246442,3.635388250957234,1.0373689,.5700051436129837,-1.6792802,2.8192904,.6720353021488914,.78113091,.24833858,9.893712,,,0,1,.7596393312726701
P02,ln_sisfoh2013_households,Log rostered households,demography,primary,primary_2013_ccpp,2,common_h_epanechnikov,fuzzy_late,rdrobust,selected_bc_primary,cr2 cluster_dist,1,2,epanechnikov,manual,,.0075,.0074999998,.0135,.0135,1,487,43,22,45,.6967824106469085,.74820995,1.0794669,.48822856,-1.3675065,2.8639264,3.635388250957234,1.0373689,.7212573212559314,-1.3182451,2.7607596,.6822543313350309,.80355632,.23737378,11.459538,,,0,1,.7079612186976841
P02,ln_sisfoh2013_households,Log rostered households,demography,primary,primary_2013_ccpp,2,common_h_fuzzy,fuzzy_late,rdrobust,selected_bc_primary,cr2 cluster_dist,1,2,triangular,manual,,.0075,.0074999998,.0135,.0135,1,487,43,22,45,.5561461175047422,.59130561,1.1149601,.59587765,-1.5939759,2.7765872,3.635388250957234,1.0373689,.5700051436129837,-1.5365565,2.6765668,.6720353021488914,.78113091,.23184101,11.351862,,,0,1,.7364078249250139
P02,ln_sisfoh2013_households,Log rostered households,demography,primary,primary_2013_ccpp,2,common_h_hc3,fuzzy_late,rdrobust,selected_bc_primary,hc3,1,2,triangular,manual,,.0075,.0074999998,.0135,.0135,1,487,43,22,45,.5561461175047422,.59130561,1.2093937,.62489313,-1.7790624,2.9616737,3.635388250957234,1.0373689,.5700051436129837,-1.7149756,2.854986,.6720353021488914,.78113091,.24998967,9.7634544,,,0,1,.7375334330967493
P02,ln_sisfoh2013_households,Log rostered households,demography,primary,primary_2013_ccpp,2,common_h_nn,fuzzy_late,rdrobust,selected_bc_primary,nn 3,1,2,triangular,manual,,.0075,.0074999998,.0135,.0135,1,487,43,22,45,.5561461175047422,.59130561,1.2295657,.63058329,-1.818599,3.0012102,3.635388250957234,1.0373689,.5700051436129837,-1.753088,2.8930984,.6720353021488914,.78113091,.20958601,13.890666,,,0,1,.7486917631966726
P02,ln_sisfoh2013_households,Log rostered households,demography,primary,primary_2013_ccpp,2,common_h_reduced_form,reduced_form,rdrobust,selected_bc_primary,cr2 cluster_dist,1,2,triangular,manual,,.0075,.0074999998,.0135,.0135,1,487,43,22,45,.3737498241162323,.45805135,.70307869,.51472783,-.91995758,1.8360603,3.635388250957234,1.0373689,.4415510564195482,-.88681817,1.7699202,,,,,,,0,1,.6651390620640346
P02,ln_sisfoh2013_households,Log rostered households,demography,primary,primary_2013_ccpp,2,common_h_uniform,fuzzy_late,rdrobust,selected_bc_primary,cr2 cluster_dist,1,2,uniform,manual,,.0075,.0074999998,.0135,.0135,1,487,43,22,45,.5599409185462001,.56601262,.84867609,.50481302,-1.0973619,2.2293873,3.635388250957234,1.0373689,.5456232846168209,-1.0578319,2.1490784,.7491927348941996,.8783322,.24311228,13.052804,,,0,1,.753040177481515
P02,ln_sisfoh2013_households,Log rostered households,demography,primary,primary_2013_ccpp,2,donut_005,fuzzy_late,rdrobust,selected_bc_primary,cr2 cluster_dist,1,2,triangular,manual,.00005,.0075,.0074999998,.0135,.0135,1,487,43,22,45,.5561461175047422,.59130561,1.1149601,.59587765,-1.5939759,2.7765872,3.635388250957234,1.0373689,.5700051436129837,-1.5365565,2.6765668,.6720353021488914,.78113091,.23184101,11.351862,,,0,1,.7364078249250139
P02,ln_sisfoh2013_households,Log rostered households,demography,primary,primary_2013_ccpp,2,donut_025,fuzzy_late,rdrobust,selected_bc_primary,cr2 cluster_dist,1,2,triangular,manual,.00025,.0075,.0074999998,.0135,.0135,1,486,43,21,44,.9613722417890489,1.0521765,1.5413295,.49483299,-1.9687737,4.0731268,3.635388250957234,1.0373689,1.014274165904844,-1.897853,3.9264014,.5876915334503652,.69047242,.28702703,5.7869143,,,0,1,.7028152942657471
P02,ln_sisfoh2013_households,Log rostered households,demography,primary,primary_2013_ccpp,2,fixed_h_005,fuzzy_late,rdrobust,selected_bc_primary,cr2 cluster_dist,1,2,triangular,manual,.005,.005,.0049999999,.0089999996,.0089999996,1,487,29,15,36,.0444937318719008,-.0069836308,1.3952032,.99600625,-2.7415318,2.7275646,3.636992238503415,1.2017065,-.0058114278859345,-2.2813654,2.2697427,.5965733413796614,.63612133,.26744443,5.6573467,,,0,1,.9960062503814697
P02,ln_sisfoh2013_households,Log rostered households,demography,primary,primary_2013_ccpp,2,fixed_h_010,fuzzy_late,rdrobust,selected_bc_primary,cr2 cluster_dist,1,2,triangular,manual,.01,.01,.0099999998,.017999999,.017999999,1,487,59,31,54,.5063477967719967,.55892593,1.1015555,.61187631,-1.6000832,2.7179351,3.618662925020271,.9900676,.5645330791192372,-1.6161354,2.7452016,.5345445510201752,.61371577,.22186264,7.6518455,,,0,1,.8245272040367126
P02,ln_sisfoh2013_households,Log rostered households,demography,primary,primary_2013_ccpp,2,outcome_cerrd_fuzzy,fuzzy_late,rdrobust,selected_bc_primary,cr2 cluster_dist,1,2,triangular,cerrd,,.0108740722072353,.010874072,.022286139,.022286139,1,487,62,32,54,.4887768952990535,.45390981,1.1125649,.68328464,-1.7266773,2.6344969,3.555110258464957,1.0251554,.4427717015528727,-1.6843078,2.5698512,.4866106191280717,.52670485,.21819453,5.8270245,,,0,1,.7589448690414429
P02,ln_sisfoh2013_households,Log rostered households,demography,primary,primary_2013_ccpp,2,outcome_mserd_fuzzy,fuzzy_late,rdrobust,selected_bc_primary,cr2 cluster_dist,1,2,triangular,mserd,,.0141829644531587,.014182964,.022286139,.022286139,1,487,72,40,63,.4050514695822579,.35115805,1.3026605,.78749114,-2.2020094,2.9043255,3.626379753311502,1.1233892,.3125880664716219,-1.9601483,2.5853245,.3976228663595817,.45608208,.21174394,4.6394238,,,0,1,.8942015171051025
P02,ln_sisfoh2013_households,Log rostered households,demography,primary,primary_2013_ccpp,2,outcome_mserd_p2,fuzzy_late,rdrobust,selected_bc_primary,cr2 cluster_dist,2,3,triangular,mserd,,.0172588815428295,.017258881,.025937865,.025937865,1,487,98,52,77,.5254752247884229,.59527439,1.1445183,.60298753,-1.6479403,2.8384891,3.566607072420053,1.1050439,.5386884591180165,-1.4912894,2.5686662,.5748484736924784,.66192579,.23062171,8.2379332,,,0,1,.7052091360092163
P02,ln_sisfoh2013_households,Log rostered households,demography,primary,primary_2013_ccpp,2,parametric_common_h,parametric_late,ivreg2,selected_bc_primary,cr1 cluster_dist,1,2,triangular,manual,.0075,.0075,.0074999998,.0135,.0135,1,65,,,45,.5561461175047386,.55614614,.90446472,.53862751,-1.2166047,2.328897,3.635388250957234,1.0373689,.5361121804925884,-1.1727792,2.2450035,,,,10.486603,.5260616415468374,.56471294,0,1,.7065946459770203
P02,ln_sisfoh2013_households,Log rostered households,demography,primary,primary_2013_ccpp,2,parametric_covariates,parametric_late,ivreg2,selected_bc_primary,cr1 cluster_dist,1,2,triangular,manual,.0075,.0075,.0074999998,.0135,.0135,1,63,,,43,.1301439616639696,.13014396,.21251844,.5402804,-.28639218,.54668009,3.60458149167931,1.0526391,.1236358799951799,-.27207065,.51934242,,,,11.010422,.5406715184762756,.57731545,0,1,.7050206320626394
P03,share_age_15_29_2013,Residents age 15-29,demography,primary,primary_2013_ccpp,3,common_h_covariates,fuzzy_late,rdrobust,selected_bc_primary,cr2 cluster_dist,1,2,triangular,manual,,.0075,.0074999998,.0135,.0135,100,462,41,22,43,-22.99023550105535,-24.029465,14.670562,.10143471,-52.783237,4.7243075,21.3964861216465,13.763603,-1.745870301485291,-3.8349869,.34324643,.6504989846138965,.75404376,.19022626,15.712748,,,0,.8114776611328125,.7216639518737793
P03,share_age_15_29_2013,Residents age 15-29,demography,primary,primary_2013_ccpp,3,common_h_cr1,fuzzy_late,rdrobust,selected_bc_primary,cr1 cluster_dist,1,2,triangular,manual,,.0075,.0074999998,.0135,.0135,100,487,43,22,45,-20.57820503659076,-20.919485,14.477459,.14846647,-49.294785,7.4558125,21.48634570451339,13.53303,-1.545809518940092,-3.6425536,.55093443,.6720353021488914,.78113091,.22599746,11.946495,,,0,1,.7266556876046316
P03,share_age_15_29_2013,Residents age 15-29,demography,primary,primary_2013_ccpp,3,common_h_cr3,fuzzy_late,rdrobust,selected_bc_primary,cr3 cluster_dist,1,2,triangular,manual,,.0075,.0074999998,.0135,.0135,100,487,43,22,45,-20.57820503659076,-20.919485,15.451048,.17576185,-51.202984,9.3640118,21.48634570451339,13.53303,-1.545809518940092,-3.7835567,.69193763,.6720353021488914,.78113091,.24833858,9.893712,,,0,1,.7596393312726701
P03,share_age_15_29_2013,Residents age 15-29,demography,primary,primary_2013_ccpp,3,common_h_epanechnikov,fuzzy_late,rdrobust,selected_bc_primary,cr2 cluster_dist,1,2,epanechnikov,manual,,.0075,.0074999998,.0135,.0135,100,487,43,22,45,-19.41296936486365,-19.93539,13.76621,.14757806,-46.916668,7.0458841,21.48634570451339,13.53303,-1.473091535825327,-3.4668267,.52064353,.6822543313350309,.80355632,.23737378,11.459538,,,0,1,.7079612186976841
P03,share_age_15_29_2013,Residents age 15-29,demography,primary,primary_2013_ccpp,3,common_h_fuzzy,fuzzy_late,rdrobust,selected_bc_primary,cr2 cluster_dist,1,2,triangular,manual,,.0075,.0074999998,.0135,.0135,100,487,43,22,45,-20.57820503659076,-20.919485,14.741403,.15587062,-49.812103,7.9731312,21.48634570451339,13.53303,-1.545809518940092,-3.6807799,.58916086,.6720353021488914,.78113091,.23184101,11.351862,,,0,1,.7364078249250139
P03,share_age_15_29_2013,Residents age 15-29,demography,primary,primary_2013_ccpp,3,common_h_hc3,fuzzy_late,rdrobust,selected_bc_primary,hc3,1,2,triangular,manual,,.0075,.0074999998,.0135,.0135,100,487,43,22,45,-20.57820503659076,-20.919485,15.523304,.17778124,-51.344604,9.5056314,21.48634570451339,13.53303,-1.545809518940092,-3.7940214,.70240229,.6720353021488914,.78113091,.24998967,9.7634544,,,0,1,.7375334330967493
P03,share_age_15_29_2013,Residents age 15-29,demography,primary,primary_2013_ccpp,3,common_h_nn,fuzzy_late,rdrobust,selected_bc_primary,nn 3,1,2,triangular,manual,,.0075,.0074999998,.0135,.0135,100,487,43,22,45,-20.57820503659076,-20.919485,16.56953,.20675908,-53.395168,11.556197,21.48634570451339,13.53303,-1.545809518940092,-3.9455445,.85392535,.6720353021488914,.78113091,.20958601,13.890666,,,0,1,.7486917631966726
P03,share_age_15_29_2013,Residents age 15-29,demography,primary,primary_2013_ccpp,3,common_h_reduced_form,reduced_form,rdrobust,selected_bc_primary,cr2 cluster_dist,1,2,triangular,manual,,.0075,.0074999998,.0135,.0135,100,487,43,22,45,-13.82928023944711,-16.303625,9.4547615,.084638841,-34.834618,2.2273684,21.48634570451339,13.53303,-1.204728364032654,-2.5740442,.16458756,,,,,,,0,.6771107316017151,.6651390620640346
P03,share_age_15_29_2013,Residents age 15-29,demography,primary,primary_2013_ccpp,3,common_h_uniform,fuzzy_late,rdrobust,selected_bc_primary,cr2 cluster_dist,1,2,uniform,manual,,.0075,.0074999998,.0135,.0135,100,487,43,22,45,-15.1023461542336,-16.154873,11.164421,.14789803,-38.036739,5.7269907,21.48634570451339,13.53303,-1.193736661164642,-2.8106594,.42318612,.7491927348941996,.8783322,.24311228,13.052804,,,0,1,.753040177481515
P03,share_age_15_29_2013,Residents age 15-29,demography,primary,primary_2013_ccpp,3,donut_005,fuzzy_late,rdrobust,selected_bc_primary,cr2 cluster_dist,1,2,triangular,manual,.00005,.0075,.0074999998,.0135,.0135,100,487,43,22,45,-20.57820503659076,-20.919485,14.741403,.15587062,-49.812103,7.9731312,21.48634570451339,13.53303,-1.545809518940092,-3.6807799,.58916086,.6720353021488914,.78113091,.23184101,11.351862,,,0,1,.7364078249250139
P03,share_age_15_29_2013,Residents age 15-29,demography,primary,primary_2013_ccpp,3,donut_025,fuzzy_late,rdrobust,selected_bc_primary,cr2 cluster_dist,1,2,triangular,manual,.00025,.0075,.0074999998,.0135,.0135,100,486,43,21,44,-22.41353423233112,-23.104351,18.476919,.2111374,-59.318447,13.109743,21.48634570451339,13.53303,-1.707256421477719,-4.383235,.96872193,.5876915334503652,.69047242,.28702703,5.7869143,,,0,1,.7028152942657471
P03,share_age_15_29_2013,Residents age 15-29,demography,primary,primary_2013_ccpp,3,fixed_h_005,fuzzy_late,rdrobust,selected_bc_primary,cr2 cluster_dist,1,2,triangular,manual,.005,.005,.0049999999,.0089999996,.0089999996,100,487,29,15,36,-26.70778272958291,-27.226515,22.242176,.22091678,-70.820381,16.367352,22.73502418917669,16.069996,-1.694245254482558,-4.4069943,1.0185037,.5965733413796614,.63612133,.26744443,5.6573467,,,0,1,.8506765365600586
P03,share_age_15_29_2013,Residents age 15-29,demography,primary,primary_2013_ccpp,3,fixed_h_010,fuzzy_late,rdrobust,selected_bc_primary,cr2 cluster_dist,1,2,triangular,manual,.01,.01,.0099999998,.017999999,.017999999,100,487,59,31,54,-20.26472415462587,-21.534472,15.593997,.16729549,-52.098145,9.0292006,20.45912351482439,12.362742,-1.741884623994013,-4.2141252,.7303558,.5345445510201752,.61371577,.22186264,7.6518455,,,0,1,.8245272040367126
P03,share_age_15_29_2013,Residents age 15-29,demography,primary,primary_2013_ccpp,3,outcome_cerrd_fuzzy,fuzzy_late,rdrobust,selected_bc_primary,cr2 cluster_dist,1,2,triangular,cerrd,,.0050580127570366,.0050580129,.013303508,.013303508,100,487,30,15,37,-26.74996727627289,-26.292856,20.222185,.19353291,-65.927612,13.341898,22.6068196791671,15.806103,-1.663462294412976,-4.1710224,.84409791,.5932651766890749,.63960469,.24033295,7.082664,,,0,1,.7589448690414429
P03,share_age_15_29_2013,Residents age 15-29,demography,primary,primary_2013_ccpp,3,outcome_mserd_fuzzy,fuzzy_late,rdrobust,selected_bc_primary,cr2 cluster_dist,1,2,triangular,mserd,,.0065971251403814,.006597125,.013303508,.013303508,100,487,39,17,41,-23.43171522461999,-23.182194,16.880861,.16966449,-56.26807,9.9036856,21.63517590586898,14.19815,-1.632761558546027,-3.9630566,.69753355,.6233605130939657,.7041502,.23786427,8.7633905,,,0,1,.8942015171051025
P03,share_age_15_29_2013,Residents age 15-29,demography,primary,primary_2013_ccpp,3,outcome_mserd_p2,fuzzy_late,rdrobust,selected_bc_primary,cr2 cluster_dist,2,3,triangular,mserd,,.0148609842032417,.014860984,.023623547,.023623547,100,487,80,42,67,-21.25707228403614,-21.243624,14.405637,.1403001,-49.478153,6.9909058,20.26236384893473,11.217408,-1.893808670008761,-4.4108367,.62321937,.6729545351441055,.74718684,.23372525,10.219912,,,0,1,.7052091360092163
P03,share_age_15_29_2013,Residents age 15-29,demography,primary,primary_2013_ccpp,3,parametric_common_h,parametric_late,ivreg2,selected_bc_primary,cr1 cluster_dist,1,2,triangular,manual,.0075,.0075,.0074999998,.0135,.0135,100,65,,,45,-20.57820503659083,-20.578205,11.734661,.079494633,-43.57814,2.4217303,21.48634570451339,13.53303,-1.520591151045624,-3.2201319,.17894961,,,,10.486603,.0933109303375355,.041208241,0,.6359570622444153,.6359570622444153
P03,share_age_15_29_2013,Residents age 15-29,demography,primary,primary_2013_ccpp,3,parametric_covariates,parametric_late,ivreg2,selected_bc_primary,cr1 cluster_dist,1,2,triangular,manual,.0075,.0075,.0074999998,.0135,.0135,100,63,,,43,-22.99023550105739,-22.990236,10.556903,.029425081,-43.681767,-2.2987053,21.3964861216465,13.763603,-1.670364629170588,-3.1737158,-.16701333,,,,11.010422,.0112216257918366,.04680936,0,.2354006469249725,.2354006469249725
P04,share_any_program_2013,Residents in any social program,social_protection,primary,primary_2013_ccpp,4,common_h_covariates,fuzzy_late,rdrobust,selected_bc_primary,cr2 cluster_dist,1,2,triangular,manual,,.0075,.0074999998,.0135,.0135,100,462,41,22,43,9.829670351801358,8.8449907,18.439409,.63145596,-27.295589,44.985569,31.13520183572343,13.993115,.6320958815867413,-1.9506441,3.2148359,.6504989846138965,.75404376,.19022626,15.712748,,,0,1,.7216639518737793
P04,share_any_program_2013,Residents in any social program,social_protection,primary,primary_2013_ccpp,4,common_h_cr1,fuzzy_late,rdrobust,selected_bc_primary,cr1 cluster_dist,1,2,triangular,manual,,.0075,.0074999998,.0135,.0135,100,487,43,22,45,5.769496034153377,5.3439641,18.987185,.77836442,-31.870232,42.558159,31.42115101332471,13.938599,.3833932192568861,-2.286473,3.0532596,.6720353021488914,.78113091,.22599746,11.946495,,,0,1,.7783644199371338
P04,share_any_program_2013,Residents in any social program,social_protection,primary,primary_2013_ccpp,4,common_h_cr3,fuzzy_late,rdrobust,selected_bc_primary,cr3 cluster_dist,1,2,triangular,manual,,.0075,.0074999998,.0135,.0135,100,487,43,22,45,5.769496034153377,5.3439641,22.532154,.81252444,-38.818245,49.506176,31.42115101332471,13.938599,.3833932192568861,-2.784946,3.5517325,.6720353021488914,.78113091,.24833858,9.893712,,,0,1,.8125244379043579
P04,share_any_program_2013,Residents in any social program,social_protection,primary,primary_2013_ccpp,4,common_h_epanechnikov,fuzzy_late,rdrobust,selected_bc_primary,cr2 cluster_dist,1,2,epanechnikov,manual,,.0075,.0074999998,.0135,.0135,100,487,43,22,45,3.111183431384048,2.406781,18.195709,.89476925,-33.256153,38.069717,31.42115101332471,13.938599,.1726702149275031,-2.3859036,2.7312441,.6822543313350309,.80355632,.23737378,11.459538,,,0,1,.8947692513465881
P04,share_any_program_2013,Residents in any social program,social_protection,primary,primary_2013_ccpp,4,common_h_fuzzy,fuzzy_late,rdrobust,selected_bc_primary,cr2 cluster_dist,1,2,triangular,manual,,.0075,.0074999998,.0135,.0135,100,487,43,22,45,5.769496034153377,5.3439641,20.236113,.79171783,-34.318089,45.006016,31.42115101332471,13.938599,.3833932192568861,-2.4620903,3.2288766,.6720353021488914,.78113091,.23184101,11.351862,,,0,1,.7917178273200989
P04,share_any_program_2013,Residents in any social program,social_protection,primary,primary_2013_ccpp,4,common_h_hc3,fuzzy_late,rdrobust,selected_bc_primary,hc3,1,2,triangular,manual,,.0075,.0074999998,.0135,.0135,100,487,43,22,45,5.769496034153377,5.3439641,22.364317,.81114399,-38.489288,49.177219,31.42115101332471,13.938599,.3833932192568861,-2.7613456,3.5281322,.6720353021488914,.78113091,.24998967,9.7634544,,,0,1,.8111439943313599
P04,share_any_program_2013,Residents in any social program,social_protection,primary,primary_2013_ccpp,4,common_h_nn,fuzzy_late,rdrobust,selected_bc_primary,nn 3,1,2,triangular,manual,,.0075,.0074999998,.0135,.0135,100,487,43,22,45,5.769496034153377,5.3439641,19.675108,.78592157,-33.21854,43.906467,31.42115101332471,13.938599,.3833932192568861,-2.3832049,3.1499915,.6720353021488914,.78113091,.20958601,13.890666,,,0,1,.785921573638916
P04,share_any_program_2013,Residents in any social program,social_protection,primary,primary_2013_ccpp,4,common_h_reduced_form,reduced_form,rdrobust,selected_bc_primary,cr2 cluster_dist,1,2,triangular,manual,,.0075,.0074999998,.0135,.0135,100,487,43,22,45,3.877305010559096,4.2207594,14.162895,.76569152,-23.538006,31.979523,31.42115101332471,13.938599,.3028108708027009,-1.6886923,2.2943141,,,,,,,0,1,.7656915187835693
P04,share_any_program_2013,Residents in any social program,social_protection,primary,primary_2013_ccpp,4,common_h_uniform,fuzzy_late,rdrobust,selected_bc_primary,cr2 cluster_dist,1,2,uniform,manual,,.0075,.0074999998,.0135,.0135,100,487,43,22,45,3.88622295025806,3.8220565,13.316082,.77409273,-22.276983,29.921097,31.42115101332471,13.938599,.2742066555806086,-1.5982226,2.146636,.7491927348941996,.8783322,.24311228,13.052804,,,0,1,.7740927338600159
P04,share_any_program_2013,Residents in any social program,social_protection,primary,primary_2013_ccpp,4,donut_005,fuzzy_late,rdrobust,selected_bc_primary,cr2 cluster_dist,1,2,triangular,manual,.00005,.0075,.0074999998,.0135,.0135,100,487,43,22,45,5.769496034153377,5.3439641,20.236113,.79171783,-34.318089,45.006016,31.42115101332471,13.938599,.3833932192568861,-2.4620903,3.2288766,.6720353021488914,.78113091,.23184101,11.351862,,,0,1,.7917178273200989
P04,share_any_program_2013,Residents in any social program,social_protection,primary,primary_2013_ccpp,4,donut_025,fuzzy_late,rdrobust,selected_bc_primary,cr2 cluster_dist,1,2,triangular,manual,.00025,.0075,.0074999998,.0135,.0135,100,486,43,21,44,-11.75402025966609,-14.179799,15.99569,.375361,-45.530777,17.171179,31.42115101332471,13.938599,-1.017304449723186,-3.2665246,1.2319157,.5876915334503652,.69047242,.28702703,5.7869143,,,0,1,.7028152942657471
P04,share_any_program_2013,Residents in any social program,social_protection,primary,primary_2013_ccpp,4,fixed_h_005,fuzzy_late,rdrobust,selected_bc_primary,cr2 cluster_dist,1,2,triangular,manual,.005,.005,.0049999999,.0089999996,.0089999996,100,487,29,15,36,16.93724258949402,18.606186,29.319883,.52569407,-38.85973,76.072098,29.35725809002577,14.695152,1.266144459115373,-2.6443913,5.1766801,.5965733413796614,.63612133,.26744443,5.6573467,,,0,1,.8506765365600586
P04,share_any_program_2013,Residents in any social program,social_protection,primary,primary_2013_ccpp,4,fixed_h_010,fuzzy_late,rdrobust,selected_bc_primary,cr2 cluster_dist,1,2,triangular,manual,.01,.01,.0099999998,.017999999,.017999999,100,487,59,31,54,9.429202192376355,9.7592535,16.884272,.56325835,-23.333311,42.851818,32.29582043252322,15.577564,.6264941909759351,-1.4978793,2.7508676,.5345445510201752,.61371577,.22186264,7.6518455,,,0,1,.8245272040367126
P04,share_any_program_2013,Residents in any social program,social_protection,primary,primary_2013_ccpp,4,outcome_cerrd_fuzzy,fuzzy_late,rdrobust,selected_bc_primary,cr2 cluster_dist,1,2,triangular,cerrd,,.0072739003355892,.0072739003,.016415212,.016415212,100,487,42,20,44,6.041406818064245,6.1494608,18.572618,.74056625,-30.252203,42.551125,31.15849198534007,13.999438,.4392648195350536,-2.1609583,3.0394878,.6614915928992494,.71266645,.2303291,9.573595,,,0,1,.7589448690414429
P04,share_any_program_2013,Residents in any social program,social_protection,primary,primary_2013_ccpp,4,outcome_mserd_fuzzy,fuzzy_late,rdrobust,selected_bc_primary,cr2 cluster_dist,1,2,triangular,mserd,,.0094872893916263,.009487289,.016415212,.016415212,100,487,54,29,53,8.572753020049449,8.1031227,17.320408,.63990134,-25.844252,42.050499,32.37043402419569,15.762592,.5140729669020342,-1.639594,2.6677399,.5716115101355684,.6659255,.2243665,8.8091755,,,0,1,.8942015171051025
P04,share_any_program_2013,Residents in any social program,social_protection,primary,primary_2013_ccpp,4,outcome_mserd_p2,fuzzy_late,rdrobust,selected_bc_primary,cr2 cluster_dist,2,3,triangular,mserd,,.0168909221367651,.016890923,.025774045,.025774045,100,487,98,50,77,10.00776927643429,9.3896246,17.376101,.58893788,-24.666906,43.446156,32.6138298341821,15.78722,.5947611122214324,-1.5624604,2.7519827,.5865675873592602,.6721409,.23089215,8.4742699,,,0,1,.7052091360092163
P04,share_any_program_2013,Residents in any social program,social_protection,primary,primary_2013_ccpp,4,parametric_common_h,parametric_late,ivreg2,selected_bc_primary,cr1 cluster_dist,1,2,triangular,manual,.0075,.0075,.0074999998,.0135,.0135,100,65,,,45,5.769496034153282,5.769496,15.326735,.70659465,-24.270903,35.809895,31.42115101332471,13.938599,.4139222368486046,-1.7412728,2.5691173,,,,10.486603,.7298260967482435,.81456292,0,1,.7065946459770203
P04,share_any_program_2013,Residents in any social program,social_protection,primary,primary_2013_ccpp,4,parametric_covariates,parametric_late,ivreg2,selected_bc_primary,cr1 cluster_dist,1,2,triangular,manual,.0075,.0075,.0074999998,.0135,.0135,100,63,,,43,9.829670351802251,9.82967,13.491018,.46624118,-16.612726,36.272068,31.13520183572343,13.993115,.7024647414847964,-1.1872071,2.5921366,,,,11.010422,.5116309878943751,.6931386,0,1,.7050206320626394
P05,wellbeing_core_proxy_2013,Core wellbeing proxy,wellbeing,primary,primary_2013_ccpp,5,common_h_covariates,fuzzy_late,rdrobust,selected_bc_primary,cr2 cluster_dist,1,2,triangular,manual,,.0075,.0074999998,.0135,.0135,100,462,41,22,43,-5.350847555353287,-6.9743333,10.132685,.49126348,-26.83403,12.885364,38.71643506187884,12.313388,-.5664024395502959,-2.1792564,1.0464516,.6504989846138965,.75404376,.19022626,15.712748,,,0,1,.7216639518737793
P05,wellbeing_core_proxy_2013,Core wellbeing proxy,wellbeing,primary,primary_2013_ccpp,5,common_h_cr1,fuzzy_late,rdrobust,selected_bc_primary,cr1 cluster_dist,1,2,triangular,manual,,.0075,.0074999998,.0135,.0135,100,487,43,22,45,-3.906257127602043,-5.7999449,10.185295,.56905556,-25.762756,14.162867,38.54778217437716,12.264152,-.4729185438420241,-2.1006553,1.1548183,.6720353021488914,.78113091,.22599746,11.946495,,,0,1,.7266556876046316
P05,wellbeing_core_proxy_2013,Core wellbeing proxy,wellbeing,primary,primary_2013_ccpp,5,common_h_cr3,fuzzy_late,rdrobust,selected_bc_primary,cr3 cluster_dist,1,2,triangular,manual,,.0075,.0074999998,.0135,.0135,100,487,43,22,45,-3.906257127602043,-5.7999449,11.081599,.60070622,-27.51948,15.91959,38.54778217437716,12.264152,-.4729185438420241,-2.243896,1.2980589,.6720353021488914,.78113091,.24833858,9.893712,,,0,1,.7596393312726701
P05,wellbeing_core_proxy_2013,Core wellbeing proxy,wellbeing,primary,primary_2013_ccpp,5,common_h_epanechnikov,fuzzy_late,rdrobust,selected_bc_primary,cr2 cluster_dist,1,2,epanechnikov,manual,,.0075,.0074999998,.0135,.0135,100,487,43,22,45,-2.93956818096524,-5.094934,10.259485,.61946607,-25.203156,15.013288,38.54778217437716,12.264152,-.4154330766895608,-2.0550265,1.2241603,.6822543313350309,.80355632,.23737378,11.459538,,,0,1,.7079612186976841
P05,wellbeing_core_proxy_2013,Core wellbeing proxy,wellbeing,primary,primary_2013_ccpp,5,common_h_fuzzy,fuzzy_late,rdrobust,selected_bc_primary,cr2 cluster_dist,1,2,triangular,manual,,.0075,.0074999998,.0135,.0135,100,487,43,22,45,-3.906257127602043,-5.7999449,10.42942,.57813305,-26.241232,14.641343,38.54778217437716,12.264152,-.4729185438420241,-2.1396697,1.1938325,.6720353021488914,.78113091,.23184101,11.351862,,,0,1,.7364078249250139
P05,wellbeing_core_proxy_2013,Core wellbeing proxy,wellbeing,primary,primary_2013_ccpp,5,common_h_hc3,fuzzy_late,rdrobust,selected_bc_primary,hc3,1,2,triangular,manual,,.0075,.0074999998,.0135,.0135,100,487,43,22,45,-3.906257127602043,-5.7999449,11.358165,.60960245,-28.061539,16.461649,38.54778217437716,12.264152,-.4729185438420241,-2.2880945,1.3422575,.6720353021488914,.78113091,.24998967,9.7634544,,,0,1,.7375334330967493
P05,wellbeing_core_proxy_2013,Core wellbeing proxy,wellbeing,primary,primary_2013_ccpp,5,common_h_nn,fuzzy_late,rdrobust,selected_bc_primary,nn 3,1,2,triangular,manual,,.0075,.0074999998,.0135,.0135,100,487,43,22,45,-3.906257127602043,-5.7999449,11.11968,.60195392,-27.594118,15.994229,38.54778217437716,12.264152,-.4729185438420241,-2.2499819,1.3041447,.6720353021488914,.78113091,.20958601,13.890666,,,0,1,.7486917631966726
P05,wellbeing_core_proxy_2013,Core wellbeing proxy,wellbeing,primary,primary_2013_ccpp,5,common_h_reduced_form,reduced_form,rdrobust,selected_bc_primary,cr2 cluster_dist,1,2,triangular,manual,,.0075,.0074999998,.0135,.0135,100,487,43,22,45,-2.6251426890193,-4.3239231,7.1875992,.54745311,-18.41136,9.7635126,38.54778217437716,12.264152,-.3525660145326396,-1.5012338,.79610181,,,,,,,0,1,.6651390620640346
P05,wellbeing_core_proxy_2013,Core wellbeing proxy,wellbeing,primary,primary_2013_ccpp,5,common_h_uniform,fuzzy_late,rdrobust,selected_bc_primary,cr2 cluster_dist,1,2,uniform,manual,,.0075,.0074999998,.0135,.0135,100,487,43,22,45,-.6475237508106767,-3.9092689,8.8561544,.65891016,-21.267012,13.448474,38.54778217437716,12.264152,-.3187557586176963,-1.7340794,1.0965679,.7491927348941996,.8783322,.24311228,13.052804,,,0,1,.753040177481515
P05,wellbeing_core_proxy_2013,Core wellbeing proxy,wellbeing,primary,primary_2013_ccpp,5,donut_005,fuzzy_late,rdrobust,selected_bc_primary,cr2 cluster_dist,1,2,triangular,manual,.00005,.0075,.0074999998,.0135,.0135,100,487,43,22,45,-3.906257127602043,-5.7999449,10.42942,.57813305,-26.241232,14.641343,38.54778217437716,12.264152,-.4729185438420241,-2.1396697,1.1938325,.6720353021488914,.78113091,.23184101,11.351862,,,0,1,.7364078249250139
P05,wellbeing_core_proxy_2013,Core wellbeing proxy,wellbeing,primary,primary_2013_ccpp,5,donut_025,fuzzy_late,rdrobust,selected_bc_primary,cr2 cluster_dist,1,2,triangular,manual,.00025,.0075,.0074999998,.0135,.0135,100,486,43,21,44,-.6252528559382073,-2.9830475,14.009604,.83138257,-30.441368,24.475273,38.54778217437716,12.264152,-.2432330920526968,-2.4821422,1.995676,.5876915334503652,.69047242,.28702703,5.7869143,,,0,1,.8313825726509094
P05,wellbeing_core_proxy_2013,Core wellbeing proxy,wellbeing,primary,primary_2013_ccpp,5,fixed_h_005,fuzzy_late,rdrobust,selected_bc_primary,cr2 cluster_dist,1,2,triangular,manual,.005,.005,.0049999999,.0089999996,.0089999996,100,487,29,15,36,-6.891236053434241,-8.2997332,13.269923,.53167284,-34.308304,17.708838,38.52419484702445,13.063611,-.635332182651452,-2.6262496,1.3555852,.5965733413796614,.63612133,.26744443,5.6573467,,,0,1,.8506765365600586
P05,wellbeing_core_proxy_2013,Core wellbeing proxy,wellbeing,primary,primary_2013_ccpp,5,fixed_h_010,fuzzy_late,rdrobust,selected_bc_primary,cr2 cluster_dist,1,2,triangular,manual,.01,.01,.0099999998,.017999999,.017999999,100,487,59,31,54,-1.41380294151206,-2.6002576,11.727346,.8245272,-25.585434,20.384918,39.98733364673349,12.518089,-.2077200196692387,-2.0438769,1.6284369,.5345445510201752,.61371577,.22186264,7.6518455,,,0,1,.8245272040367126
P05,wellbeing_core_proxy_2013,Core wellbeing proxy,wellbeing,primary,primary_2013_ccpp,5,outcome_cerrd_fuzzy,fuzzy_late,rdrobust,selected_bc_primary,cr2 cluster_dist,1,2,triangular,cerrd,,.0055949124521213,.0055949125,.014583328,.014583328,100,487,34,16,40,-6.142741238741509,-6.7765012,12.616277,.59118217,-31.50395,17.950947,38.84464751587569,12.532304,-.5407227090672506,-2.5138195,1.4323741,.5761467875781846,.61891919,.24415228,6.4260836,,,0,1,.7589448690414429
P05,wellbeing_core_proxy_2013,Core wellbeing proxy,wellbeing,primary,primary_2013_ccpp,5,outcome_mserd_fuzzy,fuzzy_late,rdrobust,selected_bc_primary,cr2 cluster_dist,1,2,triangular,mserd,,.0072973990713592,.007297399,.014583328,.014583328,100,487,42,20,44,-4.434196494679907,-5.8660312,10.453858,.57470512,-26.355217,14.623154,38.38317438034306,12.364643,-.4744197644852148,-2.1314983,1.1826588,.6625158636932136,.7450518,.23243837,10.274419,,,0,1,.8942015171051025
P05,wellbeing_core_proxy_2013,Core wellbeing proxy,wellbeing,primary,primary_2013_ccpp,5,outcome_mserd_p2,fuzzy_late,rdrobust,selected_bc_primary,cr2 cluster_dist,2,3,triangular,mserd,,.0152521156325484,.015252115,.024258381,.024258381,100,487,84,43,69,-3.786544779678653,-4.3830433,10.542417,.67759061,-25.045801,16.279715,40.3427460017294,12.215533,-.3588090140722686,-2.050324,1.332706,.6550161716523497,.72798568,.23306094,9.7567835,,,0,1,.7052091360092163
P05,wellbeing_core_proxy_2013,Core wellbeing proxy,wellbeing,primary,primary_2013_ccpp,5,parametric_common_h,parametric_late,ivreg2,selected_bc_primary,cr1 cluster_dist,1,2,triangular,manual,.0075,.0075,.0074999998,.0135,.0135,100,65,,,45,-3.906257127602153,-3.9062572,9.0050945,.664446,-21.556242,13.743729,38.54778217437716,12.264152,-.3185101829134727,-1.7576628,1.1206424,,,,10.486603,.6855461689130058,.6861372,0,1,.7065946459770203
P05,wellbeing_core_proxy_2013,Core wellbeing proxy,wellbeing,primary,primary_2013_ccpp,5,parametric_covariates,parametric_late,ivreg2,selected_bc_primary,cr1 cluster_dist,1,2,triangular,manual,.0075,.0075,.0074999998,.0135,.0135,100,63,,,43,-5.350847555351687,-5.3508477,7.9279299,.49971625,-20.889591,10.187896,38.71643506187884,12.313388,-.4345552553154902,-1.6964941,.82738358,,,,11.010422,.5147483774688466,.5461092,0,1,.7050206320626394
P06,share_nbi_any_2013,Households with any unmet basic need,deprivation,primary,primary_2013_ccpp,6,common_h_covariates,fuzzy_late,rdrobust,selected_bc_primary,cr2 cluster_dist,1,2,triangular,manual,,.0075,.0074999998,.0135,.0135,100,462,41,22,43,-1.747484552186233,-.10249214,21.672155,.99622667,-42.579136,42.374153,51.90067527497687,28.583105,-.0035857593091456,-1.489661,1.4824895,.6504989846138965,.75404376,.19022626,15.712748,,,0,1,.9962266683578491
P06,share_nbi_any_2013,Households with any unmet basic need,deprivation,primary,primary_2013_ccpp,6,common_h_cr1,fuzzy_late,rdrobust,selected_bc_primary,cr1 cluster_dist,1,2,triangular,manual,,.0075,.0074999998,.0135,.0135,100,487,43,22,45,8.9871601859448,11.014777,23.260208,.63582373,-34.574394,56.603951,53.00607019385626,28.377171,.3881562805508306,-1.2183876,1.9947002,.6720353021488914,.78113091,.22599746,11.946495,,,0,1,.7266556876046316
P06,share_nbi_any_2013,Households with any unmet basic need,deprivation,primary,primary_2013_ccpp,6,common_h_cr3,fuzzy_late,rdrobust,selected_bc_primary,cr3 cluster_dist,1,2,triangular,manual,,.0075,.0074999998,.0135,.0135,100,487,43,22,45,8.9871601859448,11.014777,25.411596,.66468441,-38.791039,60.820591,53.00607019385626,28.377171,.3881562805508306,-1.3669804,2.1432929,.6720353021488914,.78113091,.24833858,9.893712,,,0,1,.7596393312726701
P06,share_nbi_any_2013,Households with any unmet basic need,deprivation,primary,primary_2013_ccpp,6,common_h_epanechnikov,fuzzy_late,rdrobust,selected_bc_primary,cr2 cluster_dist,1,2,epanechnikov,manual,,.0075,.0074999998,.0135,.0135,100,487,43,22,45,10.25528988946979,12.70179,24.001087,.59665471,-34.339478,59.743057,53.00607019385626,28.377171,.447605931840969,-1.2101092,2.1053212,.6822543313350309,.80355632,.23737378,11.459538,,,0,1,.7079612186976841
P06,share_nbi_any_2013,Households with any unmet basic need,deprivation,primary,primary_2013_ccpp,6,common_h_fuzzy,fuzzy_late,rdrobust,selected_bc_primary,cr2 cluster_dist,1,2,triangular,manual,,.0075,.0074999998,.0135,.0135,100,487,43,22,45,8.9871601859448,11.014777,23.861351,.64435685,-35.752613,57.782166,53.00607019385626,28.377171,.3881562805508306,-1.2599075,2.0362201,.6720353021488914,.78113091,.23184101,11.351862,,,0,1,.7364078249250139
P06,share_nbi_any_2013,Households with any unmet basic need,deprivation,primary,primary_2013_ccpp,6,common_h_hc3,fuzzy_late,rdrobust,selected_bc_primary,hc3,1,2,triangular,manual,,.0075,.0074999998,.0135,.0135,100,487,43,22,45,8.9871601859448,11.014777,23.932522,.64534175,-35.892101,57.921658,53.00607019385626,28.377171,.3881562805508306,-1.2648231,2.0411355,.6720353021488914,.78113091,.24998967,9.7634544,,,0,1,.7375334330967493
P06,share_nbi_any_2013,Households with any unmet basic need,deprivation,primary,primary_2013_ccpp,6,common_h_nn,fuzzy_late,rdrobust,selected_bc_primary,nn 3,1,2,triangular,manual,,.0075,.0074999998,.0135,.0135,100,487,43,22,45,8.9871601859448,11.014777,24.659149,.65510529,-37.316265,59.345821,53.00607019385626,28.377171,.3881562805508306,-1.3150101,2.0913227,.6720353021488914,.78113091,.20958601,13.890666,,,0,1,.7486917631966726
P06,share_nbi_any_2013,Households with any unmet basic need,deprivation,primary,primary_2013_ccpp,6,common_h_reduced_form,reduced_form,rdrobust,selected_bc_primary,cr2 cluster_dist,1,2,triangular,manual,,.0075,.0074999998,.0135,.0135,100,487,43,22,45,6.039688911021901,8.3827791,15.228389,.58199668,-21.464315,38.229874,53.00607019385626,28.377171,.2954057213170817,-.75639373,1.3472052,,,,,,,0,1,.6651390620640346
P06,share_nbi_any_2013,Households with any unmet basic need,deprivation,primary,primary_2013_ccpp,6,common_h_uniform,fuzzy_late,rdrobust,selected_bc_primary,cr2 cluster_dist,1,2,uniform,manual,,.0075,.0074999998,.0135,.0135,100,487,43,22,45,7.676219727951359,12.687109,20.709143,.54011887,-27.902065,53.276283,53.00607019385626,28.377171,.4470885588521605,-.98325741,1.8774345,.7491927348941996,.8783322,.24311228,13.052804,,,0,1,.753040177481515
P06,share_nbi_any_2013,Households with any unmet basic need,deprivation,primary,primary_2013_ccpp,6,donut_005,fuzzy_late,rdrobust,selected_bc_primary,cr2 cluster_dist,1,2,triangular,manual,.00005,.0075,.0074999998,.0135,.0135,100,487,43,22,45,8.9871601859448,11.014777,23.861351,.64435685,-35.752613,57.782166,53.00607019385626,28.377171,.3881562805508306,-1.2599075,2.0362201,.6720353021488914,.78113091,.23184101,11.351862,,,0,1,.7364078249250139
P06,share_nbi_any_2013,Households with any unmet basic need,deprivation,primary,primary_2013_ccpp,6,donut_025,fuzzy_late,rdrobust,selected_bc_primary,cr2 cluster_dist,1,2,triangular,manual,.00025,.0075,.0074999998,.0135,.0135,100,486,43,21,44,12.18477785068567,14.603753,34.060066,.66809452,-52.152752,81.360252,53.00607019385626,28.377171,.5146303151249679,-1.8378417,2.8671024,.5876915334503652,.69047242,.28702703,5.7869143,,,0,1,.7635365894862584
P06,share_nbi_any_2013,Households with any unmet basic need,deprivation,primary,primary_2013_ccpp,6,fixed_h_005,fuzzy_late,rdrobust,selected_bc_primary,cr2 cluster_dist,1,2,triangular,manual,.005,.005,.0049999999,.0089999996,.0089999996,100,487,29,15,36,1.900180402833545,3.6178699,26.268024,.89045459,-47.866512,55.102249,50.48777376269472,29.641836,.1220528261135904,-1.6148294,1.8589351,.5965733413796614,.63612133,.26744443,5.6573467,,,0,1,.9960062503814697
P06,share_nbi_any_2013,Households with any unmet basic need,deprivation,primary,primary_2013_ccpp,6,fixed_h_010,fuzzy_late,rdrobust,selected_bc_primary,cr2 cluster_dist,1,2,triangular,manual,.01,.01,.0099999998,.017999999,.017999999,100,487,59,31,54,8.498634638302251,8.6744995,24.783648,.72633195,-39.900558,57.249557,51.34163793113272,28.186848,.3077498964500034,-1.4155737,2.0310736,.5345445510201752,.61371577,.22186264,7.6518455,,,0,1,.8245272040367126
P06,share_nbi_any_2013,Households with any unmet basic need,deprivation,primary,primary_2013_ccpp,6,outcome_cerrd_fuzzy,fuzzy_late,rdrobust,selected_bc_primary,cr2 cluster_dist,1,2,triangular,cerrd,,.0102493836521131,.010249384,.020661891,.020661891,100,487,61,31,54,8.042412726061862,7.6501188,24.929783,.75894487,-41.211357,56.511597,51.48680494701276,27.744488,.2757347323219264,-1.4853891,2.0368586,.5182611019408957,.57099748,.21909957,6.7918067,,,0,1,.7589448690414429
P06,share_nbi_any_2013,Households with any unmet basic need,deprivation,primary,primary_2013_ccpp,6,outcome_mserd_fuzzy,fuzzy_late,rdrobust,selected_bc_primary,cr2 cluster_dist,1,2,triangular,mserd,,.0133681882218865,.013368188,.020661891,.020661891,100,487,71,39,62,3.546223550146926,3.9542584,28.903374,.89118129,-52.695313,60.603832,51.37815928794969,28.910578,.1367754903533723,-1.8227001,2.0962512,.415381612155991,.49330992,.21458313,5.2850428,,,0,1,.8942015171051025
P06,share_nbi_any_2013,Households with any unmet basic need,deprivation,primary,primary_2013_ccpp,6,outcome_mserd_p2,fuzzy_late,rdrobust,selected_bc_primary,cr2 cluster_dist,2,3,triangular,mserd,,.0162509364283395,.016250936,.02422948,.02422948,100,487,92,48,75,8.108425428869397,8.9953251,23.7784,.70520914,-37.609486,55.600136,49.39009135022111,28.947954,.3107413006216898,-1.2992104,1.920693,.6073502889707195,.69864911,.23271936,9.0126648,,,0,1,.7052091360092163
P06,share_nbi_any_2013,Households with any unmet basic need,deprivation,primary,primary_2013_ccpp,6,parametric_common_h,parametric_late,ivreg2,selected_bc_primary,cr1 cluster_dist,1,2,triangular,manual,.0075,.0075,.0074999998,.0135,.0135,100,65,,,45,8.987160185944647,8.9871597,20.417988,.65982199,-31.032097,49.006416,53.00607019385626,28.377171,.3167038772307711,-1.0935585,1.7269663,,,,10.486603,.6585482625105983,.67933589,0,1,.7065946459770203
P06,share_nbi_any_2013,Households with any unmet basic need,deprivation,primary,primary_2013_ccpp,6,parametric_covariates,parametric_late,ivreg2,selected_bc_primary,cr1 cluster_dist,1,2,triangular,manual,.0075,.0075,.0074999998,.0135,.0135,100,63,,,43,-1.747484552186212,-1.7474846,18.427187,.92444837,-37.864769,34.369801,51.90067527497687,28.583105,-.0611369733271223,-1.3247256,1.2024516,,,,11.010422,.9292484087565738,.93418682,0,1,.9244483709335327
P07,labor_force_participation_2013,Labor-force participation,labor,primary,primary_2013_ccpp,7,common_h_covariates,fuzzy_late,rdrobust,selected_bc_primary,cr2 cluster_dist,1,2,triangular,manual,,.0075,.0074999998,.0135,.0135,100,462,41,22,43,7.656202363192493,10.591184,12.029503,.3786242,-12.986208,34.168575,53.6274461296867,15.319365,.6913592376249781,-.84769893,2.2304175,.6504989846138965,.75404376,.19022626,15.712748,,,0,1,.7216639518737793
P07,labor_force_participation_2013,Labor-force participation,labor,primary,primary_2013_ccpp,7,common_h_cr1,fuzzy_late,rdrobust,selected_bc_primary,cr1 cluster_dist,1,2,triangular,manual,,.0075,.0074999998,.0135,.0135,100,487,43,22,45,10.8706051578761,13.710441,12.588204,.27608782,-10.961987,38.382866,53.61886389294324,14.978951,.9153138030519499,-.73182607,2.5624537,.6720353021488914,.78113091,.22599746,11.946495,,,0,1,.7266556876046316
P07,labor_force_participation_2013,Labor-force participation,labor,primary,primary_2013_ccpp,7,common_h_cr3,fuzzy_late,rdrobust,selected_bc_primary,cr3 cluster_dist,1,2,triangular,manual,,.0075,.0074999998,.0135,.0135,100,487,43,22,45,10.8706051578761,13.710441,13.621221,.31415105,-12.986661,40.407543,53.61886389294324,14.978951,.9153138030519499,-.86699402,2.6976216,.6720353021488914,.78113091,.24833858,9.893712,,,0,1,.7596393312726701
P07,labor_force_participation_2013,Labor-force participation,labor,primary,primary_2013_ccpp,7,common_h_epanechnikov,fuzzy_late,rdrobust,selected_bc_primary,cr2 cluster_dist,1,2,epanechnikov,manual,,.0075,.0074999998,.0135,.0135,100,487,43,22,45,9.280717725202521,13.28209,12.415497,.28470966,-11.051837,37.616016,53.61886389294324,14.978951,.8867169943907366,-.7378245,2.5112586,.6822543313350309,.80355632,.23737378,11.459538,,,0,1,.7079612186976841
P07,labor_force_participation_2013,Labor-force participation,labor,primary,primary_2013_ccpp,7,common_h_fuzzy,fuzzy_late,rdrobust,selected_bc_primary,cr2 cluster_dist,1,2,triangular,manual,,.0075,.0074999998,.0135,.0135,100,487,43,22,45,10.8706051578761,13.710441,12.885168,.28730687,-11.544025,38.964905,53.61886389294324,14.978951,.9153138030519499,-.77068323,2.6013107,.6720353021488914,.78113091,.23184101,11.351862,,,0,1,.7364078249250139
P07,labor_force_participation_2013,Labor-force participation,labor,primary,primary_2013_ccpp,7,common_h_hc3,fuzzy_late,rdrobust,selected_bc_primary,hc3,1,2,triangular,manual,,.0075,.0074999998,.0135,.0135,100,487,43,22,45,10.8706051578761,13.710441,12.946823,.28960839,-11.664866,39.085747,53.61886389294324,14.978951,.9153138030519499,-.77875054,2.6093781,.6720353021488914,.78113091,.24998967,9.7634544,,,0,1,.7375334330967493
P07,labor_force_participation_2013,Labor-force participation,labor,primary,primary_2013_ccpp,7,common_h_nn,fuzzy_late,rdrobust,selected_bc_primary,nn 3,1,2,triangular,manual,,.0075,.0074999998,.0135,.0135,100,487,43,22,45,10.8706051578761,13.710441,13.325294,.30352503,-12.406654,39.827534,53.61886389294324,14.978951,.9153138030519499,-.82827258,2.6589003,.6720353021488914,.78113091,.20958601,13.890666,,,0,1,.7486917631966726
P07,labor_force_participation_2013,Labor-force participation,labor,primary,primary_2013_ccpp,7,common_h_reduced_form,reduced_form,rdrobust,selected_bc_primary,cr2 cluster_dist,1,2,triangular,manual,,.0075,.0074999998,.0135,.0135,100,487,43,22,45,7.305430421814563,10.399835,8.1326447,.20097579,-5.5398564,26.339527,53.61886389294324,14.978951,.6942966348341364,-.36984277,1.7584361,,,,,,,0,1,.6651390620640346
P07,labor_force_participation_2013,Labor-force participation,labor,primary,primary_2013_ccpp,7,common_h_uniform,fuzzy_late,rdrobust,selected_bc_primary,cr2 cluster_dist,1,2,uniform,manual,,.0075,.0074999998,.0135,.0135,100,487,43,22,45,5.775309675203762,12.814403,10.950155,.24190101,-8.6475086,34.276314,53.61886389294324,14.978951,.8554939960665709,-.57731068,2.2882986,.7491927348941996,.8783322,.24311228,13.052804,,,0,1,.753040177481515
P07,labor_force_participation_2013,Labor-force participation,labor,primary,primary_2013_ccpp,7,donut_005,fuzzy_late,rdrobust,selected_bc_primary,cr2 cluster_dist,1,2,triangular,manual,.00005,.0075,.0074999998,.0135,.0135,100,487,43,22,45,10.8706051578761,13.710441,12.885168,.28730687,-11.544025,38.964905,53.61886389294324,14.978951,.9153138030519499,-.77068323,2.6013107,.6720353021488914,.78113091,.23184101,11.351862,,,0,1,.7364078249250139
P07,labor_force_participation_2013,Labor-force participation,labor,primary,primary_2013_ccpp,7,donut_025,fuzzy_late,rdrobust,selected_bc_primary,cr2 cluster_dist,1,2,triangular,manual,.00025,.0075,.0074999998,.0135,.0135,100,486,43,21,44,7.740582323088392,12.577582,15.786806,.42561668,-18.363989,43.519154,53.61886389294324,14.978951,.8396837972679173,-1.2259864,2.905354,.5876915334503652,.69047242,.28702703,5.7869143,,,0,1,.7028152942657471
P07,labor_force_participation_2013,Labor-force participation,labor,primary,primary_2013_ccpp,7,fixed_h_005,fuzzy_late,rdrobust,selected_bc_primary,cr2 cluster_dist,1,2,triangular,manual,.005,.005,.0049999999,.0089999996,.0089999996,100,487,29,15,36,17.70437287575011,17.422619,17.642864,.32338953,-17.156759,52.001995,54.51560614557086,16.151674,1.0786880756966,-1.062228,3.219604,.5965733413796614,.63612133,.26744443,5.6573467,,,0,1,.8506765365600586
P07,labor_force_participation_2013,Labor-force participation,labor,primary,primary_2013_ccpp,7,fixed_h_010,fuzzy_late,rdrobust,selected_bc_primary,cr2 cluster_dist,1,2,triangular,manual,.01,.01,.0099999998,.017999999,.017999999,100,487,59,31,54,9.102702536797461,11.466588,13.941398,.41080099,-15.858048,38.791225,54.72198568928888,15.954082,.7187244444364282,-.99398065,2.4314296,.5345445510201752,.61371577,.22186264,7.6518455,,,0,1,.8245272040367126
P07,labor_force_participation_2013,Labor-force participation,labor,primary,primary_2013_ccpp,7,outcome_cerrd_fuzzy,fuzzy_late,rdrobust,selected_bc_primary,cr2 cluster_dist,1,2,triangular,cerrd,,.0116952669418985,.011695267,.022752989,.022752989,100,487,63,37,57,7.595652758267877,9.8041086,15.156027,.51771057,-19.901159,39.509377,55.29702840223126,16.243385,.6035754194830415,-1.2251854,2.4323363,.4574121706509818,.49558851,.21550722,5.2883334,,,0,1,.7589448690414429
P07,labor_force_participation_2013,Labor-force participation,labor,primary,primary_2013_ccpp,7,outcome_mserd_fuzzy,fuzzy_late,rdrobust,selected_bc_primary,cr2 cluster_dist,1,2,triangular,mserd,,.0152540421054756,.015254042,.022752989,.022752989,100,487,84,43,69,2.661658212826683,7.1673045,17.470098,.68161434,-27.07346,41.40807,54.85253673553968,15.508924,.4621406822500089,-1.7456698,2.6699512,.3737138087087871,.4292441,.20935085,4.2039661,,,0,1,.8942015171051025
P07,labor_force_participation_2013,Labor-force participation,labor,primary,primary_2013_ccpp,7,outcome_mserd_p2,fuzzy_late,rdrobust,selected_bc_primary,cr2 cluster_dist,2,3,triangular,mserd,,.0187486013678297,.018748602,.027788047,.027788047,100,487,108,60,82,8.867691261669664,11.356589,14.337793,.42831773,-16.74497,39.458149,54.79340509929989,14.733036,.7708247382828812,-1.1365594,2.6782088,.5311161819161565,.60747504,.22966456,6.9963078,,,0,1,.7052091360092163
P07,labor_force_participation_2013,Labor-force participation,labor,primary,primary_2013_ccpp,7,parametric_common_h,parametric_late,ivreg2,selected_bc_primary,cr1 cluster_dist,1,2,triangular,manual,.0075,.0075,.0074999998,.0135,.0135,100,65,,,45,10.87060515787593,10.870605,10.954356,.3210246,-10.599933,32.341145,53.61886389294324,14.978951,.725725418933122,-.70765519,2.159106,,,,10.486603,.3173306406440778,.33866772,0,1,.7065946459770203
P07,labor_force_participation_2013,Labor-force participation,labor,primary,primary_2013_ccpp,7,parametric_covariates,parametric_late,ivreg2,selected_bc_primary,cr1 cluster_dist,1,2,triangular,manual,.0075,.0075,.0074999998,.0135,.0135,100,63,,,43,7.656202363189059,7.6562023,9.8721533,.43802348,-11.693218,27.005623,53.6274461296867,15.319365,.4997728501900406,-.76329654,1.7628423,,,,11.010422,.4484868051906341,.47629526,0,1,.7050206320626394
P08,share_educ_secondaryplus_2013,Secondary education or higher,human_capital,primary,primary_2013_ccpp,8,common_h_covariates,fuzzy_late,rdrobust,selected_bc_primary,cr2 cluster_dist,1,2,triangular,manual,,.0075,.0074999998,.0135,.0135,100,462,41,22,43,-11.58927315407094,-11.555034,15.731548,.46263587,-42.388302,19.278234,42.53336046008252,15.72756,-.7346996676575532,-2.6951606,1.2257613,.6504989846138965,.75404376,.19022626,15.712748,,,0,1,.7216639518737793
P08,share_educ_secondaryplus_2013,Secondary education or higher,human_capital,primary,primary_2013_ccpp,8,common_h_cr1,fuzzy_late,rdrobust,selected_bc_primary,cr1 cluster_dist,1,2,triangular,manual,,.0075,.0074999998,.0135,.0135,100,487,43,22,45,-15.12445718261177,-15.13856,16.03171,.3450222,-46.560131,16.283012,42.54120676466043,15.745008,-.9614831377946783,-2.9571362,1.0341698,.6720353021488914,.78113091,.22599746,11.946495,,,0,1,.7266556876046316
P08,share_educ_secondaryplus_2013,Secondary education or higher,human_capital,primary,primary_2013_ccpp,8,common_h_cr3,fuzzy_late,rdrobust,selected_bc_primary,cr3 cluster_dist,1,2,triangular,manual,,.0075,.0074999998,.0135,.0135,100,487,43,22,45,-15.12445718261177,-15.13856,17.415277,.38470003,-49.271877,18.994755,42.54120676466043,15.745008,-.9614831377946783,-3.1293647,1.2063986,.6720353021488914,.78113091,.24833858,9.893712,,,0,1,.7596393312726701
P08,share_educ_secondaryplus_2013,Secondary education or higher,human_capital,primary,primary_2013_ccpp,8,common_h_epanechnikov,fuzzy_late,rdrobust,selected_bc_primary,cr2 cluster_dist,1,2,epanechnikov,manual,,.0075,.0074999998,.0135,.0135,100,487,43,22,45,-14.61320601451684,-15.039791,16.019053,.34779802,-46.436558,16.356976,42.54120676466043,15.745008,-.955210113504361,-2.9492877,1.0388674,.6822543313350309,.80355632,.23737378,11.459538,,,0,1,.7079612186976841
P08,share_educ_secondaryplus_2013,Secondary education or higher,human_capital,primary,primary_2013_ccpp,8,common_h_fuzzy,fuzzy_late,rdrobust,selected_bc_primary,cr2 cluster_dist,1,2,triangular,manual,,.0075,.0074999998,.0135,.0135,100,487,43,22,45,-15.12445718261177,-15.13856,16.446859,.35733613,-47.373814,17.096693,42.54120676466043,15.745008,-.9614831377946783,-3.0088148,1.0858485,.6720353021488914,.78113091,.23184101,11.351862,,,0,1,.7364078249250139
P08,share_educ_secondaryplus_2013,Secondary education or higher,human_capital,primary,primary_2013_ccpp,8,common_h_hc3,fuzzy_late,rdrobust,selected_bc_primary,hc3,1,2,triangular,manual,,.0075,.0074999998,.0135,.0135,100,487,43,22,45,-15.12445718261177,-15.13856,16.462685,.35779852,-47.404831,17.12771,42.54120676466043,15.745008,-.9614831377946783,-3.0107846,1.0878184,.6720353021488914,.78113091,.24998967,9.7634544,,,0,1,.7375334330967493
P08,share_educ_secondaryplus_2013,Secondary education or higher,human_capital,primary,primary_2013_ccpp,8,common_h_nn,fuzzy_late,rdrobust,selected_bc_primary,nn 3,1,2,triangular,manual,,.0075,.0074999998,.0135,.0135,100,487,43,22,45,-15.12445718261177,-15.13856,17.645718,.39093834,-49.723534,19.446413,42.54120676466043,15.745008,-.9614831377946783,-3.1580505,1.2350843,.6720353021488914,.78113091,.20958601,13.890666,,,0,1,.7486917631966726
P08,share_educ_secondaryplus_2013,Secondary education or higher,human_capital,primary,primary_2013_ccpp,8,common_h_reduced_form,reduced_form,rdrobust,selected_bc_primary,cr2 cluster_dist,1,2,triangular,manual,,.0075,.0074999998,.0135,.0135,100,487,43,22,45,-10.16416915255447,-11.823658,10.344373,.25303698,-32.098255,8.4509392,42.54120676466043,15.745008,-.7509464693002456,-2.0386307,.53673768,,,,,,,0,1,.6651390620640346
P08,share_educ_secondaryplus_2013,Secondary education or higher,human_capital,primary,primary_2013_ccpp,8,common_h_uniform,fuzzy_late,rdrobust,selected_bc_primary,cr2 cluster_dist,1,2,uniform,manual,,.0075,.0074999998,.0135,.0135,100,487,43,22,45,-12.75889671926274,-14.867072,13.88767,.28438389,-42.086403,12.352261,42.54120676466043,15.745008,-.944240337402692,-2.6729999,.78451914,.7491927348941996,.8783322,.24311228,13.052804,,,0,1,.753040177481515
P08,share_educ_secondaryplus_2013,Secondary education or higher,human_capital,primary,primary_2013_ccpp,8,donut_005,fuzzy_late,rdrobust,selected_bc_primary,cr2 cluster_dist,1,2,triangular,manual,.00005,.0075,.0074999998,.0135,.0135,100,487,43,22,45,-15.12445718261177,-15.13856,16.446859,.35733613,-47.373814,17.096693,42.54120676466043,15.745008,-.9614831377946783,-3.0088148,1.0858485,.6720353021488914,.78113091,.23184101,11.351862,,,0,1,.7364078249250139
P08,share_educ_secondaryplus_2013,Secondary education or higher,human_capital,primary,primary_2013_ccpp,8,donut_025,fuzzy_late,rdrobust,selected_bc_primary,cr2 cluster_dist,1,2,triangular,manual,.00025,.0075,.0074999998,.0135,.0135,100,486,43,21,44,-19.38620583312705,-20.03097,20.601557,.33089948,-60.409279,20.34734,42.54120676466043,15.745008,-1.272210824284186,-3.8367257,1.2923042,.5876915334503652,.69047242,.28702703,5.7869143,,,0,1,.7028152942657471
P08,share_educ_secondaryplus_2013,Secondary education or higher,human_capital,primary,primary_2013_ccpp,8,fixed_h_005,fuzzy_late,rdrobust,selected_bc_primary,cr2 cluster_dist,1,2,triangular,manual,.005,.005,.0049999999,.0089999996,.0089999996,100,487,29,15,36,-17.42846155775225,-16.533205,21.70919,.44631293,-59.082439,26.016027,42.85122507883456,17.255453,-.9581438315374315,-3.4239867,1.5076989,.5965733413796614,.63612133,.26744443,5.6573467,,,0,1,.8506765365600586
P08,share_educ_secondaryplus_2013,Secondary education or higher,human_capital,primary,primary_2013_ccpp,8,fixed_h_010,fuzzy_late,rdrobust,selected_bc_primary,cr2 cluster_dist,1,2,triangular,manual,.01,.01,.0099999998,.017999999,.017999999,100,487,59,31,54,-18.50607314962187,-18.447893,18.688166,.32357249,-55.076023,18.180237,41.8871115554851,15.346452,-1.202094955022281,-3.5888441,1.1846541,.5345445510201752,.61371577,.22186264,7.6518455,,,0,1,.8245272040367126
P08,share_educ_secondaryplus_2013,Secondary education or higher,human_capital,primary,primary_2013_ccpp,8,outcome_cerrd_fuzzy,fuzzy_late,rdrobust,selected_bc_primary,cr2 cluster_dist,1,2,triangular,cerrd,,.0105446607522646,.010544661,.022218369,.022218369,100,487,62,32,54,-18.71119199113168,-19.660145,19.106621,.30349365,-57.108437,17.788145,41.86386193434918,14.966524,-1.313607937820601,-3.8157446,1.1885288,.5015223368594782,.54099971,.21838631,6.1368184,,,0,1,.7589448690414429
P08,share_educ_secondaryplus_2013,Secondary education or higher,human_capital,primary,primary_2013_ccpp,8,outcome_mserd_fuzzy,fuzzy_late,rdrobust,selected_bc_primary,cr2 cluster_dist,1,2,triangular,mserd,,.0137533157560309,.013753315,.022218369,.022218369,100,487,72,40,63,-18.6603001888362,-20.388372,22.485907,.36455607,-64.459938,23.683197,41.44740874444142,14.603344,-1.396144008365648,-4.4140534,1.6217654,.4060969121156197,.46350223,.21259665,4.753252,,,0,1,.8942015171051025
P08,share_educ_secondaryplus_2013,Secondary education or higher,human_capital,primary,primary_2013_ccpp,8,outcome_mserd_p2,fuzzy_late,rdrobust,selected_bc_primary,cr2 cluster_dist,2,3,triangular,mserd,,.0169373749751077,.016937375,.025864055,.025864055,100,487,98,50,77,-18.03401436479203,-16.662189,17.766468,.34832418,-51.483829,18.159449,41.48717644687018,15.070609,-1.105608237539875,-3.4161744,1.2049578,.5849070189160843,.66925985,.23086742,8.4035778,,,0,1,.7052091360092163
P08,share_educ_secondaryplus_2013,Secondary education or higher,human_capital,primary,primary_2013_ccpp,8,parametric_common_h,parametric_late,ivreg2,selected_bc_primary,cr1 cluster_dist,1,2,triangular,manual,.0075,.0075,.0074999998,.0135,.0135,100,65,,,45,-15.1244571826119,-15.124457,13.902787,.27665147,-42.37392,12.125006,42.54120676466043,15.745008,-.9605874365983551,-2.6912606,.77008569,,,,10.486603,.2795291223395228,.29605922,0,1,.7065946459770203
P08,share_educ_secondaryplus_2013,Secondary education or higher,human_capital,primary,primary_2013_ccpp,8,parametric_covariates,parametric_late,ivreg2,selected_bc_primary,cr1 cluster_dist,1,2,triangular,manual,.0075,.0075,.0074999998,.0135,.0135,100,63,,,43,-11.58927315407235,-11.589273,13.44326,.38863909,-37.938065,14.759517,42.53336046008252,15.72756,-.7368767270614187,-2.4122026,.93844926,,,,11.010422,.377632468668552,.45529106,0,1,.7050206320626394
S01,share_female_2013,Female residents,demography,secondary,demography_2013,9,common_h_fuzzy,fuzzy_late,rdrobust,selected_bc_linked,cr2 cluster_dist,1,2,triangular,manual,,.0075,.0074999998,.0135,.0135,100,487,43,22,45,-4.264197944953218,-3.8924098,8.1939278,.63476139,-19.952213,12.167394,52.26132057392597,8.659276,-.4495075638614917,-2.3041434,1.4051284,.6720353021488914,.78113091,.23184101,11.351862,,,0,1,.8389122247695923
S01,share_female_2013,Female residents,demography,secondary,demography_2013,9,common_h_reduced_form,reduced_form,rdrobust,selected_bc_linked,cr2 cluster_dist,1,2,triangular,manual,,.0075,.0074999998,.0135,.0135,100,487,43,22,45,-2.865691554359318,-3.0810421,5.3929539,.56779033,-13.651037,7.4889531,52.26132057392597,8.659276,-.3558082919275378,-1.5764641,.86484754,,,,,,,0,1,.7909596204757691
S01,share_female_2013,Female residents,demography,secondary,demography_2013,9,outcome_cerrd_fuzzy,fuzzy_late,rdrobust,selected_bc_linked,cr2 cluster_dist,1,2,triangular,cerrd,,.005986297292664,.0059862975,.014957942,.014957942,100,487,37,16,41,-6.592300805521854,-6.419548,10.358459,.53542918,-26.721754,13.882659,52.13707366271218,9.2390871,-.6948248952465984,-2.8922505,1.5026007,.5910082012484705,.63713485,.24232058,6.9132476,,,0,1,.8445876359939575
S01,share_female_2013,Female residents,demography,secondary,demography_2013,9,outcome_mserd_fuzzy,fuzzy_late,rdrobust,selected_bc_linked,cr2 cluster_dist,1,2,triangular,mserd,,.0078078791541775,.0078078792,.014957942,.014957942,100,487,47,22,47,-3.785161224039931,-3.3844833,7.6348562,.65755337,-18.348526,11.57956,52.7059754728885,8.6226006,-.3925130326959075,-2.1279573,1.3429313,.6766280318084157,.76761258,.22852825,11.282475,,,0,1,.7890640497207642
S02,share_age_0_14_2013,Residents age 0-14,demography,secondary,demography_2013,10,common_h_fuzzy,fuzzy_late,rdrobust,selected_bc_linked,cr2 cluster_dist,1,2,triangular,manual,,.0075,.0074999998,.0135,.0135,100,487,43,22,45,5.093564554381439,6.4781718,7.2948108,.37451276,-7.8193951,20.775738,31.43064075164905,7.723453,.838766246092044,-1.0124222,2.6899548,.6720353021488914,.78113091,.23184101,11.351862,,,0,1,.8389122247695923
S02,share_age_0_14_2013,Residents age 0-14,demography,secondary,demography_2013,10,common_h_reduced_form,reduced_form,rdrobust,selected_bc_linked,cr2 cluster_dist,1,2,triangular,manual,,.0075,.0074999998,.0135,.0135,100,487,43,22,45,3.423055194318614,4.9092455,5.3768177,.36122191,-5.6291237,15.447615,31.43064075164905,7.723453,.6356283291805552,-.72883511,2.0000918,,,,,,,0,1,.7844340205192566
S02,share_age_0_14_2013,Residents age 0-14,demography,secondary,demography_2013,10,outcome_cerrd_fuzzy,fuzzy_late,rdrobust,selected_bc_linked,cr2 cluster_dist,1,2,triangular,cerrd,,.0055716632025129,.0055716634,.014116531,.014116531,100,487,34,15,40,10.60197986215347,10.67119,8.8080301,.22569245,-6.5922318,27.934612,32.22331412706055,7.5192318,1.41918622256548,-.87671614,3.7150886,.5761866385519351,.62332422,.2434676,6.5545921,,,0,1,.8445876359939575
S02,share_age_0_14_2013,Residents age 0-14,demography,secondary,demography_2013,10,outcome_mserd_fuzzy,fuzzy_late,rdrobust,selected_bc_linked,cr2 cluster_dist,1,2,triangular,mserd,,.0072670752630862,.0072670751,.014116531,.014116531,100,487,42,20,44,5.808637775529385,6.4372673,7.4156642,.38535959,-8.097167,20.971701,31.44638860837329,7.8163753,.8235616979626342,-1.0359236,2.6830471,.6611875120809575,.75123644,.23251244,10.439049,,,0,1,.7890640497207642
S03,share_age_30_44_2013,Residents age 30-44,demography,secondary,demography_2013,11,common_h_fuzzy,fuzzy_late,rdrobust,selected_bc_linked,cr2 cluster_dist,1,2,triangular,manual,,.0075,.0074999998,.0135,.0135,100,487,43,22,45,1.835327607257164,1.9125921,4.9479237,.69909352,-7.7851601,11.610344,17.92889973087133,4.9561305,.3859043182022031,-1.5708143,2.3426228,.6720353021488914,.78113091,.23184101,11.351862,,,0,1,.8389122247695923
S03,share_age_30_44_2013,Residents age 30-44,demography,secondary,demography_2013,11,common_h_reduced_form,reduced_form,rdrobust,selected_bc_linked,cr2 cluster_dist,1,2,triangular,manual,,.0075,.0074999998,.0135,.0135,100,487,43,22,45,1.23340494308527,1.4855555,3.3677628,.65913302,-5.1151381,8.0862494,17.92889973087133,4.9561305,.2997410211368009,-1.032083,1.6315651,,,,,,,0,1,.7909596204757691
S03,share_age_30_44_2013,Residents age 30-44,demography,secondary,demography_2013,11,outcome_cerrd_fuzzy,fuzzy_late,rdrobust,selected_bc_linked,cr2 cluster_dist,1,2,triangular,cerrd,,.0050965256687038,.0050965259,.013125664,.013125664,100,487,30,15,37,3.192705849534799,3.187325,6.3343191,.61483526,-9.2277126,15.602363,18.1005176818399,5.4041734,.5897895258677351,-1.7075158,2.887095,.5909755501532428,.63990921,.24067122,7.0694942,,,0,1,.8445876359939575
S03,share_age_30_44_2013,Residents age 30-44,demography,secondary,demography_2013,11,outcome_mserd_fuzzy,fuzzy_late,rdrobust,selected_bc_linked,cr2 cluster_dist,1,2,triangular,mserd,,.006647357219657,.0066473573,.013125664,.013125664,100,487,39,17,41,2.649580506100931,2.6623507,5.605576,.63482487,-8.3243761,13.649077,18.27499921218686,5.0163388,.5307358135852109,-1.6594526,2.7209241,.6252402275635719,.71056271,.23806442,8.9087305,,,0,1,.7890640497207642
S04,share_age_45_64_2013,Residents age 45-64,demography,secondary,demography_2013,12,common_h_fuzzy,fuzzy_late,rdrobust,selected_bc_linked,cr2 cluster_dist,1,2,triangular,manual,,.0075,.0074999998,.0135,.0135,100,487,43,22,45,5.804086381241328,5.4651046,8.0479317,.49709386,-10.308552,21.23876,17.52699579179011,6.9203825,.789711352345781,-1.4895928,3.0690155,.6720353021488914,.78113091,.23184101,11.351862,,,0,1,.8389122247695923
S04,share_age_45_64_2013,Residents age 45-64,demography,secondary,demography_2013,12,common_h_reduced_form,reduced_form,rdrobust,selected_bc_linked,cr2 cluster_dist,1,2,triangular,manual,,.0075,.0074999998,.0135,.0135,100,487,43,22,45,3.900550944915782,4.3059435,4.9732966,.38659289,-5.4415388,14.053426,17.52699579179011,6.9203825,.6222117792160065,-.78630608,2.0307298,,,,,,,0,1,.7844340205192566
S04,share_age_45_64_2013,Residents age 45-64,demography,secondary,demography_2013,12,outcome_cerrd_fuzzy,fuzzy_late,rdrobust,selected_bc_linked,cr2 cluster_dist,1,2,triangular,cerrd,,.0056080066679127,.0056080068,.013856752,.013856752,100,487,34,16,40,7.625604562998784,7.2580924,10.036529,.46957693,-12.413143,26.929327,16.9139241820382,7.2313933,1.003692123093875,-1.7165631,3.7239473,.5763419294391608,.62641954,.24286297,6.652854,,,0,1,.8445876359939575
S04,share_age_45_64_2013,Residents age 45-64,demography,secondary,demography_2013,12,outcome_mserd_fuzzy,fuzzy_late,rdrobust,selected_bc_linked,cr2 cluster_dist,1,2,triangular,mserd,,.0073144777511373,.0073144776,.013856752,.013856752,100,487,42,20,44,5.847303483534079,5.6787181,8.1582756,.486386,-10.311209,21.668644,17.50932353042248,7.0032868,.8108646966795188,-1.4723386,3.0940678,.6632390237937345,.75897098,.23234273,10.670681,,,0,1,.7890640497207642
S05,share_age_65p_2013,Residents age 65 or older,demography,secondary,demography_2013,13,common_h_fuzzy,fuzzy_late,rdrobust,selected_bc_linked,cr2 cluster_dist,1,2,triangular,manual,,.0075,.0074999998,.0135,.0135,100,487,43,22,45,7.845226493710901,7.0636177,10.399237,.49698335,-13.318512,27.445747,11.62711802117613,8.9533472,.7889360009550884,-1.4875456,3.0654175,.6720353021488914,.78113091,.23184101,11.351862,,,0,1,.8389122247695923
S05,share_age_65p_2013,Residents age 65 or older,demography,secondary,demography_2013,13,common_h_reduced_form,reduced_form,rdrobust,selected_bc_linked,cr2 cluster_dist,1,2,triangular,manual,,.0075,.0074999998,.0135,.0135,100,487,43,22,45,5.272269157127493,5.60288,6.5484524,.39221701,-7.2318506,18.437611,11.62711802117613,8.9533472,.6257861072454199,-.80772597,2.0592983,,,,,,,0,1,.7844340205192566
S05,share_age_65p_2013,Residents age 65 or older,demography,secondary,demography_2013,13,outcome_cerrd_fuzzy,fuzzy_late,rdrobust,selected_bc_linked,cr2 cluster_dist,1,2,triangular,cerrd,,.0055808122052281,.0055808122,.013780227,.013780227,100,487,34,16,40,5.366984581972798,4.9090858,12.913044,.70382303,-20.400015,30.218185,10.07754831872439,8.8563461,.554301507184329,-2.3034346,3.4120376,.5759354766703308,.62608451,.24292265,6.6424751,,,0,1,.8445876359939575
S05,share_age_65p_2013,Residents age 65 or older,demography,secondary,demography_2013,13,outcome_mserd_fuzzy,fuzzy_late,rdrobust,selected_bc_linked,cr2 cluster_dist,1,2,triangular,mserd,,.0072790082333496,.0072790082,.013780227,.013780227,100,487,42,20,44,7.600393586584313,6.9701705,10.63955,.51239121,-13.882964,27.823305,11.56054757113087,9.0510988,.7700910402093208,-1.5338429,3.0740249,.6617171999966224,.75769812,.23252587,10.618175,,,0,1,.7890640497207642
S06,share_literate_2013,Literate residents,human_capital,secondary,human_capital_2013,14,common_h_fuzzy,fuzzy_late,rdrobust,selected_bc_linked,cr2 cluster_dist,1,2,triangular,manual,,.0075,.0074999998,.0135,.0135,100,487,43,22,45,-1.709657951028649,-2.7505784,13.626491,.8400299,-29.458008,23.956852,75.86558842240898,13.332961,-.2062991449307046,-2.2094123,1.7968141,.6720353021488914,.78113091,.23184101,11.351862,,,0,1,.9999055862426758
S06,share_literate_2013,Literate residents,human_capital,secondary,human_capital_2013,14,common_h_reduced_form,reduced_form,rdrobust,selected_bc_linked,cr2 cluster_dist,1,2,triangular,manual,,.0075,.0074999998,.0135,.0135,100,487,43,22,45,-1.148950497690793,-2.035002,9.1727962,.82442921,-20.013351,15.943347,75.86558842240898,13.332961,-.15262941025438,-1.5010433,1.1957844,,,,,,,0,1,.9990876913070679
S06,share_literate_2013,Literate residents,human_capital,secondary,human_capital_2013,14,outcome_cerrd_fuzzy,fuzzy_late,rdrobust,selected_bc_linked,cr2 cluster_dist,1,2,triangular,cerrd,,.0057818405784487,.0057818405,.014720093,.014720093,100,487,36,16,41,-3.554371843190792,-3.7771947,16.454004,.81843305,-36.026447,28.472059,76.02284725480938,13.866388,-.2723993224964872,-2.5981135,2.0533147,.5833006139641443,.62851518,.24311137,6.6837626,,,0,1,.8184330463409424
S06,share_literate_2013,Literate residents,human_capital,secondary,human_capital_2013,14,outcome_mserd_fuzzy,fuzzy_late,rdrobust,selected_bc_linked,cr2 cluster_dist,1,2,triangular,mserd,,.0075412079150446,.0075412081,.014720093,.014720093,100,487,44,22,45,-1.670828056779471,-2.4641085,13.318935,.85322285,-28.568743,23.640526,75.62560055937649,13.272824,-.185650650969504,-2.1524239,1.7811226,.6737799302608439,.76094025,.23079459,10.870508,,,0,1,.9969081878662109
S07,share_nonspanish_2013,Residents with non-Spanish mother tongue,human_capital,secondary,human_capital_2013,15,common_h_fuzzy,fuzzy_late,rdrobust,selected_bc_linked,cr2 cluster_dist,1,2,triangular,manual,,.0075,.0074999998,.0135,.0135,100,383,36,15,38,-.2885774129035877,-.095482334,15.417437,.9950586,-30.313103,30.122137,79.03222238592744,25.844177,-.0036945395012516,-1.1729181,1.165529,.9689302826083699,1.0811639,.17165305,39.671627,,,0,1,.9999055862426758
S07,share_nonspanish_2013,Residents with non-Spanish mother tongue,human_capital,secondary,human_capital_2013,15,common_h_reduced_form,reduced_form,rdrobust,selected_bc_linked,cr2 cluster_dist,1,2,triangular,manual,,.0075,.0074999998,.0135,.0135,100,383,36,15,38,-.2796113942390654,-.1249038,14.9445,.99333149,-29.415585,29.165777,79.03222238592744,25.844177,-.0048329569924283,-1.13819,1.1285241,,,,,,,0,1,.9990876913070679
S07,share_nonspanish_2013,Residents with non-Spanish mother tongue,human_capital,secondary,human_capital_2013,15,outcome_cerrd_fuzzy,fuzzy_late,rdrobust,selected_bc_linked,cr2 cluster_dist,1,2,triangular,cerrd,,.00665605124266,.0066560511,.015205416,.015205416,100,383,32,11,34,5.17312975690156,4.8634076,16.930246,.77391213,-28.319263,38.046078,78.72781065456056,27.206068,.1787618686527629,-1.0409173,1.398441,.8717390266409324,.92269832,.16579434,30.972771,,,0,1,.8184330463409424
S07,share_nonspanish_2013,Residents with non-Spanish mother tongue,human_capital,secondary,human_capital_2013,15,outcome_mserd_fuzzy,fuzzy_late,rdrobust,selected_bc_linked,cr2 cluster_dist,1,2,triangular,mserd,,.0086122962788148,.0086122965,.015205416,.015205416,100,383,44,17,42,-.3046788983892683,-.33403084,15.486814,.98279196,-30.68763,30.019569,80.66808859764035,24.384808,-.0136983179896846,-1.2584734,1.2310767,.9586416857801378,1.0835514,.17186694,39.747917,,,0,1,.9969081878662109
S08,share_indigenous_language_2013,Residents with Indigenous mother tongue,human_capital,secondary,human_capital_2013,16,common_h_fuzzy,fuzzy_late,rdrobust,selected_bc_linked,cr2 cluster_dist,1,2,triangular,manual,,.0075,.0074999998,.0135,.0135,100,383,36,15,38,-.1681332566177567,.0018265535,15.431669,.99990559,-30.243689,30.247343,78.74891498587557,25.88973,.0000705512772215,-1.1681732,1.1683143,.9689302826083699,1.0811639,.17165305,39.671627,,,0,1,.9999055862426758
S08,share_indigenous_language_2013,Residents with Indigenous mother tongue,human_capital,secondary,human_capital_2013,16,common_h_reduced_form,reduced_form,rdrobust,selected_bc_linked,cr2 cluster_dist,1,2,triangular,manual,,.0075,.0074999998,.0135,.0135,100,383,36,15,38,-.1629094038505086,-.017100392,14.955856,.99908769,-29.33004,29.295839,78.74891498587557,25.88973,-.0006605087185214,-1.1328832,1.1315621,,,,,,,0,1,.9990876913070679
S08,share_indigenous_language_2013,Residents with Indigenous mother tongue,human_capital,secondary,human_capital_2013,16,outcome_cerrd_fuzzy,fuzzy_late,rdrobust,selected_bc_linked,cr2 cluster_dist,1,2,triangular,cerrd,,.0067922509706505,.006792251,.01535812,.01535812,100,383,32,13,35,4.266302970419389,3.9425118,16.678856,.8131395,-28.747446,36.632469,78.42886831051487,27.248947,.1446849262843888,-1.0549929,1.3443629,.8870838464317325,.94096553,.16643038,31.965551,,,0,1,.8184330463409424
S08,share_indigenous_language_2013,Residents with Indigenous mother tongue,human_capital,secondary,human_capital_2013,16,outcome_mserd_fuzzy,fuzzy_late,rdrobust,selected_bc_linked,cr2 cluster_dist,1,2,triangular,mserd,,.0087885257529856,.0087885261,.01535812,.01535812,100,383,45,17,43,.1658148193854836,-.060633473,15.647317,.99690819,-30.728811,30.607544,79.62347735593588,24.768522,-.0024480053424219,-1.2406397,1.2357436,.9516949517878424,1.0766948,.17250133,38.95834,,,0,1,.9969081878662109
S09,share_any_insurance_2013,Residents with health insurance,health,secondary,health_2013,17,common_h_fuzzy,fuzzy_late,rdrobust,selected_bc_linked,cr2 cluster_dist,1,2,triangular,manual,,.0075,.0074999998,.0135,.0135,100,487,43,22,45,-17.2193258028372,-15.810367,25.19643,.5303418,-65.194466,33.57373,86.67150126780408,13.642693,-1.158889026595131,-4.7787094,2.4609315,.6720353021488914,.78113091,.23184101,11.351862,,,0,1,.8078475594520569
S09,share_any_insurance_2013,Residents with health insurance,health,secondary,health_2013,17,common_h_reduced_form,reduced_form,rdrobust,selected_bc_linked,cr2 cluster_dist,1,2,triangular,manual,,.0075,.0074999998,.0135,.0135,100,487,43,22,45,-11.5719948187099,-12.503676,13.839663,.36627814,-39.628918,14.621563,86.67150126780408,13.642693,-.9165109573776599,-2.9047725,1.0717505,,,,,,,0,1,.6546243131160736
S09,share_any_insurance_2013,Residents with health insurance,health,secondary,health_2013,17,outcome_cerrd_fuzzy,fuzzy_late,rdrobust,selected_bc_linked,cr2 cluster_dist,1,2,triangular,cerrd,,.0088146691048093,.0088146692,.019115718,.019115718,100,487,54,25,51,-18.60495002490856,-18.329117,23.398893,.4334318,-64.190109,27.531872,85.76727661471648,16.328886,-1.12249650692211,-3.9310768,1.6860839,.6324576921253288,.68023592,.21958278,9.596715,,,0,1,.7468876093626022
S09,share_any_insurance_2013,Residents with health insurance,health,secondary,health_2013,17,outcome_mserd_fuzzy,fuzzy_late,rdrobust,selected_bc_linked,cr2 cluster_dist,1,2,triangular,mserd,,.0114969016388068,.011496902,.019115718,.019115718,100,487,63,37,57,-23.18597254091998,-21.864908,32.259186,.49790576,-85.091751,41.361938,86.2061320372628,15.546829,-1.406390166219979,-5.4732547,2.6604741,.4632051504984709,.53904128,.21952365,6.0295014,,,0,1,.7133675217628479
S10,share_any_disability_2013,Residents reporting disability,health,secondary,health_2013,18,common_h_fuzzy,fuzzy_late,rdrobust,selected_bc_linked,cr2 cluster_dist,1,2,triangular,manual,,.0075,.0074999998,.0135,.0135,100,487,43,22,45,3.25298948411232,2.3739316,9.7610798,.80784756,-16.757433,21.505297,6.161437079794387,6.6942744,.3546212014519205,-2.5032487,3.212491,.6720353021488914,.78113091,.23184101,11.351862,,,0,1,.8078475594520569
S10,share_any_disability_2013,Residents reporting disability,health,secondary,health_2013,18,common_h_reduced_form,reduced_form,rdrobust,selected_bc_linked,cr2 cluster_dist,1,2,triangular,manual,,.0075,.0074999998,.0135,.0135,100,487,43,22,45,2.186123770842589,1.9502527,6.312314,.75735193,-10.421656,14.322161,6.161437079794387,6.6942744,.2913314537555718,-1.5568014,2.1394644,,,,,,,0,1,.7573519349098206
S10,share_any_disability_2013,Residents reporting disability,health,secondary,health_2013,18,outcome_cerrd_fuzzy,fuzzy_late,rdrobust,selected_bc_linked,cr2 cluster_dist,1,2,triangular,cerrd,,.0071309453537833,.0071309456,.016229397,.016229397,100,487,41,20,44,3.12127847202176,2.9404328,9.7735596,.76352441,-16.215391,22.096258,6.259838651894014,6.8428197,.4297106836946385,-2.3696945,3.2291157,.6533039013180457,.70335984,.23213337,9.180788,,,0,1,.7635244131088257
S10,share_any_disability_2013,Residents reporting disability,health,secondary,health_2013,18,outcome_mserd_fuzzy,fuzzy_late,rdrobust,selected_bc_linked,cr2 cluster_dist,1,2,triangular,mserd,,.0093008343647776,.0093008345,.016229397,.016229397,100,487,54,29,53,4.384571452208508,3.9112635,10.647613,.71336752,-16.957672,24.780199,6.937610888997574,6.884551,.5681218085183414,-2.4631488,3.5993924,.586445231043113,.68082505,.22467478,9.1825314,,,0,1,.7133675217628479
S11,share_juntos_2013,Residents reporting Juntos,social_protection,secondary,social_protection_2013,19,common_h_fuzzy,fuzzy_late,rdrobust,selected_bc_linked,cr2 cluster_dist,1,2,triangular,manual,,.0075,.0074999998,.0135,.0135,100,487,43,22,45,5.427854999052217,4.9875894,5.6010618,.37321243,-5.9902902,15.965469,11.21965288236271,5.288866,.943035732625251,-1.1326228,3.0186942,.6720353021488914,.78113091,.23184101,11.351862,,,0,1,.9733396172523499
S11,share_juntos_2013,Residents reporting Juntos,social_protection,secondary,social_protection_2013,19,common_h_reduced_form,reduced_form,rdrobust,selected_bc_linked,cr2 cluster_dist,1,2,triangular,manual,,.0075,.0074999998,.0135,.0135,100,487,43,22,45,3.647710174308427,3.9439914,4.2183318,.34980646,-4.3237867,12.211769,11.21965288236271,5.288866,.7457158833116908,-.81752628,2.3089581,,,,,,,0,1,.965074896812439
S11,share_juntos_2013,Residents reporting Juntos,social_protection,secondary,social_protection_2013,19,outcome_cerrd_fuzzy,fuzzy_late,rdrobust,selected_bc_linked,cr2 cluster_dist,1,2,triangular,cerrd,,.0088283048597311,.0088283047,.018941555,.018941555,100,487,54,25,51,5.459571622101897,5.3880644,4.9213285,.27358699,-4.2575617,15.033691,11.19138000206708,5.6312881,.9568085376798928,-.7560547,2.6696718,.6314550185418587,.68121046,.21964763,9.6185503,,,0,.82076096534729,.82076096534729
S11,share_juntos_2013,Residents reporting Juntos,social_protection,secondary,social_protection_2013,19,outcome_mserd_fuzzy,fuzzy_late,rdrobust,selected_bc_linked,cr2 cluster_dist,1,2,triangular,mserd,,.0115146866436938,.011514687,.018941555,.018941555,100,487,63,37,57,6.709568551676218,6.3297381,6.2401609,.31041339,-5.9007521,18.560228,11.03390572676403,5.5316148,1.144284018244753,-1.0667323,3.3553004,.4626536458286602,.54157382,.21977508,6.0723729,,,0,.9312401711940765,.8612018227577209
S12,employment_rate_2013,Employment rate,labor,secondary,labor_2013,20,common_h_fuzzy,fuzzy_late,rdrobust,selected_bc_linked,cr2 cluster_dist,1,2,triangular,manual,,.0075,.0074999998,.0135,.0135,100,487,43,22,45,-.2401284295819438,-.58503711,.99775612,.55763841,-2.5406032,1.3705289,98.74912884516242,4.5705743,-.1280007977211848,-.55586082,.29985926,.6720353021488914,.78113091,.23184101,11.351862,,,0,1,.55763840675354
S12,employment_rate_2013,Employment rate,labor,secondary,labor_2013,20,common_h_reduced_form,reduced_form,rdrobust,selected_bc_linked,cr2 cluster_dist,1,2,triangular,manual,,.0075,.0074999998,.0135,.0135,100,487,43,22,45,-.1613747817286404,-.41936257,.67380083,.53368968,-1.739988,.90126282,98.74912884516242,4.5705743,-.0917527097475355,-.38069353,.19718809,,,,,,,0,1,.5336896777153015
S12,employment_rate_2013,Employment rate,labor,secondary,labor_2013,20,outcome_cerrd_fuzzy,fuzzy_late,rdrobust,selected_bc_linked,cr2 cluster_dist,1,2,triangular,cerrd,,.005303982895754,.0053039831,.013624615,.013624615,100,487,33,15,39,-.8607172993771393,-1.1033956,1.3658439,.41917753,-3.7804005,1.5736092,98.74886485884799,4.7983108,-.2299550049550955,-.78786069,.32795066,.5823766561408503,.62986147,.24130332,6.8133931,,,0,.8383550643920898,.4238433539867401
S12,employment_rate_2013,Employment rate,labor,secondary,labor_2013,20,outcome_mserd_fuzzy,fuzzy_late,rdrobust,selected_bc_linked,cr2 cluster_dist,1,2,triangular,mserd,,.0069179420034187,.0069179418,.013624615,.013624615,100,487,39,19,42,-.4118357628996153,-.73220766,1.0942634,.5034107,-2.8769245,1.4125093,98.62083436774319,4.7861795,-.152983737158869,-.60108995,.2951225,.6410452439767476,.7274856,.2349335,9.5886812,,,0,1,.6808744668960571
S13,unemployment_rate_2013,Unemployment rate,labor,secondary,labor_2013,21,common_h_fuzzy,fuzzy_late,rdrobust,selected_bc_linked,cr2 cluster_dist,1,2,triangular,manual,,.0075,.0074999998,.0135,.0135,100,487,43,22,45,.240128429581978,.58503711,.99775612,.55763841,-1.3705289,2.5406032,1.250871154837582,4.5705743,.1280007977212143,-.29985926,.55586082,.6720353021488914,.78113091,.23184101,11.351862,,,0,1,.55763840675354
S13,unemployment_rate_2013,Unemployment rate,labor,secondary,labor_2013,21,common_h_reduced_form,reduced_form,rdrobust,selected_bc_linked,cr2 cluster_dist,1,2,triangular,manual,,.0075,.0074999998,.0135,.0135,100,487,43,22,45,.1613747817286634,.41936257,.67380083,.53368968,-.90126282,1.739988,1.250871154837582,4.5705743,.0917527097475561,-.19718809,.38069353,,,,,,,0,1,.5336896777153015
S13,unemployment_rate_2013,Unemployment rate,labor,secondary,labor_2013,21,outcome_cerrd_fuzzy,fuzzy_late,rdrobust,selected_bc_linked,cr2 cluster_dist,1,2,triangular,cerrd,,.006465324723993,.0064653247,.013624615,.013624615,100,487,37,17,41,.6128879462358795,.92764294,1.1598853,.42384335,-1.3456905,3.2009764,1.453715125892325,4.9059935,.1890836054951261,-.27429521,.65246242,.617749526349061,.6912753,.23790185,8.4431868,,,0,.8383550643920898,.4238433539867401
S13,unemployment_rate_2013,Unemployment rate,labor,secondary,labor_2013,21,outcome_mserd_fuzzy,fuzzy_late,rdrobust,selected_bc_linked,cr2 cluster_dist,1,2,triangular,mserd,,.0084326707594886,.0084326705,.013624615,.013624615,100,487,51,24,49,-.1520965264828544,.3674098,.893354,.68087447,-1.3835318,2.1183515,1.219581855123275,4.3348808,.0847566088690796,-.31916261,.48867583,.6575635979504688,.80043262,.22785392,12.340607,,,0,1,.6808744668960571
S14,child_employment_rate_2013,Child employment rate,labor,secondary,labor_2013,22,common_h_fuzzy,fuzzy_late,rdrobust,selected_bc_linked,cr2 cluster_dist,1,2,triangular,manual,,.0075,.0074999998,.0135,.0135,100,479,42,22,45,44.72119270416145,45.369534,29.58367,.12512796,-12.613395,103.35246,4.761096286572674,17.261309,2.628394716760082,-.73073226,5.9875216,.664238339871861,.78120732,.23456384,11.092015,,,0,.3753838688135147,.3753838688135147
S14,child_employment_rate_2013,Child employment rate,labor,secondary,labor_2013,22,common_h_reduced_form,reduced_form,rdrobust,selected_bc_linked,cr2 cluster_dist,1,2,triangular,manual,,.0075,.0074999998,.0135,.0135,100,479,42,22,45,29.70553079890178,35.367176,20.67758,.087189756,-5.1601357,75.894485,4.761096286572674,17.261309,2.048927761029719,-.29894233,4.3967977,,,,,,,0,.2615692690014839,.2615692690014839
S14,child_employment_rate_2013,Child employment rate,labor,secondary,labor_2013,22,outcome_cerrd_fuzzy,fuzzy_late,rdrobust,selected_bc_linked,cr2 cluster_dist,1,2,triangular,cerrd,,.007332145785342,.0073321457,.015232462,.015232462,100,479,42,20,45,46.96246799531578,46.295341,28.777187,.10767072,-10.106913,102.69759,4.761096286572674,17.261309,2.682029535894767,-.58552414,5.9495831,.6560228850178762,.73221421,.23324028,9.8552856,,,0,.3230121731758118,.3230121731758118
S14,child_employment_rate_2013,Child employment rate,labor,secondary,labor_2013,22,outcome_mserd_fuzzy,fuzzy_late,rdrobust,selected_bc_linked,cr2 cluster_dist,1,2,triangular,mserd,,.0095632584607716,.0095632588,.015232462,.015232462,100,479,53,29,53,37.77112764122188,39.288879,28.563118,.16897313,-16.693806,95.271561,3.862146143014936,15.435471,2.545363178073815,-1.0815222,6.1722488,.5553253220296231,.69397867,.22901358,9.1826878,,,0,.5069193989038467,.5069193989038467
S15,share_nbi_two_plus_2013,Households with two or more unmet needs,deprivation,secondary,deprivation_2013,23,common_h_fuzzy,fuzzy_late,rdrobust,selected_bc_linked,cr2 cluster_dist,1,2,triangular,manual,,.0075,.0074999998,.0135,.0135,100,487,43,22,45,-5.696690772804789,-2.5020068,13.181529,.84945679,-28.337328,23.333315,16.59114234972485,21.757484,-.1149952188053713,-1.3024174,1.072427,.6720353021488914,.78113091,.23184101,11.351862,,,0,1,.9734597206115723
S15,share_nbi_two_plus_2013,Households with two or more unmet needs,deprivation,secondary,deprivation_2013,23,common_h_reduced_form,reduced_form,rdrobust,selected_bc_linked,cr2 cluster_dist,1,2,triangular,manual,,.0075,.0074999998,.0135,.0135,100,487,43,22,45,-3.828377304750669,-2.3029208,9.1843176,.80201137,-20.303854,15.698011,16.59114234972485,21.757484,-.1058449877890286,-.93318933,.72149938,,,,,,,0,1,.9636378884315491
S15,share_nbi_two_plus_2013,Households with two or more unmet needs,deprivation,secondary,deprivation_2013,23,outcome_cerrd_fuzzy,fuzzy_late,rdrobust,selected_bc_linked,cr2 cluster_dist,1,2,triangular,cerrd,,.0068952409951824,.0068952409,.014825912,.014825912,100,487,39,19,42,-3.416674042967832,-2.2227612,12.825784,.86241239,-27.360834,22.915312,17.80463228575312,22.458242,-.0989730660595726,-1.2182981,1.020352,.63968618952917,.70609808,.23518737,9.0136795,,,0,1,.9717512130737305
S15,share_nbi_two_plus_2013,Households with two or more unmet needs,deprivation,secondary,deprivation_2013,23,outcome_mserd_fuzzy,fuzzy_late,rdrobust,selected_bc_linked,cr2 cluster_dist,1,2,triangular,mserd,,.0089934070757379,.0089934068,.014825912,.014825912,100,487,54,28,53,-9.568570558579587,-6.2692251,13.715746,.64761186,-33.151592,20.613142,15.50706687935249,21.247963,-.2950506440345235,-1.5602245,.97012323,.6194325722897642,.74588132,.22663808,10.831128,,,0,1,.9060329794883728
S16,share_nbi1_housing_2013,NBI inadequate housing,deprivation,secondary,deprivation_2013,24,common_h_fuzzy,fuzzy_late,rdrobust,selected_bc_linked,cr2 cluster_dist,1,2,triangular,manual,,.0075,.0074999998,.0135,.0135,100,487,43,22,45,3.531077474697905,5.1528335,28.977043,.85886067,-51.641129,61.946796,13.17548830127127,29.18824,.1765379973258542,-1.7692444,2.1223204,.6720353021488914,.78113091,.23184101,11.351862,,,0,1,.9734597206115723
S16,share_nbi1_housing_2013,NBI inadequate housing,deprivation,secondary,deprivation_2013,24,common_h_reduced_form,reduced_form,rdrobust,selected_bc_linked,cr2 cluster_dist,1,2,triangular,manual,,.0075,.0074999998,.0135,.0135,100,487,43,22,45,2.373008717619751,3.8481109,18.98988,.83941633,-33.371368,41.067593,13.17548830127127,29.18824,.1318377187441417,-1.1433156,1.406991,,,,,,,0,1,.9636378884315491
S16,share_nbi1_housing_2013,NBI inadequate housing,deprivation,secondary,deprivation_2013,24,outcome_cerrd_fuzzy,fuzzy_late,rdrobust,selected_bc_linked,cr2 cluster_dist,1,2,triangular,cerrd,,.0090240714658616,.0090240715,.016581234,.016581234,100,487,54,28,53,.0888779604533804,.85878879,24.251345,.97175121,-46.672974,48.390553,14.41341694185717,31.16276,.0275581763676272,-1.4977163,1.5528327,.6155511861868281,.69898611,.2226126,9.859108,,,0,1,.9717512130737305
S16,share_nbi1_housing_2013,NBI inadequate housing,deprivation,secondary,deprivation_2013,24,outcome_mserd_fuzzy,fuzzy_late,rdrobust,selected_bc_linked,cr2 cluster_dist,1,2,triangular,mserd,,.0117700234451193,.011770023,.016581234,.016581234,100,487,63,37,57,2.830226229259925,3.4709806,29.40419,.90603298,-54.160172,61.102135,14.74741143913614,31.306425,.1108711910597675,-1.7300018,1.9517442,.455413983742187,.58587831,.22386962,6.848959,,,0,1,.9060329794883728
S17,share_nbi2_overcrowding_2013,NBI overcrowding,deprivation,secondary,deprivation_2013,25,common_h_fuzzy,fuzzy_late,rdrobust,selected_bc_linked,cr2 cluster_dist,1,2,triangular,manual,,.0075,.0074999998,.0135,.0135,100,487,43,22,45,-3.712810025443202,-2.7504721,10.055273,.78444177,-22.458445,16.9575,10.63081724136028,12.5099,-.2198636256995249,-1.7952538,1.3555266,.6720353021488914,.78113091,.23184101,11.351862,,,0,1,.9734597206115723
S17,share_nbi2_overcrowding_2013,NBI overcrowding,deprivation,secondary,deprivation_2013,25,common_h_reduced_form,reduced_form,rdrobust,selected_bc_linked,cr2 cluster_dist,1,2,triangular,manual,,.0075,.0074999998,.0135,.0135,100,487,43,22,45,-2.495139407270155,-2.2534654,6.7325373,.73784184,-15.448996,10.942065,10.63081724136028,12.5099,-.1801345721406015,-1.2349416,.87467247,,,,,,,0,1,.9636378884315491
S17,share_nbi2_overcrowding_2013,NBI overcrowding,deprivation,secondary,deprivation_2013,25,outcome_cerrd_fuzzy,fuzzy_late,rdrobust,selected_bc_linked,cr2 cluster_dist,1,2,triangular,cerrd,,.007570436759542,.0075704367,.016748365,.016748365,100,487,44,22,45,-3.808449149340581,-4.9390326,9.1702309,.59016699,-22.912355,13.03429,10.38920775860209,12.467021,-.396167797326299,-1.8378372,1.0455016,.674783593341464,.72888303,.22718148,10.29366,,,0,1,.9717512130737305
S17,share_nbi2_overcrowding_2013,NBI overcrowding,deprivation,secondary,deprivation_2013,25,outcome_mserd_fuzzy,fuzzy_late,rdrobust,selected_bc_linked,cr2 cluster_dist,1,2,triangular,mserd,,.0098740594516219,.0098740598,.016748365,.016748365,100,487,56,31,54,-6.274393284115738,-8.4603624,10.627282,.42597485,-29.289452,12.368728,9.673732021890048,12.320023,-.6867164343985207,-2.3773861,1.0039533,.5432512493720358,.63791573,.22418478,8.096818,,,0,1,.9060329794883728
S18,share_nbi3_sanitation_2013,NBI inadequate sanitation,deprivation,secondary,deprivation_2013,26,common_h_fuzzy,fuzzy_late,rdrobust,selected_bc_linked,cr2 cluster_dist,1,2,triangular,manual,,.0075,.0074999998,.0135,.0135,100,487,43,22,45,-1.958841493488213,1.4317203,19.088537,.94021136,-35.981125,38.844566,35.25803796297243,28.732653,.0498290308257325,-1.252273,1.3519311,.6720353021488914,.78113091,.23184101,11.351862,,,0,1,.9734597206115723
S18,share_nbi3_sanitation_2013,NBI inadequate sanitation,deprivation,secondary,deprivation_2013,26,common_h_reduced_form,reduced_form,rdrobust,selected_bc_linked,cr2 cluster_dist,1,2,triangular,manual,,.0075,.0074999998,.0135,.0135,100,487,43,22,45,-1.316410634938137,.74846554,12.754731,.95320588,-24.250349,25.74728,35.25803796297243,28.732653,.0260493023557266,-.84399968,.89609826,,,,,,,0,1,.9636378884315491
S18,share_nbi3_sanitation_2013,NBI inadequate sanitation,deprivation,secondary,deprivation_2013,26,outcome_cerrd_fuzzy,fuzzy_late,rdrobust,selected_bc_linked,cr2 cluster_dist,1,2,triangular,cerrd,,.0067942112660513,.0067942115,.015407302,.015407302,100,487,39,19,42,-3.077458897038301,-1.9611703,19.911684,.9215405,-40.987354,37.065014,36.49355547789197,29.524099,-.0664260842320752,-1.3882678,1.2554156,.6330071522655151,.68744224,.23581642,8.4981499,,,0,1,.9717512130737305
S18,share_nbi3_sanitation_2013,NBI inadequate sanitation,deprivation,secondary,deprivation_2013,26,outcome_mserd_fuzzy,fuzzy_late,rdrobust,selected_bc_linked,cr2 cluster_dist,1,2,triangular,mserd,,.0088616348169493,.0088616349,.015407302,.015407302,100,487,54,25,51,-5.295290090021715,-2.8774657,19.583004,.88318181,-41.259449,35.504517,32.48724576120299,27.502279,-.1046264458396374,-1.5002192,1.2909663,.6290627954488259,.73558229,.22502574,10.68558,,,0,1,.9060329794883728
S19,share_nbi4_school_proxy_2013,NBI school-attendance proxy,deprivation,secondary,deprivation_2013,27,common_h_fuzzy,fuzzy_late,rdrobust,selected_bc_linked,cr2 cluster_dist,1,2,triangular,manual,,.0075,.0074999998,.0135,.0135,100,487,43,22,45,-.7202175409283795,-.44649518,.89674246,.61854893,-2.2040782,1.3110878,1.313473697383563,2.5649092,-.174078359956658,-.85932016,.51116347,.6720353021488914,.78113091,.23184101,11.351862,,,0,1,.9734597206115723
S19,share_nbi4_school_proxy_2013,NBI school-attendance proxy,deprivation,secondary,deprivation_2013,27,common_h_reduced_form,reduced_form,rdrobust,selected_bc_linked,cr2 cluster_dist,1,2,triangular,manual,,.0075,.0074999998,.0135,.0135,100,487,43,22,45,-.4840116127307351,-.37863308,.63671702,.5520677,-1.6265755,.86930931,1.313473697383563,2.5649092,-.1476204661027843,-.63416499,.33892402,,,,,,,0,1,.9636378884315491
S19,share_nbi4_school_proxy_2013,NBI school-attendance proxy,deprivation,secondary,deprivation_2013,27,outcome_cerrd_fuzzy,fuzzy_late,rdrobust,selected_bc_linked,cr2 cluster_dist,1,2,triangular,cerrd,,.0060548185010079,.0060548186,.012696981,.012696981,100,487,37,16,41,-.7787653216025988,-.42487365,1.0916508,.69712603,-2.5644698,1.7147226,1.526469432094411,2.7094383,-.1568124522447987,-.94649506,.63287014,.5937502318411789,.67070675,.24114995,7.7355466,,,0,1,.9717512130737305
S19,share_nbi4_school_proxy_2013,NBI school-attendance proxy,deprivation,secondary,deprivation_2013,27,outcome_mserd_fuzzy,fuzzy_late,rdrobust,selected_bc_linked,cr2 cluster_dist,1,2,triangular,mserd,,.0078972508121644,.0078972504,.012696981,.012696981,100,487,48,22,47,-.822262087074091,-.33428231,.89973938,.71024108,-2.097739,1.4291745,1.176653520572776,2.4583137,-.1359803264667198,-.85332441,.58136374,.6754237520183241,.82227755,.23029743,12.748487,,,0,1,.9060329794883728
S20,share_nbi5_dependency_2013,NBI high dependency,deprivation,secondary,deprivation_2013,28,common_h_fuzzy,fuzzy_late,rdrobust,selected_bc_linked,cr2 cluster_dist,1,2,triangular,manual,,.0075,.0074999998,.0135,.0135,100,487,43,22,45,.4674513726661446,.20222303,6.0783386,.97345972,-11.711102,12.115547,12.67699885593597,11.277846,.0179309968489477,-1.0384164,1.0742785,.6720353021488914,.78113091,.23184101,11.351862,,,0,1,.9734597206115723
S20,share_nbi5_dependency_2013,NBI high dependency,deprivation,secondary,deprivation_2013,28,common_h_reduced_form,reduced_form,rdrobust,selected_bc_linked,cr2 cluster_dist,1,2,triangular,manual,,.0075,.0074999998,.0135,.0135,100,487,43,22,45,.3141438244696065,.1868979,4.0996356,.96363789,-7.8482404,8.2220364,12.67699885593597,11.277846,.0165721265603068,-.69589883,.72904307,,,,,,,0,1,.9636378884315491
S20,share_nbi5_dependency_2013,NBI high dependency,deprivation,secondary,deprivation_2013,28,outcome_cerrd_fuzzy,fuzzy_late,rdrobust,selected_bc_linked,cr2 cluster_dist,1,2,triangular,cerrd,,.0097821165970578,.0097821169,.019918272,.019918272,100,487,56,31,54,3.209809833395973,3.2900419,6.4547019,.61025292,-9.3609409,15.941025,11.9137000059709,11.292971,.2913353740156464,-.8289175,1.4115883,.5498886315647795,.60184008,.21966957,7.5062404,,,0,1,.9717512130737305
S20,share_nbi5_dependency_2013,NBI high dependency,deprivation,secondary,deprivation_2013,28,outcome_mserd_fuzzy,fuzzy_late,rdrobust,selected_bc_linked,cr2 cluster_dist,1,2,triangular,mserd,,.0127587355802559,.012758736,.019918272,.019918272,100,487,67,38,59,2.452012828836221,2.7534602,7.8162112,.72463161,-12.566032,18.072952,11.34036512795224,10.785913,.2552829899965678,-1.1650411,1.6756071,.4317269742512416,.50957799,.21651325,5.539268,,,0,1,.9060329794883728
S21,wellbeing_housing_2013,Housing wellbeing domain,wellbeing,secondary,wellbeing_2013,29,common_h_fuzzy,fuzzy_late,rdrobust,selected_bc_linked,cr2 cluster_dist,1,2,triangular,manual,,.0075,.0074999998,.0135,.0135,100,487,43,22,45,-4.975674413552784,-4.9031305,9.1118402,.59050429,-22.762009,12.955749,6.006876474549604,12.383454,-.3959420700482861,-1.8380985,1.0462143,.6720353021488914,.78113091,.23184101,11.351862,,,0,1,.7396968007087708
S21,wellbeing_housing_2013,Housing wellbeing domain,wellbeing,secondary,wellbeing_2013,29,common_h_reduced_form,reduced_form,rdrobust,selected_bc_linked,cr2 cluster_dist,1,2,triangular,manual,,.0075,.0074999998,.0135,.0135,100,487,43,22,45,-3.343828857906453,-3.8379011,6.2910066,.54182106,-16.168047,8.4922457,6.006876474549604,12.383454,-.3099216802723416,-1.3056169,.68577355,,,,,,,0,1,.6343196034431458
S21,wellbeing_housing_2013,Housing wellbeing domain,wellbeing,secondary,wellbeing_2013,29,outcome_cerrd_fuzzy,fuzzy_late,rdrobust,selected_bc_linked,cr2 cluster_dist,1,2,triangular,cerrd,,.0097843077842533,.0097843073,.02229432,.02229432,100,487,56,31,54,-4.881118838606647,-7.4477334,10.031371,.45781824,-27.10886,12.213392,6.511746726131864,13.09119,-.5689118605663314,-2.0707712,.93294746,.5497234880033119,.58369738,.21872212,7.1218047,,,0,1,.6867273598909378
S21,wellbeing_housing_2013,Housing wellbeing domain,wellbeing,secondary,wellbeing_2013,29,outcome_mserd_fuzzy,fuzzy_late,rdrobust,selected_bc_linked,cr2 cluster_dist,1,2,triangular,mserd,,.0127615935279972,.012761594,.02229432,.02229432,100,487,67,38,59,-6.045711929127042,-10.768417,13.196084,.41448221,-36.632267,15.095431,6.388537046402249,12.648583,-.8513536497599025,-2.8961556,1.1934483,.4316600409564744,.48233882,.21415882,5.0726218,,,0,1,.7035159766674042
S22,wellbeing_services_proxy_2013,Services wellbeing domain,wellbeing,secondary,wellbeing_2013,30,common_h_fuzzy,fuzzy_late,rdrobust,selected_bc_linked,cr2 cluster_dist,1,2,triangular,manual,,.0075,.0074999998,.0135,.0135,100,487,43,22,45,-9.807691029587998,-12.420386,26.846832,.64362329,-65.039207,40.198437,61.75609674933322,28.599697,-.4342838256035385,-2.2741222,1.4055547,.6720353021488914,.78113091,.23184101,11.351862,,,0,1,.7396968007087708
S22,wellbeing_services_proxy_2013,Services wellbeing domain,wellbeing,secondary,wellbeing_2013,30,common_h_reduced_form,reduced_form,rdrobust,selected_bc_linked,cr2 cluster_dist,1,2,triangular,manual,,.0075,.0074999998,.0135,.0135,100,487,43,22,45,-6.591114604452142,-9.416914,18.5135,.61099678,-45.702709,26.868881,61.75609674933322,28.599697,-.3292662022978016,-1.5980138,.93948132,,,,,,,0,1,.6343196034431458
S22,wellbeing_services_proxy_2013,Services wellbeing domain,wellbeing,secondary,wellbeing_2013,30,outcome_cerrd_fuzzy,fuzzy_late,rdrobust,selected_bc_linked,cr2 cluster_dist,1,2,triangular,cerrd,,.0055556030008046,.0055556032,.014416135,.014416135,100,487,34,15,40,-11.18403081894634,-11.905299,34.144131,.72733122,-78.826569,55.015968,61.49549597007752,29.932875,-.3977332467921167,-2.6334445,1.8379781,.5767012495684429,.62067878,.24389042,6.4765582,,,0,1,.8727974653244018
S22,wellbeing_services_proxy_2013,Services wellbeing domain,wellbeing,secondary,wellbeing_2013,30,outcome_mserd_fuzzy,fuzzy_late,rdrobust,selected_bc_linked,cr2 cluster_dist,1,2,triangular,mserd,,.0072461280718595,.0072461283,.014416135,.014416135,100,487,42,20,44,-10.51659511017195,-11.889823,27.141838,.66134095,-65.086845,41.307201,61.38407637715181,28.840878,-.4122559477028764,-2.2567568,1.432245,.6602349722043543,.74435437,.23267245,10.234569,,,0,1,.7936091423034668
S23,wellbeing_energy_2013,Energy wellbeing domain,wellbeing,secondary,wellbeing_2013,31,common_h_fuzzy,fuzzy_late,rdrobust,selected_bc_linked,cr2 cluster_dist,1,2,triangular,manual,,.0075,.0074999998,.0135,.0135,100,487,43,22,45,12.33007654210428,7.6627417,14.526408,.59784347,-20.808496,36.13398,31.47105146745405,17.812675,.4301847698395981,-1.1681848,2.0285542,.6720353021488914,.78113091,.23184101,11.351862,,,0,1,.7396968007087708
S23,wellbeing_energy_2013,Energy wellbeing domain,wellbeing,secondary,wellbeing_2013,31,common_h_reduced_form,reduced_form,rdrobust,selected_bc_linked,cr2 cluster_dist,1,2,triangular,manual,,.0075,.0074999998,.0135,.0135,100,487,43,22,45,8.286246714492007,6.4947901,9.1403112,.47735348,-11.419889,24.40947,31.47105146745405,17.812675,.364616195543672,-.6411103,1.3703427,,,,,,,0,1,.6343196034431458
S23,wellbeing_energy_2013,Energy wellbeing domain,wellbeing,secondary,wellbeing_2013,31,outcome_cerrd_fuzzy,fuzzy_late,rdrobust,selected_bc_linked,cr2 cluster_dist,1,2,triangular,cerrd,,.007679724589109,.0076797246,.017717784,.017717784,100,487,46,22,46,12.46019918428702,10.699345,13.511858,.428449,-15.78341,37.182098,32.33264358376307,17.593168,.6081533631442917,-.89713287,2.1134396,.6768072409818356,.72410131,.22515085,10.343118,,,0,1,.6867273598909378
S23,wellbeing_energy_2013,Energy wellbeing domain,wellbeing,secondary,wellbeing_2013,31,outcome_mserd_fuzzy,fuzzy_late,rdrobust,selected_bc_linked,cr2 cluster_dist,1,2,triangular,mserd,,.0100166026840348,.010016602,.017717784,.017717784,100,487,59,31,54,17.81042428200752,13.153662,16.870003,.4355633,-19.910938,46.218262,33.52247364025457,18.105684,.726493456524997,-1.0997064,2.5526934,.5334339053549844,.61505091,.2224621,7.6438122,,,0,1,.7035159766674042
S24,wellbeing_humancapital_2013,Human-capital wellbeing domain,wellbeing,secondary,wellbeing_2013,32,common_h_fuzzy,fuzzy_late,rdrobust,selected_bc_linked,cr2 cluster_dist,1,2,triangular,manual,,.0075,.0074999998,.0135,.0135,100,487,43,22,45,-12.37037654579995,-12.743235,14.617523,.38332951,-41.393051,15.906584,54.99465896312847,14.701367,-.8668060784481224,-2.8155921,1.0819799,.6720353021488914,.78113091,.23184101,11.351862,,,0,1,.7396968007087708
S24,wellbeing_humancapital_2013,Human-capital wellbeing domain,wellbeing,secondary,wellbeing_2013,32,common_h_reduced_form,reduced_form,rdrobust,selected_bc_linked,cr2 cluster_dist,1,2,triangular,manual,,.0075,.0074999998,.0135,.0135,100,487,43,22,45,-8.313329739652231,-9.9134569,9.4675112,.2950522,-28.469439,8.6425238,54.99465896312847,14.701367,-.6743221149323789,-1.9365164,.58787215,,,,,,,0,1,.6343196034431458
S24,wellbeing_humancapital_2013,Human-capital wellbeing domain,wellbeing,secondary,wellbeing_2013,32,outcome_cerrd_fuzzy,fuzzy_late,rdrobust,selected_bc_linked,cr2 cluster_dist,1,2,triangular,cerrd,,.0087478153632588,.0087478152,.019045513,.019045513,100,487,54,25,51,-12.94467789532946,-13.158393,13.59212,.33299953,-39.798458,13.481673,54.57273850647358,14.158596,-.9293571712617492,-2.8109043,.95218992,.6375890873446121,.68532717,.21970069,9.7304525,,,0,1,.6867273598909378
S24,wellbeing_humancapital_2013,Human-capital wellbeing domain,wellbeing,secondary,wellbeing_2013,32,outcome_mserd_fuzzy,fuzzy_late,rdrobust,selected_bc_linked,cr2 cluster_dist,1,2,triangular,mserd,,.0114097048442757,.011409705,.019045513,.019045513,100,487,62,37,57,-13.53579228761227,-13.921002,17.792566,.43397629,-48.793793,20.951788,55.22135475297024,13.900993,-1.001439411954762,-3.5100939,1.5072151,.4660516184014081,.54196936,.21987061,6.075963,,,0,1,.7035159766674042
S25,wellbeing_assets_2013,Asset wellbeing domain,wellbeing,secondary,wellbeing_2013,33,common_h_fuzzy,fuzzy_late,rdrobust,selected_bc_linked,cr2 cluster_dist,1,2,triangular,manual,,.0075,.0074999998,.0135,.0135,100,487,43,22,45,2.967561710339958,1.7553644,5.2831864,.7396968,-8.5994911,12.11022,6.262041105427171,5.5319576,.3173134215276215,-1.5545113,2.1891382,.6720353021488914,.78113091,.23184101,11.351862,,,0,1,.7396968007087708
S25,wellbeing_assets_2013,Asset wellbeing domain,wellbeing,secondary,wellbeing_2013,33,common_h_reduced_form,reduced_form,rdrobust,selected_bc_linked,cr2 cluster_dist,1,2,triangular,manual,,.0075,.0074999998,.0135,.0135,100,487,43,22,45,1.994306230653795,1.5034148,3.1607196,.6343196,-4.6914816,7.6983113,6.262041105427171,5.5319576,.2717690279567057,-.84806895,1.391607,,,,,,,0,1,.6343196034431458
S25,wellbeing_assets_2013,Asset wellbeing domain,wellbeing,secondary,wellbeing_2013,33,outcome_cerrd_fuzzy,fuzzy_late,rdrobust,selected_bc_linked,cr2 cluster_dist,1,2,triangular,cerrd,,.0053437515405171,.0053437515,.013248373,.013248373,100,487,33,15,39,1.254568645539928,.97742671,6.6461506,.88307947,-12.04879,14.003643,5.774263022028009,5.2889891,.184804076385191,-2.2780893,2.6476974,.581484529840384,.63325447,.24179637,6.8589387,,,0,1,.883079469203949
S25,wellbeing_assets_2013,Asset wellbeing domain,wellbeing,secondary,wellbeing_2013,33,outcome_mserd_fuzzy,fuzzy_late,rdrobust,selected_bc_linked,cr2 cluster_dist,1,2,triangular,mserd,,.0069698119252176,.0069698119,.013248373,.013248373,100,487,39,19,42,2.143913874403224,1.2933347,5.5581574,.81600118,-9.6004543,12.187123,5.797271297671319,5.0930023,.2539434630051585,-1.8850284,2.3929152,.6439821055867567,.73777223,.23518729,9.8404932,,,0,1,.8160011768341064
S26,wellbeing_connectivity_2013,Connectivity wellbeing domain,wellbeing,secondary,wellbeing_2013,34,common_h_fuzzy,fuzzy_late,rdrobust,selected_bc_linked,cr2 cluster_dist,1,2,triangular,manual,,.0075,.0074999998,.0135,.0135,100,487,43,22,45,-4.680733385606857,-4.929657,6.9369678,.47731003,-18.525864,8.6665506,12.7383148727395,7.9871345,-.6171996712445404,-2.319463,1.0850638,.6720353021488914,.78113091,.23184101,11.351862,,,0,1,.7396968007087708
S26,wellbeing_connectivity_2013,Connectivity wellbeing domain,wellbeing,secondary,wellbeing_2013,34,common_h_reduced_form,reduced_form,rdrobust,selected_bc_linked,cr2 cluster_dist,1,2,triangular,manual,,.0075,.0074999998,.0135,.0135,100,487,43,22,45,-3.145618075074708,-3.8235507,5.1162124,.45485827,-13.851143,6.204041,12.7383148727395,7.9871345,-.4787137094871999,-1.7341818,.77675432,,,,,,,0,1,.6343196034431458
S26,wellbeing_connectivity_2013,Connectivity wellbeing domain,wellbeing,secondary,wellbeing_2013,34,outcome_cerrd_fuzzy,fuzzy_late,rdrobust,selected_bc_linked,cr2 cluster_dist,1,2,triangular,cerrd,,.0093819221594436,.009381922,.020632984,.020632984,100,487,54,29,53,-4.929494039977754,-5.7028089,6.6080399,.38813159,-18.654329,7.2487106,13.07914930349802,8.2842655,-.6883904028916233,-2.2517781,.87499738,.5796323008862976,.62504894,.21857789,8.1774063,,,0,1,.6867273598909378
S26,wellbeing_connectivity_2013,Connectivity wellbeing domain,wellbeing,secondary,wellbeing_2013,34,outcome_mserd_fuzzy,fuzzy_late,rdrobust,selected_bc_linked,cr2 cluster_dist,1,2,triangular,mserd,,.0122367652112108,.012236766,.020632984,.020632984,100,487,64,37,57,-4.514098787217431,-6.1171556,8.4480629,.46901065,-22.675055,10.440743,13.70821333101378,8.2217054,-.7440251843964052,-2.7579503,1.2699,.4437736491712587,.51283008,.2161347,5.6298647,,,0,1,.7035159766674042
S27,share_earth_floor_2013,Households with earth floor,housing_services,secondary,housing_services_2013,35,common_h_fuzzy,fuzzy_late,rdrobust,selected_bc_linked,cr2 cluster_dist,1,2,triangular,manual,,.0075,.0074999998,.0135,.0135,100,487,43,22,45,4.975674413409085,4.9031301,9.1118402,.59050429,-12.955749,22.762009,93.99312325688297,12.383454,.3959420346587754,-1.0462143,1.8380984,.6720353021488914,.78113091,.23184101,11.351862,,,0,1,.9061434119939804
S27,share_earth_floor_2013,Households with earth floor,housing_services,secondary,housing_services_2013,35,common_h_reduced_form,reduced_form,rdrobust,selected_bc_linked,cr2 cluster_dist,1,2,triangular,manual,,.0075,.0074999998,.0135,.0135,100,487,43,22,45,3.343828857809883,3.8379009,6.2910066,.54182106,-8.4922457,16.168047,93.99312325688297,12.383454,.3099216557068101,-.68577355,1.3056169,,,,,,,0,1,.8209206163883209
S27,share_earth_floor_2013,Households with earth floor,housing_services,secondary,housing_services_2013,35,outcome_cerrd_fuzzy,fuzzy_late,rdrobust,selected_bc_linked,cr2 cluster_dist,1,2,triangular,cerrd,,.0110690417842713,.011069042,.02229432,.02229432,100,487,62,34,55,5.537103317702847,9.0116396,11.82148,.44587463,-14.158034,32.181313,93.68752399759907,12.674044,.7110311221594522,-1.117089,2.5391512,.4786137397032916,.51954126,.217896,5.6851463,,,0,1,.8554602265357971
S27,share_earth_floor_2013,Households with earth floor,housing_services,secondary,housing_services_2013,35,outcome_mserd_fuzzy,fuzzy_late,rdrobust,selected_bc_linked,cr2 cluster_dist,1,2,triangular,mserd,,.014437261695981,.014437262,.02229432,.02229432,100,487,76,40,65,5.270009269465714,11.400652,14.244493,.4235051,-16.518042,39.319344,93.55722552067355,12.275348,.9287437253277739,-1.3456272,3.2031145,.3933261056428268,.45296922,.21136054,4.592927,,,0,1,.9324776530265808
S28,share_water_public_pylon_2013,Households using public-pylon water,housing_services,secondary,housing_services_2013,36,common_h_fuzzy,fuzzy_late,rdrobust,selected_bc_linked,cr2 cluster_dist,1,2,triangular,manual,,.0075,.0074999998,.0135,.0135,100,487,43,22,45,-21.57422418766016,-23.409052,40.461033,.56288749,-102.71122,55.893116,58.77023159937803,38.321888,-.6108533352385423,-2.6802235,1.4585168,.6720353021488914,.78113091,.23184101,11.351862,,,0,1,.9061434119939804
S28,share_water_public_pylon_2013,Households using public-pylon water,housing_services,secondary,housing_services_2013,36,common_h_reduced_form,reduced_form,rdrobust,selected_bc_linked,cr2 cluster_dist,1,2,triangular,manual,,.0075,.0074999998,.0135,.0135,100,487,43,22,45,-14.49864027058212,-18.085361,28.186823,.52111685,-73.330521,37.159794,58.77023159937803,38.321888,-.4719329846228851,-1.9135414,.96967548,,,,,,,0,1,.8209206163883209
S28,share_water_public_pylon_2013,Households using public-pylon water,housing_services,secondary,housing_services_2013,36,outcome_cerrd_fuzzy,fuzzy_late,rdrobust,selected_bc_linked,cr2 cluster_dist,1,2,triangular,cerrd,,.0058426823807616,.0058426824,.014753473,.014753473,100,487,36,16,41,-30.17562971388856,-29.235365,49.626072,.55578548,-126.50068,68.029953,56.46699129914244,39.823219,-.7341285888201605,-3.1765559,1.7082987,.5855223785358068,.63146973,.242855,6.7610002,,,0,1,.8554602265357971
S28,share_water_public_pylon_2013,Households using public-pylon water,housing_services,secondary,housing_services_2013,36,outcome_mserd_fuzzy,fuzzy_late,rdrobust,selected_bc_linked,cr2 cluster_dist,1,2,triangular,mserd,,.00762056338584,.0076205633,.014753473,.014753473,100,487,46,22,46,-21.03929677173999,-21.001982,39.12331,.59139538,-97.682259,55.678295,57.18376722348773,39.381641,-.5332937077748606,-2.4804008,1.4138135,.6763735525184277,.76540744,.23014224,11.060958,,,0,1,.9324776530265808
S29,share_sanitation_improved_2013,Households with improved sanitation,housing_services,secondary,housing_services_2013,37,common_h_fuzzy,fuzzy_late,rdrobust,selected_bc_linked,cr2 cluster_dist,1,2,triangular,manual,,.0075,.0074999998,.0135,.0135,100,487,43,22,45,1.95884201183913,-1.4317197,19.088537,.94021142,-38.844566,35.981125,64.74196228177048,28.732653,-.0498290120746597,-1.3519311,1.2522731,.6720353021488914,.78113091,.23184101,11.351862,,,0,1,.9402114152908325
S29,share_sanitation_improved_2013,Households with improved sanitation,housing_services,secondary,housing_services_2013,37,common_h_reduced_form,reduced_form,rdrobust,selected_bc_linked,cr2 cluster_dist,1,2,triangular,manual,,.0075,.0074999998,.0135,.0135,100,487,43,22,45,1.316410983288252,-.74846512,12.754731,.95320588,-25.74728,24.250349,64.74196228177048,28.732653,-.0260492877928418,-.89609826,.84399968,,,,,,,0,1,.9532058835029602
S29,share_sanitation_improved_2013,Households with improved sanitation,housing_services,secondary,housing_services_2013,37,outcome_cerrd_fuzzy,fuzzy_late,rdrobust,selected_bc_linked,cr2 cluster_dist,1,2,triangular,cerrd,,.0063182414385849,.0063182414,.015407302,.015407302,100,487,37,17,41,5.031607020648838,3.8606231,21.194038,.85546023,-37.678928,45.400177,64.31475889843863,30.078142,.1283531079609415,-1.2527014,1.5094075,.6101592486166003,.65645033,.23923424,7.5293427,,,0,1,.8554602265357971
S29,share_sanitation_improved_2013,Households with improved sanitation,housing_services,secondary,housing_services_2013,37,outcome_mserd_fuzzy,fuzzy_late,rdrobust,selected_bc_linked,cr2 cluster_dist,1,2,triangular,mserd,,.0082408312196327,.0082408311,.015407302,.015407302,100,487,51,22,48,3.246288146137981,1.5668788,18.493046,.93247765,-34.678825,37.812584,66.26139385443108,27.797203,.0563682158950838,-1.2475653,1.3603017,.6674399185050142,.75877613,.22595584,11.276651,,,0,1,.9324776530265808
S30,share_electricity_2013,Households with electricity,housing_services,secondary,housing_services_2013,38,common_h_fuzzy,fuzzy_late,rdrobust,selected_bc_linked,cr2 cluster_dist,1,2,triangular,manual,,.0075,.0074999998,.0135,.0135,100,487,43,22,45,17.20394524873502,8.1772633,23.237595,.72491473,-37.367584,53.722115,56.81139776526496,32.092934,.2547994982113292,-1.1643555,1.6739545,.6720353021488914,.78113091,.23184101,11.351862,,,0,1,.9061434119939804
S30,share_electricity_2013,Households with electricity,housing_services,secondary,housing_services_2013,38,common_h_reduced_form,reduced_form,rdrobust,selected_bc_linked,cr2 cluster_dist,1,2,triangular,manual,,.0075,.0074999998,.0135,.0135,100,487,43,22,45,11.56165854338662,7.3722844,16.588427,.65673649,-25.140432,39.885002,56.81139776526496,32.092934,.2297167461235533,-.78336346,1.242797,,,,,,,0,1,.8209206163883209
S30,share_electricity_2013,Households with electricity,housing_services,secondary,housing_services_2013,38,outcome_cerrd_fuzzy,fuzzy_late,rdrobust,selected_bc_linked,cr2 cluster_dist,1,2,triangular,cerrd,,.0072547195479533,.0072547197,.017108763,.017108763,100,487,42,20,44,16.62290328369928,13.716551,21.862478,.5303961,-29.13312,56.566223,56.46336978035313,32.399723,.4233539696340499,-.89917809,1.745886,.6606292250882798,.70467401,.22965997,9.4146862,,,0,1,.8554602265357971
S30,share_electricity_2013,Households with electricity,housing_services,secondary,housing_services_2013,38,outcome_mserd_fuzzy,fuzzy_late,rdrobust,selected_bc_linked,cr2 cluster_dist,1,2,triangular,mserd,,.0094622720454069,.0094622718,.017108763,.017108763,100,487,54,29,53,24.17717663443979,16.86743,23.321259,.46951762,-28.841396,62.576256,58.54132027813682,32.643978,.5167088090656181,-.88351357,1.9169312,.5734388931116046,.65537995,.22258727,8.6693325,,,0,1,.9324776530265808
S31,share_clean_cooking_2013,Households using cleaner cooking fuel,housing_services,secondary,housing_services_2013,39,common_h_fuzzy,fuzzy_late,rdrobust,selected_bc_linked,cr2 cluster_dist,1,2,triangular,manual,,.0075,.0074999998,.0135,.0135,100,487,43,22,45,7.503433032345417,7.1669693,19.88833,.71857756,-31.813442,46.147381,6.100536428045396,11.476194,.6245074696422088,-2.7721248,4.0211396,.6720353021488914,.78113091,.23184101,11.351862,,,0,1,.9061434119939804
S31,share_clean_cooking_2013,Households using cleaner cooking fuel,housing_services,secondary,housing_services_2013,39,common_h_reduced_form,reduced_form,rdrobust,selected_bc_linked,cr2 cluster_dist,1,2,triangular,manual,,.0075,.0074999998,.0135,.0135,100,487,43,22,45,5.042571885046225,5.6350479,12.276155,.64621705,-18.425774,29.695869,6.100536428045396,11.476194,.4910205894583198,-1.6055647,2.587606,,,,,,,0,1,.8209206163883209
S31,share_clean_cooking_2013,Households using cleaner cooking fuel,housing_services,secondary,housing_services_2013,39,outcome_cerrd_fuzzy,fuzzy_late,rdrobust,selected_bc_linked,cr2 cluster_dist,1,2,triangular,cerrd,,.0110440307127799,.011044031,.022478122,.022478122,100,487,62,34,55,9.899229854237063,7.6906481,20.795332,.71151239,-33.067451,48.44875,6.160704431033904,11.384093,.6755608777245889,-2.9047067,4.2558284,.4796756358569906,.51778394,.21784657,5.6493144,,,0,1,.8554602265357971
S31,share_clean_cooking_2013,Households using cleaner cooking fuel,housing_services,secondary,housing_services_2013,39,outcome_mserd_fuzzy,fuzzy_late,rdrobust,selected_bc_linked,cr2 cluster_dist,1,2,triangular,mserd,,.0144046399576719,.01440464,.022478122,.022478122,100,487,75,40,65,9.83655912253678,5.9241161,24.337585,.80768448,-41.776676,53.624908,6.263508548339209,10.879333,.5445293796936397,-3.8400035,4.9290624,.3939089735028688,.44937724,.21112296,4.5305533,,,0,1,.9324776530265808
S32,share_asset_tv_2013,Households owning a television,assets,secondary,assets_2013,40,common_h_fuzzy,fuzzy_late,rdrobust,selected_bc_linked,cr2 cluster_dist,1,2,triangular,manual,,.0075,.0074999998,.0135,.0135,100,487,43,22,45,13.23432979618539,8.2260609,18.479727,.65621877,-27.99354,44.44566,22.17924098029386,18.587629,.442555643222194,-1.5060306,2.3911419,.6720353021488914,.78113091,.23184101,11.351862,,,0,1,.9167053699493408
S32,share_asset_tv_2013,Households owning a television,assets,secondary,assets_2013,40,common_h_reduced_form,reduced_form,rdrobust,selected_bc_linked,cr2 cluster_dist,1,2,triangular,manual,,.0075,.0074999998,.0135,.0135,100,487,43,22,45,8.893936823317528,6.9720101,10.612891,.51122087,-13.828874,27.772894,22.17924098029386,18.587629,.3750887100433262,-.74398261,1.4941601,,,,,,,0,1,.7745371162891388
S32,share_asset_tv_2013,Households owning a television,assets,secondary,assets_2013,40,outcome_cerrd_fuzzy,fuzzy_late,rdrobust,selected_bc_linked,cr2 cluster_dist,1,2,triangular,cerrd,,.0053406054721847,.0053406055,.013214922,.013214922,100,487,33,15,39,8.016896666801479,6.6992068,22.95561,.77041423,-38.292961,51.691376,20.92623241584409,18.622919,.3597291441331235,-2.0562277,2.775686,.5815539215119567,.63367492,.24181195,6.867166,,,0,1,.9782422184944153
S32,share_asset_tv_2013,Households owning a television,assets,secondary,assets_2013,40,outcome_mserd_fuzzy,fuzzy_late,rdrobust,selected_bc_linked,cr2 cluster_dist,1,2,triangular,mserd,,.0069657085337305,.0069657085,.013214922,.013214922,100,487,39,19,42,10.94110971299407,7.2350049,19.415243,.70941222,-30.818172,45.288181,21.16700850713712,18.095984,.3998127476423279,-1.7030394,2.5026648,.6437578408618077,.73807257,.23528741,9.8401279,,,0,1,.9531700611114502
S33,share_asset_refrigerator_2013,Households owning a refrigerator,assets,secondary,assets_2013,41,common_h_fuzzy,fuzzy_late,rdrobust,selected_bc_linked,cr2 cluster_dist,1,2,triangular,manual,,.0075,.0074999998,.0135,.0135,100,487,43,22,45,.3752705625281346,.078939147,2.3143899,.97279108,-4.4571819,4.6150603,1.581630535250486,3.2951109,.0239564448391681,-1.3526652,1.4005781,.6720353021488914,.78113091,.23184101,11.351862,,,0,1,.9727910757064819
S33,share_asset_refrigerator_2013,Households owning a refrigerator,assets,secondary,assets_2013,41,common_h_reduced_form,reduced_form,rdrobust,selected_bc_linked,cr2 cluster_dist,1,2,triangular,manual,,.0075,.0074999998,.0135,.0135,100,487,43,22,45,.2521950658761793,.093990259,1.5093979,.95034778,-2.8643754,3.0523558,1.581630535250486,3.2951109,.028524155312169,-.8692804,.92632866,,,,,,,0,1,.9503477811813354
S33,share_asset_refrigerator_2013,Households owning a refrigerator,assets,secondary,assets_2013,41,outcome_cerrd_fuzzy,fuzzy_late,rdrobust,selected_bc_linked,cr2 cluster_dist,1,2,triangular,cerrd,,.0058848213260852,.0058848215,.013682516,.013682516,100,487,36,16,41,-.2599622885377431,-.33405319,2.883759,.90777975,-5.9861169,5.3180103,.9922616649419069,2.3897445,-.1397861495392524,-2.5049193,2.225347,.5869744390742957,.64598072,.24123876,7.1704259,,,0,1,.9782422184944153
S33,share_asset_refrigerator_2013,Households owning a refrigerator,assets,secondary,assets_2013,41,outcome_mserd_fuzzy,fuzzy_late,rdrobust,selected_bc_linked,cr2 cluster_dist,1,2,triangular,mserd,,.007675524871494,.0076755248,.013682516,.013682516,100,487,46,22,46,.4817945456277978,.13313186,2.2669859,.95317006,-4.3100786,4.5763426,1.543052393295195,3.2072446,.0415097319876152,-1.3438572,1.4268767,.6767788528579187,.79051149,.23036854,11.775248,,,0,1,.9531700611114502
S34,share_asset_washing_machine_2013,Households owning a washing machine,assets,secondary,assets_2013,42,common_h_fuzzy,fuzzy_late,rdrobust,selected_bc_linked,cr2 cluster_dist,1,2,triangular,manual,,.0075,.0074999998,.0135,.0135,100,487,43,22,45,-.6032394094809468,-.56419176,.77629465,.4673636,-2.0857012,.95731777,.2927638005551904,.98632318,-.5720151251331786,-2.1146226,.97059238,.6720353021488914,.78113091,.23184101,11.351862,,,0,1,.9167053699493408
S34,share_asset_washing_machine_2013,Households owning a washing machine,assets,secondary,assets_2013,42,common_h_reduced_form,reduced_form,rdrobust,selected_bc_linked,cr2 cluster_dist,1,2,triangular,manual,,.0075,.0074999998,.0135,.0135,100,487,43,22,45,-.4053981788186469,-.44496757,.5066871,.37984061,-1.438056,.54812092,.2927638005551904,.98632318,-.4511376822070163,-1.4579967,.5557214,,,,,,,0,1,.7745371162891388
S34,share_asset_washing_machine_2013,Households owning a washing machine,assets,secondary,assets_2013,42,outcome_cerrd_fuzzy,fuzzy_late,rdrobust,selected_bc_linked,cr2 cluster_dist,1,2,triangular,cerrd,,.0088310425015246,.0088310428,.018626662,.018626662,100,487,54,25,51,-.43522723232397,-.41896191,.71472788,.55775195,-1.8198028,.98187894,.3192593740230357,1.0699483,-.3915720901480786,-1.7008324,.91768813,.6312554206422812,.68496758,.21977998,9.713232,,,0,1,.9782422184944153
S34,share_asset_washing_machine_2013,Households owning a washing machine,assets,secondary,assets_2013,42,outcome_mserd_fuzzy,fuzzy_late,rdrobust,selected_bc_linked,cr2 cluster_dist,1,2,triangular,mserd,,.0115182573277488,.011518258,.018626662,.018626662,100,487,63,37,57,-.4783353891960289,-.43526128,.95021218,.64690399,-2.2976429,1.4271203,.2736508920197449,.9956367,-.4371687722207624,-2.3077121,1.4333745,.4625437384564275,.54770595,.22038886,6.1761189,,,0,1,.9531700611114502
S35,share_asset_computer_2013,Households owning a computer,assets,secondary,assets_2013,43,common_h_fuzzy,fuzzy_late,rdrobust,selected_bc_linked,cr2 cluster_dist,1,2,triangular,manual,,.0075,.0074999998,.0135,.0135,100,487,43,22,45,-1.136114329739605,-.71935052,1.3625853,.59754747,-3.3899686,1.9512676,.9945292870492437,2.2222052,-.3237102110557917,-1.5254976,.87807721,.6720353021488914,.78113091,.23184101,11.351862,,,0,1,.9167053699493408
S35,share_asset_computer_2013,Households owning a computer,assets,secondary,assets_2013,43,common_h_reduced_form,reduced_form,rdrobust,selected_bc_linked,cr2 cluster_dist,1,2,triangular,manual,,.0075,.0074999998,.0135,.0135,100,487,43,22,45,-.7635089368622404,-.60737401,.93590534,.51635808,-2.4417148,1.2269667,.9945292870492437,2.2222052,-.2733203997861429,-1.09878,.55213928,,,,,,,0,1,.7745371162891388
S35,share_asset_computer_2013,Households owning a computer,assets,secondary,assets_2013,43,outcome_cerrd_fuzzy,fuzzy_late,rdrobust,selected_bc_linked,cr2 cluster_dist,1,2,triangular,cerrd,,.0078445882754143,.0078445887,.016300218,.016300218,100,487,48,22,47,-.9995008313667181,-.83043784,1.2450862,.50478995,-3.270762,1.6098864,.9115595486946404,2.1189628,-.3919077044949077,-1.5435674,.75975204,.6761935684344902,.74119973,.22624888,10.732421,,,0,1,.9782422184944153
S35,share_asset_computer_2013,Households owning a computer,assets,secondary,assets_2013,43,outcome_mserd_fuzzy,fuzzy_late,rdrobust,selected_bc_linked,cr2 cluster_dist,1,2,triangular,mserd,,.0102316330570104,.010231633,.016300218,.016300218,100,487,61,31,54,-1.20558416489295,-.79007018,1.7837337,.65781599,-4.2861242,2.7059836,1.0904728541853,3.1163754,-.2535221273553534,-1.3753555,.86831117,.5193868059971292,.6289987,.22622727,7.7305355,,,0,1,.9531700611114502
S36,share_asset_mobile_2013,Households owning a mobile phone,assets,secondary,assets_2013,44,common_h_fuzzy,fuzzy_late,rdrobust,selected_bc_linked,cr2 cluster_dist,1,2,triangular,manual,,.0075,.0074999998,.0135,.0135,100,487,43,22,45,-13.88941612489085,-14.191754,19.806292,.47366562,-53.011375,24.627865,37.34641101991021,22.982735,-.6174963732346052,-2.3065739,1.0715811,.6720353021488914,.78113091,.23184101,11.351862,,,0,1,.9167053699493408
S36,share_asset_mobile_2013,Households owning a mobile phone,assets,secondary,assets_2013,44,common_h_reduced_form,reduced_form,rdrobust,selected_bc_linked,cr2 cluster_dist,1,2,triangular,manual,,.0075,.0074999998,.0135,.0135,100,487,43,22,45,-9.334177962162704,-11.052634,14.646182,.45046338,-39.758625,17.653355,37.34641101991021,22.982735,-.4809103397765548,-1.7299345,.76811379,,,,,,,0,1,.7745371162891388
S36,share_asset_mobile_2013,Households owning a mobile phone,assets,secondary,assets_2013,44,outcome_cerrd_fuzzy,fuzzy_late,rdrobust,selected_bc_linked,cr2 cluster_dist,1,2,triangular,cerrd,,.0089762868089432,.0089762872,.019608153,.019608153,100,487,54,25,51,-14.81320766098681,-16.656267,18.098429,.35740781,-52.128536,18.816,38.29240040784633,23.739248,-.7016341826305649,-2.1958797,.79261142,.6214144489492422,.6669156,.21917248,9.2591209,,,0,1,.9782422184944153
S36,share_asset_mobile_2013,Households owning a mobile phone,assets,secondary,assets_2013,44,outcome_mserd_fuzzy,fuzzy_late,rdrobust,selected_bc_linked,cr2 cluster_dist,1,2,triangular,mserd,,.0117076983034829,.011707698,.019608153,.019608153,100,487,63,37,57,-14.57973961995136,-18.637098,23.765524,.43291843,-65.216667,27.942471,40.17081033024523,23.898136,-.7798557392850168,-2.7289436,1.1692322,.4570734253949676,.52911168,.21830025,5.8747067,,,0,1,.9531700611114502
M01,share_asset_internet_2013,Households with internet access,mechanism,mechanism,mechanism_2013,45,common_h_fuzzy,fuzzy_late,rdrobust,selected_bc_linked,cr2 cluster_dist,1,2,triangular,manual,,.0075,.0074999998,.0135,.0135,100,487,43,22,45,-.0390622142402744,.031303491,.22410759,.88891232,-.40793931,.47054631,.1078893517165683,.37867558,.0826657186092636,-1.0772791,1.2426106,.6720353021488914,.78113091,.23184101,11.351862,,,0,.8889123201370239,.8889123201370239
M01,share_asset_internet_2013,Households with internet access,mechanism,mechanism,mechanism_2013,45,common_h_reduced_form,reduced_form,rdrobust,selected_bc_linked,cr2 cluster_dist,1,2,triangular,manual,,.0075,.0074999998,.0135,.0135,100,487,43,22,45,-.0262511869495675,.016775535,.15452224,.91354841,-.28608248,.31963354,.1078893517165683,.37867558,.0443005440979363,-.75548172,.84408283,,,,,,,0,.9135484099388123,.9135484099388123
M01,share_asset_internet_2013,Households with internet access,mechanism,mechanism,mechanism_2013,45,outcome_cerrd_fuzzy,fuzzy_late,rdrobust,selected_bc_linked,cr2 cluster_dist,1,2,triangular,cerrd,,.0085073360920055,.0085073365,.017543212,.017543212,100,487,51,24,49,-.0410132381822605,-.015283603,.21765496,.94401902,-.44187948,.41131228,.0909655318394595,.34931684,-.0437528400172295,-1.264982,1.1774763,.6538480662893352,.71494508,.22106527,10.459341,,,0,.9440190196037292,.9440190196037292
M01,share_asset_internet_2013,Households with internet access,mechanism,mechanism,mechanism_2013,45,outcome_mserd_fuzzy,fuzzy_late,rdrobust,selected_bc_linked,cr2 cluster_dist,1,2,triangular,mserd,,.0110960496752731,.01109605,.017543212,.017543212,100,487,62,35,56,-.1240565049405924,-.050548717,.3391104,.88150412,-.71519291,.61409545,.1423433648362275,.6112321,-.0826997074642707,-1.1700839,1.0046846,.4775293074950405,.57550281,.2232538,6.6450338,,,0,.8815041184425354,.8815041184425354
S37,share_asset_cable_2013,Households with cable service,assets,secondary,assets_2013,46,common_h_fuzzy,fuzzy_late,rdrobust,selected_bc_linked,cr2 cluster_dist,1,2,triangular,manual,,.0075,.0074999998,.0135,.0135,100,487,43,22,45,-.1137220412059485,-.62851918,2.0927224,.76392114,-4.7301798,3.4731414,.7606446851304797,2.0428305,-.3076707360979555,-2.3155029,1.7001613,.6720353021488914,.78113091,.23184101,11.351862,,,0,1,.9167053699493408
S37,share_asset_cable_2013,Households with cable service,assets,secondary,assets_2013,46,common_h_reduced_form,reduced_form,rdrobust,selected_bc_linked,cr2 cluster_dist,1,2,triangular,manual,,.0075,.0074999998,.0135,.0135,100,487,43,22,45,-.0764252263228283,-.43479365,1.4115603,.75806451,-3.201401,2.3318138,.7606446851304797,2.0428305,-.2128388233155189,-1.5671399,1.1414622,,,,,,,0,1,.9096774101257323
S37,share_asset_cable_2013,Households with cable service,assets,secondary,assets_2013,46,outcome_cerrd_fuzzy,fuzzy_late,rdrobust,selected_bc_linked,cr2 cluster_dist,1,2,triangular,cerrd,,.0077842175169457,.0077842176,.017777748,.017777748,100,487,47,22,47,.0058834543501551,-.054897822,2.0129189,.97824222,-4.0001464,3.8903508,.8089628288561993,2.0023141,-.027417188026354,-1.9977617,1.9429274,.676745115379807,.72553551,.22418924,10.473404,,,0,1,.9782422184944153
S37,share_asset_cable_2013,Households with cable service,assets,secondary,assets_2013,46,outcome_mserd_fuzzy,fuzzy_late,rdrobust,selected_bc_linked,cr2 cluster_dist,1,2,triangular,mserd,,.0101528919648922,.010152892,.017777748,.017777748,100,487,61,31,54,.6839273815514757,.45628038,2.5026155,.85533053,-4.4487557,5.3613167,.7889893806737954,1.893731,.2409425493165369,-2.3492014,2.8310866,.5245914088496377,.6076448,.22248933,7.4590092,,,0,1,.9531700611114502
S38,share_household_any_insured_2013,Households with any insured member,health,secondary,health_2013,47,common_h_fuzzy,fuzzy_late,rdrobust,selected_bc_linked,cr2 cluster_dist,1,2,triangular,manual,,.0075,.0074999998,.0135,.0135,100,487,43,22,45,-12.39406369225854,-12.030009,21.081345,.56823885,-53.348686,29.288668,86.30923046622165,13.928803,-.8636785756430954,-3.8300984,2.1027412,.6720353021488914,.78113091,.23184101,11.351862,,,0,1,.8078475594520569
S38,share_household_any_insured_2013,Households with any insured member,health,secondary,health_2013,47,common_h_reduced_form,reduced_form,rdrobust,selected_bc_linked,cr2 cluster_dist,1,2,triangular,manual,,.0075,.0074999998,.0135,.0135,100,487,43,22,45,-8.329248338279571,-9.4367285,12.125431,.43641621,-33.202137,14.32868,86.30923046622165,13.928803,-.6774974321165786,-2.3837035,1.0287086,,,,,,,0,1,.6546243131160736
S38,share_household_any_insured_2013,Households with any insured member,health,secondary,health_2013,47,outcome_cerrd_fuzzy,fuzzy_late,rdrobust,selected_bc_linked,cr2 cluster_dist,1,2,triangular,cerrd,,.0079167466552826,.0079167467,.017809605,.017809605,100,487,48,22,47,-12.63163584234827,-12.821695,18.917805,.49792507,-49.89991,24.256519,86.35530347625414,13.851169,-.9256760985521563,-3.6025777,1.7512255,.675149320184995,.72585738,.22324477,10.571582,,,0,1,.7468876093626022
S38,share_household_any_insured_2013,Households with any insured member,health,secondary,health_2013,47,outcome_mserd_fuzzy,fuzzy_late,rdrobust,selected_bc_linked,cr2 cluster_dist,1,2,triangular,mserd,,.0103257486484066,.010325748,.017809605,.017809605,100,487,62,32,54,-14.89197599026557,-14.938582,24.01582,.53392154,-62.008724,32.131557,86.00947866516728,15.305811,-.9760072784594904,-4.0513191,2.0993047,.513702660530868,.59897107,.22255729,7.2431583,,,0,1,.7133675217628479
S39,share_household_any_program_2013,Households with any program participant,social_protection,secondary,social_protection_2013,48,common_h_fuzzy,fuzzy_late,rdrobust,selected_bc_linked,cr2 cluster_dist,1,2,triangular,manual,,.0075,.0074999998,.0135,.0135,100,487,43,22,45,1.875618007709287,.91951519,27.513845,.97333962,-53.00663,54.845661,55.22701632837916,20.681978,.0444597306399402,-2.562938,2.6518576,.6720353021488914,.78113091,.23184101,11.351862,,,0,1,.9733396172523499
S39,share_household_any_program_2013,Households with any program participant,social_protection,secondary,social_protection_2013,48,common_h_reduced_form,reduced_form,rdrobust,selected_bc_linked,cr2 cluster_dist,1,2,triangular,manual,,.0075,.0074999998,.0135,.0135,100,487,43,22,45,1.260481514526812,.82256836,18.786053,.9650749,-35.997417,37.642555,55.22701632837916,20.681978,.0397722264987168,-1.7405211,1.8200655,,,,,,,0,1,.965074896812439
S39,share_household_any_program_2013,Households with any program participant,social_protection,secondary,social_protection_2013,48,outcome_cerrd_fuzzy,fuzzy_late,rdrobust,selected_bc_linked,cr2 cluster_dist,1,2,triangular,cerrd,,.0099940559268957,.0099940561,.021414677,.021414677,100,487,59,31,54,1.216002686571086,2.2078974,24.170963,.92721844,-45.166317,49.582115,54.92225164326571,22.431845,.0984269163156833,-2.0134909,2.2103448,.5349462924604752,.58075279,.21850541,7.0641222,,,0,1,.9272184371948242
S39,share_household_any_program_2013,Households with any program participant,social_protection,secondary,social_protection_2013,48,outcome_mserd_fuzzy,fuzzy_late,rdrobust,selected_bc_linked,cr2 cluster_dist,1,2,triangular,mserd,,.0130351663344417,.013035166,.021414677,.021414677,100,487,71,38,62,3.224045763661326,4.8099985,27.510151,.86120182,-49.108906,58.728901,53.17436503902287,22.892405,.2101132974222392,-2.1452053,2.5654318,.4245627726408222,.49229023,.21430074,5.2770972,,,0,1,.8612018227577209
S40,share_household_juntos_2013,Households with a Juntos participant,social_protection,secondary,social_protection_2013,49,common_h_fuzzy,fuzzy_late,rdrobust,selected_bc_linked,cr2 cluster_dist,1,2,triangular,manual,,.0075,.0074999998,.0135,.0135,100,487,43,22,45,5.784484164164971,5.3249173,22.739502,.81485271,-39.243687,49.893524,34.99864374482355,19.004261,.2801959704906293,-2.0649941,2.6253862,.6720353021488914,.78113091,.23184101,11.351862,,,0,1,.9733396172523499
S40,share_household_juntos_2013,Households with a Juntos participant,social_protection,secondary,social_protection_2013,49,common_h_reduced_form,reduced_form,rdrobust,selected_bc_linked,cr2 cluster_dist,1,2,triangular,manual,,.0075,.0074999998,.0135,.0135,100,487,43,22,45,3.887377563040084,4.2095942,16.066038,.79330742,-27.279263,35.698452,34.99864374482355,19.004261,.2215079130614087,-1.4354287,1.8784446,,,,,,,0,1,.965074896812439
S40,share_household_juntos_2013,Households with a Juntos participant,social_protection,secondary,social_protection_2013,49,outcome_cerrd_fuzzy,fuzzy_late,rdrobust,selected_bc_linked,cr2 cluster_dist,1,2,triangular,cerrd,,.0115197926107879,.011519792,.023222817,.023222817,100,487,63,37,57,4.384168586424386,4.7809024,22.57527,.83228171,-39.465813,49.027618,32.91166567849734,18.492832,.2585273430516602,-2.1341143,2.6511688,.462496564993045,.49462664,.21577662,5.2546792,,,0,1,.9272184371948242
S40,share_household_juntos_2013,Households with a Juntos participant,social_protection,secondary,social_protection_2013,49,outcome_mserd_fuzzy,fuzzy_late,rdrobust,selected_bc_linked,cr2 cluster_dist,1,2,triangular,mserd,,.0150251723542772,.015025172,.023222817,.023222817,100,487,82,43,68,7.109742802750326,7.4477572,25.009045,.76585388,-41.569069,56.464584,32.85661904005016,18.413237,.404478444455014,-2.2575645,3.0665214,.3788090452137808,.42494613,.20927374,4.1232367,,,0,1,.8612018227577209
S41,share_head_female_2013,Female-headed households,demography,secondary,demography_2013,50,common_h_fuzzy,fuzzy_late,rdrobust,selected_bc_linked,cr2 cluster_dist,1,2,triangular,manual,,.0075,.0074999998,.0135,.0135,100,487,43,22,45,-4.027465978085957,-2.8015876,14.128219,.84281248,-30.492388,24.889212,27.4722354529902,14.65481,-.1911718726320718,-2.0807085,1.6983647,.6720353021488914,.78113091,.23184101,11.351862,,,0,1,.8428124785423279
S41,share_head_female_2013,Female-headed households,demography,secondary,demography_2013,50,common_h_reduced_form,reduced_form,rdrobust,selected_bc_linked,cr2 cluster_dist,1,2,triangular,manual,,.0075,.0074999998,.0135,.0135,100,487,43,22,45,-2.706599315477376,-2.3221445,9.737011,.81150389,-21.406334,16.762045,27.4722354529902,14.65481,-.1584561297707711,-1.4607036,1.1437914,,,,,,,0,1,.8115038871765137
S41,share_head_female_2013,Female-headed households,demography,secondary,demography_2013,50,outcome_cerrd_fuzzy,fuzzy_late,rdrobust,selected_bc_linked,cr2 cluster_dist,1,2,triangular,cerrd,,.0106615511135677,.010661551,.022068221,.022068221,100,487,62,32,54,-1.281552116283175,.31752554,14.403196,.98241168,-27.91222,28.547272,27.77980515553105,13.872657,.0228885888412901,-2.0120313,2.0578086,.4958265019026478,.53802043,.21835527,6.0711384,,,0,1,.9824116826057434
S41,share_head_female_2013,Female-headed households,demography,secondary,demography_2013,50,outcome_mserd_fuzzy,fuzzy_late,rdrobust,selected_bc_linked,cr2 cluster_dist,1,2,triangular,mserd,,.0139057749091139,.013905775,.022068221,.022068221,100,487,72,40,63,-4.062564683972452,-.86763525,16.46736,.95798033,-33.143066,31.407795,27.84619180278646,14.104682,-.0615139898577203,-2.3497918,2.2267637,.4028941789808131,.46439287,.21244881,4.7781796,,,0,1,.9579803347587585
E01,ln_gdp_ccpp_2013,Log estimated CCPP GDP,economic,exploratory,economic_2013,51,common_h_fuzzy,fuzzy_late,rdrobust,selected_bc_gdp,cr2 cluster_dist,1,2,triangular,manual,,.0075,.0074999998,.0135,.0135,1,492,43,23,45,1.042153056128835,1.0460882,1.3925076,.45251653,-1.6831764,3.7753527,5.527679247217931,1.7423712,.6003819107396042,-.96602631,2.16679,.6634619005319345,.77629524,.23311234,11.089791,,,0,.4525165259838104,.4525165259838104
E01,ln_gdp_ccpp_2013,Log estimated CCPP GDP,economic,exploratory,economic_2013,51,common_h_reduced_form,reduced_form,rdrobust,selected_bc_gdp,cr2 cluster_dist,1,2,triangular,manual,,.0075,.0074999998,.0135,.0135,1,492,43,23,45,.691428847264401,.8116293,.84874982,.33893865,-.85188979,2.4751484,5.527679247217931,1.7423712,.4658188043365908,-.48892555,1.4205631,,,,,,,0,.3389386534690857,.3389386534690857
E01,ln_gdp_ccpp_2013,Log estimated CCPP GDP,economic,exploratory,economic_2013,51,outcome_cerrd_fuzzy,fuzzy_late,rdrobust,selected_bc_gdp,cr2 cluster_dist,1,2,triangular,cerrd,,.0122580055386689,.012258005,.023177361,.023177361,1,492,64,39,57,.172039931472827,.061997719,1.5409404,.96790683,-2.95819,3.0821855,5.258186111326523,1.6799629,.0369042191309249,-1.7608662,1.8346746,.4060608261457905,.4357695,.21301204,4.1850953,,,0,.9679068326950073,.9679068326950073
E01,ln_gdp_ccpp_2013,Log estimated CCPP GDP,economic,exploratory,economic_2013,51,outcome_mserd_fuzzy,fuzzy_late,rdrobust,selected_bc_gdp,cr2 cluster_dist,1,2,triangular,mserd,,.0159840703276521,.01598407,.023177361,.023177361,1,492,89,49,72,.4352586890355671,.19565456,1.9006656,.91801059,-3.5295815,3.9208908,5.411998973463311,1.653536,.1183249488214161,-2.1345661,2.3712158,.3281934022748398,.37311238,.20635813,3.2691598,,,0,.9180105924606323,.9180105924606323
